ax,ay,az,gx,gy,gz
-0.71, -0.33, -0.46, -15.35, 1.61, 0.41
-0.71, -0.33, -0.46, -14.91, 1.66, 0.38
-0.71, -0.33, -0.46, -14.73, 1.76, 0.10
-0.71, -0.33, -0.46, -14.45, 1.41, -0.61
-0.70, -0.33, -0.46, -14.22, 0.79, -0.57
-0.71, -0.34, -0.46, -14.92, 0.18, -0.52
-0.71, -0.34, -0.46, -14.57, 0.08, -0.24
-0.71, -0.34, -0.46, -15.68, 0.86, -0.10
-0.71, -0.34, -0.46, -14.79, 0.79, -0.48
-0.71, -0.33, -0.46, -14.73, 0.88, 0.84
-0.71, -0.33, -0.46, -15.50, 0.90, -0.20
-0.71, -0.33, -0.47, -15.37, 1.01, -0.26
-0.71, -0.33, -0.46, -14.75, 1.13, -0.70
-0.71, -0.33, -0.46, -14.67, 0.42, -0.44
-0.70, -0.33, -0.46, -15.31, -0.06, -0.12
-0.71, -0.33, -0.46, -14.99, -0.67, -0.05
-0.71, -0.33, -0.46, -15.15, -0.80, 0.01
-0.71, -0.33, -0.46, -15.50, -1.17, 0.53
-0.71, -0.34, -0.46, -14.94, -0.96, 0.34
-0.71, -0.34, -0.46, -14.63, -1.05, 0.43
-0.71, -0.34, -0.46, -14.77, -1.56, -0.26
-0.70, -0.34, -0.46, -14.18, -3.01, 0.30
-0.70, -0.34, -0.46, -13.72, -3.04, -1.06
-0.71, -0.34, -0.45, -13.88, -3.95, -0.48
-0.71, -0.34, -0.45, -14.46, -3.46, -0.70
-0.71, -0.34, -0.45, -14.30, -3.42, -0.54
-0.71, -0.33, -0.45, -14.32, -2.36, -0.76
-0.71, -0.34, -0.45, -14.07, -0.93, -0.53
-0.72, -0.33, -0.45, -14.09, -0.02, -1.46
-0.71, -0.33, -0.46, -13.70, 0.01, -0.43
-0.71, -0.33, -0.46, -14.60, -0.24, -0.35
-0.71, -0.33, -0.46, -14.22, -1.34, -0.20
-0.71, -0.34, -0.46, -14.42, -2.30, -1.54
-0.71, -0.34, -0.46, -13.52, -2.37, -1.26
-0.71, -0.34, -0.45, -14.15, -2.84, -0.36
-0.71, -0.34, -0.45, -13.68, -3.21, -1.18
-0.72, -0.34, -0.45, -14.85, -2.51, -0.03
-0.72, -0.34, -0.45, -14.64, -1.21, -1.46
-0.72, -0.34, -0.44, -15.73, -0.19, 0.53
-0.72, -0.34, -0.45, -14.99, 0.15, -0.01
-0.72, -0.34, -0.44, -15.21, 1.22, 0.41
-0.72, -0.34, -0.45, -14.74, 0.31, -0.24
-0.72, -0.34, -0.45, -14.51, 0.39, 0.79
-0.71, -0.34, -0.45, -14.56, 0.43, -0.21
-0.71, -0.34, -0.45, -14.51, 1.04, -0.15
-0.71, -0.34, -0.45, -14.42, 0.89, 0.35
-0.71, -0.34, -0.45, -14.45, 0.06, -1.19
-0.71, -0.34, -0.45, -14.51, 0.36, -0.26
-0.71, -0.34, -0.45, -14.41, -0.13, 0.73
-0.71, -0.34, -0.45, -15.21, 0.98, -0.35
-0.71, -0.34, -0.45, -15.04, 0.07, 0.01
-0.71, -0.34, -0.45, -14.72, 0.52, -0.61
-0.71, -0.34, -0.45, -14.91, 0.38, -0.29
-0.71, -0.34, -0.45, -15.27, 0.17, 0.45
-0.71, -0.34, -0.45, -14.46, 1.05, -0.06
-0.71, -0.34, -0.45, -14.60, 0.70, -0.31
-0.71, -0.34, -0.45, -14.93, 0.02, -0.79
-0.71, -0.34, -0.45, -14.78, 0.47, 0.21
-0.71, -0.34, -0.45, -14.22, 0.79, -0.41
-0.71, -0.34, -0.45, -14.62, 1.13, -0.22
-0.71, -0.34, -0.45, -15.16, -0.01, -0.46
-0.71, -0.34, -0.45, -15.35, 1.10, 0.52
-0.71, -0.34, -0.45, -14.95, 0.69, -0.41
-0.71, -0.34, -0.45, -15.28, 0.74, 0.38
-0.71, -0.34, -0.45, -15.04, 0.54, -0.34
-0.71, -0.34, -0.45, -15.36, 0.64, 0.34
-0.71, -0.34, -0.45, -15.32, 0.78, -0.59
-0.71, -0.34, -0.45, -15.10, 0.52, -0.14
-0.71, -0.34, -0.45, -14.22, 0.22, 0.07
-0.71, -0.34, -0.45, -14.65, 0.24, -0.80
-0.71, -0.34, -0.45, -14.32, 0.75, -0.01
-0.71, -0.34, -0.45, -15.43, -0.01, 0.11
-0.71, -0.34, -0.45, -14.34, -0.21, -0.79
-0.71, -0.34, -0.45, -14.33, -0.05, -0.48
-0.71, -0.34, -0.45, -14.77, -0.15, 0.30
-0.71, -0.34, -0.45, -14.90, 0.36, -0.51
-0.72, -0.34, -0.45, -14.73, 1.21, -0.24
-0.71, -0.33, -0.45, -14.29, 1.17, -0.22
-0.71, -0.33, -0.45, -14.57, 1.49, -0.59
-0.71, -0.34, -0.45, -14.84, 0.88, -0.06
-0.71, -0.34, -0.45, -15.06, 0.37, -0.18
-0.71, -0.34, -0.45, -15.15, 0.23, -0.73
-0.71, -0.34, -0.45, -14.95, 0.22, -0.72
-0.71, -0.34, -0.45, -15.29, -0.58, 0.67
-0.71, -0.34, -0.45, -15.71, 0.12, 0.42
-0.71, -0.34, -0.45, -14.76, 0.48, 1.16
-0.71, -0.34, -0.45, -15.16, 0.57, 0.02
-0.71, -0.34, -0.45, -14.97, 0.43, -1.03
-0.72, -0.34, -0.45, -14.83, 1.32, 0.04
-0.71, -0.34, -0.45, -15.46, 1.45, 0.41
-0.71, -0.34, -0.45, -16.00, 1.54, -0.07
-0.71, -0.34, -0.45, -14.80, 0.91, -0.13
-0.71, -0.33, -0.45, -15.64, 0.54, -0.59
-0.71, -0.34, -0.45, -14.81, 0.55, 0.37
-0.71, -0.34, -0.45, -14.78, -0.51, -0.04
-0.71, -0.34, -0.45, -14.70, -0.03, 0.68
-0.71, -0.34, -0.45, -14.81, 0.19, -0.25
-0.71, -0.34, -0.45, -14.80, 0.37, 0.32
-0.71, -0.34, -0.45, -14.70, 0.16, 0.68
-0.71, -0.34, -0.45, -15.74, 0.80, 0.24
-0.71, -0.34, -0.45, -15.10, 0.88, -0.14
-0.71, -0.34, -0.45, -14.61, -0.05, -0.11
-0.71, -0.34, -0.45, -14.93, -0.17, -0.55
-0.71, -0.34, -0.45, -14.64, 0.10, 0.11
-0.71, -0.34, -0.45, -15.20, -0.58, 0.67
-0.71, -0.34, -0.45, -14.19, -0.31, -0.74
-0.72, -0.34, -0.45, -14.64, -0.11, 0.24
-0.71, -0.34, -0.45, -14.57, -0.27, -0.26
-0.71, -0.35, -0.45, -14.87, -1.72, 0.84
-0.71, -0.34, -0.45, -14.34, -0.43, -1.43
-0.72, -0.34, -0.45, -15.34, -0.99, -0.21
-0.72, -0.34, -0.45, -15.29, -0.34, -0.62
-0.71, -0.34, -0.45, -15.09, -0.19, 0.22
-0.71, -0.34, -0.45, -15.57, -0.82, -0.24
-0.71, -0.34, -0.45, -14.64, -0.10, 0.50
-0.71, -0.34, -0.45, -14.62, 0.13, -1.05
-0.71, -0.34, -0.45, -14.64, 0.24, 0.46
-0.72, -0.34, -0.45, -14.61, -0.10, -0.17
-0.72, -0.34, -0.45, -14.31, 0.02, -0.57
-0.71, -0.34, -0.45, -14.90, 0.05, 0.16
-0.71, -0.34, -0.45, -14.48, -0.64, -0.21
-0.71, -0.34, -0.44, -14.19, -1.43, -0.57
-0.71, -0.34, -0.44, -14.62, -1.33, -0.03
-0.72, -0.34, -0.44, -14.68, -0.08, -0.54
-0.72, -0.34, -0.44, -14.01, 0.23, -0.11
-0.72, -0.34, -0.44, -15.43, 1.26, -0.30
-0.72, -0.34, -0.44, -14.47, 0.56, -0.49
-0.71, -0.34, -0.44, -15.13, 1.58, -1.36
-0.71, -0.34, -0.45, -15.20, 1.56, -0.64
-0.71, -0.34, -0.45, -14.79, 0.40, -0.24
-0.71, -0.34, -0.45, -14.20, 0.80, -0.80
-0.71, -0.34, -0.45, -14.46, 0.07, 0.00
-0.71, -0.34, -0.44, -14.99, 0.38, -0.16
-0.71, -0.34, -0.45, -14.96, 0.28, 0.07
-0.71, -0.34, -0.44, -14.96, 0.40, -0.19
-0.71, -0.34, -0.44, -15.36, 0.54, -0.28
-0.71, -0.34, -0.44, -15.33, 0.76, 0.17
-0.71, -0.34, -0.44, -15.06, 0.79, -0.60
-0.71, -0.34, -0.44, -15.58, 0.31, -0.01
-0.71, -0.34, -0.44, -15.94, 1.87, 0.75
-0.71, -0.34, -0.45, -15.08, 1.10, 0.18
-0.71, -0.34, -0.45, -15.25, 0.14, -0.20
-0.71, -0.34, -0.45, -15.51, 0.21, -0.12
-0.71, -0.34, -0.45, -14.56, -0.31, 0.38
-0.71, -0.34, -0.44, -14.55, -0.09, -0.72
-0.71, -0.34, -0.44, -15.55, 0.29, 0.03
-0.71, -0.34, -0.45, -14.74, 0.82, -0.91
-0.72, -0.34, -0.44, -14.51, 0.10, 0.33
-0.71, -0.34, -0.44, -15.69, -0.05, -0.34
-0.71, -0.34, -0.44, -15.27, 0.65, -0.28
-0.72, -0.34, -0.44, -14.92, 0.78, -0.47
-0.72, -0.34, -0.44, -14.90, 0.90, 0.07
-0.71, -0.34, -0.45, -15.71, 1.29, -0.43
-0.71, -0.34, -0.45, -14.83, 1.49, -0.67
-0.72, -0.34, -0.45, -15.54, 1.66, 0.19
-0.71, -0.34, -0.45, -14.93, 1.30, 0.37
-0.71, -0.34, -0.45, -15.47, 0.41, 0.35
-0.71, -0.34, -0.45, -15.43, 0.70, 0.72
-0.71, -0.34, -0.45, -15.64, 0.96, -0.79
-0.72, -0.34, -0.45, -15.94, 1.13, 0.26
-0.72, -0.35, -0.45, -17.52, 2.93, 2.02
-0.72, -0.36, -0.45, -19.16, 2.98, 3.24
-0.72, -0.35, -0.45, -22.26, 2.83, 6.30
-0.71, -0.35, -0.45, -22.82, 3.20, 7.44
-0.72, -0.34, -0.46, -22.10, 2.10, 6.32
-0.72, -0.32, -0.47, -21.03, -0.40, 4.58
-0.72, -0.33, -0.48, -23.06, -4.70, 5.78
-0.71, -0.34, -0.49, -25.60, -8.87, 5.51
-0.72, -0.34, -0.50, -28.59, -13.43, 7.26
-0.72, -0.34, -0.50, -31.79, -20.52, 4.70
-0.70, -0.34, -0.50, -29.41, -37.35, 5.34
-0.69, -0.32, -0.52, -26.53, -53.17, 1.06
-0.69, -0.30, -0.52, -24.39, -64.00, -0.84
-0.69, -0.29, -0.52, -23.64, -64.00, -1.68
-0.72, -0.29, -0.50, -24.77, -64.00, -7.13
-0.78, -0.29, -0.46, -20.98, -64.00, -6.16
-0.83, -0.29, -0.45, -23.24, -59.51, -7.75
-0.89, -0.29, -0.45, -22.53, -41.32, -7.94
-0.98, -0.29, -0.46, -24.99, 34.92, -6.96
-1.11, -0.28, -0.45, -22.45, 64.00, 1.00
-1.13, -0.27, -0.47, -22.75, 64.00, 9.20
-1.09, -0.28, -0.50, -27.67, 64.00, -8.82
-0.99, -0.31, -0.51, -12.69, 64.00, -20.74
-0.80, -0.33, -0.53, 2.19, 47.27, -27.60
-0.72, -0.33, -0.57, 13.16, 11.42, -37.51
-0.84, -0.36, -0.61, 22.46, -4.36, -51.84
-0.95, -0.37, -0.62, 32.31, -5.44, -64.00
-0.97, -0.40, -0.59, 37.31, -0.40, -64.00
-0.96, -0.45, -0.53, 37.71, 13.18, -64.00
-0.96, -0.50, -0.47, 36.43, 31.21, -64.00
-0.97, -0.52, -0.47, 37.99, 49.50, -64.00
-0.95, -0.52, -0.49, 38.24, 64.00, -64.00
-0.90, -0.55, -0.48, 36.03, 64.00, -64.00
-0.79, -0.57, -0.45, 34.10, 64.00, -64.00
-0.69, -0.57, -0.42, 32.40, 64.00, -64.00
-0.61, -0.58, -0.42, 33.06, 64.00, -64.00
-0.56, -0.58, -0.41, 32.18, 64.00, -64.00
-0.53, -0.60, -0.39, 28.92, 64.00, -64.00
-0.49, -0.61, -0.37, 26.57, 64.00, -64.00
-0.44, -0.61, -0.36, 23.50, 63.28, -64.00
-0.39, -0.62, -0.33, 20.15, 63.29, -64.00
-0.33, -0.63, -0.32, 17.76, 60.00, -64.00
-0.30, -0.64, -0.33, 13.46, 58.16, -64.00
-0.27, -0.65, -0.34, 10.90, 56.15, -64.00
-0.24, -0.65, -0.35, 8.34, 56.72, -64.00
-0.22, -0.67, -0.34, 4.76, 57.53, -64.00
-0.19, -0.67, -0.34, 1.02, 58.21, -64.00
-0.15, -0.68, -0.35, -1.92, 55.02, -64.00
-0.11, -0.67, -0.37, -3.99, 49.75, -64.00
-0.07, -0.67, -0.39, -5.13, 43.64, -64.00
-0.06, -0.68, -0.41, -6.88, 40.59, -64.00
-0.07, -0.69, -0.43, -7.80, 42.88, -64.00
-0.07, -0.69, -0.43, -8.58, 46.99, -64.00
-0.05, -0.68, -0.42, -11.25, 49.93, -63.06
-0.02, -0.68, -0.42, -11.43, 48.26, -57.94
-0.01, -0.68, -0.43, -12.77, 47.37, -51.78
0.00, -0.69, -0.45, -13.00, 43.53, -49.94
0.02, -0.69, -0.47, -14.70, 33.11, -45.56
0.04, -0.69, -0.47, -15.14, 24.03, -41.40
0.05, -0.69, -0.48, -15.51, 17.70, -39.13
0.04, -0.70, -0.49, -16.10, 16.50, -37.93
0.03, -0.70, -0.48, -18.09, 19.58, -36.12
0.03, -0.70, -0.46, -19.29, 20.55, -32.90
0.06, -0.71, -0.47, -19.38, 17.56, -31.71
0.08, -0.72, -0.50, -18.82, 13.66, -30.47
0.09, -0.74, -0.51, -18.93, 9.91, -30.59
0.10, -0.74, -0.51, -18.19, 8.58, -29.33
0.10, -0.74, -0.51, -17.75, 7.71, -28.24
0.11, -0.75, -0.52, -17.42, 7.31, -26.88
0.12, -0.77, -0.52, -16.51, 7.67, -26.96
0.14, -0.77, -0.52, -16.51, 7.00, -27.75
0.15, -0.77, -0.51, -16.17, 7.97, -26.05
0.15, -0.77, -0.51, -15.22, 8.71, -24.94
0.15, -0.78, -0.54, -12.10, 14.95, -25.42
0.15, -0.77, -0.56, -8.78, 23.40, -28.12
0.13, -0.77, -0.53, -12.27, 45.17, -24.17
0.18, -0.76, -0.44, -14.95, 37.84, -20.22
0.27, -0.74, -0.45, -13.96, 27.24, -19.04
0.28, -0.74, -0.47, -17.22, 18.24, -14.75
0.26, -0.77, -0.45, -18.89, 6.70, -13.83
0.24, -0.76, -0.41, -21.55, -1.41, -13.59
0.20, -0.75, -0.41, -21.43, -2.99, -15.91
0.15, -0.75, -0.44, -24.54, -4.11, -16.52
0.13, -0.76, -0.39, -33.74, -6.28, -18.12
0.14, -0.76, -0.34, -38.70, -11.04, -16.84
0.19, -0.73, -0.41, -36.85, -17.05, -16.64
0.24, -0.70, -0.50, -35.16, -30.12, -15.51
0.25, -0.70, -0.56, -29.97, -36.95, -10.62
0.27, -0.70, -0.61, -23.84, -43.98, -5.37
0.31, -0.69, -0.64, -18.12, -40.65, -0.72
0.28, -0.70, -0.62, -9.81, -22.35, -1.79
0.22, -0.71, -0.65, 2.37, 12.04, 3.16
0.23, -0.75, -0.65, 9.06, 28.19, 7.73
0.27, -0.80, -0.57, 8.89, 28.38, 12.98
0.29, -0.84, -0.49, 13.77, 17.33, 13.12
0.23, -0.86, -0.46, 11.52, 10.61, 2.33
0.12, -0.89, -0.37, 2.02, 6.48, -4.70
0.11, -0.91, -0.32, -8.38, -13.68, -13.32
0.10, -0.89, -0.27, -29.64, -23.96, -21.79
0.09, -0.84, -0.26, -37.92, -16.94, -18.61
0.18, -0.74, -0.39, -39.30, -17.22, -15.10
0.28, -0.67, -0.52, -38.26, -28.46, -6.66
0.36, -0.65, -0.59, -32.10, -45.04, 1.95
0.37, -0.64, -0.68, -23.43, -54.91, 11.15
0.33, -0.62, -0.73, -10.37, -49.64, 18.43
0.26, -0.62, -0.74, -0.74, -34.92, 22.69
0.20, -0.67, -0.68, 3.72, -12.68, 26.97
0.14, -0.74, -0.56, 6.37, 11.61, 24.31
0.07, -0.81, -0.48, 6.99, 31.33, 21.54
0.06, -0.87, -0.44, 9.76, 35.78, 14.47
0.09, -0.92, -0.40, 8.13, 19.14, 4.24
0.10, -0.98, -0.32, -6.80, -4.75, -10.11
0.08, -1.01, -0.24, -26.78, -17.01, -17.46
0.07, -0.96, -0.22, -45.61, -12.71, -20.65
0.15, -0.85, -0.32, -52.77, -17.96, -14.38
0.29, -0.72, -0.49, -50.82, -36.16, -3.39
0.38, -0.63, -0.61, -44.14, -57.44, 4.57
0.37, -0.56, -0.74, -29.94, -64.00, 11.88
0.28, -0.53, -0.80, -15.69, -55.62, 15.10
0.18, -0.52, -0.81, -0.29, -32.94, 20.94
0.13, -0.54, -0.80, 12.75, -10.28, 28.23
0.10, -0.60, -0.69, 17.72, 8.75, 31.31
0.08, -0.68, -0.56, 19.09, 23.16, 33.82
0.08, -0.75, -0.48, 22.63, 14.87, 35.50
0.09, -0.80, -0.45, 23.29, -12.68, 19.45
0.00, -0.91, -0.21, -1.38, -26.06, 5.41
-0.08, -1.04, -0.08, -15.62, -27.05, 2.05
-0.13, -1.09, -0.17, -34.00, -27.79, -9.88
-0.10, -1.00, -0.20, -51.35, -34.33, -12.91
0.05, -0.90, -0.36, -56.25, -49.33, -8.39
0.17, -0.75, -0.58, -56.02, -64.00, -5.50
0.18, -0.69, -0.75, -37.68, -64.00, -2.29
0.14, -0.62, -0.94, -10.11, -42.86, 3.33
0.07, -0.61, -0.98, 5.01, -10.09, 6.71
0.00, -0.68, -0.90, 16.91, 25.26, 7.36
-0.05, -0.77, -0.74, 11.89, 47.45, 8.10
-0.04, -0.85, -0.53, 9.22, 63.57, 5.40
0.02, -0.89, -0.40, 11.11, 58.81, 4.05
0.09, -0.93, -0.37, 9.97, 23.48, -7.79
0.07, -0.99, -0.25, -15.57, -8.86, -19.67
0.01, -1.03, -0.09, -42.74, -19.44, -20.67
0.01, -0.93, -0.18, -52.44, -22.35, -17.82
0.09, -0.76, -0.35, -60.48, -37.04, -10.30
0.22, -0.65, -0.44, -61.15, -54.19, 3.04
0.28, -0.56, -0.59, -49.03, -62.65, 15.96
0.24, -0.50, -0.74, -33.99, -64.00, 20.62
0.16, -0.50, -0.80, -18.57, -64.00, 24.91
0.06, -0.55, -0.84, 3.68, -40.94, 25.94
-0.05, -0.61, -0.82, 17.79, -11.30, 23.39
-0.11, -0.71, -0.67, 17.42, 12.71, 21.85
-0.10, -0.81, -0.54, 15.90, 25.66, 21.32
-0.09, -0.85, -0.47, 18.99, 26.44, 13.76
-0.11, -0.88, -0.43, 19.14, 28.32, 8.03
-0.09, -0.95, -0.30, 11.66, 17.30, -3.55
-0.10, -1.03, -0.18, -10.99, 3.22, -16.75
-0.10, -1.07, -0.16, -33.45, -2.88, -18.62
-0.02, -1.01, -0.25, -51.68, -14.04, -14.60
0.09, -0.84, -0.41, -57.29, -37.98, -5.06
0.18, -0.74, -0.54, -58.68, -61.30, 4.32
0.19, -0.65, -0.65, -49.51, -64.00, 11.16
0.11, -0.58, -0.80, -30.36, -64.00, 11.60
-0.01, -0.55, -0.92, -8.68, -46.55, 11.89
-0.12, -0.57, -0.94, 8.56, -12.30, 12.13
-0.16, -0.64, -0.81, 14.65, 19.19, 12.16
-0.16, -0.74, -0.62, 15.45, 39.05, 8.00
-0.15, -0.82, -0.57, 19.22, 50.76, 3.71
-0.12, -0.84, -0.54, 22.85, 55.61, 0.06
-0.09, -0.87, -0.41, 26.65, 56.73, -4.30
-0.05, -0.96, -0.23, 16.32, 44.41, -14.98
-0.04, -1.08, -0.11, -7.48, 23.67, -20.43
-0.00, -1.10, -0.06, -36.85, 0.61, -22.56
0.09, -0.99, -0.09, -59.14, -23.94, -14.82
0.16, -0.83, -0.25, -64.00, -55.28, -5.27
0.18, -0.69, -0.38, -64.00, -64.00, 4.78
0.14, -0.60, -0.46, -64.00, -64.00, 15.89
0.07, -0.51, -0.63, -57.85, -64.00, 20.11
-0.01, -0.46, -0.79, -39.18, -64.00, 19.41
-0.08, -0.46, -0.91, -11.28, -63.99, 22.19
-0.19, -0.51, -0.93, 8.63, -24.05, 16.88
-0.27, -0.61, -0.87, 23.59, 14.99, 13.06
-0.26, -0.74, -0.68, 23.32, 41.38, 8.62
-0.20, -0.87, -0.56, 24.27, 57.19, 4.93
-0.15, -0.97, -0.46, 23.30, 54.53, -2.04
-0.11, -1.07, -0.32, 12.35, 35.67, -14.90
-0.09, -1.16, -0.20, -7.59, 16.20, -27.77
-0.09, -1.17, -0.17, -29.08, 1.71, -34.91
-0.08, -1.06, -0.25, -43.04, -13.15, -35.29
-0.03, -0.90, -0.38, -52.78, -27.76, -29.15
0.01, -0.74, -0.48, -58.89, -42.41, -19.24
0.04, -0.62, -0.60, -56.28, -49.51, -9.21
0.06, -0.51, -0.73, -45.21, -43.76, 2.15
0.07, -0.44, -0.83, -29.37, -36.92, 10.28
0.03, -0.45, -0.87, -11.91, -22.19, 15.96
-0.04, -0.52, -0.88, 0.97, -3.91, 19.44
-0.11, -0.64, -0.74, 7.82, 15.80, 19.42
-0.14, -0.74, -0.62, 9.58, 35.50, 15.85
-0.15, -0.79, -0.51, 4.97, 45.07, 10.81
-0.18, -0.86, -0.42, 3.14, 50.39, -0.74
-0.17, -0.99, -0.30, -4.81, 44.18, -10.87
-0.13, -1.13, -0.19, -19.76, 28.80, -20.25
-0.08, -1.15, -0.16, -37.39, 10.30, -26.24
-0.02, -0.99, -0.20, -50.85, -10.03, -24.56
0.05, -0.79, -0.32, -60.45, -31.96, -17.38
0.07, -0.66, -0.41, -64.00, -59.72, -8.46
0.06, -0.55, -0.55, -60.66, -64.00, 2.68
0.06, -0.44, -0.79, -35.63, -54.19, 12.76
-0.00, -0.37, -0.93, -12.43, -36.56, 15.38
-0.05, -0.42, -0.90, 1.60, -12.37, 20.48
-0.10, -0.56, -0.83, 14.42, 13.95, 19.97
-0.16, -0.69, -0.72, 17.82, 39.29, 16.53
-0.17, -0.81, -0.66, 23.47, 50.07, 12.48
-0.15, -0.88, -0.57, 23.12, 52.65, 0.90
-0.14, -0.97, -0.44, 20.80, 53.06, -8.52
-0.13, -1.07, -0.30, 8.99, 42.51, -19.12
-0.10, -1.14, -0.21, -11.18, 25.34, -28.96
-0.07, -1.12, -0.14, -37.12, 4.83, -31.05
-0.01, -0.99, -0.19, -55.75, -17.49, -21.98
0.07, -0.80, -0.34, -64.00, -51.00, -12.00
0.09, -0.64, -0.46, -64.00, -64.00, -1.85
0.07, -0.50, -0.65, -62.38, -64.00, 7.56
0.00, -0.36, -0.88, -33.96, -63.88, 9.86
-0.15, -0.31, -1.06, -5.22, -19.22, 7.70
-0.25, -0.39, -1.09, 14.56, 29.35, 10.85
-0.26, -0.59, -0.92, 22.48, 64.00, 9.67
-0.21, -0.78, -0.67, 18.94, 64.00, 5.69
-0.16, -0.91, -0.60, 19.54, 64.00, 4.48
-0.10, -0.97, -0.54, 17.65, 64.00, -3.58
-0.04, -1.00, -0.40, 14.95, 64.00, -8.47
-0.04, -1.10, -0.25, 1.81, 64.00, -29.46
-0.08, -1.18, -0.11, -26.65, 57.98, -40.99
-0.09, -1.13, -0.09, -52.09, 44.61, -51.13
-0.00, -1.05, -0.16, -64.00, 23.32, -45.10
0.16, -0.91, -0.38, -64.00, -8.99, -31.53
0.31, -0.73, -0.63, -64.00, -35.11, -19.69
0.29, -0.52, -0.78, -64.00, -46.79, -10.38
0.18, -0.38, -0.93, -38.01, -19.47, -2.32
0.05, -0.32, -1.01, -17.46, 19.55, -3.34
-0.09, -0.42, -0.92, -12.09, 53.80, -2.21
-0.12, -0.61, -0.74, -8.97, 64.00, -1.62
-0.06, -0.72, -0.63, -4.49, 64.00, -2.72
0.06, -0.78, -0.60, 9.65, 64.00, -3.34
0.14, -0.81, -0.50, 13.08, 64.00, -11.25
0.12, -0.94, -0.29, 6.65, 62.06, -17.16
0.10, -1.02, -0.20, -3.92, 41.51, -29.44
0.10, -1.04, -0.06, -43.07, 18.85, -39.68
0.12, -1.00, -0.01, -64.00, 5.68, -35.97
0.25, -0.81, -0.31, -64.00, -22.30, -22.95
0.37, -0.62, -0.59, -64.00, -51.44, -12.03
0.38, -0.46, -0.76, -55.20, -64.00, -2.38
0.27, -0.36, -0.97, -30.48, -51.42, -0.69
0.10, -0.36, -1.02, -5.86, -4.53, -1.61
0.00, -0.45, -1.02, 13.97, 40.26, -0.21
0.00, -0.60, -0.84, 17.26, 63.06, 0.10
0.08, -0.72, -0.68, 25.13, 64.00, 2.17
0.14, -0.81, -0.63, 32.44, 56.15, -5.26
0.12, -0.89, -0.41, 24.67, 49.35, -16.54
0.10, -1.00, -0.18, 7.29, 35.18, -25.78
0.13, -1.05, -0.13, -14.19, 13.73, -37.28
0.17, -1.01, -0.07, -52.96, -3.91, -39.64
0.24, -0.85, -0.20, -64.00, -19.30, -27.35
0.36, -0.66, -0.46, -64.00, -45.61, -14.71
0.40, -0.49, -0.68, -60.91, -64.00, -4.45
0.31, -0.39, -0.83, -42.67, -64.00, 1.78
0.19, -0.34, -0.98, -20.89, -45.38, 2.09
0.05, -0.40, -1.01, -3.47, -7.61, 3.27
0.00, -0.51, -0.98, 12.41, 37.15, 6.86
0.05, -0.62, -0.85, 16.46, 55.56, 6.98
0.15, -0.74, -0.67, 21.38, 60.72, 7.02
0.20, -0.84, -0.55, 25.37, 52.89, 0.17
0.19, -0.94, -0.45, 21.63, 41.56, -6.41
0.19, -1.01, -0.26, 6.34, 23.24, -17.00
0.22, -1.04, -0.18, -13.33, -0.56, -26.31
0.24, -1.00, -0.11, -46.97, -13.95, -31.09
0.25, -0.91, -0.18, -58.02, -21.95, -28.81
0.31, -0.74, -0.44, -64.00, -46.01, -21.69
0.37, -0.62, -0.60, -64.00, -64.00, -9.87
0.35, -0.49, -0.77, -53.06, -64.00, 0.14
0.28, -0.39, -0.95, -32.05, -63.08, 0.01
0.15, -0.38, -1.06, -5.73, -16.98, 0.47
0.05, -0.43, -1.14, 23.58, 37.76, 3.82
0.04, -0.55, -1.01, 25.94, 64.00, 5.46
0.13, -0.69, -0.78, 29.78, 64.00, 13.93
0.24, -0.77, -0.67, 37.20, 60.40, 10.05
0.20, -0.83, -0.51, 30.70, 60.76, -0.69
0.10, -0.97, -0.20, 11.61, 44.43, -13.67
0.14, -1.05, -0.11, -12.38, 21.60, -24.70
0.19, -1.06, 0.01, -59.62, -7.16, -37.16
0.24, -0.98, -0.04, -64.00, -22.52, -33.20
0.36, -0.77, -0.37, -64.00, -42.93, -22.79
0.45, -0.59, -0.66, -64.00, -64.00, -12.89
0.47, -0.44, -0.96, -38.97, -57.42, -1.25
0.34, -0.36, -1.07, -22.01, -48.36, 2.55
0.19, -0.45, -1.01, 2.16, 1.59, 6.24
0.11, -0.53, -0.99, 16.73, 41.71, 5.84
0.05, -0.61, -0.80, 10.19, 59.77, 7.72
0.16, -0.69, -0.62, 7.81, 55.41, 5.66
0.23, -0.74, -0.55, 1.74, 43.62, -1.92
0.19, -0.87, -0.36, -10.78, 37.73, -10.38
0.19, -0.97, -0.23, -23.58, 35.41, -18.14
0.24, -1.02, -0.26, -35.65, 14.40, -26.75
0.30, -0.96, -0.30, -54.59, -6.14, -26.63
0.40, -0.82, -0.38, -64.00, -34.17, -18.32
0.41, -0.67, -0.54, -64.00, -54.70, -9.41
0.37, -0.56, -0.67, -60.77, -62.61, -2.90
0.33, -0.49, -0.78, -47.05, -55.65, 3.64
0.26, -0.45, -0.89, -33.76, -43.20, 7.57
0.20, -0.48, -0.93, -16.70, -15.98, 11.92
0.18, -0.52, -0.95, 1.03, 15.36, 12.36
0.13, -0.58, -0.84, 5.01, 44.67, 6.33
0.13, -0.64, -0.71, 9.97, 64.00, 4.88
0.16, -0.68, -0.64, 11.23, 64.00, 0.10
0.18, -0.73, -0.55, 6.46, 64.00, -6.59
0.19, -0.84, -0.36, -3.06, 55.98, -12.24
0.26, -0.92, -0.23, -20.16, 31.22, -22.27
0.32, -0.93, -0.17, -45.70, 4.00, -27.94
0.40, -0.82, -0.23, -60.95, -19.14, -21.01
0.48, -0.66, -0.47, -60.91, -49.60, -9.63
0.52, -0.52, -0.64, -56.36, -64.00, 1.03
0.48, -0.45, -0.79, -42.76, -64.00, 10.33
0.39, -0.42, -0.92, -21.83, -64.00, 10.09
0.27, -0.43, -0.97, -2.02, -35.20, 9.31
0.14, -0.50, -0.93, 17.40, 13.50, 6.01
0.10, -0.57, -0.86, 26.77, 53.81, 2.79
0.12, -0.65, -0.69, 25.31, 64.00, -0.50
0.24, -0.73, -0.52, 20.99, 64.00, -4.35
0.25, -0.76, -0.46, 17.07, 64.00, -10.92
0.26, -0.79, -0.36, 7.13, 52.91, -11.72
0.35, -0.83, -0.26, -4.32, 20.29, -17.79
0.38, -0.86, -0.14, -35.03, -14.93, -23.15
0.37, -0.85, -0.16, -52.02, -33.38, -21.65
0.41, -0.73, -0.40, -60.20, -59.10, -12.27
0.48, -0.61, -0.61, -61.99, -64.00, 1.09
0.50, -0.51, -0.80, -46.73, -64.00, 7.61
0.38, -0.44, -0.98, -21.07, -64.00, 5.98
0.17, -0.43, -1.11, 7.44, -31.85, 5.44
0.06, -0.47, -1.20, 33.89, 26.19, 6.79
0.06, -0.55, -1.05, 31.85, 54.18, 4.64
0.14, -0.66, -0.74, 30.21, 64.00, 10.18
0.25, -0.72, -0.63, 29.22, 64.00, 8.47
0.26, -0.76, -0.53, 22.39, 60.46, -0.28
0.23, -0.84, -0.32, 7.82, 48.38, -6.26
0.25, -0.94, -0.22, -5.91, 24.19, -13.59
0.31, -0.93, -0.18, -33.90, -4.15, -21.13
0.34, -0.88, -0.15, -60.71, -25.66, -21.50
0.38, -0.78, -0.32, -64.00, -43.79, -14.29
0.46, -0.62, -0.57, -64.00, -63.96, -2.67
0.48, -0.50, -0.75, -55.17, -64.00, 5.26
0.43, -0.42, -0.95, -31.01, -64.00, 12.79
0.32, -0.40, -1.07, -9.82, -48.83, 15.16
0.19, -0.45, -1.10, 15.50, -4.76, 15.31
0.09, -0.51, -1.05, 25.69, 30.98, 15.29
0.09, -0.61, -0.79, 26.12, 56.96, 12.56
0.17, -0.71, -0.61, 26.78, 64.00, 7.85
0.20, -0.80, -0.45, 21.81, 64.00, 1.37
0.23, -0.88, -0.35, 15.46, 59.71, -8.71
0.28, -0.95, -0.25, -5.41, 32.67, -17.30
0.34, -0.99, -0.15, -30.35, -1.05, -25.91
0.37, -0.95, -0.13, -60.02, -18.71, -27.07
0.40, -0.82, -0.28, -64.00, -30.12, -19.43
0.46, -0.65, -0.55, -64.00, -50.02, -9.52
0.47, -0.54, -0.74, -62.27, -64.00, 2.21
0.43, -0.46, -0.88, -40.53, -64.00, 7.89
0.32, -0.40, -1.05, -12.90, -40.26, 8.49
0.16, -0.40, -1.07, 4.91, -4.47, 3.64
0.06, -0.48, -0.99, 18.32, 47.16, 7.03
0.06, -0.59, -0.83, 18.92, 64.00, 3.44
0.19, -0.68, -0.65, 18.91, 64.00, 5.34
0.29, -0.72, -0.56, 17.62, 64.00, 4.03
0.37, -0.78, -0.44, 12.28, 51.72, -0.36
0.34, -0.87, -0.28, 2.93, 28.08, -8.29
0.32, -0.93, -0.19, -15.40, 4.21, -17.20
0.32, -0.94, -0.09, -46.33, -14.28, -25.11
0.35, -0.88, -0.16, -58.27, -26.93, -23.36
0.43, -0.73, -0.41, -62.33, -45.07, -16.32
0.48, -0.62, -0.56, -62.97, -64.00, -3.86
0.47, -0.54, -0.68, -56.04, -64.00, 5.39
0.41, -0.48, -0.81, -44.76, -64.00, 9.18
0.32, -0.40, -0.98, -20.24, -64.00, 11.37
0.23, -0.38, -1.10, 2.16, -28.46, 13.87
0.14, -0.41, -1.11, 18.87, 13.52, 16.29
0.11, -0.51, -0.91, 20.18, 46.61, 15.29
0.15, -0.66, -0.71, 21.84, 64.00, 11.67
0.21, -0.74, -0.61, 22.23, 64.00, 7.94
0.27, -0.81, -0.51, 18.80, 56.71, 2.48
0.33, -0.88, -0.36, 10.71, 32.27, -3.05
0.35, -0.96, -0.22, -9.63, 7.89, -14.79
0.32, -1.00, -0.11, -39.47, -6.97, -22.74
0.33, -0.94, -0.15, -58.73, -18.86, -24.35
0.44, -0.77, -0.38, -63.31, -42.03, -16.93
0.48, -0.61, -0.58, -64.00, -64.00, -4.52
0.46, -0.51, -0.74, -54.37, -64.00, 4.61
0.37, -0.43, -0.91, -33.03, -64.00, 6.91
0.25, -0.35, -1.10, -2.19, -31.17, 8.99
0.11, -0.36, -1.10, 11.37, 3.23, 6.75
0.05, -0.48, -1.01, 23.82, 46.35, 8.98
0.07, -0.61, -0.79, 26.02, 64.00, 4.54
0.16, -0.71, -0.67, 25.97, 64.00, 2.65
0.25, -0.76, -0.57, 23.76, 64.00, -0.48
0.33, -0.80, -0.43, 16.35, 50.27, -1.25
0.36, -0.87, -0.25, 4.33, 23.96, -7.16
0.33, -0.95, -0.13, -25.27, 0.73, -15.86
0.33, -0.96, -0.08, -53.62, -19.71, -18.71
0.41, -0.82, -0.26, -62.45, -39.05, -11.07
0.46, -0.64, -0.49, -64.00, -63.06, -1.87
0.44, -0.53, -0.63, -64.00, -64.00, 6.27
0.38, -0.46, -0.82, -50.79, -64.00, 13.81
0.28, -0.39, -0.99, -20.01, -53.24, 13.92
0.16, -0.35, -1.19, 16.22, -8.70, 18.14
0.09, -0.38, -1.18, 28.66, 23.25, 17.36
0.07, -0.53, -0.88, 28.51, 50.78, 16.42
0.13, -0.68, -0.64, 26.85, 64.00, 11.94
0.18, -0.78, -0.50, 20.09, 64.00, 6.73
0.27, -0.83, -0.45, 17.47, 55.62, 3.83
0.38, -0.88, -0.37, 1.93, 26.27, -0.93
0.39, -0.93, -0.22, -21.86, -2.14, -6.11
0.37, -0.93, -0.16, -46.17, -15.49, -7.79
0.39, -0.86, -0.27, -56.61, -28.44, -4.42
0.42, -0.71, -0.47, -56.46, -45.94, 0.89
0.42, -0.60, -0.68, -53.47, -63.85, 9.86
0.35, -0.51, -0.80, -41.74, -64.00, 15.30
0.26, -0.47, -0.85, -30.11, -63.68, 14.38
0.16, -0.45, -0.94, 1.58, -18.24, 11.47
0.08, -0.45, -1.06, 21.03, 14.23, 9.76
0.07, -0.53, -0.91, 22.93, 39.55, 10.57
0.17, -0.66, -0.69, 23.03, 49.50, 11.48
0.23, -0.75, -0.57, 17.45, 50.17, 7.35
0.27, -0.82, -0.48, 10.50, 41.71, 3.94
0.30, -0.85, -0.40, 1.28, 24.27, -0.55
0.30, -0.89, -0.32, -15.89, 3.66, -10.23
0.25, -0.94, -0.22, -38.96, -5.03, -16.49
0.26, -0.90, -0.31, -53.32, -9.09, -18.81
0.32, -0.78, -0.52, -55.55, -22.15, -14.50
0.37, -0.66, -0.66, -55.93, -38.24, -7.54
0.38, -0.60, -0.76, -49.43, -52.36, -0.82
0.32, -0.57, -0.80, -37.78, -46.77, -3.35
0.23, -0.54, -0.94, -10.60, -8.62, -2.33
0.18, -0.51, -1.05, 11.52, 24.37, -3.01
0.17, -0.54, -0.93, 16.54, 48.89, 0.29
0.20, -0.62, -0.74, 17.62, 61.55, 2.24
0.25, -0.72, -0.63, 15.84, 60.10, -2.01
0.28, -0.74, -0.51, 8.12, 49.77, -6.88
0.29, -0.79, -0.37, -1.45, 37.93, -11.27
0.29, -0.84, -0.29, -10.78, 28.12, -17.20
0.30, -0.87, -0.22, -30.04, 12.14, -23.50
0.35, -0.85, -0.19, -47.87, -1.34, -22.11
0.41, -0.74, -0.33, -54.55, -23.21, -16.80
0.45, -0.63, -0.48, -59.21, -46.06, -8.21
0.45, -0.56, -0.55, -63.03, -64.00, 2.32
0.40, -0.51, -0.65, -55.53, -64.00, 8.46
0.34, -0.45, -0.83, -34.44, -64.00, 11.74
0.27, -0.40, -1.01, -7.54, -46.67, 11.67
0.16, -0.40, -1.11, 17.50, -4.46, 12.10
0.08, -0.47, -1.05, 28.85, 30.46, 11.67
0.12, -0.61, -0.83, 30.10, 49.56, 8.70
0.18, -0.74, -0.64, 27.93, 62.96, 0.02
0.22, -0.85, -0.52, 23.04, 64.00, -3.19
0.28, -0.89, -0.48, 21.38, 50.77, -8.59
0.34, -0.91, -0.38, 5.23, 26.76, -16.30
0.35, -0.93, -0.22, -16.72, 8.88, -23.36
0.34, -0.92, -0.19, -39.93, -0.52, -26.68
0.36, -0.84, -0.30, -53.15, -13.99, -25.01
0.40, -0.70, -0.48, -57.35, -32.86, -15.12
0.44, -0.57, -0.67, -52.16, -52.80, -2.98
0.42, -0.45, -0.79, -38.81, -56.84, 4.66
0.34, -0.37, -0.93, -16.29, -39.75, 9.79
0.22, -0.35, -1.00, 2.48, -14.65, 11.26
0.15, -0.41, -0.97, 11.98, 13.30, 13.52
0.13, -0.55, -0.80, 10.19, 31.00, 14.26
0.19, -0.66, -0.64, 10.25, 41.58, 10.54
0.27, -0.73, -0.56, 7.38, 41.33, 5.71
0.31, -0.80, -0.48, 5.28, 36.77, 4.84
0.35, -0.85, -0.43, 3.40, 22.63, 1.96
0.34, -0.92, -0.32, -9.83, 6.67, -5.47
0.31, -0.95, -0.24, -25.56, 0.27, -13.91
0.32, -0.89, -0.28, -35.90, -13.04, -17.53
0.36, -0.77, -0.41, -43.79, -33.03, -17.04
0.36, -0.66, -0.53, -49.56, -47.36, -10.37
0.35, -0.58, -0.65, -45.48, -51.79, -4.44
0.35, -0.48, -0.81, -33.27, -49.60, 1.94
0.35, -0.39, -0.95, -12.95, -34.73, 7.69
0.32, -0.37, -1.05, 4.95, -16.19, 12.66
0.26, -0.45, -1.02, 15.21, 3.19, 16.46
0.20, -0.60, -0.84, 18.94, 24.28, 13.58
0.19, -0.72, -0.69, 20.56, 41.49, 6.95
0.20, -0.81, -0.59, 16.75, 49.48, -1.39
0.23, -0.86, -0.47, 13.05, 51.17, -2.68
0.29, -0.89, -0.43, 10.89, 43.42, -4.71
0.32, -0.92, -0.34, -3.66, 28.31, -14.44
0.31, -0.95, -0.20, -27.76, 15.75, -20.08
0.33, -0.93, -0.17, -46.99, -1.42, -21.47
0.38, -0.80, -0.30, -55.54, -23.30, -19.23
0.40, -0.68, -0.45, -61.61, -49.53, -11.98
0.39, -0.58, -0.56, -63.79, -64.00, -1.30
0.38, -0.48, -0.73, -50.30, -64.00, 5.63
0.33, -0.35, -0.92, -23.19, -51.22, 10.24
0.24, -0.28, -1.07, 0.28, -17.41, 17.85
0.16, -0.33, -1.07, 18.38, 15.35, 22.43
0.16, -0.50, -0.88, 17.25, 32.10, 23.33
0.21, -0.65, -0.67, 18.33, 42.71, 23.72
0.26, -0.78, -0.56, 15.41, 38.70, 16.33
0.26, -0.81, -0.49, 10.43, 39.20, 11.87
0.26, -0.86, -0.39, 7.47, 27.44, 8.60
0.28, -0.92, -0.29, -1.64, 14.26, 1.37
0.28, -0.99, -0.19, -21.58, -0.61, -8.51
0.29, -1.00, -0.15, -39.91, -13.28, -12.99
0.33, -0.87, -0.31, -44.24, -33.73, -10.22
0.36, -0.70, -0.49, -46.29, -54.95, -2.13
0.35, -0.59, -0.60, -40.50, -64.00, 9.12
0.32, -0.47, -0.70, -28.34, -64.00, 18.72
0.30, -0.36, -0.83, -12.24, -64.00, 21.88
0.29, -0.29, -0.93, 2.71, -58.29, 22.16
0.21, -0.34, -1.00, 12.70, -30.67, 23.21
0.11, -0.52, -0.94, 15.22, 0.70, 23.87
0.08, -0.69, -0.80, 19.36, 33.47, 20.10
0.10, -0.83, -0.69, 24.76, 56.17, 13.36
0.14, -0.91, -0.59, 26.95, 62.65, 3.75
0.22, -0.98, -0.49, 21.18, 52.27, -3.63
0.27, -1.02, -0.39, 9.15, 27.91, -12.89
0.29, -1.02, -0.29, -15.85, 11.61, -18.93
0.30, -1.00, -0.19, -41.13, 1.68, -20.58
0.32, -0.90, -0.28, -52.05, -13.38, -18.80
0.34, -0.76, -0.42, -64.00, -43.73, -13.72
0.36, -0.65, -0.56, -64.00, -63.43, -3.03
0.37, -0.51, -0.75, -50.98, -64.00, 5.23
0.30, -0.40, -0.89, -31.02, -55.50, 7.56
0.20, -0.33, -1.03, -3.23, -20.45, 12.19
0.11, -0.37, -1.08, 11.47, 9.28, 12.58
0.05, -0.55, -0.89, 12.29, 32.56, 12.34
0.09, -0.71, -0.70, 15.79, 47.47, 6.27
0.15, -0.80, -0.60, 11.04, 56.34, -1.64
0.20, -0.84, -0.54, 10.58, 55.82, 0.02
0.27, -0.87, -0.44, 11.81, 48.69, 0.49
0.30, -0.93, -0.33, 4.91, 31.01, -8.35
0.26, -0.98, -0.22, -14.75, 11.14, -17.09
0.25, -0.97, -0.16, -36.85, -1.95, -19.88
0.29, -0.85, -0.23, -50.51, -21.04, -19.17
0.31, -0.72, -0.37, -62.13, -43.89, -16.17
0.31, -0.62, -0.50, -64.00, -59.92, -6.41
0.33, -0.53, -0.68, -59.30, -64.00, 5.18
0.34, -0.40, -0.87, -38.43, -57.32, 13.30
0.30, -0.31, -1.03, -12.16, -35.66, 21.63
0.21, -0.34, -1.06, 5.92, -11.40, 24.89
0.11, -0.48, -0.95, 14.30, 11.73, 26.06
0.06, -0.66, -0.73, 14.36, 29.58, 15.83
0.07, -0.79, -0.59, 11.10, 50.29, 4.12
0.11, -0.85, -0.61, 12.63, 58.52, 1.47
0.19, -0.85, -0.61, 15.19, 58.40, 5.57
0.27, -0.88, -0.50, 16.12, 51.70, 5.77
0.27, -0.95, -0.36, 12.41, 39.17, -3.89
0.24, -1.01, -0.27, -1.17, 18.28, -13.88
0.26, -0.98, -0.19, -24.89, -5.16, -19.16
0.29, -0.87, -0.20, -46.29, -32.45, -16.46
0.33, -0.73, -0.36, -56.20, -56.29, -10.55
0.34, -0.59, -0.54, -58.05, -64.00, 0.21
0.34, -0.49, -0.65, -52.08, -64.00, 12.26
0.33, -0.38, -0.82, -35.63, -58.11, 22.87
0.29, -0.31, -0.98, -19.46, -42.05, 30.50
0.24, -0.31, -1.04, 2.78, -27.31, 38.50
0.18, -0.40, -1.00, 12.37, -9.97, 43.67
0.09, -0.55, -0.81, 13.93, 2.06, 37.17
0.06, -0.69, -0.65, 12.31, 10.19, 32.62
0.05, -0.76, -0.56, 1.34, 11.09, 28.06
0.09, -0.83, -0.50, 0.70, 13.32, 26.82
0.10, -0.90, -0.39, 2.75, 14.18, 19.48
0.07, -0.99, -0.28, -4.22, 11.39, 7.77
0.10, -1.07, -0.21, -21.16, 0.96, -2.01
0.20, -1.01, -0.29, -29.07, -29.26, -6.94
0.28, -0.84, -0.45, -40.73, -64.00, -1.54
0.29, -0.72, -0.57, -44.34, -64.00, 5.32
0.25, -0.61, -0.72, -37.78, -64.00, 8.09
0.14, -0.52, -0.80, -35.38, -60.79, 7.37
0.10, -0.49, -0.92, -15.23, -33.97, 11.81
0.11, -0.47, -1.07, 8.07, -3.42, 17.35
0.12, -0.50, -1.06, 24.64, 13.50, 21.24
0.09, -0.61, -0.87, 21.82, 14.50, 22.68
0.11, -0.73, -0.69, 13.14, 17.18, 22.98
0.10, -0.75, -0.57, 5.29, 13.82, 20.48
0.04, -0.76, -0.48, 9.14, 14.77, 12.84
-0.02, -0.84, -0.32, 6.61, 21.94, 2.96
-0.03, -1.03, -0.15, -6.14, 17.97, -1.83
0.01, -1.15, -0.11, -31.17, 10.07, -12.99
0.13, -1.08, -0.14, -47.95, -20.20, -11.28
0.25, -0.90, -0.31, -56.50, -59.95, -2.98
0.31, -0.72, -0.44, -63.35, -64.00, 3.67
0.23, -0.62, -0.56, -61.85, -64.00, 5.49
0.10, -0.52, -0.77, -44.12, -64.00, 5.81
-0.04, -0.45, -0.90, -27.61, -49.23, 4.27
-0.08, -0.46, -1.02, -7.75, -11.44, 13.09
-0.08, -0.47, -1.05, 11.27, 24.51, 19.20
-0.07, -0.52, -0.94, 19.66, 41.67, 21.61
-0.03, -0.64, -0.75, 13.04, 39.33, 23.15
0.08, -0.73, -0.62, 8.99, 24.81, 22.52
0.11, -0.79, -0.50, 3.06, 10.88, 17.61
0.04, -0.90, -0.35, -2.64, 4.33, 8.14
-0.02, -1.04, -0.25, -11.33, -1.23, 1.42
-0.03, -1.12, -0.18, -30.19, -7.92, -5.24
0.00, -1.06, -0.18, -43.19, -16.10, -9.71
0.08, -0.89, -0.30, -47.69, -45.31, -9.61
0.11, -0.74, -0.45, -49.87, -64.00, -6.29
0.09, -0.63, -0.51, -55.90, -64.00, -1.25
0.07, -0.55, -0.64, -50.94, -64.00, 5.64
0.07, -0.43, -0.82, -35.34, -64.00, 12.19
-0.02, -0.36, -0.97, -19.28, -52.01, 13.97
-0.09, -0.36, -1.06, 3.19, -18.14, 20.63
-0.18, -0.42, -1.00, 14.13, 21.26, 20.18
-0.22, -0.56, -0.83, 18.74, 46.18, 18.97
-0.16, -0.66, -0.72, 18.86, 51.11, 18.61
-0.08, -0.71, -0.69, 16.75, 41.33, 15.79
-0.06, -0.78, -0.62, 15.21, 31.91, 5.89
-0.08, -0.92, -0.44, 11.88, 28.73, 0.39
-0.09, -1.11, -0.27, 0.11, 21.94, -9.01
-0.09, -1.22, -0.17, -20.53, 15.06, -15.33
-0.05, -1.17, -0.13, -39.87, -1.27, -20.85
0.05, -0.98, -0.28, -49.07, -34.90, -20.78
0.15, -0.80, -0.45, -55.31, -64.00, -16.60
0.13, -0.68, -0.52, -64.00, -64.00, -9.89
0.05, -0.56, -0.67, -57.15, -64.00, 2.49
0.02, -0.37, -0.92, -32.39, -63.70, 6.94
-0.10, -0.27, -0.97, -21.49, -37.20, 4.55
-0.19, -0.30, -1.01, -2.97, 4.72, 13.36
-0.26, -0.41, -0.98, 6.80, 34.78, 13.26
-0.29, -0.57, -0.81, 10.93, 57.43, 8.30
-0.23, -0.68, -0.75, 16.48, 64.00, 6.94
-0.10, -0.72, -0.74, 20.78, 60.18, 6.55
-0.04, -0.77, -0.62, 22.38, 47.42, 1.29
-0.06, -0.91, -0.45, 18.08, 36.12, -8.84
-0.11, -1.10, -0.29, 0.06, 37.26, -21.79
-0.14, -1.17, -0.18, -22.22, 43.73, -27.37
-0.08, -1.06, -0.19, -37.72, 27.96, -26.00
0.09, -0.89, -0.33, -49.84, -11.35, -18.31
0.23, -0.76, -0.45, -62.53, -64.00, -10.53
0.21, -0.65, -0.55, -64.00, -64.00, -3.73
0.09, -0.51, -0.73, -57.17, -64.00, 2.73
-0.02, -0.38, -0.92, -34.36, -54.96, 5.93
-0.19, -0.27, -1.05, -12.86, -12.44, 3.83
-0.27, -0.28, -1.07, 3.37, 37.84, 9.34
-0.24, -0.42, -0.96, 11.91, 64.00, 11.63
-0.17, -0.59, -0.77, 11.51, 64.00, 9.78
-0.05, -0.70, -0.76, 18.06, 64.00, 12.24
0.01, -0.72, -0.74, 17.70, 64.00, 11.79
-0.01, -0.78, -0.65, 28.25, 64.00, 7.75
-0.08, -0.94, -0.47, 30.81, 64.00, -4.43
-0.11, -1.13, -0.28, 19.57, 64.00, -21.56
-0.08, -1.23, -0.13, -11.07, 50.71, -31.88
-0.01, -1.17, -0.11, -42.60, 25.31, -38.90
0.11, -0.99, -0.16, -64.00, -7.70, -29.50
0.26, -0.80, -0.38, -64.00, -34.62, -19.24
0.34, -0.60, -0.60, -64.00, -63.73, -9.00
0.27, -0.46, -0.75, -63.89, -64.00, -1.60
0.13, -0.35, -0.97, -34.70, -46.54, 5.03
-0.04, -0.31, -1.06, -13.31, -8.98, 3.89
-0.18, -0.37, -1.01, 3.27, 43.20, 6.29
-0.18, -0.49, -0.82, 2.20, 64.00, 4.04
-0.08, -0.63, -0.67, -3.00, 64.00, 4.83
0.07, -0.69, -0.64, -0.92, 64.00, 12.09
0.19, -0.72, -0.67, 10.28, 51.46, 14.34
0.16, -0.82, -0.56, 19.32, 36.93, 5.80
0.01, -0.99, -0.37, 17.53, 35.59, -12.26
-0.07, -1.09, -0.21, 3.40, 35.52, -27.14
-0.06, -1.08, -0.13, -28.95, 24.07, -37.25
0.07, -0.96, -0.17, -57.77, 1.27, -29.52
0.28, -0.78, -0.37, -64.00, -32.47, -18.20
0.39, -0.61, -0.63, -64.00, -64.00, -5.32
0.37, -0.46, -0.84, -47.43, -64.00, 3.29
0.21, -0.38, -1.01, -24.11, -47.38, 5.59
0.02, -0.39, -1.10, 1.04, -0.27, 4.55
-0.13, -0.47, -1.01, 6.98, 44.58, 0.34
-0.15, -0.61, -0.79, 3.37, 64.00, 1.12
-0.03, -0.74, -0.65, 2.35, 64.00, -1.75
0.08, -0.79, -0.66, 4.06, 64.00, -5.94
0.13, -0.82, -0.64, 5.35, 55.10, -9.88
0.09, -0.90, -0.49, 3.88, 53.04, -16.55
0.08, -0.99, -0.36, 4.54, 50.97, -24.19
0.13, -1.02, -0.30, -9.39, 44.30, -33.63
0.14, -0.98, -0.16, -49.29, 33.34, -38.57
0.22, -0.87, -0.24, -62.72, 16.78, -25.60
0.37, -0.66, -0.51, -64.00, -16.69, -16.81
0.42, -0.52, -0.67, -64.00, -47.25, -7.98
0.36, -0.44, -0.81, -50.15, -58.03, -4.23
0.25, -0.40, -0.94, -32.77, -37.43, -2.32
0.13, -0.41, -1.02, -8.93, 5.40, 0.03
0.04, -0.45, -0.99, 1.11, 47.77, 1.15
0.05, -0.55, -0.82, -0.79, 64.00, 3.77
0.16, -0.64, -0.67, 2.47, 64.00, 6.24
0.26, -0.71, -0.64, 6.81, 55.60, 2.11
0.24, -0.84, -0.56, 8.55, 48.54, -1.70
0.16, -0.95, -0.37, 1.08, 37.29, -12.64
0.15, -1.01, -0.24, -10.01, 23.89, -26.91
0.16, -0.99, -0.16, -34.24, 14.58, -37.77
0.22, -0.90, -0.18, -53.62, 7.54, -35.64
0.32, -0.74, -0.39, -58.96, -13.82, -26.90
0.43, -0.57, -0.61, -59.38, -44.12, -16.30
0.45, -0.47, -0.77, -49.16, -61.19, -7.80
0.34, -0.39, -0.94, -28.46, -49.49, -6.94
0.18, -0.38, -1.03, -10.79, -8.20, -9.29
0.07, -0.45, -1.04, 4.92, 41.02, -4.90
0.07, -0.53, -0.91, 7.11, 64.00, 1.20
0.19, -0.62, -0.74, 7.39, 64.00, 3.16
0.27, -0.70, -0.63, 9.05, 63.29, -3.20
0.28, -0.81, -0.54, 5.24, 51.85, -10.75
0.27, -0.92, -0.40, 1.27, 35.16, -18.55
0.29, -0.99, -0.32, -10.43, 19.62, -27.23
0.31, -0.98, -0.25, -30.19, 3.61, -38.64
0.29, -0.91, -0.20, -52.84, 10.58, -40.92
0.34, -0.78, -0.34, -56.89, 2.62, -38.01
0.45, -0.61, -0.54, -62.32, -22.53, -28.18
0.52, -0.48, -0.71, -58.72, -50.48, -14.14
0.49, -0.39, -0.88, -38.86, -49.53, -3.88
0.37, -0.26, -1.05, -12.36, -20.27, -4.73
0.24, -0.28, -1.08, 1.82, 16.93, -0.55
0.19, -0.40, -0.93, 3.42, 45.61, 5.21
0.20, -0.54, -0.74, 3.28, 60.76, 8.88
0.31, -0.64, -0.61, 7.28, 58.78, 6.63
0.38, -0.69, -0.57, 4.31, 44.19, 2.68
0.34, -0.77, -0.45, -1.05, 29.03, 2.65
0.38, -0.84, -0.35, -4.14, 12.23, -0.84
0.35, -0.88, -0.25, -20.12, -2.00, -14.28
0.31, -0.88, -0.16, -38.86, -6.21, -20.60
0.36, -0.78, -0.30, -42.97, -14.55, -19.31
0.42, -0.62, -0.51, -52.11, -38.85, -12.76
0.45, -0.51, -0.60, -54.17, -55.77, -1.22
0.46, -0.43, -0.79, -41.81, -61.69, 8.25
0.42, -0.33, -0.98, -19.85, -50.28, 14.44
0.36, -0.31, -1.05, -4.45, -31.30, 21.29
0.29, -0.39, -1.01, 11.64, 3.21, 28.22
0.23, -0.52, -0.87, 15.99, 27.51, 22.89
0.22, -0.65, -0.71, 14.44, 48.90, 16.96
0.26, -0.75, -0.61, 13.03, 52.47, 11.47
0.29, -0.82, -0.56, 12.59, 49.62, 6.53
0.31, -0.89, -0.48, 11.09, 36.85, 1.76
0.32, -0.92, -0.38, -2.74, 17.54, -11.99
0.31, -0.92, -0.25, -24.50, 0.70, -20.91
0.33, -0.86, -0.22, -41.78, -8.84, -22.62
0.40, -0.74, -0.37, -50.12, -26.80, -17.53
0.46, -0.61, -0.53, -55.34, -50.13, -4.01
0.50, -0.50, -0.67, -53.13, -64.00, 6.97
0.48, -0.40, -0.82, -42.21, -64.00, 14.47
0.38, -0.32, -0.96, -18.48, -61.07, 18.02
0.26, -0.30, -1.09, 5.39, -23.42, 21.09
0.13, -0.40, -1.08, 20.85, 17.47, 21.95
0.11, -0.56, -0.86, 21.02, 42.79, 18.93
0.20, -0.73, -0.62, 15.50, 58.63, 12.68
0.26, -0.80, -0.50, 5.50, 62.38, 7.96
0.34, -0.83, -0.49, 10.60, 48.80, 8.02
0.40, -0.85, -0.45, 5.85, 22.80, 2.63
0.37, -0.93, -0.27, -13.53, 5.12, -6.68
0.33, -0.96, -0.20, -29.28, -10.12, -13.32
0.36, -0.84, -0.29, -41.62, -28.61, -15.04
0.40, -0.68, -0.46, -50.06, -52.69, -9.13
0.40, -0.56, -0.57, -56.05, -64.00, -0.48
0.37, -0.48, -0.69, -52.48, -64.00, 6.18
0.35, -0.40, -0.83, -33.96, -64.00, 13.51
0.32, -0.31, -1.02, -5.78, -41.80, 19.58
0.23, -0.32, -1.07, 13.67, -15.01, 23.85
0.16, -0.44, -0.98, 25.41, 11.34, 25.65
0.12, -0.60, -0.75, 22.01, 30.72, 20.63
0.18, -0.73, -0.54, 14.35, 44.26, 12.67
0.20, -0.78, -0.48, 10.33, 42.71, 9.95
0.27, -0.80, -0.48, 11.27, 26.34, 9.65
0.34, -0.84, -0.42, 9.97, 5.24, 4.62
0.32, -0.90, -0.32, -3.40, -8.54, -2.46
0.30, -0.92, -0.28, -15.34, -19.69, -7.50
0.30, -0.84, -0.37, -25.81, -36.51, -9.54
0.29, -0.73, -0.48, -34.71, -53.39, -7.39
0.30, -0.63, -0.59, -41.59, -64.00, 1.42
0.33, -0.54, -0.72, -35.50, -64.00, 9.47
0.34, -0.42, -0.90, -16.28, -59.51, 17.45
0.29, -0.34, -1.04, 6.64, -35.97, 24.94
0.19, -0.38, -1.07, 19.05, -9.43, 29.04
0.08, -0.54, -0.81, 12.88, 11.49, 27.74
0.07, -0.70, -0.58, 8.30, 25.71, 24.14
0.10, -0.77, -0.51, 3.06, 25.80, 16.33
0.15, -0.81, -0.48, -3.44, 17.06, 12.81
0.21, -0.84, -0.46, -7.52, 3.04, 9.39
0.23, -0.86, -0.48, -12.86, -2.85, 6.58
0.23, -0.83, -0.51, -15.03, -4.01, 7.22
0.25, -0.74, -0.56, -14.62, -6.73, 8.65
0.24, -0.68, -0.59, -14.24, -11.79, 11.29
0.22, -0.64, -0.60, -11.03, -15.70, 14.15
0.19, -0.61, -0.61, -8.64, -19.48, 16.33
0.18, -0.59, -0.62, -7.21, -22.38, 17.56
0.18, -0.58, -0.62, -7.60, -21.41, 21.37
0.16, -0.60, -0.61, -8.14, -19.11, 24.22
0.15, -0.60, -0.62, -6.70, -15.81, 27.44
0.16, -0.61, -0.63, -3.68, -12.95, 28.72
0.16, -0.63, -0.62, -2.77, -15.52, 30.74
0.15, -0.67, -0.62, -0.47, -18.33, 32.00
0.13, -0.74, -0.63, -0.41, -18.59, 30.98
0.10, -0.78, -0.63, -1.93, -19.93, 27.26
0.08, -0.80, -0.62, -3.67, -18.76, 24.51
0.06, -0.81, -0.62, -2.47, -12.21, 20.44
0.06, -0.81, -0.64, -0.16, -6.71, 16.58
0.07, -0.83, -0.64, -1.26, -4.98, 12.23
0.10, -0.87, -0.61, -6.16, -5.46, 10.08
0.13, -0.89, -0.62, -10.01, -7.74, 8.16
0.13, -0.86, -0.65, -13.19, -8.69, 7.29
0.11, -0.81, -0.66, -15.71, -4.98, 7.15
0.09, -0.76, -0.65, -16.90, 2.90, 5.65
0.08, -0.73, -0.62, -17.54, 8.60, 5.53
0.09, -0.72, -0.61, -17.60, 9.02, 6.22
0.10, -0.70, -0.61, -17.80, 5.76, 6.98
0.12, -0.70, -0.60, -16.58, -0.14, 8.69
0.11, -0.69, -0.60, -16.43, -4.95, 9.69
0.09, -0.69, -0.58, -16.40, -5.49, 10.26
0.06, -0.69, -0.56, -15.19, -0.12, 10.26
0.05, -0.69, -0.57, -14.94, 4.54, 10.80
0.07, -0.71, -0.58, -13.65, 4.49, 11.63
0.08, -0.73, -0.56, -14.01, -0.08, 12.32
0.09, -0.74, -0.54, -16.42, -4.12, 12.59
0.07, -0.73, -0.54, -15.88, -5.17, 12.45
0.06, -0.72, -0.54, -13.97, -6.95, 14.46
0.07, -0.72, -0.53, -14.46, -9.58, 14.94
0.08, -0.72, -0.53, -12.61, -14.25, 15.76
0.09, -0.73, -0.53, -10.50, -19.68, 15.83
0.08, -0.72, -0.55, -7.70, -23.68, 15.24
0.07, -0.70, -0.54, -4.30, -25.02, 16.65
0.06, -0.69, -0.54, -2.04, -23.95, 20.03
0.06, -0.69, -0.56, -2.30, -25.72, 22.82
0.07, -0.72, -0.55, -4.28, -38.75, 21.63
0.08, -0.73, -0.60, -0.91, -44.57, 21.89
0.02, -0.74, -0.59, -4.16, -39.47, 19.32
-0.06, -0.75, -0.57, -6.88, -20.87, 18.15
-0.12, -0.76, -0.59, -7.69, -7.66, 16.99
-0.09, -0.77, -0.61, -7.79, -5.57, 17.90
-0.04, -0.80, -0.60, -7.04, -15.23, 15.65
-0.02, -0.83, -0.60, -7.07, -26.89, 13.75
-0.03, -0.84, -0.56, -8.12, -30.04, 10.19
-0.06, -0.83, -0.57, -9.03, -25.25, 6.62
-0.08, -0.82, -0.56, -12.09, -20.21, 6.69
-0.07, -0.82, -0.57, -14.34, -18.89, 5.44
-0.06, -0.80, -0.60, -13.82, -23.15, 4.54
-0.06, -0.77, -0.60, -13.81, -24.67, 3.04
-0.08, -0.77, -0.58, -14.20, -18.76, 0.33
-0.10, -0.77, -0.57, -13.72, -8.44, 0.77
-0.10, -0.76, -0.58, -15.25, -3.98, 2.73
-0.08, -0.75, -0.58, -14.50, -5.72, 4.83
-0.06, -0.73, -0.58, -13.93, -10.22, 5.87
-0.08, -0.74, -0.57, -14.30, -10.59, 4.05
-0.12, -0.74, -0.54, -15.05, -5.28, 1.82
-0.16, -0.74, -0.52, -16.79, 1.56, 1.35
-0.15, -0.73, -0.52, -17.78, 4.02, 0.76
-0.12, -0.73, -0.54, -16.21, 0.32, 1.76
-0.09, -0.74, -0.54, -14.48, -5.53, 0.40
-0.10, -0.75, -0.53, -15.09, -7.22, -0.07
-0.11, -0.76, -0.52, -14.39, -6.19, 0.82
-0.11, -0.76, -0.52, -13.88, -4.17, -0.43
-0.11, -0.75, -0.52, -12.15, -2.23, 0.37
-0.10, -0.75, -0.53, -12.23, -0.81, 0.74
-0.08, -0.75, -0.53, -12.28, -3.59, 0.34
-0.07, -0.75, -0.52, -10.99, -7.07, 1.40
-0.08, -0.74, -0.52, -9.51, -9.58, 0.67
-0.09, -0.72, -0.52, -7.96, -9.56, 0.14
-0.08, -0.71, -0.52, -5.64, -9.08, 1.41
-0.08, -0.71, -0.51, -4.59, -8.22, 1.86
-0.08, -0.71, -0.51, -3.51, -10.54, 4.46
-0.07, -0.73, -0.50, -4.04, -15.69, 6.64
-0.05, -0.73, -0.49, -3.51, -21.31, 7.25
-0.07, -0.72, -0.48, -2.11, -27.15, 6.86
-0.09, -0.72, -0.51, 1.09, -24.79, 7.40
-0.13, -0.75, -0.50, -2.56, -21.19, 7.78
-0.13, -0.77, -0.51, -4.93, -24.71, 7.90
-0.12, -0.78, -0.51, -6.57, -28.39, 6.07
-0.13, -0.78, -0.52, -6.66, -30.14, 2.12
-0.15, -0.78, -0.53, -5.62, -28.53, 1.05
-0.16, -0.78, -0.54, -4.65, -25.19, 0.04
-0.14, -0.78, -0.53, -4.58, -28.31, 0.21
-0.14, -0.79, -0.52, -4.11, -32.92, 1.23
-0.14, -0.79, -0.52, -4.20, -35.17, 0.52
-0.14, -0.79, -0.50, -5.33, -36.11, -1.04
-0.16, -0.78, -0.48, -5.04, -31.90, -0.89
-0.18, -0.78, -0.48, -7.09, -27.69, 1.19
-0.20, -0.79, -0.47, -9.25, -26.64, 0.68
-0.20, -0.80, -0.47, -11.20, -23.26, 1.02
-0.19, -0.80, -0.48, -11.91, -20.43, 1.03
-0.19, -0.79, -0.47, -13.44, -18.28, 2.15
-0.19, -0.80, -0.48, -14.89, -17.42, 4.21
-0.20, -0.81, -0.50, -13.28, -19.89, 2.49
-0.21, -0.79, -0.53, -13.86, -23.53, -0.67
-0.22, -0.78, -0.52, -12.67, -24.79, -2.37
-0.24, -0.80, -0.50, -13.68, -20.03, -3.43
-0.25, -0.82, -0.49, -15.99, -11.39, -4.41
-0.24, -0.82, -0.51, -15.49, -7.33, -5.54
-0.23, -0.80, -0.51, -14.86, -6.13, -6.87
-0.21, -0.78, -0.51, -14.12, -10.78, -5.89
-0.18, -0.79, -0.50, -15.64, -20.47, -6.71
-0.17, -0.79, -0.49, -14.32, -26.00, -4.94
-0.17, -0.78, -0.49, -15.15, -29.83, -4.86
-0.18, -0.78, -0.49, -14.15, -27.69, -2.93
-0.19, -0.78, -0.47, -15.79, -22.78, -3.29
-0.21, -0.79, -0.45, -17.73, -16.16, -2.32
-0.21, -0.80, -0.44, -21.41, -14.56, -2.34
-0.21, -0.81, -0.44, -22.42, -17.75, -2.18
-0.20, -0.80, -0.42, -24.44, -22.53, -1.81
-0.20, -0.81, -0.43, -24.42, -28.34, -2.93
-0.22, -0.81, -0.44, -25.01, -33.39, -4.74
-0.23, -0.81, -0.45, -24.12, -34.20, -5.50
-0.26, -0.80, -0.44, -24.47, -32.04, -8.96
-0.27, -0.80, -0.44, -23.64, -30.56, -9.79
-0.26, -0.78, -0.45, -24.06, -28.29, -10.47
-0.25, -0.76, -0.46, -21.83, -13.13, -10.92
-0.27, -0.73, -0.43, -24.69, -21.13, -9.71
-0.25, -0.74, -0.44, -24.42, -37.77, -7.44
-0.19, -0.75, -0.44, -24.75, -50.09, -10.74
-0.21, -0.75, -0.44, -20.79, -39.76, -12.30
-0.30, -0.76, -0.46, -18.10, -16.40, -11.33
-0.34, -0.78, -0.45, -19.54, 1.25, -10.48
-0.28, -0.79, -0.44, -18.82, -0.35, -5.90
-0.17, -0.78, -0.47, -13.46, -18.32, -3.76
-0.15, -0.78, -0.45, -12.92, -32.48, -6.26
-0.24, -0.79, -0.42, -11.66, -37.51, -12.24
-0.36, -0.79, -0.42, -11.89, -27.16, -18.15
-0.44, -0.79, -0.41, -12.23, -9.70, -21.87
-0.39, -0.79, -0.40, -11.03, 3.28, -24.80
-0.33, -0.78, -0.41, -10.59, 14.72, -26.14
-0.26, -0.78, -0.37, -12.43, 6.97, -23.89
-0.18, -0.80, -0.39, -12.62, -1.05, -21.90
-0.13, -0.79, -0.42, -7.33, -9.80, -19.04
-0.15, -0.77, -0.37, -6.63, -18.59, -18.63
-0.17, -0.80, -0.32, -4.82, -28.67, -19.03
-0.19, -0.84, -0.29, -5.21, -34.13, -22.37
-0.23, -0.82, -0.30, -8.63, -31.40, -18.20
-0.22, -0.75, -0.36, -0.43, -19.77, -7.11
-0.23, -0.67, -0.34, -0.26, -22.10, -2.74
-0.21, -0.65, -0.32, -3.99, -22.09, 2.10
-0.13, -0.64, -0.38, -3.30, -29.75, 7.62
-0.12, -0.59, -0.47, -2.26, -39.28, 11.13
-0.14, -0.56, -0.52, 3.08, -47.75, 14.56
-0.22, -0.65, -0.50, 0.42, -43.87, 10.50
-0.30, -0.76, -0.53, -6.20, -24.14, 11.76
-0.29, -0.86, -0.64, -3.58, 0.25, 13.11
-0.23, -0.86, -0.73, 6.67, 19.89, 19.85
-0.19, -0.83, -0.73, 19.81, 31.28, 26.73
-0.22, -0.86, -0.64, 26.54, 29.90, 25.12
-0.26, -0.97, -0.51, 30.83, 27.98, 13.31
-0.35, -1.13, -0.30, 13.52, 17.31, -5.04
-0.47, -1.27, -0.14, -11.27, 13.36, -23.52
-0.47, -1.29, -0.07, -38.63, 21.48, -33.97
-0.40, -1.18, -0.06, -50.18, 23.44, -37.02
-0.22, -1.03, -0.13, -53.65, 10.51, -34.15
-0.08, -0.89, -0.22, -56.41, -4.29, -21.18
-0.03, -0.75, -0.32, -50.62, -15.21, -4.94
-0.07, -0.54, -0.37, -42.26, -31.91, 5.29
-0.12, -0.38, -0.38, -35.31, -39.34, 14.36
-0.17, -0.30, -0.37, -29.94, -41.54, 22.93
-0.23, -0.33, -0.36, -25.57, -44.87, 17.86
-0.30, -0.43, -0.37, -15.25, -37.26, 16.26
-0.31, -0.54, -0.44, -11.29, -31.96, 21.43
-0.28, -0.67, -0.51, -0.03, -29.43, 21.76
-0.28, -0.78, -0.48, 11.74, -21.01, 15.67
-0.32, -0.94, -0.45, 22.09, -12.25, 7.16
-0.39, -1.10, -0.38, 17.77, -3.54, -2.86
-0.46, -1.20, -0.31, 4.67, 5.88, -13.44
-0.48, -1.20, -0.22, -5.27, 7.45, -27.68
-0.45, -1.13, -0.18, -18.22, 5.26, -33.25
-0.32, -1.09, -0.20, -32.82, -6.90, -36.00
-0.22, -1.02, -0.30, -30.38, 6.74, -22.14
-0.17, -0.84, -0.36, -32.24, -28.62, -22.79
-0.22, -0.73, -0.29, -44.06, -40.03, -23.54
-0.17, -0.67, -0.35, -38.00, -50.43, -16.46
-0.15, -0.59, -0.56, -22.69, -25.39, -8.60
-0.15, -0.52, -0.65, -3.70, -14.93, -0.01
-0.22, -0.51, -0.60, -4.85, -4.90, 2.38
-0.30, -0.59, -0.50, -7.34, -2.48, 0.64
-0.37, -0.64, -0.39, -5.71, 5.48, -4.35
-0.36, -0.70, -0.29, -7.41, 6.02, -5.45
-0.30, -0.86, -0.24, -14.79, 1.07, -4.87
-0.21, -0.99, -0.27, -20.14, -7.69, -2.98
-0.15, -1.02, -0.35, -17.81, -14.07, 0.44
-0.15, -0.97, -0.39, -13.29, -19.35, -0.69
-0.22, -0.91, -0.36, -9.07, -18.04, -7.36
-0.27, -0.94, -0.33, -12.77, -14.34, -12.82
-0.31, -1.01, -0.31, -23.03, -8.59, -15.71
-0.31, -0.98, -0.30, -28.75, -5.27, -15.95
-0.26, -0.85, -0.31, -31.80, -6.01, -11.20
-0.21, -0.72, -0.33, -31.57, -12.29, -3.65
-0.16, -0.63, -0.28, -35.27, -15.79, 8.34
-0.15, -0.60, -0.28, -38.12, -21.99, 18.66
-0.16, -0.58, -0.33, -42.64, -32.79, 26.36
-0.16, -0.55, -0.43, -29.21, -38.78, 29.41
-0.19, -0.50, -0.54, -8.27, -37.39, 31.97
-0.23, -0.52, -0.58, 7.00, -27.23, 30.64
-0.31, -0.64, -0.54, 12.09, -9.25, 29.28
-0.37, -0.79, -0.52, 20.97, 13.79, 27.92
-0.41, -0.93, -0.45, 26.51, 27.95, 17.52
-0.47, -1.12, -0.34, 21.21, 35.63, -0.31
-0.53, -1.30, -0.22, 8.21, 39.92, -23.87
-0.52, -1.33, -0.15, -11.91, 47.18, -38.79
-0.43, -1.22, -0.11, -32.54, 50.96, -38.80
-0.24, -1.06, -0.17, -40.91, 44.75, -25.92
-0.09, -0.88, -0.24, -49.75, 16.30, -10.00
-0.04, -0.72, -0.26, -55.86, -20.32, 5.09
-0.05, -0.55, -0.36, -44.90, -47.45, 13.23
-0.14, -0.40, -0.45, -28.69, -53.92, 13.99
-0.23, -0.34, -0.51, -17.01, -32.94, 19.88
-0.31, -0.41, -0.50, -7.79, -14.05, 19.84
-0.38, -0.51, -0.47, 3.22, 4.17, 20.74
-0.36, -0.62, -0.50, 14.15, 22.91, 23.41
-0.31, -0.76, -0.51, 13.06, 25.45, 21.30
-0.33, -0.90, -0.47, 13.32, 28.03, 15.51
-0.35, -0.98, -0.42, 21.73, 31.42, 7.01
-0.39, -1.12, -0.35, 24.66, 34.96, -7.73
-0.47, -1.19, -0.26, 19.66, 43.68, -27.41
-0.52, -1.23, -0.04, -10.85, 57.73, -36.76
-0.42, -1.21, 0.01, -34.03, 60.52, -30.44
-0.18, -1.08, -0.08, -45.90, 39.70, -13.67
-0.02, -0.89, -0.15, -58.16, 3.14, 1.71
-0.03, -0.69, -0.22, -62.51, -44.07, 8.44
-0.11, -0.52, -0.31, -55.04, -64.00, 5.48
-0.22, -0.41, -0.39, -42.54, -64.00, 9.11
-0.30, -0.42, -0.52, -31.77, -37.16, 12.37
-0.30, -0.46, -0.69, -3.27, 5.26, 20.54
-0.29, -0.46, -0.74, 20.84, 29.20, 21.64
-0.30, -0.56, -0.61, 26.66, 40.80, 21.95
-0.31, -0.76, -0.48, 20.84, 45.19, 19.08
-0.30, -0.95, -0.42, 16.40, 44.53, 19.77
-0.29, -1.06, -0.41, 25.62, 39.43, 10.02
-0.36, -1.12, -0.32, 27.63, 34.28, -11.11
-0.53, -1.22, -0.08, 7.58, 39.86, -23.84
-0.48, -1.25, -0.04, -5.05, 44.78, -33.44
-0.37, -1.14, -0.02, -28.76, 41.26, -33.47
-0.21, -1.01, -0.01, -44.12, 26.92, -15.58
-0.08, -0.86, -0.09, -58.35, -10.71, -1.32
-0.03, -0.68, -0.21, -63.38, -50.43, 8.29
-0.06, -0.49, -0.33, -59.20, -64.00, 11.86
-0.14, -0.35, -0.42, -50.30, -64.00, 17.12
-0.28, -0.35, -0.51, -39.27, -62.97, 13.64
-0.35, -0.39, -0.70, -7.15, -18.04, 14.35
-0.40, -0.43, -0.77, 20.26, 12.64, 16.01
-0.39, -0.59, -0.69, 30.15, 39.50, 15.86
-0.34, -0.84, -0.58, 30.15, 49.77, 15.63
-0.28, -1.05, -0.45, 25.79, 46.87, 16.54
-0.25, -1.14, -0.35, 25.80, 35.67, 4.77
-0.36, -1.20, -0.19, 11.95, 25.09, -10.67
-0.44, -1.21, -0.14, 8.91, 27.25, -26.54
-0.47, -1.14, -0.01, -19.59, 33.12, -38.11
-0.38, -1.10, 0.03, -40.77, 43.66, -27.30
-0.15, -0.96, -0.10, -52.39, 20.73, -6.29
-0.01, -0.77, -0.17, -63.18, -17.66, 8.37
0.01, -0.59, -0.28, -58.96, -63.01, 16.18
-0.08, -0.42, -0.39, -48.64, -64.00, 17.10
-0.22, -0.34, -0.47, -39.29, -64.00, 19.40
-0.37, -0.36, -0.56, -15.35, -42.22, 14.61
-0.44, -0.39, -0.61, 11.62, -2.87, 13.84
-0.46, -0.52, -0.61, 21.53, 30.72, 15.24
-0.38, -0.75, -0.62, 21.18, 48.64, 15.72
-0.29, -0.91, -0.62, 20.24, 47.94, 19.47
-0.23, -0.97, -0.57, 28.82, 29.69, 18.95
-0.25, -1.03, -0.47, 43.35, 22.52, -3.04
-0.43, -1.18, -0.27, 41.81, 36.01, -24.93
-0.61, -1.34, 0.03, 4.79, 50.88, -40.87
-0.58, -1.38, 0.13, -31.09, 63.90, -45.41
-0.30, -1.17, 0.00, -42.10, 57.33, -27.12
-0.04, -0.93, -0.12, -53.77, 27.92, -11.13
0.04, -0.73, -0.15, -64.00, -24.45, 1.98
0.01, -0.55, -0.23, -64.00, -62.21, 10.88
-0.08, -0.35, -0.35, -56.18, -64.00, 16.04
-0.24, -0.27, -0.42, -53.48, -64.00, 24.60
-0.36, -0.27, -0.49, -32.23, -38.93, 23.43
-0.43, -0.30, -0.53, -2.75, -4.01, 21.30
-0.43, -0.46, -0.59, 10.80, 26.78, 25.39
-0.34, -0.69, -0.65, 10.95, 29.92, 26.47
-0.26, -0.87, -0.65, 20.73, 29.05, 27.12
-0.21, -0.95, -0.64, 44.23, 16.95, 23.41
-0.22, -1.12, -0.56, 64.00, 13.18, -2.45
-0.43, -1.32, -0.25, 41.26, 26.18, -26.53
-0.68, -1.49, 0.06, 2.44, 58.58, -37.41
-0.59, -1.42, 0.09, -23.81, 64.00, -47.23
-0.35, -1.22, 0.05, -48.13, 64.00, -34.11
-0.07, -1.02, -0.11, -59.77, 33.67, -15.42
0.08, -0.81, -0.19, -64.00, -15.87, -4.63
0.07, -0.64, -0.28, -64.00, -61.88, 6.14
-0.02, -0.47, -0.36, -64.00, -64.00, 11.44
-0.20, -0.32, -0.45, -54.07, -64.00, 14.44
-0.32, -0.28, -0.55, -43.29, -46.49, 22.61
-0.40, -0.33, -0.63, -15.51, -4.56, 19.58
-0.45, -0.43, -0.61, 4.28, 22.48, 15.71
-0.45, -0.66, -0.58, 4.44, 39.40, 15.73
-0.37, -0.85, -0.60, 6.38, 53.62, 14.87
-0.27, -0.92, -0.62, 18.53, 56.61, 16.80
-0.22, -0.93, -0.53, 31.03, 51.08, 16.82
-0.20, -1.03, -0.40, 40.80, 32.96, 2.47
-0.30, -1.22, -0.24, 34.47, 21.76, -24.54
-0.50, -1.32, 0.03, -9.02, 21.71, -43.30
-0.56, -1.33, 0.11, -42.35, 51.09, -40.46
-0.30, -1.10, -0.11, -38.89, 51.85, -33.17
-0.04, -0.86, -0.19, -51.97, 24.98, -15.85
0.03, -0.72, -0.17, -63.51, -24.00, -3.80
-0.02, -0.63, -0.21, -64.00, -62.94, 4.03
-0.12, -0.48, -0.31, -64.00, -64.00, 9.46
-0.20, -0.35, -0.41, -56.70, -64.00, 13.67
-0.30, -0.31, -0.55, -41.14, -47.29, 16.97
-0.35, -0.34, -0.70, -9.56, -11.94, 13.45
-0.40, -0.43, -0.74, 12.89, 13.87, 12.07
-0.39, -0.64, -0.68, 21.51, 38.35, 9.41
-0.34, -0.86, -0.65, 24.72, 58.16, 10.39
-0.26, -0.97, -0.61, 24.35, 54.43, 13.73
-0.18, -1.03, -0.49, 27.93, 34.88, 8.05
-0.24, -1.16, -0.31, 28.17, 21.26, -19.54
-0.43, -1.29, -0.06, -5.68, 18.61, -31.43
-0.50, -1.37, -0.02, -27.72, 37.63, -35.22
-0.38, -1.20, -0.09, -33.17, 40.05, -41.00
-0.21, -0.95, -0.22, -32.60, 29.03, -31.95
-0.09, -0.81, -0.21, -43.74, 2.91, -19.64
-0.09, -0.69, -0.20, -55.35, -27.55, -7.65
-0.10, -0.54, -0.26, -57.13, -49.72, 2.09
-0.12, -0.38, -0.31, -56.82, -62.20, 10.82
-0.14, -0.28, -0.40, -52.56, -56.96, 28.56
-0.18, -0.27, -0.56, -28.16, -42.09, 28.54
-0.23, -0.29, -0.67, -1.18, -21.86, 24.29
-0.29, -0.42, -0.71, 14.95, -4.92, 23.03
-0.32, -0.67, -0.69, 23.50, 8.88, 22.19
-0.31, -0.87, -0.65, 22.56, 21.52, 20.42
-0.29, -1.02, -0.64, 29.48, 19.58, 16.82
-0.30, -1.09, -0.55, 37.89, 20.25, -6.74
-0.41, -1.22, -0.27, 20.11, 30.29, -23.73
-0.50, -1.39, -0.09, -1.71, 49.55, -28.19
-0.44, -1.38, -0.07, -24.56, 49.96, -42.02
-0.29, -1.17, -0.10, -34.69, 38.27, -38.70
-0.11, -1.00, -0.19, -39.13, 15.82, -26.36
-0.02, -0.82, -0.23, -48.25, -11.14, -15.13
-0.03, -0.68, -0.24, -54.38, -34.14, -3.65
-0.08, -0.49, -0.29, -53.92, -49.22, 5.53
-0.13, -0.34, -0.40, -46.86, -52.53, 14.85
-0.18, -0.27, -0.49, -40.66, -41.29, 26.01
-0.22, -0.31, -0.62, -14.33, -19.67, 23.44
-0.28, -0.38, -0.69, 7.56, -1.26, 22.11
-0.31, -0.56, -0.68, 17.77, 16.71, 21.66
-0.30, -0.81, -0.65, 21.80, 23.37, 20.63
-0.26, -0.99, -0.65, 24.01, 19.74, 19.62
-0.26, -1.04, -0.59, 32.53, 16.53, 0.03
-0.37, -1.14, -0.31, 25.62, 33.99, -21.30
-0.49, -1.34, -0.10, 6.03, 53.52, -27.73
-0.46, -1.43, -0.04, -24.63, 61.83, -39.64
-0.31, -1.28, -0.08, -37.17, 55.27, -39.88
-0.11, -1.01, -0.26, -34.21, 29.08, -31.85
-0.00, -0.86, -0.30, -39.16, 1.04, -29.13
-0.04, -0.78, -0.29, -49.51, -27.62, -24.03
-0.12, -0.69, -0.29, -61.53, -40.60, -9.60
-0.17, -0.54, -0.32, -64.00, -39.39, 5.27
-0.20, -0.37, -0.39, -62.95, -35.55, 12.50
-0.18, -0.25, -0.54, -45.62, -23.52, 25.05
-0.19, -0.27, -0.67, -20.34, -8.92, 24.21
-0.28, -0.41, -0.71, 4.96, 9.82, 19.17
-0.36, -0.62, -0.67, 14.88, 33.30, 15.14
-0.37, -0.82, -0.64, 16.00, 53.81, 13.29
-0.29, -0.89, -0.65, 22.00, 62.31, 17.33
-0.21, -0.91, -0.58, 39.10, 49.44, 11.98
-0.23, -1.03, -0.36, 49.27, 47.19, -17.15
-0.34, -1.29, -0.05, 20.66, 42.54, -27.96
-0.40, -1.46, 0.09, -19.10, 43.71, -36.31
-0.29, -1.32, 0.03, -40.29, 32.59, -39.52
-0.13, -1.05, -0.12, -41.85, 14.07, -34.27
0.01, -0.84, -0.23, -50.08, -8.93, -24.67
0.04, -0.74, -0.30, -57.57, -37.04, -12.77
-0.01, -0.64, -0.37, -59.98, -52.42, -0.42
-0.06, -0.51, -0.45, -59.68, -54.28, 9.49
-0.10, -0.39, -0.55, -49.63, -39.48, 18.74
-0.16, -0.31, -0.67, -36.25, -17.77, 22.23
-0.24, -0.33, -0.73, -16.08, 7.86, 17.71
-0.30, -0.47, -0.68, -3.32, 29.62, 19.07
-0.25, -0.71, -0.68, 3.98, 41.25, 20.60
-0.18, -0.83, -0.64, 3.44, 32.88, 20.88
-0.12, -0.89, -0.60, 17.54, 27.37, 22.03
-0.13, -0.95, -0.53, 42.65, 24.69, 7.80
-0.28, -1.13, -0.26, 32.05, 22.10, -18.18
-0.38, -1.37, -0.04, 10.19, 30.49, -22.42
-0.37, -1.40, 0.01, -16.92, 33.80, -36.99
-0.28, -1.17, -0.00, -33.74, 28.10, -36.49
-0.08, -0.94, -0.13, -35.60, 3.24, -28.59
0.05, -0.80, -0.25, -44.15, -35.03, -19.70
0.04, -0.71, -0.30, -49.55, -64.00, -11.82
-0.04, -0.59, -0.37, -53.17, -64.00, 5.10
-0.11, -0.44, -0.47, -47.05, -62.28, 17.08
-0.17, -0.31, -0.55, -42.87, -43.97, 24.12
-0.20, -0.27, -0.65, -18.76, -21.74, 25.41
-0.19, -0.29, -0.73, 6.87, -2.03, 27.52
-0.20, -0.45, -0.71, 14.98, 6.17, 27.80
-0.22, -0.73, -0.60, 14.76, 4.32, 26.24
-0.21, -0.92, -0.51, 14.06, 5.09, 28.25
-0.15, -1.04, -0.43, 19.81, -2.27, 28.68
-0.13, -1.13, -0.34, 21.01, -16.38, 16.95
-0.19, -1.22, -0.22, 12.64, -29.90, -1.02
-0.36, -1.27, -0.11, -10.47, -23.20, -19.25
-0.48, -1.23, -0.06, -31.14, -3.77, -30.04
-0.39, -1.10, -0.20, -34.64, -0.55, -36.32
-0.22, -1.01, -0.28, -41.18, -19.95, -36.98
-0.13, -0.92, -0.31, -46.23, -52.25, -29.90
-0.12, -0.77, -0.37, -45.19, -56.31, -15.66
-0.12, -0.55, -0.45, -39.63, -51.74, -2.38
-0.15, -0.40, -0.48, -37.04, -49.99, 2.07
-0.15, -0.34, -0.56, -36.21, -34.40, 19.77
-0.11, -0.36, -0.70, -16.48, -17.46, 28.04
-0.14, -0.35, -0.78, 11.54, -1.12, 27.19
-0.25, -0.43, -0.68, 15.85, 9.58, 27.17
-0.31, -0.67, -0.55, 11.17, 17.47, 27.85
-0.27, -0.86, -0.51, 16.91, 13.61, 30.27
-0.19, -1.01, -0.43, 28.29, -14.61, 25.59
-0.18, -1.18, -0.26, 32.33, -38.24, -0.35
-0.37, -1.35, -0.02, 3.08, -37.83, -23.70
-0.61, -1.39, 0.10, -29.04, -1.36, -29.71
-0.54, -1.23, -0.02, -41.18, 27.92, -33.13
-0.30, -1.01, -0.24, -41.34, 19.05, -25.81
-0.09, -0.88, -0.34, -43.99, -13.66, -20.41
-0.05, -0.80, -0.40, -41.32, -49.37, -14.54
-0.13, -0.65, -0.43, -40.95, -64.00, -2.60
-0.19, -0.51, -0.47, -38.59, -58.15, 7.07
-0.23, -0.38, -0.47, -34.28, -47.25, 15.94
-0.24, -0.34, -0.52, -35.54, -34.23, 26.21
-0.26, -0.37, -0.58, -14.92, -22.62, 23.40
-0.32, -0.41, -0.61, 8.60, -10.04, 20.91
-0.36, -0.56, -0.60, 18.13, 4.26, 20.04
-0.36, -0.81, -0.53, 25.90, 19.67, 13.05
-0.36, -1.02, -0.40, 26.14, 20.39, 7.13
-0.29, -1.23, -0.27, 21.54, 6.17, 3.42
-0.25, -1.35, -0.19, 11.74, -14.07, -8.29
-0.38, -1.23, -0.10, -4.27, -21.41, -28.74
-0.57, -1.12, 0.02, -36.77, -8.39, -37.64
-0.51, -1.05, -0.07, -48.53, 8.70, -35.57
-0.32, -0.92, -0.22, -54.44, 10.66, -22.39
-0.19, -0.74, -0.30, -52.60, -5.50, -8.94
-0.16, -0.60, -0.40, -44.98, -30.44, -1.86
-0.17, -0.50, -0.45, -42.03, -53.75, 7.99
-0.15, -0.42, -0.49, -37.32, -51.80, 23.36
-0.13, -0.34, -0.59, -29.51, -37.53, 31.87
-0.22, -0.31, -0.63, -8.08, -20.79, 23.02
-0.34, -0.36, -0.59, 16.85, 6.47, 25.74
-0.35, -0.56, -0.58, 25.26, 23.68, 28.73
-0.34, -0.83, -0.49, 18.81, 25.33, 26.08
-0.29, -1.05, -0.36, 19.14, 15.58, 25.64
-0.21, -1.22, -0.29, 18.74, -11.12, 17.59
-0.26, -1.27, -0.22, 13.46, -33.64, -5.38
-0.47, -1.22, -0.12, 4.79, -29.31, -33.72
-0.67, -1.16, 0.05, -30.14, 1.73, -38.89
-0.62, -1.15, -0.03, -48.51, 37.55, -37.67
-0.38, -1.03, -0.23, -54.92, 40.82, -22.83
-0.17, -0.82, -0.29, -58.28, 12.38, -7.96
-0.08, -0.64, -0.36, -55.00, -26.32, -3.67
-0.09, -0.52, -0.42, -48.00, -62.78, -0.95
-0.14, -0.41, -0.48, -37.28, -59.81, 9.88
-0.17, -0.35, -0.60, -23.79, -43.16, 20.93
-0.31, -0.36, -0.66, -9.15, -13.57, 14.25
-0.40, -0.42, -0.58, 10.70, 15.47, 15.74
-0.42, -0.58, -0.54, 18.03, 34.89, 21.87
-0.39, -0.77, -0.48, 15.62, 36.79, 16.72
-0.35, -0.96, -0.33, 8.50, 23.92, 12.55
-0.29, -1.09, -0.27, 9.96, 11.83, 5.14
-0.29, -1.19, -0.21, 5.43, -2.91, -4.79
-0.39, -1.21, -0.12, -1.90, -5.23, -19.98
-0.48, -1.14, -0.08, -14.16, 5.01, -28.32
-0.46, -1.07, -0.08, -31.89, 12.65, -30.80
-0.36, -1.01, -0.12, -41.98, 3.69, -27.56
-0.22, -0.89, -0.21, -51.13, -13.08, -15.88
-0.18, -0.73, -0.32, -48.54, -27.62, -6.14
-0.16, -0.54, -0.41, -39.55, -39.46, 3.39
-0.12, -0.41, -0.49, -27.33, -35.79, 20.83
-0.10, -0.32, -0.53, -22.51, -41.89, 29.95
-0.26, -0.35, -0.46, -17.99, -41.09, 13.69
-0.40, -0.45, -0.44, -0.58, -21.08, 17.73
-0.40, -0.58, -0.54, 14.05, 3.48, 21.01
-0.39, -0.75, -0.55, 15.74, 18.85, 16.73
-0.40, -0.90, -0.48, 15.52, 26.14, 11.90
-0.37, -1.05, -0.38, 17.10, 27.62, 7.01
-0.33, -1.16, -0.27, 9.98, 15.74, 1.41
-0.34, -1.23, -0.18, 0.61, 7.57, -7.37
-0.41, -1.17, -0.12, -9.72, 3.66, -20.30
-0.47, -1.07, -0.09, -27.80, 3.80, -27.71
-0.45, -1.02, -0.09, -43.74, -4.00, -28.06
-0.39, -0.94, -0.13, -54.85, -18.17, -24.53
-0.33, -0.81, -0.20, -58.30, -34.17, -18.34
-0.20, -0.65, -0.39, -45.06, -21.74, -0.51
-0.07, -0.44, -0.56, -21.73, -24.31, 16.67
-0.09, -0.31, -0.55, -14.95, -27.41, 26.55
-0.19, -0.36, -0.49, -12.95, -35.74, 20.75
-0.38, -0.48, -0.40, -6.11, -27.85, 16.55
-0.44, -0.59, -0.41, -0.17, -11.17, 20.77
-0.43, -0.72, -0.45, 1.32, 3.45, 17.29
-0.42, -0.85, -0.45, 7.04, 13.94, 11.75
-0.42, -0.94, -0.41, 14.59, 20.33, 4.58
-0.42, -1.07, -0.30, 12.45, 27.52, -3.42
-0.42, -1.17, -0.20, 2.87, 27.80, -14.68
-0.42, -1.19, -0.12, -10.39, 22.49, -22.44
-0.41, -1.14, -0.10, -30.19, 15.45, -29.04
-0.36, -1.07, -0.15, -40.31, 3.97, -32.56
-0.33, -0.97, -0.18, -49.28, -13.60, -29.94
-0.30, -0.85, -0.21, -52.60, -29.71, -20.26
-0.22, -0.72, -0.35, -45.87, -18.88, -6.36
-0.16, -0.52, -0.43, -33.58, -24.54, 7.05
-0.19, -0.38, -0.45, -25.18, -16.78, 18.90
-0.18, -0.34, -0.46, -20.61, -27.97, 24.25
-0.29, -0.43, -0.37, -22.68, -24.06, 20.60
-0.36, -0.54, -0.39, -8.08, -14.23, 24.80
-0.36, -0.60, -0.45, 3.39, -3.70, 23.92
-0.39, -0.72, -0.46, 7.19, 6.07, 18.37
-0.41, -0.85, -0.43, 14.70, 12.18, 10.28
-0.42, -1.02, -0.34, 11.82, 18.94, 5.23
-0.43, -1.16, -0.27, 4.37, 21.05, -3.50
-0.45, -1.20, -0.20, -3.61, 20.31, -15.58
-0.48, -1.12, -0.15, -18.53, 23.89, -25.58
-0.46, -1.06, -0.15, -30.50, 24.47, -32.75
-0.39, -1.00, -0.19, -39.45, 15.54, -35.43
-0.31, -0.92, -0.23, -45.40, 0.77, -29.75
-0.24, -0.82, -0.31, -43.72, -7.78, -17.21
-0.16, -0.68, -0.43, -31.97, -0.73, -2.09
-0.12, -0.49, -0.46, -21.71, 0.57, 10.04
-0.16, -0.39, -0.39, -19.85, -10.11, 15.70
-0.24, -0.39, -0.32, -28.01, -27.01, 16.77
-0.31, -0.51, -0.30, -24.73, -25.49, 19.67
-0.30, -0.57, -0.40, -7.87, -20.26, 23.44
-0.30, -0.60, -0.45, 0.65, -9.11, 21.89
-0.34, -0.70, -0.46, 4.37, 8.17, 20.21
-0.39, -0.81, -0.47, 3.13, 23.35, 18.46
-0.40, -0.93, -0.44, 5.70, 27.94, 15.79
-0.39, -1.04, -0.35, 5.65, 23.11, 5.14
-0.43, -1.16, -0.28, 2.92, 19.47, -10.08
-0.52, -1.22, -0.18, -10.10, 23.69, -24.30
-0.56, -1.17, -0.15, -24.47, 43.27, -31.73
-0.44, -1.01, -0.25, -23.70, 49.21, -34.29
-0.29, -0.89, -0.29, -29.35, 35.92, -27.37
-0.18, -0.82, -0.28, -33.93, 10.04, -16.42
-0.13, -0.73, -0.27, -41.82, -15.56, -5.92
-0.14, -0.57, -0.27, -43.97, -29.28, 6.52
-0.16, -0.48, -0.28, -41.37, -41.90, 15.22
-0.14, -0.38, -0.39, -29.87, -43.27, 24.22
-0.20, -0.39, -0.45, -21.71, -39.58, 23.79
-0.31, -0.46, -0.49, 0.53, -25.02, 21.80
-0.37, -0.53, -0.53, 17.17, -10.95, 19.70
-0.44, -0.68, -0.50, 24.46, 0.28, 15.82
-0.47, -0.84, -0.43, 23.85, 12.31, 8.39
-0.46, -1.01, -0.36, 20.89, 25.45, -0.63
-0.46, -1.13, -0.27, 10.35, 28.79, -10.61
-0.50, -1.20, -0.15, -4.06, 29.51, -19.65
-0.49, -1.17, -0.12, -13.90, 36.07, -22.10
-0.39, -1.05, -0.15, -22.35, 32.79, -24.07
-0.28, -0.96, -0.19, -33.07, 12.21, -19.25
-0.20, -0.88, -0.20, -42.42, -11.89, -11.33
-0.18, -0.78, -0.24, -44.94, -34.78, -1.74
-0.21, -0.63, -0.29, -45.75, -44.25, 6.63
-0.23, -0.48, -0.36, -34.42, -48.01, 13.18
-0.25, -0.39, -0.38, -33.06, -42.58, 21.13
-0.25, -0.42, -0.45, -19.27, -31.50, 24.18
-0.31, -0.44, -0.52, 2.94, -17.62, 19.69
-0.36, -0.50, -0.55, 19.33, -6.30, 20.78
-0.40, -0.65, -0.51, 25.19, 3.18, 16.18
-0.43, -0.83, -0.45, 21.03, 17.47, 13.83
-0.42, -0.96, -0.42, 18.87, 22.15, 8.22
-0.41, -1.09, -0.36, 17.12, 20.05, -5.34
-0.48, -1.20, -0.19, 4.67, 19.64, -19.96
-0.55, -1.29, -0.07, -12.81, 33.89, -22.28
-0.50, -1.22, -0.09, -21.65, 48.23, -23.60
-0.37, -1.03, -0.19, -29.47, 42.91, -22.44
-0.25, -0.90, -0.23, -35.68, 22.29, -16.97
-0.18, -0.82, -0.25, -41.00, -5.68, -8.72
-0.20, -0.72, -0.26, -45.55, -31.60, -4.89
-0.26, -0.61, -0.23, -50.96, -42.56, 0.19
-0.25, -0.51, -0.34, -41.26, -39.02, 7.74
-0.26, -0.40, -0.39, -38.26, -36.31, 14.40
-0.27, -0.41, -0.45, -28.29, -17.29, 21.37
-0.26, -0.44, -0.55, 5.01, -5.68, 16.60
-0.34, -0.49, -0.53, 26.64, 3.51, 12.39
-0.38, -0.68, -0.50, 29.73, 15.78, 7.40
-0.40, -0.91, -0.47, 25.32, 25.41, 3.39
-0.38, -1.06, -0.37, 19.51, 24.24, -3.75
-0.38, -1.20, -0.24, 10.16, 20.33, -11.93
-0.44, -1.28, -0.14, -0.50, 18.34, -22.79
-0.50, -1.21, -0.08, -18.39, 25.23, -25.27
-0.46, -1.06, -0.11, -24.58, 31.56, -25.85
-0.35, -0.91, -0.16, -34.64, 20.61, -22.93
-0.26, -0.84, -0.18, -44.59, 1.78, -11.80
-0.21, -0.74, -0.22, -49.74, -26.93, -0.28
-0.20, -0.60, -0.26, -50.17, -44.04, 6.04
-0.21, -0.46, -0.35, -40.77, -53.83, 10.74
-0.21, -0.39, -0.44, -33.60, -42.83, 19.52
-0.23, -0.41, -0.50, -19.92, -30.17, 20.16
-0.31, -0.47, -0.55, 5.54, -10.58, 17.42
-0.38, -0.55, -0.52, 21.91, 7.06, 16.07
-0.40, -0.73, -0.50, 28.24, 25.20, 12.39
-0.41, -0.90, -0.43, 19.83, 33.29, 11.96
-0.38, -1.04, -0.33, 13.04, 29.60, 5.88
-0.37, -1.11, -0.25, 7.30, 17.31, -7.47
-0.45, -1.18, -0.14, -3.72, 13.48, -22.55
-0.51, -1.19, -0.06, -17.03, 27.26, -21.45
-0.44, -1.09, -0.11, -25.19, 37.13, -21.88
-0.32, -0.95, -0.18, -33.35, 26.32, -16.28
-0.22, -0.85, -0.19, -44.04, 3.52, -5.88
-0.18, -0.75, -0.25, -46.53, -23.41, -0.68
-0.21, -0.63, -0.25, -47.81, -46.61, -0.35
-0.24, -0.53, -0.32, -41.74, -49.24, 4.79
-0.25, -0.46, -0.41, -31.45, -41.43, 12.13
-0.27, -0.47, -0.50, -25.46, -17.04, 18.25
-0.31, -0.51, -0.54, -1.10, 0.84, 15.62
-0.35, -0.53, -0.55, 18.16, 15.96, 14.73
-0.36, -0.66, -0.52, 27.46, 26.47, 12.41
-0.36, -0.83, -0.47, 21.71, 29.75, 13.38
-0.36, -0.96, -0.39, 18.51, 28.09, 7.03
-0.40, -1.06, -0.26, 15.22, 19.89, -12.95
-0.50, -1.21, -0.13, 2.17, 21.24, -24.99
-0.56, -1.26, -0.06, -10.44, 41.46, -23.56
-0.45, -1.13, -0.11, -19.95, 52.40, -19.30
-0.29, -0.95, -0.18, -27.91, 36.83, -14.72
-0.18, -0.84, -0.17, -41.77, 9.34, -5.41
-0.13, -0.74, -0.22, -44.04, -19.22, 3.29
-0.19, -0.59, -0.23, -47.88, -42.04, 6.03
-0.24, -0.48, -0.28, -41.03, -43.82, 9.05
-0.26, -0.43, -0.41, -34.44, -36.88, 16.13
-0.32, -0.46, -0.50, -20.54, -15.24, 14.33
-0.35, -0.49, -0.55, 3.36, 0.32, 12.21
-0.36, -0.56, -0.54, 20.61, 10.70, 11.39
-0.34, -0.73, -0.51, 27.12, 22.18, 7.79
-0.33, -0.92, -0.49, 19.76, 31.90, 9.61
-0.32, -1.02, -0.44, 15.54, 27.78, 5.52
-0.36, -1.08, -0.34, 14.79, 26.70, -11.46
-0.45, -1.16, -0.16, 6.71, 29.86, -18.00
-0.50, -1.24, -0.11, 0.70, 41.53, -21.78
-0.47, -1.17, -0.06, -15.54, 45.39, -25.77
-0.37, -1.02, -0.09, -24.01, 42.88, -22.52
-0.24, -0.89, -0.14, -36.36, 22.47, -11.28
-0.13, -0.76, -0.15, -46.06, -1.03, 3.14
-0.08, -0.60, -0.19, -52.21, -29.38, 16.11
-0.09, -0.44, -0.26, -47.16, -54.80, 19.73
-0.18, -0.34, -0.33, -48.01, -64.00, 22.02
-0.30, -0.40, -0.42, -33.72, -56.80, 14.93
-0.38, -0.47, -0.57, -4.46, -33.75, 11.36
-0.41, -0.56, -0.64, 16.32, -12.36, 7.36
-0.44, -0.75, -0.61, 25.29, 6.11, 1.06
-0.44, -0.92, -0.58, 28.33, 29.98, -0.43
-0.39, -1.06, -0.51, 30.06, 50.38, -1.70
-0.39, -1.14, -0.32, 22.69, 59.89, -6.59
-0.37, -1.21, -0.16, 12.37, 55.22, -3.93
-0.33, -1.19, -0.13, 6.90, 34.10, -17.06
-0.41, -1.10, -0.04, -20.31, 24.31, -28.86
-0.45, -1.04, 0.07, -39.51, 29.38, -24.32
-0.31, -0.93, -0.07, -43.44, 25.72, -12.95
-0.17, -0.77, -0.14, -55.66, 4.13, 2.03
-0.10, -0.63, -0.19, -60.93, -22.86, 12.15
-0.10, -0.50, -0.28, -54.58, -49.62, 17.00
-0.16, -0.38, -0.37, -47.44, -58.29, 21.81
-0.27, -0.39, -0.45, -39.09, -45.49, 18.75
-0.37, -0.46, -0.53, -9.88, -20.68, 10.76
-0.41, -0.55, -0.60, 10.72, 10.94, 11.56
-0.39, -0.72, -0.60, 17.57, 26.34, 9.65
-0.38, -0.90, -0.55, 15.31, 36.24, 8.96
-0.33, -0.99, -0.53, 20.31, 37.53, 5.05
-0.29, -1.05, -0.43, 23.46, 30.92, -0.94
-0.32, -1.15, -0.30, 26.28, 26.55, -17.77
-0.49, -1.24, -0.07, 3.11, 20.41, -29.32
-0.58, -1.26, 0.09, -27.16, 43.88, -32.88
-0.46, -1.12, 0.02, -34.69, 46.96, -28.66
-0.26, -0.92, -0.10, -45.73, 32.04, -19.19
-0.12, -0.77, -0.12, -58.21, -3.43, -5.62
-0.06, -0.64, -0.19, -60.72, -33.97, 8.08
-0.07, -0.46, -0.31, -51.32, -57.62, 14.85
-0.16, -0.32, -0.37, -45.74, -62.02, 20.47
-0.26, -0.32, -0.44, -36.48, -46.20, 21.51
-0.33, -0.39, -0.51, -13.25, -24.46, 16.78
-0.39, -0.49, -0.56, 4.01, -5.63, 15.37
-0.39, -0.67, -0.58, 12.50, 4.14, 11.59
-0.36, -0.87, -0.58, 19.31, 24.81, 11.19
-0.31, -0.96, -0.63, 28.14, 39.05, 15.07
-0.26, -1.01, -0.56, 34.22, 32.62, 10.72
-0.27, -1.12, -0.37, 35.24, 19.17, -7.37
-0.38, -1.29, -0.17, 25.64, 15.58, -21.86
-0.59, -1.33, 0.07, -11.48, 23.98, -33.37
-0.64, -1.23, 0.11, -33.86, 48.70, -37.87
-0.44, -1.01, -0.02, -41.88, 45.51, -29.30
-0.19, -0.86, -0.12, -54.22, 26.90, -15.89
-0.04, -0.73, -0.15, -62.76, -14.81, -2.58
-0.03, -0.55, -0.22, -62.07, -49.49, 7.09
-0.06, -0.38, -0.33, -50.74, -64.00, 18.79
-0.13, -0.26, -0.42, -44.53, -64.00, 28.35
-0.24, -0.27, -0.46, -26.49, -50.19, 19.16
-0.38, -0.33, -0.48, 1.60, -31.65, 13.53
-0.45, -0.50, -0.53, 18.36, -2.49, 10.49
-0.43, -0.76, -0.58, 21.59, 16.48, 9.73
-0.34, -0.98, -0.58, 24.75, 32.67, 12.46
-0.28, -1.04, -0.56, 35.04, 39.16, 15.92
-0.22, -1.08, -0.45, 39.59, 22.34, 14.27
-0.23, -1.16, -0.36, 46.07, -2.48, -0.33
-0.42, -1.21, -0.19, 34.73, -7.69, -34.36
-0.71, -1.23, 0.15, -9.42, 12.10, -38.85
-0.71, -1.22, 0.15, -31.45, 52.21, -34.76
-0.43, -1.06, 0.01, -47.01, 53.22, -25.22
-0.19, -0.88, -0.07, -61.02, 31.21, -10.98
-0.07, -0.72, -0.17, -61.49, -15.16, -4.26
-0.04, -0.56, -0.29, -52.77, -51.36, 0.50
-0.04, -0.41, -0.40, -40.99, -61.57, 15.35
-0.08, -0.32, -0.48, -34.43, -58.08, 27.46
-0.19, -0.33, -0.54, -15.75, -40.42, 20.27
-0.33, -0.37, -0.57, 7.45, -21.30, 12.95
-0.45, -0.56, -0.58, 19.41, 10.30, 10.43
-0.45, -0.82, -0.58, 20.93, 31.99, 11.48
-0.39, -1.02, -0.53, 19.86, 44.72, 17.00
-0.31, -1.07, -0.47, 26.43, 38.77, 17.88
-0.24, -1.09, -0.38, 35.59, 6.88, 6.84
-0.33, -1.17, -0.28, 44.00, 0.47, -30.29
-0.64, -1.25, 0.12, -2.50, 6.13, -42.18
-0.73, -1.29, 0.21, -35.20, 55.87, -36.87
-0.46, -1.15, 0.03, -46.62, 63.68, -27.12
-0.23, -0.92, -0.07, -62.87, 37.82, -15.41
-0.08, -0.76, -0.14, -64.00, -1.24, -3.41
-0.02, -0.61, -0.24, -64.00, -50.90, 0.29
-0.04, -0.44, -0.36, -55.49, -64.00, 8.94
-0.08, -0.33, -0.49, -40.79, -63.50, 22.85
-0.18, -0.31, -0.57, -28.46, -41.78, 23.01
-0.29, -0.35, -0.61, -0.54, -18.48, 14.94
-0.42, -0.48, -0.59, 17.41, 7.68, 10.49
-0.47, -0.72, -0.55, 19.38, 35.96, 8.43
-0.41, -0.98, -0.52, 15.74, 54.74, 13.89
-0.28, -1.06, -0.50, 24.30, 49.24, 20.12
-0.18, -1.09, -0.40, 35.06, 17.78, 14.47
-0.22, -1.18, -0.30, 46.61, -1.44, -17.96
-0.49, -1.26, 0.03, 14.73, -7.81, -38.52
-0.74, -1.30, 0.25, -29.33, 33.46, -40.11
-0.58, -1.21, 0.12, -43.15, 52.22, -35.39
-0.28, -0.96, -0.03, -60.66, 42.67, -20.93
-0.10, -0.78, -0.11, -64.00, 7.73, -4.53
-0.03, -0.62, -0.22, -64.00, -41.63, 2.29
-0.05, -0.44, -0.38, -61.42, -64.00, 10.16
-0.08, -0.29, -0.51, -42.64, -64.00, 19.10
-0.16, -0.25, -0.60, -29.28, -47.37, 19.93
-0.29, -0.30, -0.66, 4.53, -15.12, 14.10
-0.40, -0.43, -0.61, 22.36, 11.10, 12.56
-0.45, -0.72, -0.52, 15.54, 38.55, 15.01
-0.36, -0.98, -0.52, 13.38, 54.95, 19.90
-0.22, -1.07, -0.53, 23.57, 36.94, 25.94
-0.12, -1.10, -0.46, 40.08, -0.26, 11.96
-0.24, -1.20, -0.30, 48.90, -6.63, -21.99
-0.60, -1.29, 0.12, 5.66, 3.13, -33.89
-0.76, -1.31, 0.12, -18.26, 48.87, -40.05
-0.58, -1.17, 0.06, -37.91, 59.27, -39.10
-0.32, -0.99, -0.01, -55.31, 52.41, -23.83
-0.11, -0.86, -0.09, -64.00, 20.37, -5.50
0.01, -0.70, -0.16, -64.00, -26.37, 3.21
-0.03, -0.50, -0.25, -64.00, -64.00, 7.49
-0.09, -0.36, -0.33, -52.56, -64.00, 12.23
-0.18, -0.29, -0.46, -42.65, -64.00, 21.24
-0.27, -0.31, -0.56, -19.81, -39.91, 18.33
-0.37, -0.37, -0.61, 8.85, -6.57, 14.86
-0.43, -0.54, -0.58, 19.62, 20.32, 14.17
-0.40, -0.81, -0.57, 19.82, 45.62, 15.71
-0.30, -0.99, -0.62, 23.15, 53.26, 21.98
-0.19, -1.05, -0.57, 29.84, 26.85, 22.95
-0.17, -1.11, -0.49, 48.35, 5.47, -3.77
-0.37, -1.23, -0.23, 45.41, 13.59, -26.77
-0.68, -1.35, 0.13, 7.29, 34.12, -33.71
-0.71, -1.37, 0.13, -15.43, 60.96, -46.05
-0.51, -1.19, 0.12, -39.98, 60.51, -42.88
-0.23, -0.99, 0.00, -55.77, 48.54, -22.74
-0.03, -0.82, -0.10, -64.00, 9.99, -8.06
0.04, -0.62, -0.15, -64.00, -31.86, 3.90
0.05, -0.42, -0.29, -64.00, -64.00, 20.17
-0.02, -0.28, -0.40, -56.61, -64.00, 21.81
-0.19, -0.24, -0.51, -45.62, -64.00, 19.07
-0.33, -0.29, -0.64, -5.29, -33.50, 13.03
-0.45, -0.38, -0.68, 25.12, 7.68, 11.44
-0.50, -0.61, -0.59, 24.21, 39.80, 12.28
-0.43, -0.88, -0.54, 17.58, 64.00, 22.10
-0.25, -0.98, -0.54, 22.63, 51.76, 28.91
-0.15, -1.02, -0.50, 38.27, 24.47, 12.03
-0.22, -1.14, -0.37, 49.85, 24.13, -10.16
-0.44, -1.32, -0.02, 21.45, 22.66, -16.76
-0.55, -1.40, 0.07, 7.53, 36.80, -29.33
-0.51, -1.28, 0.09, -18.15, 36.80, -42.88
-0.40, -1.13, 0.12, -42.36, 33.99, -35.87
-0.18, -1.00, -0.03, -55.05, 19.87, -20.66
-0.06, -0.83, -0.10, -64.00, -9.35, -10.72
-0.02, -0.64, -0.23, -64.00, -36.75, 0.60
-0.02, -0.46, -0.37, -58.94, -54.21, 10.46
-0.08, -0.30, -0.52, -40.93, -55.96, 16.17
-0.18, -0.26, -0.65, -23.94, -34.59, 19.26
-0.30, -0.32, -0.69, 8.54, -2.29, 11.42
-0.38, -0.43, -0.61, 24.07, 22.29, 11.41
-0.40, -0.68, -0.49, 15.09, 36.30, 13.17
-0.34, -0.93, -0.45, 5.48, 38.79, 18.68
-0.22, -1.01, -0.46, 13.36, 22.75, 22.12
-0.18, -1.05, -0.42, 29.66, 0.46, 1.71
-0.30, -1.16, -0.21, 27.16, 5.48, -14.87
-0.49, -1.32, 0.02, 8.88, 16.64, -21.13
-0.55, -1.33, 0.06, -11.42, 32.34, -29.53
-0.44, -1.18, 0.06, -31.08, 34.90, -32.17
-0.29, -1.03, -0.04, -42.44, 26.32, -21.36
-0.10, -0.88, -0.17, -50.53, 5.64, -13.07
-0.07, -0.73, -0.22, -56.34, -20.88, -2.20
-0.09, -0.57, -0.30, -55.89, -42.81, 6.55
-0.10, -0.43, -0.38, -49.26, -48.44, 14.34
-0.15, -0.33, -0.48, -44.71, -41.17, 23.46
-0.22, -0.34, -0.59, -27.95, -19.56, 23.10
-0.30, -0.38, -0.60, 2.12, 0.31, 17.79
-0.36, -0.51, -0.56, 10.26, 19.52, 16.47
-0.33, -0.77, -0.55, 11.75, 25.88, 18.82
-0.27, -0.94, -0.52, 9.96, 25.05, 20.94
-0.23, -1.03, -0.50, 24.22, 14.19, 13.19
-0.26, -1.12, -0.38, 37.58, 19.26, -7.83
-0.40, -1.29, -0.12, 23.79, 25.15, -14.29
-0.48, -1.39, 0.05, 2.89, 34.51, -22.49
-0.43, -1.30, 0.10, -25.79, 29.52, -30.86
-0.31, -1.13, 0.07, -44.85, 19.01, -24.54
-0.17, -0.99, -0.05, -57.57, 1.15, -19.12
-0.10, -0.86, -0.18, -63.23, -22.75, -17.92
-0.10, -0.73, -0.29, -60.51, -40.39, -14.71
-0.14, -0.57, -0.39, -55.72, -49.46, -5.45
-0.16, -0.46, -0.49, -44.03, -40.28, 4.61
-0.19, -0.36, -0.59, -33.12, -23.45, 13.38
-0.23, -0.36, -0.61, -24.39, -2.63, 22.01
-0.26, -0.42, -0.60, 0.85, 14.74, 18.42
-0.29, -0.51, -0.52, 6.98, 18.68, 21.61
-0.26, -0.71, -0.46, 5.84, 11.35, 22.26
-0.24, -0.88, -0.41, 7.79, 4.09, 20.92
-0.23, -1.00, -0.37, 19.92, -3.36, 14.76
-0.27, -1.11, -0.31, 29.90, -7.89, 4.21
-0.39, -1.22, -0.15, 20.46, -6.36, -14.30
-0.55, -1.27, 0.06, -4.07, 10.78, -25.24
-0.55, -1.20, 0.07, -25.88, 34.06, -28.80
-0.36, -1.09, -0.04, -39.28, 27.48, -24.98
-0.16, -0.97, -0.14, -51.49, 4.67, -17.59
-0.07, -0.88, -0.24, -51.88, -31.90, -16.08
-0.11, -0.73, -0.34, -48.81, -59.25, -14.11
-0.15, -0.59, -0.40, -43.36, -55.93, -3.77
-0.18, -0.46, -0.43, -35.62, -49.53, 3.63
-0.20, -0.39, -0.49, -37.52, -26.01, 19.29
-0.19, -0.42, -0.55, -27.40, -8.98, 27.09
-0.20, -0.43, -0.60, -2.85, 1.38, 23.87
-0.23, -0.52, -0.60, 13.59, 2.12, 22.32
-0.27, -0.73, -0.54, 17.40, 0.60, 18.62
-0.30, -0.97, -0.45, 19.53, 4.16, 17.18
-0.29, -1.11, -0.36, 26.98, 1.40, 13.27
-0.34, -1.19, -0.26, 27.08, -6.06, 0.16
-0.46, -1.23, -0.05, 11.85, -5.30, -22.70
-0.59, -1.23, 0.13, -19.10, 7.49, -28.15
-0.50, -1.19, 0.14, -44.82, 21.56, -32.02
-0.31, -1.09, -0.01, -59.82, 8.70, -25.20
-0.14, -0.94, -0.20, -59.90, -11.74, -17.19
-0.10, -0.78, -0.27, -58.17, -39.00, -18.33
-0.13, -0.64, -0.32, -53.58, -63.29, -11.26
-0.17, -0.54, -0.35, -50.31, -64.00, 0.37
-0.18, -0.45, -0.37, -44.31, -64.00, 13.12
-0.17, -0.37, -0.48, -41.44, -54.91, 30.66
-0.17, -0.36, -0.59, -23.35, -41.68, 31.25
-0.23, -0.35, -0.59, 4.28, -29.71, 23.01
-0.34, -0.47, -0.56, 20.75, -20.46, 21.43
-0.41, -0.74, -0.47, 22.45, -3.51, 17.97
-0.41, -1.03, -0.42, 24.30, 4.92, 17.04
-0.36, -1.19, -0.32, 23.24, -4.09, 16.08
-0.35, -1.22, -0.22, 17.60, -20.86, 5.30
-0.44, -1.18, -0.11, 8.04, -20.76, -21.91
-0.61, -1.12, 0.06, -20.36, -11.45, -33.54
-0.59, -1.14, 0.07, -47.87, 13.41, -29.30
-0.37, -1.10, -0.11, -54.43, 3.82, -23.60
-0.22, -0.92, -0.23, -58.99, -20.36, -15.61
-0.15, -0.75, -0.29, -58.12, -41.53, -3.44
-0.12, -0.58, -0.38, -46.10, -55.32, 4.32
-0.17, -0.45, -0.44, -32.78, -64.00, 2.19
-0.23, -0.40, -0.46, -28.42, -58.22, 9.29
-0.27, -0.47, -0.56, -18.59, -32.94, 14.87
-0.34, -0.51, -0.64, 2.83, -2.06, 11.54
-0.41, -0.57, -0.55, 11.79, 17.05, 11.52
-0.42, -0.76, -0.42, 15.02, 31.93, 9.78
-0.38, -0.96, -0.36, 16.58, 26.24, 5.02
-0.34, -1.10, -0.26, 13.92, 17.95, 1.03
-0.32, -1.18, -0.14, 4.76, -0.51, -3.21
-0.37, -1.15, -0.08, 2.31, -9.97, -12.61
-0.44, -1.04, -0.02, -12.62, -18.13, -19.99
-0.48, -1.00, 0.04, -36.74, -18.66, -22.92
-0.44, -0.97, 0.01, -49.76, -18.36, -18.59
-0.35, -0.85, -0.10, -56.75, -20.19, -9.73
-0.25, -0.70, -0.22, -54.05, -28.69, -2.03
-0.18, -0.57, -0.36, -40.35, -31.84, 5.55
-0.15, -0.45, -0.44, -24.25, -42.33, 15.65
-0.19, -0.42, -0.49, -15.65, -36.33, 16.63
-0.30, -0.46, -0.47, 0.21, -27.65, 7.69
-0.43, -0.56, -0.39, 12.24, -5.80, 9.64
-0.46, -0.70, -0.41, 14.78, 15.78, 9.74
-0.44, -0.86, -0.42, 10.93, 27.17, 6.13
-0.41, -0.96, -0.40, 12.64, 31.06, 3.10
-0.37, -1.04, -0.31, 15.15, 29.95, 0.42
-0.36, -1.13, -0.22, 14.60, 24.93, -4.19
-0.40, -1.18, -0.12, 6.98, 18.44, -14.03
-0.45, -1.14, -0.06, -5.97, 13.79, -21.88
-0.47, -1.08, 0.00, -29.88, 10.91, -27.81
-0.45, -1.05, 0.02, -51.01, 0.92, -27.81
-0.37, -0.96, -0.05, -63.33, -11.31, -22.62
-0.24, -0.80, -0.22, -62.39, -10.35, -5.76
-0.08, -0.58, -0.42, -39.34, -12.26, 8.18
-0.09, -0.39, -0.43, -27.47, -25.24, 17.20
-0.15, -0.32, -0.39, -22.41, -31.66, 24.89
-0.25, -0.40, -0.35, -16.24, -35.56, 14.22
-0.40, -0.50, -0.32, -6.11, -18.61, 16.20
-0.42, -0.61, -0.41, 8.50, 4.18, 18.91
-0.41, -0.74, -0.45, 13.38, 17.22, 16.63
-0.39, -0.87, -0.45, 16.04, 24.76, 15.15
-0.37, -0.98, -0.40, 20.49, 25.72, 10.26
-0.35, -1.09, -0.31, 22.05, 21.22, 5.34
-0.36, -1.19, -0.21, 19.62, 14.18, -4.00
-0.42, -1.23, -0.13, 11.37, 11.63, -17.39
-0.54, -1.16, -0.01, -10.39, 17.42, -28.51
-0.57, -1.09, 0.06, -33.49, 36.33, -27.93
-0.43, -1.00, -0.04, -39.70, 37.13, -23.62
-0.26, -0.89, -0.09, -51.42, 17.69, -15.03
-0.18, -0.76, -0.11, -59.85, -13.77, -10.36
-0.17, -0.63, -0.16, -59.17, -42.74, -4.32
-0.17, -0.48, -0.28, -48.97, -51.42, 6.15
-0.14, -0.34, -0.43, -32.77, -38.53, 20.39
-0.20, -0.30, -0.50, -9.20, -23.80, 18.78
-0.35, -0.36, -0.45, 10.85, -5.68, 16.47
-0.40, -0.55, -0.43, 23.93, 16.66, 22.58
-0.38, -0.78, -0.46, 22.48, 18.41, 21.99
-0.38, -0.95, -0.42, 11.69, 17.39, 21.98
-0.37, -1.01, -0.41, 16.28, 12.31, 11.81
-0.40, -1.08, -0.36, 26.47, 12.37, -5.69
-0.50, -1.22, -0.17, 17.26, 11.56, -19.24
-0.60, -1.33, 0.01, 0.03, 30.92, -27.27
-0.60, -1.28, 0.04, -19.79, 53.98, -28.18
-0.47, -1.13, -0.00, -40.29, 64.00, -27.27
-0.29, -1.00, -0.08, -49.41, 49.73, -18.95
-0.13, -0.87, -0.13, -56.60, 15.39, -9.13
-0.08, -0.72, -0.16, -61.54, -22.15, -2.61
-0.12, -0.56, -0.18, -62.60, -45.61, 2.23
-0.20, -0.43, -0.23, -53.85, -54.70, 5.79
-0.25, -0.35, -0.33, -42.00, -38.76, 17.93
-0.25, -0.36, -0.47, -21.30, -15.24, 23.00
-0.31, -0.41, -0.49, 8.78, -0.45, 17.81
-0.37, -0.51, -0.48, 29.93, 20.20, 19.54
-0.35, -0.72, -0.47, 33.39, 23.59, 17.96
-0.38, -0.89, -0.37, 15.99, 21.92, 16.66
-0.36, -1.01, -0.40, 12.64, 21.45, 15.89
-0.34, -1.04, -0.44, 23.55, 12.15, 0.19
-0.44, -1.10, -0.29, 23.18, 12.15, -10.60
-0.51, -1.24, -0.13, 23.61, 23.78, -25.56
-0.59, -1.28, 0.04, -3.84, 41.15, -30.57
-0.54, -1.22, 0.13, -33.88, 64.00, -28.34
-0.36, -1.07, 0.02, -46.20, 63.74, -19.84
-0.13, -0.88, -0.10, -56.39, 34.59, -9.27
-0.04, -0.73, -0.13, -64.00, -10.29, -0.48
-0.03, -0.58, -0.19, -64.00, -49.50, 10.36
-0.09, -0.44, -0.28, -54.34, -64.00, 14.03
-0.22, -0.34, -0.40, -42.80, -64.00, 15.24
-0.35, -0.36, -0.49, -24.61, -36.96, 13.86
-0.45, -0.41, -0.55, 7.12, -3.45, 14.38
-0.49, -0.50, -0.52, 23.30, 24.39, 14.50
-0.44, -0.70, -0.46, 24.23, 45.09, 15.57
-0.34, -0.89, -0.51, 22.82, 47.29, 22.08
-0.25, -0.99, -0.50, 22.94, 29.65, 17.50
-0.25, -1.08, -0.41, 27.07, 18.41, 0.86
-0.36, -1.21, -0.24, 23.01, 18.74, -11.55
-0.52, -1.32, 0.02, 0.97, 22.87, -20.76
-0.60, -1.33, 0.09, -18.29, 42.04, -27.68
-0.55, -1.21, 0.08, -38.42, 50.05, -31.83
-0.39, -1.05, -0.00, -50.63, 39.97, -30.04
-0.21, -0.89, -0.09, -58.18, 13.61, -19.57
-0.10, -0.72, -0.18, -60.69, -10.96, -8.48
-0.09, -0.51, -0.27, -56.72, -22.93, 6.89
-0.08, -0.34, -0.41, -36.64, -22.89, 17.42
-0.12, -0.22, -0.51, -19.55, -20.12, 21.23
-0.21, -0.27, -0.55, -0.89, -8.37, 12.60
-0.33, -0.41, -0.52, 22.06, 3.95, 9.40
-0.39, -0.61, -0.43, 22.62, 24.06, 13.71
-0.35, -0.88, -0.41, 12.39, 30.45, 20.19
-0.29, -0.99, -0.44, 8.97, 20.35, 26.31
-0.26, -0.98, -0.47, 22.98, 1.23, 10.27
-0.38, -1.01, -0.30, 28.70, 5.03, -17.47
-0.57, -1.21, -0.03, 16.31, 22.03, -23.61
-0.63, -1.36, 0.05, 1.01, 44.24, -29.78
-0.55, -1.28, 0.10, -28.57, 58.40, -31.14
-0.37, -1.07, 0.05, -44.49, 53.16, -21.83
-0.15, -0.93, -0.06, -55.37, 24.99, -13.18
-0.05, -0.80, -0.16, -60.20, -11.40, -4.09
-0.03, -0.64, -0.24, -57.94, -43.09, 1.77
-0.09, -0.49, -0.33, -50.44, -59.42, 8.00
-0.18, -0.39, -0.42, -39.39, -55.13, 14.84
-0.30, -0.37, -0.50, -29.16, -27.86, 15.15
-0.36, -0.40, -0.60, 1.71, 9.48, 14.21
-0.40, -0.45, -0.60, 22.67, 39.59, 15.51
-0.36, -0.63, -0.52, 23.57, 52.91, 19.82
-0.25, -0.86, -0.46, 17.45, 39.70, 27.96
-0.18, -0.99, -0.45, 19.99, 12.41, 21.07
-0.24, -1.09, -0.41, 31.66, -2.57, -4.97
-0.42, -1.22, -0.13, 21.10, 8.24, -14.33
-0.56, -1.37, 0.00, 7.07, 28.41, -22.68
-0.56, -1.34, 0.06, -14.20, 42.15, -36.14
-0.48, -1.19, 0.11, -41.29, 50.62, -31.81
-0.32, -1.05, -0.01, -49.50, 40.93, -26.28
-0.17, -0.90, -0.12, -58.72, 17.58, -20.36
-0.09, -0.75, -0.22, -61.42, -8.74, -9.23
-0.07, -0.55, -0.30, -60.75, -34.62, 1.18
-0.07, -0.40, -0.40, -49.72, -43.55, 12.10
-0.10, -0.28, -0.51, -33.90, -35.86, 23.92
-0.18, -0.28, -0.59, -13.89, -14.11, 19.07
-0.30, -0.36, -0.56, 10.32, 1.53, 17.04
-0.37, -0.55, -0.47, 16.03, 18.80, 23.19
-0.34, -0.78, -0.41, 7.78, 16.14, 28.10
-0.30, -0.96, -0.39, 3.38, 7.11, 29.83
-0.28, -0.97, -0.39, 5.93, -6.43, 18.39
-0.35, -1.01, -0.28, 3.37, 0.66, 6.13
-0.44, -1.10, -0.15, -7.87, 10.13, 8.68
-0.45, -1.16, -0.12, -18.74, 19.23, 5.14
-0.41, -1.12, -0.13, -27.96, 18.10, -2.70
-0.36, -0.99, -0.17, -34.46, 21.07, -4.46
-0.28, -0.88, -0.27, -33.25, 17.97, 0.73
-0.22, -0.81, -0.35, -30.13, 11.42, 0.82
-0.17, -0.76, -0.40, -23.69, 3.28, 4.65
-0.15, -0.73, -0.42, -18.01, -2.65, 8.53
-0.16, -0.72, -0.39, -17.43, -7.65, 9.38
-0.23, -0.74, -0.35, -20.73, -8.16, 10.11
-0.29, -0.76, -0.32, -19.57, -0.66, 9.45
-0.32, -0.74, -0.32, -19.21, 6.59, 13.49
-0.31, -0.71, -0.32, -13.99, 6.02, 12.04
-0.27, -0.69, -0.33, -9.96, -1.47, 16.38
-0.25, -0.72, -0.32, -9.03, -11.17, 20.45
-0.26, -0.77, -0.28, -9.14, -19.21, 23.26
-0.31, -0.79, -0.26, -5.98, -23.88, 21.38
-0.37, -0.80, -0.26, -5.40, -22.04, 20.20
-0.42, -0.82, -0.26, -6.10, -14.70, 17.25
-0.45, -0.83, -0.27, -9.90, -5.12, 13.40
-0.46, -0.84, -0.28, -11.15, 3.75, 13.37
-0.43, -0.84, -0.30, -14.37, 9.03, 9.91
-0.38, -0.83, -0.31, -16.98, 5.48, 10.40
-0.34, -0.84, -0.33, -17.54, -5.25, 9.45
-0.33, -0.84, -0.37, -12.68, -9.94, 6.26
-0.36, -0.81, -0.38, -10.96, -6.19, 4.83
-0.39, -0.81, -0.36, -12.44, -0.56, 5.11
-0.39, -0.81, -0.34, -13.13, 1.94, 4.37
-0.37, -0.82, -0.33, -12.42, 4.47, 4.13
-0.36, -0.82, -0.31, -13.64, 3.84, 2.91
-0.34, -0.83, -0.31, -15.10, 0.68, 1.56
-0.32, -0.83, -0.30, -14.77, -3.08, 1.55
-0.31, -0.82, -0.30, -15.27, -4.23, 2.26
-0.32, -0.81, -0.29, -15.73, -4.44, 2.37
-0.35, -0.80, -0.27, -19.04, -3.07, 2.65
-0.37, -0.80, -0.26, -19.11, -0.12, 3.47
-0.36, -0.79, -0.28, -19.35, -1.66, 5.31
-0.34, -0.78, -0.29, -20.56, -4.28, 6.41
-0.34, -0.76, -0.29, -20.65, -6.38, 10.76
-0.33, -0.75, -0.29, -22.64, -9.32, 13.49
-0.35, -0.73, -0.28, -22.36, -10.41, 14.37
-0.36, -0.71, -0.28, -20.65, -15.23, 14.79
-0.37, -0.70, -0.29, -23.97, -25.09, 16.01
-0.36, -0.70, -0.29, -21.96, -29.31, 16.49
-0.37, -0.70, -0.31, -21.05, -26.16, 22.19
-0.38, -0.69, -0.31, -17.66, -22.83, 27.53
-0.38, -0.68, -0.29, -15.11, -24.22, 29.91
-0.37, -0.70, -0.26, -13.46, -29.22, 33.09
-0.36, -0.72, -0.25, -11.50, -38.63, 31.73
-0.37, -0.74, -0.24, -9.79, -34.02, 29.94
-0.42, -0.74, -0.20, -9.97, -45.82, 28.38
-0.45, -0.76, -0.26, -11.18, -54.72, 35.77
-0.33, -0.78, -0.31, -2.00, -64.00, 32.86
-0.37, -0.75, -0.25, 0.82, -64.00, 25.18
-0.53, -0.73, -0.21, -1.85, -46.49, 24.02
-0.62, -0.74, -0.19, -7.81, -27.34, 27.24
-0.58, -0.77, -0.20, -11.31, -23.99, 26.55
-0.47, -0.78, -0.21, -13.87, -36.12, 32.03
-0.40, -0.78, -0.22, -14.36, -57.04, 29.82
-0.43, -0.77, -0.23, -13.52, -64.00, 24.37
-0.50, -0.73, -0.21, -11.01, -64.00, 19.90
-0.57, -0.71, -0.19, -11.09, -60.95, 20.14
-0.63, -0.73, -0.18, -13.61, -47.55, 19.92
-0.62, -0.73, -0.18, -14.35, -41.85, 23.85
-0.55, -0.72, -0.19, -12.42, -47.45, 23.79
-0.51, -0.71, -0.18, -12.47, -58.67, 21.77
-0.52, -0.71, -0.14, -12.98, -64.00, 18.52
-0.56, -0.71, -0.13, -14.08, -61.58, 18.55
-0.59, -0.71, -0.13, -15.00, -58.41, 19.78
-0.59, -0.70, -0.11, -17.44, -55.67, 23.51
-0.56, -0.70, -0.09, -22.39, -56.57, 23.48
-0.55, -0.70, -0.09, -26.45, -59.71, 27.29
-0.54, -0.70, -0.11, -28.23, -61.31, 31.45
-0.53, -0.68, -0.11, -30.49, -62.85, 33.03
-0.56, -0.67, -0.09, -33.41, -64.00, 33.41
-0.60, -0.66, -0.07, -35.04, -63.51, 36.20
-0.62, -0.65, -0.07, -35.59, -61.44, 37.41
-0.66, -0.63, -0.07, -34.55, -53.36, 32.43
-0.69, -0.62, -0.07, -29.04, -47.26, 36.35
-0.69, -0.63, -0.04, -29.43, -42.67, 41.00
-0.69, -0.67, 0.01, -24.67, -41.89, 32.14
-0.69, -0.65, 0.02, -22.12, -40.32, 30.29
-0.69, -0.63, -0.01, -18.76, -35.17, 20.74
-0.76, -0.65, -0.00, -18.68, -17.45, 19.38
-0.79, -0.65, 0.00, -17.54, -5.73, 14.27
-0.77, -0.64, 0.03, -15.07, 0.69, 12.96
-0.73, -0.64, 0.06, -12.55, -0.05, 9.10
-0.69, -0.63, 0.04, -9.99, -6.38, 8.38
-0.68, -0.62, 0.02, -5.51, -9.62, 2.76
-0.70, -0.60, 0.03, -7.95, -5.94, 2.80
-0.73, -0.59, 0.04, -1.05, 0.44, -1.03
-0.71, -0.60, 0.05, -3.95, 1.36, -1.29
-0.67, -0.60, 0.05, -3.41, -7.88, 2.63
-0.66, -0.58, 0.03, 2.66, -14.06, -3.63
-0.68, -0.56, 0.05, -2.26, -9.56, -3.66
-0.72, -0.57, 0.07, -0.35, -0.50, -1.91
-0.75, -0.59, 0.05, 2.65, 7.18, -2.79
-0.71, -0.60, 0.03, 1.09, 3.91, -2.12
-0.67, -0.62, 0.03, 1.29, -3.63, -1.96
-0.68, -0.63, 0.03, 0.74, -10.77, -5.41
-0.73, -0.65, 0.03, 1.87, -7.68, -13.26
-0.76, -0.68, 0.04, -3.82, -1.85, -15.14
-0.79, -0.71, 0.05, -2.14, 4.78, -17.71
-0.78, -0.71, 0.04, -6.46, 4.54, -27.74
-0.75, -0.70, 0.04, -9.29, -1.59, -31.54
-0.74, -0.71, 0.04, -9.41, -4.80, -35.84
-0.74, -0.73, 0.03, -10.92, 1.40, -37.17
-0.76, -0.75, 0.04, -16.94, 13.75, -42.94
-0.79, -0.74, 0.08, -18.96, 25.58, -42.03
-0.74, -0.72, 0.03, -18.67, 34.57, -42.61
-0.65, -0.71, -0.01, -22.48, 28.71, -44.73
-0.60, -0.71, -0.01, -19.69, 23.21, -43.12
-0.57, -0.69, -0.00, -16.55, 19.23, -41.67
-0.57, -0.66, 0.02, -18.72, 15.20, -39.33
-0.56, -0.66, 0.04, -19.23, 13.22, -33.48
-0.53, -0.66, -0.03, -15.31, 12.15, -28.32
-0.51, -0.63, -0.02, -13.54, 14.64, -25.97
-0.49, -0.62, 0.00, -11.17, 17.75, -21.57
-0.48, -0.64, 0.04, -16.58, 8.33, -13.75
-0.46, -0.65, 0.01, -15.11, -4.67, -8.72
-0.44, -0.64, -0.01, -12.19, -16.09, -6.63
-0.49, -0.63, 0.02, -10.73, -15.28, -6.53
-0.57, -0.65, 0.03, -8.03, -5.01, -1.79
-0.60, -0.68, 0.02, -8.27, 5.25, 1.12
-0.60, -0.69, 0.04, -10.17, 7.89, 3.06
-0.59, -0.70, 0.05, -11.44, 2.74, 3.02
-0.58, -0.69, 0.06, -12.68, -5.42, 2.81
-0.60, -0.70, 0.05, -12.56, -12.22, -1.22
-0.63, -0.71, 0.04, -14.78, -9.86, -6.18
-0.66, -0.72, 0.07, -16.84, 0.17, -9.72
-0.68, -0.73, 0.07, -17.66, 8.87, -10.97
-0.64, -0.74, 0.05, -20.59, 11.28, -7.58
-0.60, -0.76, 0.03, -21.31, 8.46, -9.40
-0.56, -0.74, 0.00, -20.07, 3.68, -8.94
-0.55, -0.72, -0.00, -17.09, 1.17, -9.05
-0.58, -0.72, 0.01, -17.74, 3.44, -9.42
-0.60, -0.73, 0.02, -17.97, 3.69, -9.16
-0.59, -0.74, -0.00, -17.77, 9.74, -9.43
-0.60, -0.74, 0.01, -16.62, 17.59, -10.88
-0.60, -0.73, 0.03, -16.24, 23.46, -12.56
-0.60, -0.74, 0.04, -20.29, 26.42, -11.27
-0.59, -0.76, 0.04, -20.86, 28.17, -15.22
-0.58, -0.73, 0.04, -22.22, 25.20, -14.44
-0.58, -0.74, 0.04, -21.49, 28.12, -20.46
-0.60, -0.75, 0.06, -22.16, 35.66, -23.70
-0.60, -0.76, 0.05, -22.60, 36.06, -22.28
-0.52, -0.81, 0.01, -26.14, 17.26, -17.49
-0.44, -0.78, 0.00, -27.66, -8.58, -20.19
-0.42, -0.74, 0.01, -24.36, -27.22, -23.32
-0.50, -0.72, -0.00, -22.35, -18.34, -28.36
-0.58, -0.73, -0.01, -20.30, 5.09, -27.57
-0.59, -0.75, -0.01, -21.85, 24.82, -21.52
-0.53, -0.78, -0.02, -20.91, 31.05, -16.78
-0.46, -0.76, -0.05, -19.63, 23.21, -15.15
-0.41, -0.73, -0.05, -15.50, 4.53, -18.80
-0.41, -0.73, -0.02, -16.45, -3.19, -19.82
-0.45, -0.77, 0.01, -15.60, -1.22, -19.93
-0.48, -0.79, 0.01, -20.25, 2.72, -16.46
-0.45, -0.80, 0.01, -24.38, -5.69, -10.66
-0.39, -0.79, -0.04, -19.22, -22.64, -12.14
-0.38, -0.75, -0.04, -17.31, -35.44, -14.87
-0.43, -0.77, 0.06, -18.99, -41.42, -13.64
-0.45, -0.82, 0.07, -20.76, -18.76, -15.59
-0.48, -0.82, 0.05, -25.34, -11.76, -8.55
-0.47, -0.82, 0.02, -29.33, -16.29, -8.67
-0.41, -0.81, 0.01, -29.96, -36.62, -10.62
-0.39, -0.77, -0.00, -29.29, -52.75, -11.95
-0.41, -0.76, -0.02, -27.09, -64.00, -13.93
-0.43, -0.78, -0.07, -26.06, -64.00, -9.70
-0.42, -0.79, -0.07, -24.59, -64.00, -25.92
-0.50, -0.71, -0.17, 2.72, -58.99, -32.39
-0.74, -0.67, -0.12, 1.96, 20.92, -24.27
-0.77, -0.80, -0.03, -0.37, 63.58, -9.53
-0.50, -0.89, -0.03, -6.24, 51.67, -1.65
-0.30, -0.86, -0.05, -6.13, 18.73, -1.17
-0.28, -0.78, -0.04, 1.10, -17.09, -6.87
-0.39, -0.75, 0.00, -2.43, -26.27, -8.88
-0.56, -0.81, 0.08, -9.42, -13.19, -10.33
-0.61, -0.85, 0.12, -16.80, 4.34, -10.26
-0.57, -0.85, 0.11, -24.87, 14.57, -3.05
-0.47, -0.85, 0.07, -25.05, 12.06, -0.43
-0.39, -0.79, 0.01, -21.96, -0.33, 0.31
-0.34, -0.74, -0.02, -18.57, -13.11, 2.46
-0.34, -0.75, -0.02, -20.30, -18.64, 5.03
-0.40, -0.80, 0.01, -19.17, -13.37, 7.25
-0.47, -0.79, 0.02, -18.99, -2.60, 6.74
-0.49, -0.77, 0.03, -18.87, -0.63, 6.30
-0.46, -0.78, 0.03, -15.17, -6.78, 5.89
-0.40, -0.80, 0.02, -13.53, -19.37, 3.26
-0.38, -0.81, 0.03, -9.61, -25.83, 1.34
-0.40, -0.83, 0.05, -11.79, -22.86, 0.65
-0.45, -0.86, 0.05, -13.77, -14.27, -0.16
-0.47, -0.87, 0.05, -15.32, -6.05, -0.24
-0.47, -0.86, 0.06, -15.19, -4.05, -2.28
-0.43, -0.86, 0.06, -17.39, -11.71, -3.41
-0.40, -0.88, 0.07, -20.49, -23.01, -3.81
-0.40, -0.90, 0.06, -22.62, -24.72, -3.31
-0.44, -0.88, 0.06, -24.37, -21.04, -5.31
-0.48, -0.85, 0.07, -27.53, -7.55, -4.85
-0.49, -0.83, 0.06, -28.14, 0.43, -3.61
-0.46, -0.81, 0.04, -27.53, -0.46, -2.52
-0.41, -0.79, 0.04, -29.26, -9.97, -0.22
-0.37, -0.78, 0.04, -27.38, -19.45, 2.24
-0.37, -0.76, 0.03, -25.89, -24.45, 3.91
-0.40, -0.74, 0.02, -22.23, -19.38, 7.27
-0.42, -0.73, 0.00, -20.40, -14.17, 11.61
-0.42, -0.73, 0.00, -16.94, -14.83, 19.16
-0.39, -0.72, -0.02, -10.96, -21.10, 24.24
-0.37, -0.70, -0.03, -6.70, -28.79, 25.45
-0.38, -0.69, -0.04, 1.93, -32.59, 26.20
-0.40, -0.73, 0.01, 2.82, -33.38, 29.04
-0.43, -0.79, 0.11, -3.09, -29.16, 23.91
-0.49, -0.83, 0.19, -8.38, -28.89, 25.06
-0.54, -0.85, 0.15, -7.07, -21.29, 18.10
-0.59, -0.86, 0.13, -8.78, -15.04, 12.48
-0.60, -0.89, 0.14, -11.89, -8.85, 4.46
-0.61, -0.89, 0.18, -16.76, -2.86, -5.40
-0.61, -0.87, 0.17, -17.02, 3.68, -10.36
-0.57, -0.87, 0.12, -18.20, 5.67, -13.86
-0.54, -0.88, 0.08, -18.94, 10.64, -14.43
-0.51, -0.88, 0.09, -23.93, 9.04, -14.32
-0.50, -0.86, 0.12, -27.49, 4.99, -15.71
-0.48, -0.84, 0.10, -30.56, 6.74, -16.06
-0.47, -0.82, 0.09, -28.23, 5.96, -16.34
-0.48, -0.79, 0.09, -30.73, 11.21, -15.78
-0.48, -0.78, 0.10, -30.29, 12.21, -16.45
-0.46, -0.80, 0.11, -31.83, 9.30, -15.95
-0.44, -0.81, 0.07, -32.98, 10.70, -18.01
-0.43, -0.79, 0.06, -35.78, 8.15, -17.06
-0.43, -0.78, 0.08, -34.05, 7.03, -15.98
-0.44, -0.75, 0.02, -27.89, 15.53, -15.34
-0.44, -0.76, -0.01, -21.88, 21.68, -15.51
-0.44, -0.75, 0.02, -20.12, 30.43, -14.32
-0.43, -0.74, 0.05, -22.32, 31.43, -9.83
-0.41, -0.69, 0.02, -14.79, 28.32, -6.63
-0.38, -0.69, -0.02, -13.27, 23.42, -6.21
-0.37, -0.70, -0.03, -10.13, 13.04, -0.38
-0.34, -0.72, -0.04, -7.15, 5.26, 4.53
-0.33, -0.72, -0.02, -5.64, -2.25, 8.38
-0.36, -0.72, -0.03, -2.64, -3.82, 12.38
-0.38, -0.73, -0.07, 3.77, -4.97, 14.68
-0.44, -0.74, -0.08, 11.21, 2.62, 14.62
-0.44, -0.76, 0.01, 9.86, 3.18, 13.08
-0.50, -0.82, 0.05, 11.14, 11.91, 10.59
-0.51, -0.88, 0.03, 13.61, 12.52, 4.19
-0.52, -0.95, 0.02, 12.76, 15.51, -3.56
-0.55, -1.00, 0.03, 10.06, 22.73, -13.45
-0.57, -1.02, 0.12, 1.39, 29.55, -24.77
-0.60, -1.04, 0.23, -6.98, 34.82, -33.30
-0.59, -1.07, 0.22, -18.51, 41.59, -41.50
-0.55, -1.05, 0.17, -25.37, 40.44, -45.52
-0.47, -0.97, 0.14, -30.14, 36.85, -47.74
-0.40, -0.89, 0.13, -35.26, 34.79, -42.58
-0.34, -0.81, 0.14, -43.42, 37.66, -27.33
-0.26, -0.72, 0.08, -45.11, 27.85, -2.66
-0.11, -0.58, -0.02, -40.67, -1.55, 15.06
-0.05, -0.44, -0.11, -32.23, -29.79, 29.79
-0.10, -0.41, -0.12, -21.53, -50.69, 34.39
-0.25, -0.42, -0.15, -0.83, -43.04, 34.05
-0.43, -0.48, -0.12, 18.38, -13.37, 29.49
-0.59, -0.66, -0.01, 25.67, 24.09, 26.85
-0.64, -0.95, 0.01, 28.67, 43.63, 19.26
-0.58, -1.15, 0.07, 19.60, 38.12, -1.41
-0.56, -1.24, 0.18, 8.11, 35.24, -21.61
-0.62, -1.25, 0.31, -11.08, 29.16, -41.24
-0.63, -1.22, 0.33, -28.11, 28.82, -42.28
-0.50, -1.17, 0.18, -37.96, 32.99, -44.95
-0.38, -1.02, 0.17, -54.06, 16.86, -34.35
-0.27, -0.87, 0.14, -59.28, 4.31, -21.65
-0.15, -0.69, -0.04, -56.11, -17.45, -1.07
-0.05, -0.55, -0.16, -47.01, -35.47, 13.06
-0.04, -0.44, -0.24, -26.42, -55.45, 29.12
-0.16, -0.43, -0.38, -2.89, -61.29, 34.97
-0.31, -0.49, -0.41, 13.74, -46.62, 23.07
-0.55, -0.58, -0.18, 25.95, 0.44, 15.38
-0.74, -0.73, 0.06, 29.23, 59.89, 15.95
-0.71, -0.93, 0.14, 29.34, 64.00, 15.62
-0.55, -1.14, 0.19, 15.62, 59.88, -5.99
-0.52, -1.20, 0.28, 1.34, 30.65, -26.01
-0.60, -1.15, 0.44, -25.65, 20.15, -43.13
-0.63, -1.09, 0.41, -41.78, 32.11, -43.35
-0.50, -1.02, 0.24, -55.43, 30.47, -35.29
-0.32, -0.89, 0.12, -60.25, 12.55, -22.03
-0.18, -0.74, 0.04, -58.88, -14.16, -8.36
-0.11, -0.61, -0.12, -48.81, -41.41, 7.17
-0.08, -0.52, -0.25, -35.66, -53.05, 15.33
-0.15, -0.48, -0.27, -18.89, -60.73, 25.32
-0.25, -0.52, -0.40, 0.30, -47.06, 29.22
-0.33, -0.57, -0.42, 18.58, -20.27, 25.71
-0.46, -0.63, -0.17, 21.56, 14.08, 26.35
-0.57, -0.78, 0.05, 20.68, 39.53, 30.05
-0.54, -0.94, 0.08, 21.70, 46.74, 22.33
-0.50, -1.03, 0.12, 18.51, 45.05, 5.64
-0.53, -1.15, 0.25, 3.75, 28.04, -14.94
-0.65, -1.21, 0.44, -22.91, 21.24, -41.47
-0.74, -1.17, 0.45, -43.24, 31.57, -43.59
-0.59, -1.09, 0.31, -57.89, 23.63, -41.26
-0.31, -0.97, 0.08, -59.14, 7.67, -29.30
-0.14, -0.81, -0.08, -54.51, -14.48, -12.75
-0.10, -0.65, -0.18, -47.56, -31.04, 1.96
-0.08, -0.55, -0.26, -34.72, -48.88, 15.23
-0.12, -0.51, -0.29, -22.35, -53.40, 28.63
-0.18, -0.55, -0.43, -1.78, -49.03, 39.14
-0.26, -0.58, -0.45, 15.74, -33.40, 30.89
-0.48, -0.60, -0.16, 24.24, 6.77, 29.04
-0.63, -0.71, 0.09, 26.64, 34.97, 34.62
-0.62, -0.89, 0.16, 26.12, 45.85, 18.48
-0.59, -1.02, 0.21, 16.05, 43.28, -2.38
-0.63, -1.15, 0.41, -7.20, 23.81, -30.73
-0.74, -1.19, 0.54, -31.54, 20.96, -48.25
-0.71, -1.13, 0.40, -51.28, 26.60, -43.55
-0.47, -1.03, 0.15, -54.23, 17.59, -41.09
-0.23, -0.88, -0.04, -53.47, 4.03, -25.81
-0.12, -0.74, -0.16, -49.21, -19.05, -7.85
-0.09, -0.62, -0.28, -37.77, -35.90, 8.02
-0.09, -0.53, -0.36, -24.17, -42.34, 18.90
-0.17, -0.52, -0.35, -15.65, -42.78, 30.00
-0.25, -0.58, -0.40, 7.01, -35.69, 36.15
-0.34, -0.62, -0.33, 22.30, -21.79, 31.72
-0.50, -0.68, -0.04, 24.93, 18.86, 23.99
-0.67, -0.79, 0.17, 24.27, 52.80, 24.39
-0.60, -0.92, 0.22, 22.86, 57.44, 11.68
-0.56, -1.07, 0.28, 4.08, 39.89, -10.00
-0.60, -1.20, 0.43, -24.27, 12.28, -38.29
-0.67, -1.15, 0.54, -47.65, 10.62, -39.55
-0.53, -1.04, 0.29, -52.31, 7.12, -38.95
-0.35, -0.94, -0.06, -46.05, 10.22, -36.14
-0.26, -0.82, -0.14, -48.92, 5.59, -22.32
-0.20, -0.72, -0.15, -43.22, -8.14, 1.58
-0.10, -0.62, -0.30, -28.95, -20.52, 12.90
-0.08, -0.55, -0.33, -21.66, -33.96, 29.97
-0.14, -0.57, -0.32, -7.75, -42.62, 34.27
-0.23, -0.59, -0.35, 11.73, -35.47, 32.72
-0.37, -0.63, -0.20, 21.24, -14.62, 26.99
-0.57, -0.77, 0.04, 22.47, 24.73, 25.56
-0.64, -0.87, 0.12, 24.04, 44.18, 23.31
-0.60, -0.99, 0.19, 15.14, 40.72, -1.47
-0.63, -1.12, 0.29, -1.97, 31.05, -23.37
-0.70, -1.18, 0.43, -20.62, 21.91, -47.00
-0.72, -1.14, 0.43, -44.22, 20.96, -49.18
-0.54, -1.09, 0.24, -53.69, 21.54, -49.08
-0.36, -1.01, -0.02, -54.27, 16.75, -43.21
-0.22, -0.85, -0.11, -55.67, 10.71, -26.46
-0.12, -0.72, -0.19, -47.84, -7.33, -2.81
-0.01, -0.61, -0.34, -32.52, -24.50, 15.04
0.02, -0.54, -0.37, -19.75, -41.27, 29.95
-0.08, -0.55, -0.37, -7.35, -45.38, 36.75
-0.25, -0.60, -0.33, 8.35, -33.64, 31.81
-0.49, -0.62, -0.15, 19.65, -0.30, 28.58
-0.64, -0.69, 0.06, 22.43, 39.56, 25.28
-0.66, -0.83, 0.14, 19.25, 61.70, 20.49
-0.57, -0.99, 0.20, 11.63, 50.30, 3.72
-0.54, -1.10, 0.35, -13.16, 20.03, -18.29
-0.61, -1.15, 0.42, -29.79, 7.41, -34.43
-0.60, -1.06, 0.35, -44.41, 1.95, -36.32
-0.47, -0.99, 0.15, -48.43, 1.59, -38.15
-0.33, -0.92, -0.03, -48.77, -4.78, -31.37
-0.24, -0.82, -0.16, -45.88, -14.84, -15.66
-0.15, -0.74, -0.26, -37.89, -20.00, 0.30
-0.07, -0.67, -0.31, -26.31, -32.64, 14.35
-0.08, -0.64, -0.37, -15.03, -36.36, 26.60
-0.15, -0.67, -0.41, -1.92, -34.31, 30.94
-0.27, -0.70, -0.32, 9.82, -23.38, 27.86
-0.43, -0.70, -0.15, 18.43, 8.81, 30.67
-0.51, -0.76, 0.04, 19.59, 37.22, 27.03
-0.56, -0.87, 0.18, 15.68, 49.76, 23.77
-0.53, -0.99, 0.23, 3.69, 11.09, 2.87
-0.57, -1.06, 0.33, -13.64, -10.04, -21.71
-0.66, -1.05, 0.37, -23.19, -11.55, -42.08
-0.70, -1.02, 0.36, -48.80, -7.71, -42.49
-0.57, -1.00, 0.20, -53.85, -6.30, -39.16
-0.34, -0.91, -0.04, -51.26, -14.92, -32.00
-0.23, -0.80, -0.21, -45.84, -26.34, -21.99
-0.19, -0.72, -0.29, -34.77, -29.53, -2.89
-0.14, -0.67, -0.34, -23.64, -37.20, 7.80
-0.15, -0.64, -0.38, -12.65, -35.40, 22.32
-0.19, -0.65, -0.42, -4.23, -30.26, 31.87
-0.29, -0.68, -0.33, 3.52, -17.65, 34.37
-0.42, -0.66, -0.15, 16.84, 13.93, 32.33
-0.56, -0.68, 0.09, 20.52, 36.26, 30.38
-0.63, -0.80, 0.21, 19.86, 48.78, 17.62
-0.63, -0.93, 0.22, 12.65, 39.52, -2.52
-0.66, -1.05, 0.33, -10.90, 22.88, -31.15
-0.75, -1.06, 0.49, -31.70, 25.65, -45.22
-0.68, -1.00, 0.40, -46.00, 29.27, -43.67
-0.45, -0.98, 0.13, -45.89, 26.74, -42.42
-0.28, -0.90, -0.09, -47.00, 16.36, -35.07
-0.19, -0.82, -0.17, -43.18, -0.74, -21.38
-0.11, -0.77, -0.26, -37.47, -21.97, -7.30
-0.08, -0.74, -0.31, -32.18, -29.15, 0.29
-0.15, -0.72, -0.28, -25.78, -19.57, 13.68
-0.16, -0.72, -0.34, -14.42, -15.97, 29.17
-0.19, -0.72, -0.35, -1.23, -6.15, 29.19
-0.35, -0.70, -0.22, 12.07, 22.23, 23.89
-0.52, -0.72, -0.07, 20.44, 45.29, 24.33
-0.55, -0.83, 0.08, 18.27, 51.26, 14.32
-0.54, -0.95, 0.19, 7.67, 39.33, -1.28
-0.57, -1.01, 0.33, -10.63, 24.14, -24.52
-0.65, -1.01, 0.39, -29.09, 22.44, -38.04
-0.64, -0.99, 0.29, -43.29, 28.93, -41.37
-0.50, -0.96, 0.13, -46.85, 29.01, -39.48
-0.30, -0.89, -0.07, -44.75, 20.77, -29.38
-0.10, -0.81, -0.23, -34.84, -8.99, -10.92
-0.01, -0.73, -0.29, -23.84, -29.93, -13.36
-0.10, -0.72, -0.21, -22.87, -30.15, -4.64
-0.22, -0.75, -0.18, -16.80, -18.94, 5.62
-0.25, -0.77, -0.31, -10.78, -3.00, 17.60
-0.31, -0.76, -0.29, -7.74, 1.26, 18.19
-0.41, -0.74, -0.16, -0.46, 12.52, 14.79
-0.48, -0.75, -0.04, 6.69, 22.39, 5.74
-0.55, -0.85, 0.08, 3.95, 33.07, -9.85
-0.58, -0.99, 0.20, -11.11, 34.28, -23.62
-0.57, -1.07, 0.26, -27.06, 34.25, -33.12
-0.49, -1.02, 0.15, -31.69, 31.50, -30.61
-0.33, -0.95, -0.05, -31.42, 23.54, -29.01
-0.23, -0.89, -0.08, -33.61, 11.91, -28.40
-0.19, -0.84, -0.12, -27.45, 8.32, -17.56
-0.14, -0.78, -0.28, -18.53, 10.98, -2.38
-0.06, -0.72, -0.34, -10.84, 4.69, 16.41
-0.01, -0.70, -0.38, -4.57, -11.46, 25.15
-0.11, -0.72, -0.29, -6.31, -24.30, 22.82
-0.25, -0.74, -0.15, -4.15, -24.01, 23.95
-0.37, -0.78, -0.09, 0.04, -11.85, 21.30
-0.45, -0.85, -0.08, 3.49, 2.67, 14.45
-0.53, -0.94, -0.01, -0.48, 17.98, 5.21
-0.54, -1.02, 0.08, -6.47, 25.81, -7.86
-0.55, -1.08, 0.13, -11.38, 31.04, -23.91
-0.53, -1.09, 0.14, -15.12, 34.48, -33.13
-0.48, -1.08, 0.15, -28.48, 32.06, -36.87
-0.39, -1.06, 0.11, -42.68, 32.93, -33.23
-0.25, -0.96, -0.03, -45.00, 23.96, -19.69
-0.11, -0.81, -0.16, -41.79, -0.26, -5.50
-0.03, -0.68, -0.27, -30.97, -22.14, 8.33
0.02, -0.58, -0.41, -13.32, -35.86, 26.51
-0.07, -0.52, -0.34, -7.13, -54.38, 18.99
-0.28, -0.58, -0.24, -0.78, -44.11, 19.70
-0.37, -0.69, -0.16, 9.47, -23.08, 24.15
-0.40, -0.79, -0.14, 10.71, 0.10, 21.25
-0.43, -0.91, -0.13, 12.28, 19.63, 17.94
-0.42, -0.99, -0.03, 7.41, 23.89, 12.40
-0.40, -1.09, 0.05, -0.71, 17.38, 1.24
-0.43, -1.14, 0.11, -6.68, 13.42, -15.04
-0.50, -1.10, 0.18, -18.10, 6.57, -27.29
-0.53, -1.08, 0.19, -35.77, 2.42, -33.95
-0.48, -1.08, 0.12, -47.93, 5.86, -39.94
-0.42, -1.00, 0.03, -55.68, 20.58, -35.10
-0.31, -0.87, -0.12, -51.86, 29.68, -15.97
-0.13, -0.73, -0.32, -32.53, 14.66, 9.42
0.06, -0.58, -0.42, -16.46, -8.04, 25.02
0.11, -0.46, -0.37, -1.79, -45.98, 34.07
-0.09, -0.48, -0.26, 1.93, -63.44, 25.02
-0.27, -0.57, -0.19, 10.59, -53.78, 32.09
-0.35, -0.64, -0.07, 13.36, -36.11, 28.71
-0.50, -0.75, -0.05, 15.32, 5.18, 24.09
-0.58, -0.87, -0.04, 15.55, 35.53, 20.91
-0.53, -1.01, -0.00, 13.14, 48.06, 12.47
-0.46, -1.12, 0.03, 7.64, 44.41, -0.59
-0.46, -1.17, 0.08, -0.27, 28.96, -20.00
-0.53, -1.15, 0.19, -20.91, 17.00, -37.34
-0.50, -1.11, 0.17, -30.19, 7.97, -36.30
-0.37, -1.03, 0.01, -35.78, 0.32, -40.49
-0.32, -0.99, -0.05, -41.15, -1.28, -39.36
-0.31, -0.92, -0.09, -45.08, 6.80, -26.79
-0.22, -0.82, -0.18, -41.91, 9.97, -6.88
-0.03, -0.72, -0.31, -28.73, -4.07, 17.17
0.11, -0.60, -0.45, -9.46, -30.42, 29.74
0.07, -0.54, -0.49, 2.00, -55.48, 33.51
-0.10, -0.61, -0.30, 3.48, -47.62, 30.34
-0.29, -0.68, -0.03, 9.77, -27.94, 30.47
-0.52, -0.75, 0.00, 14.27, 14.50, 30.87
-0.50, -0.89, -0.02, 17.83, 40.04, 27.98
-0.42, -1.01, 0.01, 14.74, 42.05, 23.33
-0.36, -1.08, 0.14, 5.03, 8.23, 5.06
-0.46, -1.11, 0.31, -15.17, -12.71, -13.77
-0.56, -1.06, 0.29, -19.04, -13.09, -26.28
-0.56, -0.99, 0.17, -32.13, -12.03, -26.14
-0.44, -0.95, 0.07, -36.93, -20.78, -25.25
-0.34, -0.89, -0.05, -38.28, -30.21, -24.78
-0.28, -0.81, -0.17, -32.42, -26.15, -14.65
-0.23, -0.73, -0.26, -24.99, -18.23, -0.37
-0.14, -0.67, -0.33, -12.40, -16.41, 18.52
-0.06, -0.65, -0.45, 0.26, -30.42, 34.89
-0.05, -0.68, -0.47, 9.42, -39.10, 34.24
-0.24, -0.69, -0.22, 11.14, -29.01, 30.74
-0.42, -0.74, -0.02, 13.07, -0.94, 37.80
-0.52, -0.88, 0.09, 12.40, 9.42, 31.05
-0.58, -0.97, 0.15, 5.35, 4.98, 11.24
-0.68, -1.00, 0.23, -4.99, 4.76, -8.83
-0.74, -1.01, 0.30, -13.30, 10.02, -29.00
-0.70, -1.00, 0.24, -20.29, 25.62, -37.54
-0.57, -0.97, 0.15, -31.84, 26.02, -33.93
-0.35, -0.93, 0.02, -34.08, 11.26, -31.00
-0.21, -0.85, -0.07, -35.00, -1.20, -15.69
-0.13, -0.77, -0.10, -35.51, -19.00, -1.82
-0.11, -0.71, -0.16, -30.87, -24.77, 10.72
-0.10, -0.69, -0.20, -25.66, -34.27, 26.08
-0.13, -0.71, -0.26, -18.52, -38.89, 32.55
-0.23, -0.72, -0.33, 0.26, -32.14, 32.80
-0.32, -0.70, -0.27, 12.77, -18.61, 30.05
-0.42, -0.75, -0.08, 16.62, 10.00, 22.88
-0.52, -0.83, 0.11, 16.52, 40.81, 22.43
-0.52, -0.93, 0.13, 14.80, 46.62, 20.78
-0.47, -1.03, 0.16, 0.08, 14.55, -3.04
-0.53, -1.05, 0.28, -12.04, -5.73, -20.89
-0.59, -1.01, 0.32, -19.74, -11.61, -36.62
-0.60, -0.98, 0.23, -29.99, 5.93, -39.10
-0.49, -0.96, 0.12, -36.59, 8.19, -33.99
-0.33, -0.90, 0.02, -38.96, 0.00, -24.10
-0.17, -0.82, -0.10, -34.64, -12.22, -8.77
-0.10, -0.74, -0.18, -27.71, -27.82, 6.14
-0.08, -0.69, -0.23, -20.68, -42.75, 19.81
-0.09, -0.68, -0.24, -16.47, -59.02, 28.47
-0.20, -0.71, -0.27, -6.27, -64.00, 29.37
-0.30, -0.71, -0.27, 5.96, -50.13, 29.51
-0.40, -0.71, -0.16, 14.09, -30.63, 26.72
-0.49, -0.76, -0.07, 21.62, 4.73, 24.74
-0.55, -0.84, 0.08, 16.69, 24.88, 21.52
-0.59, -0.97, 0.20, 10.48, 32.29, 9.08
-0.59, -1.01, 0.26, -1.14, 23.54, -7.53
-0.64, -1.01, 0.37, -13.38, 16.98, -33.27
-0.70, -1.01, 0.36, -20.85, 27.61, -44.34
-0.62, -1.03, 0.33, -40.78, 25.37, -44.25
-0.41, -1.01, 0.14, -43.25, 25.72, -38.49
-0.19, -0.89, -0.05, -43.37, 9.00, -25.03
-0.08, -0.78, -0.09, -42.45, -7.76, -10.37
-0.03, -0.73, -0.17, -33.65, -26.99, 6.89
-0.00, -0.70, -0.25, -26.38, -41.91, 20.75
-0.06, -0.70, -0.26, -18.88, -55.88, 31.79
-0.16, -0.73, -0.29, -6.20, -52.38, 34.78
-0.34, -0.71, -0.25, 6.49, -33.38, 32.93
-0.44, -0.69, -0.10, 14.59, -5.85, 28.60
-0.52, -0.73, 0.09, 19.02, 24.35, 28.93
-0.57, -0.81, 0.22, 18.16, 33.17, 16.15
-0.60, -0.93, 0.27, 2.76, 25.39, 3.20
-0.61, -1.03, 0.36, -12.71, 5.75, -25.06
-0.68, -1.01, 0.43, -27.34, 8.22, -33.97
-0.60, -0.97, 0.36, -38.18, 1.87, -35.15
-0.41, -0.95, 0.13, -40.00, -1.80, -30.67
-0.27, -0.91, -0.05, -39.55, -6.95, -22.79
-0.20, -0.84, -0.11, -37.59, -13.61, -11.90
-0.20, -0.79, -0.18, -33.80, -16.56, 3.71
-0.14, -0.77, -0.19, -31.04, -29.08, 17.90
-0.13, -0.74, -0.21, -24.20, -39.92, 26.50
-0.20, -0.73, -0.26, -13.45, -36.74, 33.39
-0.27, -0.73, -0.28, 1.30, -22.87, 30.92
-0.38, -0.71, -0.16, 13.28, -2.21, 34.19
-0.46, -0.74, 0.01, 18.80, 21.82, 27.51
-0.54, -0.81, 0.14, 21.24, 38.36, 19.27
-0.60, -0.90, 0.26, 11.32, 33.77, 6.74
-0.63, -1.01, 0.31, -7.88, 20.60, -18.85
-0.71, -1.01, 0.42, -27.15, 15.87, -38.02
-0.72, -0.94, 0.44, -42.34, 16.52, -37.22
-0.52, -0.94, 0.23, -46.85, 11.45, -38.86
-0.30, -0.91, 0.01, -44.34, 3.57, -32.33
-0.21, -0.83, -0.10, -40.78, -4.77, -16.99
-0.13, -0.78, -0.18, -33.53, -18.60, -2.05
-0.09, -0.75, -0.25, -27.64, -25.97, 12.21
-0.09, -0.74, -0.26, -21.31, -34.63, 26.56
-0.11, -0.75, -0.33, -7.94, -39.50, 40.18
-0.19, -0.75, -0.34, 4.87, -31.42, 36.08
-0.38, -0.70, -0.13, 10.37, -3.58, 32.40
-0.52, -0.72, 0.09, 12.66, 15.73, 36.84
-0.55, -0.82, 0.20, 12.49, 22.55, 21.21
-0.58, -0.88, 0.25, 10.38, 27.72, 5.36
-0.63, -0.96, 0.28, -2.92, 16.76, -10.37
-0.67, -1.02, 0.36, -17.52, 9.24, -36.81
-0.71, -0.97, 0.40, -35.98, 12.68, -36.49
-0.58, -0.95, 0.26, -43.49, 10.14, -39.38
-0.38, -0.93, 0.04, -41.06, 8.46, -32.80
-0.26, -0.86, -0.07, -39.99, 1.49, -21.10
-0.20, -0.79, -0.12, -38.74, -7.88, -7.39
-0.17, -0.74, -0.19, -32.26, -17.42, 2.78
-0.16, -0.70, -0.21, -24.99, -20.51, 16.59
-0.16, -0.70, -0.22, -18.79, -28.60, 30.03
-0.20, -0.73, -0.28, -3.21, -27.17, 37.17
-0.30, -0.70, -0.28, 10.32, -10.81, 31.84
-0.42, -0.69, -0.11, 13.63, 4.46, 35.94
-0.46, -0.76, 0.11, 10.71, 16.98, 23.58
-0.57, -0.80, 0.22, 11.35, 33.62, 19.96
-0.60, -0.86, 0.22, 7.64, 27.73, 8.49
-0.59, -0.97, 0.25, -4.20, 12.75, -12.92
-0.63, -1.03, 0.31, -13.77, 7.03, -28.16
-0.64, -0.98, 0.29, -19.69, 14.70, -38.12
-0.57, -0.95, 0.21, -30.77, 17.24, -37.17
-0.45, -0.95, 0.13, -38.32, 13.48, -35.05
-0.33, -0.91, 0.02, -39.25, 7.26, -25.49
-0.24, -0.84, -0.06, -40.21, -7.91, -16.70
-0.21, -0.78, -0.11, -37.30, -17.07, -2.13
-0.17, -0.74, -0.20, -29.44, -26.75, 9.81
-0.16, -0.71, -0.23, -21.82, -30.01, 19.42
-0.19, -0.72, -0.23, -12.90, -29.82, 30.73
-0.24, -0.73, -0.25, 2.04, -17.54, 30.90
-0.34, -0.66, -0.14, 10.72, 4.75, 30.71
-0.44, -0.72, 0.04, 12.34, 6.67, 26.54
-0.53, -0.79, 0.12, 14.73, 27.67, 19.06
-0.57, -0.86, 0.19, 12.34, 23.68, 6.09
-0.61, -0.94, 0.25, 0.15, 23.02, -12.73
-0.65, -0.99, 0.32, -9.95, 15.13, -29.82
-0.66, -0.98, 0.35, -19.86, 17.76, -42.08
-0.62, -0.94, 0.33, -37.46, 14.33, -43.24
-0.48, -0.94, 0.17, -43.18, 15.45, -40.51
-0.31, -0.91, -0.01, -40.68, 6.80, -28.31
-0.21, -0.83, -0.08, -43.10, -6.51, -21.60
-0.19, -0.78, -0.15, -37.77, -15.97, -5.41
-0.17, -0.73, -0.23, -28.13, -14.46, 6.23
-0.13, -0.71, -0.28, -19.47, -20.92, 27.38
-0.12, -0.71, -0.30, -9.51, -22.75, 31.50
-0.24, -0.70, -0.27, 3.28, -12.24, 31.34
-0.36, -0.69, -0.13, 11.91, 2.87, 33.09
-0.45, -0.74, 0.03, 14.87, 10.28, 34.44
-0.48, -0.83, 0.11, 14.15, 11.84, 22.01
-0.55, -0.89, 0.18, 12.32, 21.17, 3.83
-0.62, -0.94, 0.27, 2.78, 24.48, -10.27
-0.68, -1.02, 0.38, -16.58, 19.85, -30.66
-0.68, -1.02, 0.40, -29.78, 17.51, -33.94
-0.57, -0.98, 0.32, -42.55, 9.33, -36.87
-0.41, -0.94, 0.08, -43.04, 4.51, -37.00
-0.30, -0.87, -0.05, -41.50, 2.41, -27.74
-0.23, -0.80, -0.10, -37.46, -8.46, -12.08
-0.18, -0.76, -0.18, -30.94, -12.66, -5.21
-0.17, -0.73, -0.23, -27.33, -14.46, 15.13
-0.13, -0.72, -0.24, -18.36, -20.74, 24.33
-0.18, -0.72, -0.25, -8.83, -16.05, 30.50
-0.26, -0.71, -0.23, 4.50, -6.29, 31.73
-0.32, -0.73, -0.12, 12.92, -5.69, 34.88
-0.38, -0.79, -0.03, 17.79, 3.11, 25.82
-0.49, -0.86, 0.11, 14.78, 19.55, 17.33
-0.59, -0.91, 0.27, 8.03, 24.91, 5.17
-0.66, -0.99, 0.33, -6.67, 20.31, -14.86
-0.71, -1.02, 0.34, -20.48, 18.58, -36.32
-0.72, -0.98, 0.38, -43.07, 12.32, -38.07
-0.60, -0.97, 0.31, -49.12, 9.23, -43.36
-0.41, -0.91, 0.06, -47.15, 10.58, -38.84
-0.26, -0.82, -0.11, -43.77, 6.12, -24.31
-0.20, -0.77, -0.15, -38.87, -0.69, -13.63
-0.15, -0.73, -0.26, -24.98, -5.23, 8.77
-0.06, -0.71, -0.34, -17.35, -18.86, 17.45
-0.10, -0.72, -0.32, -12.48, -21.44, 32.37
-0.18, -0.75, -0.29, 2.40, -11.29, 33.03
-0.29, -0.74, -0.16, 10.07, 2.26, 32.93
-0.42, -0.78, 0.03, 11.65, 15.13, 30.91
-0.49, -0.87, 0.12, 13.74, 24.73, 22.58
-0.52, -0.92, 0.19, 8.56, 20.80, 6.86
-0.59, -0.97, 0.25, -0.65, 16.36, -12.60
-0.65, -1.00, 0.37, -16.26, 5.21, -31.39
-0.68, -0.98, 0.35, -32.62, 11.21, -37.13
-0.61, -0.95, 0.24, -41.85, 13.81, -37.53
-0.45, -0.88, 0.09, -44.01, 7.79, -36.92
-0.34, -0.80, -0.02, -42.84, 0.15, -30.53
-0.29, -0.77, -0.09, -38.50, -3.80, -24.56
-0.26, -0.74, -0.17, -34.16, -6.20, -7.80
-0.18, -0.72, -0.24, -27.52, -8.42, 1.69
-0.14, -0.71, -0.27, -21.44, -9.97, 16.16
-0.14, -0.75, -0.26, -10.49, -3.37, 29.64
-0.17, -0.77, -0.19, 4.01, -2.64, 29.69
-0.29, -0.76, -0.13, 14.88, 5.28, 23.05
-0.45, -0.81, -0.05, 19.10, 20.52, 16.87
-0.56, -0.87, 0.06, 19.76, 33.02, 8.48
-0.59, -0.94, 0.14, 9.55, 33.81, -3.15
-0.57, -1.00, 0.28, -8.91, 17.40, -19.75
-0.58, -1.02, 0.38, -25.40, 13.03, -29.84
-0.54, -1.00, 0.33, -41.90, 8.52, -30.07
-0.42, -0.97, 0.20, -47.96, 1.65, -30.14
-0.30, -0.89, 0.01, -45.10, -0.20, -20.39
-0.21, -0.80, -0.09, -44.74, -5.22, -11.41
-0.18, -0.74, -0.17, -36.90, -13.96, 3.01
-0.13, -0.70, -0.26, -25.25, -22.02, 10.77
-0.15, -0.69, -0.24, -21.24, -31.93, 23.48
-0.17, -0.72, -0.25, -8.05, -33.65, 27.40
-0.24, -0.71, -0.31, 7.81, -26.26, 30.69
-0.33, -0.73, -0.20, 12.68, -10.58, 24.60
-0.49, -0.78, -0.01, 15.02, 18.60, 20.10
-0.57, -0.83, 0.06, 19.61, 45.52, 22.24
-0.52, -0.89, 0.12, 17.03, 43.16, 12.26
-0.52, -0.98, 0.19, 5.25, 30.44, -4.79
-0.56, -1.07, 0.28, -11.47, 7.86, -25.82
-0.66, -1.04, 0.43, -33.48, 6.76, -38.72
-0.63, -1.00, 0.34, -43.85, 7.76, -35.79
-0.49, -0.97, 0.09, -48.12, 13.70, -41.20
-0.37, -0.88, -0.06, -47.70, 17.55, -30.67
-0.25, -0.75, -0.14, -42.77, 5.55, -18.52
-0.16, -0.71, -0.20, -34.83, -9.05, -8.95
-0.14, -0.69, -0.25, -27.38, -17.14, -4.76
-0.20, -0.71, -0.25, -21.31, -12.17, 8.44
-0.21, -0.75, -0.29, -8.52, -3.72, 21.88
-0.18, -0.76, -0.36, 10.02, -0.70, 25.58
-0.21, -0.74, -0.23, 16.93, 10.36, 24.43
-0.35, -0.78, 0.03, 14.85, 23.40, 27.26
-0.44, -0.87, 0.13, 13.06, 22.77, 23.29
-0.45, -0.93, 0.13, 6.81, 12.46, 10.84
-0.47, -0.98, 0.19, -3.37, -0.41, -3.84
-0.53, -1.01, 0.29, -16.72, -5.61, -21.26
-0.60, -1.02, 0.27, -25.49, 7.20, -30.50
-0.60, -0.99, 0.28, -48.53, 4.36, -30.52
-0.46, -0.95, 0.15, -49.76, 6.72, -29.95
-0.30, -0.86, -0.08, -44.38, -2.30, -20.64
-0.19, -0.78, -0.20, -38.09, -13.42, -17.29
-0.17, -0.74, -0.26, -28.62, -17.21, -2.80
-0.12, -0.73, -0.31, -15.65, -19.72, 8.10
-0.11, -0.73, -0.37, -8.40, -19.82, 27.03
-0.10, -0.77, -0.35, 2.85, -19.28, 31.20
-0.20, -0.75, -0.19, 9.17, -7.12, 26.83
-0.42, -0.75, -0.01, 12.93, 22.10, 26.38
-0.53, -0.82, 0.10, 13.31, 35.73, 25.71
-0.52, -0.92, 0.12, 6.48, 25.53, 14.93
-0.52, -0.99, 0.22, -7.85, 6.80, -8.54
-0.60, -1.00, 0.35, -22.81, 2.24, -22.79
-0.61, -1.00, 0.30, -29.38, 8.18, -32.06
-0.53, -1.00, 0.23, -44.94, 8.04, -30.84
-0.41, -0.95, 0.07, -43.68, 10.11, -28.81
-0.28, -0.84, -0.11, -39.78, 6.54, -18.84
-0.19, -0.76, -0.20, -34.00, -4.69, -9.07
-0.17, -0.72, -0.25, -26.08, -9.37, 0.47
-0.12, -0.69, -0.28, -15.29, -21.05, 16.24
-0.11, -0.70, -0.25, -14.78, -29.62, 21.93
-0.19, -0.73, -0.25, -1.78, -27.04, 31.29
-0.25, -0.72, -0.21, 6.81, -19.40, 27.89
-0.38, -0.75, -0.06, 9.77, 1.19, 24.29
-0.48, -0.82, 0.03, 13.68, 20.93, 23.68
-0.50, -0.90, 0.10, 11.75, 28.94, 18.17
-0.49, -0.97, 0.14, 5.90, 19.73, 1.53
-0.53, -1.04, 0.21, -9.28, 7.91, -14.64
-0.60, -1.06, 0.32, -26.74, -1.76, -32.65
-0.62, -1.03, 0.33, -38.59, 0.44, -34.28
-0.53, -0.99, 0.16, -44.84, 3.69, -36.69
-0.40, -0.93, -0.02, -45.05, 7.07, -32.94
-0.29, -0.84, -0.13, -43.25, 2.38, -22.84
-0.21, -0.77, -0.20, -35.45, -5.45, -12.69
-0.13, -0.72, -0.26, -28.41, -9.93, 0.65
-0.12, -0.70, -0.27, -21.47, -20.78, 7.47
-0.14, -0.71, -0.28, -15.62, -23.48, 19.78
-0.19, -0.74, -0.31, -5.46, -20.17, 25.72
-0.31, -0.75, -0.26, 8.07, -12.16, 21.38
-0.38, -0.75, -0.15, 14.99, 8.35, 20.84
-0.43, -0.82, 0.01, 13.51, 23.18, 17.69
-0.51, -0.88, 0.17, 6.83, 37.09, 11.52
-0.54, -0.94, 0.19, 2.58, 35.35, 2.66
-0.52, -1.02, 0.19, -8.08, 18.61, -17.37
-0.56, -1.05, 0.31, -27.19, 6.73, -30.88
-0.58, -1.02, 0.33, -41.59, 5.80, -35.66
-0.48, -0.96, 0.15, -43.81, 13.31, -38.70
-0.36, -0.89, -0.01, -44.86, 18.08, -32.45
-0.22, -0.80, -0.13, -40.17, 16.01, -11.94
-0.07, -0.73, -0.22, -28.67, -5.37, -1.29
-0.08, -0.67, -0.26, -21.01, -16.22, 2.98
-0.14, -0.69, -0.26, -18.97, -18.36, 16.15
-0.18, -0.75, -0.24, -13.41, -17.68, 22.61
-0.24, -0.74, -0.21, -4.72, -14.20, 26.26
-0.34, -0.72, -0.18, 5.75, 0.05, 25.98
-0.37, -0.75, -0.12, 13.28, -1.17, 29.24
-0.37, -0.84, -0.08, 18.14, 8.10, 16.32
-0.44, -0.94, 0.02, 10.35, 16.15, 10.18
-0.52, -1.02, 0.15, 0.79, 21.91, 0.80
-0.54, -1.08, 0.21, -10.38, 12.70, -16.27
-0.55, -1.10, 0.21, -19.96, 7.37, -29.97
-0.54, -1.08, 0.21, -34.97, -0.72, -37.32
-0.47, -1.03, 0.13, -41.06, -0.85, -42.63
-0.33, -0.93, -0.05, -37.90, -1.85, -34.92
-0.20, -0.83, -0.13, -35.21, -8.55, -27.71
-0.22, -0.77, -0.11, -39.37, -4.30, -22.60
-0.24, -0.74, -0.16, -34.71, 4.16, 0.22
-0.16, -0.68, -0.23, -29.51, 2.69, 13.37
-0.09, -0.63, -0.26, -22.97, -9.51, 28.78
-0.06, -0.64, -0.27, -11.91, -21.06, 35.79
-0.13, -0.64, -0.25, 4.45, -16.96, 34.52
-0.26, -0.66, -0.13, 18.54, -15.53, 40.05
-0.38, -0.77, -0.04, 25.54, 2.01, 23.78
-0.50, -0.91, 0.05, 22.09, 17.02, 14.90
-0.59, -1.04, 0.19, 7.92, 20.37, 5.28
-0.58, -1.10, 0.23, -2.13, 14.31, -9.94
-0.57, -1.10, 0.29, -21.31, 0.16, -29.63
-0.58, -1.06, 0.35, -38.57, -5.69, -30.47
-0.43, -1.04, 0.14, -40.13, -10.84, -34.89
-0.30, -0.96, -0.08, -40.37, -11.18, -29.35
-0.20, -0.85, -0.19, -32.82, -9.00, -13.91
-0.16, -0.77, -0.21, -31.81, -14.35, -7.96
-0.19, -0.73, -0.20, -33.19, -13.82, 6.59
-0.15, -0.71, -0.21, -28.95, -22.84, 23.29
-0.11, -0.69, -0.23, -25.86, -29.92, 32.75
-0.16, -0.69, -0.31, -11.34, -29.33, 37.44
-0.23, -0.67, -0.32, 6.89, -18.86, 33.46
-0.30, -0.70, -0.15, 14.28, -7.20, 35.22
-0.41, -0.82, 0.02, 16.61, 11.67, 30.47
-0.50, -0.91, 0.12, 17.89, 24.50, 24.87
-0.54, -0.97, 0.13, 10.38, 14.08, 9.85
-0.58, -1.05, 0.21, -6.86, -7.06, -15.93
-0.68, -1.06, 0.32, -20.65, -7.47, -33.38
-0.70, -1.04, 0.27, -29.33, 6.06, -42.19
-0.62, -1.03, 0.16, -44.82, 12.59, -42.99
-0.44, -1.00, 0.03, -47.05, 13.02, -38.58
-0.27, -0.90, -0.11, -42.12, 10.45, -23.43
-0.12, -0.80, -0.20, -37.12, -2.97, -9.60
-0.11, -0.75, -0.20, -36.14, -9.59, -1.45
-0.13, -0.70, -0.18, -35.33, -14.91, 16.50
-0.09, -0.66, -0.21, -27.87, -25.79, 30.59
-0.09, -0.65, -0.30, -17.51, -28.83, 40.27
-0.17, -0.65, -0.30, -0.51, -18.86, 37.65
-0.32, -0.65, -0.17, 14.48, -1.28, 37.43
-0.45, -0.71, -0.03, 23.59, 24.04, 36.64
-0.49, -0.86, 0.03, 22.46, 30.37, 24.94
-0.50, -0.99, 0.12, 15.45, 14.42, 9.37
-0.56, -1.02, 0.25, 1.04, 1.94, -11.78
-0.65, -1.05, 0.35, -15.06, -3.12, -32.15
-0.69, -1.06, 0.34, -29.06, 4.01, -37.36
-0.58, -1.04, 0.24, -43.96, -0.47, -40.20
-0.41, -1.00, 0.05, -47.16, 0.73, -38.67
-0.28, -0.90, -0.14, -42.06, 3.35, -23.52
-0.15, -0.80, -0.20, -38.24, -8.55, -6.46
-0.11, -0.73, -0.24, -30.14, -22.03, -3.16
-0.17, -0.69, -0.25, -23.99, -21.55, 10.24
-0.20, -0.67, -0.23, -20.58, -19.64, 18.59
-0.24, -0.67, -0.23, -13.18, -17.35, 29.82
-0.28, -0.66, -0.25, 3.71, -9.02, 28.15
-0.36, -0.62, -0.19, 13.84, 1.32, 30.11
-0.40, -0.69, -0.09, 19.65, 10.10, 29.63
-0.44, -0.79, 0.01, 19.70, 21.97, 24.34
-0.51, -0.87, 0.11, 17.66, 36.07, 15.11
-0.56, -0.98, 0.22, 6.44, 28.49, -0.45
-0.59, -1.10, 0.26, -7.54, 13.73, -19.20
-0.61, -1.10, 0.26, -19.88, 7.40, -38.67
-0.57, -1.06, 0.22, -29.58, 6.73, -39.49
-0.48, -1.01, 0.14, -42.71, 7.15, -44.70
-0.38, -0.97, -0.03, -43.47, 14.73, -36.75
-0.24, -0.87, -0.18, -37.83, 0.29, -19.77
-0.16, -0.78, -0.23, -34.29, -15.07, -21.26
-0.18, -0.75, -0.21, -32.41, -17.95, -6.29
-0.16, -0.73, -0.18, -27.77, -16.24, 5.97
-0.10, -0.70, -0.25, -18.99, -10.90, 23.88
-0.09, -0.69, -0.31, -4.64, -13.55, 29.48
-0.22, -0.69, -0.28, 9.79, 2.52, 26.85
-0.38, -0.70, -0.16, 16.16, 28.01, 30.43
-0.45, -0.81, 0.02, 14.34, 37.82, 35.92
-0.43, -0.91, 0.10, 10.50, 17.62, 16.23
-0.51, -0.99, 0.20, -6.82, -4.00, -4.05
-0.60, -1.03, 0.32, -15.83, -5.50, -21.81
-0.60, -1.02, 0.31, -18.39, -2.28, -37.29
-0.56, -1.03, 0.17, -25.95, 14.84, -43.21
-0.47, -1.02, -0.00, -34.15, 28.14, -36.51
-0.32, -0.94, 0.00, -43.31, 15.26, -26.99
-0.20, -0.86, -0.03, -44.24, -3.71, -24.55
-0.19, -0.83, -0.14, -41.81, -11.15, -15.32
-0.19, -0.78, -0.22, -35.57, -12.37, -2.95
-0.15, -0.70, -0.28, -26.03, -12.00, 7.03
-0.11, -0.65, -0.30, -19.36, -10.67, 23.27
-0.12, -0.67, -0.30, -7.10, -14.58, 27.97
-0.26, -0.69, -0.25, 3.09, -2.74, 20.98
-0.43, -0.73, -0.11, 11.42, 18.46, 20.44
-0.48, -0.81, -0.02, 15.10, 27.77, 17.54
-0.47, -0.92, 0.04, 7.05, 26.65, 5.68
-0.48, -0.99, 0.14, -2.05, 19.42, -7.68
-0.49, -1.06, 0.21, -14.46, 12.92, -19.96
-0.50, -1.03, 0.24, -21.91, 13.89, -29.88
-0.47, -1.02, 0.15, -27.71, 19.38, -31.54
-0.42, -1.00, 0.01, -36.23, 22.18, -32.40
-0.34, -0.92, -0.07, -35.89, 17.71, -27.31
-0.24, -0.79, -0.19, -26.64, 11.16, -9.61
-0.14, -0.68, -0.27, -18.94, -6.42, -4.41
-0.10, -0.63, -0.21, -16.76, -15.45, 12.41
-0.08, -0.66, -0.20, -13.09, -22.36, 23.12
-0.13, -0.69, -0.23, -3.57, -22.07, 29.11
-0.22, -0.71, -0.16, 1.68, -14.17, 31.73
-0.33, -0.79, -0.11, 7.06, 1.54, 27.19
-0.44, -0.88, -0.08, 8.75, 16.77, 23.31
-0.45, -0.97, 0.01, 6.02, 15.91, 16.77
-0.44, -1.04, 0.10, 0.46, 11.09, 3.40
-0.45, -1.09, 0.13, -5.81, 4.72, -9.39
-0.48, -1.08, 0.15, -11.31, 3.09, -23.26
-0.48, -1.05, 0.19, -23.14, -1.41, -28.69
-0.44, -1.06, 0.14, -34.97, -6.41, -34.27
-0.41, -1.04, 0.05, -46.43, 1.28, -36.91
-0.36, -0.91, -0.04, -48.66, 16.10, -22.93
-0.22, -0.80, -0.14, -45.03, 14.03, -1.17
-0.03, -0.67, -0.27, -32.14, -10.55, 19.32
0.10, -0.57, -0.33, -21.16, -40.97, 30.67
0.02, -0.56, -0.31, -10.53, -64.00, 32.19
-0.19, -0.63, -0.30, 2.92, -54.00, 36.29
-0.34, -0.69, -0.25, 15.38, -31.13, 38.20
-0.41, -0.74, -0.11, 15.37, -1.10, 35.76
-0.48, -0.84, 0.04, 16.04, 25.98, 39.22
-0.49, -0.93, 0.12, 14.28, 29.50, 28.87
-0.50, -0.99, 0.13, 11.71, 14.47, 14.57
-0.57, -1.02, 0.16, 3.46, 8.29, -13.30
-0.68, -1.05, 0.28, -15.11, -1.55, -35.71
-0.71, -1.05, 0.27, -26.99, 14.34, -37.39
-0.49, -1.00, 0.08, -27.32, 10.93, -29.20
-0.28, -0.96, -0.01, -38.03, -25.27, -39.58
-0.30, -0.98, -0.06, -38.89, -18.03, -34.49
-0.32, -0.93, -0.14, -40.63, -9.12, -21.12
-0.26, -0.83, -0.17, -42.60, -1.00, -10.66
-0.15, -0.77, -0.18, -39.75, -3.86, 12.66
-0.01, -0.70, -0.30, -23.93, -13.58, 36.07
0.05, -0.64, -0.44, -4.50, -38.71, 43.32
-0.12, -0.65, -0.33, -1.04, -36.06, 35.39
-0.34, -0.69, -0.02, -0.24, -13.19, 27.57
-0.62, -0.72, 0.21, -1.21, 21.86, 22.51
-0.72, -0.80, 0.17, 1.98, 47.88, 15.90
-0.64, -0.89, 0.06, 3.69, 40.51, -2.31
-0.56, -0.97, 0.13, -7.95, 24.34, -19.53
-0.53, -1.00, 0.26, -16.04, 18.19, -31.05
-0.48, -0.97, 0.21, -18.34, 12.87, -33.59
-0.37, -0.96, 0.08, -20.68, 9.53, -34.27
-0.31, -0.95, 0.04, -33.32, 4.55, -29.50
-0.28, -0.91, 0.03, -40.29, 2.78, -18.46
-0.23, -0.83, -0.06, -41.73, -4.56, -4.48
-0.15, -0.75, -0.19, -35.30, -13.06, 7.91
-0.08, -0.66, -0.25, -24.89, -23.18, 20.27
-0.09, -0.65, -0.30, -15.43, -32.03, 26.21
-0.20, -0.68, -0.34, 3.58, -26.71, 23.92
-0.35, -0.70, -0.26, 12.52, -6.04, 23.52
-0.47, -0.76, -0.12, 15.97, 22.21, 18.62
-0.53, -0.86, 0.00, 15.38, 39.23, 15.28
-0.51, -0.95, 0.03, 13.04, 47.34, 8.88
-0.45, -1.06, 0.06, 7.46, 31.83, -3.38
-0.44, -1.11, 0.16, -6.76, 15.31, -21.81
-0.51, -1.14, 0.26, -19.55, 8.65, -35.39
-0.52, -1.13, 0.24, -31.51, 7.46, -33.32
-0.41, -1.08, 0.10, -35.52, 5.21, -35.07
-0.34, -1.01, 0.05, -46.42, -4.11, -43.09
-0.37, -0.95, 0.07, -56.44, 3.25, -31.59
-0.27, -0.88, -0.11, -47.40, 2.85, -14.11
-0.12, -0.74, -0.26, -38.89, -10.16, -3.43
-0.08, -0.60, -0.32, -28.36, -10.55, 13.12
0.01, -0.51, -0.38, -9.04, -20.83, 33.50
-0.04, -0.48, -0.32, -4.77, -39.16, 26.89
-0.24, -0.57, -0.20, 2.51, -29.85, 34.41
-0.31, -0.64, -0.13, 16.17, -15.30, 35.50
-0.44, -0.68, -0.04, 19.95, 11.32, 28.00
-0.53, -0.79, 0.03, 21.49, 35.01, 25.90
-0.50, -0.94, 0.05, 17.63, 37.66, 21.00
-0.43, -1.02, 0.05, 16.13, 25.68, 8.23
-0.42, -1.06, 0.11, 8.00, 9.34, -6.66
-0.54, -1.10, 0.31, -15.78, -3.09, -29.68
-0.63, -1.14, 0.33, -25.84, 4.45, -34.59
-0.53, -1.09, 0.15, -32.56, 7.90, -36.78
-0.40, -1.03, 0.04, -44.34, 1.72, -38.58
-0.32, -0.98, -0.05, -48.20, 3.01, -34.57
-0.25, -0.88, -0.14, -47.00, -0.55, -19.45
-0.20, -0.77, -0.21, -44.31, -3.45, -10.60
-0.12, -0.69, -0.26, -34.72, -0.95, 12.29
0.01, -0.62, -0.35, -16.69, -9.27, 28.80
0.02, -0.59, -0.43, -2.82, -27.07, 34.79
-0.10, -0.65, -0.36, 5.74, -33.02, 32.81
-0.26, -0.71, -0.17, 16.54, -23.73, 33.11
-0.42, -0.76, -0.04, 18.67, 7.38, 23.74
-0.56, -0.85, 0.12, 12.68, 36.64, 26.50
-0.54, -0.96, 0.18, 9.49, 38.90, 16.94
-0.47, -1.00, 0.16, 3.02, 22.54, 5.27
-0.45, -1.04, 0.18, -7.24, -7.63, -15.14
-0.50, -1.06, 0.29, -21.93, -18.73, -26.91
-0.47, -1.03, 0.24, -29.04, -20.61, -28.68
-0.37, -1.01, 0.08, -37.00, -26.37, -29.96
-0.35, -0.99, 0.00, -43.48, -21.66, -30.25
-0.34, -0.94, -0.05, -47.61, -11.25, -18.49
-0.29, -0.82, -0.14, -48.10, -8.23, -4.81
-0.21, -0.72, -0.21, -39.69, -11.78, 7.63
-0.11, -0.64, -0.25, -32.23, -24.52, 25.65
-0.03, -0.59, -0.29, -22.04, -44.94, 39.53
-0.08, -0.60, -0.37, -4.45, -55.09, 37.83
-0.23, -0.61, -0.29, 9.20, -47.73, 36.72
-0.40, -0.69, -0.08, 15.24, -21.91, 31.77
-0.57, -0.79, 0.05, 19.62, 7.66, 24.67
-0.68, -0.87, 0.14, 18.18, 39.45, 15.32
-0.69, -0.98, 0.19, 8.53, 41.20, -1.21
-0.65, -1.11, 0.24, -10.42, 26.83, -21.69
-0.60, -1.12, 0.27, -21.21, 18.42, -31.46
-0.49, -1.03, 0.21, -31.07, 9.69, -35.83
-0.37, -1.00, 0.07, -33.69, 6.32, -37.74
-0.32, -0.98, -0.03, -39.61, 11.75, -30.84
-0.29, -0.93, -0.06, -45.22, 14.29, -18.24
-0.23, -0.84, -0.10, -45.47, 6.92, -3.62
-0.15, -0.74, -0.20, -40.66, -3.85, 9.31
-0.08, -0.65, -0.24, -30.11, -12.85, 22.70
-0.03, -0.62, -0.30, -14.93, -30.00, 38.19
-0.09, -0.64, -0.38, 4.40, -33.27, 33.30
-0.24, -0.64, -0.28, 15.50, -19.55, 32.15
-0.40, -0.69, -0.11, 21.63, 3.36, 32.10
-0.48, -0.80, 0.03, 22.49, 29.70, 32.75
-0.48, -0.90, 0.19, 19.06, 44.52, 29.42
-0.48, -0.96, 0.22, 12.45, 28.35, 12.98
-0.53, -1.03, 0.24, -2.56, 3.50, -5.51
-0.62, -1.06, 0.34, -22.67, -21.67, -34.49
-0.71, -1.01, 0.38, -38.34, -16.25, -38.79
-0.61, -0.98, 0.20, -41.38, -10.87, -39.74
-0.45, -0.97, -0.03, -41.61, -7.53, -43.03
-0.33, -0.91, -0.12, -42.30, -8.12, -29.86
-0.26, -0.84, -0.14, -45.15, -12.44, -23.02
-0.26, -0.78, -0.17, -44.20, -4.45, -9.06
-0.21, -0.72, -0.26, -30.64, 0.77, 10.61
-0.08, -0.66, -0.38, -17.65, -7.02, 29.67
-0.03, -0.63, -0.43, -2.77, -22.38, 34.90
-0.16, -0.64, -0.33, 7.53, -20.61, 31.97
-0.36, -0.66, -0.17, 18.68, 1.08, 31.67
-0.48, -0.72, -0.02, 23.21, 25.41, 34.33
-0.54, -0.84, 0.10, 19.97, 34.33, 25.25
-0.57, -0.93, 0.17, 12.76, 39.46, 7.61
-0.62, -0.99, 0.26, -1.60, 32.29, -1.48
-0.58, -1.05, 0.32, -16.41, 9.13, -22.96
-0.57, -1.05, 0.32, -27.62, 3.95, -35.78
-0.54, -1.00, 0.28, -41.00, 1.06, -36.63
-0.41, -0.97, 0.07, -39.67, 4.19, -34.95
-0.28, -0.90, -0.11, -39.28, -0.71, -26.02
-0.19, -0.81, -0.16, -36.65, -11.61, -17.33
-0.21, -0.77, -0.18, -35.20, -12.51, -13.71
-0.26, -0.74, -0.18, -32.72, -8.74, 0.31
-0.23, -0.69, -0.20, -26.86, -4.58, 11.59
-0.18, -0.67, -0.23, -21.64, -4.23, 26.26
-0.19, -0.68, -0.27, -1.57, -5.76, 28.37
-0.22, -0.68, -0.21, 8.35, 4.49, 30.34
-0.37, -0.73, -0.09, 13.64, 26.19, 31.23
-0.45, -0.82, 0.00, 13.71, 35.02, 33.44
-0.46, -0.95, 0.06, 7.02, -1.76, 10.93
-0.57, -1.03, 0.15, -5.13, 1.23, -11.63
-0.65, -1.07, 0.26, -12.98, 0.85, -24.35
-0.62, -1.08, 0.22, -19.80, 5.42, -36.43
-0.52, -1.06, 0.12, -30.60, 7.27, -32.13
-0.37, -1.02, -0.00, -35.01, 2.14, -30.06
-0.24, -0.93, -0.14, -35.88, -1.42, -20.46
-0.18, -0.83, -0.17, -36.26, -12.82, -6.24
-0.18, -0.76, -0.16, -36.22, -17.96, 5.75
-0.16, -0.70, -0.20, -31.09, -22.41, 21.63
-0.14, -0.65, -0.26, -21.12, -31.39, 32.53
-0.17, -0.65, -0.33, -10.57, -33.41, 37.67
-0.24, -0.67, -0.27, 1.12, -22.23, 34.02
-0.36, -0.68, -0.06, 10.23, -7.31, 36.86
-0.48, -0.75, 0.03, 18.44, 17.11, 27.80
-0.57, -0.83, 0.10, 20.19, 36.71, 16.04
-0.63, -0.91, 0.18, 12.63, 37.64, 2.62
-0.64, -1.00, 0.26, -4.59, 15.11, -16.81
-0.65, -1.05, 0.35, -25.08, -2.31, -37.04
-0.64, -1.01, 0.34, -38.42, -0.78, -39.53
-0.50, -0.99, 0.15, -40.99, -1.51, -39.38
-0.32, -0.96, -0.06, -40.05, -2.69, -32.19
-0.20, -0.87, -0.15, -38.15, -10.69, -15.89
-0.14, -0.79, -0.18, -35.05, -25.40, -8.53
-0.19, -0.75, -0.21, -31.78, -28.11, -0.54
-0.25, -0.73, -0.22, -29.76, -24.32, 10.48
-0.25, -0.70, -0.20, -26.80, -24.93, 18.82
-0.27, -0.68, -0.24, -20.21, -18.69, 29.32
-0.28, -0.67, -0.27, -3.38, -10.92, 30.52
-0.30, -0.66, -0.18, 10.10, -4.94, 30.44
-0.38, -0.74, -0.09, 18.88, 9.11, 28.15
-0.45, -0.84, -0.03, 25.85, 31.43, 20.58
-0.51, -0.92, 0.05, 24.78, 42.49, 14.94
-0.52, -1.02, 0.17, 8.21, 19.02, 2.80
-0.58, -1.09, 0.34, -18.45, -8.69, -24.69
-0.67, -1.00, 0.38, -26.71, -5.10, -33.11
-0.62, -0.97, 0.22, -34.15, 3.24, -38.98
-0.50, -0.97, 0.10, -42.99, 0.30, -37.77
-0.34, -0.92, -0.05, -40.96, -1.06, -28.25
-0.21, -0.81, -0.19, -34.81, -5.33, -11.06
-0.11, -0.74, -0.27, -28.06, -18.19, 4.95
-0.06, -0.68, -0.28, -22.99, -30.20, 16.54
-0.08, -0.67, -0.24, -19.05, -44.08, 31.23
-0.17, -0.71, -0.24, -9.95, -53.06, 35.54
-0.29, -0.72, -0.27, 3.03, -48.28, 38.15
-0.37, -0.71, -0.21, 12.07, -28.47, 34.57
-0.43, -0.75, -0.03, 14.41, 0.64, 30.10
-0.51, -0.83, 0.10, 18.82, 28.44, 30.56
-0.53, -0.90, 0.16, 15.45, 28.13, 25.13
-0.51, -0.99, 0.22, 2.16, -11.53, 0.82
-0.66, -0.97, 0.31, -11.72, -18.78, -26.32
-0.81, -0.91, 0.37, -21.33, -12.98, -44.84
-0.76, -0.93, 0.34, -39.03, -6.30, -45.54
-0.59, -0.96, 0.16, -40.32, 6.65, -43.74
-0.35, -0.90, -0.07, -40.08, 8.80, -34.11
-0.23, -0.83, -0.13, -41.34, 3.46, -21.76
-0.10, -0.79, -0.18, -34.79, -5.84, 2.29
-0.02, -0.75, -0.24, -29.26, -21.17, 16.09
-0.03, -0.71, -0.26, -22.09, -33.16, 30.45
-0.08, -0.72, -0.33, -11.41, -41.33, 41.09
-0.20, -0.73, -0.33, 2.29, -27.25, 37.21
-0.39, -0.68, -0.11, 11.32, 0.21, 38.92
-0.52, -0.70, 0.08, 16.24, 19.87, 36.53
-0.56, -0.77, 0.16, 20.19, 30.01, 20.89
-0.63, -0.82, 0.21, 17.28, 30.18, 3.87
-0.68, -0.92, 0.32, 0.28, 9.97, -19.83
-0.75, -0.98, 0.45, -20.24, 5.24, -41.78
-0.75, -0.95, 0.43, -28.26, 9.09, -42.40
-0.57, -0.93, 0.29, -36.20, 3.19, -44.52
-0.37, -0.96, 0.09, -41.37, -3.15, -39.91
-0.23, -0.92, -0.06, -42.46, -9.56, -24.27
-0.16, -0.85, -0.13, -43.33, -16.13, -12.84
-0.15, -0.81, -0.21, -37.63, -17.57, 10.06
-0.11, -0.78, -0.30, -28.01, -28.57, 19.38
-0.14, -0.75, -0.33, -21.15, -33.24, 33.35
-0.19, -0.76, -0.33, -11.21, -32.83, 38.96
-0.30, -0.74, -0.24, 0.44, -15.89, 38.67
-0.43, -0.71, -0.06, 9.32, 1.86, 33.28
-0.54, -0.73, 0.06, 18.59, 24.87, 25.39
-0.62, -0.80, 0.14, 22.53, 38.30, 10.61
-0.67, -0.92, 0.19, 10.76, 40.46, -8.71
-0.71, -1.04, 0.41, -19.30, 13.13, -35.23
-0.80, -1.00, 0.58, -42.13, 18.04, -47.52
-0.66, -0.95, 0.40, -48.71, 12.31, -47.12
-0.41, -0.95, 0.06, -45.30, 12.34, -50.18
-0.28, -0.88, -0.08, -45.59, 9.21, -30.43
-0.19, -0.78, -0.13, -40.70, -4.18, -23.15
-0.18, -0.73, -0.21, -34.64, -6.45, 3.08
-0.10, -0.72, -0.32, -22.59, -20.73, 15.44
-0.09, -0.69, -0.31, -17.54, -24.31, 26.58
-0.17, -0.71, -0.25, -5.76, -28.77, 37.82
-0.27, -0.72, -0.29, 10.24, -24.81, 34.65
-0.38, -0.71, -0.24, 19.01, -1.96, 32.42
-0.48, -0.74, 0.01, 17.93, 27.91, 31.68
-0.55, -0.80, 0.21, 16.24, 33.59, 27.18
-0.57, -0.86, 0.23, 10.25, 34.14, 6.04
-0.61, -0.97, 0.30, -5.16, 9.98, -12.81
-0.68, -1.01, 0.41, -20.07, 3.98, -39.86
-0.74, -0.94, 0.41, -30.46, 10.04, -42.37
-0.60, -0.93, 0.26, -36.51, 8.19, -45.58
-0.43, -0.96, 0.04, -40.60, 9.41, -44.18
-0.29, -0.93, -0.07, -40.81, 5.99, -32.04
-0.20, -0.86, -0.14, -39.40, 4.18, -15.60
-0.11, -0.79, -0.24, -31.21, -12.26, -0.58
-0.06, -0.75, -0.32, -21.74, -20.66, 18.72
-0.03, -0.74, -0.31, -18.35, -34.24, 24.81
-0.13, -0.76, -0.28, -8.96, -35.72, 34.01
-0.28, -0.76, -0.29, 5.11, -10.21, 34.36
-0.39, -0.71, -0.11, 13.38, 12.37, 33.37
-0.49, -0.73, 0.07, 19.44, 34.90, 29.06
-0.53, -0.80, 0.15, 21.92, 43.68, 20.11
-0.55, -0.90, 0.21, 11.94, 29.36, 6.24
-0.61, -0.96, 0.35, -8.37, 0.42, -22.24
-0.72, -0.93, 0.46, -27.38, -8.27, -41.53
-0.71, -0.91, 0.37, -38.74, -2.95, -42.46
-0.55, -0.95, 0.20, -47.37, -5.50, -43.73
-0.35, -0.93, -0.01, -46.30, -9.46, -35.89
-0.25, -0.85, -0.15, -46.06, -12.16, -26.65
-0.23, -0.80, -0.20, -39.75, -11.96, -10.01
-0.19, -0.79, -0.28, -29.91, -10.54, 0.56
-0.17, -0.77, -0.32, -20.13, -10.20, 16.92
-0.17, -0.76, -0.35, -9.38, -9.97, 23.46
-0.22, -0.79, -0.33, -0.80, -4.07, 28.34
-0.31, -0.79, -0.18, 8.82, 14.59, 28.11
-0.42, -0.78, -0.02, 13.47, 24.76, 25.94
-0.49, -0.81, 0.14, 10.84, 32.69, 18.38
-0.52, -0.87, 0.19, 8.99, 28.38, 9.22
-0.52, -0.91, 0.21, -0.71, 15.22, -11.67
-0.60, -0.93, 0.34, -19.81, 8.68, -28.62
-0.66, -0.92, 0.42, -35.27, 8.98, -32.41
-0.55, -0.91, 0.29, -40.06, 3.60, -34.58
-0.37, -0.87, 0.06, -39.97, -3.16, -31.06
-0.24, -0.82, -0.04, -39.74, -13.68, -25.12
-0.21, -0.77, -0.10, -37.75, -17.95, -6.46
-0.14, -0.74, -0.18, -31.65, -25.87, 4.30
-0.13, -0.73, -0.20, -30.25, -28.70, 16.36
-0.17, -0.75, -0.22, -22.17, -25.75, 27.28
-0.20, -0.74, -0.31, -4.04, -19.75, 37.99
-0.23, -0.73, -0.33, 10.09, -11.02, 33.68
-0.37, -0.76, -0.16, 18.96, 8.52, 35.69
-0.43, -0.82, -0.01, 24.25, 11.28, 30.29
-0.49, -0.91, 0.04, 25.11, 22.19, 13.70
-0.55, -0.98, 0.11, 21.70, 21.50, 2.16
-0.60, -1.03, 0.25, 4.80, 12.33, -19.35
-0.70, -1.05, 0.38, -16.04, 9.58, -40.39
-0.76, -1.04, 0.44, -42.45, 14.96, -45.80
-0.63, -1.03, 0.34, -56.90, 8.85, -48.40
-0.39, -0.97, 0.08, -56.52, -1.58, -45.37
-0.24, -0.87, -0.10, -55.60, -7.09, -33.11
-0.17, -0.80, -0.17, -52.58, -22.31, -23.02
-0.15, -0.75, -0.31, -42.89, -10.13, -0.36
-0.09, -0.70, -0.35, -29.58, -6.91, 14.91
-0.09, -0.67, -0.36, -19.59, -1.87, 31.56
-0.09, -0.68, -0.38, -6.67, -4.77, 48.01
-0.13, -0.70, -0.27, 3.64, -8.80, 40.85
-0.33, -0.66, -0.11, 21.18, 6.14, 39.47
-0.48, -0.66, 0.01, 32.33, 30.98, 32.53
-0.56, -0.78, 0.14, 30.76, 26.17, 21.31
-0.62, -0.93, 0.29, 16.65, 13.46, -10.83
-0.78, -0.95, 0.52, -13.94, -0.74, -34.58
-0.84, -0.96, 0.55, -31.85, 7.59, -46.68
-0.66, -0.97, 0.36, -42.51, -0.64, -47.04
-0.42, -0.97, 0.12, -48.74, -3.26, -49.61
-0.27, -0.94, -0.06, -50.77, -1.95, -34.42
-0.17, -0.89, -0.21, -44.34, -2.57, -21.43
-0.12, -0.85, -0.36, -35.17, -1.97, -2.66
-0.09, -0.81, -0.44, -24.60, 5.28, 14.49
-0.05, -0.80, -0.39, -14.41, -1.61, 31.95
-0.12, -0.77, -0.31, -10.36, -6.06, 33.65
-0.26, -0.75, -0.20, -2.94, 0.15, 30.86
-0.47, -0.73, -0.05, 8.78, 13.39, 26.83
-0.55, -0.76, 0.06, 10.31, 25.78, 12.73
-0.59, -0.85, 0.18, 5.12, 27.53, 4.18
-0.59, -0.92, 0.26, -7.15, 18.57, -17.85
-0.61, -0.94, 0.37, -21.92, 8.12, -32.04
-0.58, -0.94, 0.36, -32.90, 2.44, -41.88
-0.46, -0.95, 0.21, -41.65, -3.60, -42.13
-0.35, -0.93, 0.05, -48.06, 1.00, -33.71
-0.22, -0.84, -0.10, -42.30, -1.77, -17.53
-0.11, -0.72, -0.24, -36.15, -11.37, -4.78
-0.07, -0.72, -0.36, -24.76, -13.46, 18.34
-0.00, -0.74, -0.40, -13.81, -28.40, 30.05
-0.05, -0.74, -0.35, -1.66, -38.26, 35.42
-0.19, -0.74, -0.32, 13.30, -28.36, 35.32
-0.38, -0.76, -0.18, 19.93, -4.03, 27.60
-0.56, -0.81, 0.02, 23.37, 30.06, 21.58
-0.62, -0.88, 0.11, 20.70, 43.05, 14.75
-0.59, -1.02, 0.20, 2.54, 28.57, -8.68
-0.60, -1.10, 0.31, -15.95, 13.03, -27.36
-0.61, -1.05, 0.37, -28.57, 13.23, -40.67
-0.55, -1.00, 0.29, -40.57, 17.45, -47.02
-0.45, -0.98, 0.10, -43.79, 26.55, -45.00
-0.32, -0.91, -0.07, -42.65, 26.52, -30.21
-0.16, -0.80, -0.18, -38.22, 13.28, -14.49
-0.09, -0.71, -0.27, -32.53, 9.09, 3.56
-0.03, -0.65, -0.38, -19.91, -6.71, 22.50
0.01, -0.63, -0.38, -14.37, -20.85, 30.12
-0.09, -0.66, -0.23, -4.75, -31.37, 35.62
-0.27, -0.68, -0.17, 8.22, -19.36, 31.19
-0.47, -0.72, -0.11, 17.29, 9.01, 22.08
-0.57, -0.82, 0.02, 17.26, 26.00, 16.59
-0.57, -0.93, 0.13, 13.85, 36.88, 4.11
-0.55, -1.00, 0.15, 8.31, 37.23, -10.09
-0.53, -1.07, 0.18, -4.43, 27.13, -23.58
-0.52, -1.11, 0.30, -23.07, 8.79, -36.53
-0.50, -1.09, 0.30, -37.33, 0.71, -44.32
-0.44, -1.03, 0.13, -44.55, -2.07, -48.87
-0.40, -0.96, -0.02, -47.27, 11.30, -39.95
-0.24, -0.85, -0.17, -41.94, 9.12, -16.66
-0.11, -0.75, -0.27, -35.09, -7.16, -15.38
-0.15, -0.69, -0.22, -36.62, -7.56, -2.51
-0.16, -0.70, -0.18, -30.15, -0.14, 11.00
-0.13, -0.69, -0.31, -12.06, 5.13, 23.54
-0.13, -0.68, -0.40, 6.37, 3.47, 24.61
-0.23, -0.70, -0.31, 19.38, 8.90, 28.50
-0.28, -0.78, -0.17, 25.09, 15.35, 28.26
-0.34, -0.88, 0.01, 16.74, 15.78, 24.25
-0.40, -0.96, 0.14, 13.61, 14.47, 14.81
-0.47, -1.00, 0.20, 2.19, 6.79, -1.34
-0.58, -1.09, 0.32, -15.21, 1.71, -23.82
-0.66, -1.09, 0.35, -31.87, 3.87, -36.17
-0.60, -1.06, 0.25, -43.88, 7.36, -43.12
-0.48, -0.99, 0.07, -50.10, 13.16, -47.36
-0.37, -0.91, -0.02, -53.67, 13.12, -42.86
-0.25, -0.84, -0.19, -47.56, 30.46, -22.21
-0.06, -0.73, -0.43, -26.59, 18.25, -0.54
0.05, -0.62, -0.49, -16.22, 10.65, 14.93
0.11, -0.62, -0.45, -5.16, -11.47, 33.79
0.04, -0.69, -0.34, 1.35, -24.34, 34.16
-0.18, -0.74, -0.16, 10.42, -20.06, 40.01
-0.36, -0.78, -0.05, 13.36, -2.92, 34.29
-0.48, -0.84, 0.02, 12.60, 14.21, 24.62
-0.54, -0.92, 0.11, 6.86, 28.40, 15.50
-0.52, -0.99, 0.17, 1.88, 22.98, 2.52
-0.51, -1.05, 0.21, -6.29, 10.57, -18.49
-0.55, -1.09, 0.29, -23.83, 1.72, -33.30
-0.53, -1.07, 0.26, -35.04, -2.07, -37.74
-0.42, -1.01, 0.09, -43.75, -15.69, -46.38
-0.37, -0.97, -0.03, -52.82, -0.58, -45.64
-0.32, -0.92, -0.14, -53.10, 23.96, -26.71
-0.16, -0.79, -0.34, -39.91, 34.37, 6.34
0.11, -0.63, -0.51, -18.99, 14.87, 29.37
0.22, -0.56, -0.55, -2.17, -26.07, 40.47
0.05, -0.62, -0.40, 6.29, -46.46, 35.50
-0.15, -0.73, -0.22, 15.94, -38.75, 40.01
-0.34, -0.81, -0.06, 13.87, -20.09, 34.11
-0.50, -0.85, 0.06, 13.43, 18.53, 30.82
-0.57, -0.88, 0.09, 13.04, 44.39, 28.42
-0.51, -0.96, 0.12, 5.90, 24.58, 15.41
-0.48, -1.04, 0.19, -6.96, 1.38, -4.08
-0.52, -1.07, 0.31, -20.56, -16.29, -20.31
-0.54, -1.03, 0.23, -29.32, -20.48, -29.28
-0.44, -0.99, 0.11, -42.66, -22.23, -31.42
-0.38, -0.95, 0.00, -45.29, -22.18, -30.71
-0.32, -0.89, -0.14, -43.88, -18.51, -22.17
-0.28, -0.82, -0.21, -43.22, -13.16, -16.88
-0.27, -0.75, -0.23, -38.62, 2.63, -4.24
-0.21, -0.72, -0.30, -25.89, 9.00, 16.49
-0.03, -0.70, -0.50, -2.82, 0.98, 35.14
0.05, -0.70, -0.54, 10.15, -12.52, 37.80
-0.06, -0.72, -0.31, 17.14, -11.25, 42.93
-0.26, -0.76, -0.03, 17.55, 11.26, 43.19
-0.47, -0.85, 0.17, 8.88, 32.19, 42.39
-0.53, -0.94, 0.22, 2.24, 12.96, 26.74
-0.61, -0.97, 0.27, -12.29, -12.39, 0.94
-0.69, -0.97, 0.31, -19.88, -26.02, -31.35
-0.74, -0.96, 0.31, -34.26, -16.57, -36.43
-0.57, -0.95, 0.14, -35.19, -7.35, -33.08
-0.32, -0.90, -0.06, -37.55, -21.00, -34.29
-0.23, -0.87, -0.18, -37.47, -22.83, -20.87
-0.22, -0.83, -0.24, -33.12, -15.25, -12.71
-0.21, -0.79, -0.25, -31.13, -5.22, 2.36
-0.14, -0.78, -0.29, -22.61, -0.37, 22.33
-0.05, -0.77, -0.42, -8.48, -9.48, 34.88
-0.09, -0.77, -0.39, -0.68, -10.68, 34.70
-0.25, -0.74, -0.15, 7.51, 1.00, 39.50
-0.41, -0.74, -0.02, 15.80, 17.37, 37.20
-0.48, -0.81, 0.02, 17.09, 24.04, 27.51
-0.53, -0.89, 0.16, 4.06, 13.30, 9.19
-0.62, -0.96, 0.32, -10.34, -1.74, -7.58
-0.64, -1.00, 0.35, -24.79, -11.74, -28.28
-0.64, -0.99, 0.31, -38.08, -16.30, -32.26
-0.51, -0.96, 0.13, -39.48, -13.62, -38.24
-0.40, -0.91, -0.09, -38.10, -7.09, -36.07
-0.31, -0.84, -0.19, -34.72, -4.33, -23.23
-0.20, -0.79, -0.26, -27.55, -7.46, -10.40
-0.16, -0.75, -0.27, -23.62, -8.04, -2.91
-0.17, -0.75, -0.29, -17.59, -2.92, 14.30
-0.13, -0.76, -0.36, -5.88, -3.16, 26.92
-0.12, -0.76, -0.37, 6.49, -1.78, 30.00
-0.23, -0.75, -0.20, 11.88, 13.54, 34.71
-0.36, -0.79, -0.01, 14.71, 24.91, 33.00
-0.43, -0.85, 0.00, 15.92, 34.70, 28.71
-0.49, -0.91, 0.12, 5.29, 17.06, 13.86
-0.58, -0.93, 0.31, -8.26, -5.27, -10.31
-0.69, -0.93, 0.32, -20.64, -4.25, -29.85
-0.72, -0.94, 0.32, -32.95, -3.47, -34.29
-0.56, -0.94, 0.21, -37.51, 1.27, -37.62
-0.35, -0.89, -0.02, -38.98, -0.02, -29.12
-0.23, -0.82, -0.18, -32.04, 2.19, -19.53
-0.10, -0.74, -0.28, -22.83, 2.59, 1.62
-0.04, -0.72, -0.31, -14.77, -3.57, 17.32
-0.07, -0.75, -0.29, -9.73, -12.20, 25.94
-0.16, -0.75, -0.26, -0.56, -17.26, 28.30
-0.32, -0.72, -0.13, 5.04, -10.50, 26.81
-0.47, -0.72, -0.05, 11.29, 8.93, 22.12
-0.58, -0.74, -0.01, 11.10, 29.68, 16.31
-0.60, -0.80, 0.07, -3.78, 29.95, 11.32
-0.57, -0.86, 0.16, -18.89, 21.28, 8.41
-0.49, -0.85, 0.08, -20.38, 14.22, 8.71
-0.41, -0.80, -0.03, -12.18, 16.82, 5.82
-0.38, -0.82, -0.05, -5.32, 20.42, 5.23
-0.36, -0.91, -0.02, -5.67, 20.98, 7.83
-0.34, -0.96, -0.01, -8.77, 18.34, 8.19
-0.33, -0.94, -0.01, -11.86, 12.77, 7.54
-0.34, -0.89, -0.05, -11.57, 12.46, 6.46
-0.36, -0.85, -0.07, -11.12, 15.91, 7.10
-0.37, -0.84, -0.06, -12.57, 20.43, 10.06
-0.37, -0.84, -0.05, -15.26, 23.83, 10.37
-0.38, -0.82, -0.06, -17.88, 27.73, 12.89
-0.39, -0.80, -0.10, -17.92, 28.68, 15.29
-0.38, -0.77, -0.13, -16.84, 23.36, 17.16
-0.37, -0.74, -0.13, -10.76, 24.03, 17.61
-0.37, -0.74, -0.06, -2.98, 29.56, 15.57
-0.41, -0.81, 0.01, -2.14, 37.94, 17.92
-0.41, -0.88, -0.02, -3.27, 36.64, 20.90
-0.38, -0.87, -0.03, -7.22, 19.00, 18.33
-0.37, -0.82, -0.00, -10.43, 8.14, 12.08
-0.43, -0.78, 0.03, -12.76, 7.49, 10.70
-0.50, -0.80, 0.02, -14.39, 16.19, 9.69
-0.51, -0.82, -0.02, -14.50, 25.48, 9.78
-0.48, -0.84, -0.03, -14.08, 29.27, 10.12
-0.45, -0.86, -0.00, -17.70, 28.87, 8.35
-0.44, -0.86, -0.01, -19.26, 29.53, 7.20
-0.43, -0.83, -0.06, -18.14, 33.77, 8.55
-0.44, -0.79, -0.09, -16.46, 41.01, 7.07
-0.44, -0.76, -0.08, -17.82, 47.48, 10.90
-0.43, -0.76, -0.07, -20.07, 47.06, 14.61
-0.38, -0.77, -0.10, -23.15, 31.50, 22.92
-0.29, -0.76, -0.16, -22.36, 3.53, 25.59
-0.28, -0.73, -0.13, -23.94, -20.95, 23.06
-0.37, -0.71, -0.10, -20.52, -19.17, 23.25
-0.48, -0.74, -0.08, -16.85, 2.17, 24.63
-0.54, -0.81, -0.05, -14.82, 29.40, 24.97
-0.55, -0.88, -0.02, -22.02, 47.31, 24.27
-0.52, -0.89, -0.03, -24.38, 56.50, 22.79
-0.49, -0.83, -0.04, -25.42, 59.65, 17.30
-0.49, -0.80, -0.03, -26.95, 61.80, 9.84
-0.51, -0.79, -0.05, -27.93, 64.00, 5.52
-0.53, -0.80, -0.11, -28.78, 64.00, 1.41
-0.51, -0.80, -0.15, -31.31, 64.00, -1.62
-0.47, -0.80, -0.17, -35.13, 64.00, 1.80
-0.43, -0.81, -0.17, -41.13, 64.00, 0.17
-0.41, -0.81, -0.22, -45.14, 64.00, -0.14
-0.36, -0.79, -0.28, -44.76, 64.00, 3.18
-0.28, -0.77, -0.29, -50.41, 64.00, 6.62
-0.33, -0.79, -0.26, -61.47, 64.00, 7.07
-0.36, -0.80, -0.29, -64.00, 64.00, 5.64
-0.32, -0.80, -0.37, -62.24, 64.00, 11.93
-0.23, -0.81, -0.42, -58.20, 62.52, 13.35
-0.21, -0.82, -0.41, -58.96, 50.22, 13.49
-0.27, -0.82, -0.36, -64.00, 44.28, 13.40
-0.33, -0.81, -0.35, -64.00, 53.28, 14.86
-0.39, -0.79, -0.41, -62.65, 64.00, 15.17
-0.44, -0.76, -0.46, -58.47, 64.00, 10.63
-0.45, -0.76, -0.45, -56.09, 64.00, 7.88
-0.40, -0.78, -0.44, -55.56, 58.20, 3.61
-0.33, -0.79, -0.45, -52.99, 31.60, 0.78
-0.29, -0.77, -0.48, -45.92, 15.00, -0.33
-0.32, -0.75, -0.48, -45.01, 16.19, -4.33
-0.40, -0.74, -0.50, -43.60, 24.05, -7.94
-0.44, -0.72, -0.52, -40.38, 27.08, -7.03
-0.42, -0.71, -0.49, -39.80, 23.16, -8.93
-0.38, -0.71, -0.49, -36.54, 16.57, -11.86
-0.34, -0.71, -0.54, -34.87, 6.63, -11.73
-0.31, -0.69, -0.56, -28.93, 3.49, -14.27
-0.31, -0.66, -0.54, -25.29, 7.50, -17.00
-0.32, -0.66, -0.53, -25.38, 22.22, -11.77
-0.33, -0.67, -0.50, -25.94, 38.21, -11.61
-0.31, -0.68, -0.43, -34.37, 37.99, -7.84
-0.27, -0.69, -0.45, -35.53, 20.12, -5.30
-0.20, -0.67, -0.56, -30.57, 8.36, -3.20
-0.21, -0.65, -0.58, -29.92, 2.48, -1.85
-0.29, -0.66, -0.53, -30.76, 10.52, -1.96
-0.34, -0.66, -0.54, -29.82, 21.76, -2.41
-0.31, -0.66, -0.55, -29.60, 19.78, 1.13
-0.27, -0.67, -0.54, -28.57, 9.44, 0.53
-0.28, -0.68, -0.55, -26.85, -0.22, -1.49
-0.31, -0.68, -0.59, -22.81, -6.72, -3.11
-0.32, -0.67, -0.60, -22.01, -14.12, -6.30
-0.32, -0.68, -0.58, -19.89, -8.80, -4.96
-0.31, -0.69, -0.58, -17.15, -8.22, -8.03
-0.29, -0.69, -0.60, -16.01, -4.78, -8.31
-0.28, -0.69, -0.58, -14.47, 0.30, -8.53
-0.28, -0.69, -0.58, -14.04, 0.85, -9.20
-0.28, -0.68, -0.59, -13.03, 0.93, -9.94
-0.28, -0.68, -0.58, -13.58, -0.35, -10.55
-0.27, -0.69, -0.58, -13.20, 0.44, -10.83
-0.26, -0.70, -0.58, -13.53, 0.07, -9.58
-0.26, -0.69, -0.58, -13.49, 0.28, -9.35
-0.23, -0.68, -0.56, -15.16, 2.13, -5.78
-0.22, -0.68, -0.53, -19.58, 1.28, -7.14
-0.24, -0.68, -0.53, -20.90, 2.61, -7.49
-0.26, -0.66, -0.55, -20.71, 2.69, -7.19
-0.26, -0.66, -0.56, -22.05, 4.93, -5.92
-0.25, -0.67, -0.56, -25.05, 10.73, -2.96
-0.25, -0.68, -0.55, -25.89, 11.88, -4.23
-0.25, -0.67, -0.56, -30.59, 14.12, -0.98
-0.23, -0.66, -0.57, -29.43, 13.65, -1.52
-0.24, -0.65, -0.59, -27.31, 16.38, -2.08
-0.25, -0.65, -0.60, -27.71, 18.33, -0.16
-0.23, -0.68, -0.59, -28.31, 10.29, 1.35
-0.22, -0.69, -0.57, -29.70, 2.85, 1.01
-0.22, -0.69, -0.58, -28.03, 0.29, -0.21
-0.23, -0.67, -0.61, -25.33, 1.46, -0.29
-0.25, -0.66, -0.63, -21.97, 3.46, -2.16
-0.28, -0.67, -0.62, -20.48, 7.78, -1.23
-0.27, -0.68, -0.61, -18.00, 5.87, -2.69
-0.24, -0.68, -0.60, -16.32, 2.07, -2.52
-0.23, -0.66, -0.61, -13.50, -0.95, -3.52
-0.24, -0.64, -0.61, -12.30, 0.37, -3.51
-0.25, -0.64, -0.59, -11.81, 5.77, -1.95
-0.26, -0.66, -0.57, -12.40, 10.29, -2.12
-0.24, -0.67, -0.55, -12.23, 5.21, -0.91
-0.20, -0.66, -0.57, -10.79, -1.18, 2.33
-0.19, -0.66, -0.58, -10.37, -8.23, 3.13
-0.22, -0.65, -0.57, -9.79, -11.46, 2.00
-0.25, -0.65, -0.58, -10.21, -8.19, 2.26
-0.27, -0.65, -0.58, -11.15, -3.26, 1.19
-0.28, -0.66, -0.58, -12.73, 0.22, 2.00
-0.26, -0.67, -0.58, -14.23, 1.56, 1.85
-0.24, -0.67, -0.58, -12.91, -2.53, 2.66
-0.23, -0.66, -0.59, -13.31, -7.51, 3.18
-0.23, -0.66, -0.60, -13.74, -10.12, 2.78
-0.26, -0.66, -0.61, -12.68, -7.90, 2.69
-0.28, -0.66, -0.60, -12.74, -2.60, 2.29
-0.28, -0.67, -0.60, -12.32, 0.44, 2.60
-0.27, -0.67, -0.60, -12.40, 0.38, 1.77
-0.26, -0.68, -0.60, -11.48, -2.52, 1.44
-0.26, -0.68, -0.60, -11.89, -4.82, 1.12
-0.26, -0.68, -0.60, -9.25, -4.22, 1.22
-0.27, -0.68, -0.60, -8.01, -3.40, -0.14
-0.28, -0.70, -0.60, -8.43, -1.73, -1.20
-0.28, -0.70, -0.60, -7.39, -1.27, -3.69
-0.28, -0.69, -0.59, -7.32, 0.06, -4.34
-0.27, -0.69, -0.58, -7.68, -0.50, -5.00
-0.26, -0.69, -0.58, -7.47, -1.43, -5.26
-0.26, -0.68, -0.58, -7.44, -1.95, -6.33
-0.27, -0.68, -0.58, -9.17, -1.13, -5.99
-0.27, -0.70, -0.57, -10.41, 0.12, -7.28
-0.27, -0.70, -0.57, -9.54, 0.84, -7.91
-0.25, -0.69, -0.57, -9.57, 0.23, -8.65
-0.24, -0.68, -0.57, -10.30, -0.22, -6.74
-0.23, -0.68, -0.56, -12.09, 1.94, -6.89
-0.24, -0.69, -0.56, -13.03, 3.76, -5.28
-0.24, -0.68, -0.55, -11.64, 4.80, -4.93
-0.23, -0.68, -0.56, -10.75, 1.71, -4.74
-0.21, -0.69, -0.56, -13.79, 1.01, -2.98
-0.21, -0.70, -0.55, -14.46, 1.06, -3.10
-0.22, -0.69, -0.55, -14.91, 1.95, -2.57
-0.23, -0.67, -0.55, -15.72, 2.61, -0.09
-0.22, -0.69, -0.55, -17.49, 1.61, -0.16
-0.22, -0.70, -0.55, -17.29, 0.08, -0.04
-0.22, -0.70, -0.57, -15.80, -2.80, -0.59
-0.23, -0.69, -0.57, -15.31, -3.45, -0.79
-0.25, -0.69, -0.57, -15.78, -2.41, -1.88
-0.27, -0.70, -0.57, -15.47, 2.19, -3.10
-0.28, -0.71, -0.57, -15.24, 4.26, -4.21
-0.26, -0.72, -0.57, -15.43, 2.39, -6.50
-0.24, -0.73, -0.57, -14.61, -2.61, -8.76
-0.24, -0.74, -0.58, -13.71, -5.54, -11.58
-0.25, -0.73, -0.59, -11.27, -4.95, -14.24
-0.27, -0.74, -0.59, -12.71, 0.00, -15.64
-0.27, -0.77, -0.59, -13.55, 6.11, -18.98
-0.27, -0.78, -0.58, -12.72, 8.91, -20.86
-0.25, -0.77, -0.58, -11.82, 6.84, -23.55
-0.21, -0.76, -0.58, -10.49, 2.36, -24.78
-0.20, -0.75, -0.58, -9.37, -0.07, -25.95
-0.22, -0.75, -0.58, -8.98, 1.06, -26.22
-0.24, -0.74, -0.57, -8.36, 4.46, -28.00
-0.23, -0.73, -0.57, -7.86, 6.00, -29.49
-0.21, -0.72, -0.57, -8.52, 6.30, -30.58
-0.20, -0.72, -0.56, -8.39, 6.23, -31.62
-0.19, -0.72, -0.54, -7.62, 6.26, -31.73
-0.18, -0.72, -0.53, -7.21, 4.32, -32.92
-0.16, -0.73, -0.53, -4.94, 2.12, -32.83
-0.15, -0.72, -0.54, -3.21, 0.78, -33.48
-0.13, -0.70, -0.53, -1.62, 0.81, -30.94
-0.13, -0.69, -0.53, -2.54, 2.97, -28.23
-0.12, -0.70, -0.52, -2.93, 7.91, -24.74
-0.11, -0.70, -0.51, -4.74, 12.72, -19.87
-0.09, -0.69, -0.50, -5.97, 12.90, -16.03
-0.07, -0.67, -0.50, -7.96, 9.74, -11.03
-0.06, -0.66, -0.51, -9.94, 6.24, -4.42
-0.05, -0.65, -0.52, -12.02, 3.61, 2.18
-0.03, -0.66, -0.51, -14.33, -1.21, 8.63
-0.02, -0.67, -0.52, -19.19, -3.67, 14.77
-0.04, -0.68, -0.52, -24.37, -3.39, 21.83
-0.08, -0.68, -0.53, -26.25, -0.37, 24.80
-0.14, -0.67, -0.54, -23.04, -1.00, 21.47
-0.20, -0.71, -0.56, -19.93, -4.10, 15.83
-0.24, -0.78, -0.58, -19.78, -8.16, 7.18
-0.28, -0.84, -0.60, -16.68, -12.00, -1.84
-0.28, -0.85, -0.61, -10.48, -16.03, -11.64
-0.28, -0.83, -0.61, -7.63, -13.25, -19.83
-0.25, -0.84, -0.59, -9.25, -6.55, -24.26
-0.22, -0.85, -0.59, -8.97, 2.24, -27.16
-0.18, -0.81, -0.59, -7.90, 6.57, -27.26
-0.10, -0.76, -0.58, -6.59, 10.15, -24.75
-0.03, -0.72, -0.53, -6.85, 9.72, -19.25
-0.00, -0.70, -0.55, -7.31, 9.04, -15.16
0.01, -0.68, -0.53, -9.18, 6.28, -7.62
0.02, -0.66, -0.52, -12.77, 3.17, -2.82
0.01, -0.66, -0.52, -12.96, 4.68, 2.48
-0.03, -0.68, -0.51, -17.54, 8.88, 7.14
-0.08, -0.69, -0.50, -22.18, 15.66, 8.36
-0.12, -0.70, -0.50, -26.17, 16.71, 10.49
-0.14, -0.71, -0.50, -26.96, 12.53, 11.23
-0.14, -0.74, -0.51, -27.19, 6.79, 11.94
-0.14, -0.75, -0.54, -24.72, -3.39, 9.88
-0.16, -0.75, -0.56, -19.34, -7.63, 7.34
-0.20, -0.76, -0.57, -12.61, -8.14, 1.04
-0.24, -0.80, -0.56, -5.74, -3.99, -4.84
-0.25, -0.86, -0.55, -5.22, -2.95, -11.77
-0.24, -0.90, -0.55, -4.45, -1.07, -18.05
-0.19, -0.87, -0.55, -4.60, -2.05, -22.27
-0.14, -0.81, -0.55, -2.09, -3.54, -23.08
-0.08, -0.75, -0.55, -0.82, 0.26, -19.42
-0.01, -0.71, -0.53, -1.88, 8.30, -11.88
0.06, -0.66, -0.51, -4.52, 11.19, -4.41
0.09, -0.60, -0.50, -7.54, 11.25, 6.56
0.08, -0.60, -0.49, -13.20, 8.73, 14.57
0.02, -0.63, -0.49, -19.67, 5.83, 15.06
-0.09, -0.66, -0.49, -18.71, 7.71, 13.51
-0.15, -0.69, -0.52, -18.98, 5.55, 11.45
-0.16, -0.73, -0.53, -18.37, -1.04, 9.30
-0.15, -0.79, -0.54, -17.11, -8.45, 7.23
-0.15, -0.81, -0.55, -16.91, -12.35, 4.02
-0.17, -0.83, -0.57, -14.25, -5.39, 2.46
-0.20, -0.83, -0.57, -12.18, 3.35, -1.55
-0.19, -0.82, -0.57, -9.25, 11.52, -4.76
-0.15, -0.80, -0.57, -7.90, 10.70, -5.52
-0.09, -0.79, -0.57, -9.15, 5.52, -5.54
-0.06, -0.79, -0.56, -10.04, -1.16, -3.77
-0.05, -0.78, -0.55, -11.14, -3.59, -3.21
-0.06, -0.76, -0.54, -12.39, -0.31, -1.96
-0.07, -0.74, -0.53, -13.57, 3.55, -1.33
-0.07, -0.74, -0.52, -15.12, 6.92, -1.34
-0.07, -0.74, -0.52, -16.28, 4.62, -1.69
-0.07, -0.74, -0.52, -16.22, 0.47, -0.24
-0.08, -0.75, -0.52, -15.42, -3.88, -0.37
-0.10, -0.75, -0.51, -16.21, -4.47, -2.41
-0.12, -0.76, -0.51, -16.69, -1.88, -1.36
-0.12, -0.76, -0.51, -15.80, 0.94, -0.67
-0.12, -0.76, -0.52, -14.67, 3.13, 0.07
-0.12, -0.77, -0.52, -14.26, 3.53, -0.35
-0.11, -0.77, -0.52, -13.90, 2.36, -0.64
-0.10, -0.76, -0.52, -13.05, 1.39, 1.19
-0.10, -0.74, -0.53, -13.34, 1.82, 0.73
-0.10, -0.74, -0.53, -14.05, 3.48, 1.51
-0.11, -0.74, -0.53, -14.93, 6.06, 1.68
-0.11, -0.75, -0.52, -15.83, 5.84, 1.69
-0.10, -0.76, -0.52, -15.49, 5.32, 1.03
-0.09, -0.76, -0.53, -16.67, 3.69, 1.99
-0.08, -0.76, -0.53, -17.57, 1.87, 2.65
-0.08, -0.76, -0.53, -17.66, 1.63, 3.81
-0.08, -0.76, -0.54, -17.55, 1.37, 3.09
-0.10, -0.75, -0.54, -16.88, 2.14, 3.87
-0.11, -0.75, -0.53, -17.00, 2.50, 3.71
-0.11, -0.77, -0.53, -17.09, 1.93, 2.64
-0.10, -0.77, -0.54, -17.48, 1.73, 1.99
-0.10, -0.77, -0.54, -18.22, 1.67, 2.38
-0.10, -0.76, -0.54, -18.28, 1.84, 2.67
-0.09, -0.75, -0.54, -17.88, 2.67, 2.43
-0.09, -0.74, -0.53, -18.37, 2.83, 3.65
-0.09, -0.75, -0.54, -17.56, 3.01, 4.87
-0.08, -0.75, -0.54, -18.40, 1.02, 4.73
-0.08, -0.75, -0.53, -18.92, 0.35, 6.02
-0.10, -0.75, -0.53, -17.82, 2.03, 5.77
-0.11, -0.76, -0.53, -18.49, 3.69, 5.65
-0.12, -0.76, -0.53, -18.06, 4.79, 4.30
-0.12, -0.76, -0.53, -18.69, 2.54, 5.39
-0.11, -0.76, -0.53, -17.17, -0.16, 4.06
-0.11, -0.77, -0.53, -17.69, 0.54, 3.44
-0.13, -0.78, -0.53, -16.33, 1.72, 1.21
-0.12, -0.78, -0.52, -16.55, 4.70, 1.35
-0.11, -0.78, -0.52, -16.04, 4.55, 0.05
-0.10, -0.77, -0.53, -15.92, 2.42, -0.35
-0.10, -0.75, -0.54, -15.70, 0.60, 0.25
-0.09, -0.75, -0.54, -14.35, -0.52, 0.24
-0.10, -0.75, -0.54, -13.37, -2.00, -0.01
-0.10, -0.77, -0.54, -14.72, -2.41, 0.58
-0.10, -0.77, -0.53, -14.64, -1.05, 0.82
-0.09, -0.77, -0.53, -14.90, 0.89, 2.58
-0.09, -0.76, -0.53, -15.23, 2.74, 3.44
-0.09, -0.75, -0.53, -16.14, 3.05, 3.79
-0.09, -0.74, -0.53, -18.32, 2.04, 7.14
-0.06, -0.73, -0.52, -19.37, 2.09, 11.37
-0.03, -0.72, -0.52, -20.57, 0.34, 14.03
-0.03, -0.72, -0.52, -22.64, -1.96, 16.64
-0.05, -0.72, -0.52, -24.23, -2.47, 20.16
-0.07, -0.72, -0.53, -27.62, -5.87, 21.94
-0.09, -0.74, -0.55, -23.20, -8.81, 21.85
-0.14, -0.74, -0.58, -22.06, -9.18, 18.39
-0.19, -0.77, -0.58, -19.98, -7.65, 13.77
-0.24, -0.79, -0.58, -19.02, -6.39, 8.70
-0.28, -0.79, -0.59, -16.36, -2.22, 0.70
-0.30, -0.79, -0.59, -11.51, 5.36, -5.73
-0.27, -0.79, -0.58, -11.69, 11.75, -8.75
-0.21, -0.80, -0.53, -11.79, 13.63, -10.81
-0.14, -0.77, -0.56, -11.42, 10.79, -8.82
-0.09, -0.74, -0.55, -11.39, 9.62, -7.26
-0.08, -0.72, -0.53, -12.30, 8.78, -5.83
-0.08, -0.71, -0.52, -13.06, 7.79, -4.40
-0.07, -0.70, -0.52, -15.75, 3.17, -2.11
-0.08, -0.71, -0.52, -15.15, -0.64, -0.14
-0.09, -0.71, -0.52, -16.57, -5.08, -0.17
-0.13, -0.73, -0.53, -17.45, -5.89, 0.14
-0.15, -0.74, -0.53, -17.78, -3.63, -0.71
-0.17, -0.74, -0.54, -15.50, -0.60, -1.79
-0.16, -0.74, -0.54, -14.71, 1.68, -3.28
-0.15, -0.75, -0.55, -13.63, 1.50, -1.60
-0.13, -0.76, -0.55, -12.77, 0.23, -2.47
-0.12, -0.75, -0.55, -12.54, -1.21, -2.05
-0.12, -0.75, -0.55, -12.91, -1.69, -1.12
-0.12, -0.74, -0.54, -13.07, -0.79, -1.64
-0.13, -0.74, -0.54, -14.00, -0.93, -1.20
-0.13, -0.74, -0.54, -15.03, -0.44, -0.55
-0.13, -0.75, -0.54, -14.66, -1.11, 0.01
-0.12, -0.75, -0.54, -14.89, -2.51, -1.64
-0.13, -0.74, -0.54, -15.26, -1.40, -1.50
-0.13, -0.74, -0.54, -15.37, -0.92, -1.66
-0.13, -0.74, -0.54, -16.67, 0.53, -0.39
-0.12, -0.75, -0.54, -16.09, 0.10, -0.11
-0.12, -0.75, -0.54, -15.77, -1.04, -0.28
-0.12, -0.75, -0.54, -15.21, -3.02, -0.95
-0.12, -0.75, -0.54, -15.16, -3.25, -1.83
-0.12, -0.76, -0.54, -14.71, -1.77, -1.00
-0.12, -0.75, -0.54, -15.68, -1.32, -0.53
-0.13, -0.75, -0.54, -15.47, 0.97, -0.95
-0.13, -0.75, -0.54, -15.81, 2.41, -0.27
-0.13, -0.74, -0.54, -15.79, 1.30, -1.17
-0.13, -0.75, -0.54, -15.70, 0.40, -0.53
-0.12, -0.75, -0.54, -14.53, -1.89, -0.63
-0.12, -0.74, -0.54, -15.03, -2.76, -0.40
-0.12, -0.74, -0.54, -14.61, -2.32, 0.64
-0.13, -0.74, -0.54, -14.40, 0.40, 0.23
-0.14, -0.74, -0.54, -14.28, 0.52, 0.45
-0.13, -0.75, -0.54, -13.46, 0.41, -0.31
-0.13, -0.75, -0.54, -13.78, -0.24, -0.09
-0.12, -0.75, -0.54, -13.83, -0.46, -0.03
-0.12, -0.75, -0.53, -13.70, -1.46, -0.08
-0.12, -0.75, -0.53, -14.94, -0.90, 0.29
-0.12, -0.75, -0.53, -15.07, -0.17, 0.33
-0.13, -0.75, -0.53, -16.26, -0.20, 0.19
-0.12, -0.75, -0.54, -16.71, 0.27, 0.50
-0.12, -0.75, -0.54, -16.32, -0.06, 0.72
-0.13, -0.74, -0.54, -16.07, -0.43, 1.15
-0.13, -0.74, -0.55, -15.66, -0.18, 0.13
-0.13, -0.74, -0.55, -17.06, -0.62, 1.01
-0.13, -0.75, -0.55, -15.65, -0.34, 0.84
-0.13, -0.74, -0.55, -15.36, -0.45, 1.09
-0.13, -0.75, -0.54, -15.87, 0.08, 1.40
-0.13, -0.75, -0.54, -16.22, 1.58, 1.14
-0.13, -0.75, -0.54, -15.50, 1.40, 1.51
-0.12, -0.74, -0.54, -16.62, 0.70, 2.18
-0.12, -0.74, -0.54, -16.50, 0.40, 2.91
-0.12, -0.73, -0.54, -16.69, -0.09, 2.76
-0.12, -0.74, -0.54, -16.43, -2.15, 3.46
-0.12, -0.73, -0.54, -14.59, -4.02, 4.02
-0.12, -0.73, -0.54, -15.32, -2.88, 4.52
-0.12, -0.74, -0.53, -16.61, -1.96, 5.19
-0.13, -0.75, -0.53, -17.28, -1.86, 5.79
-0.13, -0.75, -0.53, -17.79, -3.41, 7.76
-0.12, -0.75, -0.53, -15.40, -3.74, 7.76
-0.12, -0.73, -0.53, -16.04, -2.68, 8.93
-0.12, -0.74, -0.53, -16.69, -2.15, 9.54
-0.13, -0.74, -0.53, -18.04, -1.04, 11.32
-0.13, -0.73, -0.53, -17.45, -2.13, 11.61
-0.14, -0.73, -0.54, -18.54, -1.54, 13.08
-0.15, -0.73, -0.54, -18.88, -0.95, 12.00
-0.17, -0.72, -0.55, -19.38, 1.99, 11.72
-0.17, -0.71, -0.55, -21.57, 5.01, 13.81
-0.15, -0.71, -0.55, -18.52, 5.11, 15.11
-0.14, -0.71, -0.56, -20.77, 5.63, 15.90
-0.16, -0.72, -0.56, -17.12, 7.12, 15.72
-0.18, -0.72, -0.56, -17.33, 11.33, 15.63
-0.18, -0.74, -0.56, -16.39, 13.53, 16.35
-0.16, -0.74, -0.55, -18.05, 8.87, 16.57
-0.13, -0.75, -0.56, -13.81, 1.87, 17.49
-0.14, -0.75, -0.55, -15.97, -1.38, 13.72
-0.22, -0.77, -0.53, -16.63, 2.82, 9.20
-0.27, -0.77, -0.53, -18.37, 5.85, 2.77
-0.26, -0.77, -0.54, -18.25, 4.12, -0.31
-0.25, -0.78, -0.55, -16.46, 2.94, -4.21
-0.22, -0.78, -0.56, -15.73, 3.07, -5.37
-0.17, -0.78, -0.56, -14.40, 0.02, -7.58
-0.16, -0.79, -0.57, -13.63, -5.49, -10.37
-0.18, -0.81, -0.56, -12.35, -9.92, -14.15
-0.22, -0.81, -0.57, -11.98, -12.99, -19.25
-0.27, -0.81, -0.57, -8.32, -17.93, -27.39
-0.31, -0.81, -0.58, -3.95, -18.96, -34.54
-0.33, -0.81, -0.58, 0.70, -13.16, -40.97
-0.32, -0.80, -0.57, 1.90, -2.89, -46.82
-0.28, -0.77, -0.54, 3.74, 4.48, -51.76
-0.21, -0.73, -0.51, 2.15, 11.39, -47.05
-0.09, -0.69, -0.49, 0.98, 18.73, -35.99
0.07, -0.63, -0.46, -1.52, 32.09, -9.90
0.23, -0.56, -0.44, -8.49, 30.99, 9.80
0.28, -0.52, -0.41, -25.63, 28.06, 38.71
0.23, -0.55, -0.41, -34.87, 18.63, 45.25
0.10, -0.57, -0.44, -38.19, 8.85, 45.92
-0.06, -0.58, -0.48, -44.82, 8.91, 51.51
-0.12, -0.66, -0.51, -47.32, 2.19, 52.18
-0.14, -0.77, -0.53, -45.02, -24.91, 47.87
-0.23, -0.90, -0.61, -32.52, -57.59, 34.26
-0.40, -0.96, -0.66, -16.21, -64.00, 12.66
-0.63, -1.00, -0.68, -2.58, -56.96, -18.93
-0.75, -0.97, -0.67, 5.42, -19.35, -32.50
-0.63, -0.91, -0.64, 10.29, 4.62, -50.76
-0.49, -0.88, -0.63, 15.33, 11.32, -64.00
-0.33, -0.85, -0.62, 15.11, 26.66, -63.84
-0.05, -0.77, -0.57, 11.57, 43.61, -43.94
0.25, -0.63, -0.49, 3.21, 38.09, -25.98
0.34, -0.53, -0.42, -9.72, 21.96, -12.61
0.34, -0.49, -0.38, -24.64, 22.32, 12.23
0.38, -0.51, -0.39, -41.18, 14.89, 31.63
0.25, -0.57, -0.41, -51.78, 4.71, 39.17
-0.02, -0.62, -0.45, -56.54, 11.28, 44.94
-0.15, -0.66, -0.50, -56.28, 16.15, 49.83
-0.19, -0.73, -0.57, -45.26, -6.88, 42.95
-0.35, -0.84, -0.65, -23.69, -51.28, 22.27
-0.59, -0.94, -0.73, -3.57, -63.21, -8.78
-0.82, -0.99, -0.69, 5.74, -35.36, -32.00
-0.78, -0.93, -0.57, 7.00, 7.08, -45.79
-0.57, -0.82, -0.57, 10.47, 15.66, -60.91
-0.41, -0.77, -0.57, 10.21, 21.88, -62.66
-0.10, -0.74, -0.54, 5.79, 41.59, -37.69
0.25, -0.65, -0.48, 2.46, 33.52, -16.53
0.35, -0.51, -0.43, -8.22, 16.53, -2.61
0.30, -0.45, -0.40, -23.07, 19.81, 25.10
0.28, -0.48, -0.39, -31.35, 16.21, 30.12
0.17, -0.54, -0.40, -37.01, 6.64, 34.19
-0.01, -0.67, -0.42, -44.95, 7.71, 40.92
-0.09, -0.83, -0.46, -44.54, -0.94, 41.42
-0.15, -0.93, -0.54, -38.91, -21.13, 34.95
-0.28, -0.96, -0.62, -25.56, -57.04, 16.20
-0.53, -0.95, -0.69, -5.26, -64.00, -15.77
-0.71, -0.91, -0.71, 9.53, -43.93, -40.79
-0.71, -0.88, -0.65, 10.22, -6.59, -59.52
-0.57, -0.86, -0.60, 7.81, 14.89, -64.00
-0.35, -0.83, -0.55, 1.89, 27.41, -64.00
0.05, -0.75, -0.53, -2.34, 40.05, -34.63
0.34, -0.60, -0.51, -3.66, 22.82, -9.19
0.39, -0.47, -0.45, -13.09, 7.30, 15.30
0.37, -0.45, -0.43, -21.71, 10.94, 33.13
0.30, -0.50, -0.42, -27.91, 1.14, 35.08
0.11, -0.57, -0.43, -38.81, 1.91, 41.62
-0.07, -0.68, -0.45, -47.73, 6.85, 48.42
-0.12, -0.78, -0.48, -48.86, 0.35, 51.45
-0.15, -0.84, -0.53, -39.57, -26.11, 40.73
-0.27, -0.91, -0.62, -23.49, -52.62, 14.19
-0.53, -0.97, -0.69, -8.16, -55.16, -10.41
-0.73, -0.98, -0.68, 2.80, -29.25, -30.97
-0.65, -0.91, -0.65, 7.80, 7.12, -38.61
-0.45, -0.86, -0.61, 8.23, 18.57, -55.29
-0.33, -0.84, -0.56, 2.44, 15.62, -58.66
-0.14, -0.80, -0.52, -3.90, 30.41, -34.13
0.27, -0.67, -0.49, -6.98, 43.01, 2.94
0.48, -0.48, -0.44, -14.56, 18.11, 20.16
0.39, -0.41, -0.41, -26.54, 9.11, 28.08
0.25, -0.46, -0.42, -29.45, -2.07, 35.47
0.04, -0.56, -0.47, -37.27, 4.52, 43.35
-0.12, -0.68, -0.52, -42.11, 18.18, 50.29
-0.14, -0.71, -0.55, -41.24, 16.49, 48.34
-0.14, -0.77, -0.61, -27.40, -5.98, 42.12
-0.28, -0.85, -0.69, -15.96, -15.55, 26.00
-0.51, -0.93, -0.69, -8.76, -21.15, 2.06
-0.69, -0.97, -0.69, 1.48, -10.23, -19.48
-0.63, -0.95, -0.66, 1.18, 21.29, -26.23
-0.47, -0.91, -0.62, 2.24, 26.58, -40.42
-0.33, -0.87, -0.61, 2.55, 30.14, -49.81
-0.24, -0.83, -0.59, -1.23, 30.42, -48.53
-0.06, -0.77, -0.54, -5.73, 32.58, -32.95
0.17, -0.66, -0.51, -7.85, 36.90, -10.12
0.31, -0.53, -0.44, -15.14, 34.61, 7.99
0.32, -0.45, -0.39, -25.30, 28.46, 24.82
0.23, -0.47, -0.42, -29.96, 22.35, 31.82
0.09, -0.57, -0.46, -31.21, 26.37, 40.31
-0.05, -0.65, -0.49, -32.37, 31.99, 48.15
-0.00, -0.71, -0.55, -29.92, 30.58, 50.20
-0.03, -0.74, -0.60, -22.99, 12.07, 44.61
-0.19, -0.81, -0.62, -13.97, -2.18, 35.45
-0.43, -0.91, -0.61, -6.70, -7.56, 15.00
-0.65, -0.98, -0.60, -1.10, -13.34, -9.87
-0.71, -0.96, -0.57, -0.88, -2.97, -27.46
-0.60, -0.88, -0.55, 1.07, -4.03, -40.84
-0.45, -0.79, -0.53, 1.07, -10.79, -56.05
-0.31, -0.76, -0.52, -2.05, -11.02, -54.52
-0.02, -0.70, -0.50, -7.77, 19.67, -24.00
0.27, -0.57, -0.46, -12.68, 17.92, -6.07
0.38, -0.46, -0.44, -22.18, 15.82, 16.30
0.40, -0.48, -0.48, -24.96, 23.49, 38.15
0.35, -0.54, -0.50, -22.68, 22.80, 42.97
0.19, -0.62, -0.48, -30.28, 20.01, 54.20
0.03, -0.74, -0.52, -31.75, 4.08, 55.87
-0.08, -0.82, -0.59, -25.53, -25.96, 43.07
-0.28, -0.90, -0.62, -17.88, -54.03, 24.44
-0.54, -0.98, -0.64, -8.66, -64.00, -4.45
-0.74, -0.99, -0.66, 3.61, -42.79, -26.82
-0.75, -0.94, -0.62, 1.86, 3.36, -38.44
-0.61, -0.85, -0.57, 1.54, 23.52, -54.75
-0.45, -0.78, -0.55, 2.79, 32.37, -57.79
-0.19, -0.74, -0.54, -1.68, 31.39, -49.19
0.09, -0.68, -0.54, -2.65, 27.22, -26.08
0.33, -0.56, -0.51, -7.92, 25.08, 0.26
0.47, -0.48, -0.47, -16.16, 21.70, 28.47
0.47, -0.48, -0.44, -22.16, 14.56, 34.44
0.28, -0.55, -0.42, -26.36, 14.77, 43.64
0.03, -0.66, -0.42, -34.92, 18.50, 50.69
-0.08, -0.77, -0.49, -34.91, 1.76, 50.17
-0.19, -0.86, -0.54, -26.52, -25.28, 35.62
-0.39, -0.96, -0.55, -22.78, -43.47, 14.24
-0.58, -1.00, -0.57, -14.64, -50.75, -12.90
-0.71, -0.97, -0.60, -6.80, -20.20, -28.05
-0.63, -0.91, -0.60, -3.38, 6.10, -42.27
-0.48, -0.83, -0.59, 1.52, 20.68, -53.56
-0.29, -0.81, -0.57, 0.86, 23.54, -51.01
-0.05, -0.79, -0.52, -4.10, 15.07, -40.70
0.16, -0.72, -0.50, -8.07, 6.80, -21.85
0.31, -0.58, -0.48, -12.54, -5.73, -5.48
0.32, -0.47, -0.45, -20.79, -11.19, 13.99
0.28, -0.45, -0.44, -31.23, -7.25, 28.05
0.19, -0.50, -0.45, -33.55, -3.63, 34.79
0.02, -0.56, -0.46, -39.28, 3.86, 43.84
-0.05, -0.65, -0.50, -38.66, 1.28, 50.87
-0.07, -0.75, -0.57, -29.31, -25.24, 44.68
-0.20, -0.84, -0.65, -18.92, -38.34, 30.97
-0.45, -0.94, -0.65, -9.06, -42.04, 8.72
-0.68, -1.01, -0.63, -0.49, -30.19, -18.42
-0.74, -1.03, -0.62, 2.95, 1.03, -28.38
-0.60, -0.98, -0.59, 2.16, 21.22, -45.04
-0.43, -0.90, -0.55, 1.83, 26.12, -57.07
-0.28, -0.85, -0.54, -1.08, 23.02, -58.88
-0.04, -0.79, -0.54, -6.00, 21.98, -43.30
0.21, -0.63, -0.53, -7.26, 16.33, -20.18
0.33, -0.50, -0.49, -14.83, 10.10, -2.41
0.34, -0.40, -0.43, -24.83, 11.56, 21.26
0.34, -0.41, -0.43, -30.94, 12.69, 33.88
0.21, -0.48, -0.44, -33.60, 11.70, 41.18
-0.01, -0.56, -0.45, -40.98, 16.13, 54.35
-0.04, -0.66, -0.51, -37.45, 1.08, 61.93
-0.03, -0.73, -0.56, -25.21, -26.09, 53.83
-0.19, -0.84, -0.60, -14.78, -39.41, 37.23
-0.49, -0.97, -0.60, -10.92, -47.08, 11.56
-0.72, -1.05, -0.59, -2.23, -28.81, -10.22
-0.75, -1.05, -0.58, -3.79, -1.61, -26.89
-0.63, -0.96, -0.57, -1.72, 16.97, -42.23
-0.47, -0.87, -0.55, -2.31, 17.68, -58.26
-0.30, -0.85, -0.54, -5.97, 12.73, -61.94
-0.10, -0.82, -0.55, -10.78, 10.16, -48.00
0.18, -0.69, -0.60, -6.61, 20.53, -23.14
0.34, -0.51, -0.58, -9.90, 15.22, -7.69
0.32, -0.43, -0.48, -23.00, 21.38, 13.68
0.32, -0.45, -0.46, -29.36, 23.87, 30.52
0.25, -0.52, -0.46, -31.09, 20.20, 38.05
0.05, -0.60, -0.42, -41.38, 14.98, 45.85
-0.05, -0.67, -0.45, -45.49, 8.79, 55.43
-0.04, -0.71, -0.53, -38.96, -16.14, 55.95
-0.10, -0.74, -0.57, -29.44, -47.56, 42.85
-0.35, -0.84, -0.62, -12.32, -56.64, 22.08
-0.65, -0.95, -0.64, -2.84, -41.73, -8.36
-0.87, -1.02, -0.59, -0.79, -4.61, -26.27
-0.79, -0.99, -0.55, 2.64, 32.10, -38.95
-0.53, -0.87, -0.55, 4.49, 29.76, -57.97
-0.37, -0.83, -0.53, -0.18, 17.30, -64.00
-0.19, -0.83, -0.52, -5.50, 11.27, -59.41
0.13, -0.75, -0.57, -4.62, 16.92, -32.23
0.35, -0.59, -0.57, -8.72, 1.15, -19.82
0.32, -0.48, -0.48, -20.67, -4.05, -3.17
0.30, -0.46, -0.44, -31.87, 9.96, 24.89
0.32, -0.52, -0.45, -34.42, 14.79, 34.47
0.16, -0.58, -0.44, -39.49, 17.26, 42.67
0.00, -0.65, -0.45, -48.16, 15.52, 52.72
-0.02, -0.70, -0.52, -44.37, -2.76, 59.34
-0.06, -0.73, -0.60, -31.67, -32.49, 52.73
-0.23, -0.81, -0.62, -18.33, -58.11, 33.96
-0.52, -0.92, -0.62, -7.61, -60.88, 6.75
-0.80, -0.97, -0.65, 4.55, -34.83, -22.65
-0.88, -0.94, -0.60, 6.67, 2.82, -35.82
-0.72, -0.89, -0.55, 8.66, 17.95, -53.12
-0.44, -0.85, -0.56, 7.82, 16.22, -62.33
-0.17, -0.81, -0.57, 6.22, 11.06, -58.67
0.04, -0.76, -0.55, 2.34, 13.89, -43.32
0.21, -0.67, -0.52, -4.16, 13.16, -26.06
0.29, -0.59, -0.47, -15.62, 3.86, -7.00
0.38, -0.53, -0.45, -25.09, 11.22, 23.49
0.45, -0.53, -0.43, -37.87, 10.22, 37.03
0.30, -0.60, -0.40, -45.44, 7.10, 43.63
0.07, -0.64, -0.44, -50.39, 14.47, 55.58
-0.06, -0.68, -0.51, -48.61, 4.44, 59.09
-0.19, -0.75, -0.58, -37.30, -23.87, 47.94
-0.44, -0.82, -0.61, -24.96, -53.79, 24.90
-0.67, -0.86, -0.67, -9.00, -57.72, -4.77
-0.81, -0.87, -0.69, 5.00, -33.59, -29.11
-0.76, -0.84, -0.63, 10.81, 13.59, -39.72
-0.52, -0.80, -0.59, 9.51, 28.31, -49.12
-0.31, -0.80, -0.58, 4.12, 26.83, -48.64
-0.08, -0.80, -0.59, 2.56, 28.88, -35.55
0.14, -0.73, -0.57, -3.05, 27.45, -19.44
0.24, -0.65, -0.47, -15.47, 16.15, -4.04
0.29, -0.60, -0.41, -25.79, 12.56, 14.61
0.33, -0.59, -0.42, -36.84, 4.46, 25.68
0.22, -0.62, -0.44, -43.96, 0.72, 33.75
0.03, -0.66, -0.46, -47.09, 7.77, 41.60
-0.07, -0.69, -0.51, -44.70, 11.90, 46.00
-0.15, -0.73, -0.57, -34.77, -4.36, 35.13
-0.34, -0.80, -0.65, -19.62, -23.99, 17.32
-0.60, -0.87, -0.70, -2.21, -34.57, -10.79
-0.79, -0.90, -0.67, 10.38, -13.62, -30.09
-0.71, -0.88, -0.60, 17.95, 4.78, -45.72
-0.53, -0.86, -0.58, 20.03, 0.69, -60.29
-0.30, -0.82, -0.61, 23.54, 24.74, -53.93
-0.04, -0.76, -0.57, 15.44, 27.90, -46.81
0.09, -0.70, -0.46, -0.01, 17.17, -40.14
0.17, -0.65, -0.41, -15.23, 13.47, -18.78
0.34, -0.58, -0.45, -25.08, 27.52, 13.94
0.47, -0.51, -0.45, -38.68, 25.37, 32.71
0.36, -0.52, -0.43, -44.57, 8.17, 33.97
0.14, -0.59, -0.48, -45.58, 12.22, 47.94
-0.00, -0.66, -0.56, -45.07, 18.66, 54.29
-0.12, -0.75, -0.58, -36.98, 7.97, 45.87
-0.34, -0.84, -0.61, -28.46, -27.42, 27.35
-0.54, -0.90, -0.68, -8.04, -43.46, 4.30
-0.70, -0.94, -0.70, 8.47, -40.05, -22.46
-0.72, -0.94, -0.60, 9.92, -5.09, -35.38
-0.56, -0.87, -0.52, 10.32, 3.04, -53.05
-0.37, -0.81, -0.56, 11.83, 24.53, -51.73
-0.10, -0.77, -0.56, 6.02, 33.32, -41.18
0.11, -0.73, -0.47, -7.95, 23.83, -25.82
0.27, -0.64, -0.45, -17.13, 18.95, -7.32
0.40, -0.53, -0.46, -28.95, 21.24, 19.72
0.43, -0.49, -0.43, -41.52, 11.30, 29.52
0.27, -0.54, -0.43, -42.59, 11.26, 37.52
0.07, -0.60, -0.50, -46.37, 17.60, 49.91
-0.01, -0.68, -0.54, -46.32, 21.67, 58.61
-0.07, -0.75, -0.56, -38.98, 5.36, 49.60
-0.28, -0.83, -0.58, -31.35, -25.69, 31.61
-0.54, -0.90, -0.64, -13.95, -36.85, 10.80
-0.69, -0.94, -0.70, 5.97, -35.74, -21.32
-0.76, -0.95, -0.65, 10.53, 0.71, -31.89
-0.58, -0.86, -0.57, 9.95, 20.85, -46.75
-0.38, -0.78, -0.56, 10.64, 29.20, -54.20
-0.17, -0.77, -0.58, 6.79, 28.70, -49.35
0.04, -0.75, -0.55, -2.78, 31.61, -31.50
0.26, -0.65, -0.50, -14.09, 20.58, -17.43
0.37, -0.54, -0.47, -24.75, 17.39, 6.38
0.45, -0.47, -0.46, -37.15, 8.56, 29.24
0.38, -0.51, -0.47, -40.45, 0.57, 33.53
0.16, -0.59, -0.51, -42.49, 7.21, 43.04
-0.02, -0.68, -0.54, -47.13, 14.63, 49.74
-0.12, -0.76, -0.53, -44.86, 11.42, 47.52
-0.21, -0.82, -0.57, -32.65, -10.01, 35.06
-0.40, -0.89, -0.69, -14.56, -25.71, 14.86
-0.64, -0.91, -0.76, 2.20, -23.85, -15.33
-0.79, -0.90, -0.73, 15.87, 2.73, -31.41
-0.68, -0.83, -0.67, 23.68, 15.89, -50.03
-0.50, -0.79, -0.62, 26.89, 20.43, -62.76
-0.27, -0.80, -0.58, 23.71, 27.33, -62.21
-0.04, -0.80, -0.55, 17.61, 29.05, -53.81
0.19, -0.72, -0.52, 11.64, 30.01, -38.92
0.30, -0.62, -0.49, 1.39, 19.30, -28.61
0.34, -0.56, -0.42, -16.69, 24.73, 0.61
0.48, -0.54, -0.37, -33.03, 24.80, 33.61
0.52, -0.56, -0.37, -41.29, 9.86, 42.69
0.35, -0.62, -0.39, -47.44, 4.56, 51.12
0.10, -0.69, -0.43, -58.48, 6.01, 60.12
-0.03, -0.75, -0.45, -59.56, -1.69, 59.82
-0.13, -0.80, -0.51, -50.76, -18.52, 50.51
-0.31, -0.84, -0.62, -36.36, -37.12, 28.40
-0.60, -0.86, -0.70, -16.97, -42.09, 5.53
-0.77, -0.88, -0.72, 3.48, -35.41, -21.80
-0.75, -0.88, -0.73, 13.54, -11.40, -34.33
-0.56, -0.83, -0.68, 17.30, 1.28, -49.70
-0.39, -0.79, -0.61, 17.44, 5.13, -63.27
-0.21, -0.79, -0.58, 12.26, 14.64, -55.90
0.08, -0.78, -0.54, 3.77, 23.04, -32.62
0.36, -0.68, -0.51, -4.02, 11.99, -17.36
0.48, -0.55, -0.49, -13.50, 8.87, 5.73
0.49, -0.48, -0.44, -30.51, 5.61, 28.46
0.39, -0.52, -0.39, -36.92, -0.36, 36.15
0.19, -0.60, -0.41, -43.11, 3.54, 45.04
0.01, -0.69, -0.47, -52.41, 10.58, 51.43
-0.06, -0.73, -0.49, -54.87, 12.46, 56.54
-0.09, -0.74, -0.51, -48.48, -2.66, 50.09
-0.21, -0.80, -0.62, -33.72, -25.62, 33.78
-0.47, -0.87, -0.75, -14.38, -36.85, 12.01
-0.69, -0.90, -0.79, 4.42, -34.54, -15.74
-0.75, -0.90, -0.74, 19.43, -6.47, -30.27
-0.59, -0.86, -0.66, 24.08, 6.67, -46.90
-0.39, -0.84, -0.61, 20.89, 13.29, -53.91
-0.19, -0.82, -0.57, 19.38, 19.88, -50.21
0.02, -0.77, -0.54, 13.53, 21.07, -40.51
0.16, -0.71, -0.48, 1.88, 25.15, -26.03
0.27, -0.64, -0.40, -11.75, 21.09, -7.32
0.39, -0.57, -0.37, -26.57, 16.49, 14.38
0.43, -0.55, -0.37, -40.49, 4.70, 30.98
0.29, -0.59, -0.38, -48.96, -2.43, 37.95
0.09, -0.64, -0.43, -55.99, 4.85, 46.83
-0.03, -0.69, -0.48, -56.06, 8.95, 51.45
-0.09, -0.74, -0.55, -46.29, -6.18, 44.43
-0.27, -0.80, -0.63, -34.43, -30.76, 27.61
-0.48, -0.87, -0.71, -17.66, -42.43, 6.64
-0.65, -0.89, -0.76, -0.18, -40.79, -18.46
-0.70, -0.85, -0.74, 10.52, -13.65, -34.46
-0.57, -0.81, -0.68, 18.14, -4.40, -49.81
-0.43, -0.79, -0.64, 18.98, 0.41, -58.00
-0.21, -0.80, -0.63, 21.04, 13.81, -50.54
0.03, -0.76, -0.60, 15.69, 21.34, -41.15
0.16, -0.70, -0.49, 3.15, 25.62, -28.20
0.27, -0.63, -0.41, -10.06, 13.46, -14.91
0.36, -0.60, -0.40, -24.18, 17.60, 13.06
0.46, -0.60, -0.40, -38.23, 16.99, 36.53
0.39, -0.62, -0.37, -47.93, 8.46, 42.63
0.16, -0.66, -0.39, -56.11, 13.97, 53.04
0.02, -0.69, -0.47, -59.72, 20.07, 60.34
-0.07, -0.73, -0.53, -56.94, 6.02, 55.74
-0.22, -0.80, -0.59, -47.15, -28.22, 40.29
-0.44, -0.84, -0.72, -25.27, -54.49, 16.40
-0.68, -0.84, -0.81, -2.39, -59.34, -16.25
-0.84, -0.83, -0.79, 12.83, -23.03, -35.80
-0.73, -0.80, -0.70, 18.20, 11.52, -49.47
-0.48, -0.78, -0.63, 18.61, 23.66, -58.84
-0.23, -0.78, -0.59, 15.55, 39.40, -48.54
0.10, -0.74, -0.56, 10.41, 39.71, -32.53
0.30, -0.67, -0.48, -1.73, 30.94, -13.94
0.41, -0.60, -0.39, -16.65, 23.69, 7.76
0.49, -0.57, -0.35, -34.11, 15.00, 31.49
0.46, -0.61, -0.37, -43.30, 2.91, 40.54
0.24, -0.66, -0.38, -54.44, 1.60, 48.02
0.03, -0.68, -0.43, -61.08, 8.34, 58.17
-0.04, -0.69, -0.50, -56.47, 0.43, 57.48
-0.13, -0.73, -0.59, -46.72, -25.77, 44.07
-0.38, -0.80, -0.66, -32.50, -48.10, 23.86
-0.64, -0.83, -0.73, -12.29, -58.21, -3.49
-0.83, -0.85, -0.79, 8.15, -41.14, -31.48
-0.79, -0.84, -0.73, 12.20, 1.14, -44.40
-0.57, -0.79, -0.60, 15.96, 15.43, -59.91
-0.34, -0.76, -0.60, 13.82, 21.41, -62.22
-0.06, -0.76, -0.59, 10.62, 47.24, -38.52
0.28, -0.72, -0.52, 0.58, 35.64, -22.76
0.40, -0.67, -0.41, -16.13, 19.45, -4.51
0.47, -0.63, -0.39, -28.45, 13.35, 18.49
0.47, -0.62, -0.42, -40.99, -1.88, 29.74
0.23, -0.66, -0.43, -49.90, -4.06, 35.21
-0.01, -0.72, -0.46, -55.27, 6.75, 41.77
-0.11, -0.69, -0.51, -54.44, 5.67, 44.01
-0.14, -0.72, -0.61, -40.76, -10.01, 35.97
-0.30, -0.76, -0.70, -27.37, -28.10, 16.77
-0.58, -0.80, -0.72, -14.81, -33.20, -6.94
-0.74, -0.80, -0.75, 4.99, -12.89, -20.69
-0.62, -0.77, -0.73, 15.65, 5.58, -33.11
-0.44, -0.75, -0.67, 20.74, 11.35, -44.16
-0.30, -0.75, -0.61, 20.64, 15.35, -49.00
-0.12, -0.76, -0.56, 15.81, 31.72, -31.42
0.15, -0.72, -0.50, 3.89, 36.30, -13.74
0.34, -0.65, -0.41, -10.30, 30.35, 2.47
0.45, -0.61, -0.35, -29.57, 20.61, 22.78
0.45, -0.63, -0.36, -40.10, 2.91, 31.81
0.24, -0.69, -0.41, -52.54, -5.35, 37.92
0.03, -0.71, -0.47, -57.57, -2.86, 46.29
-0.06, -0.73, -0.53, -52.18, -12.66, 43.83
-0.17, -0.76, -0.62, -40.10, -30.92, 26.85
-0.44, -0.83, -0.68, -30.55, -44.26, 6.96
-0.65, -0.85, -0.73, -8.12, -39.24, -14.12
-0.69, -0.83, -0.76, 3.59, -15.13, -28.70
-0.61, -0.81, -0.70, 11.54, 2.87, -42.26
-0.45, -0.79, -0.65, 17.45, 4.90, -55.42
-0.30, -0.79, -0.64, 18.06, 10.74, -56.07
-0.06, -0.78, -0.60, 12.24, 35.12, -36.03
0.20, -0.70, -0.51, 4.34, 14.86, -34.22
0.23, -0.63, -0.45, -10.65, 5.71, -25.40
0.28, -0.60, -0.44, -21.66, 11.18, -2.30
0.29, -0.57, -0.45, -34.33, 9.88, 13.44
0.26, -0.58, -0.45, -42.06, 10.24, 22.17
0.16, -0.62, -0.48, -43.90, 8.86, 26.22
0.00, -0.68, -0.53, -43.56, 13.78, 27.85
-0.11, -0.72, -0.58, -40.60, 11.16, 27.73
-0.19, -0.77, -0.63, -30.13, -10.14, 19.78
-0.31, -0.80, -0.70, -11.33, -36.32, 2.61
-0.47, -0.82, -0.75, 7.16, -43.15, -19.68
-0.63, -0.88, -0.72, 20.30, -30.93, -46.24
-0.68, -0.93, -0.64, 20.76, -2.10, -64.00
-0.49, -0.92, -0.57, 14.77, 34.03, -58.45
-0.04, -0.81, -0.51, 14.82, 49.18, -43.66
0.28, -0.67, -0.49, 7.26, 19.07, -41.57
0.30, -0.63, -0.42, -8.01, 11.98, -16.12
0.39, -0.59, -0.38, -19.03, 4.96, 6.57
0.47, -0.53, -0.37, -35.76, -2.13, 28.18
0.40, -0.52, -0.37, -45.09, -10.10, 32.69
0.17, -0.54, -0.40, -52.38, -5.64, 44.49
0.04, -0.60, -0.46, -55.80, 1.91, 58.34
-0.03, -0.70, -0.52, -48.68, -12.16, 59.41
-0.14, -0.80, -0.60, -36.61, -35.87, 44.98
-0.36, -0.88, -0.70, -20.15, -52.83, 23.76
-0.60, -0.92, -0.78, -3.99, -60.96, -7.90
-0.76, -0.93, -0.78, 11.70, -33.38, -32.35
-0.70, -0.90, -0.74, 18.97, 0.86, -48.81
-0.54, -0.84, -0.67, 24.43, 8.02, -64.00
-0.36, -0.83, -0.65, 19.60, 15.57, -64.00
-0.01, -0.83, -0.60, 14.57, 31.35, -43.31
0.36, -0.72, -0.53, 7.91, 20.31, -25.28
0.48, -0.57, -0.44, -9.87, -0.81, -13.50
0.45, -0.52, -0.39, -24.14, 0.73, 18.04
0.44, -0.53, -0.38, -39.80, -4.40, 33.07
0.31, -0.60, -0.40, -46.99, -7.61, 36.00
0.05, -0.66, -0.43, -52.56, 1.25, 44.32
-0.08, -0.70, -0.47, -51.97, -1.37, 49.60
-0.17, -0.74, -0.53, -39.94, -28.52, 40.32
-0.32, -0.82, -0.66, -15.69, -62.00, 14.91
-0.59, -0.91, -0.77, 5.98, -64.00, -19.36
-0.82, -0.97, -0.72, 13.61, -26.86, -40.79
-0.79, -0.93, -0.62, 19.71, 9.21, -59.90
-0.57, -0.84, -0.59, 24.28, 19.37, -64.00
-0.34, -0.83, -0.58, 18.39, 32.14, -64.00
0.08, -0.83, -0.51, 9.41, 45.60, -32.39
0.45, -0.69, -0.44, -0.40, 16.06, -19.98
0.49, -0.55, -0.42, -14.00, -5.83, -3.45
0.47, -0.48, -0.40, -29.46, 0.21, 27.05
0.45, -0.48, -0.39, -40.29, -9.88, 29.41
0.26, -0.54, -0.39, -45.55, -8.33, 35.28
0.04, -0.64, -0.43, -54.06, 8.62, 46.96
-0.04, -0.73, -0.47, -55.38, 13.55, 54.29
-0.09, -0.80, -0.54, -44.77, -11.74, 47.66
-0.22, -0.85, -0.66, -24.61, -47.10, 25.80
-0.49, -0.92, -0.76, -4.29, -62.34, -4.09
-0.75, -0.95, -0.75, 11.04, -41.32, -34.19
-0.76, -0.92, -0.68, 19.48, 2.49, -41.49
-0.53, -0.86, -0.61, 19.91, 20.96, -59.34
-0.31, -0.85, -0.57, 14.28, 20.50, -62.98
-0.11, -0.84, -0.53, 8.89, 25.92, -46.67
0.21, -0.77, -0.48, -1.95, 26.37, -24.49
0.41, -0.64, -0.42, -16.59, 6.99, -9.66
0.47, -0.53, -0.39, -31.97, 4.89, 16.94
0.48, -0.47, -0.38, -45.40, -6.79, 29.46
0.29, -0.52, -0.41, -48.74, -10.57, 34.74
0.06, -0.63, -0.47, -52.92, 7.13, 46.92
-0.04, -0.72, -0.51, -55.90, 21.62, 55.22
-0.01, -0.76, -0.53, -51.89, 14.61, 58.89
-0.02, -0.79, -0.56, -38.37, -10.04, 50.64
-0.21, -0.87, -0.64, -27.31, -37.12, 32.16
-0.49, -0.92, -0.69, -8.10, -46.41, 7.50
-0.75, -0.93, -0.70, 6.26, -40.00, -21.67
-0.77, -0.93, -0.65, 8.24, -1.88, -30.70
-0.58, -0.88, -0.60, 9.02, 3.66, -50.48
-0.41, -0.81, -0.61, 8.10, 5.62, -64.00
-0.28, -0.79, -0.63, 4.60, 11.35, -60.27
0.02, -0.75, -0.58, -0.04, 27.90, -40.40
0.33, -0.64, -0.54, -7.68, 22.65, -23.60
0.41, -0.51, -0.47, -23.32, 15.80, -2.75
0.44, -0.45, -0.42, -34.04, 23.99, 29.30
0.41, -0.49, -0.42, -35.85, 11.52, 34.63
0.17, -0.60, -0.45, -41.86, 17.83, 40.72
-0.03, -0.72, -0.49, -52.73, 28.56, 50.56
-0.05, -0.75, -0.50, -54.52, 22.39, 55.69
-0.07, -0.76, -0.53, -39.29, -12.67, 46.28
-0.24, -0.85, -0.64, -21.58, -37.28, 25.56
-0.60, -0.96, -0.69, -12.06, -54.90, -7.49
-0.90, -0.91, -0.71, 1.66, -28.79, -30.20
-0.79, -0.81, -0.66, 9.42, 1.54, -43.64
-0.59, -0.74, -0.59, 14.06, 2.94, -64.00
-0.42, -0.75, -0.58, 10.49, 13.49, -64.00
-0.08, -0.77, -0.55, 2.35, 40.50, -37.38
0.39, -0.69, -0.49, -2.42, 30.43, -17.86
0.53, -0.56, -0.45, -15.92, 7.24, -5.97
0.52, -0.50, -0.43, -28.56, 13.08, 30.25
0.53, -0.53, -0.44, -32.58, 2.39, 36.90
0.32, -0.61, -0.45, -41.09, -0.05, 41.96
0.05, -0.72, -0.47, -52.49, 16.12, 50.70
-0.06, -0.78, -0.50, -57.46, 23.95, 58.22
-0.10, -0.77, -0.55, -47.42, -0.85, 49.88
-0.23, -0.82, -0.67, -28.82, -35.95, 28.70
-0.54, -0.89, -0.74, -10.49, -62.18, -4.91
-0.84, -0.89, -0.75, 10.14, -43.64, -30.65
-0.80, -0.85, -0.68, 18.19, 0.83, -41.83
-0.57, -0.80, -0.59, 18.58, 8.44, -64.00
-0.44, -0.78, -0.57, 16.88, 20.99, -64.00
-0.09, -0.77, -0.54, 4.04, 43.77, -41.36
0.37, -0.71, -0.46, -5.34, 39.68, -12.52
0.56, -0.58, -0.41, -22.18, 4.64, -0.28
0.51, -0.50, -0.41, -34.82, 8.31, 30.70
0.49, -0.51, -0.43, -39.97, -5.10, 37.58
0.28, -0.57, -0.45, -48.30, -5.70, 44.71
0.03, -0.69, -0.50, -54.76, 9.03, 55.09
-0.05, -0.74, -0.55, -52.17, 12.48, 57.55
-0.14, -0.78, -0.62, -38.65, -7.47, 47.36
-0.33, -0.86, -0.68, -26.39, -34.32, 23.69
-0.62, -0.91, -0.72, -5.59, -48.02, -2.70
-0.78, -0.89, -0.77, 14.09, -26.49, -26.69
-0.75, -0.84, -0.69, 18.40, 1.58, -42.24
-0.58, -0.79, -0.58, 20.05, 13.55, -59.79
-0.36, -0.78, -0.54, 14.67, 16.54, -62.03
-0.11, -0.79, -0.52, 6.75, 23.16, -46.93
0.24, -0.71, -0.49, -3.82, 32.26, -19.77
0.45, -0.59, -0.43, -17.13, 13.01, -3.20
0.48, -0.49, -0.41, -31.66, 11.67, 25.10
0.47, -0.50, -0.43, -35.94, 2.60, 34.28
0.30, -0.56, -0.47, -39.23, -3.91, 38.97
0.06, -0.65, -0.52, -44.59, 10.17, 48.86
-0.06, -0.73, -0.55, -45.81, 18.78, 55.86
-0.09, -0.77, -0.57, -39.13, 13.54, 53.81
-0.19, -0.81, -0.65, -25.89, -24.01, 33.66
-0.49, -0.88, -0.72, -12.24, -46.95, 7.95
-0.73, -0.91, -0.77, 8.50, -41.66, -21.68
-0.80, -0.87, -0.74, 15.83, -4.80, -34.58
-0.63, -0.80, -0.61, 19.61, 11.86, -49.84
-0.41, -0.77, -0.57, 20.82, 13.89, -56.73
-0.22, -0.79, -0.57, 16.56, 10.99, -53.50
-0.00, -0.77, -0.53, 8.53, 20.65, -36.99
0.24, -0.69, -0.44, -3.85, 16.44, -22.03
0.33, -0.61, -0.39, -16.79, 5.74, -6.32
0.43, -0.55, -0.42, -28.74, 22.07, 25.53
0.48, -0.56, -0.41, -39.68, 14.25, 35.17
0.29, -0.61, -0.42, -44.79, 10.81, 42.08
0.07, -0.67, -0.49, -50.71, 14.44, 51.48
-0.05, -0.73, -0.54, -46.56, 1.54, 57.07
-0.10, -0.77, -0.62, -28.79, -14.09, 52.14
-0.30, -0.80, -0.73, -6.85, -51.43, 17.05
-0.78, -0.89, -0.73, -0.43, -61.76, -23.80
-1.05, -0.93, -0.74, 15.09, -1.99, -38.89
-0.85, -0.82, -0.67, 17.63, 37.74, -52.96
-0.52, -0.75, -0.58, 19.96, 43.34, -64.00
-0.23, -0.78, -0.60, 20.97, 42.27, -64.00
0.02, -0.81, -0.60, 14.56, 45.92, -48.22
0.29, -0.76, -0.48, -0.94, 45.85, -27.32
0.46, -0.65, -0.35, -21.74, 37.67, 0.03
0.61, -0.58, -0.35, -32.60, 26.55, 24.60
0.64, -0.56, -0.40, -44.51, 4.32, 40.69
0.42, -0.63, -0.44, -48.42, -2.87, 45.24
0.01, -0.70, -0.53, -47.47, -0.14, 39.94
-0.31, -0.73, -0.59, -43.43, -3.72, 28.96
-0.51, -0.80, -0.60, -28.40, -35.35, 6.20
-0.59, -0.89, -0.69, -5.65, -40.69, -21.99
-0.65, -0.91, -0.74, 7.38, -18.24, -39.97
-0.62, -0.87, -0.65, 11.46, 10.15, -52.18
-0.40, -0.82, -0.57, 12.22, 19.31, -56.85
-0.11, -0.82, -0.53, 9.80, 14.54, -49.22
0.20, -0.80, -0.53, 6.39, 7.20, -35.73
0.34, -0.73, -0.52, 0.71, -12.73, -28.27
0.29, -0.66, -0.47, -8.22, -18.93, -15.43
0.23, -0.61, -0.43, -17.75, -9.72, 4.04
0.22, -0.57, -0.43, -26.46, -0.56, 13.77
0.13, -0.57, -0.42, -33.85, 4.41, 16.78
0.00, -0.62, -0.42, -35.85, 18.26, 23.77
-0.01, -0.68, -0.45, -38.87, 21.16, 32.05
0.04, -0.73, -0.47, -40.14, 21.91, 39.62
0.08, -0.76, -0.48, -42.02, 15.94, 44.17
0.07, -0.79, -0.49, -39.12, -3.46, 43.12
-0.01, -0.84, -0.56, -27.96, -29.24, 34.50
-0.22, -0.90, -0.69, -14.47, -44.04, 13.99
-0.49, -0.93, -0.73, -2.04, -50.69, -16.73
-0.66, -0.91, -0.72, 10.09, -19.95, -31.92
-0.56, -0.87, -0.71, 19.06, 0.15, -49.60
-0.41, -0.84, -0.64, 19.49, 2.96, -64.00
-0.28, -0.86, -0.51, 13.28, 17.92, -54.41
0.09, -0.84, -0.43, 4.72, 26.74, -26.60
0.45, -0.69, -0.41, -2.24, 6.13, -4.07
0.53, -0.50, -0.42, -14.17, -0.42, 22.44
0.45, -0.44, -0.35, -30.30, -8.17, 31.38
0.26, -0.51, -0.34, -44.94, -15.93, 32.87
0.04, -0.62, -0.43, -56.45, -1.04, 36.23
-0.06, -0.69, -0.48, -63.31, 12.59, 42.93
-0.05, -0.73, -0.53, -59.66, 5.59, 44.19
-0.08, -0.77, -0.64, -42.04, -28.08, 33.37
-0.23, -0.84, -0.78, -20.16, -43.10, 20.72
-0.49, -0.90, -0.82, -2.94, -52.85, -9.86
-0.70, -0.91, -0.78, 10.71, -15.63, -29.79
-0.59, -0.88, -0.71, 17.13, 20.34, -37.93
-0.39, -0.82, -0.62, 15.70, 27.92, -53.72
-0.25, -0.80, -0.55, 5.88, 27.43, -50.19
-0.01, -0.82, -0.47, -4.15, 25.51, -29.64
0.31, -0.75, -0.42, -14.06, 18.77, -5.97
0.53, -0.59, -0.40, -25.74, -2.85, 10.76
0.48, -0.50, -0.37, -39.98, -18.30, 25.50
0.26, -0.55, -0.39, -42.97, -20.74, 32.63
0.05, -0.63, -0.45, -49.54, -4.79, 40.32
-0.08, -0.70, -0.49, -54.15, 7.93, 48.79
-0.06, -0.72, -0.50, -51.71, -12.32, 50.17
-0.05, -0.74, -0.62, -33.21, -38.25, 41.37
-0.17, -0.80, -0.71, -18.03, -54.11, 21.45
-0.48, -0.88, -0.68, -4.04, -52.67, -3.34
-0.69, -0.93, -0.70, 6.47, -28.46, -23.38
-0.66, -0.92, -0.65, 9.05, 9.60, -26.50
-0.43, -0.83, -0.58, 13.60, 16.37, -42.06
-0.30, -0.78, -0.55, 10.89, 7.95, -53.86
-0.26, -0.81, -0.53, 3.57, 5.16, -47.88
-0.04, -0.80, -0.50, -4.79, 15.11, -26.38
0.35, -0.67, -0.45, -12.14, 16.61, 2.04
0.53, -0.50, -0.42, -23.51, 1.78, 22.43
0.42, -0.43, -0.42, -30.64, -13.42, 27.07
0.18, -0.52, -0.47, -34.04, -10.66, 30.81
-0.06, -0.66, -0.51, -44.20, 11.42, 40.53
-0.08, -0.76, -0.53, -49.56, 25.12, 46.89
-0.03, -0.79, -0.56, -45.63, 9.73, 45.28
-0.07, -0.81, -0.65, -32.01, -29.62, 33.03
-0.28, -0.90, -0.72, -15.45, -45.15, 14.33
-0.56, -0.93, -0.72, -4.37, -43.73, -9.55
-0.73, -0.88, -0.71, 2.80, -1.73, -22.15
-0.62, -0.80, -0.60, 5.35, 30.06, -29.42
-0.39, -0.76, -0.57, 5.83, 32.43, -44.26
-0.29, -0.79, -0.57, 2.36, 19.02, -52.84
-0.22, -0.82, -0.58, 0.09, 16.77, -48.49
0.05, -0.79, -0.52, -10.32, 34.95, -25.91
0.37, -0.69, -0.41, -21.77, 29.41, -2.30
0.52, -0.56, -0.38, -32.87, 17.04, 19.44
0.46, -0.52, -0.41, -39.39, 1.19, 30.74
0.21, -0.62, -0.45, -49.51, 2.49, 38.32
-0.01, -0.68, -0.48, -55.67, 22.39, 48.11
-0.06, -0.67, -0.50, -55.09, 22.72, 47.93
-0.11, -0.68, -0.59, -43.69, -2.88, 40.64
-0.27, -0.75, -0.67, -33.01, -33.04, 33.36
-0.46, -0.76, -0.80, -2.42, -35.01, 12.72
-0.72, -0.74, -0.81, 12.61, -24.61, -19.73
-0.84, -0.80, -0.67, 12.82, 31.07, -23.17
-0.57, -0.78, -0.58, 15.13, 46.40, -28.87
-0.27, -0.70, -0.54, 9.69, 38.34, -32.65
-0.07, -0.70, -0.52, 3.04, 36.35, -19.61
0.13, -0.70, -0.48, -4.72, 27.64, -4.37
0.26, -0.64, -0.44, -17.90, 16.22, 8.97
0.32, -0.64, -0.39, -32.62, 10.74, 27.59
0.36, -0.68, -0.41, -40.27, 0.02, 37.79
0.27, -0.70, -0.49, -48.17, -4.98, 44.72
0.10, -0.71, -0.55, -48.33, 1.64, 48.82
-0.10, -0.76, -0.61, -40.96, -5.09, 41.05
-0.30, -0.81, -0.68, -34.11, -14.79, 27.52
-0.51, -0.80, -0.77, -9.40, -26.32, 6.22
-0.70, -0.76, -0.80, 8.72, -17.93, -23.82
-0.77, -0.78, -0.71, 13.94, 16.96, -35.57
-0.61, -0.77, -0.62, 18.20, 29.59, -49.49
-0.38, -0.76, -0.57, 17.00, 29.92, -54.62
-0.19, -0.76, -0.55, 9.85, 28.62, -43.56
0.09, -0.71, -0.51, 0.61, 35.36, -21.32
0.28, -0.61, -0.43, -11.44, 21.91, -8.11
0.35, -0.53, -0.36, -31.75, 23.28, 16.63
0.44, -0.51, -0.35, -47.30, 15.82, 40.03
0.40, -0.53, -0.40, -49.65, 3.52, 38.60
0.19, -0.56, -0.47, -55.95, 5.17, 49.12
0.02, -0.67, -0.51, -56.77, 3.50, 55.97
-0.04, -0.77, -0.58, -48.55, -23.61, 54.03
-0.17, -0.82, -0.71, -27.79, -56.93, 39.46
-0.43, -0.83, -0.84, -2.62, -64.00, 6.27
-0.81, -0.87, -0.82, 8.53, -39.64, -25.22
-0.90, -0.89, -0.73, 15.82, 20.06, -34.72
-0.59, -0.81, -0.66, 20.86, 31.66, -49.34
-0.31, -0.79, -0.61, 15.59, 22.27, -52.50
-0.12, -0.84, -0.58, 10.90, 7.22, -50.47
0.04, -0.83, -0.56, 4.74, 3.79, -36.41
0.20, -0.72, -0.52, -1.87, 5.93, -21.63
0.26, -0.60, -0.44, -16.82, 5.59, -7.98
0.30, -0.54, -0.39, -29.21, 12.42, 14.13
0.35, -0.54, -0.41, -40.84, 14.16, 30.66
0.26, -0.59, -0.47, -49.32, 12.50, 36.73
0.05, -0.62, -0.51, -51.38, 17.22, 41.08
-0.06, -0.64, -0.55, -49.13, 15.55, 46.72
-0.10, -0.75, -0.60, -41.69, -7.58, 41.56
-0.24, -0.79, -0.69, -25.94, -40.93, 26.89
-0.47, -0.79, -0.77, -5.13, -58.65, 1.19
-0.71, -0.82, -0.79, 10.29, -32.96, -25.21
-0.79, -0.82, -0.73, 16.41, 17.73, -41.41
-0.62, -0.76, -0.66, 19.96, 37.82, -52.66
-0.35, -0.77, -0.58, 13.03, 40.60, -51.36
-0.04, -0.82, -0.53, 5.08, 31.70, -38.12
0.28, -0.77, -0.51, -0.13, 17.49, -18.36
0.38, -0.64, -0.49, -7.60, -0.41, -9.45
0.33, -0.56, -0.43, -22.87, -3.59, 7.94
0.28, -0.57, -0.41, -35.95, -1.87, 21.05
0.21, -0.62, -0.45, -42.39, 0.49, 27.04
0.06, -0.64, -0.49, -46.25, 3.91, 30.94
-0.06, -0.65, -0.53, -44.82, 9.27, 37.96
-0.08, -0.74, -0.56, -37.18, -17.98, 34.44
-0.19, -0.80, -0.63, -23.20, -52.71, 22.08
-0.38, -0.85, -0.73, -2.48, -64.00, -1.32
-0.66, -0.85, -0.77, 15.97, -46.27, -26.70
-0.81, -0.85, -0.68, 24.90, -3.48, -46.49
-0.76, -0.84, -0.60, 25.56, 17.96, -63.32
-0.50, -0.85, -0.55, 19.57, 22.41, -64.00
-0.14, -0.83, -0.51, 10.44, 24.94, -46.91
0.28, -0.72, -0.53, 9.95, 16.40, -31.36
0.42, -0.59, -0.50, -1.63, -2.42, -18.11
0.39, -0.51, -0.44, -17.92, -2.05, 5.24
0.44, -0.49, -0.43, -34.06, 5.34, 30.07
0.45, -0.51, -0.46, -42.24, 3.93, 37.18
0.26, -0.54, -0.45, -51.66, 5.02, 47.03
0.07, -0.59, -0.47, -57.78, 6.92, 59.81
0.03, -0.66, -0.52, -52.69, -2.25, 64.00
-0.02, -0.77, -0.60, -41.80, -25.41, 58.44
-0.25, -0.85, -0.67, -33.04, -41.88, 40.49
-0.59, -0.86, -0.72, -13.25, -52.60, 13.56
-0.83, -0.85, -0.75, 9.62, -40.38, -18.39
-0.90, -0.90, -0.71, 16.50, 0.46, -36.29
-0.74, -0.92, -0.60, 17.40, 29.87, -52.62
-0.48, -0.88, -0.57, 10.20, 36.35, -64.00
-0.22, -0.85, -0.54, -0.44, 33.84, -56.80
0.14, -0.78, -0.52, -11.30, 38.86, -29.87
0.42, -0.65, -0.53, -13.29, 14.97, -18.01
0.43, -0.52, -0.49, -28.56, -0.04, -7.18
0.40, -0.50, -0.45, -40.43, 1.42, 21.76
0.42, -0.53, -0.47, -44.59, -6.16, 33.76
0.19, -0.59, -0.48, -51.96, -2.30, 40.99
-0.00, -0.63, -0.48, -53.27, 7.04, 51.68
-0.04, -0.66, -0.54, -48.18, -5.25, 55.83
-0.06, -0.68, -0.63, -34.89, -33.68, 50.64
-0.27, -0.73, -0.71, -16.46, -47.02, 33.31
-0.59, -0.78, -0.74, -2.25, -50.77, 2.72
-0.87, -0.83, -0.71, 10.62, -31.11, -24.88
-0.96, -0.87, -0.64, 17.89, 12.77, -39.67
-0.76, -0.86, -0.58, 23.17, 33.08, -55.07
-0.49, -0.86, -0.53, 15.03, 26.34, -64.00
-0.26, -0.88, -0.49, 4.63, 16.82, -59.61
0.12, -0.79, -0.52, 0.97, 22.12, -38.23
0.36, -0.64, -0.55, -3.28, -7.74, -37.00
0.27, -0.56, -0.50, -17.75, -5.75, -24.23
0.28, -0.55, -0.50, -29.61, 7.44, 7.81
0.42, -0.54, -0.53, -35.44, 13.29, 29.30
0.37, -0.55, -0.53, -37.64, 11.69, 36.18
0.13, -0.61, -0.50, -43.58, 15.55, 46.77
0.02, -0.68, -0.52, -47.48, 12.71, 57.60
-0.00, -0.72, -0.56, -42.01, -14.89, 55.89
-0.17, -0.76, -0.61, -28.44, -47.61, 39.72
-0.42, -0.81, -0.66, -15.28, -58.73, 17.13
-0.72, -0.87, -0.68, -2.70, -56.60, -20.05
-0.95, -0.89, -0.66, 3.34, -23.94, -43.12
-0.85, -0.83, -0.64, 13.24, 19.47, -56.18
-0.60, -0.78, -0.60, 11.99, 26.68, -64.00
-0.37, -0.81, -0.57, 6.19, 26.07, -64.00
-0.03, -0.78, -0.58, 4.18, 32.20, -52.43
0.32, -0.65, -0.58, -0.88, 4.20, -41.68
0.37, -0.57, -0.48, -18.44, -7.75, -21.72
0.46, -0.53, -0.40, -34.49, -3.42, 13.26
0.55, -0.52, -0.38, -47.08, -9.93, 30.20
0.37, -0.57, -0.43, -45.57, -7.91, 37.46
0.11, -0.62, -0.49, -50.04, 8.82, 47.79
-0.06, -0.67, -0.55, -52.88, 15.83, 57.26
-0.12, -0.70, -0.59, -42.00, -3.06, 53.41
-0.23, -0.72, -0.63, -26.98, -34.62, 35.48
-0.45, -0.80, -0.69, -10.83, -57.70, 9.03
-0.68, -0.87, -0.72, 6.59, -63.75, -24.95
-0.80, -0.90, -0.70, 14.71, -23.68, -38.19
-0.69, -0.88, -0.60, 20.99, 8.86, -53.62
-0.52, -0.82, -0.58, 18.96, 18.16, -64.00
-0.35, -0.84, -0.59, 10.12, 17.30, -64.00
-0.01, -0.84, -0.58, 4.36, 26.86, -42.92
0.37, -0.73, -0.49, -5.88, 19.59, -18.39
0.52, -0.59, -0.40, -22.69, -4.54, -1.49
0.49, -0.52, -0.39, -36.72, -13.95, 23.15
0.40, -0.52, -0.42, -45.30, -24.53, 30.81
0.15, -0.60, -0.47, -47.04, -17.37, 34.08
-0.09, -0.67, -0.52, -52.58, 3.64, 39.21
-0.11, -0.71, -0.53, -53.92, 17.65, 46.78
-0.06, -0.73, -0.54, -47.84, 11.88, 48.79
-0.11, -0.81, -0.58, -34.60, -21.06, 41.32
-0.31, -0.85, -0.66, -23.87, -51.43, 21.02
-0.57, -0.87, -0.73, -4.12, -64.00, -14.02
-0.78, -0.84, -0.76, 8.65, -41.27, -37.31
-0.76, -0.81, -0.66, 6.17, -6.53, -50.48
-0.59, -0.80, -0.60, 9.76, 11.73, -63.68
-0.38, -0.78, -0.63, 10.08, 29.19, -64.00
-0.17, -0.76, -0.61, 3.87, 35.80, -54.94
0.13, -0.71, -0.53, -3.99, 37.86, -31.27
0.40, -0.61, -0.50, -10.14, 20.68, -12.50
0.48, -0.51, -0.47, -23.44, 10.57, 16.41
0.48, -0.49, -0.44, -32.31, 1.39, 33.53
0.32, -0.56, -0.45, -37.27, -6.84, 40.72
0.06, -0.66, -0.48, -44.15, 9.01, 45.62
-0.10, -0.74, -0.50, -50.10, 22.60, 53.27
-0.14, -0.76, -0.53, -45.70, 15.07, 52.07
-0.25, -0.75, -0.60, -30.51, -28.73, 33.23
-0.47, -0.79, -0.69, -10.33, -61.00, 0.37
-0.75, -0.89, -0.75, 5.90, -55.61, -30.82
-0.83, -0.92, -0.67, 8.51, -5.54, -39.84
-0.63, -0.87, -0.60, 8.69, 18.47, -57.37
-0.43, -0.84, -0.60, 10.62, 18.80, -64.00
-0.20, -0.82, -0.62, 6.11, 19.02, -58.36
0.09, -0.78, -0.57, -1.91, 24.94, -38.81
0.37, -0.66, -0.51, -9.16, 13.65, -23.11
0.42, -0.53, -0.45, -21.10, 6.83, 4.36
0.45, -0.44, -0.42, -32.45, 14.46, 28.96
0.40, -0.45, -0.41, -42.02, -4.56, 37.51
0.11, -0.54, -0.47, -40.96, 3.25, 43.04
-0.09, -0.61, -0.52, -46.16, 20.91, 52.38
-0.12, -0.69, -0.52, -43.58, 25.77, 52.73
-0.14, -0.75, -0.58, -33.88, -2.43, 39.10
-0.32, -0.83, -0.65, -25.99, -36.02, 23.67
-0.53, -0.87, -0.75, -4.94, -41.71, 3.66
-0.70, -0.87, -0.75, 7.31, -39.88, -27.68
-0.74, -0.86, -0.69, 12.33, 4.13, -34.46
-0.53, -0.79, -0.60, 13.95, 17.48, -46.67
-0.32, -0.76, -0.58, 13.54, 7.28, -55.79
-0.18, -0.76, -0.60, 8.66, 10.42, -47.10
0.08, -0.72, -0.56, 0.72, 17.72, -29.95
0.28, -0.64, -0.50, -7.98, 14.47, -14.45
0.36, -0.54, -0.47, -20.50, 15.76, 9.62
0.43, -0.51, -0.45, -35.17, 21.31, 35.08
0.39, -0.57, -0.43, -37.24, 4.75, 43.11
0.21, -0.64, -0.48, -44.68, 4.04, 53.63
0.06, -0.72, -0.50, -48.52, 1.82, 62.32
0.00, -0.81, -0.53, -38.52, 16.11, 63.37
-0.11, -0.84, -0.56, -33.43, -2.98, 50.71
-0.42, -0.90, -0.61, -27.44, -31.08, 27.99
-0.71, -0.86, -0.73, -4.90, -47.56, -1.26
-0.86, -0.78, -0.81, 16.04, -38.90, -34.77
-0.84, -0.76, -0.71, 13.18, 2.14, -48.23
-0.60, -0.75, -0.58, 10.63, 21.66, -62.76
-0.36, -0.71, -0.60, 12.88, 26.30, -64.00
-0.10, -0.69, -0.66, 8.02, 28.63, -56.92
0.10, -0.70, -0.60, -1.00, 31.53, -39.67
0.33, -0.66, -0.52, -9.95, 30.27, -15.35
0.45, -0.58, -0.49, -21.43, 23.71, 9.00
0.49, -0.55, -0.47, -32.30, 19.10, 33.61
0.42, -0.60, -0.45, -35.83, 9.96, 44.87
0.20, -0.69, -0.48, -39.48, 17.28, 51.71
-0.02, -0.74, -0.52, -43.55, 26.32, 52.80
-0.21, -0.79, -0.52, -43.97, 19.84, 45.92
-0.36, -0.82, -0.52, -35.51, -29.10, 21.75
-0.58, -0.84, -0.72, -6.91, -50.63, -7.49
-0.78, -0.82, -0.81, 9.07, -35.79, -35.88
-0.80, -0.80, -0.67, 13.23, 9.48, -51.98
-0.59, -0.78, -0.56, 16.17, 25.78, -64.00
-0.33, -0.78, -0.56, 11.64, 25.96, -64.00
-0.04, -0.78, -0.52, 3.71, 26.38, -43.94
0.31, -0.72, -0.49, -1.19, 11.02, -24.93
0.46, -0.59, -0.50, -6.57, -3.57, -3.92
0.45, -0.49, -0.47, -24.05, -0.19, 22.84
0.43, -0.49, -0.43, -27.37, -4.52, 33.31
0.26, -0.54, -0.47, -29.83, -5.09, 39.33
0.03, -0.64, -0.53, -38.38, 7.53, 48.34
-0.11, -0.72, -0.51, -44.21, 19.15, 53.75
-0.16, -0.78, -0.48, -41.47, -4.74, 44.52
-0.25, -0.84, -0.57, -27.30, -41.22, 25.37
-0.44, -0.89, -0.75, -4.61, -62.96, -4.73
-0.74, -0.91, -0.77, 3.73, -48.80, -32.25
-0.78, -0.89, -0.69, 12.20, -0.77, -47.14
-0.58, -0.82, -0.66, 17.92, 14.61, -64.00
-0.41, -0.81, -0.64, 11.49, 25.48, -64.00
-0.13, -0.84, -0.57, 5.56, 32.42, -50.96
0.29, -0.77, -0.54, 4.73, 28.93, -27.81
0.50, -0.59, -0.53, 0.86, 7.91, -12.22
0.45, -0.50, -0.47, -14.76, -3.11, 7.84
0.40, -0.50, -0.40, -30.50, 7.13, 31.36
0.34, -0.57, -0.38, -37.50, 0.69, 38.52
0.12, -0.64, -0.42, -45.79, 10.43, 44.71
-0.03, -0.70, -0.45, -53.02, 18.06, 52.88
-0.09, -0.75, -0.47, -47.75, 9.22, 52.28
-0.19, -0.78, -0.55, -33.95, -36.26, 30.46
-0.45, -0.85, -0.72, -10.40, -64.00, 3.78
-0.70, -0.89, -0.81, 9.80, -59.56, -29.79
-0.81, -0.88, -0.72, 15.28, -5.05, -42.06
-0.64, -0.83, -0.62, 23.55, 27.15, -58.87
-0.41, -0.80, -0.58, 18.74, 26.91, -64.00
-0.18, -0.85, -0.53, 5.24, 32.17, -49.25
0.27, -0.82, -0.49, -0.00, 30.20, -20.76
0.54, -0.65, -0.49, -11.27, 5.87, 0.01
0.53, -0.51, -0.43, -25.59, 5.15, 22.41
0.46, -0.49, -0.39, -39.91, -2.64, 33.12
0.23, -0.57, -0.43, -44.41, -0.16, 36.30
-0.01, -0.64, -0.51, -49.42, 18.74, 45.48
-0.11, -0.68, -0.53, -53.09, 33.25, 53.06
-0.11, -0.71, -0.52, -44.86, 10.63, 46.49
-0.21, -0.76, -0.61, -24.78, -37.22, 31.15
-0.43, -0.87, -0.79, -1.32, -58.63, 2.98
-0.71, -0.88, -0.79, 9.52, -49.60, -24.06
-0.76, -0.88, -0.67, 16.91, 3.87, -39.46
-0.57, -0.84, -0.60, 20.08, 26.53, -52.60
-0.38, -0.82, -0.57, 10.08, 27.83, -60.67
-0.17, -0.87, -0.52, 0.51, 18.79, -47.27
0.19, -0.83, -0.52, -2.74, 15.44, -23.64
0.49, -0.69, -0.52, -8.12, -2.50, -3.33
0.52, -0.55, -0.45, -19.34, -4.76, 13.65
0.41, -0.53, -0.40, -33.47, -10.26, 27.75
0.16, -0.62, -0.43, -39.03, -7.35, 27.55
-0.07, -0.70, -0.49, -47.04, 9.53, 31.80
-0.17, -0.74, -0.50, -49.85, 18.48, 34.50
-0.14, -0.75, -0.51, -42.63, 7.62, 32.55
-0.15, -0.76, -0.58, -27.27, -32.74, 21.50
-0.31, -0.84, -0.72, -4.44, -64.00, -3.96
-0.61, -0.86, -0.78, 10.41, -51.70, -31.32
-0.74, -0.84, -0.67, 17.82, -1.16, -46.24
-0.60, -0.80, -0.58, 16.94, 23.14, -61.73
-0.38, -0.82, -0.53, 5.58, 31.34, -56.44
0.04, -0.84, -0.49, -5.73, 43.13, -23.71
0.55, -0.71, -0.48, -8.60, 38.08, 10.11
0.68, -0.54, -0.41, -24.33, 7.81, 25.64
0.49, -0.50, -0.37, -37.48, -12.76, 32.98
0.20, -0.57, -0.43, -42.78, -18.75, 39.94
-0.03, -0.64, -0.47, -49.95, -3.74, 45.74
-0.11, -0.68, -0.45, -53.90, 11.88, 53.70
-0.08, -0.69, -0.52, -43.46, -3.88, 49.34
-0.18, -0.70, -0.66, -25.24, -43.60, 33.74
-0.50, -0.79, -0.75, -3.98, -64.00, 1.93
-0.79, -0.87, -0.77, 9.38, -49.21, -26.79
-0.81, -0.89, -0.70, 14.37, 3.37, -34.72
-0.57, -0.84, -0.61, 19.93, 24.44, -49.91
-0.30, -0.81, -0.58, 12.07, 20.37, -51.18
-0.07, -0.85, -0.54, -0.22, 26.92, -30.22
0.29, -0.81, -0.48, -11.60, 39.45, 0.29
0.58, -0.63, -0.38, -29.36, 37.39, 31.88
0.67, -0.55, -0.33, -47.69, 18.85, 46.00
0.53, -0.57, -0.37, -57.21, -9.20, 52.57
0.22, -0.63, -0.46, -63.87, -10.32, 64.00
-0.02, -0.67, -0.49, -63.43, -7.44, 64.00
-0.20, -0.69, -0.59, -46.83, -22.62, 52.94
-0.54, -0.72, -0.75, -26.66, -47.04, 26.75
-0.81, -0.71, -0.83, 0.53, -55.13, -7.34
-1.02, -0.71, -0.83, 19.10, -26.43, -38.38
-0.96, -0.78, -0.69, 18.29, 27.66, -46.47
-0.58, -0.77, -0.56, 19.93, 40.86, -55.30
-0.20, -0.75, -0.56, 10.03, 36.32, -50.79
0.09, -0.79, -0.52, -2.00, 29.01, -29.87
0.35, -0.78, -0.46, -11.48, 33.82, 0.75
0.56, -0.71, -0.40, -30.59, 34.43, 25.49
0.60, -0.67, -0.33, -49.89, 23.26, 44.58
0.44, -0.72, -0.38, -62.04, 5.16, 56.56
0.19, -0.70, -0.51, -60.23, 2.27, 64.00
-0.06, -0.64, -0.62, -45.58, 1.56, 59.44
-0.41, -0.65, -0.69, -30.29, -31.54, 25.37
-0.84, -0.71, -0.73, -10.72, -26.55, 0.96
-0.95, -0.74, -0.79, 13.07, -7.77, -30.14
-0.87, -0.77, -0.74, 20.12, 33.60, -41.39
-0.59, -0.77, -0.59, 21.21, 47.14, -47.05
-0.23, -0.76, -0.53, 15.07, 43.73, -44.86
0.00, -0.77, -0.52, 2.89, 32.87, -32.79
0.18, -0.74, -0.47, -10.16, 29.51, -12.86
0.35, -0.68, -0.40, -25.55, 20.53, 8.50
0.49, -0.63, -0.40, -38.46, 13.50, 31.08
0.47, -0.64, -0.45, -51.57, -0.14, 43.44
0.25, -0.67, -0.51, -55.54, 6.09, 54.98
-0.02, -0.65, -0.55, -53.14, 6.08, 54.07
-0.27, -0.66, -0.67, -35.61, -19.33, 31.11
-0.61, -0.69, -0.84, -6.97, -48.14, 2.80
-0.89, -0.72, -0.88, 14.16, -30.86, -28.41
-0.93, -0.78, -0.74, 20.87, 11.12, -45.70
-0.70, -0.79, -0.59, 23.44, 26.64, -58.45
-0.35, -0.80, -0.55, 17.17, 24.17, -59.75
-0.04, -0.82, -0.55, 9.41, 36.45, -39.50
0.30, -0.75, -0.46, -5.77, 36.85, -16.75
0.49, -0.64, -0.36, -21.80, 16.81, 1.66
0.56, -0.59, -0.35, -37.37, 11.12, 27.96
0.58, -0.62, -0.39, -52.21, -2.98, 43.26
0.38, -0.67, -0.45, -59.15, -3.64, 53.07
0.08, -0.64, -0.51, -61.62, 9.16, 60.44
-0.13, -0.62, -0.56, -55.26, 1.17, 58.37
-0.31, -0.68, -0.69, -33.17, -36.38, 36.67
-0.60, -0.72, -0.84, -9.33, -53.73, 9.81
-0.88, -0.70, -0.88, 18.13, -43.87, -27.72
-1.02, -0.73, -0.78, 26.28, 6.47, -49.53
-0.79, -0.77, -0.63, 29.43, 27.03, -64.00
-0.44, -0.80, -0.57, 19.98, 27.90, -64.00
-0.02, -0.85, -0.53, 6.37, 41.51, -42.79
0.36, -0.80, -0.46, -5.44, 28.31, -24.70
0.49, -0.68, -0.40, -24.21, 9.47, -8.10
0.53, -0.64, -0.40, -36.85, 12.57, 23.37
0.57, -0.64, -0.43, -52.50, -0.10, 41.21
0.40, -0.67, -0.48, -61.48, -2.42, 49.99
0.11, -0.64, -0.53, -58.67, 12.79, 58.46
-0.10, -0.58, -0.59, -53.67, 3.52, 50.78
-0.37, -0.62, -0.70, -32.84, -26.01, 31.27
-0.66, -0.68, -0.80, -9.62, -47.28, 1.51
-0.90, -0.70, -0.83, 12.80, -35.83, -28.92
-0.93, -0.71, -0.72, 19.05, 7.06, -46.07
-0.67, -0.75, -0.57, 18.42, 21.11, -57.29
-0.31, -0.81, -0.51, 8.39, 23.10, -51.56
0.07, -0.81, -0.49, -6.40, 24.25, -31.95
0.39, -0.78, -0.44, -20.10, 21.57, -5.01
0.58, -0.71, -0.39, -39.20, 7.77, 14.39
0.60, -0.68, -0.38, -52.08, 1.18, 38.85
0.48, -0.68, -0.47, -60.05, -13.83, 48.42
0.21, -0.66, -0.57, -62.33, -7.88, 58.69
-0.03, -0.61, -0.62, -55.00, -7.57, 57.76
-0.30, -0.58, -0.72, -36.38, -23.26, 34.62
-0.66, -0.60, -0.87, -13.16, -34.46, 4.11
-0.96, -0.64, -0.88, 8.26, -23.17, -21.80
-0.98, -0.71, -0.80, 23.08, 14.20, -36.42
-0.66, -0.76, -0.67, 29.11, 26.32, -48.28
-0.35, -0.75, -0.58, 22.49, 17.92, -52.92
-0.07, -0.78, -0.51, 6.56, 28.27, -34.74
0.22, -0.77, -0.45, -8.32, 26.62, -12.44
0.46, -0.69, -0.40, -23.52, 15.64, 6.25
0.53, -0.63, -0.36, -44.66, 8.21, 29.71
0.51, -0.64, -0.39, -52.09, -6.73, 42.07
0.30, -0.67, -0.51, -57.70, -11.84, 49.17
0.04, -0.64, -0.57, -59.65, 0.53, 55.56
-0.16, -0.62, -0.62, -48.57, -8.30, 46.24
-0.36, -0.64, -0.77, -26.87, -23.50, 25.37
-0.68, -0.68, -0.87, -3.36, -38.73, -5.67
-0.93, -0.70, -0.86, 15.26, -17.11, -30.14
-0.86, -0.75, -0.75, 25.53, 14.11, -45.94
-0.59, -0.77, -0.64, 27.66, 11.71, -64.00
-0.34, -0.80, -0.61, 20.52, 11.29, -63.02
-0.05, -0.81, -0.55, 9.18, 23.24, -40.93
0.27, -0.74, -0.49, -1.65, 14.97, -29.66
0.38, -0.65, -0.44, -16.65, 8.32, -12.62
0.42, -0.63, -0.42, -31.73, 11.26, 13.34
0.50, -0.65, -0.42, -47.35, 8.74, 37.89
0.44, -0.68, -0.46, -57.85, -0.87, 47.29
0.21, -0.65, -0.53, -60.37, 7.82, 56.44
-0.01, -0.59, -0.58, -57.49, 11.61, 59.08
-0.23, -0.56, -0.68, -40.23, -22.54, 39.91
-0.54, -0.60, -0.82, -16.82, -55.82, 13.18
-0.87, -0.64, -0.92, 14.05, -53.57, -20.42
-1.05, -0.68, -0.85, 24.33, 1.96, -44.51
-0.88, -0.74, -0.66, 27.08, 35.52, -58.20
-0.49, -0.77, -0.56, 22.43, 40.81, -57.64
-0.02, -0.79, -0.54, 7.50, 43.43, -37.33
0.36, -0.75, -0.48, -3.80, 27.98, -13.64
0.56, -0.71, -0.41, -22.65, 10.13, 4.41
0.59, -0.67, -0.37, -40.24, 3.24, 26.69
0.52, -0.70, -0.43, -54.57, -5.09, 39.43
0.32, -0.72, -0.51, -62.22, -5.07, 49.94
0.04, -0.67, -0.57, -62.84, 6.62, 55.14
-0.16, -0.61, -0.63, -49.92, -16.85, 41.03
-0.46, -0.60, -0.79, -23.30, -42.42, 17.79
-0.78, -0.62, -0.94, 8.74, -51.39, -17.96
-1.05, -0.67, -0.90, 26.05, -14.26, -46.44
-0.97, -0.71, -0.71, 33.46, 26.15, -63.70
-0.62, -0.75, -0.60, 29.27, 27.69, -64.00
-0.18, -0.82, -0.56, 16.03, 37.96, -56.55
0.22, -0.81, -0.51, 9.83, 28.59, -38.38
0.44, -0.72, -0.47, -2.85, 1.98, -29.63
0.44, -0.67, -0.45, -14.84, -1.53, -9.31
0.46, -0.64, -0.45, -28.61, 3.91, 16.11
0.49, -0.65, -0.44, -45.29, 5.40, 35.85
0.40, -0.66, -0.46, -56.60, 6.66, 50.34
0.22, -0.63, -0.51, -61.00, 18.06, 61.94
0.06, -0.56, -0.56, -58.53, 18.54, 62.57
-0.11, -0.56, -0.62, -50.47, -2.23, 57.62
-0.29, -0.62, -0.73, -30.84, -28.14, 41.80
-0.56, -0.62, -0.86, -6.49, -44.46, 13.65
-0.84, -0.63, -0.87, 13.57, -32.81, -20.25
-0.95, -0.76, -0.77, 19.76, 12.38, -35.04
-0.73, -0.84, -0.65, 20.72, 41.42, -45.47
-0.34, -0.83, -0.57, 12.24, 43.38, -46.82
-0.04, -0.83, -0.52, 1.70, 33.95, -37.03
0.25, -0.81, -0.49, -9.75, 25.98, -17.50
0.43, -0.74, -0.45, -22.33, 10.09, -0.71
0.48, -0.67, -0.42, -36.91, 0.56, 14.35
0.41, -0.67, -0.45, -46.72, -15.75, 23.57
0.18, -0.69, -0.54, -51.90, -27.14, 25.79
-0.12, -0.69, -0.62, -46.79, -28.40, 18.81
-0.41, -0.66, -0.68, -34.02, -33.66, -4.50
-0.64, -0.67, -0.74, -16.46, -35.80, -34.61
-0.77, -0.72, -0.74, -4.36, -21.77, -53.42
-0.71, -0.80, -0.71, 5.64, -0.88, -64.00
-0.46, -0.82, -0.66, 8.44, 22.21, -63.29
-0.09, -0.78, -0.59, 11.85, 22.79, -54.46
0.20, -0.71, -0.60, 10.68, 1.49, -50.77
0.25, -0.67, -0.60, 5.46, -3.89, -33.21
0.29, -0.62, -0.58, -2.41, -2.13, -12.78
0.35, -0.56, -0.51, -16.71, 10.01, 11.41
0.42, -0.52, -0.44, -29.17, 10.66, 29.17
0.39, -0.52, -0.47, -40.30, 5.94, 39.14
0.22, -0.55, -0.54, -45.57, 3.99, 46.77
0.03, -0.57, -0.57, -48.39, 4.63, 54.68
-0.14, -0.64, -0.58, -43.82, -19.00, 42.61
-0.34, -0.75, -0.67, -27.65, -46.61, 18.71
-0.63, -0.81, -0.85, -0.47, -59.39, -13.93
-0.87, -0.83, -0.87, 13.18, -29.06, -38.16
-0.89, -0.83, -0.75, 25.55, 10.90, -54.62
-0.64, -0.79, -0.66, 28.54, 26.84, -64.00
-0.28, -0.83, -0.61, 22.10, 31.55, -63.90
0.10, -0.82, -0.53, 16.58, 22.83, -46.01
0.42, -0.70, -0.53, 11.38, 3.58, -30.85
0.48, -0.57, -0.51, -2.74, -10.03, -11.35
0.46, -0.52, -0.43, -19.58, -0.29, 16.04
0.49, -0.51, -0.39, -37.15, 6.28, 36.64
0.38, -0.56, -0.40, -46.37, 5.71, 42.87
0.17, -0.62, -0.46, -56.71, 16.95, 54.27
0.02, -0.67, -0.50, -60.36, 14.40, 58.13
-0.10, -0.72, -0.56, -51.03, -8.49, 51.81
-0.25, -0.79, -0.67, -34.37, -41.43, 30.81
-0.52, -0.81, -0.81, -11.18, -58.02, 0.32
-0.79, -0.81, -0.87, 9.79, -42.72, -29.03
-0.84, -0.83, -0.80, 22.07, 3.89, -44.82
-0.62, -0.82, -0.69, 22.95, 26.08, -58.88
-0.32, -0.81, -0.64, 18.62, 26.82, -64.00
-0.09, -0.82, -0.59, 13.95, 29.02, -51.80
0.22, -0.78, -0.55, 6.85, 17.28, -38.30
0.39, -0.68, -0.52, -3.23, -2.86, -25.18
0.41, -0.59, -0.48, -16.75, -6.08, -5.45
0.40, -0.53, -0.43, -30.48, 1.34, 17.31
0.33, -0.51, -0.43, -40.87, 5.97, 27.32
0.15, -0.58, -0.46, -47.41, 18.78, 36.28
0.03, -0.63, -0.50, -52.07, 28.83, 45.26
0.03, -0.66, -0.52, -58.21, 27.50, 54.17
0.07, -0.69, -0.53, -53.55, 4.63, 55.23
-0.01, -0.74, -0.60, -42.80, -21.75, 50.30
-0.23, -0.78, -0.69, -31.15, -34.52, 31.11
-0.51, -0.78, -0.75, -18.01, -40.38, 5.42
-0.71, -0.81, -0.79, -6.24, -35.28, -23.90
-0.72, -0.84, -0.79, 1.17, -10.45, -38.85
-0.57, -0.84, -0.69, 3.58, 11.41, -51.72
-0.34, -0.82, -0.67, 7.31, 15.69, -62.73
-0.19, -0.81, -0.68, 10.81, 6.54, -64.00
-0.03, -0.79, -0.67, 12.89, 6.96, -57.59
0.18, -0.73, -0.62, 11.38, 10.09, -40.99
0.31, -0.64, -0.56, 7.74, -1.43, -32.78
0.30, -0.58, -0.49, -2.01, 1.62, -12.53
0.29, -0.55, -0.44, -12.06, 9.41, 6.32
0.30, -0.53, -0.39, -30.28, 21.26, 31.14
0.30, -0.55, -0.37, -36.32, 19.55, 41.35
0.21, -0.57, -0.40, -44.03, 16.91, 51.15
0.12, -0.60, -0.43, -56.72, 17.18, 61.12
0.08, -0.65, -0.43, -62.10, 7.56, 64.00
0.03, -0.72, -0.50, -59.76, -16.01, 60.75
-0.16, -0.78, -0.66, -49.87, -31.60, 48.41
-0.40, -0.79, -0.80, -34.62, -43.89, 23.61
-0.67, -0.79, -0.88, -10.10, -51.87, -6.95
-0.81, -0.82, -0.90, 10.33, -24.84, -33.91
-0.74, -0.87, -0.83, 21.64, 10.12, -48.57
-0.54, -0.81, -0.74, 25.24, 24.41, -64.00
-0.33, -0.82, -0.69, 23.92, 28.03, -64.00
-0.07, -0.81, -0.62, 19.44, 34.73, -56.45
0.26, -0.73, -0.54, 11.60, 20.85, -40.37
0.40, -0.61, -0.48, -2.64, 5.15, -21.39
0.46, -0.52, -0.42, -16.89, 2.84, 3.38
0.51, -0.47, -0.37, -35.34, 8.21, 32.84
0.46, -0.48, -0.38, -43.22, 4.39, 43.37
0.24, -0.53, -0.44, -50.40, 8.40, 54.71
0.03, -0.59, -0.49, -59.46, 23.07, 64.00
0.02, -0.64, -0.50, -60.97, 16.69, 64.00
0.02, -0.68, -0.55, -56.01, -12.60, 64.00
-0.15, -0.74, -0.66, -45.45, -31.60, 57.70
-0.38, -0.75, -0.78, -31.93, -48.97, 32.83
-0.70, -0.76, -0.86, -6.38, -52.91, 2.29
-0.88, -0.79, -0.91, 11.85, -29.69, -26.32
-0.85, -0.86, -0.78, 15.04, 11.81, -42.26
-0.64, -0.86, -0.68, 19.90, 27.10, -57.55
-0.36, -0.81, -0.69, 19.80, 36.06, -63.67
-0.11, -0.79, -0.70, 20.86, 41.69, -61.43
0.08, -0.76, -0.61, 12.89, 27.18, -55.53
0.27, -0.73, -0.50, -0.96, 24.28, -27.79
0.47, -0.64, -0.48, -9.26, 16.92, -6.33
0.55, -0.54, -0.42, -23.91, 10.79, 17.35
0.51, -0.52, -0.36, -37.96, 12.45, 42.38
0.35, -0.58, -0.40, -44.54, 7.31, 49.75
0.12, -0.61, -0.46, -53.96, 20.41, 61.66
-0.01, -0.63, -0.48, -58.74, 27.47, 64.00
-0.06, -0.65, -0.52, -56.66, -0.10, 61.69
-0.22, -0.67, -0.63, -42.77, -38.19, 48.41
-0.47, -0.68, -0.76, -23.84, -58.03, 23.25
-0.76, -0.70, -0.86, 2.06, -62.92, -11.06
-0.95, -0.74, -0.84, 15.02, -28.04, -34.80
-0.86, -0.78, -0.74, 22.75, 13.52, -50.19
-0.55, -0.76, -0.65, 24.56, 26.28, -60.63
-0.17, -0.75, -0.65, 21.45, 40.79, -50.47
0.16, -0.76, -0.57, 12.46, 35.49, -34.46
0.36, -0.72, -0.48, -1.11, 7.67, -23.61
0.47, -0.68, -0.49, -12.86, 13.04, 10.97
0.62, -0.64, -0.46, -29.64, 9.57, 31.68
0.55, -0.65, -0.41, -43.02, 0.64, 39.18
0.28, -0.68, -0.44, -55.19, 8.75, 52.34
0.08, -0.67, -0.50, -61.20, 21.99, 64.00
-0.04, -0.64, -0.55, -58.40, 15.32, 64.00
-0.15, -0.64, -0.61, -50.64, -18.54, 54.16
-0.36, -0.65, -0.73, -29.37, -51.71, 28.69
-0.66, -0.66, -0.84, -5.47, -58.77, 0.12
-0.90, -0.71, -0.82, 10.50, -38.70, -31.99
-0.94, -0.74, -0.76, 15.67, 12.16, -43.98
-0.67, -0.69, -0.67, 22.77, 27.08, -56.67
-0.34, -0.69, -0.63, 18.54, 26.46, -59.77
-0.06, -0.77, -0.60, 14.77, 30.76, -45.71
0.23, -0.78, -0.54, 3.64, 24.32, -30.28
0.38, -0.73, -0.48, -4.42, 4.55, -17.78
0.40, -0.68, -0.47, -15.80, 5.46, 1.41
0.42, -0.68, -0.44, -32.38, 17.33, 29.72
0.42, -0.71, -0.43, -44.71, 17.21, 41.46
0.28, -0.72, -0.44, -57.73, 18.20, 50.79
0.09, -0.69, -0.47, -63.17, 20.02, 56.53
-0.04, -0.66, -0.53, -59.68, -1.16, 51.95
-0.22, -0.68, -0.66, -47.79, -37.40, 35.54
-0.46, -0.68, -0.79, -23.91, -59.93, 9.40
-0.76, -0.68, -0.88, 0.06, -51.75, -23.43
-0.92, -0.70, -0.84, 13.14, -5.39, -38.68
-0.77, -0.73, -0.72, 20.00, 25.92, -47.72
-0.46, -0.72, -0.66, 22.98, 28.99, -55.97
-0.20, -0.73, -0.63, 20.88, 27.24, -52.46
0.04, -0.74, -0.57, 17.67, 16.61, -38.76
0.23, -0.70, -0.53, 11.76, -1.25, -32.04
0.22, -0.66, -0.50, 3.21, -22.18, -32.80
0.09, -0.65, -0.51, -6.47, -20.59, -23.99
0.02, -0.66, -0.50, -16.74, -5.05, -11.67
0.08, -0.64, -0.48, -27.25, 7.47, 7.45
0.19, -0.63, -0.46, -39.04, 15.60, 22.17
0.25, -0.64, -0.46, -42.46, 17.30, 32.80
0.21, -0.62, -0.49, -48.76, 16.20, 41.78
0.11, -0.63, -0.52, -53.71, 18.00, 50.43
0.05, -0.67, -0.55, -55.00, 13.95, 53.41
0.01, -0.73, -0.60, -52.46, -6.73, 49.22
-0.12, -0.76, -0.71, -41.38, -25.58, 40.06
-0.33, -0.73, -0.80, -25.12, -37.47, 18.50
-0.59, -0.72, -0.87, -2.72, -37.35, -8.59
-0.75, -0.78, -0.87, 12.16, -16.41, -33.42
-0.70, -0.83, -0.78, 15.65, 11.29, -42.88
-0.50, -0.82, -0.68, 14.83, 18.02, -55.59
-0.27, -0.79, -0.64, 16.99, 16.93, -58.04
-0.05, -0.74, -0.62, 17.58, 14.26, -48.19
0.16, -0.69, -0.58, 11.32, 8.05, -36.39
0.23, -0.63, -0.50, 1.10, -6.29, -28.51
0.19, -0.58, -0.44, -13.56, -4.66, -12.90
0.23, -0.55, -0.41, -27.73, 8.79, 13.31
0.33, -0.53, -0.41, -41.15, 14.57, 33.86
0.32, -0.52, -0.42, -46.89, 10.53, 44.72
0.19, -0.53, -0.48, -51.34, 11.28, 55.90
0.09, -0.56, -0.53, -53.43, 7.47, 64.00
0.02, -0.63, -0.56, -51.54, -6.72, 64.00
-0.08, -0.75, -0.62, -42.92, -36.74, 55.53
-0.31, -0.80, -0.75, -30.43, -54.30, 35.61
-0.61, -0.81, -0.85, -10.82, -56.22, 5.92
-0.85, -0.82, -0.88, 6.90, -36.74, -26.29
-0.89, -0.84, -0.81, 19.06, 4.20, -42.45
-0.70, -0.84, -0.73, 22.99, 23.11, -63.57
-0.47, -0.86, -0.70, 21.86, 27.15, -64.00
-0.20, -0.84, -0.68, 21.43, 39.87, -60.22
0.17, -0.76, -0.60, 16.71, 36.41, -47.45
0.33, -0.66, -0.51, 4.20, 11.92, -38.63
0.31, -0.58, -0.45, -7.76, 4.25, -21.22
0.35, -0.51, -0.44, -19.96, 11.31, 9.55
0.44, -0.49, -0.40, -37.95, 15.36, 30.60
0.38, -0.53, -0.41, -45.98, 12.43, 40.36
0.15, -0.55, -0.45, -52.77, 23.27, 50.25
0.01, -0.55, -0.49, -58.41, 29.03, 59.41
-0.03, -0.60, -0.51, -59.60, 10.87, 63.45
-0.07, -0.67, -0.56, -53.56, -24.38, 55.61
-0.20, -0.72, -0.67, -42.42, -44.70, 43.80
-0.42, -0.74, -0.79, -24.87, -54.29, 20.02
-0.70, -0.76, -0.85, -4.66, -48.63, -8.78
-0.87, -0.83, -0.84, 10.46, -10.63, -31.22
-0.78, -0.89, -0.77, 17.07, 24.21, -46.08
-0.56, -0.89, -0.70, 16.90, 30.64, -64.00
-0.35, -0.87, -0.69, 20.83, 24.87, -64.00
-0.15, -0.83, -0.69, 23.01, 20.38, -64.00
0.08, -0.78, -0.62, 19.42, 11.63, -60.33
0.25, -0.71, -0.57, 11.53, -5.31, -53.69
0.29, -0.63, -0.52, 1.48, -6.27, -29.82
0.36, -0.51, -0.46, -9.65, 0.10, -3.00
0.44, -0.42, -0.40, -26.18, 6.01, 25.13
0.41, -0.42, -0.35, -39.93, 3.94, 37.04
0.22, -0.49, -0.38, -45.51, 6.51, 44.75
0.02, -0.56, -0.45, -53.55, 18.08, 54.81
-0.03, -0.63, -0.49, -57.33, 16.17, 63.77
-0.04, -0.69, -0.54, -53.64, -11.83, 58.06
-0.13, -0.75, -0.63, -43.61, -38.41, 47.54
-0.33, -0.82, -0.73, -28.83, -51.94, 27.80
-0.58, -0.85, -0.82, -11.15, -50.96, -1.22
-0.78, -0.88, -0.85, 5.51, -25.08, -24.00
-0.79, -0.90, -0.78, 13.32, 14.55, -39.38
-0.58, -0.87, -0.70, 13.78, 29.23, -56.58
-0.38, -0.85, -0.70, 16.12, 26.14, -64.00
-0.17, -0.83, -0.69, 19.18, 36.62, -59.92
0.15, -0.76, -0.60, 15.90, 26.57, -48.47
0.30, -0.69, -0.52, 4.06, 4.55, -37.70
0.35, -0.59, -0.47, -5.96, 1.65, -13.68
0.42, -0.49, -0.44, -19.50, -2.01, 7.83
0.41, -0.45, -0.38, -37.04, -0.27, 27.35
0.32, -0.48, -0.40, -44.17, -0.76, 36.33
0.13, -0.53, -0.47, -50.03, 8.19, 44.12
0.01, -0.57, -0.50, -57.62, 15.20, 56.70
-0.02, -0.64, -0.51, -54.74, -3.73, 59.16
-0.09, -0.72, -0.57, -46.78, -36.47, 50.97
-0.26, -0.80, -0.69, -33.80, -55.98, 32.19
-0.57, -0.84, -0.82, -16.46, -64.00, 1.58
-0.85, -0.83, -0.85, 2.82, -46.98, -30.02
-0.89, -0.82, -0.80, 12.23, -2.21, -46.01
-0.71, -0.80, -0.74, 15.16, 12.28, -64.00
-0.52, -0.80, -0.72, 20.24, 13.38, -64.00
-0.26, -0.79, -0.68, 17.35, 27.35, -64.00
0.20, -0.72, -0.58, 12.79, 17.94, -50.34
0.43, -0.62, -0.52, 2.75, -12.91, -40.19
0.43, -0.54, -0.46, -11.60, -20.57, -16.80
0.44, -0.47, -0.42, -26.38, -12.41, 16.75
0.46, -0.47, -0.40, -38.08, -1.44, 32.23
0.33, -0.54, -0.39, -43.92, 7.45, 43.61
0.11, -0.63, -0.43, -57.70, 24.95, 53.43
0.04, -0.70, -0.49, -63.72, 25.51, 64.00
0.02, -0.72, -0.54, -60.03, 0.50, 64.00
-0.07, -0.76, -0.63, -48.83, -29.53, 56.13
-0.30, -0.82, -0.72, -34.48, -53.61, 33.43
-0.62, -0.86, -0.81, -15.24, -64.00, -1.24
-0.91, -0.87, -0.87, 10.38, -51.87, -32.96
-0.95, -0.86, -0.80, 14.18, 3.56, -51.00
-0.75, -0.82, -0.68, 14.47, 27.28, -64.00
-0.51, -0.79, -0.68, 18.04, 42.49, -64.00
-0.20, -0.74, -0.69, 18.21, 53.14, -64.00
0.14, -0.69, -0.59, 8.10, 39.57, -52.37
0.40, -0.61, -0.52, -1.51, 18.96, -31.31
0.52, -0.49, -0.49, -12.16, 2.84, -7.13
0.57, -0.41, -0.42, -27.40, 0.43, 25.60
0.53, -0.43, -0.39, -37.84, -1.42, 42.41
0.34, -0.53, -0.42, -42.31, 4.50, 52.81
0.09, -0.61, -0.48, -54.81, 20.14, 64.00
-0.03, -0.65, -0.51, -57.83, 27.54, 64.00
-0.06, -0.67, -0.52, -54.90, 14.67, 64.00
-0.14, -0.73, -0.59, -46.54, -16.06, 59.41
-0.36, -0.78, -0.69, -31.70, -44.36, 35.57
-0.67, -0.80, -0.83, -6.02, -62.82, 3.70
-0.91, -0.82, -0.89, 15.54, -51.90, -27.07
-0.99, -0.85, -0.78, 22.03, -0.88, -47.26
-0.76, -0.83, -0.66, 22.74, 20.72, -64.00
-0.45, -0.79, -0.64, 19.08, 30.27, -64.00
-0.15, -0.76, -0.66, 17.09, 45.36, -62.19
0.18, -0.69, -0.62, 10.80, 26.21, -53.22
0.32, -0.61, -0.57, 0.47, 22.60, -28.26
0.48, -0.52, -0.53, -4.64, 20.86, -2.74
0.56, -0.47, -0.49, -20.00, 20.95, 26.37
0.54, -0.54, -0.45, -28.43, 31.38, 48.10
0.40, -0.61, -0.44, -38.29, 35.90, 59.36
0.15, -0.63, -0.47, -51.53, 43.62, 64.00
0.00, -0.64, -0.50, -54.91, 28.12, 64.00
-0.09, -0.67, -0.55, -46.30, -9.34, 64.00
-0.28, -0.77, -0.65, -28.93, -59.17, 43.25
-0.55, -0.83, -0.78, -13.20, -64.00, 7.21
-0.92, -0.86, -0.81, 3.07, -64.00, -23.91
-1.04, -0.86, -0.73, 8.34, -0.34, -43.16
-0.82, -0.79, -0.63, 8.09, 39.47, -58.79
-0.49, -0.74, -0.62, 4.82, 53.13, -64.00
-0.11, -0.73, -0.64, 1.91, 62.53, -47.67
0.25, -0.66, -0.58, -4.09, 58.29, -19.09
0.52, -0.60, -0.51, -12.21, 27.50, -2.81
0.58, -0.54, -0.48, -20.79, 2.88, 19.04
0.57, -0.54, -0.48, -29.33, 4.46, 40.98
0.43, -0.57, -0.48, -36.50, 7.06, 51.68
0.11, -0.59, -0.48, -45.88, 20.02, 59.26
-0.11, -0.59, -0.51, -48.94, 17.08, 62.32
-0.24, -0.60, -0.58, -41.89, -0.64, 53.18
-0.39, -0.64, -0.66, -30.70, -23.24, 37.48
-0.54, -0.67, -0.71, -19.81, -22.62, 17.75
-0.63, -0.71, -0.70, -15.92, 0.29, 0.93
-0.59, -0.73, -0.66, -16.91, 34.71, -6.93
-0.36, -0.73, -0.61, -18.79, 55.68, -8.17
-0.09, -0.74, -0.58, -24.42, 51.76, -3.39
0.13, -0.75, -0.59, -27.22, 35.62, 6.11
0.23, -0.73, -0.61, -30.47, 16.24, 14.21
0.23, -0.72, -0.60, -32.50, -4.72, 19.35
0.15, -0.71, -0.64, -30.26, -14.96, 21.43
0.02, -0.66, -0.72, -24.63, -14.27, 23.43
-0.10, -0.62, -0.73, -21.92, -0.79, 22.40
-0.21, -0.62, -0.66, -25.59, 10.75, 16.81
-0.26, -0.64, -0.61, -26.00, 13.31, 11.32
-0.25, -0.65, -0.63, -22.58, 4.85, 8.80
-0.22, -0.67, -0.66, -17.24, -2.31, 8.75
-0.19, -0.70, -0.66, -15.01, -8.38, 6.01
-0.18, -0.72, -0.63, -14.92, -7.35, 3.75
-0.18, -0.69, -0.62, -14.88, -1.74, 2.67
-0.19, -0.63, -0.60, -17.63, 4.35, 1.69
-0.17, -0.64, -0.60, -19.25, 5.22, 2.37
-0.14, -0.63, -0.61, -23.51, 2.46, 4.29
-0.10, -0.63, -0.61, -26.51, -3.72, 5.54
-0.03, -0.62, -0.61, -29.62, -12.20, 7.12
-0.07, -0.61, -0.63, -29.88, -18.07, 11.13
-0.12, -0.61, -0.65, -27.35, -16.75, 12.80
-0.17, -0.65, -0.66, -24.89, -14.22, 12.41
-0.20, -0.67, -0.68, -24.08, -9.46, 12.00
-0.21, -0.65, -0.67, -21.71, -9.35, 11.19
-0.19, -0.63, -0.66, -21.07, -7.71, 12.70
-0.17, -0.63, -0.65, -20.99, -13.73, 8.65
-0.19, -0.64, -0.65, -20.88, -19.31, 7.93
-0.20, -0.64, -0.66, -21.13, -18.23, 8.27
-0.18, -0.63, -0.67, -21.11, -9.45, 7.99
-0.18, -0.63, -0.65, -24.84, 1.99, 6.29
-0.19, -0.62, -0.63, -27.50, 5.84, 4.95
-0.19, -0.61, -0.63, -29.54, 5.38, 8.50
-0.16, -0.62, -0.66, -28.72, -1.60, 11.54
-0.14, -0.65, -0.67, -26.84, -12.08, 12.39
-0.15, -0.67, -0.67, -24.60, -17.69, 12.83
-0.16, -0.66, -0.67, -22.95, -20.29, 12.69
-0.19, -0.65, -0.67, -19.59, -16.56, 11.61
-0.23, -0.63, -0.68, -20.42, -10.62, 9.26
-0.25, -0.63, -0.67, -20.93, -5.80, 8.18
-0.22, -0.64, -0.67, -21.37, -7.73, 5.46
-0.24, -0.65, -0.67, -19.94, -14.65, 3.45
-0.24, -0.66, -0.69, -16.96, -21.75, 1.27
-0.22, -0.65, -0.71, -14.18, -24.74, 0.61
-0.22, -0.65, -0.71, -11.29, -19.84, -0.12
-0.23, -0.63, -0.69, -9.68, -10.12, -3.32
-0.25, -0.63, -0.67, -10.96, 0.87, -5.59
-0.26, -0.63, -0.66, -11.90, 5.73, -5.90
-0.25, -0.64, -0.66, -10.54, 2.76, -8.81
-0.24, -0.64, -0.67, -8.97, -2.32, -9.63
-0.22, -0.64, -0.67, -7.25, -6.83, -9.66
-0.21, -0.64, -0.66, -6.14, -7.34, -10.46
-0.22, -0.64, -0.65, -4.86, -3.70, -10.82
-0.23, -0.64, -0.64, -4.53, 1.87, -11.12
-0.23, -0.64, -0.63, -6.50, 6.49, -11.34
-0.23, -0.65, -0.63, -7.86, 6.30, -12.45
-0.23, -0.65, -0.63, -6.51, 4.19, -13.14
-0.22, -0.63, -0.64, -3.49, 1.38, -14.05
-0.20, -0.62, -0.64, -1.58, -0.04, -12.98
-0.19, -0.62, -0.63, -1.33, 0.35, -12.48
-0.19, -0.64, -0.61, -3.23, 2.27, -12.68
-0.19, -0.63, -0.60, -4.05, 6.68, -11.50
-0.19, -0.63, -0.60, -4.17, 8.64, -9.48
-0.19, -0.63, -0.60, -6.60, 10.01, -8.94
-0.17, -0.64, -0.59, -7.82, 10.40, -5.08
-0.16, -0.65, -0.58, -9.17, 8.18, -5.29
-0.16, -0.65, -0.59, -9.17, 3.45, -3.88
-0.18, -0.65, -0.60, -8.07, -1.28, -4.44
-0.19, -0.66, -0.61, -7.38, -4.99, -3.50
-0.18, -0.67, -0.61, -5.94, -7.15, -3.82
-0.18, -0.67, -0.61, -6.52, -4.74, -2.36
-0.19, -0.67, -0.61, -7.18, -0.75, -1.98
-0.20, -0.67, -0.60, -8.80, 3.69, -0.53
-0.20, -0.67, -0.59, -11.12, 1.58, -2.54
-0.18, -0.68, -0.61, -10.85, -5.95, -2.10
-0.16, -0.68, -0.62, -11.36, -13.23, -2.23
-0.16, -0.67, -0.64, -10.46, -16.30, -3.56
-0.20, -0.66, -0.66, -9.56, -12.74, -5.10
-0.23, -0.64, -0.66, -9.74, -3.88, -6.27
-0.24, -0.65, -0.64, -11.46, 3.19, -6.55
-0.21, -0.67, -0.62, -13.01, 5.17, -6.78
-0.18, -0.69, -0.62, -14.69, 4.41, -7.48
-0.17, -0.68, -0.63, -13.97, 2.73, -7.05
-0.17, -0.66, -0.64, -14.57, 0.80, -6.26
-0.18, -0.67, -0.64, -14.40, 0.32, -3.75
-0.18, -0.68, -0.64, -14.63, 0.76, -2.69
-0.18, -0.68, -0.65, -15.18, 1.97, -2.35
-0.19, -0.69, -0.65, -14.42, 2.92, -3.18
-0.20, -0.68, -0.64, -14.97, 2.68, -2.43
-0.20, -0.68, -0.63, -15.32, 3.01, -3.62
-0.19, -0.68, -0.63, -14.50, 2.05, -4.66
-0.19, -0.66, -0.63, -12.65, 2.79, -7.71
-0.19, -0.65, -0.63, -13.18, 5.32, -7.97
-0.20, -0.67, -0.63, -12.71, 7.94, -8.15
-0.20, -0.69, -0.63, -12.04, 9.60, -9.16
-0.18, -0.70, -0.62, -9.87, 5.12, -9.72
-0.17, -0.70, -0.62, -9.54, 0.42, -9.44
-0.16, -0.71, -0.63, -6.96, -2.19, -11.64
-0.18, -0.71, -0.64, -4.27, -1.75, -12.91
-0.20, -0.71, -0.64, -4.03, 0.70, -12.89
-0.20, -0.71, -0.64, -2.11, 4.25, -15.73
-0.20, -0.70, -0.63, -1.38, 5.04, -16.82
-0.19, -0.68, -0.63, 2.15, 5.35, -18.88
-0.18, -0.66, -0.63, 4.59, 2.46, -20.64
-0.19, -0.66, -0.63, 7.15, -3.34, -21.90
-0.19, -0.67, -0.62, 9.16, -7.85, -22.53
-0.16, -0.68, -0.61, 10.87, -4.13, -20.33
-0.12, -0.68, -0.60, 10.16, 5.02, -20.06
-0.13, -0.66, -0.55, 7.13, 12.08, -19.59
-0.14, -0.67, -0.50, 1.11, 17.78, -17.65
-0.11, -0.68, -0.51, -0.65, 21.73, -12.37
-0.06, -0.69, -0.53, -2.87, 16.81, -7.45
-0.02, -0.70, -0.54, -2.44, 5.94, -3.21
-0.01, -0.71, -0.55, -4.87, -8.17, -0.00
-0.01, -0.73, -0.53, -9.18, -16.78, 2.33
-0.03, -0.73, -0.54, -10.34, -15.33, 6.89
-0.07, -0.72, -0.55, -10.76, -5.99, 8.48
-0.13, -0.69, -0.56, -9.21, 7.12, 9.66
-0.15, -0.70, -0.55, -11.29, 18.12, 10.19
-0.13, -0.72, -0.54, -13.47, 22.48, 14.55
-0.09, -0.72, -0.54, -12.29, 19.94, 18.38
-0.05, -0.71, -0.54, -11.93, 16.84, 22.37
-0.04, -0.70, -0.53, -12.77, 12.67, 25.33
-0.06, -0.72, -0.51, -17.25, 9.21, 27.31
-0.09, -0.73, -0.51, -19.06, 2.91, 26.77
-0.14, -0.74, -0.52, -21.88, -4.27, 23.54
-0.20, -0.77, -0.53, -24.30, -12.44, 16.30
-0.25, -0.79, -0.56, -22.73, -17.83, 7.29
-0.28, -0.81, -0.60, -19.72, -23.62, -3.78
-0.33, -0.82, -0.65, -11.06, -20.17, -13.52
-0.36, -0.81, -0.66, -3.90, -11.80, -22.04
-0.34, -0.82, -0.66, -0.93, -0.73, -27.29
-0.28, -0.84, -0.65, 3.66, 7.49, -32.86
-0.22, -0.81, -0.63, 7.46, 8.70, -34.83
-0.14, -0.77, -0.61, 10.77, 8.71, -28.42
-0.02, -0.75, -0.56, 14.03, 9.33, -17.89
0.08, -0.73, -0.53, 16.65, -1.79, -16.49
0.01, -0.71, -0.52, 14.80, -14.87, -21.67
-0.12, -0.70, -0.52, 8.18, -4.86, -15.49
-0.13, -0.66, -0.48, 2.66, 6.33, -8.03
-0.10, -0.60, -0.45, -2.93, 8.93, -5.14
-0.06, -0.59, -0.44, -6.91, 7.54, 0.32
-0.00, -0.62, -0.43, -21.01, 7.48, 10.08
0.07, -0.68, -0.43, -30.15, 7.29, 19.13
0.10, -0.69, -0.48, -31.12, 9.11, 25.17
0.08, -0.68, -0.52, -33.84, 11.99, 29.83
0.01, -0.73, -0.54, -32.50, 13.24, 32.52
-0.09, -0.83, -0.58, -29.89, 4.11, 26.38
-0.23, -0.92, -0.62, -25.57, -13.52, 15.20
-0.39, -0.97, -0.65, -11.71, -34.89, -1.17
-0.48, -0.96, -0.67, 1.66, -45.26, -26.33
-0.58, -0.95, -0.67, 10.21, -41.31, -49.47
-0.64, -0.91, -0.62, 13.30, -19.20, -64.00
-0.51, -0.83, -0.55, 8.23, 10.91, -64.00
-0.14, -0.72, -0.53, 14.31, 37.97, -50.32
0.13, -0.58, -0.49, 9.36, 20.08, -45.02
0.17, -0.54, -0.39, -5.72, 19.10, -20.18
0.38, -0.53, -0.35, -18.10, 26.88, 15.08
0.59, -0.52, -0.34, -37.53, 23.01, 44.33
0.54, -0.55, -0.36, -46.62, 3.37, 50.85
0.27, -0.57, -0.40, -49.17, -2.80, 63.74
0.03, -0.61, -0.47, -48.84, 2.95, 64.00
-0.08, -0.76, -0.54, -41.16, -5.12, 64.00
-0.32, -0.90, -0.59, -40.98, -30.96, 44.98
-0.62, -0.91, -0.66, -27.09, -55.84, 15.28
-0.85, -0.85, -0.73, 1.90, -56.46, -19.50
-0.91, -0.85, -0.71, 15.38, -13.40, -39.78
-0.78, -0.90, -0.61, 17.21, 24.78, -56.32
-0.50, -0.88, -0.56, 18.53, 34.19, -64.00
-0.23, -0.84, -0.54, 12.67, 25.67, -62.91
0.10, -0.80, -0.53, 5.52, 24.33, -36.35
0.37, -0.71, -0.52, 3.58, 17.87, -13.32
0.47, -0.57, -0.44, -7.96, 6.22, 5.04
0.48, -0.54, -0.35, -26.27, 15.59, 34.25
0.46, -0.59, -0.38, -36.35, 8.77, 40.86
0.24, -0.61, -0.42, -46.58, 3.56, 45.71
-0.03, -0.63, -0.45, -52.94, 10.89, 56.42
-0.12, -0.71, -0.50, -46.62, 1.53, 54.08
-0.24, -0.79, -0.58, -32.56, -18.93, 39.70
-0.45, -0.90, -0.62, -24.41, -40.06, 14.48
-0.71, -0.94, -0.64, -10.98, -42.64, -11.95
-0.80, -0.91, -0.63, 1.00, -7.35, -28.80
-0.62, -0.87, -0.60, 6.80, 20.46, -40.17
-0.38, -0.81, -0.57, 11.17, 21.94, -48.99
-0.23, -0.79, -0.55, 12.28, 13.03, -50.55
-0.06, -0.77, -0.56, 7.76, 8.41, -36.28
0.13, -0.71, -0.52, 3.22, 15.91, -10.51
0.33, -0.62, -0.44, -4.79, 10.72, 5.19
0.40, -0.55, -0.36, -23.48, 8.16, 27.04
0.37, -0.57, -0.36, -29.93, 10.52, 37.73
0.24, -0.58, -0.41, -38.77, 5.11, 44.95
0.02, -0.61, -0.43, -45.89, 8.07, 55.46
-0.08, -0.69, -0.46, -45.05, -1.38, 54.85
-0.17, -0.79, -0.55, -35.76, -16.04, 43.27
-0.40, -0.90, -0.60, -32.23, -40.07, 20.88
-0.63, -0.94, -0.65, -13.90, -49.95, -4.11
-0.80, -0.91, -0.72, 4.01, -29.24, -31.98
-0.80, -0.88, -0.67, 12.07, 8.65, -46.20
-0.58, -0.86, -0.58, 18.17, 27.52, -58.81
-0.34, -0.84, -0.55, 16.83, 26.93, -61.14
-0.09, -0.80, -0.53, 9.68, 16.07, -50.79
0.15, -0.71, -0.51, 7.77, 14.50, -25.40
0.34, -0.60, -0.47, 3.50, 4.40, -10.12
0.37, -0.57, -0.39, -12.17, 6.80, 10.90
0.40, -0.63, -0.33, -29.04, 13.84, 28.25
0.37, -0.69, -0.36, -36.20, 11.70, 38.89
0.19, -0.73, -0.40, -49.75, 8.32, 47.05
-0.01, -0.77, -0.43, -51.94, 0.90, 48.68
-0.19, -0.81, -0.52, -43.88, -24.18, 38.89
-0.38, -0.85, -0.65, -27.46, -52.75, 12.92
-0.66, -0.91, -0.69, -11.51, -61.29, -20.72
-0.86, -0.94, -0.66, 0.06, -23.86, -43.23
-0.80, -0.91, -0.61, 8.12, 14.40, -60.54
-0.61, -0.85, -0.57, 14.01, 23.97, -64.00
-0.36, -0.84, -0.54, 11.13, 24.89, -64.00
-0.00, -0.81, -0.53, 8.60, 29.24, -45.74
0.33, -0.70, -0.50, 6.06, 8.75, -31.39
0.35, -0.57, -0.42, -3.21, -8.72, -14.15
0.31, -0.56, -0.34, -17.01, 3.78, 12.30
0.35, -0.56, -0.31, -34.73, 10.32, 34.31
0.27, -0.59, -0.34, -44.98, 10.30, 36.99
0.07, -0.61, -0.38, -53.65, 14.92, 43.38
-0.04, -0.65, -0.41, -60.05, 19.81, 52.17
-0.04, -0.73, -0.46, -58.04, 5.63, 53.59
-0.11, -0.82, -0.55, -46.25, -27.30, 42.14
-0.33, -0.89, -0.65, -33.89, -51.13, 19.96
-0.60, -0.95, -0.67, -22.30, -59.77, -12.39
-0.83, -0.98, -0.70, -7.86, -32.10, -37.15
-0.75, -0.96, -0.67, -1.34, 8.71, -49.51
-0.52, -0.91, -0.62, 5.08, 18.81, -64.00
-0.34, -0.88, -0.59, 5.13, 22.48, -64.00
-0.04, -0.83, -0.57, 3.35, 30.52, -48.64
0.26, -0.73, -0.53, 1.29, 18.79, -28.11
0.36, -0.62, -0.46, -7.39, 8.73, -9.15
0.39, -0.54, -0.34, -17.56, 13.90, 18.44
0.44, -0.50, -0.33, -33.63, 12.91, 36.32
0.33, -0.54, -0.35, -48.87, 6.93, 41.26
0.06, -0.60, -0.40, -57.16, 15.38, 49.86
-0.05, -0.60, -0.44, -61.21, 18.00, 61.30
-0.08, -0.64, -0.51, -50.17, -6.31, 52.94
-0.20, -0.74, -0.63, -38.14, -32.62, 38.70
-0.47, -0.87, -0.69, -23.34, -52.87, 11.40
-0.77, -0.90, -0.74, -5.98, -53.35, -20.19
-0.88, -0.89, -0.73, 10.67, -10.16, -36.25
-0.70, -0.87, -0.64, 16.88, 19.13, -54.27
-0.46, -0.86, -0.57, 16.07, 20.70, -64.00
-0.22, -0.86, -0.53, 9.10, 22.93, -55.57
0.14, -0.81, -0.52, 4.06, 30.38, -30.31
0.40, -0.69, -0.48, -1.50, 13.29, -11.54
0.44, -0.60, -0.41, -13.84, 5.77, 8.16
0.45, -0.58, -0.37, -29.85, 13.49, 33.64
0.21, -0.65, -0.41, -53.94, 6.62, 48.33
0.01, -0.68, -0.45, -60.87, 11.31, 55.29
-0.12, -0.72, -0.53, -50.43, -12.25, 46.86
-0.27, -0.78, -0.66, -32.18, -41.54, 31.51
-0.57, -0.86, -0.75, -11.60, -64.00, -2.89
-0.87, -0.88, -0.76, 8.78, -55.05, -33.65
-0.94, -0.86, -0.69, 20.69, 4.65, -47.36
-0.45, -0.83, -0.53, 20.11, 32.49, -64.00
-0.14, -0.81, -0.53, 12.53, 40.57, -48.98
0.29, -0.72, -0.49, 7.96, 26.63, -26.07
0.46, -0.61, -0.42, -3.82, 4.07, -7.40
0.46, -0.56, -0.38, -19.41, 2.64, 20.10
0.47, -0.56, -0.36, -35.98, 6.47, 38.38
0.17, -0.65, -0.44, -53.57, 1.80, 54.94
-0.03, -0.69, -0.45, -58.43, 4.37, 61.21
-0.12, -0.75, -0.53, -46.54, -17.34, 51.39
-0.31, -0.83, -0.67, -28.24, -46.01, 27.94
-0.60, -0.90, -0.76, -9.59, -64.00, -6.86
-0.91, -0.90, -0.76, 10.72, -46.26, -38.20
-0.93, -0.87, -0.68, 23.66, 10.24, -56.24
-0.67, -0.86, -0.60, 23.45, 32.39, -64.00
0.01, -0.83, -0.48, 4.21, 40.47, -45.19
0.40, -0.72, -0.47, -1.08, 21.02, -23.31
0.46, -0.61, -0.43, -11.41, 8.91, -0.67
0.48, -0.56, -0.34, -29.22, 14.49, 30.46
0.51, -0.58, -0.32, -40.88, 8.81, 40.57
0.32, -0.61, -0.38, -49.67, 0.45, 48.17
0.04, -0.64, -0.42, -59.27, 3.85, 60.20
0.35, -0.65, -0.49, -0.31, -4.08, -12.03
0.35, -0.59, -0.40, -15.07, 11.28, 15.88
0.43, -0.61, -0.37, -29.97, 15.91, 31.24
0.35, -0.66, -0.42, -39.83, 9.84, 35.81
0.14, -0.70, -0.47, -47.84, 12.39, 42.39
0.33, -0.67, -0.45, -11.59, 14.21, -11.11
0.41, -0.58, -0.36, -22.89, 13.50, 14.75
0.43, -0.54, -0.34, -34.68, 8.40, 31.22
0.30, -0.57, -0.42, -40.39, 0.87, 34.49
0.04, -0.63, -0.46, -46.26, 5.39, 40.20
-0.00, -0.78, -0.49, 2.02, 37.59, -27.71
0.40, -0.66, -0.44, -4.80, 30.80, -5.46
0.51, -0.57, -0.36, -19.94, 18.76, 18.00
0.52, -0.55, -0.33, -32.29, 8.00, 33.59
0.40, -0.60, -0.42, -39.45, -11.92, 34.18
-0.21, -0.77, -0.63, -27.75, -20.95, 22.42
-0.41, -0.86, -0.67, -17.32, -39.95, 2.57
-0.78, -0.89, -0.69, 10.80, -9.51, -39.66
-0.69, -0.84, -0.58, 11.26, 9.88, -59.16
-0.50, -0.81, -0.51, 12.15, 8.86, -64.00
-0.23, -0.79, -0.52, 8.26, 30.82, -48.27
0.23, -0.73, -0.48, 2.04, 41.43, -18.07
0.47, -0.62, -0.40, -10.56, 25.01, 1.16
0.52, -0.55, -0.35, -22.58, 15.52, 25.94
0.51, -0.57, -0.36, -29.03, 1.41, 34.55
0.37, -0.63, -0.45, -30.46, -9.83, 40.27
0.09, -0.68, -0.49, -40.51, -5.50, 48.25
-0.06, -0.73, -0.49, -43.18, 3.75, 53.06
-0.11, -0.76, -0.52, -36.86, -2.91, 45.60
-0.22, -0.81, -0.59, -26.59, -19.15, 28.01
-0.45, -0.88, -0.63, -20.82, -36.05, 3.86
-0.71, -0.90, -0.67, 3.54, -3.12, -33.26
-0.53, -0.86, -0.56, 2.96, 8.09, -49.43
-0.37, -0.83, -0.52, 4.66, 2.43, -56.16
-0.19, -0.81, -0.56, 7.31, -3.43, -54.44
-0.01, -0.77, -0.55, 2.48, 6.44, -31.56
0.24, -0.68, -0.48, 1.37, 8.12, -16.04
0.32, -0.59, -0.41, -10.47, 4.39, 1.42
0.32, -0.55, -0.36, -26.57, 6.89, 26.04
0.28, -0.57, -0.40, -30.11, -0.21, 30.46
0.07, -0.59, -0.47, -28.43, -8.60, 30.08
-0.14, -0.61, -0.51, -31.13, -5.12, 31.67
-0.19, -0.69, -0.51, -28.89, 0.78, 33.57
-0.16, -0.76, -0.51, -27.16, 1.77, 30.96
-0.16, -0.81, -0.52, -25.08, -4.41, 27.37
-0.22, -0.88, -0.55, -18.96, -14.46, 12.49
-0.41, -1.00, -0.61, -7.28, -4.97, -14.45
-0.40, -0.98, -0.58, -5.93, 9.62, -22.77
-0.29, -0.94, -0.56, -3.86, 2.41, -33.37
-0.25, -0.88, -0.58, -1.34, -2.14, -42.47
-0.24, -0.82, -0.58, 2.54, -2.43, -45.00
-0.16, -0.77, -0.57, 3.68, 12.84, -37.29
0.01, -0.66, -0.50, 0.26, 31.09, -19.65
0.14, -0.60, -0.44, -7.49, 28.95, -9.80
0.15, -0.55, -0.40, -14.54, 30.88, 4.82
0.18, -0.55, -0.39, -27.31, 20.88, 19.58
0.15, -0.60, -0.42, -28.04, 7.01, 22.28
0.01, -0.60, -0.47, -27.67, -6.70, 21.56
-0.14, -0.62, -0.50, -27.38, -10.88, 24.21
-0.20, -0.70, -0.52, -22.86, -13.90, 21.22
-0.23, -0.79, -0.54, -20.97, -14.20, 15.05
-0.26, -0.83, -0.55, -19.60, -9.08, 7.15
-0.29, -0.86, -0.57, -14.81, -5.22, 0.62
-0.30, -0.89, -0.58, -9.89, -6.84, -9.10
-0.27, -0.93, -0.60, -4.73, -9.31, -17.09
-0.20, -0.93, -0.62, 2.46, -10.52, -23.69
-0.12, -0.91, -0.61, 0.17, -8.04, -26.25
-0.07, -0.89, -0.57, -2.74, -0.82, -21.51
-0.01, -0.83, -0.51, -7.40, 8.82, -15.26
0.09, -0.74, -0.45, -15.79, 11.18, -3.20
0.16, -0.68, -0.40, -21.63, 6.19, 10.52
0.22, -0.64, -0.38, -30.78, -3.18, 23.42
0.18, -0.65, -0.38, -35.15, -9.05, 28.64
0.04, -0.66, -0.41, -37.40, -7.07, 34.94
-0.04, -0.65, -0.44, -36.87, -11.67, 40.38
-0.06, -0.67, -0.48, -33.75, -19.72, 42.19
-0.10, -0.74, -0.56, -22.60, -26.31, 32.51
-0.30, -0.82, -0.59, -18.06, -42.44, 8.83
-0.52, -0.89, -0.63, -6.44, -33.53, -10.00
-0.59, -0.94, -0.66, 2.88, -13.18, -23.26
-0.52, -0.94, -0.60, 2.56, 9.04, -32.37
-0.37, -0.90, -0.55, 3.79, 13.48, -37.51
-0.21, -0.87, -0.55, 4.77, 9.48, -38.33
-0.09, -0.84, -0.54, 2.89, 8.12, -31.03
0.05, -0.76, -0.49, -5.52, 20.82, -9.71
0.24, -0.65, -0.40, -17.42, 28.16, 15.24
0.36, -0.53, -0.34, -28.43, 16.97, 32.14
0.28, -0.52, -0.40, -35.33, -5.19, 32.97
0.04, -0.59, -0.47, -37.48, -11.83, 38.75
-0.09, -0.62, -0.50, -39.18, 1.32, 43.66
-0.11, -0.69, -0.51, -37.27, 11.29, 41.41
-0.14, -0.77, -0.56, -30.25, 1.72, 32.86
-0.26, -0.89, -0.62, -22.74, -11.17, 20.47
-0.41, -0.96, -0.66, -16.92, -20.43, 3.50
-0.60, -0.93, -0.67, -3.27, -14.05, -16.99
-0.60, -0.87, -0.64, 1.15, 14.39, -24.23
-0.46, -0.82, -0.58, 0.75, 20.88, -35.43
-0.35, -0.81, -0.53, 1.79, 20.91, -38.95
-0.21, -0.78, -0.52, -0.58, 13.01, -34.85
-0.02, -0.71, -0.48, -7.12, 17.57, -14.09
0.25, -0.63, -0.43, -15.07, 21.24, 10.35
0.38, -0.50, -0.37, -28.18, 11.96, 30.61
0.31, -0.52, -0.38, -31.66, 0.66, 35.62
0.15, -0.58, -0.44, -30.55, -8.80, 43.16
-0.06, -0.65, -0.48, -36.86, -2.76, 46.74
-0.15, -0.74, -0.50, -32.62, -1.14, 40.00
-0.22, -0.83, -0.56, -27.93, -4.02, 30.07
-0.34, -0.93, -0.63, -22.70, -16.37, 16.34
-0.54, -0.94, -0.64, -8.82, -30.96, -4.52
-0.68, -0.90, -0.69, 8.39, -23.25, -23.13
-0.69, -0.86, -0.68, 13.64, -0.57, -35.94
-0.61, -0.81, -0.59, 16.99, 11.18, -54.36
-0.48, -0.79, -0.52, 15.30, 18.60, -59.28
-0.20, -0.81, -0.50, 6.75, 22.24, -46.25
0.13, -0.77, -0.50, 3.00, 23.25, -25.83
0.33, -0.66, -0.47, -4.69, 19.45, -5.33
0.37, -0.58, -0.40, -18.67, 17.31, 14.42
0.39, -0.58, -0.36, -30.52, 17.55, 33.28
0.32, -0.63, -0.40, -36.19, 5.04, 35.71
0.07, -0.67, -0.47, -40.63, 9.89, 40.03
-0.11, -0.70, -0.49, -44.27, 20.25, 47.34
-0.14, -0.75, -0.49, -41.37, 7.92, 41.28
-0.22, -0.83, -0.56, -29.13, -19.45, 26.12
-0.42, -0.90, -0.66, -17.12, -41.93, 0.28
-0.74, -0.92, -0.71, 3.40, -47.80, -30.04
-0.86, -0.86, -0.66, 11.73, 1.38, -40.57
-0.68, -0.81, -0.57, 14.96, 23.11, -60.56
-0.47, -0.82, -0.49, 12.87, 24.38, -64.00
-0.14, -0.84, -0.49, 5.64, 32.24, -44.10
0.26, -0.77, -0.50, 4.78, 24.86, -18.54
0.42, -0.64, -0.45, -6.39, 3.40, -5.90
0.36, -0.57, -0.37, -20.43, 11.56, 20.64
0.39, -0.56, -0.36, -33.92, 5.12, 35.69
0.23, -0.61, -0.40, -40.95, -2.37, 36.83
-0.00, -0.63, -0.45, -47.54, 8.49, 44.57
-0.11, -0.68, -0.47, -48.76, 14.98, 52.09
-0.13, -0.75, -0.51, -38.66, -2.53, 42.90
-0.28, -0.83, -0.61, -22.99, -36.25, 21.57
-0.53, -0.91, -0.68, -10.44, -46.74, -6.78
-0.77, -0.94, -0.68, 3.84, -34.85, -29.87
-0.76, -0.90, -0.63, 9.62, 11.61, -40.94
-0.54, -0.83, -0.55, 11.10, 21.89, -55.04
-0.34, -0.83, -0.52, 10.25, 20.60, -56.50
-0.09, -0.85, -0.54, 7.34, 13.02, -44.47
0.19, -0.80, -0.52, 2.37, 12.99, -20.09
0.40, -0.70, -0.45, -9.19, 7.81, -2.39
0.41, -0.61, -0.37, -22.86, 8.62, 18.35
0.38, -0.59, -0.36, -34.88, 9.73, 32.32
0.22, -0.65, -0.43, -43.56, 4.42, 34.94
-0.04, -0.68, -0.48, -45.86, 17.88, 42.87
-0.12, -0.64, -0.48, -41.84, 24.37, 49.17
-0.11, -0.66, -0.48, -29.73, 7.31, 45.28
-0.14, -0.77, -0.55, -15.67, -13.91, 45.29
-0.30, -0.81, -0.63, -7.38, -27.11, 35.38
-0.53, -0.77, -0.63, 5.09, -35.96, 11.79
-0.64, -0.75, -0.65, 17.45, -34.46, -11.14
-0.70, -0.80, -0.68, 20.70, -7.63, -27.35
-0.59, -0.79, -0.62, 20.51, 26.10, -31.96
-0.32, -0.75, -0.51, 17.38, 36.55, -43.35
-0.18, -0.80, -0.49, 7.78, 27.68, -43.04
-0.06, -0.90, -0.51, -2.33, 18.04, -32.51
0.11, -0.89, -0.51, -5.42, 18.48, -14.52
0.28, -0.79, -0.47, -10.84, 24.04, 0.76
0.37, -0.74, -0.39, -20.82, 32.45, 17.81
0.39, -0.76, -0.36, -32.52, 29.26, 30.11
0.26, -0.80, -0.39, -47.39, 27.75, 40.92
0.08, -0.81, -0.41, -55.57, 30.30, 49.29
-0.03, -0.76, -0.44, -53.55, -3.26, 43.05
-0.22, -0.73, -0.57, -34.17, -44.08, 22.40
-0.52, -0.74, -0.70, -10.78, -55.11, -6.72
-0.87, -0.76, -0.68, -0.27, -39.22, -33.66
-0.92, -0.76, -0.58, 7.84, 21.52, -42.69
-0.60, -0.72, -0.51, 15.54, 44.46, -55.45
-0.34, -0.73, -0.46, 13.27, 36.42, -62.53
-0.15, -0.80, -0.46, 4.97, 18.72, -47.21
0.20, -0.80, -0.52, 6.26, 26.09, -18.44
0.45, -0.70, -0.49, 0.25, 15.51, -0.62
0.50, -0.64, -0.32, -22.01, 15.54, 19.41
0.51, -0.71, -0.29, -34.29, 9.62, 34.86
0.34, -0.79, -0.40, -46.15, 4.50, 43.52
0.08, -0.79, -0.44, -54.10, 12.41, 54.66
-0.05, -0.76, -0.45, -53.85, 8.51, 55.90
-0.13, -0.78, -0.54, -41.87, -17.25, 41.81
-0.33, -0.81, -0.64, -30.26, -41.62, 20.12
-0.64, -0.81, -0.69, -14.17, -60.44, -14.33
-0.90, -0.78, -0.71, 7.87, -34.19, -37.17
-0.84, -0.75, -0.66, 16.65, 21.19, -47.18
-0.56, -0.77, -0.57, 20.39, 44.40, -61.70
-0.34, -0.80, -0.52, 15.71, 40.58, -64.00
-0.08, -0.82, -0.50, 6.01, 25.10, -49.93
0.20, -0.79, -0.54, 5.31, 20.95, -23.19
0.45, -0.70, -0.55, 3.96, 17.42, -7.40
0.51, -0.63, -0.44, -13.31, 16.69, 11.41
0.52, -0.65, -0.33, -29.97, 21.96, 32.38
0.46, -0.72, -0.39, -43.65, 13.64, 42.55
0.24, -0.77, -0.46, -54.76, 16.83, 52.91
0.01, -0.74, -0.47, -56.88, 17.84, 60.76
-0.10, -0.71, -0.54, -45.87, 3.26, 54.69
-0.24, -0.73, -0.62, -33.06, -23.10, 33.27
-0.53, -0.75, -0.68, -17.87, -47.20, 6.98
-0.80, -0.75, -0.72, 5.38, -41.60, -25.89
-0.89, -0.76, -0.71, 15.29, 8.69, -39.90
-0.71, -0.78, -0.57, 17.75, 48.36, -50.82
-0.39, -0.80, -0.52, 17.71, 59.12, -56.12
-0.11, -0.82, -0.52, 13.96, 48.66, -50.53
0.15, -0.84, -0.53, 12.67, 30.46, -38.42
0.29, -0.83, -0.56, 12.25, 10.46, -28.10
0.28, -0.79, -0.55, 8.94, 12.37, -19.19
0.26, -0.76, -0.48, 1.46, 31.66, -1.77
0.33, -0.77, -0.40, -13.73, 48.56, 16.07
0.39, -0.79, -0.38, -25.00, 48.42, 28.58
0.28, -0.81, -0.41, -37.98, 46.45, 36.63
0.13, -0.80, -0.44, -46.58, 45.21, 45.15
0.04, -0.79, -0.46, -46.51, 21.31, 43.10
-0.11, -0.80, -0.53, -35.69, -19.31, 31.47
-0.32, -0.81, -0.61, -22.28, -45.90, 10.07
-0.65, -0.77, -0.68, -2.15, -60.46, -23.79
-0.91, -0.74, -0.68, 12.25, -25.55, -45.21
-0.85, -0.74, -0.55, 20.62, 26.67, -57.64
-0.63, -0.74, -0.44, 25.92, 36.92, -64.00
-0.39, -0.77, -0.41, 23.31, 26.11, -64.00
-0.07, -0.81, -0.41, 20.84, 27.77, -55.40
0.35, -0.77, -0.46, 28.87, 20.93, -33.59
0.54, -0.70, -0.45, 26.10, 14.40, -11.25
0.63, -0.69, -0.34, 14.34, 21.95, 15.90
0.71, -0.74, -0.31, 1.33, 25.06, 39.06
0.57, -0.84, -0.34, -18.47, 23.27, 42.56
0.24, -0.89, -0.37, -39.01, 34.55, 47.18
0.02, -0.84, -0.39, -55.49, 34.95, 52.35
-0.04, -0.77, -0.45, -51.23, 8.81, 43.57
-0.17, -0.75, -0.55, -38.82, -27.20, 26.79
-0.39, -0.78, -0.64, -25.82, -53.73, -0.92
-0.68, -0.81, -0.70, -6.88, -58.46, -31.49
-0.85, -0.81, -0.66, 2.05, -6.72, -47.43
-0.71, -0.84, -0.54, 7.67, 41.57, -60.90
-0.39, -0.87, -0.46, 12.20, 52.66, -64.00
-0.12, -0.91, -0.47, 11.87, 42.47, -64.00
0.16, -0.95, -0.50, 8.96, 21.05, -59.10
0.39, -0.92, -0.51, 10.52, 18.74, -39.91
0.52, -0.84, -0.44, 3.30, 17.53, -25.37
0.56, -0.81, -0.31, -13.02, 24.71, -8.96
0.59, -0.84, -0.23, -27.24, 29.23, 5.49
0.55, -0.89, -0.26, -40.28, 25.17, 10.06
0.34, -0.93, -0.30, -55.79, 29.51, 13.19
0.13, -0.91, -0.33, -62.27, 38.54, 16.33
0.09, -0.85, -0.37, -61.57, 26.10, 15.93
0.04, -0.80, -0.43, -49.28, -9.34, 6.31
-0.08, -0.80, -0.49, -35.42, -35.90, -8.04
-0.30, -0.83, -0.57, -19.88, -55.03, -35.71
-0.53, -0.82, -0.62, -5.47, -56.20, -60.56
-0.64, -0.76, -0.57, 6.02, -7.71, -64.00
-0.48, -0.70, -0.47, 17.66, 24.16, -64.00
-0.26, -0.71, -0.36, 15.17, 25.47, -64.00
-0.05, -0.79, -0.33, 6.24, 19.54, -64.00
0.38, -0.81, -0.34, 1.87, 45.95, -54.22
0.77, -0.74, -0.28, -7.82, 29.88, -34.37
0.90, -0.69, -0.22, -27.44, 15.91, -8.54
0.94, -0.73, -0.25, -37.61, 2.41, 12.98
0.78, -0.79, -0.29, -55.61, -13.58, 17.66
0.44, -0.85, -0.34, -64.00, -9.10, 21.74
0.24, -0.83, -0.41, -64.00, -10.38, 25.30
-0.24, -0.75, -0.75, -45.27, -63.04, -33.11
-0.40, -0.77, -0.82, -24.19, -46.24, -56.61
-0.42, -0.73, -0.83, -7.28, 10.34, -64.00
-0.24, -0.69, -0.75, 8.27, 50.40, -64.00
-0.01, -0.68, -0.64, 16.29, 60.74, -64.00
0.18, -0.72, -0.55, 14.64, 52.02, -64.00
0.47, -0.76, -0.48, 11.02, 40.21, -57.24
0.70, -0.73, -0.41, 6.02, 25.31, -34.96
0.82, -0.68, -0.37, -8.19, 12.83, -15.60
0.85, -0.67, -0.30, -27.35, 13.28, 6.56
0.82, -0.67, -0.31, -39.73, 5.18, 15.83
0.59, -0.70, -0.39, -59.68, 7.89, 20.96
0.41, -0.72, -0.44, -64.00, 23.83, 28.07
0.35, -0.69, -0.51, -64.00, 15.97, 28.20
0.31, -0.66, -0.64, -64.00, -14.15, 22.77
0.22, -0.66, -0.76, -45.94, -36.14, 16.11
0.09, -0.66, -0.82, -25.71, -49.42, -6.37
-0.14, -0.66, -0.86, 2.38, -43.57, -26.11
-0.27, -0.68, -0.81, 16.63, 4.58, -35.85
-0.16, -0.70, -0.66, 26.95, 51.65, -42.37
0.03, -0.71, -0.55, 32.49, 64.00, -49.68
0.20, -0.73, -0.47, 33.38, 48.68, -53.69
0.31, -0.76, -0.41, 28.87, 27.70, -42.19
0.50, -0.74, -0.40, 26.49, 33.15, -14.17
0.76, -0.65, -0.36, 20.11, 20.29, 2.86
0.81, -0.60, -0.26, 3.07, 5.91, 11.00
0.75, -0.63, -0.18, -13.66, 10.23, 28.75
0.70, -0.67, -0.22, -26.29, 11.11, 38.53
0.55, -0.72, -0.27, -41.93, 19.07, 44.22
0.41, -0.76, -0.31, -52.35, 24.02, 51.85
0.38, -0.75, -0.38, -50.80, 5.82, 52.84
0.34, -0.74, -0.50, -41.74, -31.24, 46.61
0.20, -0.77, -0.57, -21.75, -64.00, 36.92
0.07, -0.80, -0.68, 4.02, -64.00, 20.42
-0.17, -0.81, -0.71, 20.09, -64.00, -5.78
-0.36, -0.82, -0.64, 21.31, -2.78, -18.59
-0.24, -0.77, -0.57, 29.92, 41.54, -27.99
-0.02, -0.73, -0.50, 32.00, 51.48, -40.71
0.19, -0.78, -0.44, 24.73, 34.30, -39.02
0.40, -0.83, -0.44, 17.19, 19.91, -14.04
0.70, -0.81, -0.41, 7.71, 19.02, 15.76
0.85, -0.74, -0.34, -5.17, 2.41, 29.10
0.83, -0.72, -0.26, -22.87, 9.09, 48.59
0.77, -0.75, -0.28, -36.64, 4.07, 56.02
0.55, -0.78, -0.34, -56.72, 9.68, 59.50
0.33, -0.80, -0.37, -64.00, 25.98, 64.00
0.25, -0.79, -0.40, -64.00, 19.10, 64.00
0.17, -0.78, -0.48, -64.00, -18.04, 54.54
0.02, -0.79, -0.58, -52.52, -47.13, 45.02
-0.18, -0.77, -0.67, -30.98, -64.00, 19.63
-0.39, -0.76, -0.71, -7.75, -64.00, -3.69
-0.52, -0.77, -0.68, 7.29, -12.82, -16.76
-0.39, -0.76, -0.60, 19.88, 31.58, -31.15
-0.17, -0.77, -0.53, 28.26, 43.08, -44.64
0.03, -0.84, -0.47, 24.62, 31.59, -38.99
0.37, -0.89, -0.45, 21.60, 36.51, -10.92
0.70, -0.85, -0.43, 17.09, 22.31, 10.45
0.86, -0.80, -0.34, 1.45, 13.99, 32.96
0.90, -0.81, -0.24, -11.12, 3.93, 48.29
0.78, -0.85, -0.22, -31.21, -5.91, 53.25
0.49, -0.92, -0.26, -57.58, 1.32, 58.16
0.23, -0.91, -0.31, -64.00, 9.14, 61.52
0.11, -0.84, -0.41, -64.00, -7.10, 53.25
-0.02, -0.80, -0.52, -56.20, -40.31, 35.34
-0.22, -0.81, -0.63, -39.88, -64.00, 8.26
-0.47, -0.80, -0.71, -19.75, -64.00, -18.22
-0.56, -0.78, -0.71, -5.10, -28.21, -30.82
-0.43, -0.76, -0.64, 7.07, 9.29, -48.70
-0.25, -0.73, -0.61, 19.10, 22.71, -60.22
-0.04, -0.74, -0.58, 21.70, 24.45, -54.61
0.29, -0.79, -0.54, 19.53, 25.45, -34.65
0.58, -0.79, -0.49, 14.04, 24.65, -6.18
0.77, -0.74, -0.35, 1.92, 13.90, 12.99
0.82, -0.72, -0.24, -12.42, 10.58, 35.09
0.79, -0.77, -0.22, -25.91, 5.66, 47.78
0.58, -0.84, -0.26, -46.46, 4.48, 51.73
0.29, -0.89, -0.27, -64.00, 18.93, 58.31
0.18, -0.85, -0.34, -64.00, 19.91, 60.87
0.17, -0.80, -0.43, -59.73, -7.82, 51.15
0.03, -0.82, -0.56, -48.40, -50.36, 35.44
-0.24, -0.83, -0.65, -26.07, -64.00, 12.93
-0.49, -0.81, -0.74, 0.77, -64.00, -21.02
-0.65, -0.81, -0.74, 17.27, -14.35, -36.42
-0.53, -0.82, -0.62, 24.21, 43.43, -51.75
-0.25, -0.80, -0.53, 29.36, 57.43, -61.93
0.02, -0.82, -0.48, 23.83, 50.88, -55.09
0.37, -0.87, -0.44, 16.89, 36.48, -32.59
0.65, -0.86, -0.41, 7.36, 10.58, -10.21
0.75, -0.81, -0.38, -6.22, -0.86, 13.19
0.77, -0.78, -0.30, -24.26, 3.54, 35.33
0.73, -0.79, -0.28, -39.94, -1.03, 43.03
0.49, -0.83, -0.31, -62.29, 7.15, 49.21
0.27, -0.82, -0.36, -64.00, 16.99, 55.30
0.10, -0.74, -0.48, -64.00, -7.01, 45.44
-0.04, -0.67, -0.67, -60.88, -47.99, 29.58
-0.30, -0.64, -0.82, -27.64, -64.00, 8.91
-0.55, -0.67, -0.85, 0.27, -64.00, -24.39
-0.70, -0.76, -0.73, 8.56, -9.98, -38.08
-0.52, -0.79, -0.59, 15.12, 36.89, -48.25
-0.20, -0.76, -0.55, 22.55, 41.13, -56.84
0.02, -0.81, -0.51, 20.48, 31.47, -52.93
0.29, -0.84, -0.47, 12.87, 39.41, -26.83
0.59, -0.82, -0.45, 10.59, 31.99, -3.33
0.71, -0.77, -0.39, -2.13, 21.20, 12.50
0.71, -0.77, -0.31, -15.38, 19.77, 29.38
0.67, -0.81, -0.29, -27.19, 8.89, 37.80
0.51, -0.86, -0.30, -45.38, 2.84, 41.12
0.30, -0.88, -0.33, -62.97, 10.12, 46.23
0.19, -0.85, -0.36, -64.00, 17.80, 50.11
0.16, -0.82, -0.43, -64.00, 6.98, 43.13
0.04, -0.81, -0.51, -60.80, -15.18, 30.13
-0.17, -0.79, -0.60, -49.42, -42.54, 6.65
-0.35, -0.76, -0.69, -31.21, -54.12, -14.25
-0.45, -0.74, -0.77, -7.43, -44.13, -28.66
-0.44, -0.73, -0.74, 6.96, -7.08, -34.78
-0.31, -0.73, -0.66, 19.22, 17.27, -44.26
-0.13, -0.73, -0.58, 23.46, 29.46, -51.08
-0.00, -0.76, -0.52, 20.29, 26.16, -45.72
0.24, -0.77, -0.46, 15.35, 31.16, -22.09
0.57, -0.75, -0.40, 5.93, 28.86, 8.20
0.79, -0.73, -0.32, -11.45, 13.78, 28.17
0.81, -0.75, -0.24, -22.87, -1.92, 39.52
0.65, -0.82, -0.24, -41.42, -9.51, 45.46
0.40, -0.89, -0.29, -62.88, -3.70, 52.13
0.20, -0.90, -0.36, -64.00, -3.78, 53.66
0.07, -0.84, -0.53, -64.00, -26.78, 40.98
-0.13, -0.77, -0.68, -47.84, -50.18, 22.20
-0.35, -0.75, -0.79, -17.58, -64.00, -9.21
-0.60, -0.76, -0.85, 9.99, -56.71, -33.44
-0.66, -0.78, -0.77, 24.69, 3.14, -47.03
-0.48, -0.78, -0.66, 34.73, 34.07, -64.00
-0.25, -0.79, -0.61, 37.89, 44.46, -64.00
0.03, -0.82, -0.53, 33.28, 45.28, -60.61
0.38, -0.84, -0.43, 23.59, 29.71, -42.09
0.61, -0.81, -0.37, 9.50, 21.53, -18.12
0.73, -0.75, -0.30, -5.57, 8.30, 1.96
0.76, -0.72, -0.24, -22.48, 14.50, 28.97
0.77, -0.74, -0.21, -41.21, 12.21, 41.91
0.60, -0.79, -0.25, -58.04, 9.18, 47.53
0.30, -0.80, -0.30, -64.00, 19.12, 54.19
0.16, -0.76, -0.39, -64.00, 9.30, 55.39
0.08, -0.73, -0.51, -60.99, -21.94, 44.62
-0.11, -0.74, -0.64, -42.49, -59.25, 25.81
-0.33, -0.76, -0.71, -21.81, -64.00, -0.04
-0.57, -0.75, -0.75, 3.80, -64.00, -25.09
-0.61, -0.76, -0.71, 14.72, -7.21, -35.38
-0.44, -0.75, -0.61, 26.57, 29.14, -48.63
-0.25, -0.78, -0.53, 31.68, 28.99, -61.68
-0.04, -0.81, -0.50, 26.32, 22.21, -54.64
0.28, -0.86, -0.49, 21.00, 26.54, -25.95
0.58, -0.82, -0.44, 9.81, 10.76, -9.19
0.68, -0.76, -0.31, -6.83, 1.31, 10.56
0.72, -0.76, -0.25, -22.87, -1.89, 28.53
0.69, -0.79, -0.28, -37.25, -4.03, 40.11
0.51, -0.83, -0.33, -55.72, -1.90, 44.27
0.25, -0.86, -0.36, -64.00, 11.08, 50.78
0.14, -0.83, -0.41, -64.00, 12.04, 51.46
0.10, -0.80, -0.53, -60.83, -9.41, 46.32
-0.01, -0.78, -0.63, -46.52, -37.35, 29.59
-0.25, -0.79, -0.70, -26.54, -64.00, 6.59
-0.51, -0.79, -0.77, -3.31, -64.00, -21.34
-0.63, -0.79, -0.78, 14.12, -13.56, -32.18
-0.51, -0.76, -0.69, 26.88, 27.02, -49.51
-0.33, -0.75, -0.59, 32.62, 35.62, -62.40
-0.14, -0.79, -0.52, 28.12, 33.58, -59.29
0.16, -0.83, -0.50, 21.18, 36.20, -40.36
0.45, -0.79, -0.46, 15.01, 24.34, -20.92
0.60, -0.73, -0.36, 0.34, 15.63, -0.54
0.68, -0.71, -0.24, -20.69, 5.47, 18.87
0.72, -0.73, -0.22, -37.10, 2.72, 37.90
0.62, -0.76, -0.28, -51.95, -6.18, 46.39
0.36, -0.78, -0.33, -64.00, 1.08, 53.08
0.16, -0.79, -0.37, -64.00, 7.37, 58.92
0.11, -0.78, -0.46, -64.00, -5.81, 57.09
0.02, -0.78, -0.59, -50.62, -26.66, 49.31
-0.20, -0.79, -0.65, -34.61, -52.76, 25.91
-0.45, -0.80, -0.69, -15.51, -61.16, -4.46
-0.63, -0.80, -0.76, 9.65, -32.03, -22.97
-0.59, -0.81, -0.73, 18.54, 22.83, -34.53
-0.38, -0.81, -0.62, 24.44, 50.60, -43.86
-0.14, -0.79, -0.54, 24.52, 59.84, -42.21
0.17, -0.81, -0.47, 15.39, 44.75, -34.44
0.40, -0.84, -0.40, 3.23, 23.42, -15.70
0.59, -0.83, -0.39, -8.60, 11.16, 8.29
0.69, -0.80, -0.38, -20.46, -3.43, 21.13
0.58, -0.81, -0.36, -34.71, -10.07, 29.99
0.36, -0.83, -0.37, -50.31, -3.22, 37.63
0.20, -0.81, -0.42, -58.45, 3.73, 42.60
0.08, -0.74, -0.49, -57.80, -14.93, 32.80
-0.09, -0.70, -0.60, -42.22, -32.26, 22.26
-0.31, -0.68, -0.72, -23.90, -42.84, 4.06
-0.51, -0.68, -0.76, -1.38, -31.77, -18.89
-0.61, -0.73, -0.68, 4.58, 8.71, -30.05
-0.46, -0.76, -0.57, 12.76, 34.43, -40.40
-0.17, -0.76, -0.50, 15.37, 40.57, -41.92
0.08, -0.79, -0.46, 11.03, 35.32, -33.52
0.30, -0.82, -0.42, 4.62, 18.75, -21.01
0.45, -0.82, -0.40, -4.85, 10.25, 0.53
0.59, -0.82, -0.37, -17.23, 10.62, 21.88
0.66, -0.82, -0.31, -32.59, 3.64, 32.56
0.54, -0.85, -0.30, -47.63, -0.65, 39.03
0.34, -0.87, -0.35, -60.97, 2.58, 44.34
0.17, -0.84, -0.41, -64.00, 0.33, 44.38
0.05, -0.79, -0.51, -62.38, -23.69, 36.20
-0.13, -0.75, -0.64, -37.71, -63.38, 14.54
-0.44, -0.73, -0.82, -5.25, -64.00, -15.32
-0.72, -0.76, -0.81, 10.10, -35.33, -38.27
-0.72, -0.78, -0.67, 21.11, 24.41, -53.38
-0.45, -0.77, -0.57, 28.08, 47.21, -63.45
-0.08, -0.79, -0.52, 25.30, 41.72, -62.01
0.22, -0.83, -0.44, 16.80, 27.91, -45.19
0.49, -0.82, -0.43, 7.83, 11.97, -24.83
0.58, -0.75, -0.42, -0.02, -8.97, -12.60
0.52, -0.70, -0.36, -15.84, -6.91, 4.70
0.53, -0.72, -0.31, -33.05, 5.99, 27.91
0.56, -0.75, -0.32, -45.91, 3.08, 37.53
0.42, -0.76, -0.35, -57.95, 1.36, 44.98
0.21, -0.76, -0.39, -64.00, 1.67, 47.74
0.10, -0.74, -0.46, -62.58, -9.20, 46.85
-0.01, -0.74, -0.56, -51.67, -29.42, 35.74
-0.22, -0.77, -0.69, -32.78, -55.26, 13.36
-0.45, -0.78, -0.76, -12.42, -64.00, -14.92
-0.65, -0.79, -0.78, 9.75, -28.34, -30.41
-0.59, -0.79, -0.70, 23.75, 12.99, -50.67
-0.40, -0.80, -0.62, 31.91, 19.83, -64.00
-0.19, -0.84, -0.57, 29.80, 21.28, -61.51
0.18, -0.87, -0.53, 23.28, 27.67, -41.14
0.49, -0.78, -0.45, 15.34, 11.71, -27.04
0.58, -0.75, -0.36, 2.12, -6.84, -14.88
0.59, -0.75, -0.29, -18.10, -5.07, 10.94
0.64, -0.77, -0.28, -37.10, 2.81, 30.52
0.57, -0.78, -0.32, -52.14, 1.13, 36.11
0.32, -0.79, -0.36, -64.00, 8.23, 42.87
0.12, -0.77, -0.40, -64.00, 15.38, 47.62
0.05, -0.72, -0.48, -64.00, -2.58, 42.50
-0.07, -0.72, -0.63, -45.30, -44.38, 26.58
-0.30, -0.74, -0.76, -21.54, -64.00, 0.32
-0.60, -0.78, -0.77, -0.46, -64.00, -28.22
-0.69, -0.79, -0.71, 10.70, -8.66, -44.19
-0.52, -0.76, -0.62, 20.92, 15.59, -64.00
-0.32, -0.76, -0.56, 23.94, 13.86, -64.00
-0.03, -0.81, -0.54, 20.07, 25.12, -55.23
0.36, -0.82, -0.50, 12.90, 21.38, -33.29
0.60, -0.76, -0.43, 1.83, -1.68, -18.31
0.63, -0.73, -0.33, -14.99, -7.24, 7.19
0.66, -0.73, -0.29, -30.97, -1.03, 28.45
0.64, -0.73, -0.31, -40.02, 0.99, 39.28
0.46, -0.76, -0.37, -52.32, 5.09, 45.55
0.20, -0.80, -0.41, -64.00, 12.38, 49.02
0.04, -0.79, -0.47, -64.00, 9.80, 50.32
-0.04, -0.75, -0.57, -50.88, -19.25, 37.18
-0.17, -0.78, -0.70, -24.06, -56.37, 12.01
-0.42, -0.84, -0.80, -1.94, -64.00, -18.91
-0.65, -0.87, -0.78, 11.41, -37.43, -39.29
-0.63, -0.86, -0.68, 20.42, 15.98, -55.68
-0.39, -0.83, -0.57, 26.33, 35.47, -64.00
-0.11, -0.86, -0.53, 22.15, 43.35, -64.00
0.25, -0.86, -0.51, 19.76, 35.87, -46.69
0.50, -0.80, -0.49, 11.26, 31.42, -23.88
0.61, -0.72, -0.40, 0.65, 12.57, -7.68
0.60, -0.69, -0.31, -14.69, 3.09, 13.21
0.60, -0.70, -0.27, -33.61, 2.77, 34.11
0.53, -0.73, -0.30, -46.11, -2.90, 40.54
0.31, -0.74, -0.34, -59.14, -0.99, 45.34
0.15, -0.73, -0.38, -64.00, 2.61, 50.38
0.11, -0.73, -0.46, -60.41, 1.60, 50.93
0.06, -0.78, -0.53, -57.42, -20.97, 42.05
-0.14, -0.80, -0.58, -47.28, -40.73, 24.86
-0.34, -0.79, -0.68, -28.46, -53.17, -0.37
-0.53, -0.81, -0.77, -4.66, -59.86, -27.05
-0.61, -0.85, -0.76, 7.05, -14.91, -38.03
-0.42, -0.83, -0.65, 15.11, 13.16, -50.26
-0.21, -0.80, -0.59, 19.26, 8.29, -64.00
-0.04, -0.80, -0.58, 19.61, 13.46, -54.57
0.22, -0.79, -0.55, 15.23, 23.09, -32.82
0.49, -0.74, -0.46, 1.90, 19.98, -11.18
0.62, -0.69, -0.34, -15.88, 13.47, 12.62
0.69, -0.67, -0.27, -31.58, 4.77, 34.91
0.63, -0.70, -0.32, -42.36, -7.10, 44.00
0.38, -0.74, -0.39, -56.26, -8.00, 46.94
0.11, -0.79, -0.42, -64.00, -0.15, 52.24
0.01, -0.79, -0.48, -63.28, -4.45, 47.86
-0.06, -0.78, -0.63, -42.80, -32.66, 29.17
-0.26, -0.80, -0.76, -22.25, -54.53, 4.02
-0.54, -0.83, -0.80, -4.41, -58.17, -25.58
-0.71, -0.85, -0.76, 11.02, -11.34, -40.44
-0.54, -0.83, -0.67, 17.86, 31.01, -53.81
-0.28, -0.81, -0.57, 19.72, 26.26, -64.00
-0.09, -0.81, -0.53, 16.97, 22.89, -57.86
0.26, -0.80, -0.50, 9.92, 31.61, -30.31
0.56, -0.72, -0.43, -1.26, 15.10, -9.41
0.63, -0.65, -0.35, -16.78, -1.70, 7.14
0.60, -0.62, -0.30, -33.24, -3.31, 29.90
0.53, -0.65, -0.35, -40.03, -8.67, 37.17
0.29, -0.71, -0.42, -51.70, -7.90, 42.20
0.10, -0.76, -0.46, -57.73, 1.75, 48.62
0.04, -0.77, -0.51, -55.29, 7.43, 48.21
0.01, -0.77, -0.59, -40.96, -10.08, 35.30
-0.13, -0.81, -0.67, -24.63, -33.29, 19.09
-0.36, -0.88, -0.73, -13.50, -48.23, -8.07
-0.61, -0.89, -0.78, 3.53, -34.33, -29.29
-0.60, -0.83, -0.74, 16.68, 7.55, -44.28
-0.39, -0.78, -0.63, 23.78, 19.49, -61.62
-0.22, -0.79, -0.56, 21.87, 13.65, -64.00
0.04, -0.82, -0.53, 13.69, 32.89, -43.05
0.49, -0.76, -0.46, 1.54, 51.41, -4.62
0.76, -0.65, -0.36, -12.82, 28.18, 13.83
0.76, -0.59, -0.28, -32.73, 12.30, 35.13
0.66, -0.63, -0.32, -41.55, -3.25, 48.26
0.38, -0.70, -0.40, -55.66, -10.13, 50.72
0.11, -0.75, -0.43, -64.00, 3.42, 58.39
0.02, -0.74, -0.47, -62.01, 0.55, 55.79
-0.03, -0.74, -0.59, -45.35, -15.86, 45.07
-0.18, -0.75, -0.68, -33.77, -28.08, 28.64
-0.38, -0.77, -0.66, -24.70, -20.11, 12.17
-0.45, -0.80, -0.67, -11.44, -0.06, -1.91
-0.40, -0.83, -0.68, -7.03, 17.54, -12.25
-0.22, -0.81, -0.63, -5.38, 44.76, -10.17
0.03, -0.76, -0.56, -7.53, 43.57, -5.59
0.21, -0.74, -0.52, -12.66, 30.68, 2.26
0.28, -0.76, -0.53, -15.12, 8.61, 9.39
0.25, -0.76, -0.55, -13.04, -10.85, 10.16
0.15, -0.74, -0.59, -8.29, -19.21, 6.50
0.03, -0.77, -0.59, -9.91, -15.26, 2.64
-0.03, -0.81, -0.56, -13.78, 2.78, 5.71
-0.00, -0.81, -0.51, -19.45, 16.15, 9.42
0.09, -0.79, -0.50, -21.24, 22.66, 17.62
0.16, -0.77, -0.51, -22.98, 21.05, 23.29
0.17, -0.78, -0.50, -26.85, 13.22, 26.51
0.13, -0.80, -0.50, -31.87, 3.00, 26.95
0.04, -0.78, -0.53, -29.87, -11.00, 21.78
-0.12, -0.74, -0.59, -23.79, -31.84, 8.34
-0.30, -0.71, -0.71, -10.41, -49.89, -11.79
-0.51, -0.70, -0.76, 4.80, -31.26, -25.29
-0.53, -0.68, -0.71, 13.49, 6.26, -35.54
-0.38, -0.68, -0.60, 19.27, 31.25, -43.63
-0.18, -0.75, -0.53, 17.70, 43.08, -44.09
0.05, -0.77, -0.50, 10.11, 37.48, -34.76
0.25, -0.81, -0.46, 1.30, 24.80, -17.85
0.42, -0.80, -0.44, -7.28, 11.13, 2.11
0.54, -0.79, -0.41, -19.47, 13.14, 24.56
0.58, -0.79, -0.36, -30.44, 10.91, 36.19
0.46, -0.83, -0.35, -46.34, 12.68, 44.96
0.25, -0.86, -0.38, -58.80, 16.82, 50.68
0.12, -0.83, -0.45, -62.35, 1.94, 47.99
-0.02, -0.79, -0.56, -49.59, -35.21, 34.03
-0.25, -0.78, -0.71, -27.24, -64.00, 8.75
-0.56, -0.76, -0.78, -4.96, -64.00, -27.21
-0.79, -0.75, -0.73, 6.62, -31.64, -48.27
-0.69, -0.75, -0.66, 14.98, 20.10, -63.56
-0.42, -0.73, -0.60, 19.50, 36.83, -64.00
-0.16, -0.77, -0.54, 16.41, 29.69, -64.00
0.19, -0.80, -0.57, 12.71, 40.21, -44.94
0.53, -0.72, -0.58, 12.70, 22.51, -24.03
0.63, -0.65, -0.46, -2.00, -0.07, -6.36
0.62, -0.67, -0.36, -15.63, 6.77, 21.29
0.64, -0.70, -0.36, -31.55, 10.87, 38.53
0.51, -0.72, -0.38, -48.38, 5.25, 42.71
0.19, -0.74, -0.40, -60.12, 6.62, 44.71
0.03, -0.72, -0.46, -64.00, 4.90, 49.91
-0.03, -0.68, -0.54, -56.41, -17.58, 42.44
-0.16, -0.68, -0.67, -35.30, -48.44, 24.15
-0.38, -0.70, -0.73, -20.66, -56.67, -0.69
-0.57, -0.72, -0.70, -11.68, -23.88, -19.29
-0.50, -0.74, -0.63, -12.60, 32.05, -17.44
-0.20, -0.71, -0.57, -10.95, 56.05, -13.90
0.04, -0.65, -0.56, -11.11, 54.76, -8.41
0.20, -0.65, -0.55, -16.30, 40.65, 0.20
0.28, -0.68, -0.55, -20.67, 20.58, 7.55
0.27, -0.70, -0.57, -26.12, 8.04, 10.72
0.20, -0.70, -0.57, -36.19, 10.33, 12.16
0.09, -0.69, -0.58, -46.95, 22.11, 15.53
0.03, -0.66, -0.58, -57.63, 37.05, 23.21
0.04, -0.62, -0.57, -62.27, 42.59, 28.52
0.06, -0.63, -0.56, -60.06, 34.23, 30.11
0.07, -0.71, -0.59, -55.71, 18.28, 32.06
0.04, -0.77, -0.62, -52.27, 2.55, 29.50
-0.04, -0.76, -0.65, -46.13, 2.68, 26.03
-0.11, -0.70, -0.66, -41.27, 11.86, 20.17
-0.13, -0.69, -0.64, -37.35, 19.98, 16.04
-0.10, -0.73, -0.63, -33.59, 23.54, 16.03
-0.02, -0.78, -0.63, -28.98, 16.60, 16.61
0.06, -0.79, -0.64, -25.41, 8.81, 17.27
0.12, -0.78, -0.64, -21.85, 3.32, 20.30
0.12, -0.75, -0.62, -21.71, 3.30, 21.72
0.09, -0.73, -0.60, -24.37, 10.43, 24.61
0.09, -0.71, -0.58, -28.13, 9.46, 25.27
0.09, -0.69, -0.57, -30.71, 3.29, 26.60
0.09, -0.68, -0.59, -32.29, -3.26, 26.92
0.07, -0.67, -0.61, -33.04, -7.33, 26.68
0.02, -0.68, -0.61, -33.09, -8.04, 24.56
-0.04, -0.71, -0.61, -33.38, -5.54, 22.34
-0.08, -0.74, -0.62, -30.20, -4.12, 21.00
-0.08, -0.75, -0.63, -26.74, -5.21, 20.84
-0.05, -0.74, -0.63, -22.33, -8.98, 19.43
-0.03, -0.73, -0.63, -19.03, -9.46, 18.81
-0.03, -0.72, -0.62, -16.91, -9.00, 17.90
-0.06, -0.70, -0.63, -16.04, -4.48, 16.31
-0.08, -0.69, -0.63, -16.28, -2.65, 16.72
-0.08, -0.68, -0.63, -18.49, -2.86, 15.35
-0.06, -0.69, -0.62, -19.70, -7.56, 15.77
-0.03, -0.69, -0.62, -21.89, -12.86, 18.19
-0.02, -0.68, -0.63, -23.65, -15.65, 19.37
-0.03, -0.66, -0.63, -24.98, -15.08, 19.32
-0.07, -0.65, -0.63, -26.18, -12.16, 18.40
-0.11, -0.66, -0.64, -26.87, -8.76, 16.84
-0.13, -0.69, -0.65, -27.01, -6.51, 17.22
-0.13, -0.71, -0.65, -26.68, -7.20, 15.29
-0.12, -0.70, -0.65, -25.17, -10.37, 12.87
-0.12, -0.69, -0.66, -22.88, -13.36, 10.45
-0.12, -0.67, -0.68, -19.05, -13.73, 9.82
-0.14, -0.67, -0.69, -15.91, -10.74, 7.66
-0.16, -0.67, -0.70, -12.89, -8.45, 5.93
-0.16, -0.67, -0.70, -11.04, -7.28, 3.68
-0.14, -0.68, -0.68, -12.20, -6.11, 2.91
-0.11, -0.69, -0.66, -13.40, -5.54, 2.74
-0.08, -0.68, -0.64, -15.07, -7.39, 2.76
-0.08, -0.66, -0.65, -16.46, -9.30, 1.99
-0.10, -0.65, -0.66, -17.79, -9.96, 2.13
-0.11, -0.64, -0.66, -19.71, -8.66, 2.09
-0.12, -0.66, -0.66, -22.83, -8.22, 1.41
-0.12, -0.67, -0.65, -24.94, -9.96, 2.35
-0.12, -0.66, -0.65, -27.03, -12.47, 1.28
-0.12, -0.65, -0.64, -27.17, -15.32, 1.29
-0.12, -0.64, -0.65, -26.12, -18.34, -0.58
-0.14, -0.64, -0.67, -25.46, -17.54, -0.23
-0.15, -0.64, -0.67, -24.85, -15.62, 0.63
-0.16, -0.63, -0.66, -25.87, -15.14, 0.53
-0.16, -0.63, -0.65, -26.17, -16.44, -0.05
-0.13, -0.63, -0.65, -26.33, -18.56, 0.18
-0.14, -0.63, -0.66, -25.54, -22.26, -0.49
-0.14, -0.63, -0.66, -24.07, -27.70, -2.18
-0.17, -0.63, -0.67, -23.17, -30.46, -6.37
-0.21, -0.63, -0.68, -21.45, -36.07, -10.05
-0.22, -0.63, -0.68, -23.35, -42.22, -10.91
-0.22, -0.65, -0.66, -26.37, -54.02, -16.56
-0.20, -0.66, -0.65, -27.64, -64.00, -17.88
-0.18, -0.66, -0.65, -29.98, -64.00, -22.38
-0.18, -0.66, -0.67, -29.01, -64.00, -25.98
-0.21, -0.65, -0.67, -30.48, -64.00, -30.51
-0.27, -0.64, -0.69, -30.14, -64.00, -33.67
-0.29, -0.63, -0.69, -31.79, -64.00, -34.64
-0.28, -0.64, -0.68, -35.08, -59.51, -34.27
-0.25, -0.66, -0.65, -39.46, -55.18, -34.93
-0.23, -0.65, -0.62, -43.58, -52.73, -34.59
-0.25, -0.63, -0.59, -48.68, -55.04, -36.55
-0.28, -0.60, -0.65, -46.18, -60.13, -40.03
-0.27, -0.57, -0.73, -36.42, -54.39, -38.05
-0.22, -0.58, -0.71, -32.64, -38.18, -37.23
-0.23, -0.62, -0.65, -38.29, -18.77, -33.17
-0.29, -0.63, -0.63, -39.75, 2.08, -32.80
-0.28, -0.61, -0.66, -36.77, 11.74, -27.98
-0.22, -0.60, -0.63, -37.30, 5.62, -24.16
-0.18, -0.64, -0.63, -34.63, -4.39, -22.13
-0.17, -0.67, -0.67, -28.52, -11.54, -21.15
-0.20, -0.67, -0.65, -27.56, -13.57, -22.45
-0.24, -0.66, -0.65, -27.79, -4.86, -22.92
-0.25, -0.66, -0.63, -28.83, -2.15, -24.59
-0.27, -0.65, -0.64, -28.46, 8.93, -26.76
-0.25, -0.64, -0.62, -29.29, 22.30, -24.61
-0.23, -0.64, -0.57, -32.33, 26.71, -27.73
-0.23, -0.64, -0.61, -29.99, 21.35, -28.54
-0.20, -0.62, -0.73, -18.83, 15.31, -26.38
-0.17, -0.60, -0.70, -16.57, 15.11, -24.77
-0.17, -0.63, -0.65, -14.30, 18.28, -25.49
-0.20, -0.64, -0.67, -13.08, 25.56, -25.72
-0.24, -0.61, -0.64, -16.78, 40.42, -25.95
-0.24, -0.61, -0.61, -16.50, 50.00, -26.05
-0.22, -0.62, -0.64, -14.24, 47.60, -27.68
-0.17, -0.64, -0.64, -15.48, 32.22, -24.93
-0.09, -0.66, -0.65, -11.55, 9.78, -21.00
-0.04, -0.64, -0.68, -7.44, -17.38, -20.17
-0.06, -0.63, -0.68, -8.51, -24.19, -21.87
-0.13, -0.63, -0.65, -10.37, -19.60, -26.17
-0.22, -0.63, -0.67, -10.93, -2.72, -29.38
-0.23, -0.63, -0.69, -11.04, 12.06, -29.60
-0.16, -0.64, -0.66, -12.42, 12.99, -29.39
-0.11, -0.66, -0.67, -12.67, 2.91, -28.11
-0.07, -0.66, -0.69, -10.78, -4.36, -25.97
-0.03, -0.66, -0.69, -10.00, -12.40, -24.61
-0.01, -0.65, -0.67, -8.71, -14.01, -22.82
-0.00, -0.64, -0.66, -8.39, -17.32, -21.17
-0.06, -0.63, -0.69, -5.72, -9.83, -19.03
-0.10, -0.61, -0.69, -2.05, -2.09, -17.42
-0.09, -0.61, -0.67, -1.53, -1.46, -20.18
-0.10, -0.62, -0.68, 1.03, 1.53, -19.02
-0.08, -0.61, -0.69, 0.64, 7.19, -16.93
-0.06, -0.60, -0.66, -2.40, 16.77, -14.98
-0.06, -0.61, -0.64, -3.25, 19.06, -12.57
-0.04, -0.60, -0.63, -5.14, 14.69, -7.49
-0.02, -0.61, -0.63, -6.96, -0.75, -4.07
0.01, -0.63, -0.65, -7.03, -12.35, -0.54
-0.00, -0.64, -0.66, -7.22, -19.06, 0.15
-0.07, -0.64, -0.65, -8.50, -12.32, -1.09
-0.14, -0.64, -0.65, -11.26, -0.80, -3.13
-0.18, -0.65, -0.64, -13.15, 3.86, -5.32
-0.13, -0.66, -0.64, -16.01, 4.34, -4.73
-0.09, -0.66, -0.65, -15.91, 0.88, -4.40
-0.06, -0.66, -0.66, -17.49, -2.50, -4.01
-0.07, -0.66, -0.66, -18.34, -2.25, -4.98
-0.08, -0.66, -0.66, -17.39, -1.97, -5.14
-0.08, -0.67, -0.67, -18.21, -5.76, -5.35
-0.07, -0.68, -0.70, -16.55, -12.51, -7.41
-0.05, -0.68, -0.73, -13.53, -10.21, -5.13
-0.05, -0.67, -0.72, -15.40, -11.37, -7.47
-0.08, -0.67, -0.69, -17.17, -4.66, -8.68
-0.11, -0.69, -0.70, -20.04, 1.60, -8.68
-0.12, -0.71, -0.70, -19.59, -5.92, -12.23
-0.10, -0.70, -0.73, -17.76, -21.86, -14.14
-0.07, -0.68, -0.74, -18.40, -49.76, -14.88
-0.03, -0.68, -0.75, -15.06, -62.74, -13.63
0.03, -0.68, -0.75, -12.55, -64.00, -12.57
-0.04, -0.69, -0.71, -16.68, -64.00, -17.89
-0.14, -0.69, -0.64, -18.62, -57.86, -21.19
-0.23, -0.66, -0.64, -18.15, -36.75, -28.45
-0.24, -0.65, -0.66, -19.27, -14.98, -28.43
-0.16, -0.65, -0.63, -17.63, -10.71, -29.50
-0.09, -0.66, -0.61, -16.09, -5.05, -27.96
-0.05, -0.67, -0.61, -14.39, -1.10, -24.46
-0.04, -0.69, -0.56, -15.87, 13.19, -21.30
-0.04, -0.71, -0.53, -17.43, 28.66, -19.89
-0.08, -0.72, -0.53, -17.32, 48.82, -17.82
-0.05, -0.71, -0.58, -15.27, 49.54, -9.42
0.04, -0.67, -0.61, -13.53, 32.13, -3.33
0.12, -0.64, -0.60, -13.41, 10.38, 2.50
0.14, -0.62, -0.55, -14.99, -7.53, 6.60
0.07, -0.61, -0.54, -16.15, -6.45, 9.36
-0.06, -0.60, -0.54, -16.82, 9.93, 13.62
-0.08, -0.60, -0.57, -17.22, 24.18, 19.71
-0.01, -0.59, -0.59, -21.58, 28.74, 27.03
0.09, -0.59, -0.59, -25.03, 23.64, 33.01
0.13, -0.61, -0.64, -26.14, 9.89, 38.30
0.07, -0.64, -0.70, -24.40, -6.83, 40.54
-0.04, -0.70, -0.75, -14.38, -18.96, 35.30
-0.18, -0.80, -0.69, -10.21, -36.34, 13.19
-0.35, -0.92, -0.70, -5.47, -35.47, -11.13
-0.49, -0.95, -0.71, -6.95, -20.08, -31.89
-0.52, -0.86, -0.72, -1.74, 10.59, -45.98
-0.46, -0.72, -0.72, 5.48, 39.12, -54.96
-0.28, -0.62, -0.68, 4.10, 64.00, -45.75
0.04, -0.56, -0.60, -0.88, 64.00, -21.73
0.33, -0.49, -0.57, -7.87, 51.00, -0.37
0.40, -0.43, -0.59, -9.77, 37.63, 16.83
0.42, -0.40, -0.57, -14.65, 7.68, 26.24
0.29, -0.47, -0.59, -19.14, -6.92, 29.54
0.09, -0.51, -0.62, -24.21, -6.50, 33.32
-0.05, -0.58, -0.65, -26.94, -0.09, 37.05
-0.13, -0.70, -0.63, -25.58, -9.07, 33.72
-0.18, -0.83, -0.66, -14.71, -19.81, 19.88
-0.30, -0.92, -0.70, -11.18, -35.45, -5.69
-0.45, -0.96, -0.72, -11.52, -21.14, -23.02
-0.43, -0.88, -0.72, -2.70, 1.33, -33.69
-0.34, -0.76, -0.71, 3.15, 14.09, -45.28
-0.22, -0.72, -0.72, 7.58, 24.84, -45.36
-0.04, -0.70, -0.68, 3.40, 34.51, -33.46
0.19, -0.62, -0.60, -2.11, 46.41, -5.66
0.42, -0.49, -0.54, -10.97, 31.43, 21.86
0.45, -0.40, -0.54, -18.55, 19.81, 36.70
0.35, -0.40, -0.53, -20.89, -7.13, 36.74
0.16, -0.45, -0.58, -25.30, -18.50, 41.30
-0.00, -0.56, -0.63, -31.21, -20.61, 42.02
-0.07, -0.65, -0.62, -32.02, -16.34, 40.83
-0.10, -0.77, -0.64, -23.55, -13.53, 31.50
-0.21, -0.90, -0.67, -18.38, -25.52, 6.97
-0.41, -1.04, -0.69, -15.02, -27.86, -12.46
-0.47, -1.06, -0.74, -7.98, -3.22, -24.18
-0.35, -0.92, -0.74, 1.06, 7.22, -39.43
-0.26, -0.78, -0.72, 8.89, 12.95, -51.11
-0.17, -0.73, -0.72, 10.80, 23.12, -48.66
-0.02, -0.68, -0.64, 2.17, 44.60, -32.55
0.21, -0.60, -0.51, -11.77, 52.42, -7.08
0.41, -0.46, -0.47, -21.96, 38.94, 21.39
0.44, -0.35, -0.50, -32.00, 10.56, 36.30
0.26, -0.34, -0.53, -30.14, -24.45, 30.49
0.06, -0.40, -0.59, -27.76, -32.95, 36.89
-0.06, -0.50, -0.63, -27.93, -21.87, 37.78
-0.10, -0.59, -0.62, -26.78, -4.76, 39.16
-0.11, -0.69, -0.62, -21.52, 0.35, 36.72
-0.17, -0.83, -0.64, -16.87, -6.25, 25.21
-0.29, -0.99, -0.69, -12.82, -11.18, 10.41
-0.36, -1.03, -0.75, -5.15, -15.57, -9.35
-0.35, -0.95, -0.73, -2.10, -3.91, -20.81
-0.23, -0.82, -0.71, 8.33, -3.15, -29.46
-0.19, -0.73, -0.70, 8.49, -9.11, -40.75
-0.21, -0.74, -0.69, 10.00, -4.08, -45.71
-0.14, -0.73, -0.68, 7.39, 14.75, -38.28
0.07, -0.67, -0.60, 2.01, 33.65, -20.92
0.28, -0.56, -0.51, -10.83, 28.14, -4.38
0.39, -0.46, -0.50, -21.62, 16.14, 23.21
0.41, -0.41, -0.52, -30.40, -2.44, 34.98
0.26, -0.44, -0.54, -27.95, -17.74, 35.19
0.06, -0.52, -0.59, -32.61, -12.69, 40.97
-0.02, -0.63, -0.64, -32.91, -6.04, 43.71
-0.06, -0.72, -0.65, -27.30, -7.93, 39.52
-0.17, -0.84, -0.65, -22.99, -25.43, 24.66
-0.33, -0.94, -0.67, -17.01, -30.46, 7.00
-0.46, -1.03, -0.72, -6.78, -24.88, -15.93
-0.48, -0.99, -0.72, -6.82, 0.51, -27.38
-0.35, -0.83, -0.69, 2.27, 10.85, -39.35
-0.26, -0.71, -0.70, 5.32, 8.79, -49.82
-0.19, -0.70, -0.69, 4.46, 19.22, -43.75
-0.00, -0.69, -0.64, 0.49, 34.38, -26.59
0.24, -0.59, -0.55, -10.27, 40.08, -7.51
0.37, -0.46, -0.49, -20.38, 31.01, 16.42
0.42, -0.38, -0.49, -29.96, 12.11, 34.43
0.32, -0.39, -0.53, -30.53, -14.91, 36.78
0.11, -0.46, -0.56, -32.22, -18.18, 42.91
-0.03, -0.57, -0.60, -31.39, -13.16, 45.44
-0.09, -0.67, -0.63, -30.17, -7.90, 43.76
-0.14, -0.77, -0.64, -21.41, -11.94, 34.20
-0.28, -0.91, -0.64, -16.86, -23.38, 14.69
-0.44, -1.04, -0.70, -7.73, -18.96, -5.69
-0.50, -1.04, -0.74, -3.69, 0.33, -17.55
-0.40, -0.90, -0.69, 1.74, 12.57, -29.35
-0.25, -0.75, -0.67, 6.52, 12.87, -37.32
-0.16, -0.68, -0.68, 7.03, 5.58, -40.59
-0.05, -0.66, -0.67, 3.26, 21.56, -28.18
0.12, -0.61, -0.58, -8.04, 32.23, -17.69
0.24, -0.55, -0.51, -19.88, 37.86, 4.06
0.38, -0.47, -0.51, -32.01, 26.93, 27.10
0.42, -0.47, -0.53, -37.19, 1.63, 40.01
0.28, -0.52, -0.56, -36.19, -12.62, 49.46
0.11, -0.59, -0.62, -35.42, -10.89, 52.93
-0.04, -0.68, -0.63, -31.84, -13.90, 44.76
-0.23, -0.79, -0.63, -26.46, -21.41, 29.41
-0.42, -0.90, -0.68, -16.54, -21.14, 14.74
-0.51, -0.95, -0.74, -4.38, -18.73, -10.89
-0.57, -0.90, -0.71, -2.00, 5.40, -24.99
-0.45, -0.80, -0.64, 2.10, 24.58, -32.61
-0.25, -0.70, -0.64, 5.49, 25.59, -41.01
-0.15, -0.66, -0.65, 3.98, 18.85, -42.70
-0.05, -0.67, -0.66, 1.41, 24.27, -34.08
0.11, -0.65, -0.61, -6.43, 30.90, -17.18
0.27, -0.59, -0.54, -17.12, 31.43, 1.17
0.38, -0.51, -0.51, -24.79, 21.30, 26.38
0.41, -0.47, -0.55, -29.48, 3.90, 39.18
0.25, -0.50, -0.57, -29.78, -8.52, 46.79
0.08, -0.56, -0.60, -29.98, -6.06, 52.48
-0.04, -0.63, -0.62, -29.87, 1.41, 51.27
-0.14, -0.71, -0.61, -26.56, -5.03, 36.01
-0.32, -0.83, -0.61, -25.13, -17.21, 20.26
-0.46, -0.92, -0.70, -12.04, -17.24, 1.32
-0.53, -0.96, -0.72, -5.88, -7.97, -19.78
-0.50, -0.92, -0.67, -4.58, 10.67, -29.87
-0.34, -0.82, -0.64, -0.46, 14.02, -37.40
-0.19, -0.72, -0.66, 3.06, 12.50, -43.04
-0.08, -0.68, -0.67, 3.72, 18.72, -35.20
0.08, -0.64, -0.64, -0.41, 30.88, -22.50
0.18, -0.59, -0.57, -9.01, 33.73, -10.67
0.28, -0.53, -0.52, -21.64, 33.15, 10.20
0.37, -0.50, -0.51, -30.59, 17.81, 30.69
0.36, -0.51, -0.55, -32.23, -0.31, 40.84
0.23, -0.54, -0.58, -32.56, -10.21, 47.49
0.06, -0.61, -0.60, -33.88, -9.79, 48.87
-0.07, -0.69, -0.63, -30.17, -14.21, 37.14
-0.27, -0.79, -0.64, -27.56, -20.38, 20.22
-0.44, -0.91, -0.69, -19.41, -17.64, 3.42
-0.53, -0.94, -0.74, -9.34, -13.83, -19.03
-0.51, -0.91, -0.71, -6.96, 8.62, -32.88
-0.35, -0.82, -0.67, -1.11, 11.53, -42.36
-0.21, -0.73, -0.69, 3.86, 8.51, -47.04
-0.10, -0.68, -0.69, 5.63, 8.77, -44.73
0.04, -0.64, -0.65, 1.86, 23.55, -28.87
0.22, -0.57, -0.58, -6.87, 28.84, -11.73
0.32, -0.49, -0.49, -19.62, 29.07, 9.99
0.40, -0.44, -0.49, -29.59, 19.69, 34.80
0.39, -0.45, -0.52, -33.91, -0.53, 45.04
0.24, -0.50, -0.54, -35.59, -13.78, 52.59
0.06, -0.57, -0.58, -36.12, -16.43, 56.65
-0.05, -0.66, -0.61, -32.28, -19.71, 47.82
-0.23, -0.80, -0.63, -28.67, -32.69, 30.56
-0.46, -0.92, -0.67, -21.02, -37.18, 11.40
-0.59, -0.97, -0.74, -5.91, -32.13, -13.62
-0.64, -0.92, -0.74, -2.28, -6.58, -35.47
-0.50, -0.82, -0.69, 2.71, 16.77, -44.65
-0.28, -0.73, -0.69, 4.95, 20.88, -52.30
-0.11, -0.68, -0.71, 3.74, 31.29, -46.07
0.08, -0.65, -0.64, -4.09, 42.26, -28.90
0.27, -0.61, -0.55, -16.97, 35.11, -13.21
0.39, -0.56, -0.52, -27.83, 23.84, 10.86
0.52, -0.52, -0.53, -36.99, 11.20, 37.89
0.53, -0.51, -0.56, -39.05, -11.02, 51.13
0.29, -0.51, -0.57, -39.72, -17.87, 59.37
0.04, -0.55, -0.56, -43.06, -20.90, 60.37
-0.13, -0.66, -0.57, -38.89, -35.81, 52.47
-0.33, -0.79, -0.69, -21.08, -51.42, 32.02
-0.56, -0.83, -0.77, -7.84, -53.25, 2.80
-0.80, -0.83, -0.74, -0.73, -33.56, -29.35
-0.77, -0.80, -0.70, 3.86, 12.61, -38.30
-0.46, -0.74, -0.67, 6.41, 31.07, -44.93
-0.24, -0.70, -0.67, 6.45, 29.22, -51.25
-0.14, -0.69, -0.69, 2.23, 31.11, -48.37
0.00, -0.69, -0.64, -7.75, 36.80, -31.17
0.26, -0.66, -0.57, -16.24, 27.59, -11.24
0.50, -0.59, -0.57, -21.50, 13.78, 11.16
0.52, -0.52, -0.57, -29.93, 1.95, 31.75
0.35, -0.51, -0.54, -34.66, -7.83, 39.48
0.13, -0.55, -0.56, -38.83, -3.57, 44.00
-0.05, -0.61, -0.59, -43.09, 5.71, 45.79
-0.13, -0.65, -0.59, -44.11, 8.38, 41.03
-0.19, -0.69, -0.60, -38.24, -14.77, 31.86
-0.26, -0.76, -0.68, -24.25, -36.41, 18.25
-0.37, -0.82, -0.78, -6.07, -46.51, -4.79
-0.56, -0.84, -0.78, 0.16, -30.62, -27.52
-0.58, -0.82, -0.70, 4.93, 2.87, -36.81
-0.41, -0.75, -0.68, 11.10, 11.66, -48.28
-0.27, -0.72, -0.69, 9.32, 14.92, -53.97
-0.18, -0.73, -0.65, 4.25, 14.03, -50.55
-0.01, -0.70, -0.60, -3.47, 22.20, -33.21
0.26, -0.62, -0.56, -9.47, 24.45, -6.87
0.47, -0.50, -0.54, -14.95, 12.26, 11.18
0.45, -0.44, -0.53, -26.95, 1.41, 31.49
0.29, -0.47, -0.53, -31.47, -5.32, 40.95
0.10, -0.52, -0.58, -36.02, -3.86, 46.01
-0.07, -0.58, -0.59, -40.47, -3.08, 47.71
-0.15, -0.65, -0.60, -37.51, -13.01, 40.32
-0.24, -0.74, -0.64, -29.00, -42.97, 24.72
-0.38, -0.84, -0.75, -11.17, -62.63, 4.47
-0.57, -0.91, -0.83, 2.41, -55.38, -26.13
-0.71, -0.91, -0.76, 4.77, -8.59, -41.50
-0.59, -0.86, -0.69, 7.19, 21.80, -56.04
-0.37, -0.80, -0.71, 10.07, 32.17, -64.00
-0.21, -0.79, -0.74, 9.55, 30.75, -63.16
0.01, -0.76, -0.68, 2.74, 42.07, -44.08
0.27, -0.65, -0.61, -0.28, 25.25, -28.51
0.38, -0.51, -0.60, -6.12, 11.13, -14.05
0.35, -0.42, -0.55, -15.92, 10.47, 6.99
0.33, -0.40, -0.50, -29.07, 16.09, 25.79
0.28, -0.44, -0.50, -36.22, 11.12, 33.66
0.10, -0.50, -0.53, -39.77, 9.80, 38.42
-0.03, -0.59, -0.56, -42.45, 14.65, 46.17
-0.07, -0.64, -0.57, -40.38, 11.09, 46.89
-0.13, -0.73, -0.58, -36.46, -15.39, 34.11
-0.29, -0.84, -0.64, -23.28, -48.29, 13.36
-0.44, -0.92, -0.80, -3.58, -50.85, -12.94
-0.61, -0.91, -0.80, 0.22, -25.27, -34.29
-0.59, -0.84, -0.69, 4.90, 12.68, -47.13
-0.39, -0.76, -0.69, 10.04, 26.77, -57.32
-0.21, -0.74, -0.73, 10.97, 35.70, -57.59
-0.04, -0.76, -0.67, 4.45, 33.61, -50.77
0.17, -0.73, -0.58, 0.16, 20.62, -32.43
0.36, -0.63, -0.60, -0.67, 10.05, -15.04
0.41, -0.49, -0.57, -8.06, -5.79, 0.49
0.34, -0.43, -0.49, -19.50, -1.67, 21.08
0.29, -0.44, -0.47, -26.06, 0.54, 33.80
0.20, -0.46, -0.50, -28.13, 1.74, 39.87
0.04, -0.52, -0.53, -34.07, -0.01, 45.25
-0.04, -0.61, -0.54, -33.87, 6.95, 52.91
-0.03, -0.70, -0.58, -29.18, -4.37, 48.35
-0.16, -0.80, -0.57, -26.56, -48.12, 29.00
-0.35, -0.94, -0.69, -10.08, -64.00, 4.86
-0.53, -0.97, -0.84, 3.55, -52.89, -24.62
-0.70, -0.91, -0.76, 4.63, -13.69, -43.70
-0.56, -0.82, -0.71, 14.36, 24.54, -51.63
-0.32, -0.77, -0.73, 16.53, 21.96, -64.00
-0.22, -0.78, -0.71, 13.54, 25.93, -64.00
-0.02, -0.77, -0.65, 7.36, 32.46, -46.07
0.28, -0.66, -0.56, 3.81, 28.84, -20.43
0.51, -0.51, -0.56, -1.05, 14.05, 0.46
0.52, -0.41, -0.50, -20.36, 11.46, 28.44
0.44, -0.42, -0.43, -33.16, 9.24, 40.82
0.32, -0.48, -0.44, -42.31, 4.63, 47.83
0.13, -0.57, -0.49, -51.84, 3.33, 55.03
0.01, -0.66, -0.53, -52.09, 8.80, 64.00
-0.05, -0.72, -0.55, -46.98, -17.82, 54.06
-0.20, -0.85, -0.62, -30.39, -61.13, 30.56
-0.45, -0.94, -0.78, -12.30, -64.00, -0.79
-0.79, -0.93, -0.80, 0.05, -60.37, -38.61
-0.83, -0.87, -0.75, 8.90, -0.04, -46.88
-0.51, -0.79, -0.69, 14.18, 31.55, -62.07
-0.34, -0.77, -0.68, 12.55, 23.89, -64.00
-0.22, -0.81, -0.66, 5.25, 30.15, -64.00
0.10, -0.78, -0.61, -0.19, 38.92, -41.15
0.47, -0.64, -0.58, -0.48, 26.34, -17.86
0.54, -0.48, -0.53, -10.80, 4.71, 0.63
0.46, -0.41, -0.47, -24.32, 9.65, 27.05
0.46, -0.43, -0.44, -36.34, 5.45, 42.22
0.29, -0.51, -0.47, -44.14, 4.54, 48.47
0.07, -0.57, -0.51, -50.58, 15.16, 54.65
-0.05, -0.63, -0.52, -55.39, 13.72, 61.01
-0.10, -0.69, -0.53, -49.43, -26.43, 53.92
-0.16, -0.81, -0.63, -26.63, -64.00, 33.93
-0.36, -0.93, -0.80, -7.98, -64.00, -5.59
-0.78, -0.96, -0.81, 1.10, -64.00, -36.80
-0.84, -0.90, -0.71, 6.97, -0.29, -43.45
-0.53, -0.79, -0.68, 13.65, 27.70, -61.01
-0.38, -0.76, -0.70, 13.27, 22.03, -64.00
-0.29, -0.80, -0.70, 5.87, 29.56, -64.00
0.04, -0.79, -0.63, 1.32, 46.85, -46.74
0.48, -0.67, -0.60, -0.36, 30.99, -23.90
0.57, -0.52, -0.56, -13.81, 6.45, -7.46
0.47, -0.45, -0.51, -23.94, 6.38, 14.21
0.48, -0.45, -0.48, -37.46, 13.48, 42.92
0.35, -0.52, -0.46, -46.75, 8.03, 46.03
0.07, -0.58, -0.49, -52.98, 15.71, 48.72
-0.05, -0.61, -0.52, -61.25, 15.12, 54.82
-0.09, -0.65, -0.53, -56.41, -14.04, 51.64
-0.15, -0.72, -0.60, -39.31, -45.54, 34.33
-0.32, -0.84, -0.76, -22.05, -59.69, 5.98
-0.63, -0.91, -0.81, -11.35, -54.97, -25.79
-0.77, -0.91, -0.77, -3.85, -4.31, -35.62
-0.56, -0.82, -0.72, 4.94, 30.16, -45.81
-0.32, -0.74, -0.70, 12.95, 31.66, -61.65
-0.25, -0.73, -0.72, 13.98, 27.70, -64.00
-0.17, -0.77, -0.64, -0.11, 26.32, -62.74
0.15, -0.76, -0.54, -5.18, 34.31, -23.91
0.64, -0.60, -0.60, -2.16, 21.41, 2.95
0.69, -0.45, -0.53, -18.28, -5.12, 22.16
0.49, -0.42, -0.44, -28.52, -3.64, 44.09
0.33, -0.47, -0.48, -37.48, -6.92, 51.56
0.07, -0.56, -0.53, -46.88, -1.14, 51.65
-0.07, -0.61, -0.51, -54.38, 7.04, 58.86
-0.08, -0.62, -0.50, -53.83, -14.09, 57.20
-0.07, -0.69, -0.62, -32.04, -48.28, 46.35
-0.23, -0.78, -0.74, -15.97, -64.00, 14.25
-0.58, -0.93, -0.74, -9.39, -64.00, -20.09
-0.79, -0.97, -0.76, -1.28, -21.69, -31.84
-0.62, -0.85, -0.70, 1.46, 27.82, -37.36
-0.31, -0.75, -0.65, 3.29, 35.85, -46.55
-0.12, -0.73, -0.69, 5.27, 17.79, -47.14
0.01, -0.74, -0.73, 5.46, 8.86, -37.27
0.17, -0.72, -0.69, 0.25, 11.64, -21.29
0.31, -0.65, -0.57, -14.88, 8.92, -4.15
0.39, -0.57, -0.47, -30.64, 6.02, 15.54
0.44, -0.52, -0.46, -43.06, 0.25, 34.86
0.32, -0.52, -0.50, -52.21, -9.23, 45.06
0.11, -0.55, -0.55, -53.62, -5.01, 52.53
-0.03, -0.57, -0.59, -51.08, 6.83, 55.64
-0.10, -0.62, -0.64, -41.78, -1.12, 43.00
-0.31, -0.70, -0.65, -35.85, -28.13, 25.43
-0.50, -0.77, -0.73, -18.17, -31.49, 9.26
-0.63, -0.76, -0.84, 3.60, -34.81, -16.83
-0.69, -0.75, -0.80, 12.28, 4.30, -31.50
-0.52, -0.75, -0.65, 11.66, 41.07, -34.30
-0.22, -0.73, -0.57, 4.34, 49.75, -34.14
-0.03, -0.70, -0.58, -0.18, 49.23, -24.24
0.20, -0.66, -0.58, -6.53, 45.79, -2.14
0.36, -0.65, -0.54, -17.30, 24.96, 12.95
0.41, -0.66, -0.51, -32.89, 7.76, 28.10
0.40, -0.68, -0.52, -43.28, -8.39, 41.86
0.28, -0.66, -0.57, -46.65, -16.26, 50.27
0.11, -0.62, -0.64, -37.66, -20.60, 44.31
-0.25, -0.64, -0.70, -29.01, -41.81, 17.56
-0.67, -0.71, -0.81, -15.59, -43.34, -11.04
-0.88, -0.70, -0.86, 7.96, -17.70, -35.99
-0.81, -0.67, -0.74, 13.05, 23.40, -51.56
-0.51, -0.68, -0.60, 13.73, 39.68, -58.82
-0.20, -0.69, -0.57, 10.65, 43.17, -51.86
0.10, -0.69, -0.60, 5.93, 47.26, -33.76
0.29, -0.66, -0.55, -8.07, 40.39, -11.58
0.46, -0.65, -0.49, -22.17, 29.20, 11.55
0.59, -0.64, -0.48, -36.60, 14.71, 38.71
0.60, -0.64, -0.51, -47.84, -3.63, 54.04
0.40, -0.62, -0.56, -54.51, -17.84, 64.00
0.13, -0.59, -0.61, -49.59, -25.52, 64.00
-0.20, -0.62, -0.71, -34.02, -59.48, 40.37
-0.62, -0.69, -0.79, -18.12, -64.00, 8.07
-0.88, -0.73, -0.80, -1.08, -38.50, -24.33
-0.88, -0.75, -0.71, 1.16, 10.35, -42.82
-0.57, -0.75, -0.62, 0.23, 43.81, -44.25
-0.19, -0.72, -0.59, -2.86, 45.42, -37.67
0.09, -0.69, -0.59, -9.63, 26.78, -27.96
0.24, -0.67, -0.58, -18.71, 8.23, -10.19
0.35, -0.63, -0.56, -28.25, -3.15, 7.44
0.41, -0.59, -0.55, -36.09, -6.09, 23.21
0.36, -0.56, -0.58, -40.12, -8.11, 32.31
0.19, -0.53, -0.61, -45.49, -6.85, 41.03
0.01, -0.53, -0.64, -42.23, -14.54, 44.65
-0.16, -0.59, -0.70, -28.94, -32.79, 30.48
-0.38, -0.73, -0.76, -16.92, -32.69, 11.68
-0.58, -0.81, -0.77, -8.33, -27.67, -15.45
-0.67, -0.81, -0.76, 2.46, 0.72, -29.73
-0.52, -0.79, -0.70, 7.53, 20.00, -37.64
-0.30, -0.75, -0.68, 9.73, 19.25, -43.89
-0.18, -0.74, -0.68, 10.32, 16.13, -45.23
-0.09, -0.72, -0.67, 3.78, 16.50, -41.68
0.01, -0.69, -0.60, -6.38, 15.88, -30.07
0.15, -0.63, -0.54, -13.50, 8.69, -16.03
0.29, -0.53, -0.54, -20.23, 15.89, 10.00
0.40, -0.46, -0.52, -29.41, 9.32, 28.45
0.34, -0.45, -0.52, -32.46, -1.74, 37.06
0.15, -0.49, -0.59, -32.56, 0.21, 46.27
-0.03, -0.54, -0.62, -36.38, 8.49, 48.47
-0.12, -0.61, -0.61, -36.64, 3.41, 45.37
-0.19, -0.71, -0.63, -28.81, -22.28, 33.53
-0.31, -0.80, -0.74, -18.01, -43.10, 13.01
-0.53, -0.85, -0.83, -2.54, -50.05, -13.36
-0.72, -0.83, -0.79, 6.05, -18.15, -34.87
-0.64, -0.78, -0.73, 10.15, 18.78, -48.68
-0.42, -0.75, -0.70, 10.55, 29.46, -60.09
-0.24, -0.76, -0.71, 8.88, 34.26, -59.72
-0.04, -0.76, -0.67, -0.77, 41.44, -42.89
0.22, -0.70, -0.59, -7.55, 24.86, -27.04
0.37, -0.60, -0.59, -8.93, 11.95, -9.34
0.39, -0.48, -0.57, -15.40, 3.38, 5.37
0.34, -0.45, -0.50, -26.15, 2.57, 23.10
0.24, -0.50, -0.50, -32.40, 0.56, 31.17
0.09, -0.57, -0.54, -34.52, 5.44, 37.01
-0.05, -0.60, -0.58, -37.64, 14.62, 40.93
-0.09, -0.65, -0.59, -37.30, 10.63, 39.64
-0.14, -0.72, -0.61, -31.45, -10.72, 30.51
-0.26, -0.79, -0.69, -19.05, -44.33, 10.92
-0.46, -0.85, -0.79, -3.20, -49.42, -14.58
-0.61, -0.86, -0.79, 3.81, -23.14, -36.72
-0.59, -0.81, -0.72, 7.40, 5.78, -51.43
-0.45, -0.75, -0.70, 8.71, 23.04, -62.63
-0.27, -0.74, -0.71, 8.47, 30.97, -62.10
-0.02, -0.74, -0.65, 1.22, 41.72, -47.00
0.25, -0.70, -0.58, -4.22, 26.30, -31.33
0.38, -0.59, -0.59, -4.84, 4.42, -16.50
0.39, -0.50, -0.58, -11.17, -1.06, 3.63
0.37, -0.47, -0.51, -23.72, 1.68, 25.76
0.32, -0.50, -0.50, -30.53, 2.81, 34.08
0.19, -0.54, -0.53, -32.80, 4.40, 40.79
0.04, -0.58, -0.54, -39.92, 4.05, 45.89
-0.05, -0.66, -0.56, -40.88, 11.03, 51.17
-0.08, -0.72, -0.60, -36.34, -12.99, 38.55
-0.26, -0.81, -0.64, -27.84, -60.72, 16.89
-0.44, -0.88, -0.84, -3.31, -64.00, -13.21
-0.67, -0.88, -0.85, 2.05, -41.63, -40.97
-0.72, -0.82, -0.73, 5.93, 5.62, -53.19
-0.48, -0.75, -0.71, 13.51, 24.86, -64.00
-0.32, -0.75, -0.73, 12.54, 24.00, -64.00
-0.11, -0.79, -0.68, 9.12, 23.21, -64.00
0.21, -0.75, -0.65, 8.71, 23.14, -40.67
0.44, -0.62, -0.63, 8.82, -1.53, -30.77
0.36, -0.52, -0.56, -3.54, -13.48, -17.04
0.32, -0.48, -0.49, -13.36, 5.50, 13.70
0.41, -0.48, -0.46, -27.65, 15.42, 34.15
0.33, -0.51, -0.45, -39.50, 11.17, 40.54
0.15, -0.55, -0.49, -43.69, 16.69, 48.86
0.02, -0.59, -0.53, -50.85, 18.90, 55.41
-0.01, -0.67, -0.55, -47.68, 10.20, 58.21
-0.05, -0.75, -0.61, -37.58, -16.22, 45.13
-0.24, -0.84, -0.69, -26.84, -39.82, 20.72
-0.51, -0.88, -0.75, -16.15, -41.00, -4.69
-0.67, -0.87, -0.78, -3.78, -21.82, -32.24
-0.58, -0.83, -0.75, -0.42, 13.86, -39.42
-0.31, -0.78, -0.68, 1.78, 26.23, -46.82
-0.15, -0.75, -0.68, 8.10, 25.10, -55.93
-0.09, -0.73, -0.73, 5.00, 18.41, -56.31
0.01, -0.71, -0.65, -3.07, 31.83, -35.63
0.29, -0.65, -0.54, -10.18, 24.39, -17.38
0.50, -0.53, -0.54, -15.80, 16.21, 6.48
0.52, -0.41, -0.53, -25.99, -1.50, 25.52
0.38, -0.41, -0.50, -32.93, -5.19, 38.95
0.15, -0.49, -0.54, -33.88, 3.03, 43.43
-0.02, -0.57, -0.58, -41.93, 16.15, 48.12
-0.07, -0.64, -0.57, -45.39, 21.27, 50.37
-0.06, -0.69, -0.56, -42.28, -8.49, 46.21
-0.10, -0.80, -0.64, -26.54, -46.67, 33.95
-0.26, -0.90, -0.81, -8.43, -64.00, 4.80
-0.62, -0.92, -0.84, 0.71, -58.71, -26.67
-0.76, -0.87, -0.77, 8.00, -10.42, -40.39
-0.58, -0.79, -0.72, 15.42, 21.00, -54.23
-0.38, -0.76, -0.72, 16.74, 22.54, -64.00
-0.29, -0.79, -0.70, 9.57, 24.36, -64.00
-0.05, -0.80, -0.65, 4.13, 33.96, -57.76
0.34, -0.70, -0.62, 3.12, 29.80, -30.35
0.53, -0.53, -0.60, -0.91, -3.50, -20.57
0.44, -0.42, -0.56, -5.67, -10.93, 5.75
0.40, -0.40, -0.51, -15.20, 3.23, 32.16
0.37, -0.44, -0.44, -19.99, 5.36, 40.05
0.21, -0.52, -0.43, -30.75, 10.25, 48.74
0.08, -0.62, -0.47, -42.75, 13.18, 57.46
0.02, -0.67, -0.49, -49.49, 9.65, 64.00
0.03, -0.71, -0.55, -42.26, -6.07, 62.58
-0.11, -0.79, -0.62, -36.33, -33.47, 42.27
-0.39, -0.86, -0.70, -28.75, -51.97, 15.09
-0.60, -0.88, -0.79, -13.97, -52.13, -10.57
-0.68, -0.87, -0.85, 4.90, -30.41, -35.82
-0.60, -0.86, -0.78, 6.75, 8.56, -45.14
-0.37, -0.84, -0.70, 6.77, 25.24, -55.01
-0.20, -0.80, -0.73, 10.72, 24.79, -64.00
-0.06, -0.74, -0.75, 8.72, 39.67, -54.62
0.16, -0.70, -0.64, -0.17, 48.59, -34.51
0.40, -0.61, -0.54, -9.57, 39.85, -14.38
0.52, -0.51, -0.49, -21.87, 28.89, 10.71
0.56, -0.43, -0.47, -33.45, 22.27, 34.52
0.47, -0.45, -0.47, -41.43, 5.52, 47.42
0.21, -0.53, -0.49, -48.24, 3.18, 52.47
0.03, -0.61, -0.53, -52.77, 5.44, 56.35
-0.09, -0.68, -0.56, -50.66, -15.66, 49.71
-0.20, -0.75, -0.64, -38.45, -46.56, 32.86
-0.39, -0.82, -0.75, -18.66, -63.46, 6.32
-0.65, -0.86, -0.82, -2.84, -55.40, -27.18
-0.76, -0.87, -0.78, 4.22, -8.08, -40.20
-0.57, -0.84, -0.70, 9.04, 25.68, -52.55
-0.34, -0.76, -0.70, 16.30, 22.91, -64.00
-0.22, -0.74, -0.73, 12.63, 26.70, -64.00
0.05, -0.74, -0.66, 5.73, 43.55, -44.02
0.40, -0.66, -0.56, -1.19, 30.70, -21.97
0.56, -0.53, -0.55, -11.18, 9.37, -7.28
0.54, -0.45, -0.51, -25.25, 7.66, 22.23
0.52, -0.46, -0.47, -37.05, 9.85, 44.44
0.39, -0.53, -0.47, -43.10, 4.44, 53.19
0.16, -0.60, -0.51, -51.20, 9.63, 57.50
0.03, -0.66, -0.54, -55.45, 11.39, 62.57
-0.04, -0.70, -0.59, -48.68, -4.72, 54.75
-0.20, -0.76, -0.66, -39.59, -32.18, 35.63
-0.43, -0.80, -0.72, -25.64, -42.18, 9.47
-0.62, -0.84, -0.79, -5.10, -41.49, -20.11
-0.71, -0.86, -0.80, 2.19, -14.02, -39.32
-0.56, -0.85, -0.71, 5.56, 21.42, -46.04
-0.30, -0.77, -0.67, 10.31, 26.94, -57.16
-0.13, -0.71, -0.70, 12.95, 24.20, -60.92
0.02, -0.70, -0.66, 6.94, 39.14, -42.40
0.26, -0.68, -0.56, -4.89, 34.50, -24.19
0.45, -0.61, -0.51, -15.34, 29.87, 1.96
0.60, -0.51, -0.48, -27.19, 19.29, 27.21
0.60, -0.48, -0.46, -39.32, 0.18, 45.43
0.42, -0.52, -0.50, -44.88, -7.66, 55.33
0.18, -0.57, -0.55, -49.48, 0.70, 61.79
0.00, -0.60, -0.56, -52.50, 5.03, 63.42
-0.10, -0.67, -0.58, -46.15, -20.28, 53.29
-0.25, -0.73, -0.68, -34.11, -40.66, 34.29
-0.46, -0.77, -0.78, -18.70, -52.94, 6.20
-0.69, -0.78, -0.82, -5.03, -42.60, -21.87
-0.71, -0.78, -0.80, 2.64, -0.28, -34.39
-0.48, -0.77, -0.73, 2.48, 24.16, -40.47
-0.21, -0.74, -0.69, 1.17, 30.53, -43.28
-0.01, -0.72, -0.70, -2.32, 21.76, -44.02
0.08, -0.71, -0.72, -6.34, 17.17, -34.60
0.19, -0.68, -0.71, -9.33, 20.04, -22.56
0.30, -0.63, -0.64, -16.90, 27.29, -6.84
0.38, -0.59, -0.55, -28.94, 30.71, 10.53
0.41, -0.57, -0.51, -37.92, 27.06, 29.63
0.36, -0.58, -0.54, -45.10, 18.57, 40.61
0.20, -0.62, -0.58, -50.44, 17.65, 45.40
0.07, -0.63, -0.60, -52.47, 18.51, 48.10
-0.02, -0.63, -0.63, -44.30, 5.83, 41.79
-0.18, -0.65, -0.70, -32.79, -20.46, 21.35
-0.44, -0.70, -0.76, -17.00, -39.97, -1.43
-0.61, -0.74, -0.82, 0.58, -29.83, -24.48
-0.63, -0.75, -0.78, 7.22, 1.19, -35.33
-0.48, -0.72, -0.64, 9.46, 28.46, -42.14
-0.23, -0.68, -0.59, 11.30, 28.00, -46.90
-0.04, -0.65, -0.62, 7.81, 28.44, -38.06
0.17, -0.65, -0.59, 2.11, 27.56, -21.07
0.35, -0.62, -0.54, -6.88, 23.18, 0.14
0.47, -0.59, -0.48, -23.39, 17.09, 19.95
0.51, -0.59, -0.48, -32.05, 4.14, 34.89
0.44, -0.60, -0.53, -41.69, -5.96, 46.03
0.28, -0.63, -0.58, -48.18, -10.03, 55.76
0.12, -0.66, -0.62, -49.39, 1.77, 60.81
0.01, -0.68, -0.68, -41.23, -2.48, 50.17
-0.22, -0.72, -0.72, -34.27, -17.52, 30.93
-0.44, -0.74, -0.82, -16.36, -22.50, 11.94
-0.57, -0.71, -0.89, 1.28, -29.58, -16.23
-0.64, -0.72, -0.86, 11.07, -9.51, -36.74
-0.51, -0.72, -0.77, 13.30, 15.71, -43.05
-0.27, -0.69, -0.70, 12.18, 28.13, -48.91
-0.06, -0.67, -0.68, 9.84, 26.69, -47.17
0.10, -0.67, -0.66, 1.98, 20.41, -34.76
0.27, -0.66, -0.65, -3.77, 25.67, -14.63
0.42, -0.60, -0.58, -12.47, 25.51, 4.96
0.46, -0.55, -0.52, -25.74, 19.45, 20.95
0.43, -0.55, -0.52, -34.35, 11.72, 35.71
0.31, -0.59, -0.56, -40.72, 3.87, 44.48
0.13, -0.62, -0.58, -46.85, 0.81, 50.78
0.04, -0.63, -0.61, -44.81, -1.13, 51.16
-0.04, -0.64, -0.68, -33.07, -12.40, 39.04
-0.26, -0.67, -0.73, -26.19, -31.28, 13.81
-0.57, -0.73, -0.76, -11.33, -33.56, -9.77
-0.67, -0.75, -0.81, 1.44, -10.34, -26.74
-0.52, -0.74, -0.76, 6.09, 12.03, -37.12
-0.29, -0.69, -0.68, 7.86, 18.74, -42.35
-0.10, -0.69, -0.67, 8.30, 15.91, -43.21
0.04, -0.68, -0.66, 4.82, 15.15, -35.88
0.20, -0.68, -0.64, -1.07, 21.54, -22.02
0.33, -0.63, -0.58, -11.65, 24.25, -6.63
0.41, -0.60, -0.52, -23.18, 16.76, 10.70
0.43, -0.60, -0.52, -35.70, 9.28, 28.17
0.38, -0.62, -0.57, -42.10, -1.17, 38.03
0.19, -0.63, -0.60, -45.93, -5.50, 42.92
0.06, -0.61, -0.62, -46.41, -4.41, 43.73
-0.07, -0.60, -0.69, -35.26, -14.59, 33.12
-0.26, -0.62, -0.78, -21.65, -38.47, 7.37
-0.58, -0.69, -0.84, -7.11, -45.99, -20.46
-0.73, -0.74, -0.84, 3.89, -14.22, -37.96
-0.56, -0.74, -0.78, 10.48, 14.57, -45.02
-0.27, -0.72, -0.72, 13.94, 21.56, -52.71
-0.08, -0.71, -0.71, 14.74, 21.19, -50.28
0.09, -0.72, -0.68, 10.22, 19.84, -41.01
0.23, -0.70, -0.65, 1.88, 24.01, -25.89
0.34, -0.64, -0.59, -6.40, 19.19, -13.92
0.36, -0.59, -0.55, -15.07, 11.56, -3.02
0.36, -0.57, -0.53, -26.63, 12.97, 14.89
0.36, -0.59, -0.52, -37.28, 7.91, 26.30
0.26, -0.63, -0.54, -43.22, 8.44, 34.13
0.13, -0.64, -0.58, -44.36, 15.72, 36.83
0.04, -0.63, -0.62, -43.20, 21.70, 37.78
-0.02, -0.65, -0.65, -40.15, 13.49, 30.88
-0.14, -0.70, -0.66, -35.35, -12.51, 17.53
-0.27, -0.75, -0.71, -24.38, -46.99, -5.14
-0.41, -0.78, -0.82, -5.29, -56.20, -30.36
-0.51, -0.77, -0.83, 3.57, -30.06, -49.39
-0.47, -0.77, -0.75, 5.59, -1.83, -63.02
-0.32, -0.77, -0.72, 8.17, 19.45, -64.00
-0.09, -0.75, -0.71, 8.15, 24.86, -64.00
0.13, -0.72, -0.67, 5.80, 29.29, -48.76
0.33, -0.64, -0.64, 4.21, 19.46, -35.84
0.38, -0.56, -0.61, -2.23, 6.40, -22.29
0.39, -0.52, -0.55, -10.46, 3.77, -0.95
0.50, -0.50, -0.50, -22.77, 5.74, 25.89
0.49, -0.49, -0.50, -34.20, -1.59, 39.88
0.32, -0.50, -0.52, -39.58, -2.06, 48.90
0.18, -0.51, -0.56, -43.77, 2.57, 56.39
0.04, -0.56, -0.58, -45.95, -7.55, 52.74
-0.08, -0.68, -0.63, -38.03, -36.18, 41.05
-0.24, -0.75, -0.75, -18.93, -62.91, 17.49
-0.43, -0.81, -0.86, -3.76, -64.00, -13.70
-0.64, -0.85, -0.85, 3.78, -44.88, -35.73
-0.61, -0.85, -0.76, 10.40, 9.25, -47.54
-0.37, -0.79, -0.72, 14.64, 27.11, -61.80
-0.18, -0.75, -0.76, 17.41, 29.00, -64.00
0.01, -0.74, -0.73, 12.69, 41.96, -50.15
0.34, -0.69, -0.63, 9.77, 31.00, -32.96
0.51, -0.61, -0.60, 3.28, 7.67, -16.91
0.54, -0.52, -0.56, -6.90, 2.24, 2.75
0.55, -0.48, -0.47, -23.49, 5.93, 27.31
0.50, -0.50, -0.44, -35.98, 3.92, 40.91
0.33, -0.54, -0.47, -44.49, 4.68, 46.72
0.15, -0.58, -0.53, -51.78, 9.56, 54.54
0.04, -0.63, -0.57, -53.52, 3.24, 57.45
-0.04, -0.68, -0.60, -46.40, -24.03, 46.31
-0.17, -0.76, -0.71, -28.92, -49.67, 28.64
-0.39, -0.80, -0.85, -10.61, -62.79, -3.85
-0.66, -0.79, -0.88, 4.21, -45.59, -30.73
-0.67, -0.80, -0.81, 12.73, -0.75, -42.42
-0.43, -0.77, -0.74, 16.93, 23.21, -53.62
-0.22, -0.74, -0.73, 19.72, 18.95, -64.00
-0.09, -0.75, -0.74, 14.61, 21.08, -64.00
0.17, -0.74, -0.64, 5.30, 34.15, -35.98
0.52, -0.65, -0.57, -0.29, 18.29, -15.73
0.61, -0.54, -0.54, -11.63, -1.89, -0.11
0.56, -0.48, -0.50, -25.61, 4.55, 27.15
0.53, -0.50, -0.46, -39.72, 7.53, 43.75
0.38, -0.56, -0.48, -49.20, 7.16, 53.32
0.19, -0.60, -0.54, -55.30, 11.73, 60.64
0.07, -0.61, -0.54, -55.64, 14.58, 64.00
0.03, -0.66, -0.58, -49.46, -2.66, 59.44
-0.12, -0.75, -0.66, -40.96, -29.14, 42.61
-0.36, -0.78, -0.78, -23.43, -44.00, 20.43
-0.56, -0.77, -0.85, -3.96, -50.77, -15.35
-0.70, -0.77, -0.88, 11.58, -24.29, -37.42
-0.60, -0.76, -0.79, 15.62, 14.59, -46.38
-0.33, -0.73, -0.70, 17.78, 31.36, -56.64
-0.13, -0.72, -0.71, 16.51, 35.24, -57.70
0.11, -0.70, -0.70, 8.82, 48.66, -39.80
0.40, -0.67, -0.59, -4.33, 49.48, -12.50
0.62, -0.60, -0.49, -16.58, 28.97, 9.84
0.69, -0.55, -0.48, -29.03, 17.85, 35.31
0.62, -0.55, -0.48, -41.35, 2.12, 49.29
0.39, -0.59, -0.51, -49.17, 0.91, 57.42
0.13, -0.61, -0.53, -55.01, 10.28, 63.54
0.02, -0.63, -0.58, -53.38, 8.71, 61.88
-0.11, -0.66, -0.65, -43.06, -15.24, 43.35
-0.36, -0.67, -0.78, -27.05, -38.23, 17.38
-0.63, -0.65, -0.87, -3.33, -44.21, -11.51
-0.76, -0.68, -0.87, 11.39, -17.61, -35.60
-0.63, -0.75, -0.76, 12.78, 22.71, -41.50
-0.31, -0.74, -0.66, 13.54, 37.36, -44.95
0.01, -0.69, -0.65, 12.00, 34.95, -43.02
0.21, -0.69, -0.64, 5.33, 27.18, -31.43
0.34, -0.70, -0.61, -5.16, 24.86, -12.35
0.45, -0.68, -0.56, -16.02, 23.22, 12.11
0.55, -0.64, -0.53, -27.54, 14.62, 30.19
0.52, -0.64, -0.51, -36.94, 2.37, 41.61
0.36, -0.68, -0.51, -46.70, -1.95, 47.93
0.18, -0.69, -0.56, -52.70, -0.33, 52.52
0.01, -0.67, -0.65, -46.95, -5.88, 44.21
-0.24, -0.66, -0.74, -34.01, -28.29, 19.23
-0.49, -0.68, -0.78, -19.36, -39.78, -7.93
-0.62, -0.71, -0.83, 0.13, -28.05, -28.05
-0.56, -0.76, -0.77, 1.97, -3.58, -39.33
-0.34, -0.78, -0.66, 2.98, 10.17, -43.48
-0.12, -0.74, -0.63, 4.13, 6.10, -49.79
0.05, -0.71, -0.65, 1.37, 5.17, -45.79
0.16, -0.70, -0.65, -3.64, 7.71, -34.87
0.27, -0.67, -0.63, -8.45, 10.84, -20.37
0.35, -0.61, -0.56, -18.82, 15.99, 3.32
0.46, -0.55, -0.51, -28.70, 13.98, 21.86
0.46, -0.51, -0.53, -35.77, 3.81, 35.36
0.32, -0.51, -0.56, -42.45, 0.55, 45.11
0.16, -0.52, -0.58, -46.51, 3.76, 53.31
0.07, -0.54, -0.61, -44.12, 7.22, 55.92
-0.01, -0.60, -0.66, -40.13, -8.15, 45.38
-0.22, -0.67, -0.71, -34.44, -21.65, 30.87
-0.40, -0.71, -0.80, -19.75, -31.34, 11.56
-0.50, -0.74, -0.86, -3.21, -40.56, -14.31
-0.61, -0.81, -0.87, 6.17, -17.65, -32.59
-0.51, -0.85, -0.78, 9.31, 9.50, -41.62
-0.25, -0.79, -0.71, 11.28, 19.88, -50.83
-0.08, -0.74, -0.72, 10.31, 20.52, -50.88
0.10, -0.72, -0.69, 4.65, 22.31, -38.22
0.29, -0.69, -0.62, -3.19, 19.38, -19.48
0.44, -0.60, -0.57, -11.38, 15.92, -2.89
0.46, -0.53, -0.52, -20.20, 10.45, 15.10
0.41, -0.49, -0.50, -32.10, 9.01, 30.03
0.30, -0.53, -0.52, -39.26, 3.68, 37.31
0.13, -0.56, -0.55, -42.98, 5.39, 44.55
0.05, -0.57, -0.58, -45.22, 3.68, 49.75
0.02, -0.62, -0.62, -38.69, -9.69, 44.69
-0.09, -0.68, -0.70, -28.39, -32.26, 27.45
-0.34, -0.77, -0.78, -15.24, -45.38, 0.76
-0.59, -0.85, -0.85, -0.66, -38.87, -25.92
-0.64, -0.87, -0.84, 5.92, -1.82, -36.44
-0.39, -0.83, -0.77, 11.30, 18.86, -46.70
-0.19, -0.75, -0.74, 14.03, 19.71, -55.88
-0.01, -0.70, -0.71, 9.33, 27.33, -47.59
0.19, -0.67, -0.64, 0.36, 35.35, -28.15
0.42, -0.59, -0.56, -7.74, 26.65, -6.38
0.51, -0.50, -0.53, -18.04, 14.13, 9.96
0.50, -0.45, -0.52, -27.75, 6.84, 28.12
0.38, -0.47, -0.52, -34.01, -1.27, 37.80
0.18, -0.51, -0.54, -39.60, 2.58, 44.30
0.05, -0.53, -0.57, -43.58, 9.02, 51.65
0.01, -0.57, -0.59, -40.74, 3.17, 52.21
-0.06, -0.62, -0.64, -31.66, -21.72, 40.13
-0.22, -0.69, -0.71, -23.01, -38.11, 24.44
-0.44, -0.78, -0.78, -8.27, -41.75, 2.09
-0.60, -0.82, -0.84, 3.06, -29.61, -22.06
-0.58, -0.81, -0.80, 8.89, 4.66, -32.77
-0.36, -0.77, -0.74, 12.58, 20.90, -42.48
-0.11, -0.73, -0.73, 10.64, 24.65, -44.10
0.06, -0.73, -0.70, 4.95, 26.67, -36.90
0.22, -0.71, -0.65, -3.12, 25.50, -22.91
0.36, -0.64, -0.61, -10.38, 19.38, -4.21
0.46, -0.57, -0.58, -18.21, 14.05, 13.29
0.48, -0.53, -0.54, -28.50, 4.24, 28.16
0.37, -0.56, -0.54, -34.50, 0.08, 35.89
0.20, -0.60, -0.57, -40.70, 4.53, 43.36
0.06, -0.63, -0.60, -40.72, 7.53, 46.32
-0.02, -0.67, -0.63, -37.62, -2.55, 40.68
-0.16, -0.71, -0.67, -30.45, -27.62, 23.26
-0.35, -0.74, -0.75, -15.17, -41.12, 3.03
-0.51, -0.75, -0.84, 1.93, -35.75, -21.79
-0.61, -0.76, -0.82, 9.15, -5.16, -35.64
-0.53, -0.75, -0.72, 12.64, 20.43, -45.65
-0.27, -0.70, -0.69, 18.01, 27.89, -50.40
-0.05, -0.68, -0.68, 15.47, 29.07, -49.07
0.10, -0.67, -0.63, 9.27, 25.46, -37.60
0.29, -0.65, -0.57, 1.14, 20.41, -18.40
0.43, -0.60, -0.55, -4.24, 10.77, -1.14
0.48, -0.55, -0.52, -18.13, 11.86, 19.72
0.47, -0.56, -0.48, -26.31, 10.21, 34.41
0.36, -0.58, -0.48, -37.76, 9.31, 44.44
0.22, -0.63, -0.50, -46.05, 7.91, 53.28
0.12, -0.67, -0.54, -49.23, -3.69, 58.22
0.04, -0.68, -0.63, -39.61, -26.19, 50.59
-0.17, -0.70, -0.72, -29.84, -49.61, 28.53
-0.49, -0.78, -0.79, -16.03, -52.80, -4.37
-0.74, -0.77, -0.83, -2.76, -35.15, -29.21
-0.70, -0.79, -0.80, 3.36, 4.89, -39.17
-0.40, -0.78, -0.74, 8.51, 19.90, -44.67
-0.13, -0.74, -0.71, 10.64, 22.13, -47.84
0.05, -0.73, -0.70, 6.85, 21.45, -43.32
0.19, -0.70, -0.64, -3.09, 24.57, -22.26
0.37, -0.65, -0.58, -8.65, 14.84, -5.68
0.43, -0.58, -0.56, -17.75, 3.53, 7.81
0.37, -0.55, -0.53, -27.41, -1.87, 20.62
0.23, -0.55, -0.53, -34.09, -5.89, 25.77
0.08, -0.57, -0.57, -36.21, -1.92, 28.97
-0.09, -0.57, -0.60, -36.21, 3.79, 29.34
-0.12, -0.58, -0.63, -32.38, 8.08, 27.44
-0.14, -0.62, -0.66, -25.73, 1.02, 19.72
-0.19, -0.68, -0.68, -21.62, -11.19, 11.16
-0.23, -0.73, -0.71, -13.71, -12.18, 3.65
-0.24, -0.76, -0.73, -8.39, -2.86, -4.09
-0.20, -0.76, -0.72, -9.50, 9.60, -8.31
-0.11, -0.75, -0.67, -9.94, 18.89, -7.14
0.03, -0.72, -0.65, -11.72, 18.20, -4.29
0.11, -0.70, -0.65, -16.19, 11.43, 0.29
0.12, -0.70, -0.65, -18.77, 1.87, 2.43
0.10, -0.70, -0.66, -19.57, -9.07, 1.75
0.04, -0.69, -0.67, -19.22, -16.21, -0.94
-0.03, -0.69, -0.69, -16.27, -19.12, -3.07
-0.09, -0.67, -0.69, -14.78, -14.02, -5.43
-0.13, -0.66, -0.67, -12.82, -4.31, -8.33
-0.13, -0.66, -0.65, -11.16, 0.98, -10.17
-0.10, -0.66, -0.64, -10.31, 3.67, -11.76
-0.05, -0.66, -0.64, -9.09, 2.14, -11.52
-0.01, -0.65, -0.63, -9.40, -2.21, -10.30
0.00, -0.64, -0.63, -10.00, -4.81, -6.09
-0.00, -0.63, -0.62, -10.49, -6.13, -5.62
-0.00, -0.61, -0.61, -13.80, -4.35, -1.91
0.01, -0.61, -0.61, -17.36, 2.56, 1.75
0.01, -0.60, -0.59, -18.33, -1.00, 1.73
-0.01, -0.59, -0.59, -26.31, -7.78, 4.84
0.01, -0.59, -0.60, -23.99, -15.20, 9.40
0.01, -0.59, -0.61, -25.75, -23.49, 8.91
-0.01, -0.63, -0.63, -26.26, -30.23, 9.47
-0.05, -0.67, -0.64, -26.86, -34.43, 8.04
-0.09, -0.68, -0.66, -27.70, -36.43, 6.83
-0.11, -0.67, -0.66, -27.99, -37.06, 5.14
-0.12, -0.66, -0.65, -25.66, -36.92, 3.11
-0.14, -0.69, -0.63, -23.90, -34.47, 0.11
-0.14, -0.72, -0.60, -26.93, -33.48, 0.04
-0.15, -0.72, -0.57, -31.27, -35.14, -3.98
-0.14, -0.68, -0.57, -32.21, -38.02, -4.47
-0.10, -0.65, -0.61, -30.39, -35.65, 0.80
-0.05, -0.63, -0.61, -32.56, -32.91, 4.81
-0.05, -0.63, -0.59, -34.81, -29.49, 6.18
-0.09, -0.61, -0.60, -35.01, -29.60, 8.14
-0.12, -0.61, -0.60, -36.48, -33.93, 10.68
-0.12, -0.64, -0.61, -36.02, -36.93, 14.38
-0.06, -0.67, -0.64, -32.99, -46.61, 17.06
-0.02, -0.68, -0.65, -30.63, -57.05, 15.73
-0.05, -0.67, -0.66, -24.18, -58.38, 15.76
-0.13, -0.65, -0.70, -17.57, -52.38, 15.48
-0.22, -0.64, -0.74, -11.28, -42.50, 11.76
-0.28, -0.64, -0.76, -5.67, -34.49, 8.03
-0.26, -0.66, -0.75, -2.99, -32.93, 5.08
-0.21, -0.70, -0.70, -3.98, -34.15, 1.82
-0.17, -0.73, -0.68, -3.20, -38.10, -1.25
-0.17, -0.71, -0.70, -1.85, -35.37, -2.23
-0.19, -0.67, -0.68, -2.31, -29.32, -2.65
-0.25, -0.65, -0.66, -2.48, -22.12, -7.53
-0.27, -0.66, -0.66, -6.27, -13.22, -1.97
-0.21, -0.67, -0.62, -8.85, -17.73, -4.68
-0.20, -0.68, -0.61, -13.90, -29.25, -5.64
-0.18, -0.67, -0.64, -12.79, -41.82, -2.07
-0.16, -0.65, -0.68, -10.29, -49.95, -0.27
-0.18, -0.63, -0.67, -10.19, -47.34, 2.03
-0.21, -0.62, -0.63, -11.53, -40.31, 0.51
-0.24, -0.62, -0.62, -16.45, -30.11, 2.46
-0.25, -0.66, -0.65, -17.92, -20.63, 6.74
-0.24, -0.62, -0.65, -18.41, -14.67, 8.34
-0.23, -0.62, -0.66, -17.42, -9.67, 13.38
-0.21, -0.61, -0.67, -17.62, -8.78, 16.63
-0.22, -0.61, -0.67, -16.89, -13.22, 15.34
-0.24, -0.60, -0.69, -13.63, -19.39, 15.54
-0.26, -0.63, -0.72, -8.19, -19.09, 15.02
-0.31, -0.69, -0.69, -7.61, -10.57, 11.07
-0.37, -0.75, -0.64, -10.86, 0.43, 5.71
-0.43, -0.77, -0.65, -7.37, 5.51, -3.10
-0.44, -0.74, -0.67, -3.34, 4.23, -10.69
-0.41, -0.75, -0.66, 0.56, 6.51, -17.09
-0.39, -0.79, -0.66, 2.59, 15.12, -22.02
-0.42, -0.79, -0.64, 4.27, 24.77, -31.65
-0.43, -0.77, -0.57, 1.10, 31.58, -37.12
-0.39, -0.74, -0.53, 0.44, 33.15, -40.64
-0.30, -0.71, -0.55, 2.64, 29.47, -38.59
-0.21, -0.65, -0.53, 2.22, 28.62, -33.67
-0.14, -0.60, -0.47, -1.80, 22.04, -27.61
-0.12, -0.58, -0.43, -4.05, 12.11, -22.38
-0.10, -0.56, -0.45, -5.87, 15.14, -10.43
-0.05, -0.53, -0.46, -5.79, 22.21, 2.37
-0.08, -0.50, -0.43, -15.69, 26.67, 17.14
-0.11, -0.51, -0.44, -23.48, 36.08, 32.57
-0.09, -0.51, -0.48, -24.44, 35.66, 37.50
-0.07, -0.50, -0.48, -27.56, 31.03, 43.18
-0.08, -0.54, -0.53, -31.58, 20.18, 49.60
-0.17, -0.61, -0.56, -32.62, -6.14, 48.04
-0.28, -0.69, -0.68, -23.29, -33.70, 38.47
-0.40, -0.78, -0.73, -6.00, -53.25, 18.80
-0.60, -0.89, -0.73, 1.42, -48.46, -11.03
-0.79, -0.94, -0.67, -0.74, -13.44, -29.86
-0.75, -0.88, -0.64, -0.75, 23.85, -41.06
-0.56, -0.76, -0.65, -0.39, 37.19, -47.14
-0.36, -0.71, -0.65, -0.66, 34.50, -43.58
-0.15, -0.68, -0.62, -3.58, 19.24, -33.78
0.07, -0.62, -0.63, -4.87, 22.29, -1.80
0.27, -0.50, -0.61, -7.64, 17.02, 21.48
0.26, -0.44, -0.49, -17.90, 13.76, 31.98
0.13, -0.47, -0.45, -25.66, 14.26, 35.77
-0.02, -0.53, -0.47, -31.58, 10.53, 43.80
-0.15, -0.53, -0.49, -36.37, -5.83, 49.50
-0.23, -0.57, -0.58, -29.53, -26.88, 44.23
-0.37, -0.61, -0.66, -16.07, -39.32, 28.31
-0.58, -0.69, -0.62, -14.22, -44.11, 8.96
-0.72, -0.78, -0.59, -10.91, -27.59, -3.08
-0.66, -0.81, -0.62, -8.86, -1.28, -9.40
-0.52, -0.79, -0.60, -8.68, 13.50, -15.10
-0.37, -0.73, -0.56, -9.32, 14.96, -16.27
-0.24, -0.71, -0.57, -9.35, 4.67, -12.61
-0.15, -0.71, -0.61, -8.27, -12.38, -9.18
-0.13, -0.71, -0.63, -8.59, -21.11, -5.13
-0.16, -0.67, -0.63, -6.45, -19.99, -3.10
-0.18, -0.62, -0.61, -7.86, -9.45, -0.45
-0.18, -0.60, -0.60, -11.28, 6.39, 6.18
-0.14, -0.60, -0.57, -18.06, 23.50, 18.85
-0.08, -0.60, -0.57, -22.91, 33.66, 28.36
-0.06, -0.57, -0.58, -22.12, 30.15, 30.33
-0.05, -0.54, -0.60, -22.96, 17.42, 34.95
-0.06, -0.60, -0.63, -20.38, -1.49, 37.45
-0.18, -0.71, -0.65, -15.38, -18.10, 29.40
-0.40, -0.84, -0.67, -10.03, -27.32, 8.49
-0.64, -0.93, -0.68, -6.70, -20.26, -12.87
-0.73, -0.92, -0.67, -1.93, 3.26, -28.26
-0.64, -0.86, -0.63, -4.51, 14.49, -37.77
-0.48, -0.80, -0.58, -5.00, 15.00, -47.52
-0.37, -0.75, -0.58, -6.11, 16.42, -45.49
-0.19, -0.65, -0.57, -7.55, 24.68, -29.87
-0.04, -0.54, -0.51, -11.24, 12.19, -18.59
-0.02, -0.46, -0.49, -14.41, 1.71, -7.01
-0.02, -0.43, -0.49, -14.79, 5.87, 11.44
0.00, -0.43, -0.47, -24.18, 10.55, 25.54
-0.05, -0.46, -0.48, -25.26, 12.15, 29.20
-0.15, -0.48, -0.49, -28.39, 14.80, 36.62
-0.17, -0.52, -0.53, -28.80, 9.13, 45.91
-0.18, -0.61, -0.56, -23.13, -14.22, 41.57
-0.30, -0.73, -0.62, -11.41, -41.07, 22.90
-0.53, -0.89, -0.71, -2.21, -41.90, 0.28
-0.74, -0.98, -0.71, -3.54, -20.35, -23.44
-0.75, -0.94, -0.66, -0.23, 6.11, -32.60
-0.58, -0.83, -0.65, -0.84, 15.58, -42.59
-0.43, -0.78, -0.65, -2.15, 17.17, -47.36
-0.30, -0.74, -0.64, -3.52, 19.32, -40.49
-0.12, -0.68, -0.61, -6.39, 23.15, -25.38
0.04, -0.58, -0.56, -12.01, 11.26, -11.83
0.08, -0.51, -0.53, -15.44, 2.05, -0.82
0.06, -0.47, -0.51, -20.54, 7.18, 15.26
0.04, -0.48, -0.49, -26.29, 14.84, 26.63
-0.06, -0.51, -0.48, -31.27, 17.54, 33.24
-0.14, -0.53, -0.50, -32.59, 21.73, 45.20
-0.14, -0.56, -0.51, -32.46, 9.67, 50.24
-0.17, -0.61, -0.54, -25.81, -11.13, 45.49
-0.35, -0.71, -0.62, -13.35, -32.05, 24.08
-0.67, -0.83, -0.65, -10.11, -41.92, -7.33
-0.92, -0.94, -0.64, -7.50, -17.24, -24.78
-0.79, -0.89, -0.66, -3.05, 2.29, -36.21
-0.56, -0.78, -0.64, -0.93, -3.17, -50.27
-0.41, -0.75, -0.63, -2.46, 5.50, -48.26
-0.18, -0.72, -0.64, -2.53, 14.69, -35.36
0.02, -0.62, -0.61, -6.00, 15.76, -17.38
0.09, -0.53, -0.57, -8.97, 6.92, -8.06
0.09, -0.50, -0.54, -12.08, 7.92, 9.30
0.11, -0.52, -0.55, -20.37, 15.78, 27.88
0.08, -0.55, -0.51, -26.55, 19.71, 37.20
-0.03, -0.56, -0.47, -32.45, 17.96, 43.15
-0.11, -0.58, -0.49, -36.86, 9.09, 51.97
-0.16, -0.62, -0.56, -29.86, -2.78, 49.27
-0.33, -0.69, -0.64, -21.30, -24.43, 26.46
-0.66, -0.82, -0.62, -18.80, -40.74, -6.59
-0.91, -0.94, -0.65, -10.18, -29.46, -28.40
-0.83, -0.91, -0.69, -3.10, -3.95, -39.97
-0.62, -0.81, -0.65, 0.74, 2.18, -55.83
-0.47, -0.79, -0.62, -0.64, 12.64, -56.02
-0.20, -0.75, -0.61, -3.71, 24.51, -39.81
0.05, -0.63, -0.61, -5.28, 25.31, -19.24
0.15, -0.50, -0.58, -11.77, 18.05, -4.20
0.15, -0.45, -0.52, -18.16, 18.34, 14.96
0.18, -0.45, -0.48, -30.38, 23.07, 36.85
0.13, -0.47, -0.47, -38.25, 15.00, 41.59
-0.04, -0.47, -0.45, -41.79, 8.49, 49.47
-0.14, -0.51, -0.50, -41.14, -2.23, 58.88
-0.20, -0.60, -0.63, -26.95, -12.46, 50.00
-0.41, -0.72, -0.64, -24.89, -31.07, 22.53
-0.77, -0.88, -0.59, -24.82, -37.42, -3.32
-0.88, -0.93, -0.68, -10.99, -19.17, -20.13
-0.73, -0.87, -0.70, -6.18, 1.80, -30.36
-0.57, -0.81, -0.63, -1.95, -0.71, -47.58
-0.42, -0.77, -0.64, -2.37, 4.67, -47.02
-0.23, -0.72, -0.65, -4.17, 9.09, -37.35
-0.01, -0.64, -0.63, -6.70, 15.28, -21.71
0.10, -0.55, -0.56, -16.22, 8.82, -5.89
0.13, -0.49, -0.49, -26.95, 12.68, 15.95
0.16, -0.45, -0.46, -36.31, 11.89, 34.72
0.09, -0.44, -0.46, -40.49, 4.87, 39.99
-0.08, -0.47, -0.48, -40.04, -3.13, 45.68
-0.19, -0.55, -0.52, -41.58, -7.39, 51.11
-0.25, -0.68, -0.58, -35.53, -21.00, 39.16
-0.42, -0.78, -0.64, -32.92, -38.45, 15.69
-0.73, -0.86, -0.67, -25.27, -51.64, -8.07
-0.86, -0.87, -0.76, -6.18, -31.66, -27.21
-0.81, -0.82, -0.77, -1.81, -13.45, -45.34
-0.75, -0.78, -0.70, -0.95, 1.56, -64.00
-0.56, -0.74, -0.67, -0.66, 15.89, -63.11
-0.21, -0.68, -0.67, 0.21, 26.54, -41.30
0.11, -0.57, -0.66, -2.79, 24.02, -22.97
0.17, -0.47, -0.60, -5.78, 14.32, -8.30
0.11, -0.43, -0.52, -14.70, 14.62, 5.94
0.13, -0.44, -0.49, -23.40, 27.48, 31.16
0.10, -0.48, -0.47, -32.20, 16.45, 36.69
-0.07, -0.53, -0.47, -34.41, 15.78, 44.62
-0.20, -0.58, -0.51, -37.55, 10.06, 47.35
-0.28, -0.64, -0.56, -33.19, -15.54, 35.75
-0.45, -0.72, -0.65, -17.26, -35.22, 16.73
-0.70, -0.84, -0.67, -11.26, -53.42, -16.48
-0.92, -0.87, -0.68, 0.31, -25.26, -36.23
-0.86, -0.83, -0.64, 0.56, -1.86, -49.75
-0.64, -0.77, -0.59, -0.74, 8.04, -58.23
-0.37, -0.71, -0.60, -2.54, 19.40, -46.58
-0.00, -0.64, -0.61, -4.54, 28.61, -21.25
0.22, -0.53, -0.58, -6.80, 11.23, -3.86
0.21, -0.47, -0.56, -14.36, 11.52, 11.38
0.20, -0.46, -0.54, -21.58, 10.12, 29.49
0.10, -0.48, -0.55, -25.38, 4.44, 30.43
-0.12, -0.51, -0.56, -28.36, 10.13, 40.74
-0.20, -0.56, -0.54, -34.44, 11.94, 48.44
-0.24, -0.64, -0.56, -31.69, -1.00, 43.46
-0.31, -0.71, -0.65, -20.56, -19.76, 26.14
-0.56, -0.78, -0.69, -14.83, -32.72, 1.03
-0.81, -0.84, -0.69, -6.71, -29.84, -24.73
-0.81, -0.86, -0.68, -3.19, -4.47, -32.87
-0.65, -0.81, -0.64, -6.41, -0.67, -47.22
-0.49, -0.73, -0.61, -2.71, -5.70, -55.48
-0.37, -0.67, -0.63, -2.12, -8.36, -51.33
-0.13, -0.61, -0.64, -3.87, 18.90, -21.64
0.17, -0.53, -0.58, -8.14, 20.47, 1.98
0.25, -0.44, -0.51, -19.59, 11.26, 17.31
0.18, -0.42, -0.49, -23.80, 13.01, 31.18
0.08, -0.45, -0.52, -24.46, 12.04, 34.00
-0.07, -0.51, -0.50, -34.27, 16.29, 46.32
-0.17, -0.58, -0.48, -42.03, 14.00, 52.61
-0.19, -0.63, -0.51, -44.71, -0.64, 53.47
-0.24, -0.64, -0.57, -36.86, -29.22, 40.41
-0.43, -0.68, -0.67, -25.17, -45.90, 19.26
-0.73, -0.76, -0.72, -13.31, -54.68, -13.77
-0.93, -0.85, -0.74, -1.29, -27.61, -33.37
-0.86, -0.91, -0.72, 0.15, 6.60, -46.94
-0.67, -0.85, -0.64, -4.06, 19.12, -58.55
-0.44, -0.75, -0.64, -1.12, 24.05, -53.85
-0.12, -0.66, -0.66, -3.52, 27.98, -33.98
0.16, -0.59, -0.61, -8.13, 40.44, 2.63
0.34, -0.47, -0.52, -18.43, 28.51, 25.88
0.33, -0.41, -0.46, -29.18, 13.23, 36.82
0.15, -0.43, -0.48, -32.37, 1.08, 37.23
-0.07, -0.46, -0.51, -36.55, -5.83, 47.48
-0.23, -0.51, -0.53, -38.27, -8.41, 53.12
-0.33, -0.60, -0.52, -32.87, -31.02, 39.62
-0.48, -0.73, -0.57, -22.59, -42.94, 12.31
-0.71, -0.83, -0.65, -21.35, -38.17, -6.02
-0.85, -0.85, -0.64, -17.69, -20.64, -23.04
-0.74, -0.79, -0.67, -10.44, 9.70, -29.48
-0.53, -0.71, -0.70, -11.47, 11.54, -37.29
-0.38, -0.68, -0.66, -9.41, 14.21, -36.58
-0.23, -0.66, -0.66, -7.26, 12.50, -29.04
-0.06, -0.63, -0.63, -16.99, 9.69, -13.55
0.07, -0.57, -0.58, -24.40, 4.10, 1.77
0.13, -0.49, -0.57, -29.85, -3.78, 15.80
0.05, -0.46, -0.59, -34.18, -0.95, 22.08
-0.10, -0.49, -0.59, -35.40, 7.24, 29.66
-0.21, -0.53, -0.59, -32.11, 4.11, 30.25
-0.33, -0.64, -0.65, -22.21, -11.08, 17.89
-0.50, -0.76, -0.73, -13.16, -29.97, -5.53
-0.73, -0.84, -0.71, -3.05, -33.79, -26.05
-0.77, -0.84, -0.68, 4.47, -12.44, -37.27
-0.68, -0.79, -0.66, 0.92, 5.03, -51.01
-0.57, -0.71, -0.62, -1.45, 26.73, -51.45
-0.31, -0.63, -0.56, -8.62, 40.53, -33.79
0.03, -0.54, -0.51, -16.07, 34.66, -11.44
0.14, -0.42, -0.53, -22.69, 9.99, -0.44
0.09, -0.34, -0.52, -30.13, 1.91, 20.68
0.11, -0.36, -0.55, -25.77, -5.83, 27.29
-0.02, -0.41, -0.59, -26.14, -1.80, 35.48
-0.12, -0.51, -0.57, -25.75, 1.87, 43.23
-0.21, -0.69, -0.59, -20.19, -12.10, 35.24
-0.39, -0.85, -0.68, -11.24, -30.00, 8.74
-0.71, -0.94, -0.75, -3.96, -39.33, -20.04
-0.87, -0.92, -0.72, 2.91, -15.01, -35.32
-0.76, -0.84, -0.66, 2.51, 4.37, -50.61
-0.59, -0.79, -0.63, -2.44, 12.72, -58.90
-0.35, -0.73, -0.60, -7.26, 23.61, -47.22
-0.05, -0.63, -0.58, -9.74, 29.50, -22.04
0.13, -0.50, -0.59, -11.57, 8.92, -14.19
0.11, -0.40, -0.57, -17.74, 3.95, -4.44
0.12, -0.36, -0.54, -23.58, 7.82, 21.50
0.14, -0.35, -0.55, -23.96, 7.79, 30.40
0.02, -0.37, -0.55, -22.50, 12.84, 39.66
-0.13, -0.48, -0.53, -24.51, 11.10, 47.34
-0.23, -0.65, -0.54, -21.30, -9.20, 41.82
-0.38, -0.82, -0.60, -11.31, -37.93, 18.73
-0.65, -0.92, -0.70, -5.12, -45.47, -9.17
-0.88, -0.89, -0.69, -0.25, -23.81, -30.04
-0.83, -0.81, -0.62, 3.59, 4.79, -41.22
-0.63, -0.78, -0.59, 0.60, 11.45, -51.01
-0.42, -0.81, -0.58, -4.65, 15.21, -45.36
-0.14, -0.75, -0.56, -9.19, 7.76, -31.30
0.08, -0.61, -0.59, -7.71, 4.48, -8.91
0.16, -0.44, -0.62, -7.13, -3.08, 0.15
0.13, -0.37, -0.57, -18.74, 5.15, 20.12
0.11, -0.39, -0.55, -27.67, 9.55, 29.44
0.02, -0.43, -0.58, -27.96, 12.09, 36.60
-0.12, -0.50, -0.59, -33.34, 15.23, 43.51
-0.20, -0.63, -0.57, -34.04, 1.14, 42.10
-0.30, -0.79, -0.61, -24.03, -24.19, 27.42
-0.52, -0.88, -0.70, -19.59, -46.26, -1.35
-0.82, -0.90, -0.72, -14.08, -44.20, -29.77
-0.91, -0.82, -0.67, -12.24, -10.34, -41.86
-0.73, -0.76, -0.61, -17.77, 11.46, -49.68
-0.49, -0.76, -0.59, -17.72, 19.45, -50.06
-0.24, -0.76, -0.61, -17.20, 16.23, -42.98
-0.02, -0.71, -0.63, -17.69, 13.72, -26.62
0.12, -0.59, -0.60, -17.34, 1.09, -11.06
0.12, -0.46, -0.56, -20.41, -0.39, 5.29
0.14, -0.36, -0.56, -22.35, 16.89, 31.20
0.11, -0.33, -0.54, -27.30, 14.52, 34.33
-0.04, -0.39, -0.54, -25.68, 21.50, 41.86
-0.16, -0.50, -0.56, -31.40, 23.73, 47.90
-0.19, -0.62, -0.55, -35.21, 14.86, 50.63
-0.27, -0.72, -0.56, -29.50, -13.64, 36.93
-0.47, -0.81, -0.64, -19.95, -42.02, 9.95
-0.75, -0.87, -0.76, -3.75, -49.71, -18.40
-0.91, -0.85, -0.78, 7.78, -14.69, -36.41
-0.80, -0.80, -0.66, 7.39, 12.50, -48.79
-0.60, -0.81, -0.58, -0.64, 18.76, -62.20
-0.38, -0.79, -0.59, -8.30, 20.60, -55.48
-0.08, -0.70, -0.57, -15.79, 27.98, -25.28
0.26, -0.54, -0.59, -17.94, 19.05, -0.08
0.31, -0.37, -0.58, -24.71, 9.98, 15.18
0.27, -0.30, -0.54, -30.97, 13.90, 38.01
0.21, -0.32, -0.56, -29.03, 7.40, 44.86
0.02, -0.41, -0.57, -31.53, 12.79, 57.58
-0.14, -0.54, -0.55, -39.45, 6.14, 63.58
-0.23, -0.62, -0.58, -31.10, -1.60, 61.56
-0.35, -0.66, -0.67, -16.44, -28.11, 36.49
-0.66, -0.73, -0.68, -10.04, -47.65, 5.44
-0.94, -0.83, -0.75, 3.59, -38.11, -18.38
-0.98, -0.85, -0.76, 4.29, -0.83, -33.89
-0.77, -0.81, -0.64, -0.60, 22.86, -43.38
-0.48, -0.75, -0.59, -7.40, 23.02, -45.08
-0.21, -0.71, -0.62, -9.06, 10.67, -40.04
-0.02, -0.65, -0.66, -9.12, 12.47, -16.92
0.18, -0.55, -0.65, -12.80, 12.52, 3.02
0.25, -0.46, -0.58, -18.39, 14.74, 18.20
0.21, -0.43, -0.50, -30.41, 17.26, 34.09
0.07, -0.46, -0.47, -33.33, 18.24, 46.01
-0.04, -0.50, -0.50, -38.77, 11.00, 54.77
-0.14, -0.55, -0.55, -37.53, 3.30, 61.09
-0.27, -0.56, -0.63, -24.72, -18.95, 40.99
-0.58, -0.59, -0.68, -14.15, -46.55, 11.84
-0.89, -0.71, -0.69, -6.58, -41.77, -13.77
-0.94, -0.83, -0.73, 1.06, -9.21, -26.70
-0.75, -0.83, -0.68, -0.20, 8.28, -38.32
-0.48, -0.77, -0.63, -3.50, 6.04, -42.55
-0.28, -0.73, -0.66, -3.28, 3.50, -37.40
-0.06, -0.67, -0.69, -3.11, 14.99, -20.20
0.06, -0.58, -0.63, -9.36, 7.02, -9.96
0.05, -0.52, -0.54, -17.86, 10.34, 5.73
0.09, -0.49, -0.52, -24.53, 14.24, 25.23
0.06, -0.50, -0.52, -29.48, 11.14, 33.34
-0.05, -0.51, -0.52, -29.67, 13.05, 43.94
-0.15, -0.53, -0.55, -31.73, 3.68, 46.59
-0.23, -0.57, -0.61, -25.83, -9.43, 37.97
-0.38, -0.61, -0.70, -16.03, -20.03, 21.22
-0.64, -0.67, -0.72, -14.78, -24.23, -0.44
-0.82, -0.72, -0.72, -5.20, -6.65, -14.07
-0.72, -0.74, -0.74, 2.37, 12.42, -23.61
-0.51, -0.74, -0.69, 1.13, 4.27, -33.60
-0.35, -0.73, -0.67, 0.09, 0.23, -33.28
-0.25, -0.70, -0.66, 0.47, 3.13, -27.24
-0.11, -0.63, -0.65, -2.21, 15.53, -12.55
-0.01, -0.55, -0.57, -10.62, 19.91, 1.80
0.05, -0.50, -0.49, -19.38, 24.29, 18.38
0.07, -0.50, -0.48, -26.87, 20.90, 29.71
-0.02, -0.54, -0.50, -31.55, 17.20, 36.90
-0.11, -0.57, -0.52, -32.00, 8.41, 44.47
-0.16, -0.59, -0.57, -29.98, -1.48, 43.55
-0.27, -0.62, -0.68, -22.22, -14.98, 27.55
-0.56, -0.69, -0.71, -16.85, -24.64, 3.26
-0.82, -0.73, -0.73, -10.17, -21.11, -18.52
-0.81, -0.73, -0.75, 1.04, 2.50, -25.66
-0.62, -0.72, -0.71, 3.29, -1.69, -42.74
-0.49, -0.73, -0.67, 2.39, -4.74, -47.08
-0.34, -0.70, -0.67, 4.61, -2.59, -42.40
-0.14, -0.63, -0.66, 2.22, 7.86, -26.69
0.02, -0.55, -0.59, -3.42, 10.05, -10.60
0.09, -0.49, -0.55, -8.34, 11.29, 1.61
0.09, -0.48, -0.53, -18.35, 22.04, 22.59
0.05, -0.53, -0.51, -25.42, 23.53, 30.31
-0.06, -0.58, -0.51, -29.63, 22.98, 38.55
-0.15, -0.59, -0.53, -32.43, 12.16, 43.71
-0.23, -0.61, -0.57, -28.68, -9.53, 36.01
-0.41, -0.62, -0.66, -15.37, -26.11, 17.33
-0.69, -0.68, -0.72, -8.66, -29.96, -8.96
-0.87, -0.75, -0.72, -1.62, -8.44, -27.62
-0.77, -0.74, -0.68, 0.94, 13.25, -36.03
-0.55, -0.72, -0.61, -3.65, 9.54, -45.18
-0.33, -0.70, -0.59, -6.57, 3.32, -40.01
-0.12, -0.65, -0.59, -9.36, 3.21, -22.59
0.08, -0.55, -0.56, -11.88, 0.07, -4.19
0.12, -0.46, -0.50, -17.21, -3.85, 12.90
0.08, -0.44, -0.52, -24.36, 5.77, 29.00
-0.00, -0.47, -0.50, -24.25, 7.89, 33.10
-0.08, -0.53, -0.51, -29.24, 7.01, 44.65
-0.13, -0.61, -0.57, -32.64, -2.01, 45.25
-0.25, -0.64, -0.63, -23.13, -15.65, 33.51
-0.43, -0.69, -0.69, -17.85, -26.25, 13.77
-0.66, -0.80, -0.73, -12.71, -28.14, -10.04
-0.76, -0.87, -0.81, -4.55, -11.75, -30.79
-0.69, -0.86, -0.78, -1.59, 4.84, -42.37
-0.56, -0.83, -0.73, -0.89, 8.54, -53.59
-0.40, -0.79, -0.70, 1.04, 10.41, -50.96
-0.18, -0.72, -0.68, -1.23, 19.17, -33.80
0.01, -0.59, -0.59, -5.84, 12.19, -21.53
0.03, -0.44, -0.45, -16.82, 7.87, -1.96
0.06, -0.33, -0.40, -24.71, 12.31, 21.97
0.09, -0.28, -0.41, -31.71, 2.15, 31.98
-0.02, -0.31, -0.45, -30.87, -1.24, 30.88
-0.14, -0.41, -0.50, -28.07, -3.40, 45.40
-0.18, -0.57, -0.58, -26.66, -1.55, 52.14
-0.22, -0.67, -0.65, -22.40, -9.08, 43.69
-0.36, -0.74, -0.72, -16.24, -18.79, 25.41
-0.61, -0.79, -0.76, -7.78, -19.70, 3.32
-0.79, -0.86, -0.80, -0.32, -11.19, -25.44
-0.82, -0.88, -0.78, 2.88, 7.86, -38.54
-0.68, -0.83, -0.69, 0.32, 9.50, -54.69
-0.48, -0.75, -0.64, -2.97, 11.25, -51.41
-0.18, -0.65, -0.61, -8.87, 32.91, -25.35
0.10, -0.52, -0.52, -17.78, 24.79, -6.32
0.19, -0.41, -0.40, -28.68, 12.38, 13.95
0.22, -0.38, -0.43, -33.07, 0.13, 33.29
0.12, -0.41, -0.49, -33.21, -12.69, 33.95
-0.08, -0.48, -0.51, -35.09, -12.51, 44.52
-0.21, -0.58, -0.54, -35.04, -12.53, 47.36
-0.27, -0.64, -0.60, -31.58, -16.50, 40.51
-0.42, -0.68, -0.67, -23.47, -27.57, 21.13
-0.64, -0.74, -0.71, -14.40, -30.12, -2.24
-0.80, -0.80, -0.77, -3.07, -21.05, -25.48
-0.81, -0.82, -0.75, 2.60, 3.12, -38.68
-0.64, -0.80, -0.70, -0.26, 12.39, -48.11
-0.45, -0.77, -0.64, -2.79, 5.74, -49.00
-0.23, -0.71, -0.63, -5.33, 4.95, -36.07
-0.02, -0.61, -0.61, -10.68, 14.07, -11.92
0.12, -0.48, -0.50, -20.49, 9.69, 3.39
0.13, -0.40, -0.40, -31.27, 6.00, 22.65
0.10, -0.38, -0.45, -36.66, -2.18, 29.98
-0.03, -0.40, -0.52, -36.67, -5.45, 39.01
-0.19, -0.44, -0.55, -37.12, -3.67, 48.64
-0.26, -0.52, -0.58, -36.56, -19.69, 46.94
-0.35, -0.60, -0.61, -27.49, -47.79, 30.96
-0.53, -0.71, -0.71, -13.72, -59.89, 5.14
-0.81, -0.80, -0.79, -7.17, -42.94, -20.15
-0.95, -0.85, -0.75, -3.27, -0.24, -36.21
-0.76, -0.80, -0.71, -3.50, 19.85, -41.15
-0.45, -0.73, -0.68, -9.51, 18.24, -41.13
-0.26, -0.66, -0.66, -12.06, 10.23, -32.71
-0.12, -0.58, -0.61, -17.87, 0.30, -17.53
-0.01, -0.50, -0.53, -25.29, -4.82, 2.20
0.06, -0.42, -0.48, -34.31, -8.31, 19.20
0.04, -0.40, -0.45, -40.89, -10.45, 30.82
-0.08, -0.43, -0.47, -40.58, -13.96, 39.71
-0.22, -0.46, -0.51, -43.52, -18.02, 47.88
-0.31, -0.52, -0.53, -43.49, -30.32, 46.76
-0.38, -0.58, -0.59, -37.33, -49.53, 31.20
-0.53, -0.63, -0.70, -26.57, -50.43, 14.65
-0.72, -0.66, -0.76, -17.44, -40.51, -0.54
-0.77, -0.70, -0.76, -6.24, -13.68, -12.22
-0.67, -0.79, -0.78, -1.74, 4.69, -28.48
-0.53, -0.83, -0.78, -3.39, 8.42, -35.83
-0.41, -0.81, -0.75, -5.80, 4.96, -37.89
-0.32, -0.77, -0.72, -8.17, 5.23, -31.55
-0.20, -0.68, -0.65, -13.67, 8.96, -19.76
-0.07, -0.55, -0.59, -16.13, 16.78, -1.60
0.02, -0.42, -0.51, -21.41, 21.23, 11.33
0.02, -0.36, -0.45, -28.43, 20.08, 24.05
-0.07, -0.39, -0.48, -32.84, 15.00, 28.37
-0.19, -0.44, -0.52, -32.45, 9.27, 35.37
-0.28, -0.49, -0.55, -32.47, -2.84, 38.23
-0.35, -0.57, -0.58, -26.22, -31.65, 27.65
-0.51, -0.64, -0.69, -12.66, -44.85, 6.69
-0.73, -0.68, -0.77, -3.19, -35.50, -16.78
-0.93, -0.74, -0.73, 1.96, -5.74, -34.33
-0.83, -0.79, -0.67, -0.05, 22.02, -40.77
-0.57, -0.77, -0.65, -6.67, 24.71, -44.37
-0.38, -0.70, -0.65, -4.72, 18.32, -40.16
-0.21, -0.61, -0.62, -8.39, 16.20, -24.48
-0.01, -0.51, -0.56, -13.54, 15.45, -2.50
0.06, -0.41, -0.51, -21.65, 8.42, 11.50
0.04, -0.34, -0.48, -31.55, 5.83, 27.56
-0.04, -0.35, -0.52, -29.86, 4.84, 33.30
-0.19, -0.39, -0.57, -28.23, 10.08, 41.32
-0.27, -0.49, -0.60, -28.00, 4.36, 42.43
-0.34, -0.63, -0.64, -21.64, -16.59, 28.66
-0.50, -0.74, -0.76, -8.27, -26.62, 5.14
-0.77, -0.81, -0.80, -0.71, -21.22, -18.57
-0.89, -0.85, -0.72, 2.90, 13.74, -30.61
-0.75, -0.84, -0.66, -1.52, 22.67, -43.78
-0.60, -0.77, -0.64, -2.08, 21.26, -51.91
-0.44, -0.68, -0.61, -2.52, 16.70, -48.83
-0.22, -0.63, -0.55, -9.84, 16.37, -30.24
-0.00, -0.53, -0.51, -15.06, 1.99, -17.69
0.03, -0.40, -0.48, -21.07, -7.79, -3.30
0.03, -0.32, -0.47, -26.17, 2.28, 20.45
0.03, -0.32, -0.52, -29.15, 7.52, 30.32
-0.10, -0.34, -0.58, -27.46, 11.74, 34.87
-0.25, -0.42, -0.60, -29.23, 14.60, 42.22
-0.29, -0.55, -0.62, -29.94, 5.93, 41.79
-0.34, -0.68, -0.69, -24.21, -15.94, 27.10
-0.51, -0.73, -0.82, -13.85, -23.88, 2.86
-0.83, -0.72, -0.82, -5.49, -13.51, -17.14
-0.89, -0.78, -0.73, -3.20, 18.31, -27.00
-0.71, -0.81, -0.66, -12.12, 21.35, -37.96
-0.55, -0.77, -0.62, -16.30, 20.40, -41.32
-0.36, -0.66, -0.62, -16.28, 13.32, -37.24
-0.17, -0.58, -0.62, -18.35, 3.55, -23.59
-0.02, -0.53, -0.59, -22.53, -0.99, -9.96
0.05, -0.46, -0.55, -29.97, -4.92, 4.16
0.02, -0.41, -0.52, -32.01, -2.13, 16.11
-0.06, -0.41, -0.56, -32.55, 4.83, 26.58
-0.17, -0.46, -0.59, -28.98, 11.81, 34.11
-0.26, -0.52, -0.59, -28.79, 15.00, 35.53
-0.29, -0.56, -0.58, -29.81, 8.50, 34.63
-0.33, -0.60, -0.61, -23.77, -2.83, 26.11
-0.46, -0.61, -0.71, -12.33, -5.41, 11.57
-0.66, -0.64, -0.76, -5.55, -11.56, -6.97
-0.76, -0.72, -0.73, 1.91, -3.78, -20.76
-0.67, -0.79, -0.69, -0.60, -1.27, -32.56
-0.60, -0.76, -0.63, -3.95, 1.66, -42.73
-0.46, -0.67, -0.62, -2.62, 4.77, -42.99
-0.28, -0.62, -0.60, -7.46, 3.12, -36.99
-0.09, -0.58, -0.58, -12.00, 0.14, -22.77
0.05, -0.50, -0.58, -15.85, 1.86, -3.76
0.11, -0.42, -0.55, -21.80, 4.87, 13.48
0.06, -0.39, -0.55, -25.92, 5.18, 21.60
-0.08, -0.41, -0.60, -27.27, 10.57, 27.74
-0.20, -0.47, -0.63, -28.82, 12.18, 32.69
-0.26, -0.54, -0.65, -30.10, 8.83, 36.87
-0.30, -0.60, -0.66, -25.11, -10.97, 27.21
-0.46, -0.65, -0.72, -11.99, -28.42, 9.09
-0.68, -0.72, -0.80, 0.83, -27.42, -15.89
-0.86, -0.78, -0.78, -1.38, -4.69, -31.29
-0.81, -0.75, -0.69, -4.11, 16.95, -42.25
-0.59, -0.66, -0.63, -5.58, 24.27, -46.52
-0.32, -0.61, -0.63, -9.20, 19.76, -38.89
-0.10, -0.59, -0.62, -12.81, 10.78, -22.62
0.06, -0.52, -0.60, -13.51, 5.03, -5.40
0.11, -0.43, -0.57, -13.72, -6.56, 2.13
0.05, -0.39, -0.55, -20.68, 3.57, 20.84
-0.01, -0.42, -0.54, -25.53, 9.68, 26.74
-0.14, -0.46, -0.55, -26.32, 18.21, 32.19
-0.21, -0.50, -0.57, -30.86, 16.05, 39.57
-0.21, -0.58, -0.59, -32.54, 5.41, 40.69
-0.23, -0.63, -0.65, -27.53, -16.92, 30.17
-0.37, -0.64, -0.77, -18.37, -19.20, 20.03
-0.59, -0.66, -0.80, -12.85, -15.50, 1.29
-0.78, -0.72, -0.76, -6.56, -2.85, -16.24
-0.69, -0.80, -0.76, -4.70, 11.66, -25.76
-0.58, -0.79, -0.72, -6.92, 12.14, -37.83
-0.45, -0.70, -0.67, -5.32, 17.87, -39.45
-0.31, -0.63, -0.64, -8.48, 12.20, -38.43
-0.14, -0.59, -0.61, -11.11, 9.17, -25.20
0.01, -0.52, -0.59, -15.06, 2.71, -11.25
0.06, -0.43, -0.57, -17.40, -2.63, 1.16
0.02, -0.37, -0.56, -20.59, 4.44, 16.17
-0.05, -0.39, -0.56, -24.99, 9.57, 24.27
-0.14, -0.45, -0.57, -24.96, 19.38, 32.62
-0.17, -0.50, -0.59, -27.04, 12.93, 40.34
-0.18, -0.54, -0.58, -27.63, 0.33, 44.69
-0.20, -0.59, -0.59, -22.74, -25.27, 39.47
-0.36, -0.65, -0.69, -14.21, -38.35, 22.68
-0.66, -0.68, -0.77, -4.48, -36.17, -1.11
-0.91, -0.71, -0.76, 0.31, -15.83, -24.54
-0.92, -0.71, -0.74, 2.84, 8.39, -38.21
-0.77, -0.67, -0.68, -0.94, 13.09, -49.72
-0.55, -0.64, -0.66, -1.96, 17.17, -49.38
-0.24, -0.64, -0.66, -3.44, 9.23, -42.91
-0.03, -0.63, -0.67, -5.36, -4.97, -30.54
0.12, -0.56, -0.68, -6.60, -0.89, -8.30
0.21, -0.46, -0.66, -9.53, 7.58, 11.91
0.16, -0.41, -0.57, -21.06, 24.39, 29.15
0.05, -0.43, -0.54, -27.41, 35.76, 39.35
-0.09, -0.46, -0.56, -32.45, 41.91, 47.32
-0.17, -0.50, -0.57, -38.66, 36.27, 53.04
-0.22, -0.57, -0.54, -37.70, 1.33, 48.52
-0.32, -0.64, -0.62, -23.85, -34.33, 33.17
-0.56, -0.68, -0.76, -10.78, -47.81, 8.85
-0.85, -0.70, -0.76, -3.65, -47.36, -20.78
-0.99, -0.72, -0.72, 1.84, -7.16, -34.75
-0.81, -0.68, -0.69, -3.47, 19.21, -42.86
-0.53, -0.64, -0.65, -6.48, 29.63, -43.77
-0.28, -0.60, -0.65, -6.96, 30.01, -35.44
-0.06, -0.59, -0.67, -8.06, 12.22, -27.91
0.02, -0.55, -0.70, -6.81, -3.22, -14.18
0.06, -0.48, -0.70, -7.56, -2.41, 4.16
0.08, -0.43, -0.64, -12.66, 7.20, 21.16
-0.00, -0.42, -0.56, -19.47, 18.41, 28.28
-0.13, -0.44, -0.52, -22.55, 29.49, 35.73
-0.21, -0.48, -0.53, -31.42, 21.02, 41.11
-0.25, -0.54, -0.55, -35.22, -4.53, 41.55
-0.27, -0.58, -0.60, -28.48, -31.40, 36.39
-0.35, -0.60, -0.70, -12.75, -45.35, 19.05
-0.62, -0.67, -0.76, -6.41, -38.23, -7.73
-0.84, -0.77, -0.74, -5.01, -4.58, -21.14
-0.75, -0.82, -0.74, -3.98, 20.65, -28.81
-0.49, -0.77, -0.71, -5.48, 20.80, -35.08
-0.27, -0.70, -0.70, -5.15, 11.60, -33.04
-0.14, -0.64, -0.70, -4.57, 4.76, -25.53
-0.01, -0.55, -0.69, -3.19, 10.06, -8.65
0.05, -0.46, -0.62, -9.81, 11.36, 4.43
0.03, -0.41, -0.52, -19.04, 16.19, 19.04
-0.00, -0.43, -0.51, -26.74, 10.23, 26.55
-0.10, -0.46, -0.52, -31.89, 5.64, 36.42
-0.15, -0.47, -0.55, -32.75, -5.27, 42.05
-0.21, -0.51, -0.61, -27.87, -17.06, 36.26
-0.38, -0.57, -0.68, -19.79, -23.97, 18.90
-0.62, -0.67, -0.70, -19.76, -25.40, 2.69
-0.76, -0.72, -0.74, -9.69, -16.23, -10.07
-0.71, -0.72, -0.77, -1.72, 0.04, -21.23
-0.60, -0.72, -0.71, -3.09, -3.94, -36.05
-0.51, -0.71, -0.70, -1.26, -2.03, -40.76
-0.35, -0.65, -0.72, -0.21, -1.21, -39.60
-0.23, -0.59, -0.72, -2.31, 10.10, -27.41
-0.06, -0.53, -0.65, -8.27, 16.77, -10.66
0.06, -0.47, -0.56, -17.61, 14.18, 5.15
0.13, -0.43, -0.52, -24.35, 11.61, 23.77
0.11, -0.43, -0.54, -27.50, 2.73, 28.89
-0.05, -0.47, -0.56, -31.05, 2.45, 35.58
-0.17, -0.52, -0.57, -32.40, 0.17, 44.41
-0.22, -0.56, -0.60, -30.35, -7.96, 42.15
-0.30, -0.58, -0.67, -22.94, -15.24, 30.05
-0.50, -0.60, -0.74, -17.29, -14.76, 13.84
-0.72, -0.66, -0.73, -15.53, -12.67, -6.99
-0.82, -0.70, -0.76, -6.85, 1.25, -19.35
-0.68, -0.71, -0.76, -4.04, 5.06, -28.87
-0.54, -0.71, -0.70, -3.93, 0.88, -40.62
-0.44, -0.68, -0.69, -0.39, -2.24, -42.94
-0.32, -0.63, -0.70, -0.95, 1.20, -38.30
-0.18, -0.57, -0.67, -2.89, 6.87, -25.47
-0.05, -0.52, -0.62, -8.63, 7.31, -14.58
0.03, -0.47, -0.57, -12.92, 5.47, 0.76
0.03, -0.43, -0.55, -19.81, 11.80, 16.97
-0.01, -0.45, -0.55, -24.39, 15.26, 25.74
-0.12, -0.50, -0.54, -27.28, 19.69, 30.97
-0.17, -0.54, -0.56, -30.88, 14.52, 39.99
-0.16, -0.57, -0.60, -29.49, 0.91, 43.22
-0.20, -0.58, -0.66, -21.85, -8.46, 36.42
-0.40, -0.61, -0.71, -18.07, -16.85, 14.88
-0.74, -0.69, -0.70, -17.22, -20.78, -8.96
-0.88, -0.74, -0.73, -7.74, -7.46, -24.35
-0.75, -0.75, -0.74, -4.55, -2.44, -35.54
-0.60, -0.74, -0.68, -3.44, -6.60, -50.78
-0.47, -0.70, -0.68, 1.17, -7.42, -52.89
-0.26, -0.64, -0.69, 1.06, 9.43, -39.71
-0.00, -0.56, -0.67, -0.23, 17.76, -21.80
0.12, -0.46, -0.59, -7.11, 8.22, -11.12
0.10, -0.41, -0.57, -12.96, 18.11, 10.32
0.10, -0.40, -0.58, -19.77, 21.33, 26.00
-0.02, -0.43, -0.57, -25.70, 24.39, 31.41
-0.18, -0.47, -0.57, -31.48, 22.16, 38.73
-0.21, -0.51, -0.60, -33.13, 6.59, 41.82
-0.26, -0.56, -0.65, -24.06, -21.61, 33.71
-0.42, -0.62, -0.72, -12.91, -38.63, 11.03
-0.72, -0.70, -0.79, -5.33, -23.81, -12.04
-0.89, -0.76, -0.76, -4.77, 10.88, -21.17
-0.71, -0.73, -0.68, -2.00, 27.15, -24.98
-0.43, -0.68, -0.64, -2.70, 16.64, -29.93
-0.26, -0.65, -0.65, -1.51, -3.66, -30.06
-0.21, -0.62, -0.67, -1.67, -9.00, -24.33
-0.12, -0.55, -0.66, -3.58, -1.61, -12.24
-0.04, -0.49, -0.57, -14.32, -1.39, -4.34
0.01, -0.46, -0.54, -21.14, 8.63, 13.27
0.00, -0.46, -0.55, -26.94, 10.10, 23.72
-0.05, -0.49, -0.57, -28.05, 18.77, 33.35
-0.13, -0.53, -0.59, -29.39, 16.56, 38.47
-0.17, -0.58, -0.63, -28.03, 6.61, 41.16
-0.23, -0.62, -0.68, -23.53, -15.51, 30.51
-0.42, -0.64, -0.74, -13.22, -30.37, 6.50
-0.73, -0.72, -0.78, -7.03, -20.90, -18.94
-0.91, -0.79, -0.76, -6.51, 4.11, -32.81
-0.76, -0.77, -0.73, -3.15, 14.41, -40.78
-0.51, -0.71, -0.71, 0.90, 2.99, -53.14
-0.34, -0.66, -0.71, 3.93, 2.78, -47.75
-0.17, -0.57, -0.69, 5.32, 9.10, -35.02
-0.03, -0.52, -0.62, 4.00, -2.81, -33.54
-0.06, -0.49, -0.59, -1.31, -2.37, -23.76
-0.07, -0.48, -0.60, -5.76, 13.95, -3.48
0.03, -0.45, -0.55, -15.69, 33.18, 21.12
0.11, -0.46, -0.46, -28.07, 33.66, 34.69
0.07, -0.53, -0.46, -30.71, 23.94, 41.35
-0.03, -0.52, -0.52, -37.44, 10.94, 46.70
-0.17, -0.58, -0.59, -37.06, -6.11, 45.94
-0.33, -0.63, -0.67, -30.42, -21.15, 28.36
-0.58, -0.67, -0.72, -22.13, -35.78, 5.18
-0.77, -0.71, -0.76, -9.78, -24.95, -16.61
-0.79, -0.76, -0.77, -2.20, 1.71, -27.66
-0.64, -0.77, -0.71, -3.15, 10.46, -33.46
-0.39, -0.70, -0.67, -2.55, 9.20, -33.09
-0.18, -0.62, -0.68, -4.04, 4.96, -25.46
-0.03, -0.56, -0.66, -6.26, 2.79, -12.81
0.04, -0.50, -0.59, -12.42, -2.80, -0.14
0.04, -0.45, -0.53, -24.44, -3.75, 14.04
0.01, -0.44, -0.54, -27.55, 0.08, 23.29
-0.07, -0.44, -0.57, -27.45, 5.60, 30.76
-0.14, -0.50, -0.58, -30.29, 8.72, 37.92
-0.18, -0.59, -0.60, -31.17, 5.34, 39.75
-0.21, -0.65, -0.63, -28.38, -4.62, 35.42
-0.32, -0.71, -0.69, -25.34, -16.62, 20.85
-0.54, -0.78, -0.73, -22.17, -27.07, -1.02
-0.73, -0.77, -0.78, -11.18, -17.33, -21.64
-0.74, -0.73, -0.80, -2.60, 0.04, -33.42
-0.65, -0.72, -0.76, 1.37, 4.42, -48.60
-0.52, -0.70, -0.73, 6.07, 1.98, -53.70
-0.32, -0.65, -0.72, 5.73, 11.18, -42.36
-0.08, -0.56, -0.67, 3.05, 18.88, -26.54
0.03, -0.45, -0.59, 0.23, 1.49, -25.28
-0.01, -0.40, -0.56, -5.78, 13.52, -2.71
0.07, -0.41, -0.55, -17.84, 19.55, 18.66
0.13, -0.44, -0.50, -25.74, 20.32, 31.86
0.05, -0.47, -0.49, -30.21, 18.29, 40.71
-0.07, -0.49, -0.52, -37.29, 13.18, 48.08
-0.20, -0.55, -0.55, -41.93, -4.55, 47.53
-0.32, -0.61, -0.65, -36.83, -27.60, 33.08
-0.50, -0.68, -0.70, -30.68, -38.95, 11.40
-0.69, -0.76, -0.73, -29.31, -19.27, -9.53
-0.76, -0.76, -0.73, -28.02, 6.11, -18.23
-0.56, -0.69, -0.75, -24.99, 27.62, -14.59
-0.26, -0.63, -0.75, -27.87, 25.07, -14.34
-0.12, -0.61, -0.70, -29.88, 16.43, -6.80
-0.03, -0.60, -0.69, -30.08, -0.53, -0.44
-0.02, -0.60, -0.70, -32.53, -16.91, -1.05
-0.12, -0.61, -0.67, -31.18, -22.58, -2.35
-0.28, -0.63, -0.70, -24.45, -14.42, -11.41
-0.43, -0.64, -0.79, -16.23, -5.49, -20.15
-0.51, -0.65, -0.77, -13.04, 12.15, -26.37
-0.47, -0.66, -0.70, -12.14, 19.72, -30.79
-0.37, -0.62, -0.64, -12.77, 27.23, -25.01
-0.21, -0.54, -0.56, -13.79, 20.76, -16.66
-0.09, -0.46, -0.55, -15.27, 10.50, -5.11
-0.04, -0.42, -0.55, -17.31, 1.53, 2.89
-0.05, -0.43, -0.56, -21.87, -5.08, 12.99
-0.11, -0.47, -0.61, -23.59, -6.21, 16.37
-0.20, -0.51, -0.65, -22.34, -4.50, 16.63
-0.32, -0.58, -0.67, -18.56, -9.87, 7.86
-0.45, -0.69, -0.70, -15.15, -17.16, -6.77
-0.55, -0.75, -0.76, -6.73, -18.41, -19.55
-0.52, -0.71, -0.77, -2.38, -12.27, -25.88
-0.47, -0.65, -0.73, 1.14, -13.27, -36.56
-0.42, -0.62, -0.72, 4.09, -2.34, -37.19
-0.30, -0.62, -0.69, -1.16, 3.86, -35.00
-0.17, -0.59, -0.63, -8.42, 5.03, -28.12
-0.07, -0.53, -0.64, -11.64, 3.57, -20.74
-0.03, -0.46, -0.67, -15.22, 5.63, -10.27
0.01, -0.44, -0.65, -20.29, 9.32, 7.05
0.10, -0.45, -0.64, -23.04, 13.03, 24.94
0.13, -0.45, -0.67, -21.83, 14.12, 33.74
0.04, -0.46, -0.66, -24.86, 13.21, 40.66
-0.08, -0.52, -0.63, -30.02, 3.43, 42.16
-0.23, -0.65, -0.65, -26.24, -22.28, 30.17
-0.44, -0.75, -0.76, -8.98, -38.70, 5.92
-0.74, -0.79, -0.84, 2.75, -31.71, -23.14
-0.84, -0.79, -0.77, 4.48, 6.70, -36.26
-0.72, -0.75, -0.67, 1.41, 24.09, -43.38
-0.42, -0.69, -0.61, -1.65, 27.14, -44.91
-0.19, -0.65, -0.60, -5.08, 12.89, -35.31
-0.00, -0.58, -0.61, -5.04, 4.45, -20.79
0.10, -0.46, -0.61, -6.71, -8.39, -10.18
0.07, -0.37, -0.56, -14.31, -8.37, 5.05
0.06, -0.33, -0.50, -23.41, 3.88, 26.73
0.05, -0.32, -0.50, -23.43, 9.96, 37.41
-0.02, -0.34, -0.52, -28.32, 9.91, 48.11
-0.12, -0.45, -0.53, -32.84, -2.57, 54.12
-0.18, -0.59, -0.56, -32.59, -24.45, 51.76
-0.26, -0.69, -0.65, -24.97, -41.89, 37.12
-0.45, -0.76, -0.77, -21.29, -42.00, 15.71
-0.72, -0.80, -0.80, -15.77, -29.73, -3.17
-0.77, -0.83, -0.85, -4.43, -5.61, -22.04
-0.66, -0.82, -0.88, -1.44, 15.24, -34.28
-0.48, -0.78, -0.83, -0.56, 26.01, -39.54
-0.31, -0.73, -0.77, -0.88, 21.85, -40.30
-0.15, -0.66, -0.73, -2.23, 14.96, -35.23
-0.05, -0.56, -0.71, -4.90, 9.73, -21.21
0.01, -0.43, -0.64, -7.20, 7.09, -7.58
0.03, -0.36, -0.58, -10.89, 7.18, 4.91
0.01, -0.35, -0.53, -19.54, 12.56, 19.34
-0.02, -0.41, -0.52, -24.04, 16.05, 29.18
-0.07, -0.47, -0.51, -26.36, 20.10, 37.14
-0.12, -0.52, -0.53, -31.52, 13.71, 42.30
-0.16, -0.58, -0.56, -34.55, -0.57, 45.58
-0.21, -0.61, -0.63, -27.16, -20.33, 41.72
-0.36, -0.64, -0.71, -17.38, -33.03, 21.82
-0.66, -0.71, -0.76, -7.70, -35.50, -6.08
-0.84, -0.77, -0.80, 0.62, -8.25, -23.94
-0.75, -0.77, -0.77, 2.80, 17.42, -32.39
-0.52, -0.71, -0.71, 2.62, 24.95, -36.05
-0.27, -0.66, -0.69, 0.82, 11.43, -34.81
-0.11, -0.61, -0.70, 0.72, 11.12, -20.43
0.04, -0.52, -0.68, -0.80, 9.98, -2.75
0.12, -0.44, -0.61, -8.25, 10.31, 11.33
0.12, -0.43, -0.55, -18.57, 14.19, 23.84
0.06, -0.46, -0.52, -24.38, 17.07, 35.22
-0.04, -0.50, -0.53, -31.78, 9.90, 43.48
-0.12, -0.54, -0.57, -37.76, -6.52, 48.58
-0.16, -0.56, -0.65, -30.09, -13.03, 47.54
-0.31, -0.56, -0.71, -21.20, -32.63, 21.96
-0.66, -0.67, -0.74, -13.42, -21.25, 2.30
-0.82, -0.78, -0.79, -7.32, -6.05, -15.91
-0.78, -0.82, -0.80, -2.46, 20.32, -25.39
-0.57, -0.79, -0.75, -1.29, 16.47, -38.41
-0.37, -0.73, -0.73, 2.12, 16.68, -38.97
-0.18, -0.64, -0.74, 2.81, 26.13, -25.19
0.00, -0.55, -0.68, -0.16, 26.14, -11.32
0.07, -0.46, -0.59, -8.38, 23.64, 4.20
0.11, -0.43, -0.54, -16.34, 23.92, 21.23
0.11, -0.45, -0.51, -28.07, 18.22, 32.16
0.03, -0.50, -0.50, -34.13, 14.59, 42.62
-0.08, -0.52, -0.55, -35.82, 2.99, 47.18
-0.20, -0.54, -0.63, -28.43, -20.20, 36.65
-0.41, -0.61, -0.71, -18.91, -38.46, 15.93
-0.70, -0.69, -0.76, -11.79, -37.92, -13.47
-0.90, -0.73, -0.77, -4.70, -1.74, -26.12
-0.74, -0.71, -0.72, -2.97, 21.69, -30.96
-0.41, -0.64, -0.67, -4.71, 25.34, -29.30
-0.16, -0.59, -0.65, -9.52, 23.08, -17.52
0.03, -0.54, -0.65, -12.13, 18.61, -1.72
0.12, -0.50, -0.64, -15.71, 2.97, 8.36
0.06, -0.50, -0.62, -22.99, -5.84, 12.58
-0.09, -0.53, -0.63, -23.84, -11.48, 13.55
-0.23, -0.56, -0.65, -26.75, -7.25, 14.97
-0.31, -0.56, -0.68, -24.60, 1.36, 10.32
-0.35, -0.53, -0.69, -24.76, 9.34, 9.83
-0.28, -0.50, -0.67, -26.78, 7.83, 11.78
-0.24, -0.52, -0.67, -25.50, 3.98, 16.35
-0.19, -0.56, -0.70, -23.60, 1.65, 21.33
-0.22, -0.59, -0.70, -23.03, 1.45, 19.23
-0.29, -0.60, -0.68, -25.93, 3.37, 15.79
-0.33, -0.60, -0.68, -27.19, 6.34, 16.38
-0.30, -0.60, -0.69, -29.33, 10.25, 14.52
-0.28, -0.60, -0.68, -31.35, 15.81, 13.69
-0.27, -0.57, -0.68, -31.02, 16.68, 11.84
-0.26, -0.52, -0.72, -27.59, 15.62, 12.56
-0.24, -0.51, -0.72, -23.66, 10.57, 13.35
-0.23, -0.55, -0.70, -23.18, 3.66, 13.96
-0.23, -0.58, -0.70, -20.05, -5.47, 13.90
-0.23, -0.55, -0.69, -18.54, -8.52, 15.92
-0.24, -0.54, -0.68, -17.09, -5.06, 16.47
-0.25, -0.53, -0.67, -17.19, 2.28, 16.66
-0.29, -0.53, -0.66, -18.09, 4.76, 15.33
-0.31, -0.54, -0.66, -18.39, 1.97, 15.30
-0.32, -0.57, -0.67, -19.62, -7.99, 12.79
-0.34, -0.60, -0.67, -19.05, -18.18, 11.14
-0.33, -0.60, -0.68, -18.40, -29.44, 10.36
-0.31, -0.59, -0.67, -15.53, -37.14, 8.25
-0.29, -0.58, -0.68, -13.15, -36.68, 7.68
-0.30, -0.56, -0.71, -8.02, -29.03, 4.11
-0.36, -0.53, -0.72, -6.65, -16.25, 2.20
-0.43, -0.56, -0.69, -8.47, -4.20, -2.06
-0.43, -0.60, -0.67, -11.66, -4.12, -5.88
-0.39, -0.61, -0.67, -11.35, -11.41, -9.96
-0.34, -0.59, -0.69, -11.32, -19.02, -13.14
-0.32, -0.58, -0.69, -10.37, -19.48, -14.31
-0.31, -0.58, -0.70, -8.44, -15.27, -17.46
-0.33, -0.56, -0.71, -5.89, -6.95, -16.93
-0.34, -0.56, -0.71, -6.73, -2.06, -16.14
-0.34, -0.58, -0.69, -8.34, 2.26, -17.60
-0.34, -0.59, -0.67, -10.46, 4.98, -19.93
-0.32, -0.57, -0.68, -9.50, 12.40, -19.62
-0.30, -0.55, -0.67, -9.09, 16.41, -22.04
-0.29, -0.57, -0.64, -13.02, 15.35, -22.43
-0.29, -0.58, -0.64, -13.36, 10.34, -22.17
-0.27, -0.57, -0.65, -12.89, 3.37, -23.17
-0.26, -0.55, -0.66, -10.34, 0.42, -22.30
-0.25, -0.55, -0.67, -9.93, 5.55, -23.11
-0.26, -0.56, -0.67, -10.16, 16.01, -22.53
-0.29, -0.56, -0.67, -11.22, 30.79, -20.78
-0.29, -0.56, -0.64, -14.01, 37.53, -21.68
-0.27, -0.57, -0.64, -14.77, 35.25, -21.56
-0.22, -0.58, -0.68, -13.69, 23.37, -19.99
-0.20, -0.59, -0.69, -12.90, 12.30, -19.38
-0.19, -0.59, -0.70, -10.12, 8.33, -17.36
-0.18, -0.59, -0.72, -8.52, 11.60, -16.02
-0.19, -0.58, -0.72, -7.42, 20.70, -15.16
-0.23, -0.58, -0.71, -8.00, 28.75, -14.15
-0.25, -0.60, -0.70, -10.28, 30.52, -14.98
-0.23, -0.61, -0.70, -10.16, 21.27, -13.55
-0.19, -0.61, -0.69, -8.51, 10.96, -14.34
-0.17, -0.61, -0.70, -5.97, 9.93, -15.02
-0.19, -0.61, -0.71, -3.86, 17.57, -16.42
-0.24, -0.61, -0.71, -3.25, 34.37, -18.06
-0.26, -0.61, -0.70, -4.94, 45.01, -16.69
-0.24, -0.62, -0.68, -7.05, 45.00, -15.80
-0.19, -0.63, -0.68, -6.86, 33.43, -14.44
-0.14, -0.63, -0.67, -8.02, 18.45, -14.65
-0.10, -0.62, -0.66, -7.87, 8.18, -12.54
-0.11, -0.62, -0.66, -8.07, 7.69, -12.59
-0.15, -0.62, -0.66, -9.27, 13.75, -12.19
-0.18, -0.62, -0.67, -9.89, 18.34, -11.34
-0.19, -0.63, -0.67, -10.29, 19.35, -9.42
-0.16, -0.64, -0.67, -8.88, 14.88, -8.54
-0.12, -0.63, -0.66, -7.05, 9.78, -9.07
-0.10, -0.62, -0.65, -6.31, 3.82, -9.93
-0.13, -0.63, -0.65, -6.13, 1.36, -11.74
-0.17, -0.65, -0.67, -5.53, 1.81, -12.82
-0.19, -0.68, -0.68, -4.50, 4.35, -15.14
-0.18, -0.69, -0.67, -4.36, 8.03, -17.96
-0.14, -0.70, -0.66, -2.65, 10.07, -20.51
-0.11, -0.69, -0.66, -3.06, 8.90, -23.78
-0.11, -0.69, -0.66, -4.01, 10.78, -23.87
-0.12, -0.69, -0.67, -3.18, 12.42, -26.48
-0.13, -0.68, -0.68, -1.22, 11.88, -29.41
-0.12, -0.67, -0.68, -0.41, 8.11, -30.87
-0.08, -0.67, -0.68, 0.98, 4.73, -31.48
-0.02, -0.67, -0.68, 4.04, 4.76, -27.91
0.02, -0.66, -0.66, 5.72, 4.11, -25.08
0.01, -0.65, -0.65, 7.17, 5.12, -24.90
-0.02, -0.64, -0.66, 10.34, 6.43, -22.67
-0.03, -0.64, -0.66, 14.33, 6.55, -22.36
-0.03, -0.65, -0.66, 16.07, 7.90, -23.37
-0.05, -0.66, -0.65, 16.66, 14.79, -23.97
-0.08, -0.68, -0.60, 15.22, 15.21, -28.05
-0.08, -0.71, -0.58, 15.03, 17.08, -25.75
-0.01, -0.72, -0.59, 15.09, 9.64, -24.47
0.02, -0.72, -0.58, 13.18, 1.72, -22.91
0.02, -0.69, -0.56, 14.93, -5.03, -22.06
-0.02, -0.67, -0.57, 16.80, -5.13, -22.05
-0.05, -0.67, -0.56, 14.09, 1.82, -20.91
-0.01, -0.66, -0.55, 11.93, 9.12, -15.72
0.06, -0.64, -0.55, 8.74, 10.79, -7.36
0.15, -0.63, -0.53, 2.12, 17.90, 9.78
0.27, -0.62, -0.50, -11.67, 16.32, 27.61
0.31, -0.64, -0.50, -23.03, 17.81, 35.78
0.25, -0.65, -0.52, -31.80, 16.18, 36.97
0.16, -0.69, -0.55, -39.85, 3.44, 39.11
0.07, -0.72, -0.61, -43.07, -17.30, 37.71
0.01, -0.80, -0.69, -34.69, -40.30, 30.25
-0.10, -0.87, -0.76, -20.78, -48.42, 10.67
-0.33, -0.92, -0.81, -9.81, -35.13, -17.10
-0.55, -0.91, -0.80, -7.38, 1.13, -34.33
-0.50, -0.84, -0.75, -0.99, 38.37, -42.68
-0.24, -0.75, -0.68, 1.33, 50.41, -43.15
0.01, -0.67, -0.61, -1.70, 38.49, -35.17
0.23, -0.60, -0.56, -8.20, 25.37, -12.80
0.41, -0.50, -0.52, -16.27, 19.39, 17.86
0.48, -0.42, -0.47, -23.90, 15.32, 29.84
0.42, -0.42, -0.47, -31.30, 13.94, 39.00
0.27, -0.50, -0.50, -41.16, 15.49, 47.50
0.12, -0.65, -0.51, -47.38, 1.53, 51.56
0.03, -0.81, -0.58, -40.43, -20.64, 46.80
-0.08, -0.89, -0.73, -23.34, -32.16, 28.09
-0.36, -0.96, -0.80, -11.68, -29.66, -5.24
-0.67, -0.98, -0.76, -5.65, 0.74, -26.55
-0.60, -0.92, -0.73, 1.99, 37.90, -38.98
-0.31, -0.81, -0.68, 7.49, 42.64, -48.63
-0.10, -0.75, -0.60, 8.86, 26.21, -50.68
0.08, -0.73, -0.57, 6.59, 10.18, -43.16
0.27, -0.66, -0.58, 4.76, 4.95, -22.24
0.40, -0.54, -0.53, -1.10, 2.69, -5.03
0.41, -0.44, -0.46, -11.32, 11.46, 16.64
0.40, -0.42, -0.46, -22.93, 23.23, 34.17
0.33, -0.47, -0.49, -31.06, 22.85, 42.26
0.18, -0.53, -0.51, -38.56, 15.00, 48.83
0.10, -0.63, -0.54, -38.41, -8.02, 52.03
0.07, -0.77, -0.63, -24.20, -35.66, 42.28
-0.15, -0.91, -0.76, -7.07, -50.21, 18.88
-0.53, -1.02, -0.79, 2.97, -33.45, -16.69
-0.76, -1.04, -0.74, 4.78, 14.37, -35.07
-0.56, -0.96, -0.69, 10.08, 39.69, -49.46
-0.23, -0.84, -0.64, 12.89, 34.62, -59.78
-0.01, -0.80, -0.60, 13.23, 16.07, -56.90
0.21, -0.75, -0.62, 11.81, 11.78, -39.22
0.40, -0.62, -0.61, 8.90, 8.25, -18.76
0.42, -0.47, -0.49, -3.22, 5.29, -1.01
0.41, -0.42, -0.45, -14.51, 22.38, 27.81
0.41, -0.42, -0.45, -28.63, 27.05, 38.56
0.31, -0.46, -0.43, -36.55, 26.14, 46.92
0.15, -0.55, -0.44, -43.61, 16.63, 54.07
0.06, -0.71, -0.51, -39.33, -16.67, 52.12
-0.00, -0.85, -0.63, -19.25, -41.30, 40.26
-0.20, -1.01, -0.74, -12.54, -53.56, 7.98
-0.59, -1.07, -0.73, -6.03, -33.03, -21.76
-0.70, -0.98, -0.70, -0.31, 18.69, -36.73
-0.41, -0.87, -0.69, 9.39, 34.79, -47.33
-0.16, -0.80, -0.63, 12.23, 20.59, -60.05
-0.01, -0.82, -0.57, 7.34, 5.67, -54.35
0.22, -0.77, -0.58, 4.37, 4.34, -29.77
0.46, -0.61, -0.59, 4.12, -5.70, -12.59
0.47, -0.47, -0.49, -4.28, 5.23, 9.96
0.46, -0.43, -0.45, -17.77, 24.41, 37.07
0.40, -0.45, -0.42, -28.46, 34.60, 42.12
0.24, -0.51, -0.41, -41.27, 34.17, 52.85
0.14, -0.61, -0.43, -51.98, 12.75, 60.06
0.15, -0.72, -0.49, -43.53, -25.60, 60.68
0.11, -0.84, -0.67, -22.70, -51.28, 46.75
-0.22, -0.96, -0.75, -15.63, -56.57, 10.29
-0.74, -1.06, -0.70, -8.34, -27.64, -19.45
-0.81, -1.05, -0.70, -2.32, 18.84, -32.71
-0.50, -0.96, -0.69, 5.00, 38.09, -44.45
-0.18, -0.86, -0.64, 9.08, 27.63, -60.96
-0.05, -0.86, -0.60, 7.32, 7.22, -64.00
0.10, -0.85, -0.61, 3.21, -1.39, -49.17
0.36, -0.74, -0.66, 7.70, 0.83, -30.55
0.45, -0.54, -0.58, 0.83, -1.00, -15.26
0.43, -0.44, -0.45, -6.07, 19.12, 13.69
0.48, -0.40, -0.41, -23.80, 34.55, 36.94
0.41, -0.43, -0.37, -34.82, 38.12, 45.04
0.19, -0.52, -0.36, -46.76, 34.34, 54.74
0.08, -0.61, -0.39, -55.61, 3.31, 62.16
0.11, -0.71, -0.48, -45.12, -43.21, 61.15
0.08, -0.84, -0.70, -22.02, -64.00, 47.25
-0.32, -0.94, -0.75, -14.92, -64.00, 5.71
-0.82, -1.02, -0.70, -5.25, -21.36, -21.96
-0.81, -1.02, -0.71, 2.44, 35.81, -32.19
-0.40, -0.95, -0.69, 10.41, 46.53, -48.78
-0.12, -0.89, -0.62, 12.27, 22.46, -64.00
-0.03, -0.90, -0.60, 9.82, -7.18, -64.00
0.19, -0.86, -0.64, 8.03, -7.78, -41.54
0.49, -0.67, -0.65, 10.25, -3.81, -16.89
0.57, -0.48, -0.48, -2.68, 9.61, 6.68
0.55, -0.41, -0.34, -19.12, 28.38, 34.98
0.45, -0.44, -0.35, -35.62, 34.78, 38.65
0.24, -0.54, -0.37, -50.14, 35.71, 49.22
0.10, -0.63, -0.38, -62.96, 21.10, 57.86
0.13, -0.70, -0.42, -59.22, -23.10, 61.68
0.20, -0.76, -0.64, -32.84, -52.51, 57.25
-0.06, -0.87, -0.78, -21.70, -64.00, 26.55
-0.61, -0.96, -0.74, -13.56, -51.73, -7.58
-0.94, -1.01, -0.74, 2.46, 3.65, -28.15
-0.73, -0.98, -0.75, 7.52, 37.92, -45.57
-0.33, -0.87, -0.67, 14.75, 44.30, -54.61
-0.08, -0.82, -0.57, 14.22, 14.74, -64.00
0.05, -0.85, -0.53, 4.80, 0.87, -56.15
0.30, -0.77, -0.59, 0.97, -0.09, -30.05
0.48, -0.57, -0.55, -4.89, -8.32, -15.25
0.47, -0.45, -0.43, -15.17, 11.06, 12.08
0.51, -0.42, -0.40, -27.76, 25.54, 39.03
0.46, -0.45, -0.39, -38.46, 30.40, 49.11
0.24, -0.55, -0.38, -51.38, 29.34, 57.94
0.12, -0.66, -0.42, -59.76, 2.43, 64.00
0.13, -0.72, -0.53, -45.41, -37.88, 64.00
0.04, -0.80, -0.73, -21.44, -54.73, 47.10
-0.36, -0.92, -0.74, -17.26, -53.54, 8.75
-0.82, -1.03, -0.70, -5.94, -14.04, -19.39
-0.77, -1.03, -0.74, 0.35, 30.68, -32.91
-0.41, -0.96, -0.70, 9.13, 44.31, -46.41
-0.15, -0.89, -0.61, 10.65, 30.02, -58.48
-0.00, -0.88, -0.56, 9.09, 8.75, -58.87
0.14, -0.85, -0.58, 4.83, -5.78, -46.77
0.34, -0.71, -0.59, 2.04, -1.95, -28.32
0.41, -0.55, -0.48, -6.15, -12.48, -14.48
0.36, -0.46, -0.40, -14.92, 10.28, 9.67
0.40, -0.42, -0.41, -28.52, 23.92, 33.99
0.37, -0.44, -0.38, -33.16, 29.53, 42.67
0.19, -0.51, -0.37, -44.92, 25.52, 53.38
0.13, -0.62, -0.42, -53.01, 4.48, 62.50
0.15, -0.71, -0.50, -45.41, -36.44, 64.00
0.11, -0.79, -0.66, -27.31, -50.01, 55.63
-0.28, -0.90, -0.72, -20.72, -58.16, 19.47
-0.67, -1.00, -0.70, -10.09, -29.28, -7.09
-0.74, -1.09, -0.74, -1.51, 8.53, -26.22
-0.52, -1.06, -0.73, 4.79, 27.13, -40.64
-0.24, -0.94, -0.67, 13.37, 21.17, -54.78
-0.12, -0.87, -0.64, 18.61, 4.93, -64.00
-0.09, -0.85, -0.61, 12.81, -15.63, -64.00
0.11, -0.76, -0.65, 14.78, 5.87, -39.54
0.41, -0.53, -0.61, 14.27, 3.85, -21.90
0.46, -0.38, -0.49, 5.27, 25.04, 6.52
0.49, -0.35, -0.39, -13.05, 41.03, 39.15
0.44, -0.42, -0.35, -19.62, 41.86, 40.75
0.24, -0.55, -0.35, -34.22, 39.06, 52.82
0.09, -0.70, -0.34, -50.40, 17.16, 57.72
0.05, -0.82, -0.37, -49.66, -33.49, 54.75
0.04, -0.90, -0.54, -30.91, -64.00, 40.97
-0.13, -1.00, -0.73, -14.98, -64.00, 12.89
-0.67, -1.04, -0.72, -15.69, -61.10, -29.99
-0.94, -1.01, -0.68, -7.46, 8.12, -37.05
-0.57, -0.90, -0.73, 7.18, 45.34, -47.25
-0.21, -0.84, -0.70, 11.10, 35.18, -61.70
-0.05, -0.85, -0.62, 9.04, 15.45, -64.00
0.08, -0.86, -0.57, 4.67, -8.19, -56.60
0.29, -0.78, -0.58, 1.45, -9.78, -30.55
0.53, -0.59, -0.55, -0.57, 0.63, -5.36
0.56, -0.45, -0.38, -15.97, 7.49, 16.63
0.47, -0.44, -0.30, -31.17, 20.19, 33.69
0.33, -0.50, -0.36, -39.69, 27.86, 45.26
0.14, -0.62, -0.36, -54.99, 27.10, 52.66
0.07, -0.73, -0.37, -59.86, 4.06, 58.26
0.11, -0.80, -0.50, -43.41, -39.36, 53.10
0.01, -0.84, -0.70, -23.12, -53.38, 38.59
-0.37, -0.91, -0.74, -11.81, -49.26, 4.79
-0.74, -0.99, -0.69, -1.65, -10.93, -20.52
-0.70, -1.02, -0.71, 3.16, 28.83, -30.06
-0.37, -0.93, -0.66, 7.81, 42.93, -41.17
-0.08, -0.84, -0.58, 8.84, 34.44, -46.74
0.05, -0.82, -0.54, 5.79, 9.76, -48.36
0.15, -0.81, -0.56, 1.92, 5.84, -32.70
0.31, -0.71, -0.57, -0.55, -0.11, -14.23
0.39, -0.57, -0.49, -10.47, 4.30, 1.72
0.39, -0.48, -0.41, -23.45, 13.52, 24.26
0.35, -0.46, -0.40, -31.91, 20.96, 35.56
0.23, -0.51, -0.40, -37.17, 27.85, 46.18
0.11, -0.59, -0.40, -47.34, 22.30, 54.61
0.11, -0.70, -0.45, -46.44, -9.49, 58.38
0.10, -0.76, -0.59, -30.27, -35.78, 52.95
-0.10, -0.86, -0.70, -20.65, -47.39, 32.43
-0.47, -0.98, -0.64, -18.85, -39.97, 2.98
-0.70, -1.03, -0.69, -6.93, -6.94, -18.01
-0.59, -0.97, -0.72, -3.61, 28.75, -26.64
-0.29, -0.87, -0.63, 1.31, 37.73, -35.87
-0.08, -0.81, -0.54, -1.63, 28.25, -39.62
0.08, -0.80, -0.50, -9.88, 14.24, -29.34
0.25, -0.73, -0.51, -13.87, 10.84, -6.80
0.43, -0.59, -0.50, -17.74, 6.75, 12.78
0.47, -0.51, -0.43, -25.65, 5.04, 27.06
0.39, -0.56, -0.41, -35.07, 7.01, 38.54
0.25, -0.62, -0.42, -42.82, 6.31, 51.45
0.15, -0.67, -0.45, -43.97, -10.95, 55.69
0.06, -0.74, -0.59, -30.10, -24.34, 49.05
-0.17, -0.81, -0.70, -26.62, -25.07, 32.13
-0.50, -0.85, -0.62, -23.23, -31.44, 6.02
-0.62, -0.90, -0.65, -6.35, -19.68, -11.74
-0.55, -0.93, -0.72, -3.36, 2.28, -28.03
-0.44, -0.87, -0.65, -1.07, 23.12, -35.81
-0.24, -0.78, -0.57, 1.19, 28.65, -37.81
-0.02, -0.77, -0.53, -4.04, 19.75, -36.41
0.11, -0.76, -0.53, -10.10, 12.15, -24.18
0.23, -0.69, -0.53, -13.41, 2.21, -9.92
0.30, -0.59, -0.51, -18.50, 0.41, 9.64
0.34, -0.53, -0.50, -23.25, 5.59, 26.36
0.32, -0.52, -0.48, -26.27, 9.51, 34.14
0.21, -0.59, -0.46, -33.34, 13.69, 43.21
0.10, -0.63, -0.45, -40.88, 2.90, 47.97
0.07, -0.72, -0.47, -37.43, -15.42, 50.62
0.05, -0.81, -0.57, -26.45, -24.32, 47.53
-0.14, -0.89, -0.66, -25.62, -31.34, 28.82
-0.49, -0.88, -0.65, -16.94, -33.96, 1.53
-0.64, -0.85, -0.71, 1.19, -17.99, -16.26
-0.59, -0.88, -0.75, 6.44, 1.32, -34.32
-0.47, -0.89, -0.69, 12.63, 18.27, -45.00
-0.29, -0.86, -0.61, 12.67, 23.46, -54.01
-0.13, -0.85, -0.56, 10.02, 14.15, -57.58
0.06, -0.82, -0.57, 5.14, 9.72, -43.15
0.27, -0.71, -0.60, 1.01, 17.28, -17.83
0.45, -0.59, -0.47, -8.62, 18.16, 2.90
0.52, -0.56, -0.35, -20.46, 15.28, 22.55
0.47, -0.59, -0.36, -35.38, 11.12, 33.06
0.28, -0.63, -0.39, -44.17, 10.66, 41.59
0.08, -0.66, -0.40, -50.47, 8.79, 47.36
-0.01, -0.69, -0.45, -50.46, -9.65, 50.27
-0.03, -0.72, -0.56, -36.32, -33.15, 46.02
-0.13, -0.75, -0.68, -22.84, -47.55, 30.91
-0.41, -0.82, -0.68, -13.75, -35.00, 6.36
-0.65, -0.86, -0.67, -5.77, -6.19, -14.26
-0.66, -0.85, -0.70, 0.61, 24.27, -23.77
-0.44, -0.83, -0.67, 2.18, 31.84, -29.65
-0.21, -0.81, -0.62, 4.17, 19.13, -35.52
-0.06, -0.80, -0.58, 3.12, 2.19, -37.80
-0.02, -0.81, -0.56, 0.45, -10.37, -40.01
0.00, -0.79, -0.56, -2.79, -17.10, -36.78
0.07, -0.73, -0.60, -4.34, 0.10, -19.19
0.21, -0.63, -0.53, -9.06, 11.71, -1.84
0.32, -0.58, -0.42, -19.71, 23.83, 16.61
0.38, -0.61, -0.40, -28.33, 20.57, 27.96
0.28, -0.66, -0.44, -36.45, 21.97, 35.93
0.12, -0.69, -0.44, -42.86, 17.40, 42.15
0.04, -0.73, -0.46, -43.76, 0.09, 43.29
-0.01, -0.77, -0.51, -39.01, -35.56, 37.89
-0.12, -0.80, -0.62, -24.66, -51.89, 27.24
-0.34, -0.82, -0.70, -13.31, -50.01, -0.20
-0.64, -0.84, -0.70, -4.06, -24.03, -24.85
-0.74, -0.84, -0.71, -0.83, 21.69, -34.03
-0.48, -0.80, -0.66, 3.92, 39.17, -40.85
-0.17, -0.79, -0.60, 3.81, 28.57, -45.76
0.02, -0.80, -0.57, 1.67, 8.14, -41.96
0.19, -0.76, -0.61, 1.77, 6.11, -19.58
0.33, -0.66, -0.61, -0.83, 7.42, -0.44
0.39, -0.61, -0.51, -6.74, 12.74, 12.35
0.37, -0.64, -0.43, -21.66, 18.59, 21.36
0.26, -0.70, -0.43, -36.03, 24.67, 27.38
0.12, -0.72, -0.44, -44.35, 26.76, 34.33
0.02, -0.70, -0.45, -48.25, 12.84, 36.20
-0.01, -0.72, -0.51, -43.24, -23.83, 31.19
-0.09, -0.76, -0.61, -26.96, -52.80, 20.01
-0.33, -0.79, -0.73, -10.68, -53.03, -3.32
-0.66, -0.81, -0.73, -3.36, -23.82, -30.31
-0.75, -0.79, -0.66, 2.92, 25.95, -34.67
-0.45, -0.76, -0.62, 7.70, 34.95, -44.60
-0.16, -0.80, -0.58, 5.68, 20.07, -51.28
-0.03, -0.84, -0.57, 4.10, 3.40, -44.34
0.17, -0.80, -0.63, 6.90, 8.23, -24.26
0.36, -0.71, -0.62, 4.08, 4.23, -11.07
0.38, -0.65, -0.47, -6.23, 7.42, -1.03
0.33, -0.64, -0.41, -17.96, 19.37, 17.88
0.27, -0.63, -0.43, -31.56, 25.47, 24.82
0.15, -0.65, -0.43, -39.65, 30.03, 32.33
0.06, -0.68, -0.43, -44.31, 24.89, 35.44
0.07, -0.71, -0.46, -45.87, 6.36, 38.73
0.07, -0.76, -0.50, -42.79, -20.58, 38.89
-0.04, -0.79, -0.59, -31.52, -49.37, 28.60
-0.27, -0.81, -0.68, -14.45, -50.52, 11.66
-0.55, -0.85, -0.73, -2.30, -30.75, -19.84
-0.73, -0.85, -0.72, 7.14, 11.11, -35.73
-0.60, -0.80, -0.68, 15.39, 33.64, -49.51
-0.33, -0.79, -0.63, 18.37, 29.05, -59.69
-0.15, -0.82, -0.57, 13.48, 6.54, -61.46
0.08, -0.81, -0.59, 10.70, 15.57, -35.97
0.39, -0.67, -0.59, 9.40, 14.58, -10.95
0.50, -0.56, -0.44, -1.67, 4.13, -1.60
0.42, -0.58, -0.36, -18.93, 21.75, 23.66
0.40, -0.62, -0.40, -30.72, 24.92, 33.81
0.27, -0.66, -0.39, -42.10, 27.71, 40.36
0.12, -0.71, -0.40, -49.48, 25.78, 46.26
0.06, -0.76, -0.45, -50.29, 5.52, 47.16
0.03, -0.80, -0.50, -43.53, -26.32, 41.96
-0.07, -0.86, -0.62, -30.43, -48.32, 32.04
-0.29, -0.90, -0.70, -20.50, -51.41, 0.62
-0.68, -0.90, -0.72, -5.49, -29.35, -33.40
-0.81, -0.87, -0.73, 4.58, 18.71, -47.22
-0.53, -0.84, -0.74, 16.53, 28.87, -60.48
-0.30, -0.86, -0.66, 21.42, 14.46, -64.00
-0.14, -0.88, -0.61, 20.80, 3.76, -64.00
0.12, -0.82, -0.67, 24.40, 13.69, -53.15
0.36, -0.69, -0.63, 24.99, 7.48, -46.92
0.33, -0.62, -0.48, 16.69, 7.29, -41.48
0.24, -0.61, -0.42, 2.09, 18.86, -21.23
0.29, -0.56, -0.42, -10.70, 29.00, 0.89
0.40, -0.52, -0.39, -24.59, 45.48, 29.04
0.44, -0.56, -0.32, -37.01, 38.32, 40.98
0.33, -0.62, -0.26, -44.71, 34.42, 51.51
0.23, -0.71, -0.31, -56.60, 17.98, 60.41
0.15, -0.79, -0.37, -59.33, -16.96, 59.93
0.06, -0.85, -0.46, -48.92, -59.44, 54.78
-0.07, -0.89, -0.64, -32.34, -64.00, 36.60
-0.45, -0.86, -0.78, -16.13, -62.78, -7.79
-0.89, -0.86, -0.75, -0.88, -17.70, -37.68
-0.81, -0.91, -0.75, 10.91, 30.48, -48.15
-0.42, -0.90, -0.69, 19.55, 33.26, -60.58
-0.11, -0.88, -0.65, 25.80, 12.01, -64.00
0.06, -0.85, -0.61, 23.50, -2.01, -64.00
0.23, -0.78, -0.57, 22.06, -4.21, -47.18
0.38, -0.69, -0.54, 16.39, 1.17, -30.68
0.42, -0.60, -0.43, 1.93, 2.94, -19.15
0.39, -0.57, -0.30, -16.47, 17.13, 6.07
0.47, -0.60, -0.27, -33.84, 27.03, 30.11
0.47, -0.65, -0.31, -43.89, 33.17, 41.67
0.30, -0.68, -0.33, -55.57, 34.49, 53.51
0.18, -0.73, -0.37, -61.29, 14.50, 58.91
0.12, -0.80, -0.47, -53.51, -17.88, 54.88
-0.06, -0.86, -0.60, -42.33, -38.96, 37.89
-0.36, -0.88, -0.66, -32.10, -55.99, 5.38
-0.62, -0.90, -0.70, -8.66, -43.04, -20.66
-0.64, -0.93, -0.76, 0.71, -10.90, -38.12
-0.48, -0.89, -0.76, 14.48, 21.54, -46.36
-0.24, -0.83, -0.68, 21.32, 31.85, -51.86
0.01, -0.83, -0.59, 18.38, 20.05, -56.17
0.18, -0.86, -0.52, 13.09, 13.69, -41.35
0.37, -0.79, -0.51, 7.09, 6.73, -27.79
0.42, -0.66, -0.43, -4.82, 3.39, -13.41
0.40, -0.64, -0.33, -18.43, 10.61, 6.60
0.44, -0.60, -0.33, -32.67, 16.71, 28.42
0.42, -0.61, -0.34, -45.26, 18.20, 37.74
0.27, -0.66, -0.32, -53.24, 20.53, 46.37
0.15, -0.68, -0.35, -58.62, 11.47, 52.39
0.10, -0.73, -0.43, -56.39, -19.63, 51.37
0.04, -0.79, -0.58, -41.51, -50.73, 40.87
-0.17, -0.87, -0.70, -25.08, -63.67, 17.46
-0.51, -0.95, -0.71, -13.51, -56.84, -21.40
-0.80, -0.94, -0.74, 3.09, -5.05, -38.13
-0.65, -0.85, -0.75, 15.25, 33.36, -52.24
-0.32, -0.82, -0.65, 20.48, 28.64, -64.00
-0.08, -0.85, -0.55, 18.11, 14.84, -62.55
0.24, -0.83, -0.54, 15.06, 6.63, -43.10
0.47, -0.69, -0.55, 12.67, -1.88, -28.02
0.46, -0.59, -0.45, 2.75, -1.91, -14.43
0.40, -0.57, -0.37, -14.58, 11.96, 10.93
0.44, -0.58, -0.36, -30.44, 26.17, 32.16
0.42, -0.59, -0.33, -39.27, 27.53, 44.13
0.29, -0.64, -0.30, -50.99, 19.77, 50.79
0.13, -0.75, -0.35, -59.97, -5.42, 54.29
0.11, -0.81, -0.46, -54.98, -38.14, 54.51
0.04, -0.85, -0.64, -38.90, -60.39, 43.08
-0.21, -0.92, -0.69, -29.11, -64.00, 9.23
-0.62, -0.97, -0.74, -13.07, -49.63, -22.98
-0.79, -0.96, -0.79, 0.95, 2.58, -38.12
-0.54, -0.89, -0.78, 14.40, 38.20, -49.51
-0.28, -0.84, -0.70, 21.23, 27.74, -64.00
-0.14, -0.86, -0.59, 21.31, 6.08, -64.00
0.09, -0.86, -0.59, 17.82, 14.15, -48.84
0.43, -0.71, -0.61, 19.21, 8.44, -30.79
0.48, -0.57, -0.40, 3.23, 2.17, -12.70
0.48, -0.53, -0.30, -13.86, 19.39, 17.22
0.53, -0.52, -0.29, -33.78, 26.11, 35.52
0.41, -0.54, -0.26, -46.96, 29.81, 46.90
0.20, -0.62, -0.25, -60.82, 24.56, 55.71
0.09, -0.70, -0.33, -64.00, 0.61, 61.44
0.09, -0.74, -0.50, -56.79, -39.01, 60.51
0.02, -0.78, -0.64, -36.35, -62.06, 49.07
-0.18, -0.90, -0.66, -25.48, -64.00, 20.08
-0.55, -1.02, -0.71, -15.84, -49.83, -16.94
-0.79, -1.03, -0.79, -0.60, 4.34, -32.21
-0.61, -0.96, -0.79, 11.75, 42.65, -45.36
-0.26, -0.90, -0.70, 17.39, 32.58, -60.36
-0.06, -0.90, -0.57, 16.95, 12.59, -64.00
0.14, -0.88, -0.55, 11.65, -4.39, -57.20
0.34, -0.79, -0.56, 9.40, -0.69, -34.38
0.44, -0.63, -0.46, -1.91, -8.98, -22.17
0.38, -0.54, -0.33, -14.26, -0.25, -1.96
0.37, -0.48, -0.31, -28.11, 16.46, 25.01
0.36, -0.48, -0.26, -36.69, 17.84, 37.53
0.20, -0.54, -0.24, -44.40, 21.56, 46.92
0.10, -0.66, -0.30, -55.67, 10.21, 56.70
0.15, -0.68, -0.39, -58.83, -20.00, 63.17
0.21, -0.69, -0.57, -42.62, -48.86, 64.00
0.12, -0.78, -0.68, -26.38, -56.25, 53.66
-0.22, -0.99, -0.68, -25.57, -45.75, 21.00
-0.60, -1.12, -0.72, -18.79, -23.39, -2.57
-0.69, -1.11, -0.79, -3.64, 4.24, -27.62
-0.54, -1.03, -0.80, 8.54, 23.91, -44.36
-0.35, -0.95, -0.72, 15.66, 24.65, -64.00
-0.18, -0.93, -0.62, 15.59, 16.97, -64.00
0.03, -0.89, -0.56, 12.55, 18.13, -58.99
0.32, -0.76, -0.56, 12.48, 13.34, -43.31
0.39, -0.59, -0.46, 2.43, 0.29, -31.70
0.34, -0.52, -0.35, -9.55, 9.18, -7.12
0.40, -0.48, -0.33, -23.15, 19.21, 21.31
0.44, -0.47, -0.30, -37.89, 19.55, 35.42
0.30, -0.51, -0.27, -45.52, 13.87, 46.24
0.13, -0.56, -0.31, -53.11, 5.92, 55.76
0.05, -0.65, -0.39, -55.12, -21.05, 60.33
0.05, -0.72, -0.54, -40.76, -46.38, 58.24
-0.03, -0.83, -0.67, -24.56, -58.41, 40.59
-0.33, -0.98, -0.63, -22.94, -57.57, 6.19
-0.67, -1.06, -0.70, -12.51, -25.31, -16.51
-0.68, -1.03, -0.75, -3.00, 18.67, -27.85
-0.40, -0.96, -0.72, 6.10, 28.37, -40.64
-0.18, -0.91, -0.65, 9.69, 15.07, -56.40
-0.07, -0.91, -0.59, 8.89, -3.92, -61.62
0.06, -0.90, -0.57, 6.18, -6.35, -48.99
0.27, -0.78, -0.58, 6.63, -5.43, -38.53
0.32, -0.64, -0.43, -1.36, -13.77, -27.94
0.32, -0.57, -0.33, -10.44, 5.11, 1.12
0.40, -0.47, -0.32, -21.05, 11.81, 24.99
0.34, -0.48, -0.30, -24.96, 20.64, 37.46
0.20, -0.54, -0.31, -31.35, 18.62, 44.57
0.09, -0.63, -0.35, -43.43, 6.98, 52.10
0.09, -0.70, -0.43, -46.30, -30.67, 56.56
0.09, -0.74, -0.58, -30.44, -58.10, 53.94
-0.04, -0.82, -0.70, -16.79, -64.00, 32.37
-0.41, -0.97, -0.70, -12.29, -53.76, -1.28
-0.72, -1.07, -0.74, -5.99, -10.58, -23.20
-0.66, -1.04, -0.75, -1.79, 33.06, -30.32
-0.33, -0.96, -0.69, 5.41, 40.09, -41.73
-0.14, -0.90, -0.62, 8.16, 25.35, -53.71
-0.06, -0.89, -0.56, 8.05, 0.45, -58.66
0.05, -0.86, -0.53, 5.09, -2.92, -42.89
0.27, -0.74, -0.54, 4.07, -5.33, -25.54
0.35, -0.60, -0.43, -6.44, -7.59, -8.41
0.38, -0.51, -0.32, -15.82, 10.59, 15.88
0.42, -0.50, -0.30, -32.46, 17.44, 29.71
0.30, -0.56, -0.30, -44.65, 26.72, 37.55
0.13, -0.62, -0.33, -55.84, 28.66, 47.18
0.09, -0.68, -0.38, -62.71, 10.00, 55.71
0.12, -0.76, -0.45, -56.30, -37.20, 55.95
0.10, -0.83, -0.62, -32.22, -64.00, 48.95
-0.19, -0.91, -0.74, -18.24, -64.00, 16.26
-0.68, -0.95, -0.72, -6.70, -50.00, -19.18
-0.93, -0.97, -0.71, -0.87, 17.19, -31.70
-0.66, -0.92, -0.69, 5.99, 52.15, -42.71
-0.28, -0.86, -0.61, 8.23, 40.77, -56.50
-0.11, -0.87, -0.56, 8.28, 14.39, -64.00
0.05, -0.89, -0.54, 3.97, 0.19, -52.23
0.28, -0.82, -0.55, 5.83, -6.32, -35.64
0.40, -0.67, -0.50, -0.54, -9.59, -18.83
0.39, -0.57, -0.38, -7.67, 2.10, 2.45
0.39, -0.52, -0.35, -23.88, 21.83, 22.81
0.36, -0.56, -0.34, -36.39, 30.00, 34.54
0.19, -0.64, -0.34, -47.70, 32.84, 39.58
0.07, -0.69, -0.37, -56.48, 21.37, 45.74
0.06, -0.74, -0.43, -55.61, -15.60, 48.55
0.05, -0.79, -0.56, -37.26, -63.81, 41.24
-0.12, -0.86, -0.70, -15.58, -64.00, 18.27
-0.49, -0.95, -0.70, -10.42, -64.00, -17.20
-0.84, -0.96, -0.67, -4.21, -1.83, -29.98
-0.69, -0.85, -0.66, 2.51, 47.99, -40.84
-0.33, -0.81, -0.60, 5.64, 40.36, -54.59
-0.13, -0.85, -0.54, 4.94, 9.87, -61.65
0.06, -0.89, -0.53, 2.44, -15.43, -52.52
0.27, -0.83, -0.61, 4.03, -17.25, -30.76
0.42, -0.69, -0.57, 3.02, -18.59, -17.96
0.40, -0.60, -0.43, -5.53, -4.94, -2.79
0.33, -0.60, -0.36, -21.07, 17.17, 16.21
0.29, -0.61, -0.37, -35.61, 28.39, 26.03
0.17, -0.64, -0.38, -44.40, 32.55, 29.41
0.03, -0.67, -0.39, -52.03, 30.08, 33.35
0.03, -0.69, -0.44, -53.74, 12.44, 38.02
0.10, -0.72, -0.49, -51.62, -22.05, 41.95
0.12, -0.75, -0.56, -42.53, -64.00, 41.23
-0.01, -0.77, -0.66, -13.82, -64.00, 26.55
-0.31, -0.87, -0.71, -6.42, -61.81, -7.06
-0.78, -0.93, -0.64, -4.37, -14.65, -27.30
-0.77, -0.93, -0.63, 0.68, 40.98, -29.94
-0.35, -0.87, -0.60, 5.88, 38.29, -43.77
-0.12, -0.87, -0.54, 2.62, 8.25, -52.06
-0.04, -0.90, -0.53, 4.47, -19.50, -54.25
0.03, -0.85, -0.55, 1.75, -41.55, -50.65
0.19, -0.76, -0.57, -1.89, -8.66, -17.02
0.52, -0.61, -0.57, -1.47, 7.92, 10.51
0.54, -0.51, -0.34, -21.28, 7.94, 19.61
0.40, -0.56, -0.31, -27.99, 20.21, 31.39
0.23, -0.64, -0.42, -41.41, 28.05, 36.37
-0.01, -0.70, -0.42, -54.60, 39.48, 45.45
-0.02, -0.71, -0.42, -59.28, 26.53, 54.41
0.10, -0.70, -0.48, -48.71, -24.86, 53.90
0.09, -0.72, -0.65, -21.26, -64.00, 37.70
-0.27, -0.80, -0.75, -4.22, -64.00, 4.80
-0.77, -0.88, -0.68, 3.89, -49.42, -22.51
-0.89, -0.96, -0.63, 4.36, 24.85, -23.09
-0.56, -0.92, -0.58, 3.14, 51.01, -41.62
-0.23, -0.84, -0.52, 4.17, 40.32, -50.85
-0.04, -0.84, -0.51, 0.77, 12.13, -48.84
0.15, -0.86, -0.55, -2.47, 3.68, -29.71
0.36, -0.78, -0.58, -4.32, 12.00, -0.29
0.54, -0.62, -0.52, -11.33, 23.35, 22.57
0.57, -0.59, -0.39, -22.15, 27.00, 34.68
0.41, -0.62, -0.37, -36.95, 28.40, 40.05
0.16, -0.70, -0.40, -54.07, 37.06, 48.42
-0.00, -0.73, -0.42, -63.35, 25.42, 54.83
0.00, -0.74, -0.48, -48.36, -22.17, 47.82
-0.04, -0.77, -0.69, -22.23, -57.24, 31.66
-0.42, -0.81, -0.80, -6.17, -64.00, -8.75
-0.88, -0.87, -0.70, 8.28, -31.91, -31.29
-0.84, -0.91, -0.64, 12.95, 38.25, -36.11
-0.53, -0.86, -0.59, 14.80, 53.15, -55.17
-0.25, -0.79, -0.52, 16.43, 34.64, -62.33
-0.02, -0.78, -0.51, 11.67, 23.69, -43.26
0.34, -0.76, -0.53, 5.74, 20.58, -13.05
0.56, -0.66, -0.48, -4.85, 12.28, 10.07
0.61, -0.58, -0.37, -20.03, 23.29, 36.21
0.55, -0.60, -0.33, -30.03, 24.31, 41.06
0.31, -0.65, -0.36, -48.76, 27.04, 50.54
0.08, -0.71, -0.37, -61.64, 30.71, 62.48
0.03, -0.73, -0.38, -60.62, 11.33, 64.00
0.08, -0.76, -0.50, -42.79, -21.53, 59.01
-0.04, -0.83, -0.68, -33.36, -54.74, 40.83
-0.47, -0.84, -0.69, -22.11, -64.00, 8.11
-0.83, -0.82, -0.68, 0.12, -49.60, -23.66
-0.85, -0.88, -0.71, 7.30, 3.00, -38.24
-0.64, -0.89, -0.64, 6.81, 33.34, -54.57
-0.32, -0.84, -0.57, 7.38, 28.93, -63.46
-0.05, -0.84, -0.54, 3.71, 6.77, -60.79
0.19, -0.87, -0.57, 1.29, -7.22, -45.51
0.33, -0.80, -0.61, -3.04, -3.98, -23.48
0.39, -0.65, -0.54, -7.55, 7.57, -7.51
0.40, -0.59, -0.43, -18.23, 18.87, 11.01
0.40, -0.60, -0.41, -34.12, 29.17, 30.41
0.32, -0.63, -0.43, -49.01, 27.51, 38.97
0.13, -0.65, -0.43, -52.34, 28.22, 45.75
0.02, -0.64, -0.45, -57.03, 7.86, 47.95
-0.02, -0.67, -0.53, -48.10, -33.94, 44.78
-0.11, -0.72, -0.69, -24.20, -64.00, 28.42
-0.41, -0.76, -0.77, -7.86, -64.00, -1.17
-0.79, -0.81, -0.71, 0.28, -30.05, -28.41
-0.86, -0.83, -0.67, 6.74, 26.21, -36.77
-0.47, -0.78, -0.62, 10.46, 44.70, -47.64
-0.17, -0.78, -0.56, 7.54, 36.14, -46.76
0.09, -0.82, -0.51, -0.58, 19.63, -32.88
0.37, -0.80, -0.51, -6.46, 28.08, -1.73
0.60, -0.69, -0.49, -15.25, 29.76, 23.05
0.61, -0.66, -0.38, -29.74, 34.79, 37.94
0.47, -0.73, -0.32, -47.75, 30.81, 47.15
0.25, -0.78, -0.37, -59.69, 16.93, 54.80
0.06, -0.75, -0.44, -59.89, -12.12, 55.86
-0.04, -0.73, -0.54, -43.98, -42.04, 44.49
-0.20, -0.77, -0.67, -26.95, -49.11, 26.72
-0.48, -0.79, -0.66, -19.65, -39.02, -2.85
-0.72, -0.79, -0.62, -5.86, -10.06, -21.86
-0.64, -0.79, -0.65, 0.68, 23.66, -25.51
-0.37, -0.77, -0.64, 8.34, 27.38, -34.14
-0.17, -0.77, -0.59, 8.80, 18.94, -36.69
-0.03, -0.81, -0.56, 8.74, 5.66, -35.94
0.07, -0.80, -0.54, 2.77, -2.96, -27.59
0.17, -0.73, -0.54, 1.46, 0.22, -13.08
0.26, -0.65, -0.51, -4.98, 11.71, 3.07
0.32, -0.64, -0.46, -19.88, 19.47, 18.37
0.31, -0.68, -0.42, -30.03, 23.53, 30.69
0.23, -0.73, -0.42, -42.88, 21.92, 38.64
0.14, -0.72, -0.45, -50.76, 10.37, 44.65
0.09, -0.72, -0.49, -42.50, -6.59, 46.57
0.03, -0.80, -0.62, -34.68, -28.48, 38.76
-0.26, -0.83, -0.70, -33.21, -36.73, 18.86
-0.56, -0.77, -0.68, -15.86, -35.38, -4.79
-0.64, -0.78, -0.74, 2.01, -16.13, -27.34
-0.62, -0.83, -0.74, 0.56, 20.80, -38.90
-0.47, -0.78, -0.65, 6.34, 47.26, -42.57
-0.18, -0.71, -0.59, 7.59, 48.87, -39.48
0.09, -0.71, -0.55, 3.44, 33.75, -29.36
0.24, -0.72, -0.52, -3.00, 15.89, -14.71
0.31, -0.68, -0.51, -8.59, 9.66, 0.82
0.36, -0.64, -0.47, -19.35, 14.37, 18.17
0.35, -0.67, -0.41, -32.61, 18.23, 29.18
0.26, -0.72, -0.38, -44.58, 19.11, 39.51
0.16, -0.72, -0.42, -51.19, 5.38, 46.14
0.06, -0.71, -0.48, -46.19, -18.88, 44.20
-0.04, -0.76, -0.66, -32.13, -31.49, 34.22
-0.34, -0.79, -0.74, -25.15, -41.81, 3.94
-0.71, -0.76, -0.72, -6.72, -34.52, -26.32
-0.83, -0.73, -0.76, 12.30, 7.43, -35.53
-0.59, -0.75, -0.73, 17.38, 31.29, -50.21
-0.33, -0.80, -0.61, 18.78, 35.11, -58.86
-0.09, -0.83, -0.53, 15.38, 17.44, -58.24
0.14, -0.82, -0.56, 10.95, 20.29, -35.05
0.41, -0.71, -0.58, 6.27, 15.75, -12.40
0.53, -0.65, -0.44, -5.27, 9.59, 4.42
0.53, -0.69, -0.35, -24.26, 14.27, 25.96
0.47, -0.73, -0.36, -41.89, 15.33, 35.51
0.28, -0.74, -0.38, -55.58, 23.42, 45.07
0.12, -0.72, -0.40, -60.63, 18.14, 48.43
0.02, -0.70, -0.48, -56.83, -14.56, 46.46
-0.06, -0.71, -0.61, -41.55, -46.25, 36.96
-0.23, -0.75, -0.72, -23.86, -58.76, 15.63
-0.59, -0.78, -0.72, -11.26, -56.08, -25.58
-0.89, -0.78, -0.69, -0.03, -15.82, -38.41
-0.74, -0.75, -0.68, 9.12, 17.58, -48.06
-0.40, -0.72, -0.61, 12.50, 11.35, -61.29
-0.16, -0.77, -0.54, 10.73, -5.74, -63.62
0.05, -0.82, -0.57, 8.72, -14.63, -50.20
0.28, -0.77, -0.64, 9.02, -1.66, -30.21
0.43, -0.67, -0.56, 2.99, 6.14, -10.73
0.51, -0.68, -0.43, -8.48, 17.87, 11.34
0.58, -0.76, -0.41, -26.25, 32.17, 33.28
0.52, -0.81, -0.41, -43.93, 36.78, 45.11
0.27, -0.79, -0.42, -56.07, 38.27, 47.99
0.05, -0.74, -0.46, -63.36, 22.64, 48.11
-0.04, -0.72, -0.55, -58.27, -14.28, 42.51
-0.09, -0.73, -0.67, -35.20, -45.82, 27.22
-0.32, -0.76, -0.75, -23.00, -52.27, -3.42
-0.74, -0.76, -0.76, -4.52, -32.36, -32.43
-0.83, -0.71, -0.76, 10.71, 27.95, -35.19
-0.49, -0.69, -0.70, 17.28, 49.45, -39.72
-0.19, -0.71, -0.58, 17.85, 44.56, -42.58
0.03, -0.71, -0.53, 17.36, 31.32, -32.19
0.22, -0.70, -0.54, 11.24, 16.24, -15.26
0.37, -0.67, -0.53, 5.64, 17.51, 7.18
0.46, -0.67, -0.44, -11.12, 18.14, 27.51
0.45, -0.74, -0.36, -27.53, 16.55, 35.90
0.33, -0.78, -0.36, -45.87, 10.69, 39.86
0.13, -0.75, -0.41, -56.28, 3.81, 42.59
-0.02, -0.74, -0.49, -55.02, -16.96, 38.05
-0.17, -0.75, -0.61, -40.01, -46.71, 14.99
-0.43, -0.79, -0.75, -21.89, -49.92, -7.26
-0.70, -0.82, -0.76, -8.76, -26.36, -35.72
-0.72, -0.78, -0.73, 8.52, 19.20, -46.34
-0.44, -0.72, -0.70, 21.29, 36.53, -52.88
-0.15, -0.76, -0.60, 24.57, 25.33, -57.93
0.03, -0.81, -0.55, 17.63, 19.83, -41.60
0.30, -0.78, -0.58, 14.38, 23.91, -19.89
0.50, -0.68, -0.49, 6.14, 9.12, -5.45
0.52, -0.68, -0.35, -10.57, 8.58, 13.19
0.53, -0.72, -0.34, -29.66, 3.30, 28.73
0.44, -0.74, -0.37, -45.81, -0.08, 35.92
0.19, -0.74, -0.39, -57.57, 0.58, 41.76
0.06, -0.72, -0.43, -61.17, -6.76, 41.69
-0.04, -0.73, -0.50, -56.52, -35.82, 34.70
-0.15, -0.77, -0.63, -40.28, -57.27, 21.67
-0.41, -0.80, -0.75, -22.43, -60.52, -8.93
-0.77, -0.78, -0.76, -7.35, -41.91, -42.04
-0.85, -0.73, -0.78, 16.40, 22.96, -51.03
-0.52, -0.70, -0.75, 28.55, 46.84, -62.37
-0.20, -0.77, -0.62, 31.39, 33.98, -64.00
0.02, -0.85, -0.58, 24.42, 20.68, -52.35
0.33, -0.80, -0.64, 24.92, 20.25, -30.08
0.51, -0.69, -0.56, 17.84, 6.44, -17.76
0.47, -0.69, -0.40, 2.65, 8.54, -3.32
0.44, -0.73, -0.36, -16.38, 20.05, 13.81
0.44, -0.74, -0.35, -36.89, 30.09, 27.59
0.36, -0.74, -0.36, -51.21, 31.64, 37.10
0.19, -0.74, -0.39, -59.32, 26.39, 40.06
0.08, -0.72, -0.45, -60.21, 1.85, 38.05
-0.00, -0.74, -0.52, -53.10, -34.50, 31.39
-0.12, -0.78, -0.64, -30.62, -64.00, 10.39
-0.43, -0.82, -0.72, -21.22, -64.00, -22.31
-0.74, -0.83, -0.67, -12.78, -31.77, -43.25
-0.66, -0.78, -0.66, 1.42, 11.14, -53.90
-0.38, -0.73, -0.63, 12.66, 7.58, -64.00
-0.21, -0.78, -0.58, 12.33, -10.59, -64.00
0.03, -0.83, -0.62, 10.39, 0.80, -54.63
0.35, -0.76, -0.63, 16.62, -8.12, -41.31
0.46, -0.67, -0.54, 9.66, -8.10, -23.44
0.52, -0.67, -0.46, 0.95, 4.97, 5.56
0.59, -0.67, -0.40, -19.51, 17.24, 23.29
0.51, -0.69, -0.36, -35.51, 32.88, 37.60
0.32, -0.70, -0.38, -51.86, 39.34, 42.91
0.13, -0.71, -0.39, -61.80, 28.68, 42.55
0.05, -0.70, -0.46, -64.00, -4.65, 41.74
0.04, -0.73, -0.58, -47.51, -49.52, 33.62
-0.07, -0.79, -0.71, -25.59, -64.00, 18.17
-0.36, -0.84, -0.74, -14.91, -64.00, -17.01
-0.71, -0.87, -0.71, -2.99, -27.05, -34.70
-0.65, -0.83, -0.75, 12.84, 23.60, -46.00
-0.36, -0.76, -0.72, 23.75, 34.39, -54.30
-0.15, -0.78, -0.63, 29.12, 27.50, -59.00
0.05, -0.84, -0.56, 23.95, 14.85, -52.87
0.27, -0.82, -0.53, 16.40, 4.76, -38.91
0.42, -0.73, -0.48, 6.82, 1.59, -16.00
0.51, -0.65, -0.39, -5.62, 3.16, 3.96
0.54, -0.63, -0.32, -24.34, 9.47, 26.30
0.51, -0.66, -0.32, -41.33, 17.25, 39.55
0.36, -0.69, -0.35, -56.92, 17.95, 44.56
0.15, -0.70, -0.39, -64.00, 16.72, 46.50
0.09, -0.70, -0.45, -64.00, -7.16, 48.38
0.09, -0.73, -0.55, -51.34, -38.84, 45.05
0.03, -0.78, -0.68, -35.14, -57.82, 33.63
-0.22, -0.83, -0.64, -32.84, -64.00, 9.69
-0.52, -0.86, -0.63, -21.73, -53.22, -18.14
-0.65, -0.85, -0.73, -8.37, -19.83, -34.21
-0.53, -0.82, -0.72, -2.30, 3.24, -49.17
-0.30, -0.80, -0.66, 4.66, 8.24, -56.17
-0.07, -0.82, -0.61, 8.63, -5.95, -62.64
0.07, -0.83, -0.59, 10.58, -9.48, -52.92
0.23, -0.77, -0.61, 9.14, -3.73, -33.87
0.37, -0.67, -0.58, 8.45, -4.86, -16.29
0.42, -0.60, -0.48, -1.88, 11.54, 7.96
0.47, -0.60, -0.38, -17.09, 22.03, 28.75
0.41, -0.62, -0.34, -27.31, 24.28, 34.29
0.23, -0.65, -0.38, -41.12, 27.39, 42.14
0.10, -0.70, -0.42, -52.42, 23.03, 49.03
0.09, -0.72, -0.46, -56.75, 1.76, 49.50
0.09, -0.73, -0.54, -44.57, -39.48, 45.58
0.00, -0.75, -0.68, -21.71, -63.08, 33.72
-0.23, -0.82, -0.74, -13.34, -64.00, 3.89
-0.66, -0.90, -0.73, -4.14, -61.03, -28.21
-0.80, -0.91, -0.76, 5.53, -0.19, -40.97
-0.56, -0.85, -0.70, 12.95, 36.36, -58.32
-0.30, -0.83, -0.62, 16.32, 34.07, -64.00
-0.06, -0.87, -0.58, 12.88, 19.78, -61.79
0.22, -0.86, -0.61, 11.85, 15.88, -39.52
0.49, -0.74, -0.58, 7.26, 10.68, -18.88
0.56, -0.63, -0.47, -0.61, -2.77, -4.00
0.49, -0.59, -0.38, -13.68, 13.19, 19.13
0.46, -0.59, -0.35, -30.25, 26.51, 35.99
0.31, -0.62, -0.36, -45.81, 34.26, 40.66
0.10, -0.65, -0.38, -56.72, 38.82, 45.63
0.05, -0.65, -0.43, -63.36, 28.25, 51.95
0.10, -0.67, -0.50, -57.62, -8.85, 55.02
0.12, -0.71, -0.64, -30.18, -37.98, 51.84
-0.06, -0.76, -0.73, -18.96, -52.87, 29.31
-0.47, -0.85, -0.67, -14.10, -49.71, -0.17
-0.70, -0.91, -0.70, -1.19, -10.75, -22.16
-0.61, -0.90, -0.72, 4.08, 26.77, -34.49
-0.38, -0.85, -0.63, 10.37, 40.47, -47.36
-0.15, -0.83, -0.58, 12.15, 29.79, -54.25
0.01, -0.85, -0.58, 10.57, 5.31, -54.50
0.16, -0.85, -0.60, 7.79, 5.66, -37.50
0.35, -0.74, -0.60, 6.03, 5.11, -18.87
0.46, -0.66, -0.48, -2.72, 2.58, -6.23
0.48, -0.64, -0.39, -16.97, 13.68, 16.61
0.47, -0.66, -0.38, -29.52, 23.57, 31.21
0.31, -0.68, -0.40, -44.85, 32.99, 35.99
0.12, -0.69, -0.42, -52.92, 39.43, 40.53
0.07, -0.68, -0.46, -55.21, 30.26, 47.19
0.12, -0.70, -0.51, -51.23, -11.32, 47.79
0.08, -0.75, -0.62, -29.46, -57.36, 39.56
-0.14, -0.79, -0.74, -14.78, -64.00, 15.25
-0.58, -0.82, -0.71, -4.85, -64.00, -24.19
-0.86, -0.84, -0.69, 6.06, -18.32, -40.93
-0.67, -0.79, -0.68, 14.64, 24.26, -57.56
-0.41, -0.75, -0.58, 17.51, 26.62, -64.00
-0.18, -0.81, -0.53, 15.33, 17.82, -64.00
0.15, -0.85, -0.55, 9.68, 16.40, -45.92
0.56, -0.75, -0.59, 9.83, 23.07, -13.11
0.73, -0.62, -0.47, 2.03, 4.60, 6.69
0.69, -0.62, -0.36, -14.92, 23.35, 37.17
0.66, -0.66, -0.37, -29.23, 24.39, 51.09
0.40, -0.70, -0.36, -53.50, 31.17, 52.89
0.12, -0.73, -0.34, -64.00, 32.93, 60.10
0.03, -0.72, -0.42, -64.00, -0.72, 59.02
0.04, -0.70, -0.63, -45.44, -41.47, 51.40
-0.10, -0.73, -0.76, -25.98, -64.00, 26.94
-0.52, -0.80, -0.71, -16.80, -64.00, -13.49
-0.84, -0.87, -0.71, 0.90, -52.68, -33.67
-0.79, -0.88, -0.74, 10.88, 12.12, -47.23
-0.52, -0.81, -0.64, 18.82, 46.09, -61.15
-0.20, -0.79, -0.56, 20.16, 41.49, -64.00
0.06, -0.83, -0.56, 14.52, 27.65, -51.11
0.35, -0.84, -0.60, 11.88, 25.16, -27.03
0.58, -0.73, -0.56, 3.13, 16.54, -0.29
0.66, -0.65, -0.41, -8.09, 20.03, 23.61
0.68, -0.64, -0.35, -25.48, 21.62, 40.04
0.51, -0.68, -0.35, -43.95, 16.33, 44.99
0.19, -0.73, -0.37, -61.23, 28.79, 51.69
0.04, -0.74, -0.40, -64.00, 16.15, 54.55
-0.02, -0.72, -0.50, -59.50, -25.44, 47.29
-0.09, -0.71, -0.72, -31.19, -53.69, 29.45
-0.38, -0.76, -0.75, -17.25, -64.00, -9.81
-0.76, -0.83, -0.72, -0.93, -46.32, -33.35
-0.76, -0.84, -0.73, 9.33, 17.93, -42.67
-0.47, -0.78, -0.63, 16.86, 49.44, -55.97
-0.17, -0.75, -0.55, 18.84, 45.86, -57.41
0.11, -0.80, -0.55, 15.33, 30.26, -43.61
0.38, -0.81, -0.58, 10.24, 21.28, -21.24
0.53, -0.71, -0.51, 0.80, 12.02, 2.21
0.59, -0.65, -0.40, -10.00, 16.97, 24.56
0.59, -0.66, -0.35, -26.24, 15.83, 38.66
0.41, -0.70, -0.36, -45.29, 16.87, 43.95
0.17, -0.74, -0.39, -59.65, 26.52, 51.46
0.06, -0.74, -0.42, -64.00, 13.68, 53.99
0.03, -0.75, -0.54, -49.63, -24.15, 47.22
-0.11, -0.76, -0.71, -32.89, -58.37, 25.78
-0.48, -0.77, -0.75, -14.82, -64.00, -13.11
-0.79, -0.80, -0.74, 1.97, -41.62, -39.02
-0.73, -0.80, -0.70, 13.62, 17.41, -50.67
-0.43, -0.77, -0.62, 17.81, 34.99, -59.62
-0.13, -0.78, -0.53, 18.73, 28.44, -60.03
0.14, -0.82, -0.54, 15.08, 20.64, -43.10
0.41, -0.78, -0.58, 10.94, 12.61, -23.01
0.51, -0.69, -0.52, 1.86, 8.08, -1.60
0.57, -0.67, -0.42, -8.71, 20.82, 22.22
0.60, -0.70, -0.38, -25.95, 24.11, 37.80
0.47, -0.73, -0.38, -41.05, 23.49, 41.34
0.23, -0.76, -0.40, -55.71, 31.77, 48.53
0.10, -0.77, -0.43, -63.43, 22.51, 51.62
0.06, -0.76, -0.52, -55.83, -17.09, 44.61
-0.06, -0.76, -0.68, -32.25, -47.34, 28.76
-0.34, -0.78, -0.74, -18.00, -64.00, -6.17
-0.70, -0.82, -0.72, -2.12, -56.37, -35.76
-0.76, -0.84, -0.71, 7.68, 3.50, -48.48
-0.53, -0.77, -0.64, 15.13, 34.32, -61.08
-0.24, -0.75, -0.54, 17.80, 28.97, -64.00
0.02, -0.80, -0.53, 14.16, 22.21, -55.10
0.35, -0.80, -0.59, 12.24, 17.21, -29.91
0.56, -0.71, -0.52, 3.99, 4.82, -7.11
0.65, -0.65, -0.41, -6.88, 11.04, 21.42
0.68, -0.65, -0.36, -22.75, 17.65, 43.86
0.53, -0.69, -0.34, -42.89, 21.77, 50.76
0.27, -0.73, -0.35, -60.36, 31.11, 59.56
0.12, -0.72, -0.37, -64.00, 25.85, 64.00
0.11, -0.73, -0.45, -63.96, -12.27, 62.44
0.05, -0.76, -0.66, -44.22, -43.42, 52.34
-0.27, -0.77, -0.74, -32.05, -64.00, 11.09
-0.78, -0.77, -0.73, -7.50, -64.00, -26.21
-0.94, -0.79, -0.78, 13.01, -6.91, -45.11
-0.70, -0.80, -0.73, 18.27, 40.94, -60.72
-0.38, -0.78, -0.61, 23.83, 51.87, -64.00
-0.01, -0.82, -0.56, 22.38, 36.54, -61.12
0.33, -0.84, -0.58, 17.64, 31.54, -34.56
0.57, -0.76, -0.58, 12.31, 21.02, -11.05
0.63, -0.67, -0.44, 0.75, 15.46, 9.81
0.63, -0.68, -0.36, -16.54, 26.42, 33.90
0.60, -0.73, -0.33, -38.15, 24.21, 45.35
0.39, -0.76, -0.31, -57.55, 29.52, 54.62
0.18, -0.74, -0.35, -64.00, 25.42, 61.33
0.10, -0.71, -0.43, -64.00, -9.64, 57.42
-0.01, -0.71, -0.63, -44.16, -44.50, 45.15
-0.30, -0.74, -0.73, -30.98, -64.00, 10.00
-0.75, -0.78, -0.69, -9.77, -64.00, -27.70
-0.91, -0.80, -0.71, 3.61, -16.50, -42.59
-0.64, -0.76, -0.69, 10.96, 31.50, -53.24
-0.30, -0.73, -0.58, 16.74, 40.00, -57.41
0.02, -0.77, -0.53, 15.64, 26.33, -51.32
0.31, -0.80, -0.57, 11.44, 21.71, -27.56
0.54, -0.74, -0.58, 9.38, 11.62, -7.10
0.57, -0.68, -0.47, -4.79, 13.54, 15.58
0.58, -0.71, -0.39, -19.07, 20.96, 35.86
0.54, -0.75, -0.38, -35.66, 14.93, 42.46
0.32, -0.76, -0.38, -52.92, 22.46, 52.53
0.17, -0.75, -0.41, -64.00, 21.34, 58.04
0.08, -0.73, -0.47, -62.79, -8.15, 54.86
-0.03, -0.71, -0.65, -42.62, -39.13, 41.28
-0.31, -0.72, -0.77, -24.38, -61.39, 7.93
-0.72, -0.76, -0.74, -8.48, -62.73, -30.49
-0.93, -0.80, -0.74, 7.93, -10.26, -47.86
-0.70, -0.78, -0.73, 21.11, 37.04, -61.94
-0.37, -0.75, -0.62, 24.59, 43.19, -64.00
-0.06, -0.80, -0.55, 26.81, 26.86, -64.00
0.26, -0.81, -0.58, 20.12, 28.40, -35.53
0.56, -0.72, -0.58, 16.51, 17.44, -15.66
0.60, -0.67, -0.42, 2.72, 6.90, 2.67
0.61, -0.71, -0.35, -18.52, 24.80, 33.70
0.66, -0.74, -0.34, -39.48, 24.11, 49.85
0.50, -0.74, -0.26, -60.45, 23.03, 58.29
0.27, -0.75, -0.29, -64.00, 8.59, 64.00
0.13, -0.73, -0.42, -64.00, -16.68, 64.00
0.03, -0.71, -0.62, -55.32, -37.99, 53.67
-0.27, -0.69, -0.68, -40.88, -50.06, 27.18
-0.61, -0.69, -0.66, -21.26, -41.64, -2.43
-0.72, -0.74, -0.70, -3.12, -10.57, -21.30
-0.57, -0.82, -0.69, 0.34, 29.03, -24.18
-0.24, -0.82, -0.62, 4.57, 41.79, -21.53
0.08, -0.76, -0.55, 3.19, 35.67, -10.13
0.32, -0.74, -0.50, -4.34, 22.76, 2.27
0.42, -0.75, -0.48, -12.43, 8.45, 15.98
0.42, -0.73, -0.47, -21.34, -6.03, 24.78
0.32, -0.75, -0.47, -31.12, -19.19, 31.82
0.17, -0.78, -0.52, -34.15, -23.51, 29.79
0.02, -0.79, -0.59, -36.59, -14.14, 29.17
-0.14, -0.78, -0.59, -37.74, -8.36, 21.72
-0.23, -0.77, -0.62, -23.04, -5.89, 11.81
-0.30, -0.78, -0.68, -12.91, -14.10, -8.11
-0.44, -0.81, -0.73, 0.19, -9.55, -23.48
-0.47, -0.80, -0.73, 11.02, 5.08, -34.21
-0.36, -0.75, -0.68, 21.52, 16.50, -46.64
-0.23, -0.75, -0.61, 20.59, 14.78, -52.93
-0.09, -0.78, -0.57, 20.02, 14.09, -48.22
0.09, -0.78, -0.52, 13.53, 11.51, -37.82
0.31, -0.75, -0.47, 1.29, 15.22, -15.93
0.50, -0.67, -0.46, -6.78, 21.98, 11.41
0.60, -0.62, -0.37, -24.58, 19.36, 29.54
0.59, -0.68, -0.30, -39.34, 17.85, 45.06
0.45, -0.75, -0.33, -56.60, 14.18, 52.13
0.22, -0.75, -0.37, -64.00, 10.96, 60.33
0.08, -0.72, -0.45, -64.00, -7.88, 62.25
0.01, -0.73, -0.58, -49.39, -44.47, 50.47
-0.25, -0.75, -0.69, -35.06, -59.89, 26.38
-0.68, -0.76, -0.73, -15.89, -64.00, -14.95
-0.96, -0.77, -0.76, 5.89, -27.43, -40.40
-0.84, -0.79, -0.76, 21.43, 31.49, -52.87
-0.45, -0.79, -0.67, 24.14, 44.18, -60.57
-0.08, -0.82, -0.58, 25.01, 29.41, -57.67
0.18, -0.84, -0.57, 18.72, 10.29, -44.23
0.42, -0.79, -0.62, 14.79, 18.71, -16.06
0.54, -0.68, -0.52, 3.51, 7.82, -2.53
0.51, -0.69, -0.35, -14.42, 16.61, 19.24
0.52, -0.73, -0.34, -33.72, 14.87, 34.00
0.40, -0.74, -0.34, -49.64, 15.64, 40.24
0.18, -0.73, -0.37, -58.02, 22.37, 47.16
0.04, -0.71, -0.43, -63.80, 16.54, 48.78
0.00, -0.72, -0.49, -58.22, -8.49, 47.03
-0.03, -0.74, -0.60, -39.73, -32.07, 37.37
-0.21, -0.78, -0.67, -27.43, -41.17, 14.66
-0.57, -0.82, -0.66, -16.95, -38.27, -15.84
-0.76, -0.81, -0.71, -1.34, -3.49, -30.24
-0.61, -0.77, -0.76, 15.07, 20.73, -44.12
-0.39, -0.75, -0.71, 26.40, 20.64, -57.52
-0.18, -0.80, -0.64, 28.36, 13.15, -59.71
0.03, -0.84, -0.62, 25.58, 7.96, -51.03
0.27, -0.78, -0.61, 20.76, 20.05, -29.10
0.45, -0.68, -0.50, 9.72, 15.84, -13.29
0.53, -0.68, -0.38, -7.70, 23.98, 9.66
0.59, -0.69, -0.33, -30.36, 23.95, 31.06
0.54, -0.71, -0.31, -48.49, 17.76, 38.93
0.30, -0.73, -0.34, -60.87, 17.95, 47.61
0.13, -0.71, -0.41, -64.00, 14.34, 54.07
0.03, -0.69, -0.51, -58.33, -15.73, 50.41
-0.08, -0.70, -0.67, -34.96, -34.77, 38.88
-0.36, -0.75, -0.75, -20.77, -58.07, 5.55
-0.75, -0.82, -0.74, -3.69, -50.62, -31.41
-0.89, -0.86, -0.76, 12.93, 1.13, -45.72
-0.64, -0.83, -0.72, 21.39, 33.52, -58.97
-0.30, -0.81, -0.62, 24.72, 25.61, -64.00
-0.07, -0.85, -0.59, 26.19, 4.95, -64.00
0.19, -0.86, -0.62, 24.67, 4.89, -50.85
0.43, -0.79, -0.61, 19.88, 6.83, -35.25
0.46, -0.69, -0.50, 7.91, 3.95, -27.14
0.38, -0.65, -0.40, -5.00, 11.61, -11.95
0.39, -0.66, -0.37, -23.39, 28.32, 9.60
0.44, -0.67, -0.36, -36.04, 30.26, 22.78
0.35, -0.67, -0.36, -47.51, 28.40, 32.02
0.21, -0.71, -0.37, -54.31, 23.78, 40.17
0.14, -0.73, -0.42, -56.18, 8.40, 43.49
0.07, -0.74, -0.49, -46.82, -21.41, 38.45
-0.05, -0.76, -0.59, -31.03, -38.93, 28.64
-0.26, -0.80, -0.66, -17.59, -45.58, 1.69
-0.55, -0.84, -0.69, -8.03, -33.96, -28.01
-0.68, -0.84, -0.71, 4.59, 5.82, -40.23
-0.49, -0.77, -0.71, 17.39, 31.56, -48.94
-0.20, -0.77, -0.63, 23.43, 28.63, -56.07
0.02, -0.83, -0.57, 22.75, 12.15, -51.82
0.29, -0.84, -0.60, 23.60, 17.40, -28.86
0.47, -0.73, -0.56, 20.31, -2.49, -24.89
0.45, -0.71, -0.43, 6.18, 10.78, -4.56
0.48, -0.73, -0.38, -11.66, 22.51, 13.40
0.51, -0.73, -0.32, -27.69, 34.86, 29.82
0.41, -0.74, -0.29, -47.63, 35.50, 37.85
0.26, -0.75, -0.30, -57.44, 30.73, 45.48
0.17, -0.74, -0.36, -63.57, 5.21, 46.37
0.13, -0.76, -0.46, -55.01, -28.56, 45.82
0.05, -0.79, -0.57, -38.98, -51.48, 32.19
-0.24, -0.83, -0.60, -31.79, -64.00, -1.52
-0.63, -0.86, -0.64, -15.09, -57.97, -28.27
-0.71, -0.84, -0.75, 1.77, -12.55, -39.60
-0.52, -0.78, -0.74, 19.06, 11.27, -54.90
-0.34, -0.78, -0.65, 27.74, 7.12, -64.00
-0.13, -0.84, -0.61, 28.77, 1.53, -64.00
0.17, -0.85, -0.65, 34.00, 8.54, -50.78
0.45, -0.75, -0.62, 29.69, 3.53, -39.07
0.49, -0.68, -0.46, 12.03, 14.94, -18.69
0.52, -0.66, -0.38, -4.20, 27.88, 6.80
0.60, -0.66, -0.28, -31.40, 33.02, 30.41
0.63, -0.70, -0.25, -53.57, 28.38, 48.49
0.45, -0.72, -0.26, -64.00, 23.21, 57.56
0.25, -0.70, -0.29, -64.00, 6.88, 60.23
0.13, -0.69, -0.39, -64.00, -19.05, 61.85
0.08, -0.74, -0.57, -54.79, -39.54, 52.87
-0.25, -0.76, -0.66, -47.76, -57.10, 21.43
-0.61, -0.78, -0.64, -28.79, -50.35, -3.46
-0.67, -0.83, -0.73, -3.64, -31.83, -26.34
-0.58, -0.86, -0.79, 11.00, -1.28, -37.82
-0.39, -0.80, -0.74, 24.30, 21.51, -47.29
-0.13, -0.76, -0.59, 30.85, 18.99, -55.72
0.07, -0.83, -0.53, 23.86, -5.88, -59.22
0.23, -0.88, -0.59, 21.51, 6.10, -34.26
0.44, -0.76, -0.61, 13.04, 16.80, -16.39
0.50, -0.68, -0.41, -2.00, 21.06, -0.14
0.57, -0.72, -0.32, -20.96, 35.61, 27.98
0.66, -0.76, -0.30, -46.46, 26.12, 41.43
0.51, -0.79, -0.25, -64.00, 27.50, 52.04
0.32, -0.77, -0.28, -64.00, 19.39, 62.46
0.24, -0.72, -0.38, -64.00, -11.55, 64.00
0.19, -0.72, -0.56, -59.52, -38.34, 64.00
-0.10, -0.74, -0.67, -45.25, -64.00, 32.41
-0.62, -0.73, -0.77, -17.07, -64.00, -12.67
-1.01, -0.77, -0.81, 7.48, -40.11, -42.86
-0.93, -0.84, -0.77, 23.09, 31.14, -50.12
-0.48, -0.83, -0.68, 29.51, 50.15, -61.67
-0.16, -0.80, -0.58, 33.53, 26.26, -64.00
0.09, -0.82, -0.51, 25.03, 14.54, -57.13
0.49, -0.81, -0.55, 24.13, 8.47, -29.49
0.65, -0.72, -0.50, 6.93, 0.99, -9.78
0.65, -0.68, -0.35, -12.20, 16.47, 18.26
0.71, -0.69, -0.29, -34.87, 24.34, 38.92
0.61, -0.72, -0.28, -59.46, 26.79, 49.03
0.32, -0.73, -0.30, -64.00, 30.26, 56.84
0.14, -0.69, -0.35, -64.00, 10.72, 63.62
0.12, -0.68, -0.51, -64.00, -18.60, 63.12
-0.01, -0.71, -0.71, -44.51, -43.95, 45.03
-0.37, -0.74, -0.67, -34.25, -64.00, 9.99
-0.73, -0.79, -0.70, -9.27, -58.73, -18.32
-0.83, -0.80, -0.79, 11.41, -19.42, -36.65
-0.66, -0.78, -0.76, 24.36, 32.32, -46.82
-0.33, -0.76, -0.61, 27.62, 40.32, -52.52
0.04, -0.79, -0.54, 24.68, 25.74, -47.67
0.31, -0.81, -0.56, 20.38, 11.55, -27.72
0.49, -0.75, -0.55, 10.31, 10.71, -6.33
0.52, -0.70, -0.44, -2.53, 15.34, 12.54
0.50, -0.71, -0.37, -17.09, 30.08, 32.85
0.49, -0.75, -0.38, -27.06, 31.18, 44.40
0.36, -0.74, -0.39, -40.99, 33.81, 52.45
0.22, -0.74, -0.41, -50.46, 39.34, 62.79
0.17, -0.73, -0.42, -55.52, 17.92, 64.00
0.13, -0.78, -0.51, -44.13, -15.10, 60.77
-0.03, -0.80, -0.62, -35.62, -30.23, 44.74
-0.36, -0.84, -0.61, -37.04, -48.74, 7.90
-0.72, -0.82, -0.65, -16.79, -49.22, -23.01
-0.81, -0.77, -0.80, 3.45, -10.25, -38.92
-0.62, -0.76, -0.74, 13.30, 21.81, -50.39
-0.29, -0.79, -0.61, 17.81, 29.51, -56.82
-0.03, -0.83, -0.55, 17.83, 5.83, -63.71
0.17, -0.86, -0.54, 12.04, 3.13, -41.94
0.44, -0.77, -0.65, 16.44, 23.64, -11.28
0.60, -0.65, -0.49, 0.12, 15.96, 0.85
0.58, -0.69, -0.31, -15.04, 32.58, 27.47
0.58, -0.75, -0.30, -38.87, 25.37, 37.87
0.43, -0.76, -0.29, -56.22, 32.72, 50.86
0.24, -0.74, -0.31, -64.00, 22.09, 57.71
0.13, -0.72, -0.39, -64.00, -14.31, 57.12
0.03, -0.72, -0.55, -46.42, -34.71, 52.63
-0.15, -0.78, -0.65, -38.67, -58.17, 26.68
-0.56, -0.83, -0.62, -29.94, -64.00, -7.68
-0.80, -0.82, -0.72, -6.44, -43.23, -30.79
-0.72, -0.77, -0.82, 15.79, 0.90, -45.07
-0.52, -0.74, -0.74, 24.56, 27.85, -58.37
-0.25, -0.79, -0.64, 31.22, 26.81, -64.00
-0.01, -0.87, -0.61, 30.88, 3.96, -64.00
0.21, -0.85, -0.62, 27.62, 12.39, -42.32
0.49, -0.76, -0.62, 24.82, 17.76, -23.26
0.51, -0.69, -0.47, 7.88, 12.42, -13.76
0.45, -0.71, -0.34, -11.29, 26.58, 7.65
0.51, -0.73, -0.32, -31.43, 35.04, 27.15
0.47, -0.74, -0.30, -52.81, 32.34, 37.06
0.29, -0.76, -0.30, -63.57, 28.65, 47.15
0.18, -0.74, -0.37, -64.00, 7.84, 50.85
0.11, -0.72, -0.47, -56.40, -30.80, 44.92
-0.06, -0.74, -0.62, -35.62, -53.54, 30.30
-0.34, -0.81, -0.70, -23.84, -64.00, -2.99
-0.75, -0.85, -0.72, -7.41, -53.12, -37.09
-0.87, -0.80, -0.78, 11.14, 5.26, -47.75
-0.57, -0.72, -0.73, 26.76, 32.02, -63.89
-0.30, -0.77, -0.59, 30.31, 17.72, -64.00
-0.04, -0.87, -0.55, 27.51, 10.43, -64.00
0.34, -0.84, -0.62, 30.11, 14.22, -41.11
0.55, -0.72, -0.53, 21.24, -6.55, -37.60
0.46, -0.72, -0.35, 3.27, 2.64, -15.96
0.49, -0.73, -0.37, -12.19, 21.80, 10.31
0.58, -0.67, -0.32, -32.08, 35.82, 32.69
0.52, -0.68, -0.26, -50.92, 39.72, 45.34
0.35, -0.72, -0.25, -63.40, 34.95, 52.48
0.20, -0.72, -0.31, -64.00, 29.33, 61.59
0.17, -0.72, -0.41, -64.00, -8.49, 64.00
0.12, -0.73, -0.55, -51.47, -39.79, 60.72
-0.11, -0.78, -0.61, -38.95, -64.00, 32.27
-0.51, -0.81, -0.68, -22.39, -64.00, -6.66
-0.85, -0.82, -0.80, 4.16, -52.12, -40.65
-0.86, -0.83, -0.83, 22.47, 14.25, -50.19
-0.51, -0.83, -0.73, 28.57, 40.37, -63.10
-0.18, -0.85, -0.60, 30.13, 29.37, -64.00
0.16, -0.87, -0.55, 23.51, 16.62, -52.12
0.50, -0.82, -0.58, 21.44, 14.51, -28.98
0.61, -0.73, -0.47, 7.25, -6.88, -19.54
0.54, -0.73, -0.34, -8.13, 15.10, 6.69
0.60, -0.73, -0.35, -27.88, 25.98, 29.93
0.62, -0.73, -0.27, -50.47, 28.18, 44.03
0.43, -0.77, -0.25, -64.00, 28.04, 52.25
0.23, -0.72, -0.32, -64.00, 7.29, 56.71
0.12, -0.69, -0.44, -64.00, -20.51, 58.41
0.01, -0.69, -0.63, -48.72, -46.90, 42.11
-0.29, -0.76, -0.68, -34.46, -64.00, 13.45
-0.68, -0.80, -0.74, -11.67, -59.80, -23.80
-0.87, -0.80, -0.80, 7.77, -8.96, -35.25
-0.66, -0.78, -0.76, 21.45, 37.40, -45.50
-0.33, -0.76, -0.64, 23.57, 37.72, -55.35
-0.08, -0.78, -0.55, 24.60, 21.27, -58.07
0.17, -0.82, -0.53, 22.10, 8.82, -43.19
0.43, -0.79, -0.56, 15.92, 6.34, -24.19
0.53, -0.73, -0.47, 5.72, 1.93, -7.62
0.54, -0.73, -0.36, -12.88, 19.36, 18.53
0.61, -0.75, -0.33, -31.48, 31.54, 38.41
0.54, -0.76, -0.28, -54.16, 32.86, 45.68
0.33, -0.78, -0.27, -64.00, 32.85, 55.51
0.18, -0.76, -0.35, -64.00, 5.16, 57.08
0.11, -0.73, -0.51, -63.55, -30.19, 54.29
-0.01, -0.74, -0.67, -44.64, -55.06, 39.58
-0.40, -0.76, -0.73, -29.68, -64.00, -1.73
-0.80, -0.77, -0.76, -3.06, -64.00, -34.29
-0.92, -0.77, -0.82, 17.27, 9.76, -42.50
-0.65, -0.77, -0.75, 26.01, 45.64, -54.23
-0.31, -0.77, -0.60, 27.88, 45.75, -62.22
0.00, -0.82, -0.51, 25.01, 27.19, -53.15
0.37, -0.82, -0.53, 17.30, 21.63, -28.18
0.61, -0.74, -0.51, 10.34, 6.70, -10.31
0.61, -0.71, -0.37, -7.65, 6.46, 9.45
0.59, -0.75, -0.31, -28.77, 17.47, 30.88
0.54, -0.78, -0.30, -49.45, 19.90, 40.21
0.33, -0.78, -0.30, -64.00, 26.61, 48.08
0.18, -0.74, -0.36, -64.00, 17.62, 55.55
0.12, -0.70, -0.49, -64.00, -20.36, 52.66
-0.01, -0.69, -0.67, -42.49, -45.61, 38.57
-0.32, -0.74, -0.76, -23.74, -60.27, 7.30
-0.75, -0.78, -0.76, -3.74, -59.87, -36.99
-0.94, -0.77, -0.80, 18.62, 10.13, -42.04
-0.62, -0.74, -0.74, 28.59, 48.57, -53.20
-0.21, -0.76, -0.55, 27.64, 40.69, -60.51
0.07, -0.82, -0.46, 20.28, 20.08, -49.46
0.43, -0.83, -0.51, 11.39, 27.61, -14.82
0.73, -0.73, -0.51, 4.25, 17.91, 7.42
0.74, -0.70, -0.32, -17.46, 18.27, 28.40
0.69, -0.79, -0.25, -35.48, 21.26, 44.59
0.55, -0.84, -0.26, -60.80, 19.94, 52.12
0.33, -0.81, -0.30, -64.00, 22.78, 60.45
0.14, -0.74, -0.39, -64.00, -7.02, 58.68
-0.02, -0.69, -0.59, -54.18, -33.24, 50.13
-0.25, -0.71, -0.75, -37.47, -55.29, 19.32
-0.71, -0.74, -0.71, -18.26, -64.00, -22.38
-0.90, -0.76, -0.78, 5.60, -11.45, -32.20
-0.60, -0.78, -0.75, 14.41, 37.07, -37.54
-0.24, -0.75, -0.60, 20.38, 45.75, -40.32
0.07, -0.74, -0.51, 20.01, 33.96, -36.30
0.29, -0.78, -0.48, 11.41, 14.50, -22.88
0.46, -0.81, -0.47, -1.28, 13.56, 3.27
0.59, -0.78, -0.46, -11.50, 16.19, 23.30
0.59, -0.77, -0.37, -31.82, 6.74, 33.16
0.46, -0.81, -0.32, -49.62, 4.58, 44.58
0.28, -0.78, -0.38, -61.11, -6.08, 46.96
0.07, -0.71, -0.51, -57.02, -28.42, 39.41
-0.18, -0.70, -0.67, -38.88, -41.80, 23.84
-0.48, -0.73, -0.77, -18.68, -47.39, -9.89
-0.79, -0.74, -0.77, 2.56, -23.17, -35.06
-0.76, -0.75, -0.76, 17.73, 30.13, -43.71
-0.41, -0.74, -0.68, 25.87, 44.50, -50.04
-0.08, -0.76, -0.55, 28.56, 35.47, -50.42
0.15, -0.82, -0.47, 18.97, 19.18, -39.29
0.46, -0.83, -0.49, 9.88, 22.92, -8.55
0.68, -0.75, -0.47, -1.58, 11.83, 11.00
0.68, -0.73, -0.35, -18.68, 18.35, 29.94
0.58, -0.79, -0.28, -42.74, 18.32, 42.05
0.38, -0.82, -0.28, -64.00, 18.99, 47.99
0.18, -0.76, -0.34, -64.00, 3.48, 50.05
0.03, -0.69, -0.49, -60.29, -25.25, 45.99
-0.11, -0.70, -0.66, -42.26, -44.51, 30.65
-0.46, -0.72, -0.72, -24.71, -57.05, -6.55
-0.81, -0.72, -0.74, 0.81, -36.79, -31.28
-0.78, -0.72, -0.77, 15.63, 19.02, -37.85
-0.44, -0.73, -0.66, 25.01, 42.03, -42.92
-0.06, -0.75, -0.56, 25.29, 37.25, -43.77
0.20, -0.81, -0.44, 16.08, 15.74, -33.67
0.45, -0.85, -0.47, 2.81, 13.10, -4.67
0.66, -0.80, -0.48, -6.45, 5.23, 17.51
0.67, -0.78, -0.37, -25.99, 9.35, 32.60
0.57, -0.87, -0.30, -47.93, 7.66, 42.71
0.36, -0.85, -0.33, -64.00, 1.38, 46.23
0.10, -0.76, -0.45, -64.00, -25.85, 39.17
-0.20, -0.66, -0.65, -47.38, -64.00, 18.82
-0.48, -0.66, -0.89, -4.85, -64.00, -9.91
-0.82, -0.75, -0.86, 7.86, -23.88, -42.01
-0.89, -0.80, -0.68, 17.38, 47.70, -50.37
-0.43, -0.74, -0.62, 24.42, 59.98, -53.02
-0.01, -0.74, -0.53, 25.68, 25.57, -57.27
0.18, -0.81, -0.49, 17.46, 17.42, -34.81
0.48, -0.81, -0.54, 14.66, 14.95, -12.69
0.60, -0.76, -0.45, 3.69, 6.10, -4.92
0.53, -0.76, -0.33, -13.09, 11.43, 10.71
0.50, -0.79, -0.32, -31.55, 19.79, 28.69
0.45, -0.81, -0.32, -52.95, 18.99, 35.04
0.25, -0.80, -0.35, -64.00, 13.64, 38.52
0.06, -0.75, -0.45, -64.00, -10.04, 34.35
-0.11, -0.68, -0.61, -46.97, -52.37, 16.63
-0.38, -0.66, -0.79, -7.33, -64.00, -15.73
-0.70, -0.76, -0.85, 12.99, -36.15, -41.09
-0.82, -0.81, -0.70, 19.62, 19.58, -59.07
-0.57, -0.76, -0.59, 29.48, 33.97, -64.00
-0.18, -0.77, -0.52, 27.54, 25.46, -63.50
0.33, -0.83, -0.51, 23.85, 38.17, -26.50
0.72, -0.77, -0.44, 16.50, 8.47, -15.79
0.70, -0.74, -0.28, -1.17, -6.34, 2.92
0.67, -0.79, -0.30, -18.64, 17.55, 36.26
0.76, -0.79, -0.30, -46.94, 18.22, 48.66
0.57, -0.79, -0.21, -64.00, 17.96, 56.57
0.29, -0.76, -0.31, -64.00, -1.03, 59.98
0.12, -0.67, -0.56, -64.00, -33.18, 51.57
-0.17, -0.62, -0.77, -39.96, -55.38, 27.58
-0.63, -0.68, -0.81, -11.12, -63.83, -15.22
-1.02, -0.77, -0.78, 7.57, -19.29, -37.88
-0.84, -0.81, -0.73, 19.66, 41.07, -45.42
-0.35, -0.78, -0.61, 26.05, 33.01, -62.34
-0.10, -0.81, -0.46, 22.40, -0.07, -64.00
0.19, -0.87, -0.51, 20.20, 12.08, -36.43
0.55, -0.80, -0.57, 16.56, 2.79, -18.13
0.64, -0.75, -0.43, 0.10, 6.68, 3.39
0.69, -0.78, -0.34, -15.21, 23.72, 31.19
0.81, -0.78, -0.27, -37.14, 24.29, 54.25
0.75, -0.80, -0.22, -64.00, 22.52, 64.00
0.50, -0.78, -0.27, -64.00, 17.93, 64.00
0.23, -0.69, -0.36, -64.00, -9.46, 64.00
0.03, -0.61, -0.61, -64.00, -39.48, 63.63
-0.32, -0.59, -0.85, -42.61, -64.00, 30.51
-0.91, -0.62, -0.87, -6.07, -64.00, -24.40
-1.24, -0.73, -0.78, 12.83, -8.27, -36.35
-0.79, -0.85, -0.72, 20.20, 57.23, -39.20
-0.28, -0.82, -0.63, 26.04, 41.77, -54.49
-0.05, -0.80, -0.51, 19.38, 15.85, -50.75
0.25, -0.84, -0.48, 12.76, 19.37, -23.15
0.64, -0.79, -0.52, 4.34, 19.57, 4.48
0.73, -0.74, -0.40, -15.75, 21.21, 29.54
0.75, -0.76, -0.27, -37.40, 29.40, 54.71
0.77, -0.78, -0.27, -59.98, 24.75, 64.00
0.56, -0.77, -0.31, -64.00, 16.03, 64.00
0.21, -0.73, -0.39, -64.00, -9.25, 64.00
-0.17, -0.63, -0.67, -64.00, -36.99, 54.38
-0.54, -0.56, -0.93, -32.74, -60.22, 15.68
-0.98, -0.59, -0.90, 4.46, -64.00, -24.36
-1.17, -0.73, -0.77, 17.54, -2.63, -38.93
-0.87, -0.84, -0.72, 21.74, 43.25, -45.93
-0.36, -0.79, -0.60, 24.61, 41.73, -47.92
-0.03, -0.76, -0.50, 22.34, 34.35, -38.16
0.31, -0.79, -0.46, 12.50, 29.11, -17.73
0.57, -0.79, -0.42, 0.66, 21.81, 4.90
0.64, -0.77, -0.37, -15.87, 18.89, 22.78
0.61, -0.79, -0.35, -33.34, 37.14, 50.94
0.62, -0.80, -0.38, -52.20, 33.78, 62.89
0.49, -0.78, -0.36, -64.00, 28.59, 64.00
0.25, -0.76, -0.41, -64.00, 11.51, 64.00
0.01, -0.68, -0.57, -64.00, -36.29, 57.50
-0.29, -0.61, -0.80, -39.07, -58.33, 43.47
-0.64, -0.65, -0.95, -13.20, -64.00, -2.03
-1.11, -0.70, -0.85, 7.15, -34.05, -30.56
-1.08, -0.71, -0.75, 19.70, 41.83, -36.76
-0.57, -0.66, -0.63, 23.22, 57.63, -44.20
-0.14, -0.72, -0.47, 18.65, 39.79, -41.91
0.16, -0.82, -0.47, 7.59, 24.04, -19.01
0.49, -0.80, -0.53, 1.79, 21.96, 11.80
0.60, -0.71, -0.50, -7.29, 10.29, 24.18
0.54, -0.75, -0.41, -26.05, 23.71, 43.81
0.51, -0.84, -0.41, -47.08, 29.29, 56.43
0.44, -0.86, -0.39, -64.00, 26.60, 63.30
0.28, -0.82, -0.42, -64.00, 16.36, 64.00
0.13, -0.70, -0.57, -64.00, -15.76, 64.00
-0.05, -0.61, -0.81, -58.95, -34.78, 53.45
-0.42, -0.62, -0.91, -37.93, -52.59, 19.53
-0.86, -0.68, -0.83, -21.58, -45.58, -18.56
-1.05, -0.74, -0.79, -6.99, 11.45, -33.58
-0.78, -0.72, -0.79, 0.28, 55.63, -41.05
-0.38, -0.65, -0.67, 4.92, 55.72, -49.62
-0.13, -0.66, -0.51, 5.87, 28.75, -55.90
0.07, -0.74, -0.51, 1.55, 5.14, -42.27
0.32, -0.77, -0.62, 5.05, 9.08, -20.60
0.48, -0.70, -0.58, -1.46, 6.18, -9.21
0.46, -0.69, -0.42, -15.27, 15.29, 9.29
0.50, -0.77, -0.38, -30.94, 26.54, 30.14
0.54, -0.79, -0.40, -48.65, 26.94, 41.97
0.42, -0.78, -0.40, -64.00, 26.71, 51.44
0.25, -0.73, -0.47, -64.00, 8.92, 55.57
0.05, -0.64, -0.61, -64.00, -27.51, 47.85
-0.21, -0.57, -0.84, -36.02, -55.17, 31.37
-0.51, -0.57, -0.95, -13.66, -64.00, -4.18
-0.93, -0.60, -0.88, 4.02, -40.52, -38.83
-0.97, -0.60, -0.83, 15.03, 29.89, -46.92
-0.63, -0.52, -0.78, 27.12, 64.00, -57.15
-0.30, -0.50, -0.65, 34.69, 62.60, -64.00
-0.01, -0.62, -0.56, 26.69, 46.61, -50.32
0.31, -0.72, -0.55, 19.63, 35.81, -19.22
0.58, -0.66, -0.53, 9.06, 21.84, 6.27
0.62, -0.62, -0.41, -3.53, 11.71, 24.36
0.57, -0.66, -0.35, -15.75, 18.32, 42.94
0.52, -0.72, -0.39, -35.43, 17.53, 55.06
0.32, -0.77, -0.38, -59.31, 17.07, 59.54
0.11, -0.74, -0.42, -64.00, -7.76, 57.48
-0.01, -0.68, -0.63, -51.41, -29.96, 56.22
-0.20, -0.65, -0.88, -29.46, -64.00, 25.25
-0.71, -0.62, -0.89, -1.72, -64.00, -17.92
-1.05, -0.67, -0.86, 22.76, -39.02, -42.78
-0.95, -0.75, -0.82, 31.37, 26.76, -56.78
-0.63, -0.74, -0.67, 39.43, 47.00, -64.00
-0.26, -0.73, -0.54, 41.96, 35.66, -64.00
0.09, -0.80, -0.48, 34.10, 20.90, -53.25
0.45, -0.80, -0.58, 40.88, 14.97, -31.57
0.55, -0.68, -0.56, 34.26, 1.14, -22.79
0.43, -0.68, -0.41, 19.46, 14.85, -5.41
0.45, -0.74, -0.36, 0.62, 29.13, 21.29
0.55, -0.75, -0.32, -20.79, 22.14, 32.90
0.46, -0.77, -0.26, -44.15, 11.82, 43.70
0.27, -0.77, -0.28, -60.67, -1.85, 51.02
0.10, -0.70, -0.39, -64.00, -31.54, 50.64
-0.03, -0.65, -0.57, -50.52, -50.34, 47.99
-0.25, -0.66, -0.71, -34.73, -64.00, 26.68
-0.58, -0.72, -0.70, -21.81, -64.00, 0.57
-0.89, -0.75, -0.73, 1.44, -59.01, -26.28
-0.88, -0.75, -0.76, 15.79, -5.89, -37.23
-0.64, -0.74, -0.72, 26.93, 36.71, -48.08
-0.37, -0.73, -0.63, 35.04, 41.46, -52.58
-0.10, -0.76, -0.56, 38.76, 17.53, -53.78
0.09, -0.81, -0.53, 31.02, -2.94, -37.37
0.29, -0.81, -0.57, 33.31, -1.48, -21.45
0.40, -0.75, -0.53, 26.15, -5.24, -13.66
0.35, -0.76, -0.40, 11.11, 3.74, -4.85
0.33, -0.83, -0.34, -8.40, 13.93, 12.46
0.40, -0.84, -0.35, -23.86, 22.89, 30.19
0.43, -0.82, -0.37, -40.91, 24.94, 45.60
0.34, -0.80, -0.34, -52.52, 18.91, 54.88
0.21, -0.77, -0.37, -64.00, -5.85, 56.23
0.07, -0.74, -0.44, -58.95, -40.18, 52.61
-0.09, -0.72, -0.64, -41.27, -64.00, 44.43
-0.39, -0.70, -0.75, -23.95, -64.00, 7.43
-0.82, -0.70, -0.74, 1.81, -64.00, -24.27
-1.00, -0.76, -0.73, 12.93, -4.71, -39.27
-0.77, -0.79, -0.69, 22.39, 54.82, -48.93
-0.40, -0.75, -0.61, 30.04, 63.48, -56.30
-0.09, -0.77, -0.53, 29.43, 39.86, -53.34
0.14, -0.83, -0.48, 24.69, 14.69, -37.15
0.37, -0.84, -0.49, 21.92, 10.19, -15.11
0.47, -0.78, -0.45, 13.24, 1.61, -6.11
0.38, -0.79, -0.34, -7.03, 5.87, 6.98
0.33, -0.84, -0.31, -26.96, 23.16, 28.71
0.36, -0.82, -0.32, -44.33, 25.16, 38.24
0.30, -0.79, -0.30, -59.18, 18.96, 47.94
0.16, -0.76, -0.33, -64.00, 0.03, 50.84
0.05, -0.72, -0.41, -64.00, -27.79, 47.76
-0.06, -0.70, -0.55, -54.64, -49.27, 40.93
-0.29, -0.71, -0.66, -41.01, -58.93, 23.03
-0.55, -0.72, -0.66, -25.60, -53.08, 2.21
-0.69, -0.75, -0.66, -9.19, -22.69, -14.47
-0.62, -0.79, -0.70, 0.94, 21.12, -19.21
-0.38, -0.78, -0.66, 10.07, 43.41, -25.40
-0.19, -0.76, -0.58, 15.02, 40.89, -26.47
-0.03, -0.78, -0.54, 14.68, 23.77, -23.07
0.10, -0.81, -0.51, 13.11, 6.97, -15.33
0.15, -0.81, -0.48, 5.92, -3.15, -9.04
0.15, -0.79, -0.45, -2.59, -4.26, 0.39
0.16, -0.78, -0.42, -12.73, 4.67, 11.20
0.19, -0.77, -0.40, -21.33, 10.08, 17.16
0.17, -0.77, -0.37, -34.04, 10.30, 23.29
0.11, -0.80, -0.37, -43.45, 9.65, 29.85
0.04, -0.79, -0.41, -49.94, 1.43, 31.45
-0.02, -0.77, -0.45, -50.10, -13.97, 31.19
-0.06, -0.78, -0.51, -42.73, -34.71, 27.34
-0.12, -0.80, -0.59, -34.59, -41.91, 20.78
-0.28, -0.79, -0.64, -25.98, -32.56, 5.42
-0.47, -0.76, -0.61, -17.81, -19.98, -13.12
-0.51, -0.76, -0.64, -3.00, 6.19, -18.28
-0.38, -0.78, -0.68, 2.71, 23.28, -21.25
-0.23, -0.78, -0.63, 5.13, 26.01, -23.54
-0.13, -0.78, -0.56, 3.88, 22.63, -21.95
-0.03, -0.78, -0.53, 2.70, 12.15, -20.68
0.02, -0.75, -0.51, 1.90, -2.11, -20.14
0.00, -0.75, -0.51, -2.50, -10.20, -19.33
-0.03, -0.75, -0.52, -4.92, -10.45, -15.39
-0.04, -0.74, -0.52, -6.83, -11.27, -13.67
-0.06, -0.73, -0.52, -9.26, -7.91, -11.14
-0.06, -0.74, -0.51, -9.49, -3.16, -8.92
-0.05, -0.75, -0.49, -11.07, 3.55, -5.21
0.00, -0.76, -0.46, -14.95, 10.56, 2.10
0.08, -0.77, -0.44, -20.61, 14.12, 10.56
0.14, -0.78, -0.43, -22.48, 18.98, 20.52
0.19, -0.78, -0.43, -28.38, 21.60, 30.11
0.20, -0.79, -0.44, -34.38, 18.22, 40.52
0.17, -0.78, -0.45, -36.75, 15.55, 47.56
0.13, -0.76, -0.45, -41.48, -7.42, 47.02
-0.01, -0.78, -0.50, -35.46, -36.93, 38.73
-0.24, -0.79, -0.66, -18.30, -58.88, 16.05
-0.67, -0.76, -0.77, -0.74, -59.91, -23.16
-1.04, -0.77, -0.71, 16.26, -6.21, -49.68
-0.94, -0.80, -0.62, 22.55, 53.64, -63.42
-0.54, -0.83, -0.53, 23.32, 58.71, -64.00
-0.18, -0.84, -0.49, 22.75, 26.96, -64.00
0.09, -0.83, -0.50, 21.81, 16.93, -48.47
0.44, -0.76, -0.54, 23.20, 17.10, -22.22
0.53, -0.68, -0.41, 6.82, -6.78, -12.07
0.45, -0.70, -0.31, -9.24, 16.48, 20.65
0.58, -0.70, -0.34, -27.43, 27.73, 51.57
0.61, -0.68, -0.25, -52.20, 22.65, 58.31
0.35, -0.69, -0.21, -64.00, 21.30, 64.00
0.16, -0.66, -0.28, -64.00, 12.50, 64.00
0.06, -0.64, -0.47, -64.00, -8.88, 64.00
-0.23, -0.63, -0.62, -64.00, -54.50, 51.22
-0.72, -0.61, -0.77, -26.81, -64.00, 18.80
-1.04, -0.67, -0.83, 1.86, -64.00, -19.61
-1.12, -0.82, -0.73, 16.79, -4.84, -37.15
-0.85, -0.88, -0.69, 25.56, 48.16, -48.18
-0.41, -0.79, -0.64, 36.76, 52.95, -57.10
-0.09, -0.78, -0.56, 35.27, 29.77, -55.02
0.17, -0.89, -0.50, 22.99, 10.28, -33.10
0.42, -0.90, -0.52, 20.23, 9.38, -5.59
0.50, -0.78, -0.46, 6.21, 2.39, 3.65
0.39, -0.73, -0.31, -9.15, 13.32, 15.94
0.35, -0.78, -0.24, -30.90, 28.88, 33.61
0.38, -0.81, -0.24, -46.97, 26.87, 44.12
0.29, -0.81, -0.26, -63.44, 23.79, 51.30
0.15, -0.79, -0.29, -64.00, 13.56, 57.67
0.05, -0.75, -0.36, -64.00, -14.96, 57.71
-0.08, -0.70, -0.53, -55.42, -47.75, 47.44
-0.27, -0.71, -0.70, -29.38, -55.12, 34.74
-0.54, -0.78, -0.69, -21.86, -58.88, 1.73
-0.87, -0.82, -0.61, -8.88, -33.93, -22.53
-0.82, -0.80, -0.65, 4.50, 25.41, -22.18
-0.44, -0.77, -0.65, 11.11, 47.87, -28.59
-0.18, -0.76, -0.55, 10.83, 43.17, -26.11
0.01, -0.80, -0.48, 8.78, 24.76, -20.67
0.13, -0.81, -0.47, 2.63, 1.13, -11.54
0.18, -0.81, -0.47, -4.41, -8.54, -0.75
0.16, -0.79, -0.45, -13.70, -8.38, 7.86
0.09, -0.77, -0.44, -21.25, -9.62, 11.20
-0.01, -0.76, -0.44, -26.55, -10.68, 10.66
-0.10, -0.76, -0.46, -32.43, -9.39, 10.06
-0.16, -0.76, -0.50, -33.39, -9.68, 9.56
-0.20, -0.75, -0.53, -31.02, -11.43, 8.54
-0.22, -0.74, -0.55, -26.72, -13.79, 5.19
-0.23, -0.76, -0.59, -19.40, -15.60, 1.77
-0.24, -0.77, -0.58, -13.10, -12.07, -3.85
-0.24, -0.76, -0.58, -10.47, -2.48, -4.78
-0.22, -0.77, -0.56, -8.66, 5.70, -3.82
-0.17, -0.77, -0.53, -7.90, 10.03, -4.74
-0.11, -0.77, -0.52, -8.31, 9.56, -3.26
-0.07, -0.77, -0.50, -10.55, 5.87, -1.04
-0.05, -0.77, -0.49, -12.87, 2.06, 1.39
-0.06, -0.77, -0.49, -15.13, -1.45, 2.21
-0.08, -0.76, -0.49, -19.17, -1.98, 3.40
-0.10, -0.76, -0.50, -20.31, -2.42, 4.14
-0.12, -0.76, -0.51, -22.20, -1.50, 4.51
-0.13, -0.76, -0.51, -23.38, 1.05, 5.13
-0.13, -0.76, -0.51, -23.85, 2.80, 4.30
-0.12, -0.75, -0.51, -25.74, 2.01, 4.44
-0.10, -0.75, -0.51, -27.14, 1.37, 6.08
-0.09, -0.75, -0.51, -27.80, 2.96, 7.43
-0.10, -0.74, -0.51, -26.21, 8.42, 7.47
-0.12, -0.74, -0.51, -26.48, 14.79, 7.08
-0.12, -0.76, -0.50, -28.97, 17.64, 9.34
-0.10, -0.78, -0.51, -30.48, 9.62, 10.67
-0.08, -0.78, -0.52, -30.29, -7.75, 10.70
-0.09, -0.77, -0.53, -25.67, -20.38, 10.96
-0.10, -0.79, -0.55, -22.62, -23.11, 9.71
-0.15, -0.80, -0.54, -21.49, -20.22, 4.78
-0.24, -0.78, -0.52, -22.46, -8.35, -0.65
-0.28, -0.75, -0.52, -22.04, 5.34, -2.36
-0.24, -0.74, -0.51, -23.54, 11.54, -4.39
-0.18, -0.72, -0.51, -27.15, 14.83, -3.19
-0.11, -0.71, -0.51, -30.18, 12.49, 0.86
-0.06, -0.69, -0.52, -31.85, 6.75, 4.04
-0.05, -0.66, -0.52, -32.37, 2.14, 5.59
-0.05, -0.64, -0.54, -32.95, 3.55, 7.91
-0.08, -0.65, -0.56, -34.79, 9.39, 11.06
-0.14, -0.65, -0.57, -37.88, 14.91, 10.32
-0.19, -0.67, -0.55, -38.16, 15.13, 11.79
-0.19, -0.70, -0.55, -36.76, 5.86, 13.78
-0.13, -0.73, -0.60, -32.88, -3.62, 16.40
-0.12, -0.71, -0.64, -27.39, -6.85, 15.54
-0.19, -0.68, -0.65, -23.19, 1.37, 12.49
-0.26, -0.67, -0.62, -22.70, 16.42, 8.45
-0.28, -0.69, -0.60, -25.98, 26.33, 6.95
-0.24, -0.72, -0.58, -26.97, 23.34, 7.71
-0.17, -0.73, -0.58, -28.05, 13.09, 9.30
-0.10, -0.72, -0.59, -27.04, -2.41, 12.55
-0.05, -0.71, -0.60, -26.64, -14.08, 14.74
-0.04, -0.68, -0.60, -24.85, -16.75, 18.40
-0.08, -0.66, -0.59, -24.10, -10.96, 19.70
-0.14, -0.66, -0.58, -25.35, -1.86, 21.38
-0.19, -0.68, -0.56, -26.17, 2.79, 22.46
-0.20, -0.70, -0.56, -26.01, -0.92, 24.11
-0.18, -0.72, -0.56, -23.39, -11.30, 23.48
-0.17, -0.71, -0.56, -20.57, -21.07, 22.88
-0.20, -0.70, -0.56, -19.44, -28.68, 20.44
-0.23, -0.68, -0.56, -19.21, -28.93, 18.88
-0.25, -0.67, -0.56, -18.21, -26.42, 18.43
-0.25, -0.66, -0.57, -18.31, -21.66, 20.47
-0.23, -0.65, -0.57, -18.38, -19.79, 19.49
-0.22, -0.65, -0.57, -18.19, -19.38, 21.00
-0.19, -0.64, -0.58, -19.32, -18.75, 22.61
-0.20, -0.62, -0.58, -20.83, -18.02, 23.26
-0.22, -0.61, -0.59, -20.98, -14.62, 26.83
-0.24, -0.60, -0.59, -22.19, -11.87, 29.94
-0.23, -0.60, -0.59, -22.93, -9.72, 32.40
-0.22, -0.61, -0.58, -25.32, -7.97, 36.40
-0.22, -0.63, -0.58, -26.81, -6.30, 39.38
-0.23, -0.64, -0.58, -29.32, -3.62, 42.40
-0.24, -0.63, -0.59, -28.34, 0.43, 45.14
-0.24, -0.63, -0.59, -29.26, 4.98, 46.59
-0.26, -0.63, -0.58, -30.33, 8.38, 46.20
-0.28, -0.64, -0.59, -32.12, 14.31, 47.83
-0.29, -0.64, -0.60, -32.79, 19.29, 48.89
-0.29, -0.63, -0.61, -32.88, 20.01, 50.39
-0.31, -0.62, -0.60, -34.04, 14.00, 47.99
-0.33, -0.60, -0.59, -33.46, 7.50, 45.88
-0.33, -0.62, -0.58, -33.40, 0.70, 44.21
-0.31, -0.64, -0.57, -40.99, -6.13, 47.76
-0.32, -0.66, -0.57, -33.21, -6.92, 43.97
-0.34, -0.59, -0.60, -33.74, -3.96, 43.10
-0.37, -0.58, -0.60, -34.60, 4.78, 42.08
-0.39, -0.60, -0.59, -36.32, 11.55, 40.57
-0.39, -0.60, -0.57, -38.13, 14.61, 39.84
-0.37, -0.59, -0.57, -41.71, 14.81, 40.39
-0.35, -0.58, -0.57, -42.66, 11.61, 39.57
-0.35, -0.57, -0.58, -45.18, 8.18, 41.51
-0.38, -0.56, -0.59, -44.85, 6.38, 40.43
-0.41, -0.55, -0.61, -46.41, 4.10, 40.38
-0.43, -0.55, -0.61, -45.68, 3.25, 39.38
-0.43, -0.53, -0.62, -46.31, 2.79, 38.33
-0.43, -0.53, -0.63, -45.25, 1.91, 37.38
-0.43, -0.51, -0.65, -44.87, 2.97, 37.53
-0.45, -0.49, -0.68, -43.55, 2.42, 36.04
-0.46, -0.46, -0.69, -41.45, 2.60, 34.70
-0.46, -0.44, -0.71, -41.70, 1.17, 34.51
-0.44, -0.44, -0.71, -40.32, -0.06, 35.16
-0.43, -0.44, -0.71, -39.49, 0.03, 34.88
-0.41, -0.43, -0.71, -40.93, 1.75, 35.83
-0.41, -0.41, -0.71, -40.05, 3.73, 36.83
-0.42, -0.39, -0.72, -39.46, 4.93, 37.18
-0.44, -0.37, -0.73, -39.47, 7.58, 37.84
-0.45, -0.35, -0.73, -39.12, 8.90, 37.78
-0.46, -0.34, -0.73, -39.71, 9.32, 40.26
-0.46, -0.35, -0.71, -38.81, 7.38, 38.71
-0.47, -0.35, -0.71, -39.33, 4.82, 38.75
-0.48, -0.34, -0.71, -38.01, -0.17, 36.54
-0.50, -0.33, -0.72, -37.04, -5.64, 37.01
-0.52, -0.31, -0.71, -36.92, -11.47, 34.58
-0.53, -0.31, -0.71, -35.59, -15.36, 32.61
-0.54, -0.32, -0.71, -33.47, -18.50, 30.83
-0.54, -0.31, -0.70, -32.68, -20.13, 27.34
-0.56, -0.31, -0.71, -29.14, -22.79, 24.87
-0.57, -0.30, -0.71, -28.19, -22.19, 20.53
-0.58, -0.30, -0.69, -29.17, -18.95, 15.70
-0.58, -0.31, -0.68, -30.66, -10.89, 19.63
-0.57, -0.31, -0.69, -22.19, 7.75, 12.73
-0.58, -0.30, -0.72, -26.38, 24.84, 11.59
-0.59, -0.29, -0.74, -22.23, 29.93, 8.55
-0.57, -0.27, -0.76, -19.37, 31.46, 9.11
-0.54, -0.27, -0.77, -20.25, 30.21, 7.46
-0.53, -0.29, -0.78, -21.38, 29.00, 8.10
-0.53, -0.29, -0.79, -22.26, 23.72, 7.85
-0.51, -0.28, -0.79, -22.42, 18.29, 7.23
-0.48, -0.28, -0.79, -22.64, 12.12, 8.70
-0.46, -0.27, -0.78, -21.56, 5.34, 8.67
-0.44, -0.27, -0.78, -21.34, -1.73, 8.98
-0.45, -0.27, -0.77, -22.01, -6.98, 10.31
-0.47, -0.26, -0.78, -18.91, -10.25, 6.78
-0.51, -0.24, -0.78, -18.74, -10.69, 7.15
-0.54, -0.24, -0.77, -17.71, -9.84, 4.07
-0.54, -0.24, -0.75, -15.42, -8.09, 2.99
-0.54, -0.23, -0.74, -15.78, -6.53, 4.07
-0.52, -0.24, -0.74, -15.05, -4.64, 2.91
-0.51, -0.24, -0.73, -13.18, -3.83, -0.46
-0.51, -0.23, -0.72, -12.65, -2.84, 1.98
-0.50, -0.25, -0.72, -15.73, -0.09, 2.54
-0.52, -0.26, -0.72, -15.54, 2.76, 1.02
-0.54, -0.25, -0.73, -15.87, 3.84, -1.05
-0.53, -0.24, -0.73, -14.58, 4.07, -0.92
-0.51, -0.25, -0.74, -16.77, 4.49, -0.66
-0.50, -0.26, -0.73, -17.58, 3.88, -1.23
-0.49, -0.26, -0.73, -17.53, 3.40, 0.18
-0.49, -0.25, -0.73, -17.94, 2.28, -0.65
-0.49, -0.25, -0.73, -18.21, 1.87, 0.11
-0.50, -0.25, -0.74, -15.60, 1.56, -0.66
-0.51, -0.25, -0.74, -15.94, 2.07, -0.87
-0.51, -0.26, -0.74, -15.82, 1.92, -0.43
-0.51, -0.26, -0.74, -15.66, 2.25, -0.13
-0.51, -0.25, -0.73, -16.02, 2.42, -0.54
-0.50, -0.26, -0.74, -14.83, 0.75, -0.38
-0.50, -0.25, -0.74, -13.54, 0.30, -0.50
-0.50, -0.25, -0.74, -12.84, 0.27, -0.78
-0.50, -0.25, -0.74, -12.74, 0.67, -0.77
-0.50, -0.25, -0.73, -12.36, 1.24, -0.27
-0.50, -0.25, -0.72, -12.15, 2.33, -0.45
-0.50, -0.25, -0.72, -12.71, 3.12, 0.71
-0.50, -0.25, -0.72, -11.71, 3.65, -0.09
-0.50, -0.25, -0.73, -11.83, 4.09, 0.21
-0.51, -0.24, -0.74, -11.82, 5.50, -0.53
-0.51, -0.25, -0.74, -10.91, 5.76, -1.14
-0.50, -0.25, -0.74, -11.23, 5.54, -2.08
-0.49, -0.26, -0.74, -11.20, 5.10, -1.77
-0.48, -0.26, -0.73, -12.26, 4.99, -1.45
-0.47, -0.26, -0.73, -12.73, 3.97, -1.35
-0.47, -0.26, -0.74, -12.67, 2.28, -1.35
-0.47, -0.26, -0.74, -13.06, 2.34, -1.97
-0.47, -0.26, -0.74, -13.08, 1.90, -0.71
-0.48, -0.26, -0.74, -14.07, 2.00, -2.45
-0.48, -0.26, -0.74, -13.94, 1.45, -1.33
-0.48, -0.27, -0.74, -14.67, 0.74, -1.06
-0.47, -0.27, -0.74, -16.10, 0.92, -0.05
-0.48, -0.27, -0.73, -15.79, -0.12, -0.01
-0.49, -0.27, -0.73, -15.62, 0.58, -0.27
-0.49, -0.26, -0.74, -15.70, -0.72, -0.77
-0.49, -0.26, -0.74, -15.80, -0.24, -1.16
-0.49, -0.26, -0.74, -15.67, -0.19, -0.96
-0.50, -0.26, -0.74, -14.25, -0.13, -0.60
-0.49, -0.26, -0.74, -13.77, -0.94, -1.62
-0.48, -0.26, -0.73, -13.58, -0.68, -1.60
-0.48, -0.26, -0.73, -13.57, -0.62, -0.08
-0.48, -0.26, -0.73, -13.19, 0.31, -0.47
-0.48, -0.26, -0.73, -13.58, 0.63, -0.69
-0.48, -0.26, -0.73, -12.65, 0.33, -1.08
-0.49, -0.26, -0.73, -12.71, 1.12, -1.71
-0.49, -0.26, -0.74, -11.75, 0.42, -1.63
-0.49, -0.26, -0.73, -12.88, 1.59, -1.56
-0.49, -0.27, -0.73, -12.87, 2.16, -1.12
-0.49, -0.27, -0.74, -14.04, 3.18, -0.62
-0.49, -0.27, -0.74, -13.53, 3.50, -0.89
-0.49, -0.27, -0.74, -12.71, 1.69, -1.77
-0.49, -0.27, -0.74, -13.52, 0.45, -0.71
-0.48, -0.28, -0.74, -12.60, -1.90, -0.65
-0.48, -0.28, -0.74, -13.74, -2.05, -2.19
-0.47, -0.28, -0.73, -13.54, -1.75, 0.05
-0.48, -0.28, -0.73, -15.37, -0.78, -0.59
-0.48, -0.28, -0.73, -16.07, -0.41, -0.42
-0.48, -0.28, -0.73, -15.90, 0.12, 0.30
-0.48, -0.27, -0.73, -17.22, 0.95, 1.06
-0.48, -0.27, -0.73, -16.52, 0.42, 0.82
-0.48, -0.27, -0.73, -16.28, 0.34, -0.09
-0.49, -0.27, -0.74, -16.37, -0.26, 0.80
-0.49, -0.26, -0.74, -16.27, -0.99, 0.68
-0.49, -0.26, -0.74, -16.12, -1.51, 0.47
-0.48, -0.26, -0.74, -15.85, -0.46, 0.67
-0.48, -0.26, -0.73, -15.90, -0.24, 1.58
-0.48, -0.26, -0.73, -15.98, 0.79, 1.57
-0.49, -0.27, -0.73, -15.54, 2.09, 1.57
-0.49, -0.27, -0.73, -15.46, 2.56, 1.23
-0.48, -0.26, -0.74, -15.42, 2.00, 0.95
-0.48, -0.27, -0.74, -15.16, 0.27, -0.44
-0.48, -0.27, -0.74, -14.51, -1.04, -0.07
-0.48, -0.27, -0.74, -14.40, -0.84, 0.08
-0.48, -0.26, -0.74, -14.22, -0.36, 0.13
-0.48, -0.26, -0.74, -14.04, -0.27, -0.02
-0.47, -0.27, -0.74, -15.34, -0.54, 0.35
-0.47, -0.27, -0.74, -14.75, -0.82, 1.14
-0.48, -0.27, -0.74, -15.65, -1.92, 0.19
-0.49, -0.27, -0.74, -16.03, -1.35, 1.20
-0.49, -0.27, -0.74, -16.51, -1.06, 1.57
-0.49, -0.27, -0.73, -15.48, -1.98, 1.56
-0.48, -0.27, -0.73, -15.98, -2.03, 1.17
-0.49, -0.27, -0.73, -15.35, -1.35, 0.91
-0.49, -0.27, -0.73, -14.71, -0.46, 0.71
-0.49, -0.27, -0.73, -14.90, 1.18, 0.88
-0.49, -0.27, -0.73, -14.80, 2.00, 0.20
-0.49, -0.27, -0.73, -14.85, 1.69, -0.33
-0.49, -0.27, -0.73, -15.18, 3.48, 0.95
-0.49, -0.27, -0.73, -15.92, 4.20, 0.29
-0.49, -0.27, -0.73, -16.02, 4.62, 0.19
-0.49, -0.27, -0.74, -15.55, 3.59, 0.96
-0.48, -0.26, -0.74, -14.84, 2.96, 0.92
-0.48, -0.26, -0.74, -15.46, 1.94, 0.82
-0.48, -0.26, -0.74, -15.07, 1.17, 1.61
-0.47, -0.25, -0.74, -15.15, 1.00, 0.98
-0.47, -0.26, -0.74, -15.83, 0.10, 2.16
-0.47, -0.26, -0.74, -16.24, -0.00, 1.53
-0.47, -0.26, -0.73, -16.79, -0.04, 1.80
-0.47, -0.26, -0.73, -16.34, 0.33, 2.79
-0.47, -0.26, -0.73, -16.89, 0.81, 1.28
-0.48, -0.26, -0.73, -16.24, 0.30, 1.38
-0.48, -0.27, -0.73, -17.56, 0.60, 3.13
-0.49, -0.28, -0.74, -18.16, 0.31, 1.29
-0.50, -0.27, -0.74, -16.65, -1.26, 1.99
-0.51, -0.26, -0.75, -16.27, -2.74, 1.00
-0.52, -0.27, -0.75, -15.54, -2.22, 1.10
-0.51, -0.26, -0.74, -14.61, -2.37, -0.03
-0.51, -0.25, -0.74, -14.72, -1.02, -0.83
-0.50, -0.25, -0.74, -14.85, 2.50, -0.39
-0.48, -0.25, -0.73, -15.14, 4.22, -0.10
-0.47, -0.25, -0.73, -14.01, 6.74, 1.09
-0.46, -0.25, -0.74, -14.95, 6.48, 1.19
-0.46, -0.25, -0.74, -14.96, 5.80, 1.56
-0.46, -0.26, -0.75, -15.20, 2.57, 1.25
-0.46, -0.26, -0.75, -14.36, -2.71, 0.11
-0.47, -0.26, -0.74, -13.89, -5.46, -1.31
-0.47, -0.27, -0.74, -13.25, -9.43, -0.67
-0.49, -0.27, -0.73, -14.98, -8.06, 0.11
-0.51, -0.27, -0.73, -16.47, -4.29, 0.34
-0.52, -0.26, -0.72, -15.53, 0.29, 0.21
-0.52, -0.26, -0.72, -15.78, 3.55, 0.82
-0.51, -0.25, -0.73, -14.97, 6.05, 0.55
-0.50, -0.25, -0.73, -14.31, 8.42, 0.64
-0.50, -0.25, -0.74, -13.12, 8.14, -0.79
-0.49, -0.25, -0.74, -13.22, 9.21, 0.09
-0.48, -0.25, -0.75, -13.28, 7.97, -0.63
-0.47, -0.26, -0.75, -13.34, 5.62, -0.18
-0.46, -0.26, -0.75, -12.72, 2.99, -0.12
