ax,ay,az,gx,gy,gz
-0.69, -0.44, -0.37, -16.11, -5.60, -2.09
-0.68, -0.43, -0.37, -15.79, -7.06, -2.53
-0.68, -0.44, -0.37, -16.04, -7.29, -2.48
-0.69, -0.44, -0.37, -16.29, -7.32, -1.58
-0.70, -0.43, -0.37, -15.05, -8.38, -2.12
-0.70, -0.43, -0.37, -11.66, -9.37, -4.62
-0.70, -0.44, -0.37, -12.80, -9.58, -4.12
-0.71, -0.45, -0.36, -12.41, -8.20, -3.03
-0.72, -0.46, -0.36, -13.35, -5.91, -1.27
-0.73, -0.46, -0.36, -13.78, -4.16, -2.66
-0.73, -0.45, -0.36, -14.28, -2.04, -1.20
-0.72, -0.45, -0.36, -14.03, -1.58, -0.21
-0.72, -0.45, -0.36, -13.95, -0.01, -0.35
-0.72, -0.45, -0.36, -13.78, 1.55, -1.62
-0.72, -0.45, -0.35, -14.85, 2.34, -0.20
-0.72, -0.46, -0.35, -15.61, 4.38, 1.50
-0.72, -0.46, -0.35, -15.16, 5.12, 1.75
-0.71, -0.45, -0.35, -17.19, 6.33, 2.53
-0.71, -0.45, -0.35, -17.30, 6.97, 2.82
-0.71, -0.45, -0.36, -17.06, 7.93, 2.51
-0.71, -0.45, -0.36, -16.79, 7.38, 3.62
-0.70, -0.45, -0.36, -17.60, 6.75, 3.92
-0.70, -0.45, -0.37, -17.30, 5.97, 4.21
-0.70, -0.44, -0.36, -16.16, 4.77, 3.43
-0.70, -0.44, -0.37, -15.98, 3.67, 2.63
-0.69, -0.44, -0.37, -16.75, 2.45, 2.77
-0.70, -0.44, -0.37, -15.80, 2.03, 1.84
-0.70, -0.43, -0.37, -16.27, 2.12, 2.39
-0.69, -0.44, -0.38, -15.99, 2.42, 2.55
-0.69, -0.44, -0.38, -15.71, 2.07, 1.65
-0.70, -0.44, -0.38, -15.59, 1.07, 2.12
-0.70, -0.44, -0.37, -16.24, 0.55, 1.94
-0.70, -0.44, -0.37, -15.96, 0.50, 1.07
-0.70, -0.44, -0.37, -17.16, 1.55, 0.98
-0.71, -0.45, -0.36, -16.79, 1.97, 0.26
-0.70, -0.45, -0.36, -16.65, 2.05, 0.57
-0.70, -0.44, -0.36, -16.74, 1.28, 1.08
-0.70, -0.44, -0.36, -16.26, 1.71, 0.42
-0.70, -0.44, -0.36, -16.29, 1.68, 0.02
-0.70, -0.44, -0.36, -16.32, 2.21, -0.25
-0.71, -0.44, -0.37, -15.59, 3.19, -0.15
-0.71, -0.44, -0.37, -15.44, 3.06, 0.03
-0.70, -0.43, -0.38, -15.33, 3.43, 0.32
-0.70, -0.44, -0.38, -15.62, 3.19, 0.15
-0.70, -0.44, -0.38, -15.40, 3.23, 0.97
-0.70, -0.44, -0.38, -14.93, 2.33, 0.12
-0.70, -0.44, -0.38, -15.19, 1.08, -0.29
-0.70, -0.44, -0.38, -14.71, 0.40, 0.34
-0.70, -0.43, -0.38, -15.29, 0.66, 0.33
-0.70, -0.43, -0.38, -15.15, 0.44, 0.34
-0.71, -0.44, -0.37, -15.04, 0.41, 0.15
-0.70, -0.44, -0.37, -15.32, -0.00, 0.27
-0.70, -0.44, -0.37, -15.14, 1.40, 0.22
-0.70, -0.44, -0.37, -14.91, 1.78, 0.23
-0.70, -0.44, -0.37, -15.79, 2.11, 0.33
-0.70, -0.44, -0.37, -15.22, 1.44, -0.10
-0.70, -0.44, -0.37, -14.80, 0.83, -0.25
-0.70, -0.44, -0.38, -15.36, 1.20, 0.02
-0.70, -0.44, -0.38, -15.02, 1.41, 0.71
-0.70, -0.44, -0.38, -14.91, 1.30, 0.13
-0.70, -0.44, -0.38, -15.24, 0.90, -0.04
-0.70, -0.44, -0.38, -15.18, 0.16, -0.11
-0.70, -0.43, -0.38, -14.96, 0.22, -0.23
-0.70, -0.44, -0.38, -15.21, 0.29, -0.99
-0.70, -0.44, -0.38, -14.40, -0.87, -1.00
-0.70, -0.44, -0.38, -14.76, -1.29, -0.62
-0.70, -0.44, -0.37, -15.12, -1.31, -1.06
-0.70, -0.44, -0.37, -14.83, -0.90, 0.49
-0.71, -0.44, -0.37, -15.97, -0.44, -0.49
-0.71, -0.44, -0.37, -16.24, -0.33, 0.01
-0.70, -0.44, -0.38, -15.92, -0.48, 0.33
-0.70, -0.44, -0.37, -15.68, 0.02, 0.51
-0.70, -0.44, -0.37, -15.11, -0.39, 0.04
-0.70, -0.43, -0.37, -14.71, -0.29, -0.65
-0.70, -0.43, -0.37, -15.08, 0.11, -0.39
-0.70, -0.44, -0.37, -15.11, 0.75, -0.45
-0.71, -0.44, -0.37, -15.04, 0.79, -0.29
-0.70, -0.44, -0.37, -15.05, -0.44, -0.14
-0.70, -0.44, -0.37, -15.40, -0.91, 0.29
-0.70, -0.44, -0.37, -14.94, -0.95, 0.38
-0.70, -0.44, -0.37, -15.06, 0.47, -0.32
-0.71, -0.44, -0.37, -15.97, 0.38, 0.26
-0.71, -0.44, -0.37, -15.08, 0.59, -0.30
-0.70, -0.44, -0.37, -15.18, 0.34, -0.35
-0.70, -0.44, -0.37, -15.21, 0.64, -0.21
-0.70, -0.44, -0.37, -14.87, -0.28, -0.99
-0.70, -0.44, -0.37, -14.78, -0.81, -0.03
-0.70, -0.44, -0.37, -14.99, -1.43, 0.23
-0.70, -0.44, -0.37, -14.87, -2.04, 0.08
-0.70, -0.44, -0.37, -14.65, -2.42, 0.08
-0.71, -0.44, -0.37, -15.17, -2.56, -0.38
-0.70, -0.44, -0.37, -15.22, -1.96, 0.18
-0.70, -0.44, -0.37, -15.41, -1.69, -0.40
-0.70, -0.44, -0.37, -14.81, -2.74, -0.22
-0.70, -0.44, -0.37, -14.79, -0.94, -0.56
-0.71, -0.44, -0.36, -15.79, -0.68, -0.62
-0.71, -0.44, -0.37, -15.19, -3.74, -0.31
-0.71, -0.44, -0.37, -13.81, -5.84, -0.84
-0.70, -0.45, -0.37, -14.10, -5.18, 1.55
-0.70, -0.45, -0.36, -14.93, -4.83, 1.91
-0.71, -0.45, -0.36, -15.07, -3.46, 1.01
-0.72, -0.44, -0.35, -14.85, -1.96, -0.05
-0.72, -0.44, -0.35, -15.21, -1.62, -0.11
-0.72, -0.44, -0.35, -15.49, -1.04, 0.08
-0.71, -0.44, -0.36, -15.36, 0.34, 0.04
-0.71, -0.44, -0.36, -15.49, 1.55, -0.09
-0.71, -0.44, -0.36, -15.92, 1.46, -0.13
-0.71, -0.44, -0.36, -15.32, 1.47, -0.35
-0.71, -0.44, -0.36, -16.25, 1.07, -1.13
-0.71, -0.44, -0.36, -14.77, 0.56, -0.77
-0.71, -0.44, -0.36, -13.82, 0.31, -0.86
-0.71, -0.44, -0.36, -14.55, 0.38, 0.27
-0.71, -0.44, -0.36, -15.54, 0.15, 0.29
-0.71, -0.44, -0.36, -15.02, -0.46, 0.20
-0.71, -0.44, -0.36, -15.32, -0.28, -0.43
-0.71, -0.44, -0.35, -15.60, 0.47, -0.19
-0.71, -0.44, -0.35, -15.72, 0.88, -0.65
-0.71, -0.44, -0.35, -14.86, 1.05, -1.24
-0.71, -0.44, -0.36, -15.12, 1.29, 0.73
-0.71, -0.44, -0.36, -16.04, 1.11, -0.81
-0.71, -0.44, -0.36, -15.12, 1.25, 0.28
-0.71, -0.44, -0.36, -16.24, 1.10, -0.15
-0.70, -0.44, -0.36, -16.74, 1.23, -0.36
-0.71, -0.44, -0.36, -15.79, -0.11, 0.57
-0.71, -0.44, -0.36, -15.78, -0.06, -0.35
-0.71, -0.44, -0.36, -15.41, -0.91, -0.04
-0.71, -0.44, -0.36, -15.13, -0.49, 1.07
-0.71, -0.44, -0.36, -16.09, -0.19, 0.09
-0.71, -0.44, -0.36, -15.17, -0.05, 0.62
-0.71, -0.44, -0.36, -15.86, -0.04, 0.12
-0.71, -0.44, -0.36, -16.14, -0.62, -0.17
-0.71, -0.44, -0.36, -15.45, -0.63, 0.04
-0.71, -0.44, -0.36, -15.75, -0.19, 0.40
-0.71, -0.44, -0.36, -15.80, -0.54, 0.47
-0.71, -0.44, -0.36, -15.99, 0.61, 0.72
-0.71, -0.44, -0.36, -14.80, -0.08, -0.48
-0.71, -0.44, -0.36, -15.28, -0.96, 0.51
-0.71, -0.44, -0.36, -15.81, -4.07, -0.25
-0.70, -0.44, -0.37, -15.25, -5.05, 1.35
-0.70, -0.44, -0.36, -15.02, -4.73, 1.44
-0.71, -0.43, -0.35, -13.99, -3.62, 0.30
-0.73, -0.44, -0.35, -15.33, -1.66, -0.66
-0.73, -0.44, -0.35, -14.72, -1.78, -0.22
-0.72, -0.44, -0.35, -14.97, -1.20, -0.94
-0.72, -0.44, -0.35, -16.10, 0.70, -1.08
-0.73, -0.44, -0.35, -17.04, 2.06, -1.02
-0.75, -0.44, -0.34, -17.93, 5.82, -0.93
-0.75, -0.44, -0.35, -18.90, 7.45, 0.73
-0.73, -0.45, -0.35, -21.63, 12.59, 1.74
-0.74, -0.46, -0.33, -21.24, 15.58, 2.20
-0.73, -0.45, -0.35, -22.64, 14.82, 0.47
-0.72, -0.44, -0.38, -21.23, 12.95, -0.38
-0.72, -0.44, -0.38, -20.66, 10.57, -0.35
-0.70, -0.44, -0.38, -21.49, 7.56, 0.98
-0.68, -0.44, -0.38, -18.82, 3.54, 1.22
-0.69, -0.42, -0.39, -17.68, -2.50, -2.93
-0.71, -0.41, -0.41, -14.66, -9.89, -5.67
-0.71, -0.42, -0.42, -13.12, -16.80, -5.27
-0.69, -0.42, -0.42, -11.60, -23.45, -3.81
-0.68, -0.43, -0.41, -12.60, -28.53, -3.19
-0.70, -0.42, -0.42, -11.30, -39.92, -3.11
-0.71, -0.40, -0.44, -7.23, -50.22, -5.32
-0.74, -0.40, -0.42, -8.96, -57.10, -3.17
-0.74, -0.39, -0.40, -7.51, -60.96, -1.19
-0.74, -0.35, -0.39, -7.64, -61.99, -0.01
-0.74, -0.36, -0.36, -4.36, -61.78, 1.48
-0.73, -0.38, -0.35, -11.57, -52.44, 6.92
-0.76, -0.37, -0.34, -16.96, -37.73, 17.21
-0.82, -0.34, -0.33, -6.04, -40.37, 10.29
-0.81, -0.36, -0.32, -15.11, -22.67, 18.69
-0.76, -0.39, -0.32, -16.70, -32.79, 34.66
-0.77, -0.39, -0.32, -22.38, -26.30, 28.83
-0.80, -0.41, -0.34, -3.46, -30.80, 1.69
-0.74, -0.46, -0.36, -2.04, -47.33, 0.74
-0.66, -0.50, -0.34, -7.71, -64.00, 2.85
-0.69, -0.49, -0.28, -4.87, -64.00, -1.27
-0.79, -0.45, -0.25, -1.78, -64.00, -9.54
-0.89, -0.42, -0.25, -3.04, -53.96, -7.20
-0.86, -0.43, -0.19, -8.73, -23.34, 7.58
-0.75, -0.47, -0.12, -16.63, -17.62, 21.76
-0.69, -0.49, -0.09, -22.72, -26.36, 19.99
-0.71, -0.48, -0.08, -23.07, -26.37, 9.80
-0.78, -0.47, -0.08, -24.25, -27.92, 1.76
-0.82, -0.49, -0.09, -23.45, -30.27, 3.93
-0.80, -0.50, -0.06, -24.45, -31.13, 8.83
-0.79, -0.51, -0.04, -28.71, -18.03, 9.25
-0.82, -0.52, -0.04, -31.18, -1.23, 8.78
-0.82, -0.51, -0.02, -32.80, 7.85, 9.51
-0.79, -0.49, -0.00, -34.01, 12.82, 9.36
-0.75, -0.47, -0.00, -37.19, 13.53, 9.18
-0.73, -0.46, -0.00, -40.90, 11.32, 11.96
-0.71, -0.46, 0.00, -43.28, 9.46, 14.97
-0.73, -0.44, -0.00, -43.65, 9.86, 16.79
-0.75, -0.40, -0.02, -40.64, 12.48, 14.07
-0.79, -0.38, -0.05, -38.99, 13.73, 15.02
-0.81, -0.38, -0.08, -37.68, 15.39, 15.12
-0.81, -0.37, -0.10, -33.57, 13.65, 14.90
-0.81, -0.35, -0.13, -29.76, 14.06, 14.52
-0.81, -0.35, -0.16, -26.74, 12.59, 15.12
-0.81, -0.35, -0.18, -22.82, 13.22, 14.57
-0.80, -0.36, -0.21, -18.74, 8.43, 15.53
-0.77, -0.35, -0.23, -14.72, -1.26, 14.83
-0.76, -0.35, -0.24, -8.67, -14.55, 13.52
-0.79, -0.36, -0.25, -4.91, -19.35, 13.16
-0.82, -0.38, -0.26, -3.29, -16.22, 11.42
-0.86, -0.39, -0.23, -3.53, -11.11, 7.36
-0.88, -0.38, -0.21, -2.20, -6.48, 8.07
-0.87, -0.39, -0.19, -4.23, -0.45, 9.82
-0.86, -0.40, -0.18, -8.58, 3.82, 8.76
-0.84, -0.40, -0.16, -13.69, 2.74, 9.62
-0.82, -0.38, -0.13, -16.16, 3.46, 7.80
-0.82, -0.37, -0.12, -19.48, 5.51, 8.87
-0.83, -0.35, -0.12, -24.30, 8.23, 6.33
-0.85, -0.33, -0.13, -26.18, 10.26, 8.17
-0.85, -0.31, -0.14, -27.25, 11.80, 8.07
-0.85, -0.29, -0.15, -29.15, 11.24, 6.15
-0.83, -0.27, -0.16, -29.65, 10.16, 5.05
-0.82, -0.25, -0.17, -28.80, 8.31, 6.03
-0.82, -0.24, -0.19, -29.20, 6.95, 6.65
-0.82, -0.23, -0.20, -27.46, 4.94, 8.85
-0.80, -0.21, -0.21, -26.21, -1.29, 4.12
-0.79, -0.21, -0.21, -24.66, -6.20, 5.78
-0.79, -0.21, -0.21, -22.82, -10.39, 4.88
-0.80, -0.21, -0.20, -20.55, -12.76, 5.57
-0.81, -0.23, -0.19, -17.97, -14.81, 7.44
-0.83, -0.24, -0.18, -15.54, -13.39, 5.30
-0.83, -0.24, -0.17, -13.13, -14.49, 3.51
-0.83, -0.26, -0.16, -11.16, -14.61, 7.08
-0.84, -0.28, -0.15, -10.21, -14.03, 3.33
-0.85, -0.29, -0.15, -7.41, -13.90, 3.16
-0.85, -0.30, -0.14, -7.72, -11.81, 2.32
-0.86, -0.32, -0.13, -6.18, -8.97, 2.14
-0.86, -0.33, -0.13, -5.81, -6.58, 3.05
-0.86, -0.33, -0.12, -3.96, -5.58, -1.56
-0.86, -0.33, -0.13, -5.32, -3.72, 1.70
-0.85, -0.34, -0.14, -5.17, -3.04, -1.02
-0.85, -0.33, -0.14, -4.92, -3.07, 0.43
-0.85, -0.33, -0.15, -2.53, -1.35, -1.90
-0.85, -0.33, -0.16, -2.62, -3.90, -1.78
-0.84, -0.33, -0.16, -6.24, -3.48, 1.95
-0.84, -0.33, -0.15, -5.40, -2.98, -2.85
-0.83, -0.32, -0.15, -3.59, -5.78, -0.94
-0.83, -0.32, -0.16, -5.87, -6.81, 0.83
-0.84, -0.32, -0.16, -6.78, -7.98, -3.11
-0.85, -0.32, -0.15, -8.47, -7.19, -0.56
-0.86, -0.32, -0.15, -11.16, -4.68, -1.57
-0.85, -0.31, -0.14, -11.07, -2.72, -1.95
-0.84, -0.30, -0.14, -11.89, -3.79, -1.05
-0.83, -0.30, -0.13, -15.08, -3.49, 0.95
-0.83, -0.29, -0.13, -15.12, -2.71, -2.00
-0.83, -0.25, -0.14, -14.96, -1.73, -0.91
-0.82, -0.28, -0.14, -16.05, -1.37, -1.02
-0.81, -0.27, -0.13, -16.73, -0.82, 0.14
-0.80, -0.26, -0.12, -15.52, -2.90, -0.19
-0.80, -0.26, -0.11, -14.74, -4.59, -0.60
-0.80, -0.26, -0.10, -12.89, -7.24, 1.50
-0.80, -0.25, -0.09, -11.67, -10.70, 2.33
-0.81, -0.25, -0.09, -11.38, -12.60, 4.47
-0.82, -0.26, -0.08, -9.96, -14.18, -0.29
-0.83, -0.26, -0.07, -6.78, -13.39, 2.39
-0.84, -0.27, -0.07, -6.50, -10.79, 0.78
-0.85, -0.28, -0.08, -3.85, -6.64, 4.52
-0.85, -0.28, -0.09, -2.74, -3.65, 4.77
-0.84, -0.28, -0.08, -1.89, -3.80, 10.02
-0.84, -0.28, -0.08, 1.44, -5.44, 6.77
-0.83, -0.28, -0.08, 5.12, -6.77, 8.79
-0.84, -0.29, -0.08, 8.93, -7.84, 9.63
-0.85, -0.30, -0.07, 10.49, -7.12, 6.70
-0.86, -0.31, -0.04, 11.07, -5.71, 6.20
-0.86, -0.31, -0.01, 12.72, -5.66, 9.17
-0.86, -0.30, -0.00, 13.40, -5.96, 7.95
-0.87, -0.31, 0.00, 12.62, -3.48, 5.15
-0.87, -0.31, 0.01, 11.52, -0.44, 6.63
-0.87, -0.32, 0.01, 9.04, 0.65, 4.45
-0.88, -0.33, -0.01, 8.54, 2.13, 6.53
-0.90, -0.34, -0.02, 7.12, 3.49, 2.66
-0.92, -0.33, -0.02, 4.47, 6.95, 0.76
-0.94, -0.33, 0.01, 1.78, 17.65, -2.42
-0.97, -0.33, -0.02, 0.64, 29.36, -2.52
-1.00, -0.32, -0.10, 11.16, 57.74, -15.59
-1.01, -0.32, -0.15, 17.02, 64.00, -23.97
-1.02, -0.35, -0.12, 12.38, 64.00, -31.79
-1.01, -0.39, -0.08, 4.23, 64.00, -29.92
-0.97, -0.39, -0.14, -2.20, 64.00, -20.90
-0.91, -0.35, -0.26, 2.85, 64.00, -18.76
-0.82, -0.32, -0.34, -4.10, 64.00, -10.29
-0.75, -0.32, -0.32, -17.59, 33.09, 0.44
-0.73, -0.33, -0.26, -25.37, 7.23, 2.42
-0.74, -0.33, -0.27, -22.50, -7.96, -2.86
-0.78, -0.31, -0.29, -30.07, -29.17, 0.29
-0.79, -0.30, -0.30, -28.17, -42.70, -2.00
-0.81, -0.29, -0.30, -18.87, -46.81, -2.89
-0.85, -0.29, -0.30, -9.21, -33.00, -12.53
-0.92, -0.31, -0.22, -16.83, -23.98, -13.93
-0.92, -0.35, -0.18, -20.82, -3.58, -6.86
-0.89, -0.35, -0.18, -24.49, 9.56, -8.07
-0.90, -0.34, -0.24, -19.76, 21.47, -8.25
-0.89, -0.34, -0.30, -21.83, 27.09, -6.44
-0.84, -0.37, -0.27, -24.71, 32.10, -3.46
-0.81, -0.40, -0.20, -34.11, 35.00, -8.71
-0.83, -0.41, -0.21, -35.49, 38.07, -10.91
-0.86, -0.39, -0.30, -36.22, 38.22, -14.14
-0.86, -0.39, -0.37, -36.17, 32.67, -19.54
-0.86, -0.43, -0.40, -33.01, 30.38, -23.25
-0.85, -0.47, -0.41, -32.04, 25.99, -28.45
-0.87, -0.50, -0.39, -36.22, 33.70, -35.91
-0.89, -0.52, -0.35, -39.50, 44.66, -41.03
-0.90, -0.54, -0.34, -41.99, 54.92, -48.17
-0.90, -0.54, -0.38, -39.84, 59.95, -54.29
-0.87, -0.54, -0.43, -36.98, 59.08, -61.08
-0.84, -0.55, -0.44, -33.60, 57.44, -64.00
-0.82, -0.56, -0.43, -30.58, 54.36, -64.00
-0.82, -0.57, -0.43, -30.30, 55.46, -64.00
-0.82, -0.58, -0.42, -28.86, 56.18, -64.00
-0.83, -0.58, -0.42, -28.48, 60.40, -64.00
-0.80, -0.57, -0.41, -29.10, 64.00, -64.00
-0.77, -0.57, -0.38, -28.74, 64.00, -64.00
-0.74, -0.55, -0.38, -24.63, 64.00, -64.00
-0.69, -0.53, -0.43, -18.19, 64.00, -64.00
-0.64, -0.52, -0.46, -11.78, 59.22, -64.00
-0.62, -0.53, -0.47, -6.21, 44.65, -64.00
-0.61, -0.54, -0.49, 1.24, 35.75, -64.00
-0.62, -0.55, -0.50, 4.95, 32.30, -64.00
-0.65, -0.57, -0.47, 5.08, 38.98, -64.00
-0.65, -0.60, -0.44, 5.65, 49.43, -64.00
-0.62, -0.62, -0.42, 5.56, 55.77, -64.00
-0.59, -0.63, -0.43, 5.31, 58.80, -64.00
-0.56, -0.64, -0.44, 5.61, 62.32, -64.00
-0.52, -0.65, -0.45, 5.62, 64.00, -64.00
-0.48, -0.65, -0.46, 6.23, 64.00, -64.00
-0.41, -0.65, -0.46, 5.36, 63.07, -64.00
-0.36, -0.66, -0.43, 3.65, 58.13, -64.00
-0.32, -0.67, -0.42, 2.57, 54.24, -64.00
-0.28, -0.67, -0.44, 1.76, 53.67, -64.00
-0.25, -0.67, -0.45, 2.08, 50.88, -64.00
-0.23, -0.66, -0.45, 0.31, 47.38, -64.00
-0.20, -0.66, -0.45, -1.43, 47.38, -64.00
-0.16, -0.66, -0.45, -3.60, 47.50, -64.00
-0.13, -0.64, -0.44, -5.22, 50.98, -64.00
-0.09, -0.61, -0.43, -3.95, 49.35, -64.00
-0.04, -0.59, -0.44, -2.11, 45.23, -64.00
0.02, -0.58, -0.44, -0.30, 38.08, -64.00
0.06, -0.58, -0.42, -0.36, 36.02, -64.00
0.07, -0.57, -0.41, 2.26, 47.31, -64.00
0.09, -0.57, -0.40, 4.66, 60.73, -64.00
0.12, -0.57, -0.37, 5.85, 64.00, -64.00
0.18, -0.58, -0.34, 7.05, 64.00, -54.59
0.23, -0.59, -0.32, 11.00, 64.00, -49.80
0.28, -0.60, -0.30, 16.77, 64.00, -42.57
0.34, -0.62, -0.30, 20.79, 57.31, -35.06
0.33, -0.65, -0.29, 22.33, 51.51, -26.81
0.36, -0.68, -0.27, 27.42, 41.80, -18.03
0.38, -0.70, -0.28, 29.17, 27.46, -10.92
0.37, -0.74, -0.29, 34.45, 22.18, -9.17
0.32, -0.77, -0.29, 34.89, 24.10, -8.69
0.30, -0.82, -0.28, 31.76, 30.05, -5.64
0.33, -0.85, -0.26, 28.26, 28.94, -1.19
0.37, -0.86, -0.25, 27.09, 22.27, 3.12
0.38, -0.86, -0.27, 25.88, 13.73, 4.55
0.38, -0.86, -0.29, 24.28, 2.72, 4.75
0.36, -0.86, -0.29, 22.25, -13.00, 3.19
0.33, -0.86, -0.30, 17.39, -23.83, 4.09
0.32, -0.88, -0.31, 12.13, -34.05, 5.88
0.29, -0.89, -0.33, 6.88, -37.18, 6.13
0.28, -0.87, -0.33, 3.29, -35.49, 5.04
0.26, -0.86, -0.33, -2.92, -31.22, 4.59
0.23, -0.86, -0.34, -8.61, -22.73, 6.84
0.22, -0.89, -0.36, -12.76, -17.87, 7.66
0.24, -0.89, -0.36, -13.34, -17.18, 13.69
0.28, -0.87, -0.35, -18.56, -23.98, 18.53
0.28, -0.85, -0.34, -19.04, -31.01, 27.06
0.27, -0.82, -0.32, -19.52, -41.64, 32.26
0.26, -0.78, -0.28, -19.77, -56.10, 39.79
0.25, -0.74, -0.23, -18.83, -64.00, 45.69
0.23, -0.71, -0.20, -18.16, -64.00, 52.37
0.15, -0.72, -0.21, -20.73, -64.00, 57.00
0.08, -0.74, -0.23, -24.54, -59.12, 61.23
0.04, -0.76, -0.25, -28.48, -51.28, 64.00
0.05, -0.75, -0.26, -32.18, -51.43, 64.00
0.08, -0.77, -0.27, -34.75, -58.75, 64.00
0.10, -0.81, -0.30, -35.65, -64.00, 64.00
0.08, -0.85, -0.34, -35.87, -64.00, 64.00
0.03, -0.87, -0.37, -33.23, -64.00, 60.52
-0.04, -0.89, -0.39, -33.82, -64.00, 55.63
-0.10, -0.92, -0.41, -32.74, -58.36, 49.78
-0.14, -0.94, -0.47, -35.43, -41.14, 42.75
-0.14, -0.97, -0.47, -35.40, -28.36, 34.85
-0.14, -1.00, -0.51, -35.61, -22.45, 28.16
-0.12, -1.01, -0.53, -36.29, -24.56, 21.59
-0.10, -1.02, -0.54, -33.66, -31.32, 13.37
-0.10, -1.03, -0.55, -32.98, -35.95, 6.70
-0.11, -1.03, -0.55, -31.46, -35.56, -1.52
-0.14, -1.02, -0.55, -27.22, -33.34, -9.45
-0.17, -0.99, -0.56, -23.29, -24.62, -17.78
-0.19, -0.97, -0.55, -24.38, -11.74, -20.31
-0.19, -0.95, -0.52, -26.45, 2.26, -24.04
-0.18, -0.92, -0.50, -25.96, 10.61, -25.77
-0.15, -0.88, -0.48, -24.86, 12.11, -28.24
-0.11, -0.85, -0.48, -24.59, 9.89, -28.45
-0.09, -0.83, -0.48, -22.76, 5.75, -28.39
-0.09, -0.81, -0.48, -22.49, 3.86, -27.90
-0.11, -0.80, -0.45, -24.66, 6.76, -30.08
-0.13, -0.80, -0.43, -26.22, 13.63, -29.28
-0.13, -0.80, -0.43, -28.58, 22.63, -28.72
-0.12, -0.81, -0.44, -31.72, 30.68, -29.12
-0.10, -0.82, -0.44, -33.32, 33.76, -29.06
-0.08, -0.83, -0.46, -34.12, 35.26, -30.74
-0.07, -0.84, -0.47, -35.31, 36.95, -31.75
-0.05, -0.86, -0.47, -37.81, 37.04, -31.06
-0.03, -0.88, -0.44, -39.50, 35.22, -31.79
-0.04, -0.91, -0.45, -38.58, 38.01, -34.46
-0.04, -0.93, -0.47, -36.87, 39.71, -38.14
-0.03, -0.97, -0.46, -36.18, 38.32, -42.27
-0.01, -0.94, -0.44, -35.66, 38.61, -46.02
0.01, -0.92, -0.42, -35.04, 39.66, -50.19
0.03, -0.88, -0.42, -32.14, 44.11, -53.37
0.05, -0.82, -0.44, -28.41, 48.79, -56.53
0.08, -0.78, -0.43, -25.93, 56.35, -54.27
0.13, -0.75, -0.37, -27.88, 55.84, -49.94
0.21, -0.73, -0.37, -26.29, 49.27, -42.38
0.27, -0.70, -0.35, -25.06, 39.79, -33.15
0.29, -0.68, -0.35, -24.60, 28.45, -26.41
0.29, -0.67, -0.36, -24.10, 15.20, -19.17
0.28, -0.67, -0.35, -25.43, -1.05, -12.44
0.27, -0.69, -0.31, -28.85, -17.87, -4.29
0.26, -0.71, -0.29, -30.60, -31.54, 0.79
0.24, -0.71, -0.33, -27.38, -44.94, 4.69
0.20, -0.70, -0.37, -26.69, -46.83, 9.37
0.14, -0.71, -0.38, -24.89, -45.15, 10.17
0.09, -0.73, -0.40, -23.52, -43.18, 7.62
0.07, -0.75, -0.42, -18.59, -39.29, 5.71
0.08, -0.76, -0.44, -15.89, -38.12, 4.50
0.08, -0.76, -0.46, -11.09, -37.04, 0.99
0.09, -0.76, -0.52, -5.12, -32.24, -1.05
0.09, -0.78, -0.53, -2.64, -29.08, -3.68
0.09, -0.80, -0.50, -4.45, -21.88, -5.07
0.13, -0.83, -0.51, -4.04, -17.63, -3.24
0.16, -0.82, -0.51, -5.11, -14.69, -2.64
0.18, -0.81, -0.51, -5.70, -11.94, -0.04
0.19, -0.79, -0.53, -6.53, -10.56, 2.31
0.19, -0.79, -0.52, -8.92, -10.85, 3.33
0.19, -0.80, -0.52, -12.05, -9.17, 7.29
0.17, -0.80, -0.52, -14.37, -6.91, 7.99
0.14, -0.80, -0.51, -20.07, -4.88, 7.42
0.14, -0.81, -0.49, -24.92, -6.76, 7.46
0.15, -0.82, -0.51, -27.53, -11.71, 7.33
0.15, -0.82, -0.54, -27.55, -12.89, 9.98
0.13, -0.83, -0.54, -26.82, -14.29, 6.51
0.11, -0.86, -0.54, -25.35, -12.65, 5.51
0.09, -0.89, -0.53, -24.85, -11.72, 1.77
0.07, -0.89, -0.53, -25.35, -6.84, -2.57
0.05, -0.88, -0.52, -23.53, -3.93, -5.57
0.04, -0.87, -0.51, -22.95, 0.49, -9.22
0.07, -0.87, -0.51, -22.27, 0.95, -11.25
0.09, -0.84, -0.51, -22.10, -0.03, -12.37
0.10, -0.81, -0.51, -22.70, -2.18, -11.13
0.10, -0.79, -0.50, -22.38, -3.28, -9.76
0.11, -0.77, -0.50, -22.40, -1.40, -7.61
0.14, -0.74, -0.50, -21.96, -3.57, -5.94
0.14, -0.72, -0.50, -22.87, -1.40, -2.35
0.13, -0.72, -0.51, -22.16, 1.70, 1.73
0.11, -0.71, -0.52, -21.78, 2.87, 2.19
0.10, -0.72, -0.52, -23.07, 2.79, 3.42
0.11, -0.74, -0.52, -23.12, 0.51, 4.81
0.13, -0.75, -0.53, -24.38, -2.19, 5.45
0.13, -0.75, -0.54, -23.56, -3.80, 5.92
0.11, -0.76, -0.56, -21.71, -1.21, 6.09
0.09, -0.78, -0.56, -22.27, 2.55, 3.09
0.09, -0.82, -0.56, -22.19, 6.12, 0.50
0.10, -0.85, -0.56, -22.43, 6.65, -3.69
0.16, -0.88, -0.56, -26.76, 6.96, -7.66
0.14, -0.91, -0.55, -28.34, 5.96, -11.23
0.14, -0.93, -0.55, -29.53, 9.20, -14.14
0.13, -0.94, -0.55, -27.69, 17.01, -17.48
0.13, -0.93, -0.54, -26.26, 21.36, -18.51
0.12, -0.88, -0.54, -23.10, 21.47, -20.19
0.12, -0.82, -0.52, -23.19, 16.14, -22.26
0.12, -0.77, -0.50, -21.11, 11.14, -21.60
0.13, -0.70, -0.48, -21.06, 2.17, -19.27
0.12, -0.64, -0.43, -24.68, -2.35, -16.02
0.12, -0.58, -0.39, -31.31, -4.98, -12.04
0.13, -0.54, -0.39, -37.71, -9.62, -4.29
0.17, -0.52, -0.42, -42.18, -16.17, 4.96
0.23, -0.52, -0.48, -39.70, -24.16, 16.11
0.31, -0.54, -0.55, -34.69, -35.49, 27.58
0.31, -0.58, -0.61, -32.08, -49.99, 34.22
0.24, -0.64, -0.62, -27.55, -58.84, 35.70
0.11, -0.71, -0.69, -13.62, -39.96, 31.47
0.02, -0.77, -0.78, 1.38, 0.48, 27.10
-0.05, -0.85, -0.81, 15.65, 30.32, 17.65
-0.09, -0.92, -0.74, 20.68, 57.15, 10.53
-0.07, -1.00, -0.68, 24.04, 64.00, 2.12
-0.04, -1.02, -0.60, 23.18, 64.00, -11.65
-0.01, -1.01, -0.51, 18.02, 58.93, -24.46
0.03, -0.98, -0.44, 9.25, 48.48, -31.50
0.11, -0.92, -0.41, -0.45, 37.88, -32.86
0.15, -0.84, -0.35, -19.96, 25.08, -32.94
0.19, -0.76, -0.32, -36.36, 15.88, -24.96
0.25, -0.65, -0.37, -49.38, 0.55, -14.42
0.33, -0.56, -0.44, -53.27, -18.60, -4.66
0.38, -0.51, -0.57, -47.01, -31.90, 8.48
0.40, -0.50, -0.70, -35.49, -35.54, 22.38
0.33, -0.54, -0.76, -21.97, -28.75, 28.95
0.20, -0.60, -0.76, -9.18, 5.46, 32.96
0.07, -0.67, -0.73, 3.16, 41.03, 28.61
0.02, -0.77, -0.68, 12.40, 64.00, 25.86
0.05, -0.89, -0.64, 25.21, 63.62, 16.49
0.05, -0.99, -0.55, 28.28, 59.81, 6.92
0.01, -1.08, -0.43, 24.13, 44.61, -7.42
0.01, -1.09, -0.39, 19.46, 37.71, -22.49
-0.03, -1.05, -0.32, 3.29, 26.83, -42.83
-0.05, -1.00, -0.26, -18.61, 31.84, -51.84
0.03, -0.91, -0.25, -40.68, 34.52, -53.47
0.16, -0.77, -0.36, -52.48, 32.71, -47.06
0.34, -0.63, -0.49, -56.11, 19.26, -37.04
0.46, -0.53, -0.67, -42.12, 16.23, -21.68
0.54, -0.47, -0.82, -22.74, 17.60, -7.86
0.48, -0.52, -0.82, -19.54, 13.02, -0.82
0.34, -0.67, -0.75, -14.89, 23.62, 5.53
0.24, -0.77, -0.66, -8.18, 49.50, 0.21
0.15, -0.86, -0.58, -4.11, 64.00, -5.66
0.12, -0.93, -0.50, 1.76, 64.00, -16.41
0.14, -0.96, -0.48, 5.82, 64.00, -21.02
0.18, -0.96, -0.40, 3.07, 64.00, -33.31
0.22, -0.92, -0.37, -1.89, 45.78, -44.81
0.22, -0.88, -0.30, -23.61, 31.53, -52.16
0.24, -0.83, -0.26, -37.21, 36.35, -48.10
0.33, -0.70, -0.33, -48.70, 33.34, -41.95
0.44, -0.59, -0.40, -56.45, 24.69, -33.65
0.51, -0.55, -0.48, -54.48, 9.20, -25.71
0.57, -0.54, -0.60, -43.74, 3.20, -15.21
0.61, -0.56, -0.70, -29.18, 8.16, -6.38
0.57, -0.60, -0.72, -20.24, 20.11, 4.45
0.48, -0.67, -0.64, -14.96, 39.77, 12.58
0.40, -0.75, -0.54, -6.22, 49.96, 8.70
0.34, -0.84, -0.47, 3.82, 62.12, 4.18
0.33, -0.89, -0.38, 7.38, 45.96, -6.37
0.30, -0.89, -0.32, -0.15, 32.45, -19.33
0.27, -0.86, -0.23, -9.18, 18.16, -31.72
0.25, -0.79, -0.22, -24.68, 10.47, -40.96
0.29, -0.72, -0.18, -42.95, 13.69, -39.40
0.42, -0.62, -0.24, -52.88, 4.24, -28.91
0.56, -0.50, -0.39, -55.12, -15.72, -14.34
0.68, -0.47, -0.52, -45.04, -36.14, 1.81
0.68, -0.43, -0.63, -30.88, -48.78, 9.16
0.61, -0.45, -0.71, -14.08, -34.84, 16.48
0.54, -0.56, -0.73, -2.44, 7.99, 23.87
0.43, -0.63, -0.66, 0.47, 37.33, 24.52
0.38, -0.73, -0.54, 4.44, 55.81, 25.95
0.39, -0.83, -0.49, 13.06, 53.07, 21.83
0.41, -0.90, -0.45, 23.73, 29.31, 13.36
0.38, -0.95, -0.36, 19.26, 1.47, -2.15
0.33, -0.96, -0.25, 8.48, -11.70, -15.74
0.29, -0.90, -0.21, -10.79, -18.15, -25.07
0.30, -0.79, -0.18, -32.25, -9.48, -27.75
0.40, -0.68, -0.25, -45.97, -14.08, -23.21
0.56, -0.58, -0.40, -50.28, -24.68, -10.18
0.63, -0.51, -0.56, -46.33, -31.75, 1.57
0.64, -0.47, -0.69, -34.75, -45.96, 8.74
0.58, -0.49, -0.78, -20.35, -36.40, 15.91
0.49, -0.55, -0.83, -1.40, -1.81, 20.31
0.40, -0.64, -0.74, 7.41, 46.20, 17.58
0.36, -0.76, -0.59, 8.33, 64.00, 18.83
0.42, -0.85, -0.48, 12.19, 61.83, 20.30
0.47, -0.90, -0.43, 15.94, 32.23, 15.04
0.42, -0.96, -0.28, 7.40, 5.98, 0.00
0.35, -0.97, -0.18, -6.71, -14.48, -16.80
0.30, -0.90, -0.17, -26.95, -19.66, -26.34
0.33, -0.79, -0.21, -40.93, -13.85, -24.48
0.43, -0.65, -0.35, -47.85, -20.56, -17.92
0.53, -0.56, -0.49, -45.32, -36.48, -7.58
0.58, -0.51, -0.63, -31.82, -35.45, 2.16
0.58, -0.50, -0.74, -18.87, -29.54, 6.85
0.53, -0.55, -0.77, -6.28, 3.70, 14.84
0.47, -0.61, -0.73, -1.56, 31.84, 20.57
0.43, -0.68, -0.60, -1.80, 48.66, 21.98
0.45, -0.76, -0.48, 3.48, 51.11, 21.57
0.47, -0.82, -0.43, 10.94, 44.06, 20.34
0.45, -0.89, -0.40, 19.76, 25.01, 13.58
0.37, -0.95, -0.33, 17.28, 9.27, 2.13
0.31, -0.95, -0.22, 7.23, -3.58, -12.58
0.28, -0.91, -0.14, -13.11, -16.79, -25.30
0.29, -0.85, -0.10, -32.30, -12.20, -28.20
0.38, -0.76, -0.19, -42.41, -19.14, -24.31
0.51, -0.63, -0.35, -50.55, -36.85, -13.18
0.62, -0.52, -0.52, -45.16, -46.46, 2.50
0.62, -0.44, -0.65, -36.35, -54.46, 9.65
0.55, -0.46, -0.78, -20.31, -38.87, 15.42
0.49, -0.54, -0.80, -4.27, -0.64, 18.70
0.43, -0.63, -0.74, 3.46, 37.50, 19.21
0.39, -0.73, -0.62, 6.41, 64.00, 20.67
0.44, -0.84, -0.50, 10.97, 62.33, 19.97
0.49, -0.94, -0.44, 18.61, 44.90, 17.72
0.47, -1.01, -0.34, 17.35, 24.79, 7.76
0.41, -1.03, -0.22, 8.23, 5.44, -6.98
0.35, -0.98, -0.18, -5.30, -18.79, -23.78
0.30, -0.91, -0.12, -29.45, -13.48, -32.06
0.33, -0.79, -0.19, -39.04, -9.55, -30.42
0.45, -0.68, -0.32, -50.61, -22.19, -23.80
0.55, -0.55, -0.46, -48.94, -37.70, -9.93
0.59, -0.47, -0.58, -41.90, -46.34, 0.10
0.55, -0.45, -0.67, -30.58, -43.45, 4.75
0.50, -0.50, -0.74, -16.61, -14.74, 11.63
0.46, -0.58, -0.74, -4.52, 22.45, 15.99
0.43, -0.66, -0.69, 4.42, 47.82, 15.33
0.47, -0.77, -0.58, 7.00, 62.34, 15.06
0.51, -0.86, -0.49, 10.36, 55.66, 16.61
0.51, -0.92, -0.42, 19.38, 46.15, 21.34
0.47, -0.96, -0.34, 21.34, 27.01, 9.88
0.37, -1.00, -0.20, 10.16, 3.73, -8.48
0.30, -1.00, -0.12, -6.72, -19.80, -28.93
0.27, -0.94, -0.05, -34.51, -30.47, -39.81
0.28, -0.86, -0.06, -55.62, -22.99, -40.80
0.39, -0.70, -0.23, -61.57, -26.48, -34.96
0.54, -0.54, -0.45, -58.53, -33.46, -20.55
0.62, -0.44, -0.61, -46.82, -41.57, -5.99
0.61, -0.43, -0.72, -28.97, -40.78, 4.72
0.55, -0.47, -0.82, -8.28, -22.07, 13.16
0.47, -0.55, -0.80, 4.97, 17.78, 17.89
0.40, -0.64, -0.67, 9.53, 50.35, 15.82
0.38, -0.75, -0.53, 9.20, 64.00, 15.80
0.45, -0.85, -0.42, 16.11, 64.00, 16.74
0.50, -0.92, -0.39, 22.61, 38.58, 12.88
0.46, -0.99, -0.25, 15.65, 13.55, -1.54
0.39, -1.01, -0.14, 4.05, -5.69, -16.78
0.33, -0.96, -0.07, -18.81, -22.89, -29.31
0.34, -0.88, -0.07, -35.81, -16.75, -28.44
0.43, -0.74, -0.21, -42.64, -27.17, -22.83
0.52, -0.60, -0.39, -43.58, -45.87, -11.24
0.57, -0.48, -0.54, -37.29, -61.50, 0.15
0.55, -0.40, -0.65, -29.51, -54.49, 7.67
0.49, -0.42, -0.73, -14.85, -32.86, 14.05
0.46, -0.49, -0.79, -3.82, 4.91, 20.86
0.42, -0.61, -0.73, 1.36, 34.67, 21.76
0.40, -0.73, -0.61, 5.69, 56.79, 20.63
0.45, -0.83, -0.49, 12.94, 63.29, 22.07
0.49, -0.93, -0.43, 24.47, 38.57, 18.30
0.47, -1.02, -0.31, 19.59, 17.66, 6.28
0.40, -1.11, -0.16, 8.08, -5.81, -11.12
0.34, -1.09, -0.07, -12.41, -27.38, -27.49
0.33, -0.98, -0.03, -29.34, -18.77, -29.66
0.40, -0.83, -0.13, -35.74, -25.29, -23.25
0.50, -0.69, -0.29, -38.07, -48.26, -9.59
0.54, -0.56, -0.42, -35.93, -63.81, 4.76
0.54, -0.40, -0.55, -30.93, -63.77, 13.46
0.52, -0.30, -0.67, -17.80, -50.66, 21.47
0.53, -0.31, -0.80, -4.18, -15.59, 29.05
0.52, -0.45, -0.81, 2.59, 12.06, 38.44
0.46, -0.63, -0.71, 3.21, 31.80, 39.78
0.41, -0.76, -0.59, 5.71, 50.07, 38.05
0.41, -0.85, -0.54, 18.09, 46.49, 29.91
0.35, -0.95, -0.42, 18.75, 30.12, 13.40
0.29, -1.15, -0.20, 5.71, 20.53, -2.35
0.28, -1.29, -0.08, -9.59, -8.71, -28.45
0.28, -1.28, -0.04, -38.95, -13.22, -45.48
0.38, -1.07, -0.14, -47.74, -11.83, -45.11
0.52, -0.84, -0.35, -50.23, -25.18, -40.98
0.58, -0.63, -0.56, -44.43, -34.63, -28.96
0.59, -0.51, -0.71, -29.67, -17.57, -19.24
0.54, -0.42, -0.75, -22.47, -0.87, -14.97
0.52, -0.43, -0.75, -15.49, 31.08, -1.73
0.54, -0.50, -0.67, -14.94, 44.52, 6.25
0.51, -0.60, -0.54, -12.86, 53.02, 10.98
0.51, -0.67, -0.45, -8.33, 61.20, 15.25
0.51, -0.72, -0.39, 2.71, 50.51, 18.49
0.45, -0.81, -0.35, 18.83, 28.20, 15.05
0.34, -0.92, -0.19, 13.43, 9.34, -1.49
0.25, -1.01, -0.01, -5.88, -1.39, -18.18
0.25, -0.95, 0.04, -25.46, -11.21, -23.89
0.36, -0.80, 0.01, -43.39, -19.24, -17.36
0.50, -0.66, -0.14, -51.38, -50.06, -8.69
0.58, -0.56, -0.32, -55.82, -64.00, 4.04
0.60, -0.48, -0.48, -50.97, -64.00, 18.21
0.56, -0.41, -0.63, -39.32, -64.00, 23.92
0.52, -0.40, -0.75, -29.27, -63.83, 30.67
0.43, -0.47, -0.81, -6.51, -19.89, 37.18
0.40, -0.58, -0.86, 9.57, 25.86, 40.02
0.37, -0.72, -0.73, 12.97, 49.37, 34.35
0.39, -0.85, -0.61, 20.54, 62.42, 35.15
0.40, -0.94, -0.52, 26.41, 54.18, 29.51
0.36, -1.04, -0.39, 33.35, 46.94, 20.52
0.33, -1.13, -0.27, 29.10, 22.34, 0.59
0.29, -1.18, -0.08, 3.34, 3.94, -20.95
0.27, -1.13, -0.00, -19.25, -9.01, -35.64
0.37, -0.98, -0.05, -43.56, -4.78, -37.75
0.47, -0.81, -0.21, -54.26, -20.25, -30.30
0.59, -0.65, -0.43, -52.18, -44.85, -17.67
0.65, -0.52, -0.60, -41.37, -49.89, -6.75
0.60, -0.45, -0.72, -28.88, -42.70, -0.96
0.51, -0.46, -0.80, -15.34, -4.75, 6.64
0.42, -0.54, -0.78, -4.99, 30.28, 10.95
0.37, -0.64, -0.66, -1.18, 62.66, 10.46
0.38, -0.74, -0.55, 4.73, 64.00, 12.78
0.46, -0.82, -0.45, 15.44, 63.00, 17.02
0.46, -0.91, -0.36, 27.34, 33.21, 9.34
0.34, -1.06, -0.15, 13.39, 17.30, -9.30
0.23, -1.12, 0.02, -7.75, -5.46, -28.23
0.23, -1.06, 0.06, -35.44, -17.44, -39.09
0.35, -0.90, 0.01, -56.44, -25.13, -35.92
0.50, -0.71, -0.22, -60.56, -48.64, -25.42
0.58, -0.57, -0.42, -58.46, -62.54, -11.16
0.58, -0.45, -0.57, -46.28, -62.17, -0.32
0.54, -0.37, -0.77, -23.71, -38.89, 8.35
0.50, -0.39, -0.82, -10.89, -9.04, 14.83
0.45, -0.47, -0.83, 4.70, 38.83, 28.07
0.44, -0.61, -0.67, 2.88, 58.10, 29.15
0.44, -0.73, -0.51, 4.21, 64.00, 31.95
0.49, -0.80, -0.46, 11.79, 31.96, 30.76
0.41, -0.88, -0.39, 16.26, 7.99, 22.74
0.25, -1.05, -0.10, -0.76, -3.27, -0.61
0.17, -1.19, 0.03, -16.81, -16.04, -23.94
0.19, -1.17, 0.06, -46.97, -18.45, -41.77
0.35, -1.00, -0.07, -52.20, -22.30, -36.57
0.53, -0.77, -0.32, -57.59, -53.48, -31.14
0.59, -0.65, -0.50, -51.94, -64.00, -21.76
0.60, -0.51, -0.76, -29.14, -47.46, -15.03
0.55, -0.45, -0.84, -22.95, -28.09, -14.06
0.51, -0.49, -0.91, -1.06, 26.49, 3.94
0.55, -0.54, -0.90, 5.95, 63.71, 16.17
0.53, -0.63, -0.65, 5.69, 64.00, 19.17
0.54, -0.69, -0.48, 5.01, 64.00, 31.80
0.61, -0.74, -0.45, 17.40, 27.96, 37.16
0.47, -0.81, -0.37, 24.43, -7.07, 26.26
0.22, -0.96, -0.05, 0.67, 0.45, 8.25
0.10, -1.05, 0.05, -12.02, -13.94, -19.51
0.10, -1.00, 0.11, -51.17, -11.20, -32.62
0.29, -0.86, -0.01, -57.98, -13.64, -24.69
0.53, -0.67, -0.23, -64.00, -52.19, -12.26
0.64, -0.56, -0.37, -64.00, -64.00, 9.56
0.63, -0.50, -0.57, -49.10, -64.00, 25.15
0.60, -0.35, -0.73, -34.95, -64.00, 28.63
0.48, -0.35, -0.80, -23.74, -56.24, 32.24
0.36, -0.48, -0.89, -6.07, -5.70, 44.22
0.35, -0.64, -0.85, 2.39, 27.55, 46.20
0.36, -0.78, -0.71, 6.48, 40.48, 39.19
0.38, -0.84, -0.62, 14.80, 39.51, 37.25
0.31, -0.91, -0.49, 17.51, 29.60, 27.25
0.26, -1.05, -0.31, 9.19, 12.96, 8.81
0.20, -1.20, -0.14, -10.96, -1.90, -10.95
0.23, -1.22, -0.05, -32.71, -12.65, -22.38
0.36, -1.06, -0.09, -44.11, -27.98, -23.58
0.47, -0.87, -0.22, -48.66, -49.93, -20.76
0.51, -0.73, -0.31, -57.52, -64.00, -13.47
0.46, -0.65, -0.42, -58.34, -64.00, -2.46
0.41, -0.54, -0.58, -46.87, -64.00, 5.16
0.40, -0.40, -0.74, -31.73, -64.00, 7.28
0.31, -0.36, -0.79, -21.06, -37.00, 7.81
0.26, -0.42, -0.90, -2.61, 9.92, 18.28
0.27, -0.51, -0.89, 4.04, 37.82, 20.17
0.27, -0.66, -0.70, 4.99, 51.93, 20.12
0.34, -0.74, -0.66, 14.72, 50.51, 25.98
0.34, -0.80, -0.53, 11.32, 23.39, 18.96
0.21, -0.95, -0.32, 8.66, 14.51, 5.11
0.13, -1.14, -0.22, -1.98, 2.56, -10.98
0.13, -1.23, -0.13, -21.97, -5.99, -26.77
0.22, -1.15, -0.16, -32.86, -17.85, -31.42
0.32, -0.93, -0.29, -36.49, -37.93, -32.31
0.35, -0.72, -0.45, -36.37, -42.22, -29.69
0.33, -0.58, -0.57, -37.30, -39.41, -26.01
0.35, -0.49, -0.69, -31.28, -17.16, -19.10
0.41, -0.45, -0.77, -28.06, -10.84, -15.89
0.44, -0.47, -0.89, -12.78, 25.50, 5.84
0.48, -0.51, -0.90, -4.26, 38.53, 15.45
0.43, -0.58, -0.78, -2.45, 56.45, 19.48
0.38, -0.69, -0.66, 1.29, 64.00, 17.99
0.38, -0.73, -0.68, 9.08, 64.00, 18.40
0.37, -0.76, -0.71, 19.88, 64.00, 22.67
0.29, -0.87, -0.57, 26.89, 64.00, 16.33
0.14, -0.98, -0.36, 26.65, 64.00, 0.23
0.09, -1.13, -0.18, 17.01, 64.00, -27.12
0.11, -1.20, -0.03, -6.72, 45.46, -52.47
0.19, -1.15, -0.00, -34.22, 34.01, -64.00
0.36, -0.97, -0.09, -50.44, 19.82, -59.45
0.57, -0.77, -0.24, -64.00, -13.96, -50.12
0.66, -0.64, -0.40, -64.00, -41.69, -38.38
0.66, -0.48, -0.67, -50.11, -33.08, -24.02
0.52, -0.40, -0.74, -47.61, -33.06, -28.98
0.40, -0.42, -0.88, -19.70, 32.07, -10.96
0.43, -0.48, -0.91, -7.61, 64.00, -4.74
0.47, -0.57, -0.78, 2.29, 64.00, 8.38
0.55, -0.62, -0.62, 10.31, 64.00, 24.28
0.58, -0.67, -0.44, 17.25, 64.00, 33.31
0.49, -0.78, -0.32, 31.32, 50.64, 27.61
0.34, -0.85, -0.16, 18.82, 31.91, 11.34
0.27, -0.94, 0.06, 2.35, -3.19, -5.28
0.26, -0.89, 0.08, -20.74, -25.27, -14.54
0.31, -0.80, 0.14, -48.76, -33.05, -19.84
0.43, -0.70, -0.00, -58.15, -49.55, -13.27
0.62, -0.62, -0.23, -64.00, -64.00, 0.02
0.67, -0.55, -0.46, -52.30, -64.00, 15.94
0.64, -0.46, -0.66, -41.06, -64.00, 13.47
0.52, -0.45, -0.86, -9.65, -58.12, 24.46
0.45, -0.50, -0.95, 7.71, -7.34, 28.95
0.37, -0.59, -0.87, 18.16, 39.05, 36.37
0.40, -0.71, -0.71, 19.11, 61.65, 39.09
0.48, -0.78, -0.56, 19.59, 59.37, 37.87
0.50, -0.79, -0.52, 23.92, 39.58, 36.57
0.41, -0.82, -0.38, 19.11, 31.31, 32.82
0.32, -0.92, -0.25, 18.70, 5.51, 22.78
0.30, -1.00, -0.11, -0.36, -14.47, 5.27
0.26, -1.05, 0.01, -25.96, -37.04, -10.24
0.25, -1.02, -0.00, -48.53, -33.26, -18.36
0.33, -0.89, -0.14, -59.92, -46.81, -17.02
0.43, -0.76, -0.27, -64.00, -64.00, -8.77
0.48, -0.69, -0.38, -64.00, -64.00, -7.63
0.48, -0.58, -0.64, -45.61, -64.00, -0.60
0.43, -0.49, -0.84, -27.25, -64.00, 0.37
0.35, -0.52, -0.95, -2.56, -1.69, 13.25
0.35, -0.60, -1.00, 13.04, 42.93, 18.80
0.35, -0.72, -0.81, 15.07, 63.10, 20.33
0.36, -0.83, -0.61, 22.57, 59.64, 20.65
0.40, -0.90, -0.49, 26.10, 42.09, 13.46
0.36, -0.98, -0.28, 11.68, 14.70, -6.89
0.28, -1.04, -0.17, -10.72, 2.38, -19.55
0.29, -0.99, -0.14, -25.21, -1.77, -23.09
0.39, -0.84, -0.19, -42.26, -11.10, -19.76
0.48, -0.73, -0.29, -50.55, -29.19, -10.64
0.48, -0.66, -0.39, -51.94, -54.94, -6.91
0.42, -0.62, -0.52, -47.44, -62.17, -4.25
0.34, -0.59, -0.61, -39.03, -54.89, -8.48
0.30, -0.53, -0.76, -20.54, -7.26, -2.95
0.35, -0.54, -0.84, -7.14, 29.36, 3.34
0.38, -0.57, -0.82, 1.06, 58.44, 13.10
0.43, -0.67, -0.71, 4.78, 64.00, 17.57
0.50, -0.76, -0.62, 12.94, 61.23, 23.93
0.53, -0.78, -0.60, 18.34, 34.05, 19.96
0.34, -0.80, -0.52, 18.53, 49.05, 20.14
0.21, -0.87, -0.33, 14.88, 43.28, 6.94
0.18, -0.97, -0.19, 5.60, 41.33, -5.72
0.22, -1.06, -0.05, -18.24, 2.59, -28.31
0.24, -1.06, 0.02, -46.11, -15.26, -34.79
0.36, -0.94, -0.07, -59.69, -33.62, -33.22
0.50, -0.76, -0.27, -64.00, -64.00, -25.88
0.53, -0.62, -0.50, -56.20, -64.00, -13.36
0.51, -0.47, -0.78, -30.83, -45.70, -7.06
0.43, -0.44, -0.89, -12.12, -2.77, -1.37
0.39, -0.52, -0.89, 1.95, 43.69, 4.36
0.40, -0.60, -0.79, 6.84, 64.00, 12.93
0.43, -0.69, -0.62, 6.28, 64.00, 19.08
0.48, -0.73, -0.50, 10.81, 64.00, 23.63
0.49, -0.76, -0.47, 21.42, 40.71, 21.65
0.35, -0.83, -0.35, 16.29, 19.15, 7.75
0.21, -0.97, -0.17, 5.06, 25.43, -6.83
0.18, -1.03, -0.09, -14.14, 8.59, -25.28
0.26, -1.00, -0.02, -41.51, 7.92, -31.05
0.43, -0.89, -0.11, -52.94, -14.11, -28.76
0.58, -0.77, -0.27, -62.84, -43.43, -24.65
0.62, -0.72, -0.45, -58.98, -63.81, -20.03
0.55, -0.69, -0.63, -47.04, -59.21, -22.02
0.45, -0.64, -0.87, -19.72, -9.98, -17.27
0.42, -0.60, -0.95, -5.10, 41.55, -15.04
0.43, -0.61, -0.85, 2.45, 64.00, -6.40
0.48, -0.68, -0.69, 4.71, 64.00, 0.26
0.57, -0.75, -0.57, 9.94, 64.00, 2.92
0.60, -0.79, -0.52, 11.73, 63.00, 0.64
0.49, -0.82, -0.45, 7.36, 63.09, -1.95
0.35, -0.83, -0.32, 7.77, 64.00, -2.52
0.28, -0.82, -0.24, 3.59, 54.29, -16.46
0.29, -0.84, -0.16, -11.42, 59.11, -21.13
0.35, -0.87, -0.08, -24.00, 30.05, -30.85
0.42, -0.76, -0.15, -40.05, 21.68, -21.26
0.56, -0.63, -0.25, -53.46, -3.99, -9.52
0.63, -0.53, -0.38, -54.01, -25.58, -0.13
0.60, -0.48, -0.54, -48.42, -39.56, 4.11
0.52, -0.51, -0.71, -22.91, -11.25, 10.31
0.46, -0.54, -0.84, -0.69, 36.71, 15.78
0.40, -0.59, -0.82, 11.01, 64.00, 21.99
0.39, -0.66, -0.64, 16.58, 64.00, 28.79
0.47, -0.73, -0.50, 26.62, 64.00, 29.74
0.50, -0.83, -0.40, 29.40, 64.00, 24.61
0.45, -0.96, -0.08, 9.85, 48.46, 8.72
0.41, -1.01, 0.06, -4.36, 15.24, -10.93
0.39, -0.99, 0.16, -42.35, -6.63, -25.77
0.42, -0.94, 0.20, -60.61, -6.69, -28.98
0.56, -0.81, 0.04, -64.00, -32.13, -24.70
0.67, -0.70, -0.15, -64.00, -62.42, -17.05
0.73, -0.58, -0.44, -45.94, -56.70, -6.13
0.67, -0.50, -0.54, -39.23, -64.00, -18.74
0.56, -0.53, -0.68, -3.00, -8.32, -5.52
0.59, -0.60, -0.76, 14.83, 33.24, -7.85
0.57, -0.69, -0.63, 20.20, 59.57, -2.79
0.63, -0.77, -0.45, 24.26, 63.74, 2.83
0.72, -0.80, -0.33, 27.24, 42.63, 0.43
0.70, -0.82, -0.26, 34.80, 17.07, -3.25
0.59, -0.88, -0.11, 28.62, 8.01, -14.29
0.49, -0.95, 0.05, 15.93, 0.45, -30.61
0.46, -0.94, 0.08, -0.64, -21.41, -45.61
0.49, -0.90, 0.08, -18.68, -22.74, -48.72
0.58, -0.80, -0.06, -21.37, -32.95, -45.71
0.70, -0.67, -0.20, -30.41, -55.90, -40.19
0.74, -0.61, -0.31, -28.88, -64.00, -32.38
0.68, -0.54, -0.48, -17.61, -64.00, -29.60
0.65, -0.48, -0.72, 7.30, -38.81, -21.17
0.62, -0.47, -0.80, 22.31, 5.10, -16.47
0.57, -0.51, -0.74, 29.72, 50.95, -4.63
0.57, -0.57, -0.56, 28.81, 64.00, 4.12
0.63, -0.62, -0.45, 36.59, 64.00, 12.88
0.68, -0.65, -0.45, 43.28, 26.87, 14.65
0.54, -0.75, -0.18, 22.62, 13.38, 4.50
0.40, -0.87, 0.07, 14.38, 6.67, -11.26
0.33, -0.90, 0.12, -20.78, -11.50, -29.73
0.34, -0.92, 0.24, -53.39, -8.11, -38.75
0.50, -0.83, 0.14, -64.00, -13.16, -33.49
0.69, -0.67, -0.09, -64.00, -51.75, -24.54
0.81, -0.57, -0.33, -64.00, -64.00, -7.23
0.91, -0.43, -0.73, -36.13, -53.49, 9.82
0.80, -0.42, -0.75, -36.31, -53.95, 1.76
0.66, -0.51, -0.85, 9.10, 36.31, 22.57
0.66, -0.57, -0.82, 4.46, 51.96, 15.69
0.54, -0.71, -0.53, 7.18, 64.00, 19.48
0.57, -0.75, -0.40, 11.32, 64.00, 20.96
0.62, -0.80, -0.29, 14.12, 50.47, 16.45
0.57, -0.87, -0.06, -0.48, 27.64, 2.37
0.52, -0.91, 0.07, -15.39, -9.65, -14.64
0.49, -0.89, 0.12, -43.11, -18.47, -26.47
0.54, -0.80, 0.09, -53.46, -11.19, -24.91
0.66, -0.67, -0.10, -64.00, -25.21, -18.24
0.78, -0.61, -0.24, -64.00, -52.64, -9.88
0.78, -0.56, -0.47, -49.20, -59.16, -3.15
0.73, -0.50, -0.67, -30.18, -38.42, 2.25
0.65, -0.51, -0.72, -11.12, -3.47, 2.70
0.59, -0.55, -0.75, 4.66, 47.63, 12.89
0.57, -0.63, -0.59, 4.08, 64.00, 12.23
0.60, -0.69, -0.43, 8.26, 64.00, 18.86
0.72, -0.70, -0.39, 20.65, 46.37, 21.45
0.65, -0.75, -0.29, 18.00, 8.40, 10.68
0.45, -0.88, 0.04, 1.37, 6.96, -6.92
0.38, -0.93, 0.13, -14.41, -10.45, -30.20
0.41, -0.89, 0.17, -47.77, -13.56, -38.36
0.56, -0.78, 0.07, -58.30, -20.80, -32.97
0.74, -0.64, -0.12, -64.00, -51.53, -24.24
0.82, -0.56, -0.34, -58.44, -64.00, -9.62
0.84, -0.45, -0.63, -28.06, -47.64, 2.33
0.76, -0.40, -0.75, -15.28, -35.95, 5.45
0.65, -0.47, -0.77, 9.58, 17.94, 16.94
0.56, -0.56, -0.68, 7.84, 42.23, 11.86
0.47, -0.67, -0.47, 10.73, 60.50, 8.45
0.53, -0.72, -0.34, 12.69, 56.81, 6.56
0.61, -0.79, -0.22, 10.55, 42.49, 6.74
0.65, -0.85, -0.11, 9.50, 14.80, 5.27
0.67, -0.86, -0.05, -1.85, -14.17, -4.24
0.62, -0.86, 0.03, -19.66, -25.75, -13.22
0.59, -0.82, -0.01, -27.54, -22.99, -15.04
0.65, -0.74, -0.15, -36.76, -30.20, -14.82
0.69, -0.69, -0.24, -44.90, -45.52, -7.69
0.70, -0.64, -0.31, -46.43, -63.41, -5.27
0.68, -0.56, -0.50, -32.54, -47.19, -2.17
0.71, -0.47, -0.67, -17.86, -23.27, -0.30
0.72, -0.49, -0.73, -0.86, 19.39, 7.75
0.74, -0.57, -0.76, 9.70, 52.76, 18.46
0.69, -0.68, -0.57, 4.61, 64.00, 19.75
0.66, -0.73, -0.40, 11.70, 64.00, 22.54
0.65, -0.74, -0.36, 19.18, 37.73, 20.67
0.55, -0.81, -0.16, 6.97, 31.27, 9.48
0.48, -0.90, 0.04, -2.23, 4.81, -6.49
0.48, -0.91, 0.11, -27.94, -17.26, -22.37
0.52, -0.87, 0.15, -47.91, -17.60, -27.21
0.64, -0.74, 0.01, -56.33, -28.62, -21.55
0.77, -0.62, -0.16, -64.00, -56.41, -11.64
0.79, -0.57, -0.28, -61.18, -64.00, -0.02
0.76, -0.47, -0.52, -41.27, -64.00, 5.13
0.70, -0.41, -0.62, -33.95, -63.03, 1.26
0.63, -0.45, -0.70, -7.64, -7.69, 7.66
0.63, -0.52, -0.78, 4.34, 30.69, 10.49
0.59, -0.64, -0.63, 6.54, 59.57, 12.53
0.61, -0.74, -0.45, 13.05, 63.87, 13.62
0.68, -0.81, -0.33, 18.01, 56.54, 14.26
0.72, -0.88, -0.16, 12.71, 22.97, 6.35
0.69, -0.91, -0.04, 0.61, -15.94, -5.41
0.59, -0.91, 0.09, -25.36, -40.09, -22.67
0.48, -0.89, 0.14, -46.38, -28.71, -33.79
0.51, -0.78, -0.02, -55.20, -25.71, -37.32
0.62, -0.63, -0.17, -64.00, -40.14, -31.85
0.72, -0.56, -0.33, -62.73, -53.30, -18.75
0.78, -0.43, -0.58, -35.94, -43.92, -7.41
0.78, -0.34, -0.76, -17.38, -24.57, -2.78
0.73, -0.37, -0.79, 5.81, 15.93, 7.56
0.70, -0.48, -0.74, 8.18, 39.97, 16.35
0.60, -0.62, -0.50, 5.30, 55.61, 15.90
0.57, -0.68, -0.36, 10.18, 61.79, 19.84
0.58, -0.70, -0.29, 14.68, 30.58, 14.73
0.52, -0.77, -0.11, 6.64, 15.69, 4.14
0.48, -0.85, 0.03, -3.32, -13.14, -9.80
0.46, -0.85, 0.09, -27.71, -26.85, -19.86
0.49, -0.79, 0.09, -38.75, -24.41, -19.95
0.61, -0.64, -0.08, -49.46, -37.90, -18.15
0.69, -0.55, -0.22, -59.96, -58.79, -8.95
0.75, -0.51, -0.37, -50.93, -64.00, 0.15
0.81, -0.40, -0.68, -24.56, -45.77, 11.54
0.81, -0.35, -0.80, -10.40, -28.76, 13.96
0.78, -0.46, -0.84, 9.34, 16.20, 26.01
0.72, -0.56, -0.76, 11.49, 35.11, 25.19
0.63, -0.71, -0.55, 13.63, 56.71, 24.06
0.61, -0.80, -0.40, 19.08, 57.49, 21.83
0.61, -0.85, -0.27, 18.51, 43.70, 14.97
0.62, -0.91, -0.14, 15.78, 16.49, 5.79
0.60, -0.93, -0.04, -1.27, -16.66, -9.64
0.54, -0.90, 0.08, -26.20, -34.11, -23.87
0.52, -0.81, 0.03, -40.82, -30.08, -26.00
0.58, -0.66, -0.14, -52.31, -35.48, -23.94
0.65, -0.60, -0.28, -59.98, -52.49, -17.30
0.69, -0.52, -0.46, -50.21, -58.07, -9.77
0.74, -0.40, -0.75, -15.39, -31.16, 2.29
0.74, -0.34, -0.91, -0.53, -6.27, 9.24
0.66, -0.43, -0.85, 14.02, 33.55, 22.03
0.58, -0.58, -0.65, 8.54, 52.46, 21.52
0.53, -0.69, -0.47, 11.64, 57.48, 19.72
0.56, -0.73, -0.38, 17.91, 52.40, 20.94
0.55, -0.78, -0.25, 19.28, 34.25, 15.86
0.49, -0.87, -0.10, 13.74, 13.42, 3.65
0.47, -0.92, 0.03, -2.71, -9.77, -8.84
0.48, -0.88, 0.10, -23.87, -17.44, -17.15
0.56, -0.76, 0.02, -35.47, -21.38, -14.67
0.67, -0.65, -0.12, -46.91, -37.67, -9.33
0.73, -0.61, -0.23, -54.66, -58.67, -1.12
0.74, -0.58, -0.33, -54.92, -64.00, 2.89
0.74, -0.50, -0.58, -29.08, -52.59, 7.91
0.80, -0.42, -0.85, 1.77, -23.87, 16.04
0.75, -0.47, -0.91, 15.58, 8.64, 25.00
0.63, -0.63, -0.72, 20.72, 39.01, 27.91
0.53, -0.77, -0.49, 18.81, 46.27, 18.64
0.55, -0.83, -0.34, 22.76, 55.64, 17.63
0.55, -0.88, -0.23, 26.56, 40.87, 11.59
0.53, -0.94, -0.15, 22.26, 14.76, 1.63
0.50, -0.99, -0.01, 5.41, -13.62, -12.64
0.46, -0.98, 0.11, -15.80, -23.52, -25.53
0.47, -0.89, 0.10, -32.92, -20.14, -28.88
0.56, -0.75, -0.03, -46.56, -31.02, -27.39
0.63, -0.65, -0.14, -61.31, -51.59, -21.41
0.69, -0.58, -0.29, -57.88, -64.00, -12.30
0.76, -0.47, -0.57, -26.00, -55.29, -3.64
0.80, -0.37, -0.87, -2.02, -33.35, 4.46
0.74, -0.41, -0.90, 15.91, 6.56, 19.15
0.66, -0.54, -0.80, 22.53, 29.90, 24.04
0.56, -0.68, -0.52, 14.40, 46.23, 14.70
0.56, -0.77, -0.39, 18.65, 61.82, 12.24
0.60, -0.78, -0.36, 22.39, 46.16, 10.84
0.59, -0.84, -0.19, 21.02, 34.98, 7.95
0.58, -0.95, -0.02, 18.17, 7.98, -4.08
0.54, -1.05, 0.08, -4.56, -22.87, -21.55
0.47, -1.05, 0.18, -34.22, -27.07, -33.34
0.50, -0.90, 0.10, -45.14, -24.48, -34.22
0.60, -0.67, -0.11, -56.46, -35.40, -29.79
0.67, -0.57, -0.28, -62.13, -61.46, -22.37
0.73, -0.49, -0.49, -34.26, -52.51, -9.88
0.81, -0.39, -0.81, -4.43, -27.10, 2.45
0.77, -0.38, -0.87, 6.38, -12.26, 9.20
0.68, -0.49, -0.76, 17.82, 24.88, 21.70
0.58, -0.63, -0.53, 9.65, 43.13, 13.18
0.52, -0.73, -0.39, 14.61, 64.00, 11.95
0.55, -0.75, -0.36, 19.78, 51.11, 11.34
0.55, -0.80, -0.24, 25.83, 31.93, 7.35
0.51, -0.90, -0.06, 17.63, 10.73, -2.57
0.45, -0.97, 0.08, -6.47, -17.82, -20.55
0.41, -0.94, 0.18, -35.73, -22.02, -29.22
0.50, -0.80, 0.12, -51.11, -21.70, -27.51
0.63, -0.64, -0.11, -64.00, -36.38, -20.99
0.72, -0.55, -0.24, -64.00, -64.00, -7.98
0.77, -0.47, -0.48, -49.74, -64.00, 7.03
0.84, -0.36, -0.79, -13.53, -52.19, 17.86
0.76, -0.36, -0.88, 2.53, -28.60, 26.94
0.64, -0.47, -0.82, 14.19, 11.98, 36.32
0.52, -0.62, -0.58, 10.49, 37.32, 28.09
0.45, -0.73, -0.42, 13.67, 62.96, 23.03
0.48, -0.78, -0.34, 18.66, 53.70, 18.16
0.51, -0.85, -0.24, 19.38, 26.58, 10.56
0.51, -0.98, -0.07, 6.88, -13.40, -5.14
0.46, -1.05, 0.04, -20.06, -36.84, -20.55
0.46, -0.98, 0.07, -42.52, -32.81, -26.93
0.54, -0.82, -0.06, -53.85, -34.36, -26.18
0.63, -0.68, -0.25, -64.00, -46.63, -17.63
0.72, -0.60, -0.42, -57.80, -50.57, -4.78
0.79, -0.48, -0.64, -35.22, -39.88, 4.81
0.79, -0.41, -0.76, -24.65, -30.80, 13.42
0.73, -0.47, -0.78, -6.69, -2.61, 26.71
0.66, -0.58, -0.73, -1.24, 19.16, 27.10
0.52, -0.71, -0.52, -5.34, 30.21, 20.00
0.49, -0.76, -0.41, -2.30, 41.58, 20.21
0.52, -0.75, -0.36, 7.35, 22.80, 15.52
0.43, -0.81, -0.16, 1.17, 15.92, 2.63
0.34, -0.97, 0.02, -15.25, 2.23, -14.24
0.34, -1.01, 0.02, -32.29, -6.76, -26.47
0.49, -0.88, -0.06, -37.99, -29.14, -26.11
0.64, -0.69, -0.21, -43.46, -51.84, -18.74
0.71, -0.59, -0.36, -40.41, -57.40, -5.52
0.72, -0.52, -0.53, -27.62, -46.48, 2.91
0.70, -0.46, -0.62, -22.92, -37.32, 5.27
0.65, -0.49, -0.65, -13.82, -14.63, 11.15
0.61, -0.55, -0.69, -5.61, 9.93, 15.57
0.57, -0.64, -0.64, -5.41, 27.40, 10.96
0.52, -0.72, -0.53, -4.05, 38.16, 9.99
0.55, -0.76, -0.49, 1.16, 41.08, 10.36
0.59, -0.75, -0.45, 10.33, 36.03, 13.53
0.55, -0.79, -0.37, 21.79, 30.05, 13.90
0.48, -0.89, -0.22, 18.24, 14.47, 1.18
0.41, -0.98, -0.07, -0.67, -6.76, -14.34
0.41, -0.96, 0.01, -24.91, -25.78, -25.70
0.46, -0.83, -0.02, -43.04, -38.50, -28.11
0.54, -0.68, -0.14, -55.37, -46.92, -25.94
0.64, -0.55, -0.38, -45.36, -33.46, -10.39
0.74, -0.43, -0.56, -38.59, -37.49, -2.57
0.72, -0.42, -0.66, -25.00, -29.58, 7.64
0.74, -0.46, -0.80, 1.06, -2.05, 21.46
0.71, -0.52, -0.79, 7.84, 17.97, 26.29
0.58, -0.65, -0.57, 3.33, 27.20, 23.96
0.54, -0.73, -0.45, 2.80, 43.31, 21.76
0.53, -0.76, -0.41, -0.43, 31.52, 12.65
0.45, -0.80, -0.36, 0.83, 43.80, 11.41
0.43, -0.88, -0.24, 4.09, 39.11, 5.81
0.44, -0.96, -0.19, 6.64, 10.37, -6.32
0.46, -1.01, -0.06, -17.02, -12.31, -21.25
0.47, -0.95, 0.00, -30.61, -15.80, -27.15
0.54, -0.77, -0.10, -41.64, -24.03, -24.81
0.61, -0.65, -0.21, -53.69, -38.01, -19.75
0.67, -0.60, -0.36, -49.88, -51.54, -10.68
0.72, -0.48, -0.60, -29.54, -31.56, 2.89
0.71, -0.41, -0.68, -18.01, -24.33, 5.97
0.68, -0.42, -0.79, 7.86, 22.25, 25.56
0.68, -0.48, -0.72, 7.43, 43.63, 30.66
0.57, -0.62, -0.51, 7.36, 56.57, 31.36
0.55, -0.67, -0.44, 6.72, 58.63, 36.49
0.56, -0.69, -0.38, 7.90, 29.23, 33.13
0.44, -0.75, -0.26, 10.49, 19.12, 28.05
0.36, -0.87, -0.09, 6.09, 5.40, 19.63
0.31, -1.00, 0.04, -13.90, -29.68, -2.86
0.29, -1.05, 0.13, -44.79, -37.21, -15.12
0.40, -0.94, 0.04, -52.15, -52.71, -18.21
0.51, -0.75, -0.13, -64.00, -64.00, -19.59
0.61, -0.67, -0.35, -53.90, -64.00, -1.99
0.72, -0.56, -0.61, -33.26, -60.32, 0.42
0.67, -0.48, -0.77, -15.00, -37.33, 5.89
0.64, -0.51, -0.88, 8.42, 2.57, 18.64
0.64, -0.57, -0.91, 22.10, 44.21, 24.99
0.55, -0.67, -0.67, 14.87, 51.44, 19.69
0.49, -0.76, -0.49, 18.29, 58.04, 24.31
0.53, -0.80, -0.37, 15.56, 37.81, 19.55
0.44, -0.89, -0.18, 3.07, 10.01, 3.00
0.33, -0.98, -0.01, -19.36, 5.05, -9.62
0.33, -1.01, 0.04, -37.29, -10.14, -18.56
0.47, -0.90, -0.04, -46.86, -20.90, -14.14
0.61, -0.74, -0.18, -48.57, -51.93, -10.17
0.62, -0.66, -0.26, -57.63, -64.00, -6.78
0.56, -0.65, -0.37, -52.12, -64.00, -3.31
0.56, -0.56, -0.56, -37.32, -55.80, 0.90
0.60, -0.52, -0.72, -16.60, -20.88, 10.79
0.63, -0.53, -0.82, 0.41, 10.25, 24.41
0.58, -0.59, -0.75, 4.79, 35.33, 29.68
0.47, -0.73, -0.56, 2.10, 49.98, 24.54
0.43, -0.82, -0.48, 5.38, 49.00, 22.22
0.44, -0.84, -0.47, 16.98, 23.76, 15.97
0.38, -0.90, -0.33, 12.49, 9.54, 3.83
0.30, -1.03, -0.13, -1.12, -6.28, -10.36
0.25, -1.06, -0.04, -25.56, -14.72, -26.21
0.34, -0.97, -0.01, -44.62, -16.04, -31.58
0.47, -0.81, -0.14, -51.37, -34.89, -31.36
0.55, -0.69, -0.26, -64.00, -63.39, -27.45
0.62, -0.62, -0.41, -57.23, -64.00, -13.69
0.73, -0.49, -0.65, -31.39, -49.44, -2.28
0.71, -0.42, -0.76, -17.26, -35.20, 2.44
0.66, -0.45, -0.90, 11.64, 17.66, 22.03
0.59, -0.53, -0.82, 16.01, 43.63, 22.18
0.44, -0.67, -0.63, 18.24, 60.17, 21.39
0.46, -0.75, -0.58, 30.20, 48.05, 25.44
0.51, -0.79, -0.53, 45.99, 32.13, 23.25
0.39, -0.90, -0.29, 41.70, 32.67, 9.09
0.24, -0.97, -0.13, 27.04, 21.76, -5.81
0.22, -0.98, -0.02, 0.39, 1.19, -20.34
0.24, -0.94, 0.14, -38.77, -14.91, -33.55
0.31, -0.87, 0.16, -63.23, -22.75, -33.42
0.46, -0.77, -0.02, -64.00, -48.46, -28.04
0.61, -0.69, -0.18, -64.00, -64.00, -16.29
0.72, -0.59, -0.40, -64.00, -64.00, -0.47
0.74, -0.46, -0.72, -39.02, -64.00, 12.11
0.66, -0.35, -0.93, -9.39, -55.53, 15.65
0.50, -0.44, -0.97, 10.83, 6.08, 20.70
0.38, -0.55, -0.90, 23.34, 61.20, 25.03
0.34, -0.74, -0.67, 18.60, 64.00, 17.84
0.40, -0.81, -0.56, 26.29, 64.00, 21.49
0.49, -0.83, -0.46, 25.51, 63.49, 15.04
0.45, -0.87, -0.36, 29.53, 52.02, 15.56
0.40, -0.95, -0.20, 22.42, 20.44, 5.81
0.37, -1.02, -0.05, 0.67, -9.10, -8.10
0.33, -1.02, 0.09, -37.92, -33.54, -24.52
0.37, -0.93, 0.08, -58.93, -34.44, -25.66
0.47, -0.77, -0.10, -64.00, -54.23, -23.61
0.53, -0.68, -0.28, -64.00, -64.00, -17.44
0.56, -0.58, -0.49, -64.00, -64.00, -4.36
0.67, -0.45, -0.81, -28.42, -49.22, 8.14
0.63, -0.37, -0.89, -16.34, -29.31, 8.23
0.49, -0.47, -0.90, 8.78, 27.68, 25.24
0.45, -0.61, -0.82, 11.67, 52.50, 26.01
0.42, -0.73, -0.69, 19.95, 64.00, 21.74
0.44, -0.78, -0.59, 25.37, 64.00, 22.29
0.40, -0.83, -0.47, 35.88, 64.00, 11.22
0.30, -0.93, -0.34, 37.05, 64.00, 2.09
0.29, -1.07, -0.13, 19.62, 34.39, -16.42
0.31, -1.13, 0.03, -12.47, 8.44, -30.12
0.41, -1.04, 0.11, -40.70, -8.52, -28.94
0.55, -0.87, 0.02, -50.66, -25.45, -23.56
0.62, -0.71, -0.12, -60.20, -56.77, -22.08
0.59, -0.62, -0.25, -64.00, -64.00, -13.51
0.55, -0.55, -0.41, -64.00, -64.00, -2.14
0.55, -0.45, -0.54, -57.28, -64.00, 2.69
0.53, -0.38, -0.65, -44.70, -56.16, 2.97
0.45, -0.37, -0.77, -22.16, -5.79, 11.07
0.44, -0.45, -0.88, -0.96, 40.16, 23.54
0.44, -0.62, -0.79, 9.63, 64.00, 23.98
0.47, -0.75, -0.68, 18.46, 64.00, 26.81
0.57, -0.77, -0.65, 29.62, 63.89, 36.92
0.56, -0.79, -0.56, 44.13, 46.01, 36.48
0.38, -0.92, -0.36, 45.36, 55.57, 27.13
0.24, -1.09, -0.11, 27.65, 36.72, 2.80
0.23, -1.17, 0.00, -0.25, 9.11, -15.67
0.26, -1.12, 0.12, -37.17, -18.85, -35.25
0.34, -0.99, 0.08, -58.79, -17.49, -37.24
0.50, -0.82, -0.13, -64.00, -33.40, -36.15
0.61, -0.69, -0.30, -64.00, -58.28, -30.30
0.61, -0.59, -0.54, -58.90, -58.14, -19.82
0.65, -0.47, -0.83, -26.59, -25.30, -8.00
0.60, -0.43, -0.88, -13.15, 0.21, -8.47
0.52, -0.47, -0.91, 7.68, 61.03, 11.63
0.51, -0.57, -0.72, 1.68, 64.00, 11.50
0.49, -0.69, -0.53, 2.20, 64.00, 17.11
0.57, -0.71, -0.53, 10.97, 64.00, 23.11
0.57, -0.73, -0.53, 20.72, 47.50, 23.48
0.40, -0.86, -0.31, 24.68, 55.23, 18.73
0.26, -1.00, -0.15, 22.03, 47.29, 3.13
0.22, -1.10, -0.04, 0.13, 23.59, -15.43
0.27, -1.09, 0.15, -32.27, -6.71, -38.91
0.38, -0.98, 0.17, -63.71, -5.85, -45.77
0.51, -0.82, -0.04, -64.00, -10.71, -44.59
0.61, -0.68, -0.25, -64.00, -30.55, -38.55
0.70, -0.61, -0.47, -64.00, -36.79, -25.68
0.84, -0.46, -0.81, -29.96, -11.43, -6.84
0.80, -0.39, -0.87, -20.83, 3.25, -5.62
0.64, -0.46, -0.83, 0.10, 55.26, 14.54
0.54, -0.57, -0.64, -3.64, 64.00, 7.80
0.48, -0.67, -0.47, 2.14, 64.00, 12.68
0.54, -0.69, -0.38, 7.23, 64.00, 12.16
0.51, -0.77, -0.30, 12.97, 36.76, 7.04
0.41, -0.91, -0.11, 3.53, 21.54, -6.70
0.34, -0.97, 0.01, -10.04, 5.57, -23.73
0.34, -0.92, 0.12, -39.90, 5.34, -33.39
0.48, -0.80, 0.06, -48.70, 5.05, -29.24
0.63, -0.66, -0.11, -60.71, -23.76, -22.45
0.72, -0.61, -0.24, -64.00, -57.51, -14.16
0.77, -0.55, -0.48, -43.01, -59.07, -1.64
0.79, -0.45, -0.71, -25.53, -43.61, 3.92
0.68, -0.45, -0.74, -8.04, -9.65, 8.40
0.61, -0.50, -0.81, 8.88, 41.61, 20.89
0.52, -0.61, -0.66, 10.88, 61.52, 14.20
0.50, -0.71, -0.51, 17.88, 64.00, 18.21
0.58, -0.78, -0.39, 20.86, 60.75, 15.21
0.55, -0.86, -0.29, 24.72, 44.87, 13.97
0.50, -0.94, -0.13, 15.38, 22.26, 1.86
0.46, -0.96, -0.02, 1.88, -5.21, -14.27
0.42, -0.93, 0.12, -34.30, -20.35, -29.92
0.44, -0.86, 0.12, -51.47, -14.81, -31.38
0.57, -0.74, -0.07, -63.65, -34.61, -28.79
0.70, -0.65, -0.24, -64.00, -61.53, -18.68
0.78, -0.55, -0.52, -40.54, -51.43, -6.14
0.78, -0.43, -0.73, -29.82, -42.39, -5.35
0.65, -0.46, -0.76, -4.84, 1.76, 2.97
0.62, -0.52, -0.84, 14.96, 54.50, 14.82
0.60, -0.63, -0.68, 15.90, 64.00, 12.49
0.60, -0.71, -0.46, 18.59, 64.00, 18.39
0.64, -0.75, -0.39, 22.25, 52.74, 14.89
0.59, -0.82, -0.28, 19.68, 48.43, 12.30
0.48, -0.91, -0.09, 14.49, 26.85, -0.09
0.43, -0.95, -0.00, 0.58, 6.94, -14.84
0.40, -0.98, 0.13, -26.88, -10.69, -33.73
0.41, -0.93, 0.14, -42.74, -6.34, -37.14
0.54, -0.77, -0.01, -54.40, -19.43, -32.82
0.69, -0.65, -0.12, -63.96, -43.18, -26.35
0.76, -0.58, -0.25, -62.71, -64.00, -17.69
0.79, -0.49, -0.52, -39.22, -44.74, -5.76
0.75, -0.43, -0.65, -36.94, -45.15, -9.03
0.60, -0.50, -0.63, -15.51, -1.98, 3.06
0.61, -0.55, -0.73, 2.20, 40.41, 6.92
0.62, -0.62, -0.60, 8.91, 60.20, 6.68
0.64, -0.67, -0.47, 16.74, 64.00, 12.07
0.71, -0.70, -0.41, 24.77, 56.47, 14.19
0.68, -0.79, -0.33, 27.71, 51.03, 14.94
0.59, -0.87, -0.15, 23.43, 38.87, 7.85
0.54, -0.90, -0.04, 11.18, 16.62, -3.17
0.53, -0.89, 0.07, -9.34, -10.72, -19.95
0.50, -0.86, 0.13, -32.61, -15.33, -30.04
0.53, -0.78, 0.05, -45.56, -15.79, -32.58
0.64, -0.68, -0.09, -60.35, -34.36, -31.67
0.71, -0.61, -0.21, -64.00, -53.98, -25.27
0.74, -0.53, -0.43, -46.85, -44.14, -17.16
0.77, -0.42, -0.64, -33.75, -32.74, -13.12
0.70, -0.43, -0.69, -9.89, -2.84, -6.12
0.73, -0.47, -0.82, 14.03, 51.81, 14.01
0.73, -0.56, -0.67, 15.74, 62.64, 18.23
0.71, -0.66, -0.41, 15.20, 64.00, 25.12
0.74, -0.70, -0.35, 22.64, 41.60, 24.06
0.67, -0.76, -0.29, 14.79, 32.67, 21.40
0.52, -0.87, -0.08, 9.45, 18.82, 6.95
0.43, -0.89, 0.00, -3.49, 10.17, -8.70
0.42, -0.90, 0.09, -23.78, -9.41, -26.00
0.46, -0.87, 0.13, -42.97, -12.29, -30.94
0.60, -0.77, 0.03, -55.24, -26.47, -29.38
0.75, -0.66, -0.12, -64.00, -45.29, -22.88
0.81, -0.58, -0.26, -64.00, -64.00, -15.88
0.78, -0.52, -0.42, -49.88, -62.78, -14.60
0.77, -0.45, -0.70, -21.24, -25.49, -3.99
0.71, -0.48, -0.72, -8.99, 0.38, -2.93
0.69, -0.54, -0.73, 13.69, 54.60, 14.42
0.71, -0.60, -0.57, 12.38, 61.07, 14.67
0.71, -0.66, -0.38, 16.71, 64.00, 19.25
0.75, -0.69, -0.28, 21.62, 41.66, 19.20
0.68, -0.76, -0.18, 14.95, 27.74, 15.19
0.59, -0.83, -0.01, 7.60, 7.81, 5.62
0.53, -0.84, 0.06, -9.14, -15.18, -8.82
0.49, -0.84, 0.16, -32.46, -19.70, -21.85
0.55, -0.77, 0.08, -39.27, -18.55, -22.80
0.65, -0.65, -0.11, -47.49, -35.76, -19.20
0.74, -0.60, -0.22, -51.66, -54.47, -12.68
0.77, -0.55, -0.37, -42.64, -64.00, -9.42
0.74, -0.49, -0.57, -26.23, -45.39, -4.94
0.72, -0.46, -0.67, -12.34, -12.53, 1.69
0.70, -0.49, -0.70, 4.65, 27.11, 12.70
0.73, -0.54, -0.68, 13.00, 49.15, 21.40
0.74, -0.62, -0.52, 18.33, 54.74, 26.94
0.75, -0.69, -0.42, 28.71, 47.68, 29.64
0.68, -0.77, -0.28, 23.23, 41.46, 26.23
0.54, -0.84, -0.09, 22.55, 36.89, 22.18
0.51, -0.88, 0.03, 13.39, 1.12, 6.95
0.48, -0.93, 0.17, -13.70, -24.26, -12.47
0.45, -0.93, 0.24, -37.49, -31.69, -26.78
0.53, -0.80, 0.12, -49.64, -29.91, -29.89
0.66, -0.64, -0.10, -63.26, -47.14, -25.83
0.77, -0.57, -0.25, -63.60, -64.00, -15.34
0.84, -0.48, -0.53, -35.42, -51.13, -3.86
0.84, -0.40, -0.75, -18.35, -40.23, 0.85
0.75, -0.44, -0.78, 5.03, 6.17, 13.40
0.71, -0.52, -0.75, 13.61, 38.96, 19.76
0.64, -0.64, -0.51, 7.80, 51.30, 16.64
0.62, -0.71, -0.35, 9.96, 50.27, 16.41
0.66, -0.76, -0.25, 1.51, 39.12, 13.28
0.63, -0.84, -0.13, 1.95, 24.61, 12.69
0.58, -0.90, -0.04, -4.70, 4.05, 4.63
0.55, -0.94, 0.06, -19.94, -18.22, -10.34
0.51, -0.91, 0.09, -34.74, -24.08, -18.52
0.55, -0.78, -0.01, -42.56, -30.74, -20.94
0.65, -0.65, -0.14, -49.69, -40.27, -16.25
0.70, -0.59, -0.25, -53.57, -58.31, -11.74
0.71, -0.52, -0.41, -40.51, -46.52, -3.70
0.72, -0.43, -0.58, -28.70, -33.34, 1.22
0.71, -0.40, -0.63, -12.82, -2.79, 11.88
0.73, -0.44, -0.70, 4.40, 30.30, 24.33
0.70, -0.54, -0.59, 2.28, 41.69, 28.88
0.67, -0.66, -0.40, 5.93, 42.79, 30.39
0.71, -0.69, -0.37, 9.18, 28.17, 33.45
0.67, -0.74, -0.28, 11.54, 11.95, 28.63
0.53, -0.85, -0.11, 8.80, 14.84, 20.53
0.46, -0.97, 0.01, 1.45, -4.12, 4.46
0.44, -1.03, 0.11, -23.83, -22.49, -13.68
0.48, -0.98, 0.12, -38.75, -25.96, -20.61
0.62, -0.80, -0.03, -46.11, -38.28, -19.43
0.72, -0.66, -0.19, -50.58, -60.12, -11.95
0.76, -0.57, -0.35, -39.23, -58.67, 1.57
0.78, -0.44, -0.58, -14.76, -45.35, 10.97
0.78, -0.39, -0.65, -9.25, -31.88, 17.94
0.72, -0.44, -0.68, 11.69, -1.38, 31.41
0.68, -0.51, -0.64, 11.06, 18.75, 34.87
0.57, -0.63, -0.44, 5.50, 37.09, 32.36
0.54, -0.70, -0.34, 7.03, 43.41, 35.21
0.59, -0.71, -0.36, 11.42, 8.42, 34.13
0.54, -0.78, -0.21, 4.24, -18.42, 25.58
0.39, -0.91, 0.05, -13.22, -24.06, 5.51
0.31, -1.05, 0.08, -31.98, -20.70, -11.82
0.41, -1.04, 0.01, -48.18, -20.51, -17.21
0.61, -0.88, -0.15, -52.55, -48.85, -12.02
0.70, -0.75, -0.25, -63.63, -64.00, -10.14
0.67, -0.67, -0.45, -45.96, -63.76, -4.03
0.66, -0.55, -0.61, -43.11, -59.80, -8.02
0.60, -0.54, -0.64, -27.20, -37.60, -6.69
0.64, -0.55, -0.82, -1.38, 22.17, 8.83
0.67, -0.58, -0.87, 15.45, 57.71, 11.94
0.62, -0.65, -0.69, 13.41, 64.00, 19.29
0.64, -0.72, -0.47, 17.62, 64.00, 20.56
0.71, -0.72, -0.54, 31.85, 42.04, 23.03
0.53, -0.78, -0.28, 12.60, 28.76, 10.33
0.34, -0.94, 0.05, 3.23, 26.97, -4.32
0.30, -1.01, 0.09, -17.41, 1.56, -24.21
0.33, -1.03, 0.23, -55.84, -7.44, -34.70
0.47, -0.88, 0.13, -63.53, -18.81, -29.04
0.66, -0.66, -0.15, -64.00, -48.84, -21.57
0.78, -0.54, -0.30, -63.12, -64.00, -7.82
0.82, -0.45, -0.59, -35.85, -58.74, 11.04
0.71, -0.44, -0.58, -37.44, -62.59, 5.60
0.61, -0.50, -0.67, -9.23, -9.35, 26.17
0.64, -0.52, -0.77, 5.62, 23.13, 31.27
0.58, -0.57, -0.61, 4.48, 40.90, 33.87
0.54, -0.64, -0.43, 3.06, 43.98, 38.64
0.61, -0.67, -0.39, 5.29, 22.81, 38.54
0.59, -0.69, -0.33, 1.06, 0.22, 30.44
0.41, -0.75, -0.19, -3.77, 3.60, 25.96
0.31, -0.87, -0.09, -7.80, -3.34, 14.92
0.27, -1.01, -0.02, -23.05, -20.95, -2.13
0.32, -1.10, 0.03, -43.23, -27.88, -16.17
0.47, -0.99, -0.09, -50.25, -47.94, -19.19
0.57, -0.80, -0.27, -59.16, -64.00, -18.85
0.59, -0.68, -0.42, -54.12, -64.00, -20.56
0.62, -0.59, -0.70, -29.43, -34.16, -15.15
0.60, -0.56, -0.75, -24.50, -22.18, -19.23
0.57, -0.61, -0.77, -4.29, 22.25, -9.01
0.64, -0.62, -0.84, 16.52, 56.12, 2.87
0.67, -0.65, -0.71, 16.70, 64.00, 8.80
0.68, -0.72, -0.48, 18.03, 64.00, 18.24
0.72, -0.77, -0.39, 22.46, 48.26, 22.40
0.63, -0.80, -0.40, 32.89, 13.37, 13.35
0.39, -0.88, -0.09, -0.89, 20.58, -6.11
0.26, -0.98, 0.09, -17.09, 10.45, -28.74
0.28, -0.93, 0.04, -48.71, 2.54, -38.65
0.42, -0.81, -0.01, -64.00, -9.69, -33.97
0.60, -0.65, -0.18, -64.00, -30.93, -25.96
0.71, -0.56, -0.34, -64.00, -63.38, -16.81
0.74, -0.51, -0.50, -48.41, -64.00, -6.10
0.71, -0.44, -0.65, -33.97, -53.21, 0.17
0.60, -0.49, -0.72, -9.56, -8.73, 9.93
0.58, -0.51, -0.79, 10.62, 34.05, 23.71
0.57, -0.56, -0.70, 15.67, 55.54, 29.73
0.62, -0.64, -0.52, 21.76, 64.00, 37.73
0.64, -0.68, -0.43, 25.82, 54.40, 41.57
0.58, -0.73, -0.37, 31.87, 25.90, 37.86
0.42, -0.82, -0.16, 24.20, 25.89, 28.49
0.33, -0.94, 0.03, 5.39, -1.47, 8.74
0.30, -0.99, 0.10, -23.03, -30.52, -12.00
0.31, -0.97, 0.18, -59.94, -32.98, -20.11
0.43, -0.84, 0.01, -64.00, -40.50, -17.62
0.62, -0.68, -0.22, -64.00, -64.00, -6.47
0.74, -0.60, -0.46, -55.29, -64.00, 11.89
0.77, -0.49, -0.65, -35.20, -64.00, 20.09
0.67, -0.46, -0.71, -19.70, -59.86, 24.99
0.61, -0.50, -0.79, 0.45, -15.89, 36.90
0.53, -0.54, -0.75, 9.96, 19.61, 42.82
0.45, -0.61, -0.58, 7.94, 34.72, 43.24
0.48, -0.68, -0.44, 8.36, 27.62, 42.63
0.49, -0.75, -0.36, 7.79, 15.73, 37.92
0.42, -0.86, -0.17, -5.70, 1.57, 27.33
0.33, -0.97, -0.11, -11.51, -24.21, 14.79
0.30, -1.03, -0.05, -33.84, -39.69, 2.20
0.34, -1.01, -0.07, -41.83, -32.60, 1.09
0.44, -0.86, -0.19, -45.28, -48.53, 3.28
0.51, -0.76, -0.22, -59.08, -64.00, 4.87
0.50, -0.73, -0.27, -64.00, -64.00, 8.47
0.53, -0.66, -0.45, -55.14, -64.00, 16.09
0.57, -0.54, -0.60, -44.51, -64.00, 23.23
0.56, -0.51, -0.67, -33.19, -61.07, 33.13
0.53, -0.55, -0.72, -19.01, -30.21, 45.01
0.49, -0.61, -0.73, -8.39, -10.18, 50.26
0.37, -0.68, -0.66, -6.20, -13.23, 46.45
0.26, -0.74, -0.58, -4.08, -23.49, 39.28
0.23, -0.80, -0.46, -7.98, -34.39, 30.20
0.20, -0.88, -0.35, -18.42, -41.45, 19.19
0.16, -0.94, -0.33, -29.39, -34.47, 14.99
0.18, -0.94, -0.39, -34.44, -29.95, 13.17
0.22, -0.90, -0.42, -38.03, -31.29, 10.03
0.26, -0.88, -0.41, -44.87, -41.88, 6.01
0.31, -0.87, -0.44, -48.76, -55.59, 0.97
0.32, -0.84, -0.54, -44.05, -60.14, 0.56
0.29, -0.79, -0.63, -33.89, -59.27, -1.24
0.26, -0.74, -0.71, -18.12, -48.41, -2.21
0.24, -0.72, -0.72, -7.28, -36.67, -4.07
0.21, -0.72, -0.68, 0.40, -16.13, -7.73
0.15, -0.74, -0.59, -3.41, -12.39, -14.03
0.12, -0.79, -0.52, -10.84, -10.44, -17.39
0.20, -0.79, -0.53, -11.99, -16.27, -14.86
0.27, -0.73, -0.55, -10.24, -25.24, -14.23
0.28, -0.68, -0.56, -7.01, -20.60, -11.59
0.26, -0.68, -0.57, -8.20, -17.98, -12.22
0.23, -0.70, -0.57, -9.91, -12.93, -9.78
0.25, -0.73, -0.57, -11.50, -9.96, -7.50
0.29, -0.74, -0.56, -13.69, -13.09, -5.64
0.29, -0.73, -0.56, -12.69, -12.47, -3.66
0.27, -0.72, -0.56, -11.40, -12.98, -2.62
0.23, -0.73, -0.58, -8.24, -8.33, -2.01
0.22, -0.74, -0.56, -5.10, -4.66, -0.78
0.22, -0.76, -0.50, -5.44, -7.44, -4.34
0.23, -0.78, -0.49, -4.96, -11.90, -5.41
0.25, -0.80, -0.48, -5.24, -19.86, -7.57
0.24, -0.81, -0.48, -4.28, -22.13, -8.56
0.22, -0.82, -0.46, -2.27, -23.59, -10.86
0.21, -0.82, -0.44, 0.69, -27.75, -14.41
0.20, -0.83, -0.42, -3.50, -36.97, -18.11
0.21, -0.83, -0.42, -9.37, -39.22, -18.03
0.23, -0.78, -0.47, -10.25, -39.36, -15.67
0.23, -0.69, -0.54, -9.26, -35.01, -13.94
0.22, -0.62, -0.59, -6.82, -19.52, -8.56
0.25, -0.60, -0.62, -3.77, -6.79, 0.36
0.32, -0.58, -0.66, -1.81, 5.48, 9.03
0.38, -0.58, -0.66, -5.08, 5.99, 14.82
0.38, -0.61, -0.64, -11.01, 6.63, 21.31
0.33, -0.66, -0.63, -16.15, 11.25, 25.61
0.24, -0.71, -0.64, -17.99, 14.67, 24.66
0.19, -0.77, -0.62, -16.28, 11.15, 23.66
0.18, -0.86, -0.61, -13.89, 0.70, 20.01
0.18, -0.93, -0.58, -13.29, -8.01, 15.71
0.15, -0.95, -0.56, -13.28, -10.44, 7.26
0.07, -0.93, -0.53, -15.70, -1.69, -2.55
0.04, -0.91, -0.50, -17.82, 12.75, -11.42
0.09, -0.88, -0.50, -20.40, 21.80, -14.18
0.18, -0.83, -0.50, -21.78, 22.02, -15.09
0.24, -0.75, -0.50, -23.14, 12.62, -14.50
0.27, -0.74, -0.51, -23.00, 2.78, -12.11
0.28, -0.72, -0.51, -22.57, -3.46, -9.32
0.26, -0.70, -0.51, -23.19, -7.71, -7.62
0.24, -0.70, -0.52, -20.89, -6.68, -5.08
0.21, -0.68, -0.53, -19.62, -4.62, -1.81
0.19, -0.66, -0.53, -20.15, -5.33, 0.99
0.19, -0.67, -0.53, -20.35, -6.32, 3.61
0.20, -0.67, -0.53, -21.39, -9.09, 7.55
0.22, -0.67, -0.53, -22.13, -11.47, 9.16
0.22, -0.67, -0.55, -19.96, -12.46, 11.04
0.19, -0.67, -0.57, -17.53, -10.55, 13.80
0.20, -0.70, -0.56, -16.44, -10.83, 16.69
0.24, -0.74, -0.52, -17.94, -18.71, 17.21
0.25, -0.77, -0.52, -17.30, -23.86, 19.00
0.22, -0.76, -0.53, -18.88, -21.00, 19.07
0.17, -0.77, -0.53, -15.35, -10.42, 15.56
0.12, -0.78, -0.54, -19.13, 2.68, 16.90
0.12, -0.82, -0.39, -31.95, -2.48, 11.01
0.18, -0.84, -0.42, -30.33, -11.76, 14.17
0.24, -0.81, -0.49, -32.64, -32.67, 12.21
0.24, -0.78, -0.43, -37.24, -45.36, 15.12
0.16, -0.76, -0.39, -41.89, -64.00, 12.45
0.09, -0.74, -0.37, -45.93, -64.00, 15.78
0.11, -0.72, -0.40, -44.91, -64.00, 15.19
0.13, -0.71, -0.42, -43.16, -64.00, 8.98
0.09, -0.68, -0.44, -35.66, -64.00, 0.98
0.00, -0.66, -0.50, -28.92, -64.00, -5.34
-0.14, -0.67, -0.56, -28.90, -64.00, -5.39
-0.19, -0.72, -0.60, -21.01, -64.00, -0.55
-0.12, -0.73, -0.72, -7.99, -50.13, -1.66
-0.03, -0.70, -0.74, 5.84, -35.70, -5.07
-0.03, -0.68, -0.77, 18.66, -18.36, -3.83
-0.06, -0.71, -0.79, 26.36, -6.78, -2.79
-0.03, -0.75, -0.75, 31.19, 3.40, -0.57
0.01, -0.78, -0.70, 35.02, 2.18, 0.81
0.04, -0.79, -0.67, 34.44, -4.92, 3.57
0.07, -0.78, -0.67, 36.80, -15.43, 3.96
0.05, -0.78, -0.64, 36.00, -12.17, 0.93
-0.01, -0.80, -0.58, 31.36, -2.99, -0.20
-0.06, -0.87, -0.52, 23.19, 6.81, -0.88
-0.03, -0.87, -0.49, 16.71, 9.21, 0.58
0.03, -0.86, -0.48, 13.86, 10.97, 0.98
0.07, -0.82, -0.49, 11.33, 11.75, 1.58
0.04, -0.81, -0.52, 9.33, 12.30, 1.95
0.00, -0.83, -0.53, 8.86, 14.18, 2.14
-0.03, -0.84, -0.52, 4.65, 21.47, 1.86
-0.04, -0.84, -0.50, 2.47, 26.58, 2.34
-0.00, -0.83, -0.48, -1.31, 27.88, 3.66
0.00, -0.81, -0.45, -7.55, 26.93, 4.83
0.04, -0.80, -0.44, -8.07, 8.24, 2.15
0.01, -0.78, -0.43, -12.96, -0.12, -0.52
-0.06, -0.79, -0.51, -3.45, 4.65, -6.23
-0.14, -0.78, -0.54, -6.23, 17.51, -7.73
-0.16, -0.81, -0.38, -20.45, 23.73, -4.56
-0.07, -0.88, -0.26, -28.91, 24.53, -5.25
-0.01, -0.86, -0.35, -26.25, 22.03, -6.54
-0.03, -0.79, -0.58, -8.88, 32.69, -2.47
-0.05, -0.72, -0.68, 3.36, 33.76, -2.03
-0.03, -0.76, -0.47, -5.29, 22.16, -0.50
-0.01, -0.87, -0.29, -19.15, 9.38, -3.12
0.02, -0.92, -0.31, -24.22, -10.84, -6.45
0.04, -0.87, -0.38, -27.08, -26.98, -3.44
0.03, -0.83, -0.40, -32.71, -42.61, 1.48
0.02, -0.80, -0.44, -32.26, -50.40, -1.22
0.03, -0.74, -0.51, -31.21, -47.57, 1.84
0.00, -0.75, -0.46, -37.33, -48.54, -1.56
-0.04, -0.86, -0.37, -50.81, -52.29, -0.21
0.05, -0.92, -0.46, -53.28, -52.07, 0.09
0.11, -0.83, -0.66, -40.07, -48.98, 1.68
-0.01, -0.73, -0.71, -29.41, -33.56, -4.95
-0.15, -0.76, -0.58, -30.77, -20.31, -7.84
-0.13, -0.85, -0.51, -35.00, -17.70, -9.10
-0.05, -0.87, -0.55, -34.82, -9.79, -11.72
-0.06, -0.79, -0.64, -23.12, 0.45, -12.79
-0.12, -0.71, -0.66, -16.52, 0.51, -13.92
-0.05, -0.70, -0.62, -11.10, -10.64, -9.15
0.09, -0.75, -0.56, -13.63, -17.32, -5.69
0.07, -0.79, -0.51, -15.85, -6.63, -4.39
-0.01, -0.76, -0.52, -13.57, 0.64, -4.62
-0.03, -0.72, -0.57, -9.23, 11.08, -3.36
0.04, -0.69, -0.60, -5.64, 15.70, 2.50
0.09, -0.71, -0.56, -6.47, 18.43, 8.04
0.01, -0.78, -0.49, -18.57, 33.34, 6.99
-0.01, -0.80, -0.49, -19.71, 52.01, 20.39
0.12, -0.73, -0.51, -22.89, 12.98, -0.14
-0.10, -0.70, -0.56, -15.12, 35.74, 5.65
-0.13, -0.71, -0.61, -13.41, 34.88, 19.35
0.15, -0.71, -0.61, -11.28, 11.63, 15.76
0.27, -0.70, -0.62, -4.95, 12.73, 29.04
0.24, -0.69, -0.62, -1.66, 13.02, 30.13
0.09, -0.75, -0.55, -2.77, 23.02, 28.72
-0.07, -0.86, -0.44, -14.87, 44.80, 25.45
-0.16, -0.97, -0.40, -27.35, 62.42, 19.82
-0.16, -0.94, -0.42, -35.51, 57.66, 15.37
-0.03, -0.88, -0.50, -30.20, 44.46, 15.83
0.10, -0.80, -0.58, -24.25, 33.22, 14.14
0.08, -0.77, -0.62, -17.56, 35.29, 10.75
-0.03, -0.77, -0.64, -12.57, 44.78, 6.22
-0.15, -0.78, -0.62, -13.93, 54.44, 3.91
-0.15, -0.82, -0.56, -18.77, 53.96, 2.82
-0.07, -0.82, -0.55, -20.68, 34.64, -1.51
-0.01, -0.79, -0.55, -19.89, 12.82, -3.65
0.02, -0.80, -0.53, -24.36, 2.58, -6.77
0.04, -0.82, -0.52, -26.87, -7.36, -5.47
0.08, -0.81, -0.51, -28.61, -16.21, -6.83
0.07, -0.78, -0.49, -31.14, -33.05, -7.72
0.04, -0.78, -0.50, -28.86, -38.14, -13.49
-0.00, -0.77, -0.59, -20.97, -39.09, -12.22
0.01, -0.76, -0.60, -18.43, -36.25, -7.20
0.05, -0.79, -0.52, -19.57, -35.07, -10.24
-0.02, -0.81, -0.46, -26.71, -12.46, -15.06
-0.14, -0.80, -0.48, -26.01, 16.16, -18.59
-0.19, -0.75, -0.56, -19.84, 44.79, -20.28
-0.14, -0.72, -0.60, -11.59, 60.25, -18.75
-0.06, -0.70, -0.56, -8.64, 64.00, -21.20
-0.07, -0.72, -0.50, -11.18, 64.00, -27.26
-0.06, -0.73, -0.53, -5.39, 64.00, -24.75
0.02, -0.71, -0.59, 4.73, 64.00, -26.73
0.02, -0.69, -0.62, 14.77, 64.00, -31.04
-0.03, -0.69, -0.57, 14.42, 64.00, -31.83
-0.06, -0.74, -0.47, 5.79, 64.00, -34.70
0.04, -0.81, -0.43, -1.39, 64.00, -27.12
0.16, -0.78, -0.39, -15.98, 64.00, -32.27
0.22, -0.77, -0.42, -15.77, 64.00, -25.09
0.45, -0.75, -0.52, -10.99, 64.00, -9.27
0.53, -0.79, -0.49, -15.85, 38.02, -8.98
0.39, -0.80, -0.43, -21.69, 35.81, -6.85
0.30, -0.78, -0.42, -27.60, 44.54, -3.72
0.28, -0.76, -0.48, -29.95, 50.32, 1.13
0.32, -0.76, -0.49, -33.95, 38.73, 3.43
0.37, -0.78, -0.47, -33.20, 22.39, 3.60
0.38, -0.79, -0.48, -32.75, 4.22, 6.38
0.32, -0.80, -0.48, -33.86, -8.54, 4.25
0.24, -0.80, -0.49, -32.78, -11.24, 6.44
0.23, -0.79, -0.45, -36.09, -17.07, 3.26
0.24, -0.80, -0.38, -42.10, -41.39, 1.80
0.31, -0.80, -0.36, -42.62, -64.00, 6.90
0.34, -0.78, -0.40, -41.51, -64.00, 8.19
0.32, -0.76, -0.43, -35.68, -64.00, 9.15
0.23, -0.75, -0.49, -27.33, -64.00, 10.36
0.13, -0.74, -0.54, -25.69, -64.00, 11.59
0.06, -0.74, -0.51, -22.29, -64.00, 11.36
0.07, -0.73, -0.54, -10.61, -64.00, 10.28
0.06, -0.70, -0.53, -7.88, -64.00, 6.35
-0.02, -0.69, -0.53, -6.34, -64.00, 2.30
-0.06, -0.68, -0.65, 1.27, -59.07, 1.66
-0.02, -0.69, -0.68, 8.39, -62.96, 1.80
0.02, -0.72, -0.57, 7.86, -63.25, 4.07
0.13, -0.78, -0.51, 0.47, -57.11, 11.44
0.18, -0.81, -0.53, -0.34, -54.59, 10.86
0.10, -0.78, -0.56, -4.04, -27.36, 11.80
0.03, -0.78, -0.61, -9.63, -21.44, 15.25
-0.01, -0.80, -0.64, -15.70, -31.18, 18.11
0.06, -0.81, -0.60, -16.28, -52.72, 14.54
0.10, -0.81, -0.58, -15.04, -64.00, 8.60
0.03, -0.87, -0.55, -17.21, -64.00, 2.58
-0.10, -0.89, -0.53, -16.76, -64.00, -5.54
-0.23, -0.90, -0.56, -20.33, -45.97, -10.78
-0.25, -0.89, -0.55, -26.95, -31.19, -11.31
-0.17, -0.88, -0.54, -25.45, -22.97, -14.69
-0.11, -0.83, -0.54, -23.51, -27.46, -18.80
-0.10, -0.79, -0.53, -18.51, -25.70, -24.26
-0.11, -0.80, -0.48, -23.55, -31.97, -26.84
-0.09, -0.81, -0.49, -21.06, -22.17, -23.16
-0.05, -0.74, -0.49, -24.53, -23.09, -19.27
-0.04, -0.66, -0.44, -27.74, -20.96, -14.45
-0.01, -0.62, -0.42, -27.30, -23.04, -10.22
-0.00, -0.62, -0.43, -29.21, -27.11, -10.31
-0.03, -0.63, -0.47, -28.35, -28.79, -10.34
-0.07, -0.64, -0.51, -25.91, -22.39, -8.82
-0.10, -0.65, -0.56, -20.46, -19.27, -9.88
-0.13, -0.68, -0.60, -15.63, -17.41, -11.12
-0.16, -0.73, -0.60, -12.41, -19.06, -14.25
-0.15, -0.77, -0.61, -7.57, -15.57, -17.78
-0.11, -0.78, -0.61, -5.07, -6.69, -18.83
-0.08, -0.78, -0.62, -3.88, 4.05, -19.56
-0.10, -0.76, -0.63, -2.46, 17.64, -14.30
-0.06, -0.74, -0.61, -5.08, 24.81, -11.88
-0.02, -0.74, -0.57, -7.09, 28.27, -8.02
-0.03, -0.73, -0.56, -12.22, 18.23, -11.86
-0.06, -0.73, -0.58, -14.17, 10.95, -13.02
-0.03, -0.73, -0.56, -18.68, -1.99, -15.01
0.01, -0.75, -0.56, -25.58, -10.51, -12.56
0.02, -0.75, -0.58, -25.01, -14.50, -9.37
-0.01, -0.73, -0.56, -25.80, -13.60, -8.72
-0.00, -0.74, -0.57, -26.85, -13.29, -3.66
0.06, -0.76, -0.61, -25.57, -13.31, 0.13
0.09, -0.75, -0.61, -21.64, -18.79, 1.16
0.02, -0.76, -0.60, -21.57, -14.98, 1.91
-0.05, -0.77, -0.59, -19.35, -8.55, 2.67
-0.06, -0.77, -0.59, -17.79, -7.24, -1.96
-0.07, -0.78, -0.59, -18.57, -11.22, -6.41
-0.07, -0.79, -0.61, -15.28, -14.39, -8.01
-0.06, -0.79, -0.62, -14.87, -17.55, -9.43
-0.04, -0.80, -0.60, -11.93, -17.30, -10.76
-0.02, -0.80, -0.58, -12.40, -18.61, -9.04
-0.01, -0.79, -0.56, -12.59, -18.75, -10.20
0.00, -0.77, -0.52, -15.15, -18.29, -9.09
-0.01, -0.75, -0.52, -15.62, -23.45, -9.56
-0.03, -0.72, -0.51, -17.23, -28.50, -6.81
-0.03, -0.69, -0.50, -17.71, -30.97, -5.46
-0.01, -0.67, -0.49, -18.95, -30.59, 0.11
-0.00, -0.65, -0.47, -26.72, -27.60, 2.71
-0.02, -0.65, -0.48, -29.37, -28.29, 6.34
-0.01, -0.63, -0.51, -26.12, -19.21, 11.66
0.03, -0.62, -0.56, -23.78, -13.00, 16.82
0.03, -0.63, -0.60, -20.36, -3.67, 23.44
0.03, -0.70, -0.63, -15.79, -3.60, 26.54
-0.00, -0.80, -0.67, -10.27, -12.71, 25.38
-0.04, -0.93, -0.67, -7.63, -17.78, 19.75
-0.09, -0.99, -0.66, -8.24, -22.79, 11.89
-0.20, -1.00, -0.67, -0.96, -21.45, -0.85
-0.30, -0.95, -0.64, -1.87, -11.46, -13.02
-0.33, -0.95, -0.58, -12.41, 6.62, -18.12
-0.31, -0.95, -0.52, -18.94, 23.66, -24.63
-0.26, -0.87, -0.48, -26.13, 28.26, -29.64
-0.17, -0.73, -0.45, -30.74, 26.38, -24.70
-0.07, -0.64, -0.43, -34.86, 15.50, -18.29
-0.00, -0.55, -0.44, -37.36, 0.88, -9.79
0.07, -0.48, -0.44, -37.56, -1.33, 5.47
0.17, -0.44, -0.51, -34.39, -7.27, 16.84
0.16, -0.42, -0.59, -24.47, -11.22, 22.41
0.05, -0.44, -0.63, -12.27, -8.44, 25.64
-0.05, -0.52, -0.68, -4.67, 6.39, 27.60
-0.09, -0.67, -0.71, 5.26, 14.63, 27.92
-0.12, -0.82, -0.73, 14.40, 16.02, 24.46
-0.14, -0.98, -0.72, 22.41, 11.30, 21.14
-0.18, -1.07, -0.67, 21.83, 4.22, 10.75
-0.24, -1.07, -0.60, 23.12, 9.68, -2.08
-0.32, -0.98, -0.52, 16.46, 22.31, -17.30
-0.37, -0.92, -0.43, -1.23, 40.63, -27.67
-0.30, -0.90, -0.35, -17.34, 49.52, -31.39
-0.17, -0.83, -0.31, -32.81, 41.68, -28.96
-0.05, -0.73, -0.30, -45.73, 12.90, -22.56
0.02, -0.64, -0.34, -57.92, -18.51, -11.79
0.15, -0.55, -0.44, -54.79, -22.32, 11.96
0.33, -0.41, -0.59, -38.21, -25.88, 31.51
0.32, -0.34, -0.68, -21.24, -24.73, 33.33
0.13, -0.35, -0.71, -3.11, -21.39, 30.30
-0.08, -0.48, -0.73, 9.48, 3.07, 32.71
-0.18, -0.69, -0.70, 14.80, 18.93, 26.05
-0.20, -0.92, -0.66, 16.54, 23.69, 20.59
-0.18, -1.07, -0.64, 17.84, 16.29, 15.30
-0.18, -1.14, -0.62, 24.39, 12.64, 0.47
-0.31, -1.11, -0.57, 23.33, 25.44, -15.25
-0.44, -1.04, -0.46, 7.97, 50.44, -29.07
-0.32, -0.99, -0.40, 1.84, 57.49, -32.23
-0.09, -0.93, -0.34, -19.94, 33.24, -31.47
0.03, -0.84, -0.29, -41.87, 4.39, -22.70
0.03, -0.68, -0.28, -61.00, -18.58, -14.31
0.01, -0.51, -0.37, -62.60, -28.25, -2.78
0.04, -0.32, -0.56, -47.54, -9.72, 13.58
0.15, -0.21, -0.74, -24.10, 13.89, 32.19
0.19, -0.20, -0.80, 8.59, 24.35, 26.27
0.08, -0.34, -0.77, 24.22, 32.88, 32.05
-0.02, -0.68, -0.71, 31.20, 39.03, 29.42
-0.05, -1.01, -0.60, 27.51, 38.09, 27.10
-0.04, -1.22, -0.54, 15.16, 17.93, 33.65
-0.05, -1.24, -0.57, 29.07, 3.18, 17.19
-0.27, -1.12, -0.51, 29.54, -5.90, -12.80
-0.52, -1.08, -0.37, 5.46, 28.89, -29.74
-0.42, -1.06, -0.32, -11.35, 48.47, -36.23
-0.16, -0.94, -0.30, -30.01, 41.01, -33.84
0.08, -0.80, -0.30, -50.82, 20.81, -19.68
0.16, -0.65, -0.33, -57.99, -8.71, -7.23
0.13, -0.49, -0.42, -54.77, -22.08, -3.74
0.08, -0.36, -0.54, -43.21, -24.80, 2.12
0.04, -0.32, -0.64, -28.10, -7.54, 10.11
0.14, -0.36, -0.77, 5.67, 23.73, 23.80
0.24, -0.46, -0.78, 14.10, 25.02, 31.55
0.13, -0.67, -0.71, 16.32, 27.04, 40.88
0.05, -0.83, -0.65, 21.96, 22.29, 45.86
-0.01, -1.00, -0.63, 33.36, 15.60, 30.68
-0.14, -1.17, -0.56, 27.35, -1.39, 11.56
-0.33, -1.29, -0.49, 24.13, 11.15, -2.48
-0.41, -1.23, -0.47, 17.65, 24.94, -28.29
-0.50, -1.11, -0.30, -17.21, 51.99, -39.46
-0.24, -1.00, -0.25, -26.01, 63.68, -27.32
0.09, -0.79, -0.25, -48.05, 35.19, -21.86
0.17, -0.61, -0.25, -64.00, 0.13, -2.71
0.19, -0.43, -0.32, -64.00, -32.39, 10.14
0.19, -0.30, -0.45, -54.23, -49.66, 15.48
0.13, -0.27, -0.57, -26.79, -42.93, 16.17
0.03, -0.35, -0.63, -6.95, -25.95, 16.03
-0.04, -0.56, -0.69, 6.19, 6.57, 17.98
-0.02, -0.77, -0.73, 15.97, 31.06, 25.64
0.04, -0.94, -0.72, 26.48, 34.11, 30.17
0.08, -1.10, -0.66, 32.51, 20.00, 28.56
0.04, -1.26, -0.60, 31.48, -3.22, 17.75
-0.15, -1.30, -0.54, 35.21, -2.18, -10.56
-0.53, -1.24, -0.36, -2.05, 4.42, -40.44
-0.57, -1.19, -0.30, -17.35, 50.89, -41.27
-0.16, -1.02, -0.28, -31.94, 46.11, -39.59
0.06, -0.81, -0.23, -57.60, 20.61, -27.48
0.15, -0.64, -0.24, -64.00, -8.43, -8.21
0.19, -0.42, -0.35, -64.00, -29.65, 7.38
0.20, -0.23, -0.51, -56.98, -40.55, 16.87
0.17, -0.11, -0.66, -34.74, -32.38, 20.10
0.08, -0.15, -0.70, -6.48, -15.28, 19.90
-0.05, -0.35, -0.70, 6.30, 11.40, 21.63
-0.07, -0.66, -0.68, 15.17, 34.22, 26.68
0.00, -0.92, -0.64, 23.16, 39.75, 30.74
0.11, -1.16, -0.62, 28.71, 12.57, 33.59
0.12, -1.34, -0.62, 39.29, -5.59, 24.29
-0.12, -1.37, -0.50, 25.85, -10.84, -2.59
-0.54, -1.31, -0.33, -3.19, 5.14, -33.38
-0.56, -1.21, -0.31, -16.81, 37.99, -44.42
-0.27, -1.03, -0.29, -34.41, 41.93, -47.25
0.04, -0.86, -0.24, -60.60, 22.07, -34.92
0.17, -0.70, -0.24, -64.00, -9.50, -13.62
0.23, -0.47, -0.37, -64.00, -24.65, 7.42
0.27, -0.26, -0.54, -54.61, -33.89, 20.22
0.21, -0.13, -0.68, -24.79, -37.29, 19.70
0.08, -0.20, -0.71, 3.76, -17.14, 18.43
-0.04, -0.44, -0.70, 16.43, 17.88, 19.86
-0.06, -0.71, -0.67, 17.65, 47.78, 24.48
-0.02, -0.91, -0.61, 20.17, 50.33, 29.13
0.05, -1.07, -0.56, 20.57, 23.99, 28.84
0.11, -1.22, -0.60, 35.19, -0.88, 19.97
-0.09, -1.28, -0.50, 27.00, -13.96, -6.75
-0.49, -1.27, -0.34, 7.84, 4.58, -31.52
-0.55, -1.24, -0.28, -11.61, 38.89, -45.28
-0.26, -1.12, -0.26, -27.84, 38.55, -47.69
0.01, -0.92, -0.22, -57.89, 13.16, -37.59
0.14, -0.74, -0.22, -64.00, -10.19, -20.00
0.19, -0.49, -0.32, -64.00, -31.19, 2.49
0.25, -0.26, -0.51, -64.00, -33.56, 21.07
0.25, -0.08, -0.67, -39.54, -40.62, 27.29
0.14, -0.09, -0.73, -4.41, -26.89, 21.14
-0.03, -0.31, -0.70, 13.02, -0.98, 18.25
-0.10, -0.66, -0.68, 17.49, 34.86, 18.91
-0.05, -0.98, -0.63, 16.52, 46.85, 24.06
0.06, -1.17, -0.58, 18.67, 29.14, 29.14
0.16, -1.29, -0.56, 21.62, -8.20, 27.60
0.10, -1.32, -0.60, 42.40, -19.67, 9.99
-0.34, -1.22, -0.43, 10.19, -29.16, -28.65
-0.71, -1.18, -0.25, -22.64, 27.71, -48.00
-0.44, -1.08, -0.26, -30.08, 51.37, -48.10
-0.03, -0.86, -0.25, -52.90, 34.13, -46.28
0.15, -0.71, -0.25, -64.00, -0.70, -30.07
0.22, -0.56, -0.34, -64.00, -34.03, -10.47
0.27, -0.39, -0.51, -62.64, -36.66, 7.08
0.27, -0.23, -0.68, -34.37, -34.76, 13.56
0.16, -0.23, -0.74, -5.24, -14.03, 11.88
0.03, -0.40, -0.75, 11.24, 12.13, 15.98
-0.05, -0.67, -0.72, 15.89, 45.05, 16.08
-0.04, -0.91, -0.64, 17.12, 55.60, 19.38
0.03, -1.08, -0.55, 13.32, 52.34, 23.75
0.13, -1.19, -0.50, 10.34, 20.64, 21.02
0.11, -1.20, -0.52, 21.39, -6.34, 7.80
-0.17, -1.13, -0.48, 19.04, -11.40, -20.08
-0.51, -1.11, -0.25, -16.97, 8.06, -39.42
-0.39, -1.06, -0.24, -27.06, 43.68, -36.97
-0.04, -0.87, -0.22, -46.03, 19.75, -34.49
0.14, -0.69, -0.21, -64.00, -12.17, -21.67
0.20, -0.57, -0.30, -64.00, -47.04, -9.54
0.17, -0.40, -0.45, -58.33, -53.85, -1.41
0.13, -0.30, -0.60, -42.33, -39.42, 5.81
0.08, -0.31, -0.66, -19.03, -12.27, 9.25
0.07, -0.43, -0.71, -2.87, 15.31, 17.56
0.10, -0.60, -0.75, 5.08, 31.67, 27.88
0.17, -0.80, -0.74, 16.02, 40.96, 39.89
0.22, -0.91, -0.68, 22.70, 24.37, 43.72
0.18, -1.07, -0.63, 30.76, -0.71, 33.90
0.01, -1.20, -0.60, 35.29, 0.30, 15.84
-0.32, -1.25, -0.37, 6.82, -1.92, -18.82
-0.54, -1.25, -0.29, -6.42, 33.18, -31.00
-0.38, -1.15, -0.31, -20.19, 43.44, -38.78
-0.07, -0.98, -0.30, -29.34, 29.23, -36.92
0.13, -0.82, -0.28, -43.30, -0.98, -27.20
0.21, -0.70, -0.27, -56.82, -29.25, -14.94
0.18, -0.53, -0.32, -63.60, -48.52, -5.12
0.13, -0.37, -0.47, -51.91, -46.15, 4.12
0.07, -0.27, -0.59, -35.36, -33.80, 6.61
0.05, -0.31, -0.67, -12.50, -3.99, 15.38
0.09, -0.40, -0.70, 2.26, 17.26, 25.03
0.08, -0.62, -0.70, 6.11, 36.03, 30.18
0.10, -0.77, -0.67, 4.10, 40.71, 39.24
0.13, -0.90, -0.62, 7.75, 27.60, 41.54
0.12, -1.00, -0.63, 23.51, 12.33, 31.30
0.02, -1.19, -0.65, 33.14, -1.74, 10.83
-0.21, -1.33, -0.49, 10.59, -0.37, -5.20
-0.39, -1.33, -0.39, 2.07, 26.64, -22.22
-0.38, -1.20, -0.34, -14.65, 40.07, -38.96
-0.17, -1.06, -0.32, -25.91, 41.42, -42.20
0.07, -0.93, -0.29, -42.12, 20.47, -36.58
0.20, -0.77, -0.28, -59.14, -8.90, -26.45
0.21, -0.59, -0.28, -64.00, -35.82, -11.74
0.18, -0.41, -0.38, -64.00, -44.43, 2.55
0.17, -0.25, -0.51, -52.79, -40.25, 15.80
0.14, -0.19, -0.62, -27.78, -23.59, 20.57
0.10, -0.26, -0.68, -3.55, 1.06, 27.95
0.03, -0.47, -0.69, 3.81, 18.92, 25.78
-0.04, -0.74, -0.66, 4.92, 39.04, 30.66
0.01, -0.92, -0.65, 16.58, 39.49, 34.53
0.08, -1.09, -0.61, 27.52, 19.91, 26.63
0.05, -1.29, -0.58, 28.12, -5.18, 13.23
-0.13, -1.33, -0.48, 18.91, -7.79, -3.86
-0.41, -1.24, -0.34, 1.04, 9.49, -31.19
-0.43, -1.13, -0.28, -11.66, 34.09, -39.93
-0.15, -1.01, -0.25, -30.52, 29.02, -41.24
0.10, -0.86, -0.23, -49.87, 9.10, -31.09
0.23, -0.69, -0.29, -59.91, -19.37, -19.80
0.24, -0.48, -0.39, -60.56, -39.90, -5.78
0.26, -0.34, -0.55, -47.83, -36.71, 8.92
0.27, -0.26, -0.69, -23.97, -20.43, 15.01
0.22, -0.29, -0.75, -2.47, -0.15, 20.89
0.14, -0.47, -0.76, 9.97, 21.43, 28.79
0.08, -0.73, -0.70, 12.44, 35.31, 33.70
0.07, -0.91, -0.61, 12.67, 32.99, 36.57
0.07, -1.07, -0.56, 19.20, 6.15, 26.95
-0.05, -1.21, -0.54, 22.10, -7.65, 8.44
-0.25, -1.26, -0.42, 9.28, -4.16, -11.32
-0.43, -1.21, -0.31, -8.70, 19.62, -28.11
-0.37, -1.11, -0.26, -20.13, 34.68, -37.41
-0.10, -0.99, -0.25, -35.56, 22.83, -37.31
0.10, -0.87, -0.24, -50.51, -1.38, -32.94
0.18, -0.71, -0.27, -61.98, -28.12, -23.63
0.13, -0.53, -0.35, -64.00, -41.53, -12.68
0.14, -0.38, -0.48, -54.78, -37.87, 1.34
0.22, -0.27, -0.61, -38.07, -18.75, 18.40
0.27, -0.26, -0.68, -14.30, -14.63, 23.58
0.25, -0.35, -0.72, 1.15, -5.42, 32.52
0.15, -0.57, -0.71, 5.72, 4.66, 37.57
0.03, -0.80, -0.68, 5.65, 16.11, 39.79
0.01, -0.95, -0.64, 12.51, 19.39, 38.61
0.00, -1.09, -0.61, 20.67, 0.70, 19.82
-0.07, -1.26, -0.59, 29.17, 0.86, 4.56
-0.25, -1.37, -0.43, 7.78, -1.41, -13.73
-0.43, -1.33, -0.34, -10.57, 29.93, -31.68
-0.31, -1.16, -0.34, -14.69, 37.81, -42.54
-0.03, -0.98, -0.35, -22.34, 31.51, -44.07
0.14, -0.87, -0.34, -36.16, 3.24, -38.42
0.18, -0.75, -0.31, -56.36, -27.28, -28.23
0.16, -0.59, -0.33, -64.00, -42.04, -13.89
0.15, -0.40, -0.42, -58.26, -37.61, -0.77
0.15, -0.26, -0.51, -46.70, -32.28, 11.46
0.11, -0.21, -0.54, -31.05, -25.36, 19.42
0.10, -0.26, -0.59, -9.63, -16.19, 29.67
0.06, -0.44, -0.60, -2.51, -4.95, 31.62
-0.01, -0.66, -0.60, -0.01, 5.92, 33.60
-0.03, -0.83, -0.62, 5.84, 8.55, 31.03
-0.01, -0.98, -0.62, 14.93, 11.96, 25.69
0.03, -1.16, -0.60, 14.59, -7.59, 17.43
0.01, -1.27, -0.56, 8.52, -19.35, 10.05
-0.14, -1.25, -0.53, 7.51, -19.41, -11.40
-0.34, -1.16, -0.43, -11.36, -2.01, -31.64
-0.32, -1.10, -0.38, -21.79, 20.22, -37.39
-0.09, -1.03, -0.35, -31.54, 6.31, -42.43
0.06, -0.89, -0.35, -46.06, -13.18, -40.88
0.11, -0.72, -0.39, -50.87, -28.44, -29.64
0.12, -0.58, -0.47, -44.11, -30.43, -17.61
0.10, -0.38, -0.53, -38.60, -19.09, -5.25
0.15, -0.30, -0.59, -26.36, -2.09, 9.23
0.20, -0.28, -0.64, -12.08, 7.11, 18.02
0.19, -0.35, -0.64, -1.28, 9.12, 26.86
0.08, -0.54, -0.60, -3.37, 16.99, 32.93
0.02, -0.74, -0.60, -9.19, 18.27, 36.07
0.03, -0.87, -0.61, -8.94, 6.33, 34.31
0.02, -0.97, -0.63, 0.48, -16.11, 21.27
-0.05, -1.15, -0.65, 14.62, -22.83, 2.57
-0.21, -1.30, -0.59, 7.48, -11.45, -11.79
-0.44, -1.33, -0.47, -18.27, 15.67, -31.18
-0.46, -1.23, -0.46, -19.29, 54.19, -43.46
-0.17, -1.02, -0.46, -19.02, 55.55, -48.76
0.06, -0.88, -0.39, -34.32, 31.04, -46.15
0.18, -0.78, -0.34, -46.25, 6.56, -32.71
0.22, -0.62, -0.31, -55.02, -14.75, -21.31
0.22, -0.43, -0.36, -51.40, -15.47, -5.28
0.23, -0.29, -0.46, -41.91, -15.89, 9.70
0.22, -0.24, -0.54, -23.42, -10.67, 16.27
0.19, -0.30, -0.59, -5.20, -1.13, 24.26
0.11, -0.47, -0.58, -1.14, 5.88, 24.92
0.03, -0.70, -0.59, 3.11, 13.89, 26.72
0.01, -0.92, -0.59, 12.06, 11.32, 24.59
0.02, -1.10, -0.57, 18.00, -6.24, 18.28
-0.02, -1.25, -0.56, 18.99, -22.04, 9.77
-0.15, -1.22, -0.54, 20.40, -20.33, -8.95
-0.37, -1.13, -0.44, 6.33, -8.74, -33.11
-0.43, -1.04, -0.35, -7.78, 20.56, -43.34
-0.19, -0.99, -0.31, -23.11, 19.21, -45.59
0.05, -0.89, -0.29, -46.65, 1.72, -36.78
0.19, -0.73, -0.34, -53.25, -18.13, -18.90
0.25, -0.51, -0.44, -48.69, -35.55, 1.14
0.25, -0.35, -0.51, -35.60, -54.37, 11.24
0.20, -0.29, -0.58, -21.57, -52.15, 19.97
0.17, -0.29, -0.64, -2.21, -36.79, 26.80
0.09, -0.39, -0.65, 3.68, -6.53, 26.65
0.01, -0.58, -0.65, 2.55, 22.80, 30.99
0.01, -0.80, -0.64, 4.85, 35.10, 31.30
0.02, -0.97, -0.60, 6.04, 25.30, 25.89
0.05, -1.20, -0.59, 7.14, 1.25, 22.72
0.06, -1.32, -0.57, 4.69, -29.99, 16.37
-0.10, -1.25, -0.53, 7.50, -39.04, -6.91
-0.35, -1.12, -0.44, -2.81, -22.27, -31.99
-0.47, -1.06, -0.33, -24.89, 9.28, -44.46
-0.30, -0.99, -0.26, -46.82, 26.61, -44.38
0.02, -0.84, -0.28, -58.77, 24.52, -33.68
0.19, -0.65, -0.34, -63.98, -13.25, -20.89
0.22, -0.52, -0.45, -54.12, -33.46, -5.15
0.25, -0.40, -0.58, -34.32, -48.37, 0.25
0.22, -0.35, -0.64, -24.21, -39.81, 14.10
0.20, -0.35, -0.69, -4.02, -15.94, 23.28
0.11, -0.41, -0.65, -0.35, 5.92, 24.62
-0.01, -0.60, -0.61, -9.06, 31.32, 27.65
-0.02, -0.77, -0.61, -15.25, 37.31, 27.50
0.01, -0.92, -0.63, -8.30, 32.95, 23.70
0.02, -1.07, -0.62, 0.09, 8.12, 13.12
-0.02, -1.23, -0.58, 2.69, -13.73, 5.79
-0.08, -1.30, -0.54, 5.57, -19.96, -4.34
-0.25, -1.23, -0.46, -5.73, -17.49, -25.01
-0.44, -1.11, -0.36, -17.24, 6.61, -41.20
-0.35, -1.00, -0.32, -26.82, 23.16, -52.50
-0.16, -0.89, -0.28, -42.20, 13.60, -54.24
-0.01, -0.76, -0.28, -59.02, -14.28, -44.11
0.17, -0.60, -0.43, -52.14, -18.19, -18.79
0.39, -0.35, -0.57, -31.04, -23.46, 10.99
0.38, -0.21, -0.57, -24.47, -32.31, 17.69
0.29, -0.23, -0.64, -8.65, -30.75, 27.10
0.15, -0.32, -0.61, -5.12, -20.63, 33.14
-0.03, -0.50, -0.57, -1.85, 2.64, 31.21
-0.11, -0.73, -0.55, -0.54, 14.18, 26.88
-0.10, -0.92, -0.55, 1.78, 11.42, 20.93
-0.04, -1.11, -0.57, 2.27, -12.09, 17.10
-0.02, -1.22, -0.58, 4.54, -25.56, 11.17
-0.15, -1.18, -0.52, 4.43, -32.05, -14.37
-0.41, -1.11, -0.42, -11.42, -1.26, -28.57
-0.35, -1.06, -0.44, -11.66, 26.57, -38.08
-0.17, -0.99, -0.40, -24.42, 13.63, -51.55
-0.11, -0.92, -0.36, -43.06, -18.17, -52.42
0.02, -0.83, -0.46, -43.44, -22.06, -36.64
0.26, -0.61, -0.57, -25.65, -24.09, -13.41
0.27, -0.42, -0.51, -34.27, -35.22, -2.16
0.31, -0.34, -0.61, -16.96, -11.55, 28.46
0.30, -0.30, -0.57, -12.72, -30.86, 19.97
0.06, -0.38, -0.54, -11.00, -5.64, 28.07
-0.01, -0.55, -0.58, -6.26, 18.94, 36.62
-0.01, -0.74, -0.53, -6.30, 14.02, 30.23
-0.05, -0.92, -0.57, 2.69, 0.63, 24.48
-0.09, -1.08, -0.58, 5.66, -11.47, 13.40
-0.18, -1.18, -0.50, 3.35, -29.38, -7.31
-0.41, -1.17, -0.41, -15.32, -6.95, -21.25
-0.36, -1.08, -0.45, -13.45, 20.63, -29.47
-0.14, -0.95, -0.47, -20.75, 33.69, -30.89
0.04, -0.86, -0.48, -20.19, 18.55, -29.03
0.08, -0.79, -0.45, -32.63, -11.25, -26.53
0.12, -0.72, -0.49, -33.09, -18.44, -13.18
0.18, -0.63, -0.53, -31.57, -26.48, -8.50
0.14, -0.50, -0.54, -30.27, -22.73, 0.98
0.11, -0.44, -0.58, -23.18, -9.65, 13.71
0.09, -0.44, -0.59, -13.56, 3.70, 16.51
0.05, -0.51, -0.57, -10.86, 15.80, 24.47
0.05, -0.63, -0.58, -4.87, 19.77, 30.31
0.04, -0.74, -0.55, 0.05, 14.11, 27.85
-0.02, -0.91, -0.50, 0.08, -0.70, 21.16
-0.06, -1.07, -0.51, -0.49, -13.12, 10.40
-0.13, -1.14, -0.50, -5.58, -19.10, -3.94
-0.25, -1.10, -0.47, -8.44, -10.11, -18.68
-0.28, -1.02, -0.45, -10.77, 11.83, -24.13
-0.16, -0.95, -0.42, -17.19, 11.88, -28.81
-0.04, -0.87, -0.38, -28.49, 4.16, -26.87
0.03, -0.77, -0.38, -37.19, -15.13, -20.07
0.11, -0.62, -0.43, -34.91, -20.91, -5.48
0.18, -0.48, -0.51, -30.40, -28.93, 7.51
0.17, -0.39, -0.58, -24.75, -30.31, 18.60
0.11, -0.39, -0.62, -8.64, -20.79, 19.85
0.01, -0.46, -0.61, -4.93, -4.38, 24.12
-0.03, -0.63, -0.63, -1.25, 13.13, 24.81
-0.05, -0.79, -0.64, 0.45, 20.61, 23.46
-0.06, -0.94, -0.66, 9.74, 17.07, 17.93
-0.08, -1.09, -0.63, 14.66, 10.06, 4.01
-0.17, -1.24, -0.52, 4.01, 1.20, -10.20
-0.25, -1.27, -0.46, -7.96, 1.88, -18.89
-0.26, -1.16, -0.43, -14.59, 9.72, -29.98
-0.20, -1.00, -0.42, -15.59, 9.80, -37.33
-0.14, -0.88, -0.38, -28.43, 0.47, -40.13
-0.05, -0.80, -0.36, -40.21, -3.97, -29.60
0.09, -0.62, -0.37, -48.22, -7.58, -12.65
0.21, -0.41, -0.41, -49.03, -15.16, 10.75
0.27, -0.25, -0.50, -36.88, -28.86, 24.62
0.23, -0.22, -0.58, -15.18, -40.92, 18.89
0.07, -0.34, -0.55, -4.95, -26.18, 25.89
-0.04, -0.58, -0.58, 3.43, -5.38, 23.04
-0.10, -0.78, -0.58, 6.64, 8.04, 20.48
-0.03, -0.98, -0.59, 12.91, 5.51, 18.76
-0.03, -1.15, -0.57, 9.72, -13.05, 11.29
-0.08, -1.29, -0.54, 3.57, -32.61, -1.04
-0.21, -1.26, -0.49, -5.15, -29.15, -14.95
-0.32, -1.14, -0.43, -19.90, -4.04, -25.69
-0.28, -1.02, -0.45, -20.39, 10.22, -36.88
-0.21, -0.91, -0.44, -31.77, 4.10, -44.55
-0.14, -0.83, -0.44, -39.92, -4.67, -39.24
0.03, -0.69, -0.52, -36.60, 6.35, -19.37
0.22, -0.48, -0.55, -32.03, 16.71, 7.11
0.29, -0.30, -0.53, -26.35, 7.90, 20.63
0.19, -0.25, -0.55, -12.07, -13.36, 16.92
0.03, -0.37, -0.50, -3.20, -14.09, 21.88
-0.08, -0.56, -0.51, 0.72, 5.83, 20.79
-0.11, -0.73, -0.51, -3.19, 22.12, 22.71
-0.07, -0.84, -0.52, 0.47, 30.00, 27.12
0.00, -0.88, -0.54, 6.65, 19.24, 24.70
0.00, -1.02, -0.52, 9.56, -1.12, 13.12
-0.08, -1.20, -0.49, 4.34, -19.07, 1.13
-0.21, -1.26, -0.44, -6.27, -17.61, -9.53
-0.30, -1.15, -0.41, -17.54, 0.20, -21.76
-0.24, -1.00, -0.42, -17.26, 9.16, -29.09
-0.14, -0.91, -0.40, -29.75, 2.52, -35.80
-0.09, -0.88, -0.38, -39.27, -15.74, -38.46
-0.06, -0.81, -0.42, -44.71, -24.48, -31.62
0.10, -0.66, -0.52, -40.34, -10.68, -10.30
0.29, -0.46, -0.61, -26.25, 5.88, 19.01
0.29, -0.29, -0.63, -17.57, -9.39, 20.98
0.09, -0.33, -0.57, -10.03, -9.36, 17.74
-0.06, -0.51, -0.56, -3.88, 11.55, 26.08
-0.09, -0.68, -0.57, -8.60, 28.02, 24.88
-0.07, -0.77, -0.58, -4.64, 38.61, 28.84
-0.01, -0.82, -0.59, 6.84, 26.38, 27.94
-0.01, -0.97, -0.57, 15.90, 8.75, 13.85
-0.12, -1.16, -0.53, 19.26, -6.25, -4.91
-0.36, -1.27, -0.40, -5.14, 4.23, -15.66
-0.41, -1.17, -0.36, -16.74, 45.36, -20.78
-0.19, -0.99, -0.39, -19.65, 52.21, -26.80
-0.01, -0.85, -0.38, -29.98, 29.14, -27.90
0.06, -0.81, -0.37, -41.65, -0.87, -23.07
0.09, -0.75, -0.39, -46.14, -24.81, -17.07
0.05, -0.64, -0.43, -48.89, -40.50, -15.51
-0.00, -0.51, -0.49, -40.67, -26.62, -5.16
0.02, -0.41, -0.53, -33.69, -7.88, 5.62
0.06, -0.39, -0.56, -18.64, 14.71, 15.74
0.09, -0.44, -0.58, -9.14, 22.94, 23.11
0.09, -0.55, -0.61, -8.69, 31.45, 32.87
0.10, -0.66, -0.64, -6.80, 33.16, 41.56
0.10, -0.71, -0.65, 2.23, 23.70, 46.11
0.09, -0.81, -0.67, 24.06, 20.24, 39.96
-0.02, -1.01, -0.61, 36.07, 14.42, 14.34
-0.27, -1.32, -0.46, 17.47, 26.43, -2.88
-0.43, -1.45, -0.32, -8.26, 32.77, -11.52
-0.31, -1.26, -0.35, -8.57, 47.26, -23.44
-0.09, -1.02, -0.35, -11.28, 37.26, -34.24
0.04, -0.91, -0.33, -23.24, 9.00, -37.74
0.11, -0.90, -0.32, -37.16, -16.00, -30.84
0.17, -0.80, -0.36, -49.29, -27.46, -12.35
0.17, -0.61, -0.38, -54.91, -37.58, -0.69
0.07, -0.38, -0.42, -51.79, -32.11, 7.77
0.04, -0.23, -0.53, -38.83, -23.77, 15.65
0.03, -0.21, -0.60, -18.25, -11.29, 13.67
-0.02, -0.35, -0.60, -7.34, 5.53, 19.53
-0.02, -0.58, -0.64, -2.78, 28.20, 25.32
0.09, -0.79, -0.68, 1.45, 37.80, 33.62
0.09, -0.91, -0.68, 12.17, 31.82, 35.29
0.06, -1.06, -0.69, 31.11, 22.86, 23.37
-0.02, -1.24, -0.62, 29.12, 13.70, 7.97
-0.18, -1.40, -0.46, 10.29, 10.42, -1.73
-0.27, -1.35, -0.40, -1.42, 14.99, -20.47
-0.27, -1.17, -0.34, -15.93, 19.33, -37.23
-0.18, -1.03, -0.34, -29.71, 22.36, -43.82
-0.04, -0.89, -0.34, -45.29, 17.72, -42.00
0.05, -0.73, -0.34, -56.49, 4.86, -32.29
0.08, -0.56, -0.38, -62.18, -3.57, -15.32
0.11, -0.36, -0.45, -56.19, -14.73, -2.55
0.15, -0.23, -0.53, -43.22, -13.86, 11.82
0.19, -0.18, -0.62, -16.77, -9.18, 18.58
0.12, -0.27, -0.60, -2.92, -1.94, 22.66
0.00, -0.51, -0.60, 5.19, 20.20, 27.89
-0.02, -0.71, -0.61, 9.37, 33.78, 31.58
-0.00, -0.89, -0.59, 15.13, 32.10, 30.56
0.03, -1.05, -0.60, 26.78, 21.58, 23.88
0.04, -1.21, -0.58, 26.97, 0.47, 13.55
-0.07, -1.30, -0.51, 20.41, -7.25, -0.77
-0.23, -1.25, -0.43, 13.70, 2.04, -18.36
-0.32, -1.16, -0.31, -7.41, 19.49, -35.90
-0.20, -1.09, -0.28, -19.38, 26.55, -38.25
0.06, -0.95, -0.29, -36.46, 11.10, -34.25
0.14, -0.80, -0.28, -53.52, -10.35, -26.00
0.15, -0.61, -0.34, -59.23, -28.69, -11.82
0.13, -0.43, -0.43, -54.16, -37.93, -5.74
0.14, -0.30, -0.56, -39.87, -27.41, 6.56
0.15, -0.26, -0.64, -21.50, -17.82, 11.38
0.13, -0.32, -0.68, -3.39, 1.63, 20.34
0.08, -0.49, -0.70, 5.11, 21.89, 26.25
0.05, -0.70, -0.70, 10.71, 39.93, 35.47
0.05, -0.84, -0.64, 15.44, 40.54, 36.50
0.08, -1.01, -0.60, 27.96, 24.98, 29.33
0.07, -1.23, -0.55, 31.01, -2.21, 12.10
-0.09, -1.40, -0.47, 19.50, -12.25, -3.36
-0.34, -1.36, -0.31, -5.92, -0.97, -25.78
-0.41, -1.20, -0.28, -17.25, 34.41, -37.40
-0.15, -1.00, -0.33, -21.03, 41.55, -36.74
0.12, -0.85, -0.33, -36.69, 25.22, -30.34
0.18, -0.72, -0.28, -55.40, -10.92, -17.00
0.18, -0.58, -0.31, -63.51, -32.83, -2.42
0.18, -0.40, -0.38, -60.84, -50.17, 3.93
0.14, -0.29, -0.50, -45.94, -47.50, 9.33
0.09, -0.26, -0.61, -17.63, -29.00, 13.28
0.01, -0.37, -0.63, -5.18, -2.85, 15.46
-0.03, -0.60, -0.66, -1.73, 24.54, 20.84
0.01, -0.77, -0.69, 4.76, 40.74, 28.74
0.09, -0.89, -0.69, 15.79, 44.16, 32.42
0.12, -1.04, -0.63, 24.61, 34.67, 26.98
0.13, -1.25, -0.58, 25.67, 6.73, 15.00
0.04, -1.39, -0.51, 24.39, -7.20, -0.83
-0.28, -1.37, -0.34, -1.03, -12.31, -25.26
-0.49, -1.28, -0.26, -12.80, 29.12, -39.59
-0.26, -1.08, -0.30, -18.48, 38.24, -45.91
0.04, -0.86, -0.30, -36.15, 32.26, -37.71
0.18, -0.69, -0.27, -56.35, 2.84, -21.17
0.21, -0.49, -0.31, -64.00, -18.19, 1.56
0.27, -0.31, -0.42, -58.33, -31.81, 8.93
0.27, -0.19, -0.56, -41.74, -41.96, 15.09
0.20, -0.20, -0.65, -17.15, -35.06, 23.26
0.08, -0.34, -0.64, -3.98, -17.58, 23.03
-0.05, -0.58, -0.62, 4.15, 9.60, 23.30
-0.08, -0.82, -0.60, 12.91, 32.12, 26.73
-0.03, -1.01, -0.55, 10.15, 32.72, 28.06
0.07, -1.16, -0.56, 17.11, 19.62, 26.75
0.10, -1.21, -0.56, 25.14, -6.28, 12.54
-0.06, -1.24, -0.47, 20.74, -17.21, -11.85
-0.31, -1.27, -0.32, -9.13, -3.45, -27.91
-0.34, -1.23, -0.28, -27.00, 19.89, -39.15
-0.08, -1.05, -0.32, -37.20, 15.86, -43.32
0.10, -0.86, -0.38, -44.92, 7.42, -33.50
0.15, -0.67, -0.41, -52.11, -8.58, -18.35
0.14, -0.49, -0.45, -49.59, -11.21, -4.03
0.17, -0.33, -0.51, -40.77, -13.57, 2.38
0.18, -0.27, -0.55, -32.31, -16.83, 8.72
0.14, -0.33, -0.58, -14.06, -10.58, 14.43
0.07, -0.49, -0.59, -9.18, 4.13, 17.05
0.02, -0.70, -0.63, -6.03, 28.66, 23.22
0.04, -0.80, -0.65, 0.12, 39.06, 30.66
0.06, -0.88, -0.61, 8.08, 42.20, 32.42
0.10, -0.99, -0.60, 21.87, 35.11, 34.16
0.13, -1.14, -0.54, 23.65, 1.51, 22.91
0.03, -1.26, -0.50, 31.22, -10.97, 1.37
-0.30, -1.29, -0.29, 4.92, -17.07, -25.14
-0.50, -1.29, -0.18, -12.17, 15.70, -37.73
-0.30, -1.19, -0.21, -24.26, 26.67, -45.75
0.02, -0.95, -0.27, -35.28, 16.34, -42.98
0.17, -0.77, -0.29, -53.16, -7.53, -31.46
0.21, -0.58, -0.36, -57.52, -14.02, -6.20
0.26, -0.38, -0.47, -46.93, -22.01, 5.46
0.24, -0.20, -0.54, -41.09, -33.72, 10.19
0.20, -0.17, -0.60, -27.91, -35.52, 20.26
0.12, -0.26, -0.61, -12.81, -25.10, 23.68
0.01, -0.46, -0.58, -11.44, -4.20, 19.65
-0.06, -0.73, -0.63, -8.53, 24.67, 25.69
-0.02, -0.86, -0.65, -2.14, 37.97, 32.20
0.06, -0.95, -0.65, 12.72, 40.60, 31.11
0.13, -1.08, -0.64, 27.66, 22.98, 29.68
0.16, -1.23, -0.58, 27.82, -4.51, 24.07
0.08, -1.34, -0.53, 31.16, -16.01, 7.98
-0.24, -1.30, -0.32, 3.19, -14.42, -24.97
-0.53, -1.25, -0.22, -16.63, 21.79, -39.34
-0.31, -1.15, -0.26, -21.29, 40.62, -47.70
0.03, -0.99, -0.29, -34.29, 23.74, -47.00
0.20, -0.83, -0.30, -51.09, -9.73, -34.39
0.20, -0.68, -0.33, -62.02, -24.40, -9.22
0.22, -0.44, -0.44, -51.70, -23.62, 7.60
0.20, -0.23, -0.49, -42.67, -32.19, 7.68
0.12, -0.16, -0.52, -30.58, -34.44, 16.44
0.10, -0.22, -0.57, -13.56, -27.75, 25.78
0.03, -0.42, -0.56, -8.45, -4.44, 24.90
-0.03, -0.64, -0.63, -7.04, 21.37, 27.21
-0.02, -0.79, -0.68, -1.10, 37.67, 32.96
0.05, -0.90, -0.71, 19.84, 52.75, 36.54
0.17, -1.09, -0.67, 32.99, 31.92, 32.94
0.17, -1.31, -0.58, 26.04, -2.92, 27.75
0.04, -1.40, -0.52, 29.70, -6.71, 10.50
-0.28, -1.31, -0.29, 1.02, -9.96, -25.42
-0.53, -1.23, -0.23, -17.09, 39.65, -39.53
-0.30, -1.09, -0.25, -26.73, 47.79, -48.96
0.05, -0.94, -0.26, -38.77, 34.86, -45.36
0.23, -0.79, -0.28, -51.31, -2.89, -32.34
0.24, -0.64, -0.32, -60.81, -34.84, -17.08
0.24, -0.45, -0.40, -59.25, -35.51, 4.74
0.29, -0.28, -0.49, -50.87, -42.49, 14.67
0.19, -0.21, -0.56, -34.98, -43.64, 14.16
0.12, -0.28, -0.61, -17.53, -28.37, 22.15
-0.00, -0.50, -0.62, -15.59, -2.27, 17.13
-0.10, -0.74, -0.64, -14.53, 29.96, 23.57
-0.06, -0.87, -0.67, -5.86, 49.62, 33.34
0.06, -0.91, -0.68, 13.31, 50.49, 38.21
0.12, -1.01, -0.62, 26.37, 25.17, 32.74
0.12, -1.19, -0.55, 30.23, -12.64, 19.68
-0.05, -1.30, -0.47, 28.18, -18.09, -0.78
-0.39, -1.25, -0.22, -6.57, -13.65, -29.95
-0.55, -1.16, -0.19, -24.95, 44.46, -39.33
-0.20, -1.01, -0.25, -29.77, 45.66, -42.60
0.15, -0.87, -0.27, -41.95, 23.20, -37.64
0.25, -0.79, -0.34, -50.01, -17.96, -27.40
0.23, -0.67, -0.39, -49.43, -46.13, -15.76
0.16, -0.56, -0.43, -50.71, -52.85, -8.31
0.14, -0.44, -0.49, -43.72, -41.43, 2.91
0.14, -0.35, -0.53, -38.61, -30.54, 9.39
0.11, -0.35, -0.58, -23.68, -14.41, 11.93
0.07, -0.45, -0.63, -12.43, 2.74, 20.12
0.05, -0.62, -0.67, -3.01, 25.31, 27.57
0.06, -0.80, -0.68, 5.37, 36.42, 31.71
0.07, -0.89, -0.65, 13.33, 39.96, 32.84
0.09, -0.98, -0.61, 20.51, 28.32, 33.71
0.11, -1.09, -0.54, 24.40, -3.40, 23.32
0.02, -1.19, -0.47, 24.99, -16.04, 2.70
-0.26, -1.24, -0.29, -4.25, -17.25, -22.61
-0.45, -1.20, -0.20, -29.17, 16.26, -37.47
-0.26, -1.07, -0.26, -30.14, 29.93, -38.91
0.04, -0.89, -0.33, -34.40, 14.37, -34.90
0.19, -0.75, -0.36, -42.99, -14.00, -20.04
0.21, -0.64, -0.40, -46.07, -42.05, -6.31
0.18, -0.51, -0.44, -43.59, -53.76, -0.50
0.12, -0.41, -0.50, -38.22, -47.69, 2.21
0.07, -0.40, -0.59, -27.99, -22.40, 5.05
0.03, -0.46, -0.65, -11.60, 8.46, 11.76
0.02, -0.58, -0.69, -2.41, 33.44, 19.00
0.05, -0.74, -0.72, 11.27, 46.43, 27.41
0.12, -0.84, -0.71, 20.08, 45.43, 31.88
0.14, -0.96, -0.63, 30.54, 25.96, 24.92
0.06, -1.12, -0.56, 32.96, 13.30, 8.20
-0.12, -1.28, -0.42, 11.37, 13.00, -8.55
-0.32, -1.29, -0.24, -20.97, 13.62, -28.33
-0.29, -1.17, -0.27, -27.16, 32.68, -31.01
-0.02, -1.00, -0.31, -28.64, 18.30, -32.19
0.15, -0.87, -0.30, -40.83, -7.01, -28.55
0.19, -0.78, -0.33, -45.39, -33.85, -18.43
0.14, -0.63, -0.37, -47.51, -46.33, -11.59
0.09, -0.49, -0.43, -43.25, -44.23, -6.17
0.05, -0.37, -0.50, -35.26, -29.05, -0.36
0.09, -0.33, -0.57, -24.07, -4.72, 7.61
0.10, -0.36, -0.64, -9.89, 16.09, 14.81
0.13, -0.50, -0.67, -0.73, 32.80, 27.38
0.16, -0.67, -0.68, 4.67, 34.22, 33.73
0.16, -0.84, -0.67, 9.80, 31.78, 39.23
0.15, -0.96, -0.65, 19.49, 16.27, 34.26
0.05, -1.10, -0.61, 33.40, 10.29, 19.07
-0.12, -1.25, -0.47, 20.69, 21.35, 1.23
-0.29, -1.34, -0.34, 0.58, 23.44, -16.79
-0.32, -1.28, -0.32, -7.91, 34.77, -29.47
-0.22, -1.14, -0.31, -13.34, 37.65, -39.14
-0.06, -0.99, -0.31, -18.77, 27.13, -43.77
0.09, -0.90, -0.29, -30.46, 8.07, -39.17
0.21, -0.79, -0.26, -46.64, -17.42, -29.13
0.21, -0.61, -0.25, -61.27, -41.17, -16.79
0.20, -0.47, -0.33, -55.92, -46.99, -2.61
0.20, -0.33, -0.47, -46.25, -41.90, 10.78
0.17, -0.27, -0.60, -27.90, -21.10, 20.31
0.13, -0.30, -0.66, -6.17, -1.95, 19.32
0.08, -0.47, -0.67, 3.33, 23.72, 26.27
0.05, -0.75, -0.66, 3.39, 37.04, 27.68
0.06, -0.91, -0.65, 3.70, 46.44, 34.36
0.13, -0.99, -0.64, 16.48, 33.04, 32.75
0.09, -1.10, -0.62, 33.91, 13.68, 15.18
-0.10, -1.28, -0.48, 21.79, 15.48, 2.54
-0.25, -1.38, -0.31, 2.62, 15.21, -13.25
-0.29, -1.28, -0.25, -13.82, 24.29, -28.68
-0.20, -1.09, -0.22, -22.55, 24.36, -39.22
0.02, -0.93, -0.25, -29.03, 11.96, -42.19
0.18, -0.84, -0.26, -41.22, -11.75, -40.64
0.25, -0.73, -0.31, -49.22, -32.33, -28.94
0.24, -0.60, -0.34, -59.08, -54.23, -15.27
0.22, -0.45, -0.41, -51.99, -54.88, -0.60
0.21, -0.34, -0.51, -44.61, -43.79, 16.11
0.22, -0.28, -0.62, -23.15, -20.02, 24.18
0.16, -0.30, -0.68, -0.97, -3.04, 23.63
0.08, -0.47, -0.69, 10.30, 17.31, 29.37
-0.00, -0.74, -0.68, 6.80, 31.18, 32.44
0.02, -0.92, -0.66, 8.75, 38.11, 36.34
0.07, -1.01, -0.66, 27.52, 27.04, 27.38
-0.00, -1.14, -0.59, 34.06, 25.29, 11.35
-0.15, -1.33, -0.42, 20.35, 15.49, -3.68
-0.28, -1.39, -0.31, -0.82, 20.80, -18.83
-0.29, -1.27, -0.24, -18.72, 27.97, -34.56
-0.13, -1.08, -0.26, -21.87, 24.79, -39.91
0.10, -0.92, -0.27, -35.58, 9.55, -40.14
0.24, -0.83, -0.27, -47.78, -18.49, -34.26
0.25, -0.71, -0.31, -60.03, -38.95, -22.40
0.22, -0.56, -0.37, -59.71, -49.19, -7.32
0.17, -0.39, -0.43, -54.24, -45.03, 2.11
0.18, -0.28, -0.54, -39.71, -27.69, 15.49
0.19, -0.26, -0.62, -17.33, -10.24, 22.89
0.17, -0.37, -0.66, -0.33, 9.58, 29.12
0.09, -0.57, -0.66, 3.50, 21.78, 29.90
0.04, -0.84, -0.66, 4.62, 31.74, 35.31
0.08, -0.97, -0.64, 16.21, 31.95, 35.83
0.11, -1.11, -0.56, 25.29, 15.64, 25.03
0.04, -1.29, -0.47, 22.22, -2.78, 9.90
-0.14, -1.40, -0.35, 7.60, -8.91, -9.66
-0.32, -1.34, -0.25, -15.49, 1.60, -26.97
-0.27, -1.17, -0.26, -18.76, 16.35, -38.58
-0.04, -1.01, -0.28, -29.08, 9.04, -45.92
0.13, -0.90, -0.30, -40.36, -5.56, -44.22
0.20, -0.79, -0.34, -50.31, -26.54, -36.27
0.18, -0.63, -0.39, -56.61, -39.90, -22.98
0.19, -0.46, -0.46, -51.78, -38.38, -4.01
0.25, -0.29, -0.58, -37.17, -19.28, 11.66
0.29, -0.20, -0.64, -21.94, -11.14, 21.98
0.22, -0.24, -0.64, -1.82, -0.05, 29.08
0.11, -0.41, -0.63, 1.40, 11.08, 34.55
0.03, -0.68, -0.60, -4.46, 27.27, 38.91
0.05, -0.85, -0.60, -4.77, 27.72, 42.64
0.08, -0.94, -0.62, 12.00, 14.72, 35.73
0.03, -1.11, -0.62, 32.59, 13.23, 18.53
-0.10, -1.31, -0.44, 13.58, -0.10, 8.72
-0.26, -1.43, -0.34, 6.68, 8.62, -7.34
-0.33, -1.31, -0.29, -8.87, 12.88, -26.94
-0.25, -1.14, -0.24, -20.07, 18.61, -39.00
-0.02, -1.01, -0.24, -32.30, 8.91, -42.58
0.19, -0.92, -0.28, -42.37, -8.71, -40.86
0.24, -0.77, -0.31, -55.07, -35.44, -35.57
0.20, -0.62, -0.38, -60.87, -44.16, -18.93
0.21, -0.46, -0.47, -53.34, -44.42, -2.06
0.27, -0.30, -0.60, -36.87, -24.60, 13.80
0.29, -0.23, -0.66, -23.99, -16.44, 18.23
0.24, -0.29, -0.70, -0.51, 4.83, 29.33
0.13, -0.47, -0.68, 2.01, 17.55, 31.92
0.01, -0.75, -0.63, 3.21, 34.79, 35.03
0.01, -0.93, -0.59, 9.07, 33.39, 35.37
0.03, -1.06, -0.56, 22.21, 14.01, 23.89
-0.20, -1.33, -0.32, 7.72, -8.34, -9.39
-0.31, -1.34, -0.24, -6.36, -1.62, -24.28
-0.24, -1.22, -0.22, -20.03, 5.66, -35.28
-0.05, -1.07, -0.24, -30.71, -1.69, -42.74
0.13, -0.94, -0.30, -39.41, -22.04, -42.04
0.15, -0.83, -0.33, -51.08, -44.93, -40.51
0.14, -0.69, -0.41, -50.91, -45.55, -27.94
0.18, -0.53, -0.49, -45.11, -39.62, -12.09
0.18, -0.36, -0.50, -41.82, -36.60, -2.86
0.15, -0.29, -0.51, -42.06, -29.61, 9.34
0.21, -0.29, -0.58, -25.28, -17.13, 25.96
0.03, -0.74, -0.58, -5.51, -16.94, 42.41
0.02, -0.93, -0.60, 2.57, -24.41, 40.64
0.01, -1.07, -0.59, 11.32, -35.67, 26.50
-0.10, -1.17, -0.58, 14.54, -26.65, 14.62
-0.28, -1.24, -0.45, -4.09, -19.39, -4.87
-0.41, -1.23, -0.41, -12.44, 5.67, -21.55
-0.30, -1.13, -0.38, -26.53, 18.88, -30.38
-0.09, -1.04, -0.37, -33.33, 11.02, -35.11
0.09, -0.95, -0.36, -39.31, -12.25, -35.29
0.12, -0.85, -0.38, -43.99, -31.48, -29.74
0.13, -0.71, -0.41, -43.25, -46.05, -21.73
0.11, -0.57, -0.44, -42.49, -44.16, -10.09
0.12, -0.43, -0.49, -38.91, -33.56, -0.46
0.21, -0.35, -0.58, -35.16, -15.80, 17.67
0.28, -0.33, -0.65, -21.24, -6.30, 22.28
0.21, -0.39, -0.65, -16.29, -3.94, 28.44
0.07, -0.59, -0.64, -14.44, 4.76, 33.19
-0.01, -0.85, -0.64, -7.19, 5.49, 26.58
-0.03, -1.17, -0.59, 0.25, -23.35, 13.21
-0.11, -1.20, -0.55, 7.72, -20.54, -4.44
-0.33, -1.18, -0.44, -6.11, -12.97, -24.14
-0.47, -1.15, -0.38, -21.61, 13.89, -37.82
-0.36, -1.08, -0.39, -27.52, 21.60, -46.93
-0.16, -0.95, -0.38, -34.61, 10.53, -50.68
0.10, -0.67, -0.42, -45.44, -16.84, -35.69
0.16, -0.51, -0.47, -45.29, -16.62, -15.27
0.24, -0.37, -0.57, -33.62, -7.45, 5.43
0.31, -0.27, -0.63, -26.73, -8.09, 18.10
0.28, -0.30, -0.67, -10.91, -1.41, 28.36
0.23, -0.66, -0.51, -39.45, -21.32, -16.93
0.24, -0.51, -0.60, -26.79, -29.68, -8.75
0.19, -0.40, -0.65, -12.98, -23.50, -1.73
-0.41, -1.02, -0.36, -20.59, 32.50, -47.92
-0.14, -0.93, -0.36, -32.80, 39.20, -45.36
0.08, -0.81, -0.38, -40.40, 17.93, -35.93
0.19, -0.67, -0.43, -45.95, -4.68, -20.12
0.27, -0.55, -0.53, -35.97, -15.22, -3.17
0.32, -0.43, -0.58, -31.15, -19.61, 4.53
-0.30, -1.00, -0.27, -19.28, 35.13, -54.26
-0.09, -0.91, -0.25, -38.70, 30.70, -49.15
0.15, -0.79, -0.31, -46.30, 17.87, -27.16
0.35, -0.64, -0.42, -45.35, -8.05, -4.84
0.44, -0.51, -0.51, -37.06, -31.16, 9.95
-0.08, -0.78, -0.52, 0.45, 42.79, 29.83
-0.03, -0.92, -0.47, 1.74, 37.72, 24.84
0.01, -1.04, -0.46, 2.05, 11.40, 19.58
-0.00, -1.08, -0.44, 3.41, -14.46, 7.89
-0.08, -1.10, -0.41, 4.37, -27.06, -10.70
-0.20, -1.09, -0.40, 3.03, -26.91, -29.65
-0.24, -1.05, -0.39, -10.54, -14.18, -42.87
-0.17, -1.02, -0.40, -20.71, -10.42, -53.10
0.06, -0.83, -0.54, -33.44, -1.01, -27.65
0.35, -0.63, -0.66, -16.06, 8.66, -3.08
0.31, -0.42, -0.60, -19.65, -1.28, 22.86
0.23, -0.46, -0.59, -19.09, -5.06, 30.76
0.06, -0.53, -0.51, -19.23, 12.82, 33.26
-0.03, -0.66, -0.49, -14.46, 24.63, 31.18
-0.04, -0.81, -0.48, -8.48, 23.79, 27.95
-0.01, -0.99, -0.48, -3.06, 4.15, 22.99
-0.01, -1.08, -0.47, -2.59, -15.12, 14.42
-0.08, -1.10, -0.44, 0.34, -22.29, -2.10
-0.24, -1.04, -0.40, -2.97, -14.26, -19.85
-0.30, -1.00, -0.36, -15.31, 10.13, -33.83
-0.15, -0.99, -0.36, -20.59, 10.96, -41.73
-0.01, -0.93, -0.37, -31.40, -8.01, -44.98
0.17, -0.74, -0.51, -37.13, -21.33, -17.07
0.31, -0.57, -0.61, -26.81, -16.80, 1.65
0.33, -0.43, -0.63, -22.25, -10.62, 14.41
0.24, -0.40, -0.64, -14.28, -7.03, 19.07
0.06, -0.48, -0.61, -14.70, 13.93, 25.88
0.01, -0.62, -0.61, -16.57, 37.17, 29.70
0.01, -0.73, -0.62, -17.95, 44.61, 31.11
0.02, -0.78, -0.61, -9.89, 42.55, 30.03
0.04, -0.90, -0.61, 9.49, 27.97, 24.22
-0.00, -1.09, -0.53, 13.56, 9.69, 7.65
-0.12, -1.26, -0.42, 4.40, 0.71, -3.01
-0.24, -1.24, -0.32, -10.26, 3.80, -18.45
-0.27, -1.10, -0.29, -18.14, 21.15, -32.33
-0.14, -0.96, -0.31, -21.57, 25.48, -40.65
0.00, -0.87, -0.29, -36.20, 11.26, -42.62
0.06, -0.80, -0.27, -51.74, -16.61, -36.10
0.13, -0.69, -0.37, -60.09, -19.64, -18.29
0.35, -0.51, -0.53, -44.20, -13.91, 8.38
0.48, -0.33, -0.63, -27.74, -17.78, 20.88
0.41, -0.29, -0.68, -9.31, -16.02, 26.81
0.18, -0.41, -0.63, -7.17, 1.12, 33.15
0.01, -0.63, -0.62, -12.97, 32.25, 35.96
-0.05, -0.74, -0.61, -21.47, 47.05, 38.16
0.01, -0.74, -0.58, -10.01, 47.61, 39.94
0.08, -0.79, -0.58, 13.51, 26.22, 30.98
0.03, -1.02, -0.59, 34.84, 16.04, 16.95
-0.13, -1.26, -0.41, 12.30, -6.78, -0.07
-0.32, -1.38, -0.30, -2.84, 9.06, -8.42
-0.27, -1.22, -0.32, -7.55, 16.67, -26.47
-0.14, -0.99, -0.34, -9.84, 27.02, -37.19
0.00, -0.88, -0.35, -17.44, 16.65, -37.99
0.11, -0.84, -0.34, -32.34, -9.91, -32.12
0.17, -0.77, -0.34, -49.48, -23.47, -17.47
0.27, -0.62, -0.41, -53.36, -35.10, -1.97
0.28, -0.46, -0.49, -51.48, -40.86, 9.26
0.28, -0.34, -0.61, -37.56, -28.12, 23.17
0.23, -0.35, -0.71, -12.67, -15.89, 26.33
0.05, -0.48, -0.69, -8.57, 11.63, 27.15
-0.04, -0.66, -0.71, -7.40, 43.47, 33.46
-0.00, -0.77, -0.69, -5.02, 57.63, 35.70
0.05, -0.83, -0.64, 3.85, 52.88, 29.45
0.05, -0.97, -0.64, 17.23, 39.25, 17.51
-0.03, -1.18, -0.58, 11.33, 25.41, 4.01
-0.14, -1.30, -0.46, -2.72, 23.31, -6.18
-0.18, -1.26, -0.43, -6.96, 33.40, -21.56
-0.17, -1.11, -0.39, -11.68, 41.82, -33.70
-0.08, -0.99, -0.38, -17.15, 44.06, -42.32
0.04, -0.92, -0.35, -31.17, 32.96, -44.50
0.11, -0.83, -0.31, -52.11, 17.06, -35.41
0.17, -0.70, -0.32, -64.00, 0.36, -20.90
0.25, -0.50, -0.37, -64.00, -11.78, -4.03
0.33, -0.34, -0.50, -56.24, -17.86, 10.47
0.33, -0.24, -0.59, -37.05, -18.03, 20.71
0.26, -0.29, -0.65, -23.19, -6.76, 27.99
0.11, -0.46, -0.62, -20.08, 11.03, 29.29
0.04, -0.63, -0.66, -17.21, 38.24, 37.31
0.07, -0.71, -0.68, -3.50, 49.39, 41.39
0.08, -0.79, -0.66, 21.16, 35.47, 33.13
0.03, -0.96, -0.62, 38.55, 28.34, 23.04
-0.03, -1.17, -0.48, 37.36, 20.05, 14.54
-0.16, -1.25, -0.35, 22.78, 17.20, -5.55
-0.32, -1.19, -0.18, -1.40, 20.00, -30.52
-0.25, -1.10, -0.16, -11.00, 30.12, -37.83
0.01, -1.00, -0.20, -21.26, 13.64, -42.62
0.21, -0.92, -0.25, -32.01, -15.67, -39.12
0.31, -0.82, -0.32, -41.42, -47.36, -28.57
0.30, -0.69, -0.37, -51.61, -64.00, -13.97
0.26, -0.53, -0.42, -60.81, -64.00, 0.91
0.24, -0.39, -0.50, -60.46, -61.23, 14.56
0.24, -0.25, -0.64, -39.58, -40.22, 21.44
0.22, -0.21, -0.75, -12.77, -11.27, 21.94
0.14, -0.33, -0.77, -1.96, 13.32, 23.38
0.05, -0.63, -0.78, -1.32, 29.99, 26.74
0.10, -0.84, -0.79, 8.83, 42.04, 38.10
0.21, -0.98, -0.77, 27.80, 28.39, 37.90
0.19, -1.11, -0.68, 37.64, 19.83, 29.08
0.02, -1.25, -0.49, 23.10, 5.84, 11.20
-0.20, -1.33, -0.33, 4.27, 4.17, -12.89
-0.34, -1.29, -0.27, -18.08, 11.10, -31.95
-0.25, -1.16, -0.30, -21.67, 23.11, -39.74
0.00, -0.99, -0.35, -25.84, 15.08, -43.96
0.18, -0.89, -0.38, -32.05, -1.94, -39.63
0.23, -0.77, -0.39, -41.81, -21.21, -31.68
0.17, -0.62, -0.43, -52.91, -29.47, -17.69
0.16, -0.44, -0.49, -50.16, -24.38, -5.64
0.16, -0.26, -0.52, -48.85, -16.54, 5.54
0.23, -0.17, -0.64, -32.27, 4.00, 23.38
0.26, -0.18, -0.69, -6.91, 7.31, 29.78
0.15, -0.35, -0.67, -3.41, 26.34, 33.12
0.07, -0.63, -0.65, -6.46, 41.61, 38.22
0.05, -0.80, -0.62, -8.46, 39.83, 40.71
0.11, -0.94, -0.65, 15.67, 25.39, 39.25
0.19, -1.11, -0.67, 36.81, 11.43, 29.93
0.03, -1.31, -0.52, 23.45, -1.22, 10.71
-0.20, -1.41, -0.33, -1.95, 7.78, -7.05
-0.25, -1.33, -0.28, -15.07, 28.47, -24.21
-0.16, -1.18, -0.29, -21.36, 32.39, -36.34
0.04, -1.03, -0.31, -26.89, 14.58, -41.61
0.21, -0.91, -0.35, -35.21, -8.13, -34.04
0.31, -0.82, -0.39, -44.63, -35.58, -25.81
0.27, -0.63, -0.42, -51.67, -48.79, -15.97
0.21, -0.45, -0.48, -50.85, -44.31, -6.66
0.21, -0.29, -0.57, -39.45, -28.35, 2.36
0.17, -0.22, -0.62, -31.00, -12.93, 8.78
0.15, -0.28, -0.69, -10.04, 13.81, 21.04
0.13, -0.44, -0.68, -5.35, 28.03, 23.62
0.10, -0.66, -0.65, -8.34, 34.06, 30.80
0.11, -0.79, -0.63, -7.92, 26.74, 40.52
0.17, -0.89, -0.63, 15.61, 8.88, 39.60
0.11, -1.02, -0.60, 33.20, 2.75, 20.64
-0.09, -1.24, -0.40, 5.40, -6.68, 3.75
-0.25, -1.37, -0.29, -17.71, 9.19, -8.50
-0.24, -1.27, -0.31, -27.85, 19.45, -22.32
-0.12, -1.09, -0.36, -23.87, 21.96, -29.89
0.06, -0.98, -0.38, -20.67, 8.18, -35.10
0.18, -0.95, -0.40, -25.71, -13.58, -40.16
0.20, -0.87, -0.43, -31.01, -33.52, -40.15
0.16, -0.73, -0.45, -38.42, -39.49, -31.16
0.15, -0.56, -0.44, -46.98, -35.84, -19.55
0.20, -0.40, -0.46, -47.89, -27.20, -6.24
0.28, -0.25, -0.52, -43.42, -21.98, 9.40
0.31, -0.20, -0.61, -30.42, -18.15, 20.06
0.27, -0.26, -0.68, -9.47, -13.15, 29.78
0.14, -0.46, -0.69, -2.44, -5.24, 29.52
0.02, -0.69, -0.71, 1.77, 6.87, 31.61
0.02, -0.86, -0.74, 14.88, 13.48, 32.31
0.03, -1.01, -0.73, 35.73, 13.13, 23.48
-0.03, -1.20, -0.61, 32.43, 11.86, 9.43
-0.16, -1.35, -0.47, 14.34, 17.06, -3.72
-0.23, -1.30, -0.38, -8.19, 29.02, -19.79
-0.16, -1.15, -0.37, -13.51, 38.47, -26.59
0.05, -0.99, -0.40, -13.81, 22.42, -33.15
0.16, -0.91, -0.39, -22.72, -0.08, -34.32
0.20, -0.83, -0.40, -32.60, -27.05, -29.43
0.17, -0.69, -0.41, -41.04, -37.67, -21.53
0.15, -0.51, -0.45, -41.13, -34.74, -12.32
0.18, -0.35, -0.52, -35.18, -19.02, -0.96
0.21, -0.25, -0.56, -28.77, -9.79, 9.52
0.21, -0.27, -0.60, -14.32, 3.15, 22.96
0.23, -0.38, -0.66, -0.81, 17.25, 30.13
0.19, -0.58, -0.64, -5.85, 23.01, 32.83
0.13, -0.78, -0.62, -13.20, 22.87, 39.00
0.13, -0.87, -0.62, -4.16, 16.98, 43.93
0.15, -0.98, -0.66, 26.24, 5.56, 33.23
0.06, -1.17, -0.61, 32.75, -1.34, 14.34
-0.15, -1.37, -0.43, 7.92, 5.00, 1.60
-0.30, -1.38, -0.32, -5.67, 20.76, -21.06
-0.29, -1.21, -0.33, -9.44, 38.89, -35.34
-0.12, -1.05, -0.32, -12.93, 41.01, -44.76
0.11, -0.96, -0.32, -22.18, 21.73, -45.44
0.24, -0.88, -0.32, -33.19, -6.48, -38.69
0.30, -0.74, -0.35, -43.99, -34.30, -26.54
0.28, -0.56, -0.39, -47.95, -45.95, -12.86
0.26, -0.40, -0.44, -46.65, -51.48, -3.47
0.22, -0.25, -0.54, -38.57, -38.79, 9.45
0.23, -0.20, -0.61, -23.70, -21.65, 20.78
0.17, -0.25, -0.64, -7.55, -6.57, 24.38
0.07, -0.43, -0.63, -5.12, 17.18, 28.34
0.01, -0.68, -0.61, -12.64, 18.37, 27.78
0.05, -0.85, -0.66, -1.86, 28.56, 36.86
0.17, -0.98, -0.71, 23.54, 13.98, 30.26
0.11, -1.16, -0.65, 32.27, 6.34, 16.35
-0.03, -1.36, -0.51, 17.04, 9.00, 11.58
-0.17, -1.38, -0.41, 2.38, 11.91, -9.02
-0.27, -1.25, -0.36, -8.43, 28.61, -26.12
-0.20, -1.08, -0.34, -14.00, 37.31, -39.39
0.02, -0.99, -0.36, -17.75, 32.96, -42.57
0.21, -0.91, -0.35, -28.65, 6.43, -39.12
0.26, -0.81, -0.33, -41.93, -17.09, -33.33
0.23, -0.65, -0.35, -54.80, -36.51, -20.82
0.24, -0.47, -0.44, -50.51, -33.06, -7.45
0.24, -0.29, -0.49, -46.48, -30.63, 2.44
0.27, -0.21, -0.59, -31.79, -9.86, 20.40
0.27, -0.23, -0.65, -10.92, -3.93, 28.14
0.17, -0.38, -0.62, -7.90, 9.27, 31.10
0.06, -0.61, -0.60, -12.40, 14.62, 32.30
0.04, -0.81, -0.61, -13.87, 20.60, 36.30
0.09, -0.88, -0.64, 3.01, 19.72, 36.98
0.11, -1.01, -0.65, 23.21, 6.24, 21.84
0.05, -1.20, -0.60, 25.88, 7.60, 15.04
-0.06, -1.37, -0.47, 7.72, 10.09, 6.80
-0.20, -1.33, -0.36, -5.45, 20.30, -13.68
-0.20, -1.17, -0.35, -7.39, 34.80, -24.86
-0.05, -1.04, -0.36, -7.99, 26.81, -35.43
0.15, -0.97, -0.35, -17.04, 7.53, -37.93
0.24, -0.88, -0.33, -27.36, -20.91, -36.55
0.22, -0.78, -0.33, -43.96, -37.63, -28.67
0.21, -0.62, -0.36, -52.04, -38.10, -15.08
0.23, -0.43, -0.43, -50.69, -40.21, -5.29
0.22, -0.27, -0.50, -47.96, -31.13, 7.15
0.27, -0.22, -0.60, -30.05, -17.73, 24.56
0.26, -0.24, -0.64, -10.00, -17.28, 28.75
0.13, -0.38, -0.63, -6.83, -1.95, 30.68
0.01, -0.65, -0.62, -12.53, 6.14, 30.23
-0.03, -0.83, -0.65, -5.91, 20.99, 33.12
0.06, -0.95, -0.70, 17.99, 24.16, 32.77
0.05, -1.09, -0.64, 29.49, 13.23, 14.15
-0.04, -1.30, -0.54, 20.82, 14.73, 9.65
-0.12, -1.38, -0.44, 5.98, 16.37, -4.60
-0.18, -1.26, -0.38, -3.47, 27.85, -21.21
-0.12, -1.07, -0.36, -7.90, 32.23, -31.16
0.04, -0.98, -0.37, -12.87, 23.03, -36.68
0.17, -0.92, -0.35, -23.20, 1.44, -35.39
0.22, -0.81, -0.35, -35.29, -22.88, -31.38
0.18, -0.67, -0.35, -46.78, -34.61, -21.61
0.20, -0.52, -0.41, -42.23, -31.52, -10.41
0.21, -0.35, -0.48, -41.15, -29.16, -1.40
0.24, -0.28, -0.57, -32.14, -11.28, 14.46
0.27, -0.28, -0.65, -10.38, -2.88, 22.71
0.18, -0.40, -0.64, -1.48, 11.31, 25.19
0.07, -0.64, -0.64, -1.04, 25.00, 26.82
0.02, -0.82, -0.63, -3.44, 30.19, 32.04
0.07, -0.91, -0.63, 9.61, 25.01, 35.44
0.09, -0.99, -0.61, 26.83, 7.29, 21.07
-0.01, -1.15, -0.52, 24.03, 12.88, 7.76
-0.15, -1.29, -0.37, 0.57, 12.63, -9.64
-0.21, -1.29, -0.33, -10.61, 36.74, -17.41
-0.10, -1.14, -0.37, -13.54, 44.60, -26.14
0.07, -0.98, -0.40, -11.44, 34.91, -30.06
0.20, -0.93, -0.37, -16.75, 12.62, -30.52
0.27, -0.90, -0.33, -26.76, -16.36, -29.85
0.25, -0.83, -0.32, -38.00, -36.27, -28.11
-0.46, -0.82, -0.07, 23.84, 34.65, 14.80
-0.48, -0.93, 0.03, 9.67, 21.25, 0.86
-0.54, -0.94, 0.23, -9.37, 9.71, -14.92
-0.60, -0.93, 0.33, -23.68, 7.33, -29.11
-0.54, -0.96, 0.22, -32.50, 8.04, -28.53
-0.37, -0.97, 0.04, -38.64, -1.98, -27.44
-0.25, -0.95, -0.12, -38.70, -17.00, -21.99
-0.21, -0.88, -0.24, -34.11, -20.90, -18.10
-0.24, -0.83, -0.31, -31.48, -16.25, -9.97
-0.29, -0.81, -0.32, -25.50, -4.97, 0.05
-0.27, -0.78, -0.30, -20.45, 0.22, 11.31
-0.22, -0.76, -0.27, -16.28, -2.68, 17.57
-0.22, -0.76, -0.30, -7.17, -2.41, 20.61
-0.28, -0.76, -0.24, 0.24, 3.79, 18.03
-0.36, -0.78, -0.09, 5.91, 12.71, 14.03
-0.42, -0.83, -0.05, 10.04, 21.36, 8.83
-0.47, -0.91, -0.02, 6.95, 23.77, -1.05
-0.46, -0.97, 0.03, -0.19, 26.14, -12.84
-0.47, -0.98, 0.15, -13.57, 20.24, -23.33
-0.48, -0.98, 0.22, -28.43, 11.16, -27.93
-0.20, -0.70, -0.39, -4.99, 0.84, 22.62
-0.22, -0.73, -0.33, 5.32, 5.24, 22.88
-0.28, -0.74, -0.20, 11.74, 10.25, 21.28
-0.34, -0.77, -0.11, 16.85, 17.25, 21.11
-0.36, -0.83, -0.03, 16.23, 23.99, 12.83
-0.38, -0.90, 0.10, 10.55, 31.06, 7.82
-0.42, -0.95, 0.18, 0.93, 29.52, -4.09
-0.47, -1.02, 0.21, -15.83, 22.50, -16.55
-0.52, -1.04, 0.26, -36.34, 4.82, -31.55
-0.50, -1.00, 0.21, -49.92, -5.05, -31.66
-0.47, -0.81, 0.05, 14.16, 31.81, 21.20
-0.45, -0.90, 0.01, 9.54, 23.10, 10.52
-0.42, -0.99, 0.06, -4.62, 8.53, -7.28
-0.48, -1.01, 0.20, -20.79, -6.87, -23.21
-0.52, -0.98, 0.24, -34.97, -5.40, -30.30
-0.45, -0.97, 0.12, -43.92, -4.17, -27.93
-0.31, -0.95, -0.05, -44.82, -11.97, -24.09
-0.23, -0.89, -0.19, -46.08, -16.61, -22.85
-0.23, -0.82, -0.29, -38.05, -9.97, -8.84
-0.20, -0.77, -0.38, -30.26, -5.99, 4.03
-0.15, -0.74, -0.40, -18.90, -7.73, 14.13
-0.16, -0.72, -0.42, -9.90, -5.30, 17.89
-0.24, -0.75, -0.36, -3.14, 4.49, 20.06
-0.34, -0.77, -0.23, 6.79, 21.51, 16.59
-0.42, -0.79, -0.16, 13.06, 43.09, 19.57
-0.42, -0.86, -0.08, 15.44, 47.49, 12.89
-0.40, -0.93, -0.02, 5.86, 46.86, 3.18
-0.42, -1.00, 0.19, -16.36, 18.88, -16.29
-0.51, -1.01, 0.33, -34.21, 12.49, -28.71
-0.48, -0.99, 0.20, -41.27, 6.40, -31.88
-0.36, -0.97, -0.04, -43.10, 1.70, -31.24
-0.20, -0.92, -0.22, -40.70, -8.41, -24.20
-0.11, -0.83, -0.29, -36.23, -21.86, -15.51
-0.13, -0.78, -0.35, -28.67, -22.93, -8.68
-0.16, -0.79, -0.35, -20.82, -16.08, 0.89
-0.17, -0.79, -0.31, -17.68, -9.29, 10.14
-0.17, -0.77, -0.35, -8.78, -6.13, 16.93
-0.18, -0.76, -0.36, -0.73, -1.31, 17.81
-0.27, -0.76, -0.22, 7.48, 13.33, 16.37
-0.38, -0.79, -0.16, 16.13, 33.11, 15.06
-0.41, -0.86, -0.14, 15.96, 44.53, 10.70
-0.39, -0.96, -0.02, 2.39, 32.47, 0.56
-0.42, -1.01, 0.23, -15.55, 24.02, -14.20
-0.46, -1.00, 0.25, -25.09, 15.60, -20.72
-0.44, -0.99, 0.13, -38.05, 1.61, -29.28
-0.36, -0.98, -0.01, -45.08, -2.35, -29.68
-0.24, -0.88, -0.16, -43.56, -7.52, -23.27
-0.17, -0.83, -0.24, -38.96, -14.57, -18.08
-0.18, -0.81, -0.35, -27.75, -6.70, -10.44
-0.16, -0.78, -0.39, -20.55, -1.62, 0.99
-0.10, -0.77, -0.33, -14.89, -9.50, 10.35
-0.11, -0.77, -0.34, -7.55, -7.57, 16.26
-0.16, -0.80, -0.37, -0.98, -7.55, 24.90
-0.17, -0.82, -0.29, 0.20, -3.50, 22.18
-0.29, -0.85, -0.14, 3.42, 12.58, 19.55
-0.41, -0.88, -0.07, 3.83, 28.86, 18.14
-0.47, -0.95, -0.01, -5.60, 24.17, 5.55
-0.45, -1.01, 0.05, -13.38, 18.70, -8.84
-0.46, -1.02, 0.11, -26.06, 16.15, -18.85
-0.45, -1.00, 0.12, -37.23, 15.54, -23.66
-0.36, -0.98, -0.00, -43.87, 4.95, -22.78
-0.24, -0.95, -0.15, -46.26, -2.31, -20.06
-0.14, -0.88, -0.27, -40.86, -13.13, -10.58
-0.13, -0.80, -0.31, -36.04, -21.73, -7.91
-0.14, -0.77, -0.33, -28.02, -11.71, 4.67
-0.12, -0.76, -0.32, -21.59, -14.91, 9.08
-0.15, -0.77, -0.35, -13.35, -8.99, 19.23
-0.15, -0.79, -0.40, -7.99, -9.06, 18.08
-0.23, -0.82, -0.31, -4.78, -2.97, 17.95
-0.33, -0.84, -0.24, 3.14, 17.00, 20.32
-0.36, -0.85, -0.18, 5.06, 28.71, 15.20
-0.42, -0.89, -0.02, 0.71, 32.75, 6.59
-0.46, -0.92, 0.05, -4.09, 32.62, -4.04
-0.46, -0.93, 0.11, -14.97, 22.02, -19.45
-0.47, -0.94, 0.15, -31.21, 10.21, -26.70
-0.43, -0.96, 0.08, -41.91, -0.32, -33.07
-0.33, -0.95, -0.01, -51.58, -3.51, -32.28
-0.24, -0.88, -0.14, -52.54, 1.33, -20.71
-0.11, -0.81, -0.34, -39.78, 4.34, -1.87
0.01, -0.70, -0.49, -23.94, -12.84, 7.11
0.02, -0.66, -0.47, -14.12, -20.02, 22.46
-0.05, -0.70, -0.48, 2.00, -32.72, 20.11
-0.20, -0.76, -0.42, 5.91, -16.25, 15.77
-0.31, -0.82, -0.22, 4.98, -5.58, 19.94
-0.37, -0.85, -0.15, 6.34, 13.27, 14.48
-0.39, -0.88, -0.15, 7.58, 27.51, 14.57
-0.35, -0.94, -0.07, 2.12, 25.73, 7.54
-0.34, -1.01, -0.00, -5.62, 19.36, -2.79
-0.38, -1.01, 0.03, -11.82, 15.46, -14.24
-0.41, -0.97, 0.05, -21.60, 7.06, -23.66
-0.38, -0.96, 0.03, -32.03, -4.97, -28.12
-0.33, -0.97, -0.06, -43.34, -2.22, -29.01
-0.28, -0.94, -0.16, -45.82, 3.71, -18.79
-0.17, -0.85, -0.30, -38.36, 6.69, -4.69
-0.06, -0.74, -0.41, -27.08, -1.47, 7.56
0.01, -0.68, -0.45, -14.02, -15.21, 20.29
-0.01, -0.68, -0.45, -2.94, -28.07, 18.47
-0.17, -0.73, -0.40, 5.86, -20.99, 15.37
-0.30, -0.79, -0.28, 8.06, -3.55, 19.19
-0.36, -0.84, -0.19, 9.50, 12.73, 17.11
-0.38, -0.87, -0.18, 12.13, 28.04, 18.31
-0.37, -0.91, -0.10, 8.52, 35.04, 13.71
-0.37, -0.96, -0.03, 3.71, 28.52, 3.87
-0.41, -1.01, 0.06, -8.95, 9.62, -13.84
-0.49, -1.02, 0.17, -25.70, 4.07, -26.24
-0.46, -0.99, 0.11, -33.32, 3.04, -27.11
-0.35, -0.94, -0.06, -37.18, -0.72, -30.38
-0.28, -0.91, -0.09, -48.69, -8.28, -29.21
-0.25, -0.90, -0.18, -48.73, 3.64, -17.13
-0.12, -0.82, -0.39, -33.87, 7.51, 1.73
0.00, -0.68, -0.52, -17.43, 0.23, 12.90
0.05, -0.64, -0.51, -1.88, -11.19, 27.47
-0.01, -0.71, -0.47, 8.69, -21.76, 23.95
-0.17, -0.79, -0.38, 12.00, -17.85, 28.49
-0.27, -0.83, -0.27, 14.90, -8.29, 27.46
-0.34, -0.83, -0.15, 16.88, 10.71, 21.86
-0.42, -0.86, -0.02, 13.76, 27.15, 20.15
-0.45, -0.95, 0.01, 5.57, 25.14, 7.70
-0.46, -1.01, 0.04, -6.68, 18.59, -9.08
-0.49, -1.01, 0.14, -19.17, 12.13, -23.76
-0.48, -0.98, 0.11, -27.05, 8.33, -28.78
-0.36, -0.96, 0.01, -32.49, -2.56, -29.63
-0.25, -0.95, -0.05, -43.69, -17.78, -34.41
-0.23, -0.96, -0.12, -50.28, -16.66, -27.20
-0.21, -0.94, -0.23, -49.18, -11.00, -16.11
-0.13, -0.85, -0.37, -38.11, -3.31, -0.96
0.00, -0.74, -0.50, -18.75, -11.18, 18.06
0.05, -0.68, -0.52, -5.30, -22.28, 24.97
-0.08, -0.70, -0.47, 5.98, -23.22, 24.47
-0.24, -0.75, -0.33, 8.21, -14.00, 25.05
-0.35, -0.78, -0.17, 9.96, 0.07, 24.52
-0.41, -0.79, -0.12, 13.63, 21.66, 21.12
-0.42, -0.83, -0.07, 14.53, 30.65, 21.48
-0.38, -0.91, -0.07, 10.66, 28.22, 9.86
-0.35, -0.95, -0.03, 4.15, 22.74, 1.30
-0.38, -0.97, 0.07, -4.52, 8.64, -9.06
-0.43, -1.01, 0.14, -22.58, 2.44, -21.55
-0.37, -1.00, 0.06, -27.52, -2.45, -14.18
-0.24, -0.92, -0.10, -27.27, -17.39, -18.50
-0.24, -0.88, -0.14, -37.80, -26.17, -18.42
-0.28, -0.90, -0.17, -39.65, -17.61, -14.33
-0.28, -0.88, -0.26, -36.39, -2.82, -7.21
-0.20, -0.82, -0.34, -28.25, 1.74, 3.98
-0.10, -0.78, -0.39, -15.65, -0.96, 18.25
-0.02, -0.77, -0.45, -2.66, -6.59, 30.08
-0.04, -0.77, -0.42, 7.61, -12.78, 28.72
-0.17, -0.76, -0.28, 11.21, -7.51, 29.87
-0.31, -0.78, -0.13, 16.08, 10.41, 26.80
-0.44, -0.83, -0.01, 11.08, 20.92, 23.55
-0.49, -0.92, 0.04, 3.78, 22.30, 6.11
-0.55, -0.98, 0.16, -11.62, 6.26, -15.25
-0.65, -1.02, 0.30, -34.52, 6.77, -32.38
-0.56, -0.99, 0.17, -33.77, 13.59, -26.18
-0.32, -0.90, -0.10, -26.64, -0.38, -35.99
-0.27, -0.87, -0.14, -40.15, -10.20, -37.78
-0.26, -0.93, -0.19, -40.62, -4.69, -25.06
-0.20, -0.91, -0.33, -38.42, 1.28, -11.01
-0.08, -0.83, -0.44, -28.30, 2.15, 9.08
0.06, -0.77, -0.50, -11.60, -6.97, 28.43
0.04, -0.72, -0.50, -0.08, -18.47, 31.29
-0.11, -0.73, -0.39, 5.89, -14.15, 31.94
-0.28, -0.77, -0.21, 8.31, -4.69, 32.65
-0.38, -0.78, -0.10, 12.74, 19.66, 27.26
-0.43, -0.84, -0.04, 13.50, 27.99, 29.70
-0.40, -0.92, -0.05, 9.73, 23.90, 12.59
-0.43, -0.98, 0.06, -3.05, 1.34, -5.40
-0.56, -1.01, 0.29, -28.36, -5.04, -27.93
-0.60, -1.00, 0.24, -31.88, 6.41, -31.12
-0.45, -0.97, 0.00, -36.05, 7.44, -35.03
-0.27, -0.95, -0.15, -39.14, 1.42, -28.22
-0.19, -0.92, -0.20, -44.09, -10.29, -28.77
-0.22, -0.89, -0.25, -42.66, -1.86, -18.02
-0.20, -0.86, -0.36, -31.13, 5.44, -3.11
-0.11, -0.81, -0.44, -22.07, 6.76, 8.71
-0.02, -0.75, -0.41, -13.37, -4.03, 22.96
-0.01, -0.75, -0.41, -5.11, -11.54, 29.27
-0.12, -0.76, -0.35, 0.31, -8.67, 28.72
-0.26, -0.77, -0.23, 6.03, 6.89, 29.71
-0.36, -0.79, -0.20, 12.70, 31.03, 28.49
-0.38, -0.85, -0.17, 14.05, 40.83, 27.91
-0.36, -0.93, -0.05, 5.70, 29.81, 19.02
-0.39, -0.99, 0.10, -3.73, 6.21, -4.46
-0.53, -1.01, 0.23, -22.42, -4.85, -20.18
-0.58, -1.00, 0.18, -31.48, -1.03, -30.60
-0.49, -0.96, 0.03, -37.37, -0.79, -33.41
-0.35, -0.91, -0.08, -42.46, -6.72, -35.27
-0.26, -0.89, -0.14, -48.01, -8.16, -27.97
-0.21, -0.85, -0.23, -44.74, -5.42, -15.71
-0.13, -0.80, -0.33, -38.03, -3.24, 2.57
-0.01, -0.75, -0.47, -19.74, -10.38, 15.74
0.03, -0.70, -0.54, -4.81, -16.70, 28.74
-0.06, -0.71, -0.49, 4.26, -19.09, 29.71
-0.22, -0.74, -0.34, 12.70, -4.49, 31.72
-0.36, -0.74, -0.17, 17.13, 16.18, 31.51
-0.44, -0.78, -0.05, 19.26, 26.54, 28.61
-0.43, -0.87, 0.02, 12.09, 16.03, 15.54
-0.49, -0.94, 0.19, -7.63, -7.67, -10.10
-0.61, -0.98, 0.34, -29.80, -7.74, -25.92
-0.59, -0.94, 0.22, -32.77, 0.24, -29.56
-0.43, -0.93, 0.02, -33.69, -4.60, -33.02
-0.29, -0.92, -0.14, -37.97, -9.67, -31.29
-0.23, -0.93, -0.22, -40.48, -11.02, -27.19
-0.21, -0.90, -0.28, -40.82, -9.48, -15.72
-0.17, -0.85, -0.35, -32.07, -1.22, -1.46
-0.08, -0.80, -0.44, -17.50, -5.30, 12.83
-0.06, -0.75, -0.48, -8.12, -6.17, 21.78
-0.09, -0.75, -0.46, 3.79, -10.14, 24.32
-0.18, -0.77, -0.35, 9.03, -5.84, 26.53
-0.29, -0.78, -0.20, 12.41, 6.69, 25.28
-0.40, -0.81, -0.10, 14.92, 26.76, 24.72
-0.43, -0.88, -0.05, 12.30, 27.43, 18.36
-0.42, -0.93, 0.02, 2.97, 14.00, 1.17
-0.49, -0.97, 0.19, -15.96, -2.98, -17.66
-0.58, -1.00, 0.27, -29.10, 1.94, -29.97
-0.51, -0.98, 0.12, -34.43, -1.60, -31.86
-0.36, -0.95, -0.07, -39.31, -7.06, -37.06
-0.27, -0.94, -0.15, -44.83, -11.55, -32.79
-0.24, -0.91, -0.22, -44.02, -5.32, -24.87
-0.20, -0.86, -0.30, -39.84, 4.12, -10.72
-0.10, -0.80, -0.39, -25.62, 0.09, 6.03
-0.02, -0.74, -0.47, -12.92, -3.81, 16.78
-0.01, -0.71, -0.48, 0.34, -13.74, 26.08
-0.11, -0.73, -0.40, 4.45, -13.18, 22.54
-0.25, -0.77, -0.21, 6.25, -4.62, 27.05
-0.35, -0.78, -0.14, 10.99, 17.74, 24.85
-0.40, -0.80, -0.08, 13.07, 32.45, 22.84
-0.41, -0.86, -0.04, 9.55, 33.84, 17.70
-0.38, -0.93, 0.01, 1.38, 17.56, 5.93
-0.40, -0.97, 0.13, -12.57, -8.83, -13.02
-0.49, -1.01, 0.23, -30.00, -14.53, -23.44
-0.46, -1.00, 0.15, -33.28, -13.87, -23.43
-0.33, -0.95, -0.06, -35.34, -17.44, -25.97
-0.25, -0.92, -0.20, -40.29, -22.62, -23.12
-0.24, -0.92, -0.22, -42.79, -17.22, -18.12
-0.26, -0.90, -0.24, -43.25, -1.68, -8.09
-0.19, -0.87, -0.28, -38.13, 0.87, 13.29
-0.04, -0.82, -0.42, -22.99, -13.29, 21.21
0.01, -0.75, -0.53, -8.87, -31.42, 29.71
-0.09, -0.76, -0.46, -1.38, -27.85, 28.44
-0.23, -0.78, -0.29, 4.51, -14.20, 33.47
-0.31, -0.79, -0.17, 7.53, -3.20, 36.18
-0.36, -0.81, -0.07, 11.66, 17.92, 30.61
-0.41, -0.86, 0.01, 5.21, 0.83, 32.64
-0.44, -0.92, 0.06, -4.68, -25.98, -0.84
-0.59, -0.91, 0.20, -18.03, -30.33, -11.46
-0.64, -0.90, 0.22, -23.58, -21.75, -30.57
-0.58, -0.95, 0.13, -36.91, -18.95, -27.77
-0.43, -0.99, -0.00, -41.35, -23.58, -27.27
-0.28, -0.95, -0.17, -39.52, -28.67, -28.02
-0.26, -0.87, -0.23, -40.65, -29.65, -22.63
-0.27, -0.83, -0.26, -37.62, -18.70, -8.39
-0.23, -0.82, -0.32, -31.68, -14.21, -5.42
-0.20, -0.79, -0.36, -24.27, -2.68, 12.81
-0.14, -0.77, -0.43, -9.26, -4.04, 23.59
-0.11, -0.78, -0.46, -4.96, -8.64, 24.32
-0.20, -0.79, -0.34, -3.33, 0.67, 25.74
-0.34, -0.77, -0.16, 5.95, 23.17, 26.07
-0.41, -0.76, -0.08, 13.23, 31.16, 25.14
-0.42, -0.81, -0.04, 8.78, 15.55, 11.03
-0.47, -0.88, 0.08, -5.08, 1.32, -5.76
-0.56, -0.89, 0.25, -17.02, -2.57, -18.49
-0.57, -0.90, 0.17, -26.20, 2.34, -28.29
-0.51, -0.91, 0.12, -37.71, 2.34, -27.02
-0.36, -0.92, 0.01, -42.55, -0.32, -24.58
-0.22, -0.90, -0.18, -40.32, -11.37, -18.83
-0.16, -0.85, -0.27, -37.54, -15.56, -8.70
-0.11, -0.78, -0.32, -27.10, -18.95, 5.39
-0.08, -0.80, -0.40, -15.38, -21.34, 17.97
-0.10, -0.81, -0.47, -1.56, -20.07, 26.56
-0.18, -0.80, -0.45, 8.49, -14.38, 32.49
-0.26, -0.77, -0.32, 11.80, -5.69, 36.17
-0.31, -0.76, -0.18, 13.99, 5.05, 36.30
-0.37, -0.78, -0.03, 12.08, 15.08, 31.89
-0.47, -0.83, 0.08, 8.51, 17.00, 22.41
-0.54, -0.92, 0.14, -3.85, -4.80, 6.84
-0.59, -0.97, 0.18, -15.26, -15.36, -23.62
-0.68, -0.94, 0.22, -23.06, -5.16, -33.52
-0.62, -0.92, 0.17, -31.85, -2.29, -36.71
-0.44, -0.94, -0.02, -33.99, 1.37, -36.12
-0.30, -0.92, -0.18, -36.99, -4.53, -27.48
-0.19, -0.86, -0.26, -33.50, -8.15, -17.37
-0.13, -0.81, -0.36, -27.43, -13.07, 0.53
-0.08, -0.80, -0.41, -17.56, -20.29, 10.28
-0.08, -0.80, -0.39, -9.43, -27.05, 22.69
-0.14, -0.81, -0.40, 2.72, -26.38, 24.31
-0.24, -0.78, -0.38, 11.40, -13.74, 27.18
-0.36, -0.78, -0.21, 13.53, 3.23, 23.88
-0.45, -0.80, -0.01, 16.42, 19.89, 20.78
-0.51, -0.82, 0.10, 13.28, 21.50, 11.71
-0.53, -0.89, 0.12, 3.21, 8.37, -5.79
-0.57, -0.92, 0.17, -9.57, 2.54, -21.93
-0.59, -0.90, 0.21, -18.17, 3.27, -31.97
-0.54, -0.89, 0.18, -26.70, 7.58, -29.62
-0.40, -0.90, 0.09, -34.69, -0.63, -24.93
-0.24, -0.88, -0.09, -35.10, -8.84, -15.39
-0.14, -0.85, -0.23, -32.19, -15.72, -5.76
-0.13, -0.82, -0.24, -29.42, -24.62, 1.07
-0.17, -0.81, -0.22, -26.05, -26.80, 13.34
-0.18, -0.83, -0.23, -21.38, -29.41, 20.63
-0.22, -0.80, -0.26, -13.55, -23.06, 25.10
-0.28, -0.78, -0.27, -2.67, -6.05, 26.59
-0.35, -0.81, -0.20, 3.26, 7.11, 26.11
-0.39, -0.85, -0.13, 9.21, 15.17, 23.92
-0.40, -0.90, -0.09, 9.54, 12.53, 14.92
-0.42, -0.96, -0.01, 1.48, 4.07, 5.36
-0.46, -0.95, 0.09, -5.69, -6.63, -11.21
-0.53, -0.92, 0.16, -13.82, -2.10, -24.31
-0.57, -0.94, 0.17, -26.21, 1.20, -30.08
-0.54, -0.99, 0.15, -42.88, -1.12, -27.34
-0.43, -0.96, 0.02, -45.65, -1.72, -24.45
-0.29, -0.87, -0.12, -47.06, -7.94, -17.00
-0.20, -0.80, -0.19, -45.16, -17.48, -8.65
-0.15, -0.76, -0.25, -35.49, -21.01, 3.44
-0.12, -0.74, -0.30, -24.20, -25.39, 15.90
-0.14, -0.75, -0.36, -11.56, -27.46, 23.43
-0.21, -0.77, -0.39, -1.20, -19.90, 25.03
-0.32, -0.77, -0.31, 4.97, -5.27, 26.58
-0.40, -0.75, -0.14, 11.86, 13.66, 25.42
-0.45, -0.76, 0.02, 13.84, 24.42, 21.07
-0.47, -0.84, 0.11, 8.35, 26.79, 10.71
-0.48, -0.92, 0.15, -2.00, 12.91, 0.45
-0.52, -0.94, 0.22, -17.39, -0.57, -24.24
-0.61, -0.92, 0.26, -28.62, 0.54, -31.79
-0.58, -0.93, 0.20, -39.59, -0.73, -34.08
-0.45, -0.95, 0.04, -42.41, -4.79, -35.98
-0.33, -0.94, -0.13, -43.04, -7.09, -31.29
-0.25, -0.89, -0.25, -38.60, -9.30, -23.44
-0.22, -0.84, -0.30, -33.79, -8.49, -12.05
-0.19, -0.82, -0.32, -26.77, -5.12, 4.16
-0.14, -0.81, -0.35, -16.61, -6.13, 16.44
-0.12, -0.78, -0.42, -2.63, -11.71, 23.16
-0.19, -0.78, -0.40, 1.16, -6.24, 22.96
-0.32, -0.78, -0.23, 6.51, 5.64, 25.19
-0.42, -0.77, -0.08, 11.99, 18.02, 23.46
-0.44, -0.79, 0.00, 13.57, 29.63, 17.94
-0.44, -0.85, 0.07, 9.20, 28.58, 6.07
-0.50, -0.91, 0.15, -3.87, 28.78, -8.13
-0.59, -0.94, 0.29, -27.10, 9.36, -23.71
-0.58, -0.92, 0.35, -42.09, 2.94, -29.21
-0.47, -0.89, 0.22, -46.39, -12.32, -31.69
-0.33, -0.89, -0.02, -46.71, -18.30, -32.36
-0.26, -0.89, -0.16, -48.64, -19.38, -26.19
-0.23, -0.86, -0.23, -43.30, -10.16, -13.87
-0.19, -0.80, -0.30, -34.69, -8.69, 0.36
-0.15, -0.79, -0.36, -24.71, -9.61, 8.10
-0.18, -0.79, -0.40, -16.20, -0.12, 19.44
-0.23, -0.80, -0.40, -6.77, 7.85, 20.38
-0.31, -0.81, -0.30, -0.89, 23.98, 25.17
-0.33, -0.80, -0.20, 7.30, 19.58, 27.16
-0.33, -0.81, -0.10, 11.43, 15.84, 16.56
-0.41, -0.85, -0.02, 11.96, 17.06, 6.04
-0.49, -0.94, 0.08, 5.09, 23.76, -9.14
-0.54, -0.96, 0.18, -9.42, 21.50, -21.60
-0.55, -0.98, 0.23, -28.19, 15.09, -30.43
-0.51, -0.96, 0.18, -41.05, 13.94, -30.44
-0.38, -0.94, 0.08, -51.01, 0.44, -32.60
-0.27, -0.91, -0.06, -51.93, -6.16, -26.12
-0.18, -0.86, -0.23, -44.70, -17.91, -19.93
-0.15, -0.83, -0.30, -39.55, -22.42, -14.15
-0.18, -0.82, -0.33, -33.67, -18.31, -10.82
-0.26, -0.81, -0.33, -27.67, 1.81, 0.50
-0.25, -0.81, -0.35, -21.03, 8.12, 9.36
-0.24, -0.79, -0.32, -16.45, 21.97, 15.00
-0.25, -0.77, -0.26, -5.76, 17.37, 20.64
-0.28, -0.75, -0.32, 9.22, 29.47, 18.32
-0.34, -0.76, -0.30, 19.79, 35.38, 16.12
-0.39, -0.79, -0.15, 16.34, 33.30, 8.46
-0.44, -0.84, 0.06, 5.49, 24.78, -10.02
-0.54, -0.86, 0.21, -6.36, 29.97, -22.17
-0.56, -0.91, 0.22, -19.60, 26.56, -30.97
-0.49, -0.96, 0.19, -34.29, 19.24, -33.14
-0.34, -0.95, 0.07, -39.65, 6.24, -30.41
-0.17, -0.89, -0.10, -37.78, 0.11, -24.01
-0.09, -0.85, -0.25, -33.70, -5.27, -13.02
-0.04, -0.83, -0.35, -25.25, -11.79, -2.42
-0.03, -0.81, -0.41, -16.25, -17.79, 6.17
-0.10, -0.82, -0.36, -12.28, -13.80, 11.22
-0.19, -0.85, -0.34, -6.37, -14.61, 18.70
-0.18, -0.87, -0.34, -0.98, -13.53, 15.47
-0.29, -0.87, -0.25, 5.23, -2.93, 13.74
-0.39, -0.88, -0.16, 10.42, 17.44, 11.03
-0.44, -0.91, -0.13, 11.55, 28.54, 5.78
-0.44, -0.94, -0.06, 7.49, 34.75, -3.53
-0.43, -0.95, 0.08, -5.96, 26.46, -15.12
-0.47, -0.96, 0.27, -27.08, 10.84, -26.36
-0.48, -0.98, 0.28, -44.39, 3.60, -28.53
-0.39, -0.96, 0.12, -52.74, -4.83, -30.70
-0.28, -0.92, -0.08, -54.84, -2.42, -25.82
0.02, -0.72, -0.48, -22.10, -29.08, 11.09
-0.06, -0.72, -0.45, -13.80, -25.84, 20.51
-0.15, -0.77, -0.45, -1.50, -18.33, 30.88
-0.22, -0.80, -0.43, 4.05, -4.14, 29.82
-0.30, -0.80, -0.24, 7.93, 14.76, 29.95
-0.38, -0.82, -0.12, 12.49, 34.15, 31.49
-0.37, -0.87, -0.06, 13.28, 39.67, 27.35
-0.34, -0.94, 0.05, 7.52, 19.10, 14.36
-0.38, -0.99, 0.15, -2.41, -4.70, -13.29
-0.58, -1.00, 0.27, -26.29, -11.07, -33.12
-0.63, -0.98, 0.27, -37.25, -1.54, -39.62
-0.49, -0.97, 0.09, -46.40, -1.99, -39.94
-0.33, -0.96, -0.09, -52.86, -2.91, -35.10
-0.18, -0.90, -0.23, -48.35, -9.05, -23.43
-0.13, -0.82, -0.35, -41.88, -8.99, -11.64
-0.06, -0.77, -0.44, -27.68, -16.07, 9.26
-0.02, -0.75, -0.46, -17.95, -23.14, 12.29
-0.10, -0.75, -0.46, -6.78, -18.83, 25.98
-0.15, -0.77, -0.49, 4.45, -10.59, 27.87
-0.24, -0.77, -0.35, 7.26, -0.46, 26.74
-0.37, -0.76, -0.11, 12.12, 23.96, 23.75
-0.46, -0.77, 0.00, 16.59, 45.74, 20.83
-0.47, -0.84, 0.01, 14.81, 47.46, 9.70
-0.43, -0.96, 0.04, 0.93, 27.17, -7.24
-0.49, -1.00, 0.28, -28.66, -1.63, -30.76
-0.55, -0.95, 0.32, -34.43, 1.36, -36.69
-0.44, -0.93, 0.09, -39.28, -4.78, -40.40
-0.29, -0.96, -0.09, -44.74, -1.72, -39.49
-0.21, -0.93, -0.21, -44.25, -1.88, -26.82
-0.13, -0.86, -0.33, -37.87, -2.82, -11.84
-0.02, -0.80, -0.42, -28.05, -11.74, 5.68
0.00, -0.79, -0.42, -19.90, -23.27, 9.80
-0.09, -0.80, -0.44, -6.94, -12.94, 26.89
-0.11, -0.81, -0.47, 4.42, -12.21, 24.14
-0.21, -0.79, -0.33, 10.18, 1.86, 22.58
-0.37, -0.77, -0.17, 17.84, 31.22, 22.56
-0.42, -0.81, -0.14, 22.92, 54.80, 26.40
-0.36, -0.89, -0.08, 16.43, 48.53, 16.24
-0.35, -0.95, 0.06, 1.96, 23.57, 5.34
-0.41, -0.96, 0.24, -16.08, -5.20, -20.58
-0.53, -0.95, 0.28, -32.71, -7.19, -29.97
-0.48, -0.96, 0.15, -38.92, -12.78, -31.67
-0.33, -0.95, -0.00, -44.71, -14.74, -32.88
-0.22, -0.92, -0.19, -45.11, -14.77, -23.65
-0.17, -0.88, -0.34, -37.06, -6.54, -13.12
-0.11, -0.83, -0.45, -26.01, -7.22, 4.78
-0.05, -0.80, -0.45, -16.39, -14.19, 12.03
-0.08, -0.84, -0.43, -7.39, -12.43, 20.07
-0.11, -0.84, -0.42, -0.84, -10.14, 27.61
-0.18, -0.83, -0.31, 3.21, -9.82, 23.30
-0.29, -0.80, -0.18, 10.49, 9.08, 23.51
-0.40, -0.81, -0.08, 12.65, 30.05, 23.23
-0.42, -0.87, -0.02, 9.23, 31.15, 16.24
-0.40, -0.92, 0.02, 2.89, 25.76, -0.13
-0.44, -0.94, 0.10, -8.16, 24.33, -15.30
-0.52, -0.98, 0.27, -30.23, 8.94, -30.72
-0.51, -0.98, 0.25, -45.03, -1.11, -31.96
-0.33, -0.96, 0.01, -46.38, -7.58, -32.70
-0.21, -0.90, -0.18, -45.88, -11.24, -27.70
-0.13, -0.84, -0.30, -38.24, -9.24, -8.00
-0.04, -0.79, -0.41, -25.04, -23.27, -0.97
-0.07, -0.76, -0.41, -21.53, -23.12, 7.98
-0.14, -0.80, -0.30, -20.18, -22.89, 16.76
-0.21, -0.82, -0.30, -13.65, -15.82, 20.61
-0.24, -0.81, -0.36, -4.91, -6.82, 23.77
-0.25, -0.80, -0.29, 1.06, -3.95, 22.40
-0.30, -0.82, -0.18, 4.53, 1.92, 20.24
-0.36, -0.85, -0.14, 8.19, 15.65, 15.20
-0.40, -0.90, -0.08, 7.78, 27.40, 9.78
-0.40, -0.94, -0.02, 3.18, 27.20, 1.06
-0.40, -0.96, 0.04, -5.17, 26.50, -10.01
-0.42, -0.97, 0.08, -13.65, 27.02, -18.19
-0.40, -0.98, 0.05, -25.99, 11.55, -25.16
-0.41, -0.97, 0.09, -45.77, 2.03, -28.89
-0.33, -0.93, 0.00, -46.14, 0.79, -23.25
-0.21, -0.87, -0.19, -43.93, -1.72, -16.66
-0.13, -0.83, -0.31, -37.80, -14.92, -8.37
-0.11, -0.81, -0.35, -32.37, -19.45, -6.08
-0.13, -0.81, -0.33, -25.75, -16.31, 5.65
-0.15, -0.82, -0.37, -15.59, -4.23, 11.70
-0.15, -0.82, -0.41, -7.94, 1.98, 20.95
-0.15, -0.82, -0.37, 1.00, 2.42, 19.03
-0.22, -0.80, -0.28, 6.75, 13.53, 18.60
-0.32, -0.80, -0.19, 10.50, 25.55, 20.06
-0.34, -0.85, -0.07, 8.32, 25.13, 17.49
-0.35, -0.89, 0.00, 3.67, 18.99, 8.17
-0.39, -0.93, 0.02, -1.63, 18.56, -3.56
-0.46, -0.97, 0.10, -16.70, 10.71, -21.36
-0.53, -0.99, 0.19, -33.01, 9.99, -30.88
-0.49, -0.99, 0.12, -44.76, 8.34, -32.89
-0.35, -0.98, -0.05, -45.36, 8.49, -34.97
-0.26, -0.95, -0.17, -50.47, 2.87, -31.31
-0.17, -0.90, -0.28, -45.53, 0.44, -20.19
-0.05, -0.83, -0.45, -30.33, -8.39, -5.14
-0.00, -0.76, -0.46, -24.86, -10.56, 2.83
0.00, -0.73, -0.46, -11.51, -2.74, 26.40
0.01, -0.74, -0.48, -2.01, -13.79, 26.43
-0.14, -0.77, -0.38, -3.53, -9.46, 25.16
-0.27, -0.79, -0.19, 1.54, -0.19, 27.04
-0.36, -0.79, -0.17, 6.52, 17.31, 23.19
-0.39, -0.83, -0.13, 8.55, 28.98, 22.17
-0.38, -0.89, -0.03, 4.19, 32.96, 16.12
-0.35, -0.93, 0.02, 0.67, 29.30, 8.98
-0.34, -0.94, 0.03, -3.35, 19.51, -3.12
-0.38, -0.95, 0.06, -10.95, 7.23, -20.99
-0.45, -0.96, 0.13, -26.18, 0.28, -32.52
-0.46, -0.97, 0.12, -44.23, -9.77, -35.35
-0.36, -0.98, -0.00, -54.01, -20.01, -45.12
-0.34, -0.97, -0.10, -64.00, -13.21, -41.31
-0.27, -0.93, -0.28, -58.08, 7.53, -15.17
0.03, -0.82, -0.55, -33.46, 3.03, 7.89
0.18, -0.72, -0.69, -14.82, -10.86, 17.43
0.15, -0.68, -0.69, 8.12, -21.07, 32.38
0.01, -0.77, -0.55, 11.84, -16.93, 28.48
-0.19, -0.86, -0.28, 7.01, 0.11, 32.81
-0.36, -0.85, -0.10, 8.28, 32.07, 33.28
-0.42, -0.82, -0.04, 11.25, 54.42, 40.33
-0.34, -0.86, -0.02, 10.55, 23.04, 25.22
-0.38, -0.90, 0.02, -2.17, -0.72, -6.77
-0.58, -0.92, 0.30, -25.58, -11.08, -25.75
-0.65, -0.94, 0.33, -32.46, 2.52, -37.29
-0.50, -0.94, 0.08, -37.05, 0.78, -42.88
-0.31, -0.94, -0.11, -43.20, 4.15, -40.87
-0.17, -0.93, -0.15, -49.44, -30.34, -34.96
-0.12, -0.91, -0.26, -46.66, -27.05, -27.38
-0.10, -0.86, -0.46, -34.95, -16.52, -12.64
-0.12, -0.80, -0.53, -21.11, 2.36, 3.82
-0.03, -0.77, -0.56, -7.69, 5.23, 24.40
0.07, -0.77, -0.52, -1.82, -6.82, 30.58
-0.03, -0.80, -0.43, 1.54, -9.12, 34.87
-0.18, -0.81, -0.32, 6.52, -3.98, 36.28
-0.30, -0.79, -0.20, 10.45, 6.97, 30.54
-0.40, -0.79, -0.02, 10.81, 17.88, 17.44
-0.49, -0.85, 0.07, 5.51, 23.91, 7.06
-0.52, -0.93, 0.13, -8.41, 22.03, -11.36
-0.54, -1.00, 0.19, -25.58, 13.57, -29.27
-0.49, -0.99, 0.14, -35.68, 11.53, -32.49
-0.34, -0.93, -0.02, -35.49, 6.38, -39.94
-0.24, -0.90, -0.14, -41.04, 7.65, -39.99
-0.20, -0.91, -0.19, -43.05, 16.96, -31.95
-0.15, -0.89, -0.31, -38.39, 21.34, -14.87
-0.01, -0.84, -0.46, -29.01, 12.64, 11.76
0.20, -0.75, -0.58, -14.43, -16.64, 29.48
0.21, -0.70, -0.52, -5.55, -47.94, 32.48
-0.00, -0.74, -0.36, -0.55, -51.58, 31.69
-0.20, -0.80, -0.26, 5.26, -39.81, 32.04
-0.38, -0.84, -0.18, 7.43, -14.82, 26.05
-0.49, -0.85, -0.09, 11.04, 12.88, 22.96
-0.49, -0.89, -0.04, 8.35, 25.72, 13.42
-0.46, -0.95, -0.04, -0.29, 24.35, -1.89
-0.48, -1.02, 0.06, -17.22, 11.82, -20.56
-0.51, -1.00, 0.14, -28.19, 8.52, -28.06
-0.39, -0.99, 0.01, -27.90, 1.05, -30.02
-0.27, -0.95, -0.15, -32.18, -6.85, -36.80
-0.25, -0.94, -0.16, -43.25, -8.71, -34.08
-0.24, -0.93, -0.19, -46.94, -0.04, -22.46
-0.19, -0.88, -0.29, -44.59, 9.44, -6.80
-0.06, -0.81, -0.40, -33.45, 6.94, 17.42
0.14, -0.72, -0.52, -14.23, -16.09, 29.35
0.13, -0.66, -0.57, 2.27, -34.70, 32.33
-0.05, -0.68, -0.51, 13.05, -29.88, 30.63
-0.23, -0.73, -0.35, 18.12, -15.78, 31.55
-0.34, -0.77, -0.19, 20.90, 7.76, 33.25
-0.35, -0.82, -0.10, 23.95, 27.01, 36.05
-0.33, -0.87, -0.03, 24.15, 23.89, 29.29
-0.32, -0.93, -0.01, 17.68, 5.39, 14.45
-0.41, -1.00, 0.15, -6.54, -14.99, -9.20
-0.58, -1.02, 0.29, -22.80, -16.02, -24.24
-0.56, -1.00, 0.19, -29.81, -6.18, -38.42
-0.49, -0.98, 0.05, -38.90, -6.78, -38.11
-0.33, -0.97, -0.11, -45.28, -15.45, -41.13
-0.26, -0.96, -0.19, -50.94, -20.35, -39.51
-0.26, -0.92, -0.27, -49.34, -4.59, -26.88
-0.18, -0.87, -0.45, -34.76, 9.69, -5.87
-0.02, -0.78, -0.57, -18.12, 7.92, 6.68
0.04, -0.72, -0.53, -7.12, 1.75, 23.67
0.03, -0.73, -0.49, 3.62, -8.66, 33.03
-0.08, -0.75, -0.40, 7.45, -7.13, 28.34
-0.27, -0.75, -0.20, 10.90, 0.21, 30.02
-0.37, -0.75, -0.07, 14.15, 14.91, 25.46
-0.41, -0.80, -0.01, 11.97, 24.79, 21.04
-0.39, -0.87, 0.06, 4.94, 23.41, 13.30
-0.37, -0.93, 0.09, -2.46, 14.56, -1.84
-0.39, -0.97, 0.10, -13.69, 5.74, -16.64
-0.43, -1.01, 0.14, -27.55, -0.23, -24.20
-0.37, -1.00, 0.10, -33.68, -12.30, -20.82
-0.24, -0.95, -0.08, -32.73, -25.92, -25.82
-0.21, -0.92, -0.22, -37.68, -30.40, -26.87
-0.27, -0.93, -0.22, -40.56, -15.52, -19.53
-0.27, -0.92, -0.29, -38.49, 1.27, -6.18
-0.15, -0.86, -0.35, -31.48, 9.08, 12.21
0.01, -0.80, -0.42, -17.11, -8.02, 28.51
0.07, -0.76, -0.54, 0.67, -23.78, 30.85
-0.04, -0.76, -0.48, 9.44, -20.90, 28.60
-0.23, -0.78, -0.26, 14.26, -10.12, 31.32
-0.33, -0.81, -0.14, 17.45, 4.10, 31.50
-0.38, -0.84, -0.06, 15.65, 16.41, 26.16
-0.45, -0.86, 0.09, 7.00, 18.65, 12.73
-0.54, -0.93, 0.14, -7.71, 10.01, -6.04
-0.59, -0.97, 0.17, -19.69, -0.99, -24.07
-0.55, -0.95, 0.15, -29.57, -1.87, -34.09
-0.41, -0.93, 0.02, -29.21, -13.32, -29.25
-0.24, -0.92, -0.14, -31.58, -25.08, -35.66
-0.23, -0.92, -0.21, -37.01, -24.64, -29.68
-0.24, -0.92, -0.26, -36.69, -10.40, -17.79
-0.21, -0.87, -0.30, -36.04, 5.80, -6.28
-0.14, -0.83, -0.27, -32.09, 8.98, 17.12
-0.02, -0.82, -0.41, -15.28, -7.15, 30.05
0.04, -0.78, -0.54, -2.12, -18.42, 32.33
-0.11, -0.75, -0.43, 8.13, -5.52, 30.00
-0.27, -0.73, -0.24, 17.02, 15.25, 38.54
-0.35, -0.76, -0.10, 22.45, 35.00, 35.30
-0.36, -0.82, -0.04, 20.52, 39.01, 39.52
-0.32, -0.92, 0.02, 4.15, -16.64, 13.12
-0.50, -0.94, 0.23, -15.30, -28.06, -14.87
-0.65, -0.88, 0.27, -19.95, -14.51, -26.78
-0.63, -0.94, 0.17, -30.68, -0.76, -28.84
-0.44, -0.96, 0.06, -35.84, -4.78, -31.85
-0.26, -0.94, -0.09, -40.47, -14.51, -25.47
-0.14, -0.93, -0.20, -43.27, -29.46, -20.52
-0.12, -0.93, -0.30, -39.89, -30.14, -13.41
-0.16, -0.89, -0.35, -32.11, -14.51, -3.14
-0.20, -0.86, -0.35, -22.88, 5.77, 6.65
-0.17, -0.85, -0.37, -13.91, 12.24, 27.72
-0.06, -0.83, -0.43, -2.10, -1.43, 26.84
-0.13, -0.79, -0.38, 5.02, -1.25, 33.87
-0.25, -0.76, -0.26, 17.58, 3.46, 32.98
-0.32, -0.76, -0.14, 19.67, 7.23, 23.53
-0.44, -0.80, 0.04, 15.30, 12.75, 11.05
-0.53, -0.88, 0.17, -0.25, 11.91, -1.59
-0.62, -0.95, 0.30, -26.84, -0.37, -22.51
-0.63, -0.94, 0.27, -37.19, 2.55, -23.98
-0.47, -0.91, 0.16, -44.96, -11.59, -30.72
-0.34, -0.91, -0.02, -47.44, -14.86, -31.95
-0.22, -0.91, -0.20, -44.79, -17.49, -25.73
-0.13, -0.88, -0.31, -39.39, -15.51, -11.39
-0.08, -0.83, -0.38, -30.63, -16.71, 4.04
-0.04, -0.82, -0.42, -22.43, -23.82, 16.65
-0.09, -0.82, -0.42, -16.29, -20.22, 28.64
-0.15, -0.80, -0.42, -2.55, -15.00, 33.35
-0.23, -0.76, -0.36, 8.18, -5.98, 31.55
-0.32, -0.72, -0.25, 16.24, 9.79, 35.46
-0.37, -0.74, -0.16, 22.54, 23.23, 33.65
-0.42, -0.81, -0.05, 20.18, 28.64, 24.54
-0.47, -0.94, 0.10, 8.95, 16.27, 11.67
-0.54, -0.97, 0.22, -6.89, 5.13, -10.45
-0.59, -0.98, 0.25, -20.24, 1.16, -24.55
-0.56, -0.99, 0.23, -34.54, 0.57, -30.71
-0.44, -0.99, 0.12, -42.24, -10.18, -32.88
-0.29, -0.95, -0.12, -41.41, -10.36, -29.40
-0.22, -0.91, -0.23, -43.15, -12.31, -23.08
-0.17, -0.87, -0.31, -41.27, -15.83, -5.80
-0.10, -0.82, -0.36, -32.99, -14.87, 4.12
-0.08, -0.79, -0.40, -22.36, -16.74, 20.37
-0.09, -0.79, -0.46, -7.17, -19.29, 29.99
-0.14, -0.80, -0.50, 5.45, -17.28, 29.21
-0.26, -0.78, -0.40, 11.78, -0.88, 32.45
-0.35, -0.76, -0.17, 15.76, 20.09, 31.83
-0.43, -0.78, -0.01, 16.71, 33.34, 29.70
-0.50, -0.84, 0.08, 9.68, 37.70, 18.47
-0.55, -0.92, 0.11, -2.78, 28.52, 2.33
-0.59, -0.97, 0.19, -18.92, 7.95, -18.59
-0.62, -0.95, 0.26, -31.90, 6.45, -32.71
-0.56, -0.90, 0.21, -38.01, -0.39, -29.13
-0.40, -0.89, 0.04, -40.21, -2.21, -35.72
-0.30, -0.88, -0.12, -41.63, -2.74, -27.54
-0.21, -0.86, -0.21, -40.66, -6.08, -18.43
-0.13, -0.82, -0.28, -36.37, -10.08, 0.35
-0.03, -0.79, -0.36, -25.52, -15.48, 16.79
-0.01, -0.79, -0.42, -13.16, -17.97, 28.05
-0.08, -0.80, -0.44, 0.61, -19.49, 32.14
-0.19, -0.81, -0.38, 9.39, -15.70, 30.73
-0.33, -0.79, -0.29, 17.36, 1.74, 28.09
-0.43, -0.78, -0.16, 25.58, 29.32, 26.18
-0.51, -0.81, -0.04, 24.81, 47.77, 24.16
-0.52, -0.92, 0.12, 5.66, 33.51, 9.10
-0.58, -0.97, 0.31, -16.79, 11.49, -18.66
-0.65, -0.91, 0.36, -30.46, -0.46, -31.35
-0.57, -0.92, 0.28, -44.41, -15.10, -35.83
-0.41, -0.96, 0.10, -51.77, -25.95, -42.37
-0.28, -0.95, -0.09, -54.99, -23.30, -36.34
-0.23, -0.89, -0.21, -54.47, -16.77, -26.71
-0.21, -0.83, -0.32, -42.90, -3.33, -6.63
-0.10, -0.78, -0.47, -25.92, -5.66, 5.92
-0.08, -0.77, -0.50, -15.43, 0.11, 18.34
-0.10, -0.77, -0.48, -1.95, -4.48, 31.85
-0.13, -0.76, -0.45, 7.72, -9.07, 30.70
-0.23, -0.71, -0.34, 16.27, -5.85, 29.71
-0.34, -0.69, -0.16, 25.91, 8.75, 28.79
-0.45, -0.73, 0.02, 26.92, 27.34, 25.86
-0.49, -0.85, 0.12, 18.46, 27.57, 12.88
-0.50, -0.98, 0.16, -3.60, 5.69, -3.05
-0.57, -1.02, 0.29, -29.71, -9.12, -26.73
-0.59, -0.95, 0.31, -40.17, -9.66, -23.66
-0.40, -0.93, 0.13, -44.15, -21.17, -30.50
-0.28, -0.96, -0.09, -47.17, -25.17, -24.93
-0.22, -0.94, -0.24, -45.87, -28.46, -19.49
-0.20, -0.88, -0.30, -42.13, -23.15, -9.20
-0.17, -0.83, -0.38, -30.11, -17.01, 7.66
-0.13, -0.80, -0.43, -18.41, -15.89, 22.50
-0.11, -0.79, -0.45, -4.93, -25.24, 27.20
-0.18, -0.78, -0.41, 0.51, -26.08, 24.69
-0.33, -0.77, -0.31, 8.52, -13.64, 24.50
-0.42, -0.76, -0.17, 12.59, 8.62, 25.38
-0.48, -0.77, 0.02, 14.71, 18.63, 20.20
-0.53, -0.85, 0.15, 3.62, 15.96, 10.89
-0.55, -0.95, 0.20, -12.77, -2.99, -10.76
-0.59, -0.95, 0.24, -25.71, -7.37, -29.92
-0.60, -0.90, 0.25, -37.28, -14.41, -30.18
-0.47, -0.90, 0.11, -41.77, -22.28, -38.49
-0.34, -0.90, -0.08, -44.92, -23.10, -36.50
-0.28, -0.89, -0.17, -48.25, -20.81, -30.95
-0.25, -0.86, -0.24, -41.98, -10.00, -11.72
-0.15, -0.81, -0.36, -29.72, -11.39, 3.16
-0.08, -0.78, -0.47, -19.57, -14.75, 10.93
-0.12, -0.77, -0.46, -4.70, -8.34, 24.09
-0.18, -0.77, -0.43, 6.15, -1.31, 24.50
-0.29, -0.76, -0.35, 15.15, 12.40, 27.59
-0.37, -0.75, -0.22, 24.86, 31.57, 28.67
-0.42, -0.78, -0.02, 24.02, 39.58, 23.81
-0.47, -0.85, 0.14, 17.08, 32.48, 9.66
-0.52, -0.93, 0.25, -4.21, 18.40, -7.33
-0.60, -0.95, 0.35, -24.22, 7.75, -30.06
-0.62, -0.93, 0.35, -44.50, 1.76, -33.97
-0.48, -0.93, 0.22, -53.63, -11.64, -37.63
-0.31, -0.94, -0.01, -58.66, -18.73, -38.27
-0.26, -0.88, -0.20, -55.95, -8.63, -32.27
-0.22, -0.84, -0.32, -45.10, 1.67, -11.59
-0.12, -0.80, -0.47, -28.19, 3.59, -2.04
-0.09, -0.79, -0.55, -13.97, 9.96, 14.61
-0.08, -0.79, -0.53, 2.49, 11.06, 32.28
-0.12, -0.77, -0.48, 14.58, 10.76, 24.36
-0.30, -0.70, -0.28, 22.47, 26.91, 30.98
-0.43, -0.70, -0.10, 25.65, 35.69, 28.76
-0.49, -0.75, 0.05, 16.88, 31.61, 15.30
-0.57, -0.83, 0.17, -1.43, 21.91, -0.54
-0.62, -0.90, 0.28, -24.85, 11.29, -14.35
-0.56, -0.89, 0.22, -29.47, 13.38, -14.33
-0.37, -0.85, 0.00, -23.46, 14.40, -18.28
-0.28, -0.83, -0.14, -18.70, 21.79, -11.24
-0.23, -0.82, -0.22, -12.96, 23.97, -5.65
-0.22, -0.82, -0.29, -8.39, 31.69, -0.05
-0.26, -0.80, -0.29, -4.48, 36.83, 5.88
-0.33, -0.79, -0.24, -2.79, 42.82, 4.51
-0.43, -0.78, -0.16, -4.04, 53.18, 6.23
-0.45, -0.80, -0.09, -8.66, 56.58, 4.59
-0.45, -0.84, -0.04, -14.01, 55.03, 0.18
-0.43, -0.87, -0.06, -16.88, 57.35, -1.52
-0.40, -0.86, -0.14, -14.25, 62.49, -2.35
-0.38, -0.82, -0.16, -12.19, 64.00, -4.35
-0.38, -0.80, -0.14, -9.32, 64.00, -3.42
-0.35, -0.83, -0.12, -9.04, 64.00, -2.05
-0.29, -0.92, -0.12, -13.70, 64.00, -1.94
-0.26, -0.96, -0.13, -17.48, 64.00, -5.46
-0.29, -0.90, -0.16, -16.69, 64.00, -6.09
-0.33, -0.85, -0.18, -16.79, 64.00, -7.41
-0.35, -0.83, -0.20, -16.42, 64.00, -7.40
-0.34, -0.83, -0.20, -18.16, 64.00, -5.88
-0.29, -0.83, -0.20, -23.61, 64.00, -4.71
-0.23, -0.85, -0.22, -28.99, 64.00, -2.65
-0.17, -0.84, -0.25, -25.92, 64.00, -1.79
-0.17, -0.81, -0.25, -18.11, 64.00, -1.88
-0.21, -0.84, -0.22, -15.19, 64.00, -0.92
-0.20, -0.96, -0.15, -21.82, 64.00, -2.11
-0.17, -1.02, -0.12, -29.63, 64.00, -1.72
-0.16, -0.99, -0.16, -32.04, 64.00, -2.79
-0.14, -0.93, -0.23, -29.17, 64.00, -4.90
-0.12, -0.88, -0.28, -25.36, 62.57, -7.32
-0.11, -0.87, -0.29, -25.23, 64.00, -8.88
-0.13, -0.87, -0.30, -27.27, 64.00, -6.12
-0.13, -0.87, -0.30, -31.15, 64.00, -5.96
-0.12, -0.87, -0.34, -32.03, 64.00, -3.77
-0.08, -0.85, -0.38, -30.20, 64.00, -0.29
-0.05, -0.82, -0.38, -26.97, 64.00, 1.70
-0.05, -0.81, -0.34, -26.50, 64.00, 3.42
-0.06, -0.87, -0.29, -28.18, 64.00, 4.29
-0.07, -0.97, -0.27, -30.66, 64.00, 3.69
-0.10, -0.97, -0.27, -34.78, 64.00, 2.49
-0.12, -0.95, -0.30, -36.99, 64.00, 1.17
-0.13, -0.91, -0.32, -39.22, 64.00, -1.94
-0.10, -0.89, -0.33, -38.37, 64.00, -2.42
-0.04, -0.89, -0.32, -42.40, 60.10, -4.97
-0.01, -0.89, -0.33, -46.28, 50.47, -3.85
-0.00, -0.87, -0.38, -43.13, 41.66, -2.79
-0.01, -0.83, -0.44, -40.01, 44.22, 0.80
-0.02, -0.82, -0.43, -38.30, 41.08, 0.43
-0.00, -0.84, -0.39, -43.44, 34.43, 3.94
0.03, -0.86, -0.38, -45.79, 17.57, 6.40
0.03, -0.84, -0.41, -43.80, 5.21, 6.59
-0.01, -0.81, -0.45, -41.95, -2.21, 7.81
-0.08, -0.79, -0.44, -40.58, -0.13, 5.05
-0.10, -0.79, -0.43, -40.39, 15.87, 5.79
-0.11, -0.80, -0.43, -43.90, 18.75, 3.64
-0.08, -0.81, -0.44, -45.08, 14.04, 6.46
-0.02, -0.80, -0.46, -42.87, 4.08, 10.60
0.02, -0.79, -0.46, -42.47, -6.56, 10.89
-0.02, -0.79, -0.46, -41.31, -10.82, 8.32
-0.08, -0.79, -0.47, -40.04, -15.11, 10.80
-0.07, -0.80, -0.47, -39.96, -23.80, 13.14
-0.05, -0.80, -0.48, -36.85, -30.08, 13.49
-0.06, -0.79, -0.49, -33.89, -29.94, 14.83
-0.08, -0.77, -0.48, -33.59, -25.93, 13.13
-0.13, -0.76, -0.49, -31.42, -19.97, 11.90
-0.15, -0.75, -0.49, -31.34, -16.98, 11.60
-0.14, -0.76, -0.49, -31.23, -18.47, 10.12
-0.12, -0.77, -0.50, -31.12, -21.98, 10.14
-0.10, -0.76, -0.51, -30.65, -22.80, 12.12
-0.09, -0.76, -0.50, -32.03, -24.95, 13.15
-0.10, -0.77, -0.49, -34.28, -24.85, 13.00
-0.09, -0.77, -0.52, -34.82, -35.92, 13.04
-0.09, -0.75, -0.55, -31.07, -39.37, 15.59
-0.11, -0.75, -0.55, -31.55, -42.45, 15.12
-0.17, -0.76, -0.53, -34.07, -35.83, 12.89
-0.20, -0.76, -0.53, -38.79, -30.16, 14.74
-0.18, -0.76, -0.55, -38.80, -31.65, 17.31
-0.13, -0.76, -0.58, -37.56, -42.80, 16.52
-0.14, -0.76, -0.58, -38.21, -58.21, 13.17
-0.19, -0.76, -0.56, -38.90, -64.00, 13.52
-0.21, -0.76, -0.56, -39.44, -64.00, 15.68
-0.17, -0.77, -0.54, -41.61, -61.25, 16.46
-0.17, -0.75, -0.56, -39.17, -52.12, 15.00
-0.24, -0.73, -0.58, -36.29, -36.17, 15.09
-0.29, -0.71, -0.58, -32.43, -25.13, 13.62
-0.29, -0.72, -0.57, -30.84, -16.24, 14.82
-0.25, -0.75, -0.50, -31.49, -13.78, 13.33
-0.24, -0.78, -0.52, -33.77, -9.81, 13.46
-0.25, -0.78, -0.51, -34.80, -7.00, 10.42
-0.28, -0.77, -0.48, -38.22, 5.26, 9.06
-0.29, -0.77, -0.47, -42.29, 16.78, 8.88
-0.31, -0.74, -0.46, -45.61, 33.90, 6.99
-0.31, -0.72, -0.46, -47.61, 51.24, 3.97
-0.28, -0.71, -0.51, -43.25, 61.21, 0.76
-0.27, -0.68, -0.59, -36.54, 64.00, -3.30
-0.30, -0.67, -0.59, -33.62, 64.00, -4.15
-0.30, -0.69, -0.56, -34.93, 64.00, -4.87
-0.24, -0.71, -0.56, -33.60, 64.00, -2.50
-0.17, -0.70, -0.57, -32.73, 51.33, -0.06
-0.13, -0.68, -0.58, -27.89, 29.98, 1.13
-0.13, -0.66, -0.57, -25.04, 18.37, 0.06
-0.15, -0.67, -0.58, -23.31, 13.79, -3.17
-0.20, -0.68, -0.61, -21.03, 13.32, -3.64
-0.24, -0.68, -0.60, -21.44, 26.54, -0.43
-0.23, -0.70, -0.54, -26.98, 41.66, -1.78
-0.21, -0.70, -0.54, -34.10, 44.94, -4.96
-0.17, -0.70, -0.59, -31.91, 31.90, -5.60
-0.12, -0.71, -0.65, -28.37, 14.70, -5.73
-0.10, -0.71, -0.67, -25.73, 1.46, -6.98
-0.10, -0.71, -0.66, -24.27, 0.58, -7.93
-0.14, -0.71, -0.65, -26.40, 7.69, -13.08
-0.18, -0.69, -0.68, -25.13, 19.51, -14.57
-0.14, -0.65, -0.76, -17.92, 21.38, -11.83
-0.10, -0.63, -0.73, -18.98, 16.37, -13.00
-0.08, -0.65, -0.69, -20.61, 12.74, -12.28
-0.08, -0.66, -0.66, -24.91, 7.31, -14.93
-0.08, -0.65, -0.67, -26.64, 3.91, -13.98
-0.08, -0.62, -0.71, -25.72, -4.16, -12.78
-0.11, -0.59, -0.74, -22.47, -7.30, -10.59
-0.14, -0.58, -0.72, -22.67, -6.31, -11.97
-0.16, -0.60, -0.70, -21.78, -3.12, -13.03
-0.16, -0.62, -0.71, -20.86, -0.53, -14.82
-0.14, -0.63, -0.70, -20.20, 2.57, -13.49
-0.13, -0.62, -0.71, -17.88, 8.38, -13.07
-0.13, -0.60, -0.72, -15.13, 15.03, -13.37
-0.15, -0.60, -0.70, -15.72, 20.32, -12.69
-0.04, -0.68, -0.66, -16.28, 2.87, -13.49
-0.01, -0.68, -0.68, -14.16, -9.11, -11.44
-0.04, -0.67, -0.69, -11.87, -11.16, -12.24
-0.10, -0.67, -0.70, -10.72, -5.71, -15.11
-0.14, -0.70, -0.70, -9.62, -1.70, -18.00
-0.13, -0.74, -0.69, -10.46, 0.85, -20.31
-0.06, -0.73, -0.70, -8.74, -3.01, -25.64
-0.07, -0.71, -0.70, -7.65, -1.12, -29.20
-0.11, -0.70, -0.71, -6.93, 4.34, -34.09
-0.11, -0.71, -0.71, -8.27, 9.09, -36.21
-0.08, -0.72, -0.70, -8.74, 10.18, -37.60
-0.03, -0.71, -0.68, -11.08, 12.33, -37.35
0.01, -0.67, -0.67, -12.97, 13.56, -39.62
0.02, -0.64, -0.66, -13.29, 16.89, -38.62
0.02, -0.62, -0.66, -13.66, 17.35, -36.83
0.03, -0.63, -0.66, -13.48, 18.42, -33.80
0.06, -0.64, -0.64, -15.62, 13.46, -30.41
0.11, -0.65, -0.60, -18.99, 10.14, -24.54
0.15, -0.64, -0.59, -17.29, 1.65, -22.40
0.15, -0.61, -0.63, -15.06, -1.34, -17.24
0.11, -0.59, -0.65, -10.94, 0.61, -14.45
0.05, -0.61, -0.62, -12.95, 3.05, -13.21
0.03, -0.65, -0.58, -15.01, 0.11, -12.44
0.06, -0.66, -0.59, -13.03, -9.56, -9.89
0.10, -0.64, -0.61, -8.48, -17.70, -8.08
0.09, -0.63, -0.63, -4.16, -17.11, -6.80
0.07, -0.63, -0.63, 1.15, -8.59, -5.57
0.01, -0.63, -0.60, -1.72, -4.51, -11.25
-0.06, -0.64, -0.57, -4.07, 4.86, -11.61
0.08, -0.64, -0.62, -1.04, -6.57, -6.34
0.11, -0.62, -0.64, -0.59, -9.09, -0.88
0.11, -0.62, -0.64, -1.84, -2.55, 2.78
0.12, -0.63, -0.63, -4.38, 5.52, 8.78
0.14, -0.64, -0.63, -8.38, 9.47, 12.37
0.16, -0.66, -0.63, -12.16, 10.42, 16.53
0.18, -0.68, -0.64, -17.29, 5.56, 23.35
0.14, -0.70, -0.69, -19.57, -5.14, 29.37
0.07, -0.73, -0.69, -20.11, -12.46, 27.53
-0.03, -0.78, -0.71, -19.10, -20.94, 18.94
-0.12, -0.80, -0.73, -11.64, -29.19, 4.00
-0.21, -0.80, -0.75, -7.66, -35.11, -13.26
-0.32, -0.80, -0.74, -7.46, -23.07, -24.86
-0.34, -0.77, -0.73, -6.15, 1.23, -36.69
-0.26, -0.69, -0.69, -5.26, 13.65, -48.94
-0.01, -0.54, -0.62, -4.86, 32.31, -38.54
0.35, -0.47, -0.60, -7.32, 47.35, -2.82
0.61, -0.39, -0.60, -9.11, 49.15, 33.79
0.60, -0.39, -0.60, -0.60, 46.22, 37.75
0.44, -0.48, -0.56, 2.72, 41.35, 44.11
0.24, -0.72, -0.56, -10.04, 36.18, 51.82
0.10, -0.94, -0.58, -20.09, 13.65, 46.32
-0.02, -1.01, -0.65, -18.64, -13.71, 33.50
-0.14, -0.95, -0.69, -10.76, -38.70, 8.07
-0.49, -0.91, -0.63, -6.01, -17.31, -40.70
-0.48, -0.89, -0.61, -7.25, 6.98, -57.37
-0.35, -0.77, -0.59, -7.99, 24.45, -64.00
-0.02, -0.63, -0.58, -9.73, 39.50, -41.35
0.50, -0.48, -0.49, -13.88, 50.29, 4.71
0.81, -0.32, -0.52, -14.03, 29.52, 45.02
0.73, -0.23, -0.57, -11.01, 9.17, 48.90
0.44, -0.30, -0.55, -6.79, -9.32, 45.25
0.18, -0.52, -0.56, -16.56, -8.72, 55.54
0.03, -0.76, -0.60, -17.40, -17.85, 48.99
-0.10, -0.94, -0.69, -7.03, -39.37, 31.33
-0.28, -1.07, -0.73, 3.99, -58.33, -3.23
-0.52, -1.21, -0.70, -3.43, -46.27, -30.30
-0.56, -1.18, -0.67, -11.88, 1.94, -46.93
-0.39, -0.94, -0.65, -5.18, 20.38, -64.00
-0.22, -0.75, -0.72, -1.21, 33.10, -64.00
0.07, -0.67, -0.68, -5.56, 49.46, -44.88
0.46, -0.57, -0.51, -13.37, 55.47, -6.26
0.75, -0.38, -0.47, -22.17, 32.67, 24.15
0.51, -0.24, -0.52, -26.92, -4.65, 45.49
0.19, -0.38, -0.52, -30.55, -1.05, 54.21
0.02, -0.60, -0.56, -33.84, 2.40, 56.30
-0.01, -0.79, -0.63, -24.22, -5.52, 46.69
-0.13, -0.98, -0.68, -12.50, -37.16, 20.08
-0.42, -1.21, -0.69, -17.98, -46.78, -12.14
-0.60, -1.19, -0.71, -14.30, -17.70, -28.68
-0.23, -0.79, -0.65, 0.32, 23.77, -60.64
-0.10, -0.70, -0.63, 0.88, 18.05, -60.05
0.73, -0.39, -0.47, -18.11, 34.99, 27.78
0.76, -0.28, -0.46, -24.84, 15.04, 46.46
0.58, -0.30, -0.49, -23.12, -4.79, 57.43
0.29, -0.46, -0.51, -33.24, -14.06, 63.09
0.11, -0.68, -0.55, -32.30, -19.17, 64.00
-0.01, -0.87, -0.65, -14.10, -36.31, 48.15
-0.26, -1.03, -0.69, -10.27, -56.99, 16.08
-0.62, -1.18, -0.67, -12.23, -51.46, -16.36
-0.71, -1.15, -0.70, -7.62, -8.23, -35.89
-0.52, -0.99, -0.67, -5.70, 15.84, -53.95
-0.30, -0.83, -0.66, -0.39, 29.45, -64.00
0.38, -0.56, -0.61, -4.84, 42.57, -14.44
0.59, -0.40, -0.51, -15.87, 39.65, 12.89
0.67, -0.30, -0.45, -26.36, 38.11, 37.64
0.61, -0.31, -0.45, -27.80, 18.87, 50.42
0.24, -0.74, -0.74, 0.70, 48.55, -53.72
0.48, -0.63, -0.62, -5.86, 42.00, -25.59
0.62, -0.48, -0.52, -14.54, 38.75, -0.83
0.70, -0.38, -0.48, -20.33, 48.35, 32.52
0.68, -0.33, -0.44, -29.01, 41.57, 45.69
0.48, -0.40, -0.42, -35.02, 31.78, 51.39
0.19, -0.57, -0.44, -45.92, 28.08, 57.88
-0.46, -1.02, -0.72, -9.02, -44.25, -19.38
-0.57, -1.01, -0.70, 1.78, -11.01, -39.97
-0.42, -0.94, -0.68, 8.56, 17.81, -54.86
-0.23, -0.82, -0.66, 11.53, 27.95, -64.00
0.00, -0.76, -0.60, 6.54, 33.44, -57.88
0.34, -0.69, -0.56, 3.52, 30.11, -31.49
0.59, -0.55, -0.53, -3.13, 24.42, -2.00
-0.07, -1.03, -0.72, -18.31, -59.15, 17.75
-0.33, -1.11, -0.79, -7.94, -64.00, -18.18
-0.58, -1.08, -0.76, -2.76, -23.65, -40.44
-0.48, -0.95, -0.72, 1.51, 17.09, -58.29
-0.23, -0.79, -0.70, 5.22, 27.63, -64.00
-0.03, -0.73, -0.65, 1.38, 34.07, -60.68
0.33, -0.68, -0.59, -6.30, 41.01, -29.16
0.66, -0.54, -0.50, -12.12, 32.96, 2.95
0.77, -0.37, -0.45, -26.57, 15.80, 24.19
0.72, -0.31, -0.43, -30.82, 2.44, 47.46
-0.52, -1.09, -0.76, -3.17, -64.00, -31.34
-0.65, -1.05, -0.70, 2.93, -15.30, -50.47
-0.44, -0.90, -0.72, 12.50, 16.24, -64.00
-0.19, -0.79, -0.69, 9.84, 21.68, -64.00
0.09, -0.76, -0.62, 2.32, 31.98, -51.87
0.55, -0.67, -0.59, -0.96, 40.14, -14.27
0.81, -0.48, -0.52, -12.89, 14.22, 8.12
0.77, -0.36, -0.46, -25.50, 7.25, 35.53
0.65, -0.36, -0.46, -29.04, 0.12, 48.23
0.36, -0.46, -0.48, -37.79, -2.92, 49.49
0.07, -0.65, -0.49, -44.98, 6.10, 50.95
-0.02, -0.81, -0.51, -43.30, -11.87, 46.28
-0.10, -0.94, -0.62, -26.12, -58.12, 22.74
-0.29, -1.03, -0.78, -4.48, -64.00, -9.53
-0.57, -1.04, -0.78, 3.09, -56.36, -41.25
-0.59, -0.97, -0.70, 6.25, 3.06, -57.77
-0.36, -0.83, -0.67, 9.04, 30.18, -64.00
-0.14, -0.77, -0.63, 2.25, 35.64, -64.00
0.25, -0.75, -0.59, -7.38, 47.57, -35.20
0.68, -0.64, -0.56, -11.67, 37.44, 2.11
0.81, -0.44, -0.50, -22.72, 10.01, 21.10
0.71, -0.32, -0.45, -30.37, 4.15, 45.37
0.23, -0.49, -0.50, -38.81, -4.33, 47.69
0.02, -0.68, -0.50, -45.51, 10.50, 50.75
-0.00, -0.83, -0.54, -42.94, -9.29, 44.30
-0.09, -0.93, -0.66, -26.72, -50.10, 23.96
-0.28, -1.00, -0.81, -3.09, -61.22, -8.03
-0.55, -1.03, -0.78, 2.54, -46.70, -39.71
-0.58, -1.00, -0.71, 6.52, 10.28, -54.03
-0.35, -0.89, -0.69, 10.02, 25.13, -64.00
-0.13, -0.80, -0.64, 4.97, 28.08, -64.00
0.17, -0.77, -0.58, -3.90, 40.84, -39.72
0.65, -0.66, -0.55, -6.68, 42.44, -2.05
0.84, -0.46, -0.48, -17.28, 22.69, 23.90
0.75, -0.32, -0.42, -29.97, 19.64, 49.92
0.58, -0.32, -0.43, -35.77, 4.88, 51.72
0.26, -0.44, -0.48, -45.59, -1.69, 53.46
0.05, -0.63, -0.53, -52.76, 4.48, 57.21
-0.01, -0.79, -0.58, -42.96, -27.17, 45.57
-0.15, -0.90, -0.73, -18.21, -64.00, 17.67
-0.43, -1.03, -0.83, 1.62, -64.00, -17.49
-0.68, -1.09, -0.76, 1.04, -27.26, -44.44
-0.57, -0.99, -0.69, 3.24, 33.84, -56.72
-0.26, -0.83, -0.66, 4.83, 47.18, -64.00
-0.01, -0.76, -0.62, -2.85, 47.14, -58.46
0.35, -0.69, -0.58, -9.41, 58.84, -13.95
0.79, -0.57, -0.53, -14.59, 53.83, 21.21
0.89, -0.35, -0.44, -28.49, 31.33, 41.02
0.70, -0.31, -0.42, -36.12, 14.07, 55.36
0.42, -0.36, -0.47, -41.61, -2.93, 60.93
0.16, -0.52, -0.49, -51.69, -1.23, 64.00
0.06, -0.70, -0.51, -45.07, -22.78, 57.45
-0.07, -0.86, -0.67, -25.71, -43.86, 38.11
-0.38, -0.98, -0.78, -16.60, -54.65, 8.77
-0.67, -1.01, -0.75, -6.93, -40.56, -22.43
-0.60, -0.94, -0.76, 2.32, 15.52, -36.34
-0.33, -0.83, -0.70, 4.66, 37.00, -46.98
-0.04, -0.74, -0.65, 3.17, 51.61, -47.51
0.18, -0.70, -0.60, -3.39, 49.50, -30.69
0.46, -0.67, -0.56, -11.78, 43.79, -4.33
0.69, -0.61, -0.52, -20.58, 36.04, 25.29
0.76, -0.55, -0.47, -32.26, 20.03, 41.54
0.60, -0.56, -0.47, -40.56, 2.96, 51.13
0.33, -0.61, -0.51, -46.79, -5.31, 56.77
0.12, -0.69, -0.55, -43.67, -24.74, 49.78
-0.09, -0.81, -0.66, -28.64, -41.47, 35.00
-0.36, -0.86, -0.78, -13.70, -51.55, 3.80
-0.65, -0.85, -0.79, 9.34, -36.10, -29.91
-0.73, -0.86, -0.72, 7.68, 3.51, -50.58
-0.51, -0.84, -0.62, 9.66, 31.13, -61.70
-0.18, -0.75, -0.59, 8.25, 52.88, -56.31
0.19, -0.66, -0.54, -2.10, 54.67, -38.50
0.49, -0.62, -0.48, -12.45, 35.08, -13.17
0.71, -0.56, -0.50, -20.69, 14.93, 14.10
0.81, -0.51, -0.52, -31.54, 3.15, 42.08
0.70, -0.51, -0.50, -39.59, -13.66, 50.49
0.42, -0.59, -0.53, -45.72, -14.18, 59.31
0.15, -0.66, -0.58, -44.16, -11.99, 59.54
-0.09, -0.81, -0.68, -29.28, -36.08, 34.94
-0.45, -0.89, -0.81, -8.58, -50.72, 2.88
-0.72, -0.95, -0.82, 6.67, -29.16, -33.09
-0.72, -0.95, -0.71, 5.10, 12.83, -52.58
-0.44, -0.90, -0.63, 9.21, 29.61, -64.00
-0.14, -0.83, -0.64, 9.10, 36.60, -64.00
0.21, -0.76, -0.64, 4.40, 45.72, -47.27
0.47, -0.67, -0.56, -4.60, 25.58, -26.44
0.64, -0.56, -0.51, -15.20, 31.82, 7.55
0.78, -0.44, -0.46, -26.56, 28.68, 36.44
0.74, -0.38, -0.42, -38.69, 8.01, 47.40
0.48, -0.43, -0.46, -42.58, -3.90, 56.00
0.20, -0.56, -0.52, -48.32, 5.33, 64.00
0.08, -0.69, -0.53, -48.35, 1.21, 61.67
-0.07, -0.79, -0.61, -35.66, -29.21, 41.54
-0.32, -0.86, -0.75, -15.39, -52.00, 12.62
-0.60, -0.91, -0.81, 3.97, -43.61, -20.82
-0.71, -0.95, -0.75, 9.70, -3.50, -46.07
-0.50, -0.92, -0.67, 12.77, 22.67, -60.50
-0.21, -0.86, -0.65, 14.46, 15.00, -64.00
0.05, -0.83, -0.67, 7.35, 26.75, -61.01
0.37, -0.77, -0.61, -0.33, 33.91, -33.66
0.62, -0.63, -0.53, -9.47, 22.96, -13.56
0.71, -0.50, -0.50, -19.55, 32.49, 22.24
0.79, -0.40, -0.49, -30.90, 23.64, 42.56
0.64, -0.43, -0.48, -38.07, 6.82, 51.49
0.31, -0.53, -0.51, -45.96, 6.43, 56.74
0.08, -0.65, -0.54, -49.63, 4.64, 57.32
-0.04, -0.76, -0.58, -40.23, -17.78, 46.99
-0.21, -0.85, -0.72, -19.86, -48.65, 19.24
-0.51, -0.89, -0.80, -1.24, -52.79, -13.60
-0.68, -0.92, -0.75, 5.52, -12.03, -39.61
-0.55, -0.91, -0.69, 9.81, 21.53, -52.22
-0.25, -0.83, -0.66, 10.26, 28.51, -64.00
-0.01, -0.79, -0.66, 8.00, 31.94, -59.36
0.29, -0.77, -0.62, 1.35, 31.24, -41.14
0.55, -0.72, -0.57, -3.81, 25.22, -17.98
0.70, -0.61, -0.52, -14.16, 17.31, 2.29
0.73, -0.52, -0.45, -25.69, 13.81, 28.44
0.68, -0.50, -0.43, -33.39, 8.23, 44.41
0.46, -0.55, -0.46, -42.30, 3.19, 47.98
0.17, -0.62, -0.49, -48.99, 12.79, 51.51
0.06, -0.68, -0.50, -53.73, 1.06, 48.79
0.01, -0.75, -0.57, -44.20, -35.09, 38.51
-0.15, -0.82, -0.72, -26.40, -55.95, 17.30
-0.37, -0.84, -0.83, -8.81, -60.45, -13.82
-0.65, -0.84, -0.84, 5.10, -25.07, -39.22
-0.60, -0.83, -0.72, 9.89, 24.58, -51.68
-0.30, -0.79, -0.68, 12.70, 43.25, -62.37
-0.04, -0.77, -0.64, 10.34, 49.42, -53.70
0.27, -0.74, -0.59, 2.74, 49.21, -27.74
0.58, -0.66, -0.51, -3.19, 38.26, 3.60
0.77, -0.54, -0.44, -14.12, 23.60, 26.42
0.76, -0.49, -0.38, -27.02, 7.44, 41.92
0.56, -0.54, -0.40, -38.67, -4.13, 48.42
0.28, -0.62, -0.46, -50.81, -0.87, 53.05
0.10, -0.69, -0.49, -53.83, -5.50, 52.17
0.00, -0.75, -0.58, -42.09, -35.74, 36.59
-0.18, -0.80, -0.73, -21.83, -58.98, 14.52
-0.43, -0.85, -0.81, -6.57, -60.25, -14.49
-0.59, -0.88, -0.80, 0.56, -26.47, -34.94
-0.50, -0.84, -0.73, 8.88, 20.01, -45.70
-0.26, -0.77, -0.67, 7.74, 31.74, -55.78
0.01, -0.74, -0.66, 7.41, 36.07, -48.02
0.28, -0.74, -0.64, 1.75, 39.64, -28.29
0.54, -0.69, -0.57, -6.16, 29.35, -4.90
0.68, -0.61, -0.47, -19.59, 18.60, 15.18
0.72, -0.57, -0.45, -31.35, 8.74, 33.77
0.59, -0.60, -0.46, -44.47, -3.65, 43.61
0.35, -0.64, -0.49, -51.73, -3.41, 50.85
0.16, -0.65, -0.53, -50.26, -10.27, 50.29
-0.01, -0.72, -0.63, -38.74, -34.65, 34.04
-0.27, -0.78, -0.72, -23.61, -47.49, 11.83
-0.55, -0.84, -0.78, -9.94, -49.70, -20.15
-0.67, -0.85, -0.78, 2.55, -14.05, -40.44
-0.48, -0.80, -0.71, 10.55, 13.41, -54.00
-0.22, -0.76, -0.67, 14.97, 20.91, -58.88
0.08, -0.75, -0.65, 13.37, 29.14, -45.37
0.35, -0.73, -0.60, 5.22, 28.09, -27.54
0.53, -0.64, -0.50, -6.09, 15.69, -6.26
0.62, -0.56, -0.44, -17.66, 13.96, 19.18
0.67, -0.52, -0.44, -29.88, 4.81, 36.09
0.56, -0.54, -0.45, -40.25, -3.04, 44.46
0.32, -0.60, -0.50, -48.42, -2.02, 50.74
0.16, -0.64, -0.57, -47.03, -1.70, 52.74
0.03, -0.71, -0.64, -36.04, -12.99, 45.04
-0.14, -0.81, -0.70, -25.35, -42.31, 20.58
-0.39, -0.91, -0.79, -8.24, -47.12, -2.62
-0.55, -0.93, -0.84, 4.95, -34.59, -31.26
-0.57, -0.90, -0.78, 10.48, 0.32, -47.04
-0.37, -0.82, -0.71, 16.15, 15.69, -60.91
-0.15, -0.77, -0.71, 17.76, 34.94, -58.87
0.13, -0.74, -0.68, 13.98, 47.84, -43.79
0.41, -0.69, -0.53, -4.35, 44.08, -20.82
0.59, -0.60, -0.43, -14.68, 28.52, 0.35
0.72, -0.52, -0.42, -27.94, 15.76, 23.81
0.67, -0.50, -0.42, -35.77, -5.29, 38.24
0.46, -0.54, -0.47, -38.83, -13.57, 45.20
0.22, -0.61, -0.53, -42.08, -9.33, 52.02
0.07, -0.68, -0.55, -40.17, -6.79, 51.92
-0.04, -0.77, -0.65, -28.25, -22.87, 33.82
-0.28, -0.88, -0.72, -15.41, -37.29, 8.26
-0.53, -0.94, -0.77, -4.29, -36.26, -23.44
-0.60, -0.91, -0.77, 5.02, -2.05, -41.19
-0.41, -0.83, -0.71, 9.68, 10.04, -59.15
-0.16, -0.79, -0.68, 10.84, 15.94, -62.73
0.08, -0.79, -0.67, 8.59, 29.08, -51.18
0.35, -0.75, -0.61, 1.61, 28.68, -38.89
0.48, -0.66, -0.53, -6.16, 16.55, -27.83
0.51, -0.59, -0.51, -14.79, 13.79, -8.85
0.54, -0.54, -0.50, -21.78, 17.58, 18.51
0.57, -0.52, -0.46, -29.38, 12.08, 29.55
0.45, -0.56, -0.46, -33.06, 6.57, 35.47
0.27, -0.64, -0.50, -38.29, 10.38, 42.40
0.14, -0.70, -0.53, -44.25, 9.22, 44.86
0.06, -0.76, -0.54, -42.52, -3.88, 36.36
-0.05, -0.83, -0.62, -31.93, -26.41, 18.50
-0.28, -0.88, -0.73, -15.79, -43.03, -5.88
-0.45, -0.91, -0.77, -1.67, -34.70, -29.24
-0.46, -0.88, -0.74, 4.89, -5.25, -44.15
-0.31, -0.81, -0.69, 12.67, 8.36, -59.77
-0.14, -0.76, -0.64, 12.46, 16.44, -63.10
0.07, -0.75, -0.59, 6.48, 29.47, -42.62
0.44, -0.69, -0.53, 1.00, 31.21, -21.23
0.64, -0.56, -0.49, -4.06, 13.38, -6.22
0.66, -0.49, -0.44, -19.88, 9.09, 19.24
0.65, -0.49, -0.41, -28.95, 4.62, 37.69
0.54, -0.52, -0.44, -36.42, -5.25, 40.40
0.29, -0.62, -0.50, -44.84, -8.76, 44.03
0.09, -0.68, -0.54, -46.38, -12.84, 45.18
-0.02, -0.79, -0.61, -36.95, -41.80, 30.15
-0.20, -0.89, -0.72, -18.57, -61.29, 6.11
-0.42, -0.96, -0.81, -1.77, -62.01, -23.97
-0.59, -0.98, -0.80, 3.14, -21.76, -43.43
-0.50, -0.90, -0.73, 11.73, 13.31, -62.15
-0.27, -0.82, -0.71, 16.47, 21.82, -64.00
-0.03, -0.81, -0.70, 12.23, 28.40, -64.00
0.33, -0.76, -0.61, 4.87, 36.15, -34.65
0.68, -0.64, -0.54, 0.03, 18.84, -16.17
0.73, -0.49, -0.47, -15.95, 2.11, 5.84
0.65, -0.42, -0.41, -26.76, 3.57, 32.71
0.56, -0.43, -0.42, -34.47, -5.74, 37.32
0.30, -0.51, -0.47, -39.16, -7.08, 38.71
0.07, -0.64, -0.51, -43.71, -0.73, 41.13
-0.01, -0.74, -0.53, -43.17, -6.18, 38.90
-0.03, -0.85, -0.58, -34.70, -30.83, 23.82
-0.14, -0.94, -0.71, -17.13, -51.94, 2.79
-0.35, -0.96, -0.82, 0.25, -49.51, -22.81
-0.48, -0.94, -0.76, 8.59, -13.35, -43.64
-0.38, -0.89, -0.72, 12.85, 11.79, -64.00
-0.22, -0.86, -0.71, 13.06, 15.50, -64.00
-0.00, -0.84, -0.68, 6.09, 24.98, -61.47
0.39, -0.77, -0.59, -2.32, 38.74, -30.82
0.70, -0.59, -0.55, -8.75, 10.71, -20.16
0.69, -0.46, -0.48, -25.12, 0.45, 0.81
0.65, -0.42, -0.44, -35.32, 0.62, 27.43
0.58, -0.43, -0.44, -41.54, -2.89, 38.15
0.36, -0.54, -0.48, -44.33, 0.52, 42.17
0.14, -0.68, -0.51, -45.92, 13.91, 48.12
0.09, -0.76, -0.50, -48.13, 12.70, 50.86
0.06, -0.86, -0.52, -45.42, -15.00, 40.04
-0.07, -0.90, -0.67, -30.41, -37.40, 20.87
-0.30, -0.85, -0.80, -10.40, -45.64, -7.28
-0.53, -0.81, -0.80, 3.59, -28.55, -35.86
-0.50, -0.81, -0.73, 14.67, 0.84, -47.70
-0.28, -0.83, -0.68, 16.99, 8.67, -64.00
-0.13, -0.86, -0.63, 12.26, 3.75, -64.00
0.11, -0.83, -0.58, 4.38, 17.19, -52.73
0.48, -0.71, -0.52, -1.72, 27.27, -22.50
0.72, -0.53, -0.47, -7.06, 9.95, -4.78
0.74, -0.43, -0.45, -16.33, 9.74, 27.16
0.71, -0.42, -0.44, -20.85, -4.08, 41.51
0.47, -0.51, -0.46, -28.03, -9.76, 42.76
0.17, -0.65, -0.48, -37.93, -1.52, 45.58
0.04, -0.75, -0.48, -43.62, 2.39, 47.50
0.00, -0.79, -0.50, -41.56, -13.72, 40.79
-0.05, -0.80, -0.63, -23.87, -44.50, 19.77
-0.23, -0.83, -0.77, -4.75, -62.31, -9.95
-0.48, -0.90, -0.84, 4.63, -44.41, -33.28
-0.53, -0.94, -0.75, 6.70, 6.08, -46.20
-0.31, -0.86, -0.70, 13.45, 27.85, -58.69
-0.09, -0.78, -0.70, 12.99, 29.34, -63.42
0.09, -0.79, -0.67, 7.47, 20.36, -53.55
0.34, -0.79, -0.61, -0.68, 22.66, -27.67
0.66, -0.64, -0.53, -7.83, 21.73, -0.59
0.76, -0.50, -0.46, -19.38, 10.61, 15.55
0.65, -0.45, -0.40, -33.90, 15.96, 36.85
0.47, -0.50, -0.41, -40.81, 14.84, 42.38
0.25, -0.62, -0.48, -48.22, 17.34, 47.05
0.12, -0.72, -0.51, -52.17, 19.52, 49.62
0.11, -0.78, -0.56, -43.06, -5.91, 43.18
0.02, -0.81, -0.69, -25.28, -44.69, 23.90
-0.21, -0.88, -0.79, -7.99, -61.06, -6.72
-0.45, -0.91, -0.83, 5.04, -40.56, -31.31
-0.49, -0.90, -0.74, 6.04, 9.41, -44.88
-0.29, -0.83, -0.65, 10.03, 31.99, -57.20
-0.07, -0.80, -0.64, 13.09, 23.77, -63.42
0.08, -0.80, -0.65, 9.58, 16.28, -52.83
0.34, -0.77, -0.60, 2.90, 26.83, -30.02
0.61, -0.66, -0.46, -7.83, 25.11, -7.28
0.74, -0.52, -0.40, -17.39, 20.24, 14.30
0.68, -0.41, -0.41, -29.03, 22.27, 36.38
0.52, -0.46, -0.42, -37.93, 15.69, 42.69
0.28, -0.56, -0.45, -44.25, 20.55, 46.76
0.14, -0.66, -0.49, -51.08, 28.81, 51.58
0.15, -0.71, -0.52, -48.04, 20.74, 53.16
0.17, -0.75, -0.59, -35.21, -20.47, 41.04
-0.03, -0.87, -0.71, -19.06, -48.07, 21.20
-0.31, -0.96, -0.82, -3.28, -51.28, -10.98
-0.54, -0.96, -0.81, 4.82, -26.80, -34.60
-0.44, -0.90, -0.73, 9.88, 12.95, -45.25
-0.17, -0.79, -0.66, 13.85, 12.90, -62.03
-0.07, -0.76, -0.64, 10.91, 2.95, -64.00
0.09, -0.79, -0.61, 1.36, 6.35, -49.75
0.48, -0.74, -0.53, -5.76, 30.65, -10.28
0.86, -0.55, -0.45, -15.27, 20.29, 10.18
0.83, -0.42, -0.40, -31.36, 18.39, 42.27
0.64, -0.43, -0.41, -34.11, 12.62, 50.03
0.38, -0.52, -0.47, -40.83, 8.14, 54.82
0.17, -0.64, -0.47, -49.75, 15.58, 59.30
0.09, -0.72, -0.48, -51.71, 8.66, 57.19
0.07, -0.75, -0.57, -35.71, -30.27, 39.79
-0.12, -0.84, -0.77, -15.12, -51.83, 17.08
-0.42, -0.93, -0.82, -4.26, -63.50, -18.45
-0.63, -0.96, -0.79, 9.14, -16.07, -36.57
-0.44, -0.91, -0.69, 10.40, 25.74, -51.68
-0.15, -0.84, -0.62, 13.70, 26.47, -64.00
0.00, -0.81, -0.64, 8.20, 19.16, -61.91
0.28, -0.79, -0.62, 0.76, 31.39, -34.18
0.65, -0.66, -0.49, -8.99, 36.74, -0.91
0.87, -0.53, -0.38, -23.65, 23.89, 18.90
0.82, -0.44, -0.38, -33.38, 13.34, 42.17
0.59, -0.45, -0.44, -37.39, -1.40, 51.17
0.27, -0.54, -0.50, -43.51, 1.83, 54.74
0.07, -0.63, -0.50, -50.21, 17.64, 60.14
0.06, -0.68, -0.49, -45.21, 16.64, 55.40
0.05, -0.76, -0.55, -35.85, -0.59, 44.95
-0.12, -0.90, -0.62, -35.06, -25.22, 32.90
-0.30, -0.92, -0.69, -19.35, -37.87, 10.28
-0.42, -0.84, -0.82, 4.66, -42.72, -17.98
-0.43, -0.80, -0.83, 13.12, -20.21, -35.76
-0.28, -0.78, -0.72, 18.67, -1.38, -48.03
-0.10, -0.76, -0.68, 17.41, 10.28, -53.57
0.05, -0.77, -0.68, 13.23, 13.86, -53.09
0.23, -0.75, -0.66, 8.14, 32.46, -30.19
0.52, -0.66, -0.57, -0.51, 42.95, -3.75
0.71, -0.53, -0.45, -14.96, 40.00, 17.70
0.77, -0.52, -0.38, -29.27, 30.40, 36.60
0.66, -0.57, -0.39, -37.17, 9.87, 50.20
0.40, -0.66, -0.44, -47.53, -0.69, 54.33
0.18, -0.77, -0.46, -54.33, -3.11, 56.81
0.06, -0.82, -0.50, -51.87, -12.09, 49.42
-0.10, -0.83, -0.61, -38.46, -36.87, 24.40
-0.33, -0.84, -0.73, -23.16, -50.46, -3.07
-0.56, -0.86, -0.81, -9.67, -33.88, -25.12
-0.55, -0.83, -0.78, -0.24, 8.41, -35.54
-0.28, -0.77, -0.69, 6.65, 27.50, -42.55
-0.02, -0.72, -0.65, 7.02, 28.01, -42.09
0.19, -0.70, -0.63, 4.88, 24.92, -29.76
0.38, -0.67, -0.56, -0.88, 17.54, -10.01
0.54, -0.61, -0.48, -9.70, 14.69, 10.23
0.61, -0.58, -0.40, -23.37, 5.82, 28.32
0.54, -0.58, -0.38, -32.16, -4.34, 39.57
0.37, -0.62, -0.42, -42.71, -9.20, 50.04
0.22, -0.65, -0.47, -48.88, -7.57, 54.59
0.10, -0.69, -0.52, -46.04, -10.48, 47.71
-0.05, -0.77, -0.57, -42.65, -22.27, 33.93
-0.22, -0.87, -0.69, -30.79, -32.48, 15.11
-0.37, -0.86, -0.86, -11.78, -36.17, -11.36
-0.50, -0.84, -0.89, 5.23, -17.22, -31.76
-0.43, -0.84, -0.82, 15.35, 9.20, -42.49
-0.18, -0.79, -0.74, 19.34, 18.98, -50.62
0.03, -0.77, -0.69, 20.97, 22.62, -53.27
0.17, -0.77, -0.64, 13.45, 13.19, -48.76
0.27, -0.73, -0.58, 4.90, 25.07, -24.96
0.51, -0.65, -0.52, -3.36, 35.19, 1.45
0.67, -0.58, -0.40, -19.94, 29.99, 20.38
0.67, -0.57, -0.33, -37.27, 23.35, 35.99
0.53, -0.61, -0.37, -49.32, 18.53, 49.46
0.38, -0.65, -0.42, -58.90, 14.24, 55.50
0.20, -0.68, -0.46, -64.00, 1.93, 59.32
0.13, -0.72, -0.52, -58.83, -12.56, 55.24
-0.00, -0.75, -0.68, -42.64, -43.34, 29.49
-0.36, -0.78, -0.81, -28.27, -63.32, -5.48
-0.70, -0.79, -0.88, -2.44, -45.70, -30.80
-0.73, -0.77, -0.89, 11.29, 0.21, -47.08
-0.47, -0.75, -0.78, 21.58, 28.89, -62.55
-0.17, -0.76, -0.68, 21.67, 42.27, -64.00
0.15, -0.79, -0.61, 15.67, 41.61, -53.84
0.39, -0.77, -0.56, 7.35, 30.62, -35.27
0.58, -0.70, -0.51, -0.94, 27.30, -12.04
0.67, -0.64, -0.47, -8.64, 15.21, 5.79
0.67, -0.61, -0.41, -24.13, 14.82, 23.97
0.58, -0.66, -0.38, -36.04, 11.82, 35.97
0.38, -0.71, -0.43, -45.82, 12.22, 40.12
0.12, -0.71, -0.49, -51.29, 14.40, 39.94
-0.01, -0.69, -0.52, -50.90, 1.88, 32.13
-0.06, -0.71, -0.58, -41.48, -23.10, 19.46
-0.07, -0.76, -0.69, -28.37, -35.69, 8.08
-0.18, -0.77, -0.77, -13.51, -35.04, -7.34
-0.32, -0.75, -0.72, -2.58, -9.61, -17.83
-0.28, -0.75, -0.68, 5.72, 16.43, -26.08
-0.10, -0.75, -0.65, 9.95, 17.53, -31.93
0.06, -0.78, -0.63, 8.50, 12.55, -31.38
0.15, -0.80, -0.59, 4.75, 7.65, -26.91
0.24, -0.76, -0.56, 0.00, 7.77, -17.92
0.35, -0.69, -0.52, -6.12, 7.27, -3.78
0.45, -0.63, -0.48, -16.33, 8.03, 12.15
0.50, -0.62, -0.45, -25.84, 4.73, 22.38
0.43, -0.64, -0.47, -36.75, 4.73, 30.71
0.32, -0.68, -0.52, -43.14, 7.80, 38.22
0.23, -0.70, -0.55, -45.99, 6.25, 41.28
0.16, -0.74, -0.59, -39.45, -11.20, 36.49
0.04, -0.79, -0.68, -25.65, -25.66, 25.22
-0.13, -0.86, -0.77, -14.35, -32.51, 4.58
-0.34, -0.90, -0.80, 0.06, -32.53, -19.91
-0.44, -0.87, -0.79, 6.70, -10.12, -36.23
-0.37, -0.82, -0.74, 15.13, 5.27, -50.29
-0.24, -0.77, -0.67, 19.16, 15.71, -62.75
-0.11, -0.76, -0.62, 16.74, 18.51, -60.32
0.15, -0.72, -0.53, 6.84, 37.04, -36.30
0.48, -0.62, -0.42, -0.24, 23.72, -16.85
0.64, -0.50, -0.38, -13.65, 9.95, 3.83
0.72, -0.45, -0.35, -28.08, 12.13, 41.12
0.71, -0.44, -0.35, -35.83, -3.54, 51.87
0.48, -0.49, -0.42, -46.76, -8.04, 57.57
0.20, -0.59, -0.49, -53.88, -4.79, 63.43
0.09, -0.70, -0.53, -52.46, -20.22, 60.27
0.01, -0.84, -0.62, -43.34, -46.14, 44.68
-0.17, -0.91, -0.79, -27.72, -52.57, 21.04
-0.44, -0.89, -0.87, -10.51, -52.46, -8.57
-0.61, -0.87, -0.88, 6.57, -15.92, -32.82
-0.51, -0.87, -0.83, 14.13, 21.65, -46.89
-0.27, -0.84, -0.77, 16.90, 32.26, -58.73
-0.04, -0.82, -0.72, 16.68, 37.99, -59.47
0.21, -0.79, -0.68, 15.29, 34.10, -49.04
0.38, -0.73, -0.58, 5.91, 24.61, -34.69
0.55, -0.64, -0.45, -6.12, 20.05, -8.69
0.64, -0.55, -0.39, -17.80, 11.81, 13.11
0.66, -0.51, -0.35, -30.72, 11.55, 37.06
0.54, -0.53, -0.34, -41.88, 5.53, 46.15
0.30, -0.60, -0.39, -55.62, 7.72, 51.82
0.16, -0.66, -0.42, -60.43, 6.62, 56.51
0.09, -0.73, -0.48, -59.21, -13.33, 51.61
0.01, -0.79, -0.61, -49.48, -42.23, 38.17
-0.17, -0.81, -0.76, -26.82, -53.52, 19.74
-0.40, -0.83, -0.86, -6.61, -56.96, -13.22
-0.64, -0.86, -0.87, 10.88, -27.46, -35.98
-0.59, -0.85, -0.79, 18.06, 15.23, -50.29
-0.33, -0.82, -0.71, 22.42, 22.56, -64.00
-0.11, -0.81, -0.69, 22.46, 35.51, -63.42
0.21, -0.78, -0.63, 16.38, 45.51, -45.54
0.47, -0.70, -0.54, 6.68, 30.58, -32.45
0.57, -0.62, -0.46, -5.22, 14.60, -15.05
0.62, -0.56, -0.42, -17.91, 13.47, 15.53
0.70, -0.54, -0.41, -32.16, 16.08, 40.58
0.62, -0.56, -0.39, -44.96, 10.04, 48.65
0.37, -0.60, -0.41, -54.03, 14.64, 58.01
0.20, -0.65, -0.49, -56.78, 8.97, 62.27
0.06, -0.72, -0.55, -56.78, -17.86, 49.76
-0.14, -0.80, -0.65, -40.19, -48.95, 29.48
-0.33, -0.85, -0.81, -14.89, -57.33, 1.31
-0.58, -0.89, -0.87, 3.08, -40.74, -31.70
-0.67, -0.91, -0.75, 7.64, 6.57, -46.39
-0.43, -0.84, -0.70, 15.45, 30.99, -59.83
-0.15, -0.78, -0.70, 19.10, 33.10, -64.00
0.15, -0.75, -0.66, 14.17, 47.11, -45.46
0.45, -0.70, -0.54, 5.18, 35.94, -28.20
0.60, -0.62, -0.45, -7.65, 15.54, -14.21
0.61, -0.56, -0.40, -17.92, 5.17, 10.16
0.63, -0.53, -0.40, -30.55, 3.50, 33.43
0.56, -0.55, -0.42, -38.70, -0.64, 41.84
0.32, -0.61, -0.45, -47.14, 5.27, 45.93
0.13, -0.66, -0.50, -53.08, 13.20, 50.11
0.07, -0.73, -0.54, -52.42, 6.41, 45.63
0.02, -0.81, -0.63, -45.33, -17.97, 30.24
-0.17, -0.85, -0.77, -27.32, -42.59, 10.99
-0.39, -0.86, -0.86, -3.74, -43.41, -14.56
-0.52, -0.88, -0.86, 11.75, -25.11, -38.15
-0.49, -0.90, -0.78, 15.93, 2.70, -51.58
-0.32, -0.86, -0.70, 21.68, 13.04, -64.00
-0.10, -0.79, -0.67, 22.75, 26.93, -63.84
0.20, -0.74, -0.59, 14.18, 46.62, -40.21
0.51, -0.65, -0.48, 4.97, 35.87, -25.49
0.60, -0.57, -0.40, -9.19, 16.63, -11.35
0.63, -0.53, -0.39, -22.13, 13.22, 19.93
0.69, -0.53, -0.40, -32.39, 3.39, 37.82
0.55, -0.57, -0.41, -42.17, -3.08, 45.37
0.27, -0.63, -0.44, -50.94, 5.86, 51.76
0.13, -0.66, -0.50, -53.30, 6.48, 52.76
0.06, -0.72, -0.56, -47.89, -11.29, 44.17
-0.06, -0.81, -0.69, -36.18, -31.89, 24.69
-0.25, -0.88, -0.76, -21.78, -43.38, 4.18
-0.41, -0.90, -0.81, -6.10, -40.19, -20.85
-0.48, -0.90, -0.80, 3.13, -15.19, -34.50
-0.36, -0.86, -0.72, 10.11, 7.84, -47.70
-0.17, -0.81, -0.69, 15.23, 10.54, -59.86
0.03, -0.78, -0.68, 13.79, 25.20, -51.42
0.29, -0.76, -0.60, 8.37, 30.78, -34.55
0.51, -0.69, -0.51, 2.56, 19.06, -21.65
0.58, -0.61, -0.45, -9.78, 7.08, -1.83
0.59, -0.56, -0.39, -24.45, 5.91, 20.30
0.61, -0.55, -0.39, -30.09, -2.06, 34.49
0.47, -0.57, -0.42, -39.25, -4.69, 38.39
0.23, -0.62, -0.46, -48.14, 6.00, 44.73
0.14, -0.66, -0.48, -52.62, 3.21, 48.68
0.07, -0.71, -0.55, -46.06, -24.29, 39.48
-0.09, -0.76, -0.71, -25.93, -49.86, 19.21
-0.39, -0.83, -0.85, -4.40, -64.00, -16.92
-0.63, -0.90, -0.85, 6.21, -36.97, -38.19
-0.60, -0.90, -0.77, 14.43, 4.78, -53.60
-0.37, -0.84, -0.71, 21.28, 15.96, -64.00
-0.10, -0.82, -0.69, 21.85, 20.91, -64.00
0.22, -0.83, -0.64, 17.22, 34.10, -47.68
0.51, -0.77, -0.54, 10.89, 12.61, -43.56
0.52, -0.70, -0.47, -2.27, -2.94, -28.11
0.54, -0.65, -0.45, -11.06, 9.40, 1.94
0.63, -0.56, -0.41, -25.92, 7.12, 20.96
0.55, -0.51, -0.39, -36.30, -0.88, 26.15
0.31, -0.53, -0.45, -40.89, -4.19, 26.56
0.04, -0.59, -0.52, -38.59, 2.68, 24.75
-0.10, -0.66, -0.59, -33.69, 7.17, 17.39
-0.15, -0.75, -0.62, -27.25, 0.70, 5.46
-0.16, -0.83, -0.65, -15.51, -16.12, -9.22
-0.17, -0.86, -0.72, -1.32, -19.47, -21.58
-0.15, -0.89, -0.74, 13.79, -18.28, -37.66
-0.12, -0.90, -0.70, 14.57, -12.21, -47.10
0.03, -0.92, -0.62, 4.70, 2.02, -41.01
0.28, -0.87, -0.54, -3.48, 12.23, -27.79
0.47, -0.72, -0.53, -3.86, 1.66, -23.56
0.41, -0.63, -0.52, -11.39, -6.67, -16.20
0.31, -0.60, -0.50, -17.23, -8.66, -6.56
0.30, -0.59, -0.51, -21.16, -8.74, 1.52
0.28, -0.58, -0.51, -23.85, -12.40, 4.21
0.22, -0.61, -0.53, -22.07, -7.97, 9.44
0.17, -0.66, -0.53, -23.18, 0.35, 15.79
0.18, -0.71, -0.53, -24.72, 9.54, 20.72
0.21, -0.74, -0.54, -26.70, 11.95, 22.57
0.21, -0.76, -0.56, -27.81, 6.51, 23.56
0.16, -0.79, -0.58, -24.83, 0.72, 19.73
0.08, -0.84, -0.62, -21.33, -7.16, 10.55
0.01, -0.89, -0.67, -15.19, -15.71, -1.89
-0.08, -0.91, -0.70, -5.96, -21.59, -17.22
-0.14, -0.90, -0.69, -0.31, -22.07, -36.81
-0.17, -0.90, -0.67, 1.62, -16.10, -49.38
-0.10, -0.89, -0.63, 1.80, -7.58, -51.02
0.12, -0.82, -0.57, -3.33, 8.33, -36.53
0.45, -0.68, -0.50, -6.63, 15.38, -15.32
0.59, -0.54, -0.45, -12.41, 6.84, 0.35
0.55, -0.47, -0.42, -23.94, 5.62, 20.32
0.46, -0.49, -0.43, -29.41, 6.58, 31.60
0.30, -0.55, -0.48, -35.73, 7.14, 33.11
0.14, -0.60, -0.53, -38.47, 14.00, 35.13
0.09, -0.64, -0.54, -40.25, 12.83, 35.99
0.10, -0.69, -0.57, -37.98, 1.33, 31.63
0.06, -0.78, -0.63, -27.67, -19.59, 24.13
-0.04, -0.87, -0.75, -10.94, -31.48, 6.48
-0.21, -0.94, -0.82, -0.52, -23.24, -14.09
-0.32, -0.97, -0.76, 1.91, 4.38, -28.22
-0.21, -0.93, -0.68, 4.25, 25.20, -36.26
-0.01, -0.87, -0.65, 4.61, 20.01, -44.13
0.09, -0.85, -0.61, 1.72, 4.14, -47.87
0.18, -0.85, -0.57, -4.43, -2.16, -39.23
0.39, -0.77, -0.54, -11.24, 3.04, -17.62
0.59, -0.63, -0.47, -18.94, 2.33, 2.74
0.63, -0.49, -0.40, -29.02, 1.62, 21.40
0.54, -0.44, -0.40, -36.25, -0.61, 34.21
0.35, -0.48, -0.47, -38.89, 4.15, 40.19
0.17, -0.56, -0.52, -42.51, 15.19, 43.81
0.10, -0.63, -0.48, -45.57, 22.21, 48.30
0.15, -0.71, -0.49, -41.64, 9.62, 47.41
0.11, -0.82, -0.62, -27.42, -17.11, 34.06
-0.11, -0.90, -0.75, -17.52, -27.83, 13.07
-0.39, -0.94, -0.77, -5.76, -22.41, -12.97
-0.46, -0.90, -0.76, 3.04, 4.12, -28.54
-0.22, -0.85, -0.71, 6.23, 18.76, -34.52
0.03, -0.82, -0.66, 5.29, 11.80, -42.17
0.14, -0.81, -0.63, 1.52, 3.15, -41.39
0.23, -0.79, -0.60, -5.51, 7.53, -28.15
0.43, -0.71, -0.54, -13.05, 16.25, -7.14
0.61, -0.59, -0.48, -21.01, 20.72, 15.38
0.67, -0.48, -0.44, -30.10, 11.99, 29.63
0.55, -0.48, -0.49, -35.79, 7.64, 42.99
0.33, -0.55, -0.55, -39.51, 16.48, 51.21
0.19, -0.61, -0.54, -42.01, 30.39, 58.36
0.17, -0.67, -0.53, -38.23, 20.33, 52.75
0.13, -0.76, -0.66, -26.95, 7.30, 46.55
-0.04, -0.85, -0.73, -22.26, -4.73, 32.04
-0.34, -0.92, -0.69, -12.58, -19.20, 2.77
-0.46, -0.93, -0.72, 2.64, -13.94, -18.54
-0.36, -0.93, -0.70, 3.49, 0.69, -32.05
-0.20, -0.88, -0.63, 5.35, 1.03, -49.21
-0.10, -0.81, -0.62, 7.71, 1.44, -59.07
-0.00, -0.76, -0.62, 3.94, 10.65, -49.34
0.26, -0.70, -0.53, -7.62, 18.10, -29.78
0.58, -0.60, -0.45, -13.70, 22.93, -0.43
0.80, -0.46, -0.42, -25.88, 15.07, 22.67
0.74, -0.41, -0.47, -30.51, 5.33, 41.37
0.49, -0.47, -0.49, -34.24, 9.28, 50.65
0.25, -0.58, -0.53, -38.86, 16.30, 58.16
0.15, -0.67, -0.54, -40.50, 18.56, 60.56
0.15, -0.72, -0.62, -29.39, -2.79, 54.06
0.05, -0.82, -0.72, -17.65, -18.00, 43.80
-0.20, -0.92, -0.73, -11.33, -31.15, 16.74
-0.46, -0.96, -0.74, 2.21, -26.00, -11.41
-0.52, -0.94, -0.72, 4.48, 0.47, -31.89
-0.36, -0.92, -0.62, 5.26, 10.68, -46.82
-0.16, -0.88, -0.60, 6.60, 9.34, -61.93
-0.05, -0.85, -0.64, 5.92, -5.53, -64.00
0.07, -0.80, -0.66, 4.48, 17.44, -50.81
0.37, -0.71, -0.59, 0.12, 21.53, -36.21
0.60, -0.59, -0.46, -10.12, 17.70, -17.42
0.69, -0.52, -0.42, -20.23, 17.72, 10.37
0.72, -0.47, -0.42, -31.98, 16.88, 36.93
0.57, -0.48, -0.45, -36.65, 5.12, 39.00
0.31, -0.54, -0.46, -44.37, 0.24, 45.95
0.15, -0.62, -0.50, -48.08, 1.17, 51.01
0.12, -0.65, -0.55, -43.97, -22.86, 42.60
0.02, -0.71, -0.64, -29.81, -42.53, 32.03
-0.17, -0.83, -0.72, -20.54, -42.96, 13.08
-0.39, -0.95, -0.71, -14.60, -23.45, -11.81
-0.42, -0.97, -0.71, -7.78, 14.25, -23.43
-0.22, -0.92, -0.69, -2.47, 29.02, -33.59
-0.07, -0.85, -0.67, 5.99, 18.39, -44.28
-0.02, -0.84, -0.67, 10.63, 1.76, -52.13
0.03, -0.87, -0.64, 11.40, -18.12, -58.82
0.15, -0.83, -0.61, 7.88, -9.17, -49.28
0.37, -0.69, -0.55, 6.64, 5.77, -28.88
0.51, -0.54, -0.45, -6.16, 4.52, -14.87
0.54, -0.48, -0.38, -19.95, 18.69, 17.37
0.63, -0.46, -0.39, -30.56, 15.14, 34.72
0.54, -0.49, -0.43, -38.89, 5.47, 40.13
0.30, -0.57, -0.46, -47.12, 11.19, 47.57
0.21, -0.62, -0.50, -52.01, 11.94, 55.81
0.21, -0.67, -0.55, -50.27, -9.54, 54.19
0.15, -0.75, -0.66, -32.44, -35.54, 48.88
-0.01, -0.85, -0.75, -22.40, -44.57, 31.08
-0.29, -0.94, -0.78, -15.68, -48.21, 2.88
-0.53, -0.95, -0.80, -0.20, -19.18, -22.53
-0.50, -0.92, -0.76, 2.22, 20.63, -33.75
-0.28, -0.87, -0.66, 9.26, 30.60, -48.96
-0.13, -0.85, -0.62, 8.96, 16.54, -63.14
-0.05, -0.89, -0.60, 4.59, 4.49, -62.57
0.19, -0.85, -0.60, 3.70, 2.99, -49.84
0.45, -0.70, -0.57, 1.97, 10.06, -31.18
0.58, -0.54, -0.48, -7.05, 4.75, -15.12
0.56, -0.47, -0.40, -20.19, 8.02, 7.75
0.56, -0.46, -0.41, -29.98, 15.57, 32.15
0.47, -0.50, -0.47, -37.01, 11.43, 36.18
0.28, -0.55, -0.49, -44.76, 18.13, 43.84
0.21, -0.59, -0.52, -48.73, 17.50, 51.47
0.24, -0.63, -0.57, -44.97, -7.39, 52.19
0.17, -0.71, -0.67, -28.39, -29.21, 49.65
0.00, -0.82, -0.76, -16.72, -37.66, 32.40
-0.29, -0.94, -0.76, -9.88, -36.66, 3.55
-0.49, -0.98, -0.76, 1.28, -7.05, -18.07
-0.42, -0.97, -0.70, 2.54, 19.38, -32.39
-0.25, -0.92, -0.63, 6.44, 18.05, -52.02
-0.17, -0.91, -0.60, 4.19, -3.38, -64.00
-0.07, -0.90, -0.60, 2.58, -10.36, -64.00
0.23, -0.81, -0.62, 5.62, 12.24, -47.72
0.55, -0.64, -0.55, 1.30, 7.91, -36.66
0.56, -0.51, -0.43, -12.99, -1.15, -19.42
0.57, -0.46, -0.41, -20.51, 16.64, 16.63
0.66, -0.41, -0.43, -28.32, -2.71, 28.03
0.42, -0.43, -0.44, -33.06, -10.09, 31.42
0.15, -0.56, -0.46, -37.43, 3.31, 37.47
0.08, -0.61, -0.50, -43.87, 6.17, 41.36
0.13, -0.69, -0.52, -43.23, -11.38, 40.53
0.11, -0.72, -0.60, -29.71, -40.59, 35.87
0.01, -0.86, -0.75, -16.34, -48.96, 23.08
-0.23, -0.98, -0.83, -8.09, -47.96, -6.83
-0.44, -1.01, -0.80, -3.23, -9.00, -27.99
-0.35, -0.96, -0.74, 1.37, 18.00, -42.95
-0.16, -0.89, -0.69, 1.27, 19.06, -58.29
-0.01, -0.88, -0.67, -2.48, 3.24, -63.39
0.17, -0.86, -0.65, -6.81, 9.87, -47.98
0.42, -0.76, -0.58, -8.77, 13.50, -32.17
0.57, -0.63, -0.44, -20.80, -11.00, -25.02
0.51, -0.56, -0.41, -27.79, -14.08, -5.03
0.43, -0.51, -0.45, -33.75, -23.39, 6.79
0.28, -0.50, -0.50, -33.88, -37.87, 3.40
0.01, -0.56, -0.55, -30.57, -32.70, -2.63
-0.12, -0.63, -0.60, -22.39, -18.07, -6.16
-0.11, -0.68, -0.62, -16.38, -6.12, -9.33
-0.03, -0.72, -0.63, -13.14, 2.64, -7.93
0.06, -0.76, -0.63, -11.96, 6.00, -6.29
0.14, -0.77, -0.63, -11.86, 6.00, -4.29
0.19, -0.77, -0.63, -11.60, 5.21, -1.23
0.22, -0.77, -0.62, -13.91, 2.58, -1.03
0.19, -0.78, -0.61, -17.31, 3.84, -2.30
0.15, -0.77, -0.63, -18.75, 2.03, -3.17
0.14, -0.74, -0.65, -16.26, 0.81, -5.12
0.17, -0.74, -0.64, -16.65, -2.72, -8.94
0.16, -0.78, -0.63, -18.90, -6.63, -12.39
0.14, -0.79, -0.63, -18.34, -6.83, -12.27
0.13, -0.78, -0.64, -16.89, -6.78, -13.53
0.15, -0.76, -0.62, -15.30, -7.48, -13.52
0.16, -0.75, -0.62, -11.87, -4.58, -14.93
0.16, -0.73, -0.60, -9.59, 0.83, -14.12
0.15, -0.71, -0.57, -13.08, 4.22, -13.23
0.17, -0.69, -0.55, -15.40, 1.32, -10.54
0.21, -0.66, -0.55, -15.04, -7.90, -6.41
0.22, -0.65, -0.55, -14.34, -13.39, -1.84
0.19, -0.65, -0.55, -17.55, -18.97, 1.21
0.16, -0.67, -0.53, -20.04, -18.29, 6.07
0.15, -0.67, -0.53, -21.71, -15.88, 8.11
0.16, -0.66, -0.54, -22.43, -9.72, 11.21
0.17, -0.66, -0.55, -22.16, 1.16, 17.14
0.20, -0.67, -0.57, -25.55, 8.93, 21.46
0.23, -0.69, -0.58, -26.78, 11.44, 28.85
0.25, -0.69, -0.61, -27.97, 5.91, 32.26
0.23, -0.70, -0.62, -27.26, -6.72, 32.80
0.18, -0.73, -0.65, -24.77, -10.55, 28.73
0.09, -0.77, -0.68, -22.67, -21.51, 16.00
-0.07, -0.82, -0.70, -15.59, -23.08, -0.81
-0.20, -0.90, -0.73, -9.76, -15.59, -19.01
-0.17, -0.93, -0.71, -10.63, 7.78, -22.78
-0.03, -0.87, -0.64, -9.98, 11.82, -31.33
0.04, -0.77, -0.64, -4.06, 6.79, -34.09
0.05, -0.69, -0.66, 0.61, 0.26, -35.93
0.08, -0.65, -0.63, -2.46, -1.55, -29.72
0.26, -0.61, -0.56, -10.26, 21.32, -7.47
0.51, -0.53, -0.48, -19.07, 25.25, 14.34
0.58, -0.45, -0.46, -29.61, 14.44, 29.47
0.48, -0.46, -0.52, -29.77, 5.43, 44.10
0.31, -0.54, -0.57, -34.22, -2.36, 48.81
0.21, -0.64, -0.58, -38.72, -4.05, 52.30
0.15, -0.74, -0.62, -29.37, -9.44, 43.88
-0.08, -0.87, -0.69, -23.16, -47.38, 10.19
-0.44, -0.99, -0.78, -13.71, -39.30, -13.54
-0.52, -0.98, -0.81, -9.14, -11.43, -29.63
-0.32, -0.85, -0.72, -1.45, 18.39, -41.15
-0.12, -0.73, -0.67, 6.06, 23.42, -49.67
-0.02, -0.72, -0.69, 9.38, 14.42, -51.91
0.08, -0.74, -0.65, 5.02, 5.43, -46.87
0.31, -0.72, -0.57, -5.55, 15.29, -23.53
0.67, -0.59, -0.49, -11.88, 33.37, 14.69
0.82, -0.43, -0.43, -19.89, 18.87, 32.20
0.57, -0.41, -0.47, -23.30, -7.33, 38.44
0.24, -0.53, -0.56, -26.29, -3.65, 40.41
0.04, -0.67, -0.56, -33.67, 8.30, 34.85
0.02, -0.73, -0.53, -38.72, 20.90, 33.72
0.08, -0.76, -0.59, -33.88, 5.98, 31.07
0.05, -0.81, -0.68, -17.00, -25.84, 16.76
-0.23, -0.92, -0.78, -3.66, -54.55, -13.57
-0.45, -0.99, -0.80, -1.11, -24.31, -29.52
-0.33, -0.88, -0.70, 4.67, 3.77, -47.93
-0.17, -0.74, -0.65, 10.83, 14.10, -55.51
-0.01, -0.72, -0.67, 10.97, 15.31, -48.99
0.17, -0.75, -0.62, 1.36, 16.73, -31.88
0.49, -0.69, -0.50, -14.30, 42.18, 1.27
0.81, -0.54, -0.40, -24.55, 39.85, 28.95
0.79, -0.41, -0.42, -29.28, 4.47, 36.45
0.46, -0.44, -0.55, -31.11, -11.34, 46.68
0.16, -0.56, -0.59, -34.95, -6.60, 46.93
0.05, -0.68, -0.55, -38.54, 11.80, 43.89
0.04, -0.70, -0.59, -30.99, 7.49, 38.02
-0.04, -0.80, -0.71, -9.25, -24.82, 16.08
-0.34, -0.95, -0.77, -4.39, -44.46, -13.04
-0.51, -1.06, -0.76, -1.60, -7.04, -26.19
-0.30, -0.92, -0.66, 1.76, 12.32, -42.25
-0.09, -0.77, -0.62, 8.35, 15.54, -50.89
0.03, -0.75, -0.67, 8.43, 7.01, -47.71
0.18, -0.76, -0.63, -1.61, 14.31, -31.18
0.47, -0.70, -0.51, -15.99, 34.68, -3.15
0.78, -0.54, -0.41, -27.87, 45.98, 28.68
0.78, -0.41, -0.41, -33.22, 15.33, 36.97
0.45, -0.43, -0.53, -33.70, -2.81, 48.40
0.19, -0.53, -0.57, -39.30, 0.99, 52.59
0.10, -0.62, -0.52, -41.44, 14.91, 51.22
0.10, -0.68, -0.53, -35.30, 4.22, 43.10
0.01, -0.79, -0.65, -20.56, -12.61, 36.11
-0.20, -0.96, -0.73, -18.37, -37.85, 11.63
-0.47, -1.01, -0.77, -4.46, -35.18, -17.34
-0.51, -0.92, -0.74, -2.00, -5.08, -36.36
-0.28, -0.80, -0.68, 5.68, 4.73, -49.19
-0.10, -0.75, -0.69, 7.67, 4.45, -56.74
0.04, -0.76, -0.72, 7.26, 9.25, -51.83
0.22, -0.73, -0.67, 0.61, 18.46, -38.21
0.46, -0.65, -0.57, -9.08, 31.65, -13.13
0.69, -0.53, -0.47, -20.40, 45.02, 20.15
0.80, -0.45, -0.45, -25.79, 25.86, 37.97
0.57, -0.49, -0.48, -31.09, 5.88, 48.96
0.28, -0.62, -0.53, -38.97, 0.98, 51.73
0.11, -0.73, -0.52, -43.27, 5.78, 49.24
0.02, -0.77, -0.55, -38.06, -1.86, 36.53
-0.17, -0.82, -0.66, -22.35, -31.70, 15.08
-0.40, -0.91, -0.75, -6.46, -50.08, -13.74
-0.55, -0.95, -0.77, 1.81, -20.81, -35.90
-0.44, -0.87, -0.68, 5.51, 2.33, -57.01
-0.22, -0.76, -0.66, 12.00, 18.42, -63.46
-0.00, -0.74, -0.67, 10.50, 25.58, -57.96
0.30, -0.72, -0.64, 3.14, 32.98, -38.24
0.57, -0.63, -0.52, -9.96, 38.20, -8.66
0.79, -0.55, -0.44, -22.54, 31.10, 17.26
0.84, -0.44, -0.45, -28.44, 14.44, 38.65
0.62, -0.46, -0.49, -31.10, -4.68, 45.44
0.28, -0.57, -0.53, -36.58, -2.40, 47.88
0.06, -0.69, -0.53, -42.37, 6.92, 45.83
0.00, -0.76, -0.55, -39.41, 3.66, 38.04
-0.06, -0.79, -0.66, -22.80, -18.88, 20.34
-0.25, -0.89, -0.75, -7.57, -39.57, -6.73
-0.46, -0.97, -0.77, -1.64, -20.08, -27.33
-0.39, -0.92, -0.71, 5.12, 6.79, -39.34
-0.17, -0.79, -0.62, 9.71, 15.22, -51.58
0.01, -0.74, -0.64, 12.62, 5.92, -54.30
0.16, -0.75, -0.64, 6.83, 12.93, -38.27
0.43, -0.71, -0.54, -6.67, 26.52, -15.15
0.66, -0.59, -0.41, -20.72, 24.47, 8.48
0.76, -0.47, -0.42, -30.80, 22.21, 35.07
0.69, -0.44, -0.47, -34.57, 2.74, 47.46
0.42, -0.52, -0.52, -39.58, -2.46, 52.74
0.21, -0.64, -0.55, -46.35, 2.72, 57.79
0.17, -0.72, -0.58, -44.12, 13.57, 55.79
0.11, -0.78, -0.65, -30.10, -2.33, 39.69
-0.17, -0.94, -0.67, -28.90, -18.52, 22.29
-0.42, -1.02, -0.77, -10.17, -23.41, -4.39
-0.55, -0.93, -0.82, -1.09, -11.84, -29.66
-0.41, -0.83, -0.72, 6.24, 15.20, -43.02
-0.19, -0.76, -0.66, 11.03, 15.94, -54.73
-0.05, -0.71, -0.68, 11.79, 19.40, -58.69
0.06, -0.70, -0.65, 7.08, 21.84, -50.49
0.32, -0.67, -0.55, -4.20, 35.32, -26.17
0.66, -0.57, -0.45, -17.28, 43.94, 8.15
0.91, -0.47, -0.39, -30.10, 32.71, 37.25
0.83, -0.45, -0.41, -33.62, 5.09, 50.24
0.47, -0.53, -0.49, -39.94, -5.97, 56.19
0.18, -0.65, -0.51, -48.98, -2.41, 57.71
0.07, -0.72, -0.51, -48.70, -3.38, 53.72
-0.01, -0.77, -0.62, -28.69, -37.94, 34.05
-0.26, -0.86, -0.78, -10.28, -55.85, 7.71
-0.61, -0.97, -0.84, 3.11, -46.90, -26.75
-0.67, -0.95, -0.77, 9.76, 3.17, -43.40
-0.38, -0.84, -0.69, 19.86, 19.46, -64.00
-0.16, -0.80, -0.71, 23.10, 20.59, -64.00
0.07, -0.82, -0.67, 12.89, 26.24, -60.84
0.44, -0.79, -0.55, 2.04, 37.59, -30.15
0.76, -0.62, -0.46, -9.09, 16.79, -15.02
0.76, -0.48, -0.40, -25.28, 19.11, 21.56
0.80, -0.43, -0.37, -35.34, 18.70, 47.49
0.66, -0.46, -0.44, -40.82, 4.09, 51.00
0.30, -0.56, -0.48, -49.43, 11.57, 56.58
0.13, -0.65, -0.50, -55.89, 18.70, 61.94
0.10, -0.72, -0.54, -46.33, -13.49, 52.44
-0.00, -0.81, -0.70, -23.69, -39.12, 37.53
-0.27, -0.88, -0.85, -7.74, -64.00, 3.73
-0.61, -0.89, -0.88, 10.55, -45.21, -28.87
-0.68, -0.87, -0.78, 17.77, 5.46, -45.75
-0.38, -0.83, -0.69, 22.13, 28.27, -62.13
-0.11, -0.80, -0.67, 19.82, 34.04, -64.00
0.16, -0.82, -0.63, 7.68, 38.24, -47.97
0.54, -0.78, -0.49, -6.85, 42.16, -16.78
0.86, -0.66, -0.43, -14.49, 27.38, 5.15
0.91, -0.50, -0.39, -31.19, 15.83, 31.20
0.78, -0.51, -0.38, -40.22, 3.89, 47.05
0.51, -0.58, -0.45, -47.56, -3.92, 51.06
0.19, -0.65, -0.50, -53.47, 7.64, 53.65
0.05, -0.68, -0.54, -48.98, 3.10, 48.49
-0.07, -0.71, -0.64, -29.79, -22.12, 32.18
-0.26, -0.79, -0.76, -9.21, -44.10, 6.53
-0.50, -0.87, -0.83, 8.34, -44.34, -24.18
-0.59, -0.87, -0.77, 15.37, -3.47, -40.48
-0.41, -0.80, -0.68, 25.11, 17.20, -55.84
-0.16, -0.75, -0.64, 25.15, 25.90, -61.67
0.06, -0.77, -0.61, 14.67, 27.11, -49.34
0.37, -0.78, -0.52, 0.83, 28.72, -28.48
0.73, -0.69, -0.42, -14.00, 30.10, 2.29
0.87, -0.58, -0.38, -30.73, 18.48, 24.01
0.84, -0.56, -0.38, -39.96, 7.36, 43.66
0.62, -0.62, -0.45, -49.66, -4.62, 51.13
0.30, -0.70, -0.52, -56.92, 3.51, 55.51
0.12, -0.74, -0.54, -58.10, 9.46, 50.61
-0.02, -0.76, -0.63, -43.23, -8.02, 36.52
-0.21, -0.82, -0.73, -25.38, -30.11, 14.07
-0.44, -0.88, -0.81, -0.14, -38.39, -13.39
-0.56, -0.89, -0.80, 9.76, -17.62, -32.55
-0.45, -0.86, -0.67, 15.67, -2.20, -51.41
-0.25, -0.79, -0.63, 17.44, 3.54, -64.00
-0.03, -0.74, -0.64, 11.15, 8.22, -64.00
0.26, -0.72, -0.58, -0.87, 26.11, -40.75
0.66, -0.62, -0.50, -10.81, 33.96, -16.55
0.84, -0.50, -0.45, -24.10, 23.66, 8.01
0.84, -0.47, -0.45, -37.65, 26.37, 37.71
0.74, -0.53, -0.48, -42.65, 11.79, 50.66
0.43, -0.63, -0.52, -50.58, 11.52, 57.94
0.18, -0.70, -0.53, -54.79, 20.97, 63.17
0.09, -0.75, -0.53, -49.96, 10.24, 56.59
-0.04, -0.80, -0.64, -37.46, -16.05, 36.59
-0.32, -0.86, -0.76, -23.08, -41.64, 10.76
-0.56, -0.85, -0.86, -0.01, -36.50, -20.74
-0.58, -0.82, -0.79, 7.80, -5.23, -39.34
-0.38, -0.81, -0.66, 9.36, 10.52, -59.47
-0.14, -0.81, -0.66, 11.40, 16.27, -64.00
0.08, -0.79, -0.67, 7.39, 20.83, -61.95
0.36, -0.76, -0.59, -2.92, 24.12, -42.62
0.67, -0.67, -0.52, -11.65, 32.58, -13.64
0.82, -0.56, -0.45, -24.83, 20.73, 5.81
0.82, -0.50, -0.41, -36.56, 28.16, 35.71
0.76, -0.53, -0.42, -45.52, 17.64, 49.14
0.48, -0.62, -0.46, -55.21, 16.77, 54.65
0.22, -0.68, -0.48, -61.21, 29.01, 62.71
0.11, -0.71, -0.48, -61.77, 5.14, 55.28
-0.04, -0.73, -0.60, -42.07, -37.89, 36.14
-0.33, -0.76, -0.81, -13.03, -64.00, 5.27
-0.64, -0.78, -0.91, 7.42, -53.65, -30.37
-0.70, -0.79, -0.78, 13.81, 6.33, -47.89
-0.41, -0.76, -0.65, 18.79, 33.87, -63.88
-0.04, -0.73, -0.67, 19.43, 36.23, -64.00
0.23, -0.76, -0.66, 12.39, 32.70, -49.27
0.51, -0.76, -0.59, 5.42, 21.93, -32.56
0.71, -0.68, -0.53, -4.40, 15.95, -8.09
0.83, -0.59, -0.45, -18.40, 20.69, 18.75
0.83, -0.55, -0.38, -31.18, 16.49, 34.96
0.64, -0.63, -0.38, -43.01, 16.22, 43.79
0.35, -0.76, -0.45, -57.19, 22.70, 50.23
0.20, -0.80, -0.48, -63.85, 32.43, 55.81
0.16, -0.77, -0.50, -63.29, 1.21, 44.67
0.05, -0.77, -0.61, -46.86, -38.71, 31.00
-0.16, -0.76, -0.80, -18.75, -64.00, 4.63
-0.45, -0.74, -0.92, 6.47, -64.00, -33.48
-0.65, -0.78, -0.84, 14.06, -19.79, -49.91
-0.50, -0.78, -0.69, 18.29, 15.42, -64.00
-0.21, -0.73, -0.66, 22.89, 27.81, -64.00
0.05, -0.73, -0.68, 21.42, 33.49, -64.00
0.38, -0.75, -0.58, 11.80, 30.55, -45.89
0.66, -0.72, -0.48, 1.86, 14.59, -29.48
0.79, -0.65, -0.45, -11.17, 12.51, -5.56
0.82, -0.60, -0.40, -27.82, 13.45, 18.67
0.73, -0.61, -0.39, -39.70, 10.20, 30.86
0.50, -0.69, -0.47, -52.82, 19.52, 35.85
0.26, -0.74, -0.54, -60.85, 37.68, 42.50
0.17, -0.70, -0.56, -62.77, 32.36, 39.87
0.11, -0.67, -0.59, -54.13, -6.67, 32.05
0.03, -0.70, -0.72, -37.69, -45.16, 17.87
-0.16, -0.73, -0.87, -16.34, -64.00, -12.46
-0.42, -0.71, -0.89, -2.70, -47.04, -34.81
-0.46, -0.68, -0.76, 1.64, -2.29, -46.68
-0.26, -0.66, -0.67, 4.83, 21.61, -60.74
-0.04, -0.67, -0.65, 1.41, 25.55, -61.37
0.20, -0.73, -0.59, -6.36, 26.79, -44.01
0.55, -0.74, -0.50, -17.65, 19.51, -20.97
0.80, -0.70, -0.42, -30.15, 3.17, -0.20
0.88, -0.66, -0.40, -43.15, 2.03, 22.72
0.77, -0.66, -0.40, -57.23, 2.41, 37.40
0.53, -0.72, -0.44, -64.00, 14.97, 44.82
0.31, -0.72, -0.53, -64.00, 25.18, 47.80
0.16, -0.66, -0.59, -64.00, 4.14, 41.49
0.05, -0.62, -0.71, -52.62, -33.61, 27.51
-0.12, -0.64, -0.86, -28.04, -62.53, -0.63
-0.39, -0.65, -0.98, -2.17, -60.61, -28.13
-0.57, -0.66, -0.89, 4.33, -13.67, -45.01
-0.45, -0.67, -0.73, 13.27, 21.38, -58.37
-0.16, -0.67, -0.67, 16.65, 32.42, -64.00
0.16, -0.70, -0.66, 14.28, 37.60, -55.39
0.46, -0.73, -0.55, 2.56, 22.79, -36.82
0.70, -0.71, -0.43, -9.79, 7.16, -18.08
0.84, -0.66, -0.40, -22.70, -0.49, 5.57
0.86, -0.61, -0.41, -34.52, -4.72, 20.53
0.69, -0.61, -0.42, -49.12, -3.16, 31.16
0.43, -0.67, -0.49, -61.94, 12.62, 36.41
0.25, -0.65, -0.57, -64.00, 26.29, 42.27
0.22, -0.58, -0.63, -62.03, 23.27, 41.87
0.18, -0.60, -0.66, -53.35, -9.99, 31.63
0.05, -0.68, -0.76, -41.52, -42.00, 19.31
-0.13, -0.69, -0.90, -19.42, -64.00, -6.31
-0.35, -0.63, -0.97, 4.20, -62.54, -35.03
-0.42, -0.62, -0.87, 12.56, -29.29, -48.13
-0.26, -0.63, -0.75, 16.29, -6.14, -60.37
-0.03, -0.64, -0.73, 17.27, 13.40, -58.61
0.21, -0.65, -0.70, 14.21, 28.22, -45.35
0.46, -0.62, -0.61, 5.47, 14.00, -32.94
0.58, -0.58, -0.55, -3.55, 3.54, -11.36
0.71, -0.54, -0.54, -15.87, 8.37, 15.87
0.77, -0.54, -0.46, -35.90, 4.93, 30.44
0.64, -0.58, -0.44, -51.06, 7.93, 39.34
0.45, -0.62, -0.51, -63.81, 17.82, 49.95
0.34, -0.61, -0.58, -64.00, 13.07, 53.87
0.25, -0.60, -0.66, -61.65, -12.72, 49.10
0.10, -0.63, -0.78, -47.29, -43.27, 32.27
-0.12, -0.67, -0.89, -26.43, -64.00, 4.35
-0.35, -0.71, -1.00, -2.04, -64.00, -23.87
-0.48, -0.72, -1.00, 12.97, -19.74, -37.66
-0.37, -0.66, -0.86, 23.50, 17.23, -52.33
-0.11, -0.63, -0.77, 26.28, 30.23, -60.41
0.13, -0.69, -0.75, 24.29, 30.17, -51.58
0.42, -0.70, -0.68, 13.09, 28.07, -31.28
0.65, -0.63, -0.54, -0.85, 12.54, -11.18
0.78, -0.54, -0.49, -13.55, 6.85, 9.96
0.78, -0.50, -0.45, -36.65, 5.79, 29.53
0.64, -0.53, -0.47, -51.01, 8.75, 40.78
0.42, -0.56, -0.54, -60.40, 17.49, 45.61
0.23, -0.54, -0.60, -63.82, 24.43, 50.06
0.18, -0.54, -0.65, -59.87, 5.67, 47.56
0.11, -0.60, -0.75, -43.83, -30.58, 36.72
-0.03, -0.68, -0.89, -23.05, -57.91, 17.64
-0.29, -0.71, -1.01, 4.75, -64.00, -15.06
-0.51, -0.71, -0.98, 16.63, -21.43, -32.38
-0.43, -0.69, -0.84, 28.24, 18.21, -46.55
-0.19, -0.64, -0.74, 29.77, 28.42, -59.49
0.04, -0.68, -0.72, 23.72, 20.86, -58.47
0.27, -0.74, -0.67, 14.49, 25.20, -35.92
0.58, -0.69, -0.57, 5.03, 11.77, -21.65
0.69, -0.59, -0.51, -7.61, -0.63, -8.83
0.70, -0.54, -0.47, -23.15, 10.21, 20.93
0.73, -0.53, -0.45, -39.32, 10.46, 35.85
0.62, -0.55, -0.50, -49.16, 14.43, 44.14
0.37, -0.57, -0.57, -55.30, 23.53, 48.79
0.23, -0.55, -0.63, -58.44, 32.26, 55.62
0.18, -0.56, -0.66, -50.73, 6.19, 47.41
0.10, -0.64, -0.74, -33.65, -25.78, 38.76
-0.06, -0.72, -0.86, -15.07, -52.66, 18.51
-0.27, -0.72, -0.95, 5.91, -50.07, -4.79
-0.40, -0.70, -0.91, 17.38, -20.21, -21.99
-0.34, -0.70, -0.78, 24.92, 8.27, -39.59
-0.17, -0.66, -0.72, 26.19, 13.47, -51.07
0.00, -0.67, -0.71, 23.01, 14.38, -50.89
0.22, -0.72, -0.66, 13.82, 16.18, -39.99
0.45, -0.70, -0.55, 0.27, 17.04, -21.45
0.65, -0.62, -0.48, -11.04, 14.46, -0.73
0.74, -0.56, -0.47, -28.54, 15.58, 19.91
0.72, -0.57, -0.46, -42.24, 18.61, 40.33
0.58, -0.60, -0.48, -54.08, 20.46, 46.38
0.38, -0.62, -0.53, -64.00, 26.23, 51.19
0.23, -0.60, -0.61, -63.28, 12.90, 49.97
0.12, -0.61, -0.72, -51.25, -22.35, 37.93
-0.05, -0.66, -0.85, -27.92, -56.37, 19.51
-0.28, -0.69, -0.98, -4.35, -64.00, -7.73
-0.50, -0.69, -0.95, 13.97, -34.45, -28.33
-0.50, -0.72, -0.81, 21.51, 11.62, -48.69
-0.29, -0.68, -0.74, 27.32, 26.15, -61.55
-0.04, -0.66, -0.72, 25.75, 26.79, -59.15
0.25, -0.71, -0.69, 19.08, 28.43, -44.37
0.50, -0.70, -0.59, 8.25, 16.15, -31.12
0.62, -0.62, -0.51, -3.22, -2.25, -20.08
0.66, -0.57, -0.50, -16.98, 8.96, 9.99
0.74, -0.56, -0.48, -34.83, 13.21, 28.32
0.66, -0.59, -0.46, -48.04, 16.60, 36.59
0.44, -0.64, -0.50, -58.08, 28.02, 43.79
0.30, -0.65, -0.57, -62.04, 35.54, 49.26
0.22, -0.63, -0.61, -60.48, 16.09, 46.84
0.11, -0.65, -0.70, -45.67, -33.98, 30.58
-0.09, -0.68, -0.83, -22.84, -64.00, 9.02
-0.32, -0.69, -0.98, 1.86, -64.00, -21.44
-0.49, -0.70, -0.93, 10.19, -30.58, -38.53
-0.45, -0.67, -0.79, 18.59, 11.24, -53.21
-0.26, -0.63, -0.75, 22.49, 27.22, -64.00
0.00, -0.64, -0.76, 21.94, 37.61, -58.78
0.30, -0.69, -0.70, 15.97, 28.56, -46.70
0.55, -0.69, -0.62, 8.76, 9.75, -34.83
0.66, -0.62, -0.57, -1.79, 4.57, -14.13
0.71, -0.56, -0.51, -15.07, 9.95, 10.18
0.72, -0.53, -0.45, -30.63, 16.79, 28.68
0.62, -0.58, -0.46, -42.53, 17.89, 36.33
0.39, -0.65, -0.52, -54.58, 23.76, 42.00
0.25, -0.67, -0.55, -60.13, 32.90, 46.85
0.20, -0.68, -0.56, -63.85, 18.58, 44.39
0.15, -0.71, -0.61, -57.22, -16.53, 32.05
0.01, -0.70, -0.79, -36.15, -53.28, 14.65
-0.20, -0.65, -0.96, -11.94, -64.00, -15.09
-0.42, -0.64, -0.98, 5.76, -44.21, -36.29
-0.42, -0.64, -0.85, 18.19, -1.48, -49.98
-0.23, -0.63, -0.80, 23.57, 18.93, -62.82
-0.04, -0.66, -0.77, 24.66, 23.68, -64.00
0.22, -0.70, -0.70, 16.19, 28.88, -48.41
0.52, -0.67, -0.61, 11.32, 13.89, -31.80
0.71, -0.56, -0.57, 0.96, 4.73, -11.65
0.74, -0.47, -0.50, -11.47, 0.74, 10.74
0.71, -0.45, -0.42, -31.10, 7.33, 31.67
0.67, -0.52, -0.44, -41.73, 6.35, 41.43
0.51, -0.60, -0.51, -51.79, 11.45, 45.86
0.29, -0.66, -0.56, -62.92, 26.43, 52.87
0.21, -0.68, -0.54, -64.00, 23.32, 51.34
0.18, -0.72, -0.60, -60.11, -9.99, 40.87
0.09, -0.74, -0.78, -40.30, -46.86, 23.53
-0.14, -0.70, -0.99, -10.60, -64.00, -4.11
-0.40, -0.68, -1.04, 11.86, -49.83, -32.18
-0.47, -0.70, -0.90, 20.61, -0.98, -48.42
-0.30, -0.70, -0.81, 23.89, 22.28, -64.00
-0.08, -0.71, -0.77, 24.48, 31.88, -64.00
0.18, -0.71, -0.67, 19.67, 31.30, -55.94
0.52, -0.68, -0.59, 14.37, 19.54, -39.60
0.69, -0.60, -0.56, 6.68, -0.90, -26.93
0.64, -0.53, -0.52, -3.63, -16.06, -16.14
0.54, -0.50, -0.49, -15.27, -6.66, 4.17
0.50, -0.51, -0.47, -30.10, 1.18, 17.24
0.40, -0.55, -0.50, -35.68, -9.28, 18.05
0.19, -0.57, -0.59, -34.34, -9.47, 16.26
0.06, -0.58, -0.67, -29.68, -12.92, 9.30
-0.00, -0.62, -0.71, -22.35, -19.61, 2.00
-0.04, -0.66, -0.75, -9.23, -28.93, -7.55
-0.05, -0.69, -0.77, 0.13, -23.79, -15.45
0.01, -0.71, -0.75, 5.50, -10.55, -20.67
0.12, -0.73, -0.70, 4.00, 2.73, -19.87
0.27, -0.71, -0.67, 2.59, 9.86, -15.10
0.38, -0.66, -0.63, -3.81, 13.87, -5.12
0.48, -0.63, -0.57, -14.06, 16.90, 7.18
0.52, -0.62, -0.53, -22.98, 6.08, 13.71
0.49, -0.62, -0.54, -32.29, -0.59, 21.09
0.41, -0.68, -0.57, -37.96, 0.88, 27.62
0.35, -0.68, -0.61, -41.21, 5.97, 32.68
0.34, -0.66, -0.65, -43.28, 11.59, 38.18
0.35, -0.64, -0.67, -45.26, 13.89, 44.72
0.31, -0.65, -0.66, -45.18, 2.29, 42.23
0.19, -0.68, -0.69, -35.10, -15.99, 33.38
0.03, -0.72, -0.83, -17.53, -38.82, 10.91
-0.22, -0.74, -0.96, 1.24, -49.93, -15.86
-0.37, -0.73, -0.92, 14.09, -26.23, -31.33
-0.33, -0.71, -0.82, 17.02, 0.19, -45.81
-0.22, -0.66, -0.76, 20.93, 19.62, -59.00
-0.11, -0.63, -0.70, 17.17, 30.19, -56.84
0.22, -0.63, -0.56, 2.92, 37.90, -32.20
0.68, -0.59, -0.46, -7.84, 40.01, 8.22
1.02, -0.46, -0.40, -26.69, 18.50, 32.62
0.98, -0.40, -0.37, -38.16, -2.48, 46.89
0.68, -0.46, -0.44, -44.47, -2.80, 58.59
0.36, -0.58, -0.55, -58.07, 15.67, 64.00
0.17, -0.66, -0.55, -64.00, 20.50, 64.00
0.15, -0.68, -0.59, -58.43, -7.31, 56.22
0.10, -0.69, -0.77, -40.67, -38.32, 41.59
-0.11, -0.71, -0.90, -21.25, -63.68, 16.38
-0.41, -0.72, -0.96, 0.65, -62.83, -9.97
-0.52, -0.71, -0.96, 16.66, -16.31, -24.46
-0.38, -0.71, -0.85, 22.71, 19.84, -42.58
-0.16, -0.68, -0.76, 22.18, 30.73, -54.37
0.08, -0.68, -0.73, 14.76, 40.13, -41.43
0.41, -0.70, -0.66, 3.38, 38.94, -21.71
0.65, -0.66, -0.56, -11.00, 26.36, -0.71
0.80, -0.59, -0.50, -22.56, 20.75, 21.68
0.82, -0.56, -0.50, -33.59, 12.94, 40.40
0.60, -0.61, -0.53, -46.46, 14.08, 47.84
0.33, -0.64, -0.59, -52.78, 25.49, 52.39
0.16, -0.61, -0.66, -48.65, 16.21, 47.47
0.02, -0.59, -0.77, -34.41, -13.43, 30.70
-0.14, -0.63, -0.83, -16.82, -35.41, 13.18
-0.29, -0.67, -0.91, 2.93, -35.10, -6.78
-0.40, -0.69, -0.88, 12.04, -6.77, -21.90
-0.34, -0.69, -0.75, 15.40, 27.21, -31.95
-0.12, -0.66, -0.67, 14.15, 39.22, -32.01
0.17, -0.63, -0.62, 8.00, 45.02, -18.95
0.43, -0.61, -0.53, -4.40, 34.42, -3.35
0.60, -0.59, -0.44, -20.32, 18.09, 14.04
0.67, -0.61, -0.43, -31.48, 5.23, 28.38
0.61, -0.63, -0.47, -42.07, -3.60, 36.18
0.45, -0.65, -0.54, -50.39, -2.62, 42.95
0.30, -0.64, -0.61, -49.45, -2.87, 44.12
0.18, -0.64, -0.69, -44.75, -12.03, 39.25
-0.01, -0.66, -0.79, -31.56, -35.34, 22.44
-0.24, -0.64, -0.94, -4.95, -48.47, -3.09
-0.46, -0.66, -0.98, 15.43, -35.69, -28.61
-0.50, -0.73, -0.86, 21.90, 1.21, -46.05
-0.32, -0.73, -0.76, 24.71, 11.49, -57.52
-0.06, -0.68, -0.73, 22.06, 15.88, -56.75
0.26, -0.67, -0.68, 15.03, 28.94, -34.62
0.58, -0.67, -0.55, -0.59, 9.45, -21.28
0.68, -0.65, -0.49, -12.80, 2.60, 3.19
0.75, -0.61, -0.51, -23.56, 12.36, 29.59
0.73, -0.59, -0.44, -41.21, 10.57, 37.70
0.49, -0.64, -0.46, -56.06, 15.31, 45.52
0.29, -0.63, -0.54, -60.42, 15.43, 49.65
0.15, -0.58, -0.63, -54.12, -2.80, 46.26
0.02, -0.59, -0.72, -41.83, -35.43, 33.62
-0.18, -0.60, -0.84, -13.76, -56.73, 9.11
-0.38, -0.61, -0.92, 6.74, -49.97, -17.10
-0.49, -0.66, -0.86, 10.32, -7.67, -24.95
-0.30, -0.71, -0.70, 9.88, 29.74, -26.92
0.05, -0.68, -0.62, 9.25, 36.45, -25.89
0.35, -0.66, -0.59, -1.31, 28.85, -11.77
0.53, -0.70, -0.56, -13.39, 17.33, 5.36
0.64, -0.72, -0.52, -25.88, 1.91, 18.92
0.60, -0.69, -0.52, -35.01, -12.27, 26.53
0.43, -0.65, -0.57, -40.28, -20.92, 29.64
0.22, -0.59, -0.65, -39.09, -20.44, 28.26
0.03, -0.57, -0.69, -36.28, -10.81, 22.90
-0.07, -0.60, -0.71, -36.81, -4.21, 16.75
-0.08, -0.61, -0.77, -26.42, 2.55, 13.28
-0.02, -0.61, -0.81, -19.34, 4.64, 7.88
-0.00, -0.63, -0.77, -14.80, 12.71, 4.35
0.01, -0.65, -0.73, -12.03, 12.45, 3.38
0.07, -0.67, -0.72, -10.63, 11.92, 5.64
0.14, -0.69, -0.71, -8.85, 8.84, 6.49
0.18, -0.71, -0.68, -12.65, 4.88, 4.55
0.17, -0.70, -0.66, -12.67, 3.05, 3.86
0.15, -0.65, -0.67, -13.06, 2.31, 5.62
0.15, -0.61, -0.70, -11.56, 7.20, 6.93
0.13, -0.60, -0.71, -11.06, 11.61, 4.73
0.11, -0.62, -0.68, -14.46, 15.16, 2.76
0.10, -0.64, -0.68, -15.74, 12.99, 0.66
0.12, -0.63, -0.70, -14.52, 13.97, 1.83
0.15, -0.62, -0.70, -13.15, 12.22, 0.40
0.13, -0.61, -0.69, -11.29, 14.12, 2.20
0.11, -0.61, -0.69, -11.13, 18.21, 2.71
0.11, -0.62, -0.68, -12.05, 20.95, 4.78
0.13, -0.64, -0.66, -14.27, 16.29, 7.36
0.19, -0.65, -0.63, -16.83, 6.96, 10.61
0.27, -0.66, -0.61, -18.82, 2.72, 16.84
0.29, -0.65, -0.62, -21.15, -0.78, 21.09
0.21, -0.61, -0.63, -22.91, 3.61, 21.86
0.13, -0.59, -0.64, -24.30, 12.36, 26.57
0.12, -0.60, -0.65, -27.49, 8.04, 28.50
0.15, -0.62, -0.66, -27.82, -1.42, 31.29
0.19, -0.63, -0.66, -28.26, -13.31, 33.90
0.20, -0.63, -0.67, -26.46, -22.35, 36.91
0.17, -0.61, -0.69, -22.58, -20.24, 38.94
0.11, -0.61, -0.70, -19.72, -7.71, 40.18
0.06, -0.63, -0.69, -17.60, -1.61, 37.28
0.02, -0.67, -0.68, -19.57, 7.95, 36.00
0.02, -0.69, -0.67, -21.33, 10.60, 33.57
0.06, -0.69, -0.66, -25.39, 0.97, 31.87
0.12, -0.68, -0.65, -26.15, -4.12, 36.79
0.17, -0.68, -0.66, -24.70, -10.26, 36.26
0.13, -0.68, -0.66, -27.14, -8.78, 33.83
0.04, -0.69, -0.67, -29.02, -3.49, 30.60
-0.03, -0.70, -0.67, -30.98, 0.88, 27.27
-0.03, -0.70, -0.69, -30.01, 2.70, 25.82
-0.00, -0.70, -0.71, -30.62, 1.21, 24.68
0.01, -0.68, -0.72, -28.25, 1.43, 21.54
-0.00, -0.66, -0.73, -25.05, 4.43, 19.43
-0.04, -0.66, -0.73, -23.20, 8.03, 16.29
-0.06, -0.67, -0.74, -21.93, 9.28, 12.87
-0.05, -0.67, -0.74, -20.00, 8.51, 12.12
-0.03, -0.67, -0.73, -19.41, 6.88, 9.57
-0.02, -0.66, -0.73, -17.92, 4.75, 7.46
-0.03, -0.65, -0.73, -17.33, 4.24, 3.49
-0.03, -0.64, -0.72, -16.82, 4.66, 1.32
-0.03, -0.65, -0.73, -16.20, 4.56, -0.47
-0.02, -0.64, -0.73, -15.16, 6.33, -0.79
-0.01, -0.64, -0.73, -14.28, 8.81, -2.53
-0.01, -0.63, -0.72, -14.81, 9.98, -3.79
-0.00, -0.63, -0.71, -15.46, 13.11, -4.72
0.02, -0.63, -0.71, -14.93, 13.72, -3.60
0.04, -0.63, -0.71, -15.07, 12.38, -3.11
0.05, -0.62, -0.70, -15.21, 9.83, -2.08
0.05, -0.62, -0.70, -14.44, 8.38, -2.12
0.04, -0.62, -0.70, -14.85, 5.81, -1.55
0.04, -0.62, -0.70, -15.69, 3.00, -1.99
0.05, -0.62, -0.70, -15.37, 1.88, -0.68
0.05, -0.62, -0.69, -15.10, 3.86, -2.00
0.03, -0.62, -0.70, -15.09, 6.69, -2.97
0.01, -0.61, -0.70, -14.55, 10.53, -2.50
0.02, -0.61, -0.70, -14.84, 10.58, -2.70
0.03, -0.62, -0.69, -15.76, 6.82, -2.51
0.05, -0.62, -0.69, -15.37, 2.02, -2.48
0.05, -0.61, -0.71, -13.84, -1.95, -2.71
0.04, -0.60, -0.72, -12.86, 0.08, -3.45
0.03, -0.60, -0.72, -12.80, 4.76, -3.40
0.03, -0.61, -0.71, -14.35, 9.06, -1.82
0.05, -0.63, -0.70, -14.80, 11.35, -0.73
0.07, -0.62, -0.70, -14.39, 10.67, -0.18
0.08, -0.61, -0.71, -13.81, 8.08, -0.81
0.07, -0.60, -0.73, -13.39, 7.10, 0.36
0.06, -0.60, -0.73, -13.12, 7.69, 1.10
0.07, -0.61, -0.70, -15.08, 9.24, 3.23
0.10, -0.63, -0.69, -15.39, 9.43, 3.60
0.11, -0.63, -0.70, -15.07, 7.46, 4.68
0.10, -0.61, -0.72, -13.86, 7.00, 6.29
0.09, -0.60, -0.72, -14.53, 6.86, 5.87
0.07, -0.62, -0.71, -15.24, 9.01, 6.35
0.06, -0.63, -0.70, -15.38, 9.27, 7.01
0.07, -0.62, -0.71, -15.21, 7.91, 6.14
0.07, -0.62, -0.71, -13.77, 3.21, 7.22
0.06, -0.61, -0.71, -13.39, 1.02, 5.83
0.00, -0.61, -0.71, -13.34, 2.13, 5.28
0.00, -0.61, -0.72, -12.53, 3.63, 3.28
0.01, -0.62, -0.72, -12.39, 6.53, 3.56
0.03, -0.62, -0.71, -12.50, 5.56, 2.53
0.06, -0.63, -0.69, -14.29, 3.84, 2.96
0.07, -0.63, -0.68, -14.07, 1.64, 2.93
0.06, -0.62, -0.67, -14.91, 2.79, 2.00
0.04, -0.62, -0.68, -16.58, 4.25, 0.18
0.03, -0.62, -0.70, -16.06, 5.09, 0.79
0.03, -0.63, -0.70, -16.51, 1.71, 1.03
0.05, -0.64, -0.70, -16.66, -2.77, 0.59
0.06, -0.64, -0.71, -13.98, -8.17, -1.35
0.05, -0.63, -0.72, -12.32, -11.90, -4.24
0.01, -0.64, -0.74, -10.15, -11.11, -6.70
-0.04, -0.66, -0.75, -6.54, -10.15, -12.04
-0.07, -0.67, -0.75, -3.74, -12.95, -17.14
-0.07, -0.69, -0.76, -0.51, -18.56, -24.40
-0.08, -0.70, -0.77, 4.25, -25.14, -32.47
-0.09, -0.71, -0.78, 9.88, -26.59, -40.48
-0.10, -0.70, -0.79, 16.88, -23.92, -48.21
-0.10, -0.70, -0.80, 23.16, -17.05, -55.45
-0.09, -0.70, -0.79, 27.29, -10.66, -62.31
-0.07, -0.70, -0.77, 30.26, -5.75, -64.00
-0.03, -0.70, -0.74, 30.08, -4.65, -64.00
0.04, -0.70, -0.71, 29.17, -3.10, -64.00
0.12, -0.68, -0.68, 27.38, -2.65, -64.00
0.17, -0.67, -0.65, 25.92, -0.39, -64.00
0.20, -0.64, -0.63, 23.43, 1.75, -63.55
0.23, -0.63, -0.62, 21.84, 3.03, -57.41
0.29, -0.63, -0.61, 18.82, 0.47, -49.05
0.34, -0.63, -0.57, 12.44, -2.14, -33.47
0.48, -0.61, -0.49, -3.15, 0.44, -11.21
0.55, -0.57, -0.51, 15.41, -63.04, -26.12
0.24, -0.66, -0.61, 7.67, -40.42, -23.75
0.07, -0.75, -0.62, 1.33, -30.31, -18.45
0.03, -0.71, -0.61, 3.04, -20.31, -25.74
0.07, -0.68, -0.60, 5.20, -13.95, -24.77
0.15, -0.70, -0.61, 5.76, -10.55, -27.66
0.14, -0.72, -0.62, 6.55, 0.44, -28.22
0.07, -0.71, -0.60, 3.12, 16.60, -30.95
0.06, -0.70, -0.56, 0.27, 21.53, -31.39
0.14, -0.68, -0.55, -0.06, 4.80, -31.95
0.25, -0.67, -0.55, -1.27, -12.72, -24.72
0.34, -0.67, -0.57, 1.17, -32.11, -19.00
0.36, -0.67, -0.58, 4.15, -30.20, -11.07
0.29, -0.67, -0.55, 2.54, -17.96, -10.58
0.18, -0.68, -0.52, -1.18, 3.38, -10.50
0.13, -0.71, -0.51, -8.81, 18.04, -7.01
0.21, -0.74, -0.50, -13.83, 23.33, 1.15
0.36, -0.73, -0.48, -21.44, 17.53, 14.88
0.48, -0.72, -0.47, -26.97, 8.22, 26.63
0.50, -0.71, -0.51, -29.71, -2.57, 34.75
0.43, -0.69, -0.54, -34.33, -5.48, 36.74
0.32, -0.70, -0.56, -37.83, -2.54, 36.87
0.21, -0.74, -0.58, -36.25, -3.77, 32.21
0.07, -0.80, -0.62, -31.36, -11.92, 21.16
-0.01, -0.86, -0.67, -18.51, -25.48, 4.94
-0.14, -0.89, -0.75, -3.82, -36.70, -13.68
-0.25, -0.87, -0.77, 3.87, -24.37, -28.30
-0.24, -0.81, -0.68, 11.85, -3.49, -47.19
-0.16, -0.75, -0.62, 14.86, 6.74, -58.54
-0.02, -0.71, -0.59, 13.64, 13.49, -55.65
0.24, -0.66, -0.55, 10.77, 35.35, -31.21
0.56, -0.56, -0.46, 5.22, 34.14, -15.24
0.70, -0.50, -0.38, -10.14, 24.03, 10.21
0.76, -0.53, -0.37, -24.64, 20.32, 36.57
0.72, -0.59, -0.39, -34.66, 0.38, 48.59
0.49, -0.67, -0.42, -47.35, -9.95, 55.68
0.28, -0.73, -0.49, -53.45, -20.57, 56.53
0.11, -0.76, -0.57, -45.66, -37.39, 44.75
-0.08, -0.80, -0.68, -33.77, -49.67, 23.57
-0.33, -0.83, -0.74, -23.23, -60.03, -5.63
-0.54, -0.85, -0.81, -5.47, -37.63, -30.30
-0.52, -0.84, -0.79, 2.68, 6.50, -45.68
-0.30, -0.80, -0.69, 7.02, 24.93, -61.78
-0.04, -0.79, -0.66, 9.21, 23.85, -64.00
0.22, -0.77, -0.66, 8.52, 22.51, -46.43
0.53, -0.69, -0.61, 3.29, 23.79, -18.04
0.78, -0.57, -0.49, -5.83, 16.20, 7.49
0.82, -0.51, -0.41, -20.96, 8.71, 29.18
0.74, -0.55, -0.40, -34.08, 5.97, 44.03
0.50, -0.61, -0.43, -49.24, 5.11, 50.11
0.27, -0.67, -0.46, -61.36, 8.42, 52.26
0.15, -0.70, -0.51, -60.32, 4.64, 47.81
0.08, -0.77, -0.62, -50.34, -13.91, 37.08
-0.07, -0.83, -0.69, -42.91, -32.49, 18.85
-0.25, -0.85, -0.76, -23.96, -44.51, -1.05
-0.39, -0.84, -0.85, -0.07, -30.35, -26.17
-0.41, -0.83, -0.81, 10.33, 0.65, -43.36
-0.28, -0.83, -0.70, 14.76, 26.27, -55.48
-0.05, -0.83, -0.65, 15.58, 29.91, -60.11
0.18, -0.79, -0.63, 14.74, 24.04, -51.24
0.39, -0.71, -0.59, 8.39, 25.52, -27.93
0.65, -0.61, -0.49, -1.77, 21.43, -3.27
0.78, -0.54, -0.38, -16.28, 19.07, 20.31
0.80, -0.55, -0.33, -36.59, 10.71, 39.47
0.63, -0.60, -0.39, -50.72, 1.39, 51.77
0.34, -0.63, -0.45, -63.75, 2.68, 54.81
0.18, -0.65, -0.49, -63.52, 0.79, 52.16
0.11, -0.73, -0.59, -53.94, -22.71, 38.67
-0.06, -0.82, -0.71, -43.24, -49.11, 16.73
-0.33, -0.86, -0.83, -19.89, -57.14, -10.10
-0.51, -0.83, -0.90, 3.84, -35.23, -37.06
-0.50, -0.83, -0.84, 15.73, 5.97, -57.28
-0.31, -0.84, -0.74, 23.18, 29.38, -64.00
-0.05, -0.84, -0.70, 23.80, 30.58, -64.00
0.20, -0.80, -0.66, 18.55, 33.91, -54.64
0.52, -0.69, -0.57, 12.50, 33.25, -28.84
0.72, -0.57, -0.45, 2.65, 20.44, -6.41
0.77, -0.49, -0.36, -16.17, 16.57, 18.45
0.78, -0.48, -0.34, -33.12, 14.61, 42.23
0.64, -0.51, -0.38, -49.12, 3.83, 49.79
0.36, -0.56, -0.42, -58.38, 7.55, 54.96
0.17, -0.59, -0.47, -61.41, 7.41, 54.52
0.07, -0.64, -0.56, -52.06, -15.97, 43.53
-0.05, -0.71, -0.69, -36.08, -45.29, 27.10
-0.25, -0.81, -0.78, -16.43, -60.94, 0.93
-0.48, -0.89, -0.82, 1.12, -48.14, -27.81
-0.52, -0.90, -0.78, 13.08, 3.24, -44.34
-0.30, -0.85, -0.71, 23.29, 23.44, -62.27
-0.09, -0.83, -0.68, 23.05, 23.21, -64.00
0.18, -0.84, -0.66, 17.45, 28.77, -48.98
0.49, -0.76, -0.60, 11.59, 28.10, -26.00
0.72, -0.62, -0.49, 3.96, 10.38, -10.72
0.74, -0.54, -0.40, -12.10, 4.03, 12.31
0.76, -0.53, -0.38, -29.38, 10.54, 37.74
0.67, -0.54, -0.41, -42.68, 3.77, 47.27
0.39, -0.57, -0.44, -54.02, 7.21, 51.43
0.20, -0.62, -0.49, -58.60, 9.26, 53.88
0.12, -0.69, -0.57, -51.16, -9.87, 44.69
-0.03, -0.79, -0.70, -37.36, -37.97, 26.65
-0.23, -0.86, -0.79, -21.89, -50.85, -1.08
-0.47, -0.88, -0.82, -0.15, -44.18, -29.14
-0.50, -0.87, -0.79, 13.80, -2.83, -48.57
-0.31, -0.84, -0.71, 21.15, 17.11, -64.00
-0.11, -0.85, -0.65, 18.62, 15.74, -64.00
0.19, -0.84, -0.65, 12.92, 28.59, -50.42
0.52, -0.73, -0.59, 11.22, 32.27, -28.70
0.71, -0.59, -0.47, 0.37, 6.21, -19.84
0.68, -0.56, -0.40, -14.25, 5.75, 10.22
0.72, -0.55, -0.40, -32.30, 13.75, 34.81
0.65, -0.54, -0.41, -46.07, 4.16, 42.20
0.37, -0.57, -0.43, -55.66, 5.17, 45.87
0.16, -0.59, -0.50, -55.37, -1.48, 45.04
0.01, -0.65, -0.60, -41.76, -32.38, 28.42
-0.17, -0.76, -0.78, -16.36, -63.39, 1.68
-0.39, -0.88, -0.87, 3.31, -59.75, -24.92
-0.48, -0.91, -0.78, 13.88, -13.08, -48.82
-0.37, -0.87, -0.66, 22.10, 17.46, -64.00
-0.07, -0.86, -0.62, 18.12, 27.09, -64.00
0.26, -0.86, -0.58, 6.31, 28.81, -49.26
0.56, -0.78, -0.52, 1.51, 15.23, -28.77
0.70, -0.65, -0.49, -5.52, -3.64, -13.67
0.66, -0.58, -0.44, -17.12, -7.46, 8.23
0.61, -0.56, -0.43, -28.85, -10.53, 22.91
0.48, -0.55, -0.50, -34.46, -12.63, 27.64
0.27, -0.56, -0.55, -38.19, -4.51, 28.28
0.12, -0.56, -0.57, -39.02, 7.21, 30.21
0.12, -0.60, -0.59, -36.69, 6.68, 31.11
0.18, -0.70, -0.61, -30.83, -8.15, 29.78
0.18, -0.82, -0.64, -24.65, -26.36, 21.48
0.10, -0.93, -0.69, -18.45, -37.46, 7.67
-0.09, -0.97, -0.74, -9.55, -35.41, -11.30
-0.21, -0.95, -0.76, 0.03, -21.71, -28.35
-0.23, -0.90, -0.73, 4.91, -6.55, -42.65
-0.13, -0.87, -0.69, 7.86, -1.47, -54.38
-0.02, -0.83, -0.65, 6.59, 3.28, -53.84
0.19, -0.73, -0.56, -3.66, 28.19, -30.49
0.55, -0.59, -0.44, -13.67, 40.37, -4.53
0.76, -0.44, -0.36, -26.14, 18.68, 12.90
0.76, -0.42, -0.38, -37.47, 2.52, 34.27
0.62, -0.48, -0.49, -41.70, -16.19, 48.14
0.36, -0.56, -0.53, -45.48, -12.50, 51.10
0.17, -0.65, -0.55, -42.99, 0.61, 52.67
0.11, -0.72, -0.60, -32.55, -4.33, 44.56
0.01, -0.83, -0.71, -18.12, -21.36, 27.55
-0.20, -0.93, -0.76, -12.59, -30.72, 2.26
-0.43, -0.95, -0.76, 0.25, -22.35, -21.06
-0.41, -0.87, -0.73, 8.83, 5.20, -38.56
-0.18, -0.79, -0.63, 8.17, 13.57, -51.97
0.00, -0.79, -0.57, 3.41, 5.59, -52.17
0.20, -0.77, -0.56, -4.81, 12.06, -34.93
0.49, -0.66, -0.50, -17.33, 27.13, -4.12
0.77, -0.58, -0.40, -31.21, 21.62, 18.49
0.83, -0.51, -0.43, -36.45, 4.91, 36.10
0.66, -0.53, -0.55, -39.46, -7.95, 47.14
0.38, -0.60, -0.61, -44.49, -2.57, 54.28
0.19, -0.64, -0.61, -43.05, 11.30, 57.45
0.12, -0.68, -0.65, -31.29, 2.71, 45.25
-0.04, -0.76, -0.75, -20.86, -11.72, 25.65
-0.31, -0.85, -0.77, -14.63, -28.86, 1.99
-0.49, -0.86, -0.79, 3.88, -26.21, -22.24
-0.50, -0.82, -0.74, 12.29, 0.14, -41.52
-0.32, -0.79, -0.61, 12.48, 15.10, -56.47
-0.10, -0.80, -0.55, 8.69, 10.68, -63.04
0.10, -0.78, -0.56, 1.59, 9.49, -48.52
0.43, -0.70, -0.53, -11.59, 26.20, -15.95
0.76, -0.58, -0.45, -18.99, 17.10, 13.28
0.88, -0.48, -0.40, -33.94, 8.82, 36.11
0.80, -0.47, -0.48, -34.78, -4.46, 50.53
0.51, -0.52, -0.57, -42.20, -6.18, 58.90
0.22, -0.61, -0.59, -47.87, 8.64, 62.23
0.07, -0.68, -0.63, -39.88, -2.47, 50.59
-0.11, -0.76, -0.76, -19.13, -29.43, 23.38
-0.40, -0.86, -0.83, 0.61, -37.81, -7.69
-0.61, -0.94, -0.81, 13.96, -11.85, -35.37
-0.54, -0.96, -0.71, 16.67, 27.10, -50.97
-0.22, -0.90, -0.60, 17.22, 29.89, -64.00
0.04, -0.86, -0.59, 13.43, 30.09, -63.50
0.37, -0.83, -0.58, 1.98, 32.37, -40.05
0.66, -0.72, -0.51, -9.87, 25.13, -11.43
0.82, -0.59, -0.43, -23.84, 16.60, 14.29
0.84, -0.52, -0.40, -34.05, 14.00, 37.96
0.71, -0.49, -0.47, -42.70, -1.29, 46.36
0.39, -0.54, -0.53, -50.41, 3.92, 53.96
0.18, -0.60, -0.55, -48.63, 27.86, 60.22
0.13, -0.62, -0.58, -40.61, 17.18, 49.48
-0.03, -0.69, -0.69, -24.88, -13.05, 32.84
-0.26, -0.78, -0.79, -6.10, -29.14, 8.65
-0.48, -0.82, -0.78, 9.91, -36.18, -22.41
-0.50, -0.85, -0.72, 17.72, 2.18, -40.65
-0.33, -0.82, -0.63, 22.34, 22.24, -55.02
-0.08, -0.78, -0.55, 15.98, 25.92, -57.60
0.17, -0.80, -0.53, 5.66, 25.54, -42.20
0.47, -0.77, -0.51, -7.62, 29.65, -15.10
0.74, -0.63, -0.46, -16.12, 16.12, 9.75
0.83, -0.57, -0.42, -30.09, 7.87, 30.34
0.78, -0.62, -0.46, -39.03, 2.16, 47.14
0.55, -0.65, -0.53, -50.44, -0.28, 51.96
0.27, -0.67, -0.55, -53.17, 14.42, 56.61
0.14, -0.70, -0.57, -48.38, 7.06, 50.07
0.04, -0.78, -0.68, -35.46, -17.99, 33.69
-0.19, -0.83, -0.79, -19.79, -34.34, 10.57
-0.47, -0.80, -0.80, 4.44, -34.67, -22.47
-0.58, -0.79, -0.74, 13.82, -4.78, -43.86
-0.38, -0.80, -0.66, 18.95, 17.08, -58.48
-0.14, -0.78, -0.58, 17.90, 21.27, -64.00
0.14, -0.77, -0.53, 10.82, 18.49, -53.06
0.43, -0.71, -0.51, -0.26, 25.23, -21.40
0.72, -0.60, -0.46, -9.50, 11.57, 1.54
0.83, -0.54, -0.38, -24.79, 7.40, 27.20
0.83, -0.56, -0.40, -38.10, 3.91, 47.53
0.68, -0.59, -0.46, -49.71, -3.96, 57.07
0.35, -0.61, -0.52, -55.58, 0.31, 62.98
0.15, -0.64, -0.57, -52.13, -4.54, 59.71
0.02, -0.72, -0.67, -41.59, -19.86, 47.15
-0.18, -0.79, -0.76, -28.15, -40.63, 19.64
-0.48, -0.78, -0.80, -4.04, -46.99, -12.17
-0.64, -0.79, -0.81, 11.56, -13.92, -37.09
-0.51, -0.83, -0.72, 21.73, 25.52, -53.11
-0.20, -0.81, -0.61, 21.60, 32.76, -62.49
0.10, -0.83, -0.57, 12.59, 21.69, -60.50
0.34, -0.82, -0.59, 3.84, 23.09, -36.17
0.62, -0.72, -0.57, -2.49, 20.55, -10.96
0.78, -0.61, -0.47, -14.86, 13.51, 10.66
0.82, -0.59, -0.40, -29.35, 12.58, 34.77
0.74, -0.63, -0.44, -44.76, 4.16, 47.37
0.47, -0.67, -0.50, -57.74, 3.80, 53.77
0.20, -0.66, -0.52, -60.42, 12.79, 59.33
0.12, -0.67, -0.59, -54.98, -5.71, 51.16
-0.02, -0.72, -0.68, -38.25, -36.23, 33.98
-0.26, -0.75, -0.78, -20.84, -51.43, 4.54
-0.57, -0.75, -0.81, -0.15, -46.96, -27.56
-0.66, -0.76, -0.77, 14.70, 6.95, -44.92
-0.41, -0.75, -0.69, 25.36, 32.23, -58.69
-0.12, -0.76, -0.61, 21.29, 33.36, -63.71
0.15, -0.81, -0.58, 13.24, 21.37, -54.57
0.40, -0.80, -0.60, 8.77, 17.49, -33.89
0.61, -0.70, -0.60, 4.38, 7.15, -15.99
0.68, -0.63, -0.47, -14.46, 15.23, 11.79
0.77, -0.63, -0.39, -27.48, 20.27, 32.14
0.77, -0.65, -0.41, -41.88, 14.30, 44.90
0.56, -0.68, -0.48, -53.12, 12.07, 51.51
0.28, -0.67, -0.52, -58.87, 23.32, 57.55
0.15, -0.66, -0.54, -57.83, 16.51, 55.62
0.07, -0.69, -0.62, -46.02, -15.53, 40.64
-0.13, -0.71, -0.75, -26.11, -45.29, 14.77
-0.44, -0.71, -0.83, -2.75, -52.97, -17.48
-0.68, -0.74, -0.80, 14.73, -8.21, -39.92
-0.55, -0.76, -0.69, 25.03, 34.92, -53.70
-0.21, -0.76, -0.59, 25.84, 36.74, -62.42
0.10, -0.80, -0.54, 16.85, 23.06, -55.56
0.44, -0.81, -0.56, 11.42, 11.66, -33.30
0.66, -0.71, -0.59, 8.68, 1.93, -11.36
0.72, -0.62, -0.48, -5.26, 5.29, 10.60
0.75, -0.63, -0.38, -22.34, 16.49, 34.90
0.73, -0.69, -0.41, -37.31, 13.34, 45.81
0.53, -0.72, -0.47, -52.82, 12.63, 52.71
0.26, -0.70, -0.50, -58.83, 14.46, 55.62
0.12, -0.70, -0.54, -57.89, -6.26, 48.60
-0.00, -0.72, -0.67, -40.94, -36.11, 33.27
-0.20, -0.72, -0.80, -18.97, -56.98, 2.42
-0.49, -0.74, -0.83, 3.72, -52.75, -28.48
-0.65, -0.78, -0.78, 14.67, -5.04, -45.46
-0.49, -0.77, -0.69, 24.01, 29.89, -58.62
-0.18, -0.76, -0.60, 24.46, 29.70, -64.00
0.08, -0.81, -0.57, 18.71, 21.09, -61.08
0.37, -0.82, -0.59, 13.73, 18.96, -39.69
0.65, -0.72, -0.54, 6.33, 14.88, -14.81
0.78, -0.64, -0.43, -6.67, 6.45, 8.29
0.79, -0.63, -0.36, -25.97, 9.99, 30.77
0.73, -0.67, -0.40, -40.93, 10.81, 48.19
0.49, -0.68, -0.45, -56.92, 11.54, 54.23
0.24, -0.66, -0.47, -63.22, 16.77, 58.22
0.13, -0.64, -0.53, -60.42, -7.47, 51.03
0.04, -0.69, -0.66, -45.63, -35.71, 37.22
-0.19, -0.74, -0.78, -28.54, -54.80, 9.44
-0.50, -0.74, -0.82, -5.02, -58.06, -25.98
-0.68, -0.75, -0.81, 13.32, -4.68, -40.87
-0.48, -0.75, -0.72, 28.21, 32.59, -57.07
-0.14, -0.76, -0.60, 30.04, 31.68, -64.00
0.13, -0.82, -0.57, 21.39, 21.88, -54.85
0.44, -0.81, -0.59, 16.89, 18.15, -33.39
0.64, -0.69, -0.53, 8.79, 7.92, -10.85
0.72, -0.62, -0.42, -8.43, 6.97, 12.72
0.76, -0.63, -0.35, -24.58, 9.90, 34.46
0.71, -0.66, -0.39, -38.84, 8.88, 47.21
0.51, -0.69, -0.44, -51.47, 8.81, 55.39
0.27, -0.69, -0.46, -59.25, 16.20, 60.88
0.16, -0.71, -0.51, -57.95, 2.99, 55.85
0.07, -0.74, -0.62, -45.65, -21.82, 43.34
-0.15, -0.76, -0.75, -27.24, -50.78, 12.86
-0.47, -0.76, -0.83, -3.94, -59.61, -22.26
-0.67, -0.79, -0.83, 16.22, -16.34, -42.52
-0.52, -0.80, -0.73, 28.89, 24.04, -62.05
-0.23, -0.80, -0.64, 30.94, 29.59, -64.00
0.05, -0.84, -0.59, 23.10, 24.53, -64.00
0.39, -0.84, -0.60, 19.89, 21.57, -50.18
0.61, -0.73, -0.57, 12.09, 15.87, -26.65
0.73, -0.66, -0.42, -4.66, 8.38, -5.57
0.79, -0.66, -0.35, -22.09, 12.88, 23.57
0.81, -0.67, -0.37, -40.26, 16.15, 45.74
0.65, -0.69, -0.40, -55.14, 15.31, 54.58
0.32, -0.70, -0.42, -64.00, 18.52, 57.72
0.12, -0.68, -0.50, -64.00, 2.25, 54.03
-0.00, -0.67, -0.63, -46.17, -31.28, 37.07
-0.19, -0.70, -0.75, -24.86, -53.70, 9.12
-0.48, -0.76, -0.77, -7.56, -56.44, -25.64
-0.63, -0.78, -0.74, 8.62, -7.50, -42.11
-0.45, -0.76, -0.66, 18.55, 23.74, -57.06
-0.18, -0.76, -0.58, 20.67, 20.85, -64.00
0.10, -0.80, -0.58, 16.30, 17.46, -57.95
0.43, -0.81, -0.59, 12.51, 15.04, -37.11
0.63, -0.75, -0.54, 6.46, 1.47, -24.73
0.65, -0.70, -0.47, -4.29, -5.89, -7.90
0.63, -0.69, -0.42, -18.26, 8.37, 19.66
0.64, -0.67, -0.42, -32.20, 14.48, 36.85
0.53, -0.67, -0.44, -41.96, 16.57, 44.74
0.31, -0.68, -0.47, -51.59, 23.18, 50.40
0.21, -0.66, -0.49, -56.58, 27.41, 55.00
0.21, -0.66, -0.52, -52.86, 10.36, 50.89
0.16, -0.70, -0.61, -43.61, -14.38, 42.76
-0.04, -0.75, -0.69, -34.84, -30.57, 24.02
-0.29, -0.76, -0.74, -17.24, -38.82, -5.61
-0.47, -0.78, -0.78, -0.29, -31.87, -28.60
-0.43, -0.80, -0.75, 15.40, -1.61, -42.18
-0.22, -0.77, -0.66, 26.24, 6.27, -56.51
-0.05, -0.79, -0.60, 27.52, 6.90, -64.00
0.14, -0.84, -0.59, 23.49, 9.61, -52.38
0.41, -0.80, -0.55, 14.30, 17.98, -27.95
0.64, -0.70, -0.45, 5.24, 9.37, -11.72
0.71, -0.66, -0.36, -12.91, 3.85, 10.52
0.75, -0.68, -0.33, -33.44, 8.15, 33.29
0.67, -0.71, -0.39, -47.58, 4.26, 42.37
0.43, -0.73, -0.45, -58.13, 13.45, 46.63
0.21, -0.71, -0.50, -63.79, 22.76, 48.27
0.13, -0.70, -0.57, -60.12, 4.01, 41.19
0.04, -0.73, -0.68, -42.55, -33.47, 25.59
-0.11, -0.77, -0.79, -21.59, -51.87, 1.33
-0.37, -0.80, -0.86, 0.25, -54.73, -28.70
-0.55, -0.79, -0.80, 17.49, -14.99, -44.80
-0.42, -0.75, -0.70, 28.13, 20.80, -62.68
-0.21, -0.76, -0.61, 26.15, 28.15, -64.00
0.07, -0.82, -0.56, 21.38, 34.79, -56.87
0.43, -0.79, -0.50, 11.21, 32.71, -32.21
0.73, -0.69, -0.43, -0.24, 17.11, -9.89
0.84, -0.63, -0.34, -17.04, 11.73, 19.29
0.87, -0.63, -0.30, -38.18, 9.35, 41.45
0.75, -0.67, -0.35, -52.36, 3.14, 51.80
0.43, -0.70, -0.43, -64.00, 9.39, 58.36
0.22, -0.69, -0.48, -64.00, 9.12, 59.02
0.09, -0.69, -0.57, -60.10, -16.16, 44.68
-0.05, -0.78, -0.71, -45.15, -33.23, 29.97
-0.25, -0.78, -0.79, -25.48, -47.45, 2.70
-0.47, -0.76, -0.82, -1.49, -37.42, -25.02
-0.52, -0.77, -0.79, 14.39, 1.34, -38.52
-0.31, -0.76, -0.70, 23.19, 29.73, -49.40
-0.04, -0.75, -0.60, 22.58, 31.87, -53.74
0.21, -0.80, -0.56, 17.28, 23.71, -43.11
0.45, -0.79, -0.54, 6.13, 22.30, -17.76
0.68, -0.71, -0.47, -3.76, 14.13, 4.14
0.78, -0.63, -0.39, -15.89, 5.46, 24.99
0.76, -0.62, -0.36, -30.22, 1.94, 39.09
0.59, -0.65, -0.42, -42.33, 0.63, 48.40
0.30, -0.65, -0.47, -53.63, 11.68, 56.60
0.15, -0.63, -0.49, -55.86, 14.52, 59.02
0.12, -0.65, -0.55, -46.58, -13.56, 49.31
0.03, -0.73, -0.69, -34.87, -37.27, 36.17
-0.21, -0.77, -0.76, -20.60, -52.97, 11.74
-0.44, -0.78, -0.77, 1.57, -40.71, -16.53
-0.51, -0.82, -0.79, 10.20, -1.51, -28.54
-0.39, -0.82, -0.73, 21.65, 30.71, -42.63
-0.16, -0.76, -0.64, 27.38, 41.00, -54.37
0.05, -0.79, -0.59, 23.16, 26.38, -55.47
0.24, -0.86, -0.57, 16.59, 14.92, -44.36
0.48, -0.82, -0.58, 13.32, 7.72, -25.13
0.62, -0.72, -0.53, 2.93, 10.45, -4.35
0.70, -0.67, -0.39, -14.82, 18.69, 20.71
0.77, -0.68, -0.32, -33.97, 18.04, 37.38
0.64, -0.74, -0.37, -50.86, 13.28, 46.11
0.35, -0.77, -0.43, -64.00, 18.38, 51.04
0.18, -0.74, -0.45, -64.00, 9.66, 49.26
0.12, -0.73, -0.55, -58.41, -20.68, 43.15
0.01, -0.73, -0.71, -40.55, -51.64, 20.21
-0.29, -0.74, -0.75, -21.58, -64.00, -7.80
-0.57, -0.77, -0.76, -4.64, -42.97, -34.75
-0.58, -0.76, -0.73, 6.56, 16.75, -43.80
-0.32, -0.72, -0.63, 15.60, 46.16, -53.71
-0.03, -0.74, -0.59, 17.45, 42.87, -56.96
0.18, -0.78, -0.58, 12.62, 25.98, -45.42
0.43, -0.76, -0.59, 8.70, 21.39, -21.18
0.64, -0.67, -0.53, 4.72, 11.13, -3.22
0.70, -0.62, -0.42, -12.87, 7.04, 15.65
0.70, -0.66, -0.36, -31.97, 11.05, 35.29
0.62, -0.70, -0.41, -45.19, 10.23, 45.04
0.39, -0.71, -0.46, -57.21, 15.79, 48.82
0.19, -0.71, -0.48, -60.63, 15.39, 50.77
0.15, -0.73, -0.55, -57.91, -9.08, 42.16
0.04, -0.77, -0.67, -43.62, -41.89, 26.59
-0.20, -0.77, -0.76, -28.08, -57.22, 1.32
-0.47, -0.75, -0.81, -2.16, -51.47, -29.63
-0.58, -0.73, -0.81, 15.92, 2.01, -46.20
-0.43, -0.73, -0.73, 25.26, 33.08, -61.88
-0.17, -0.75, -0.64, 28.37, 44.20, -64.00
0.11, -0.79, -0.57, 23.88, 37.29, -57.78
0.40, -0.78, -0.55, 18.98, 20.00, -44.00
0.55, -0.72, -0.53, 12.49, 12.18, -24.95
0.67, -0.66, -0.44, -3.12, 12.15, -1.18
0.76, -0.65, -0.34, -19.81, 18.30, 26.41
0.80, -0.69, -0.32, -41.24, 15.86, 42.78
0.64, -0.74, -0.38, -57.55, 11.31, 51.80
0.36, -0.73, -0.43, -64.00, 18.99, 60.38
0.24, -0.66, -0.47, -64.00, 5.52, 58.20
0.15, -0.68, -0.59, -61.24, -36.33, 46.04
-0.06, -0.69, -0.74, -40.72, -64.00, 22.63
-0.40, -0.70, -0.80, -15.68, -64.00, -9.23
-0.65, -0.72, -0.84, 9.98, -35.79, -39.21
-0.64, -0.77, -0.77, 20.47, 26.38, -54.48
-0.37, -0.76, -0.65, 28.08, 53.51, -64.00
-0.02, -0.77, -0.58, 24.76, 50.75, -64.00
0.31, -0.83, -0.56, 17.23, 31.04, -48.12
0.62, -0.79, -0.58, 16.11, 14.13, -25.98
0.76, -0.69, -0.52, 6.38, 6.14, -3.23
0.80, -0.67, -0.38, -12.24, 10.91, 20.06
0.81, -0.72, -0.32, -33.23, 17.57, 40.45
0.72, -0.77, -0.36, -49.59, 16.79, 50.01
0.44, -0.77, -0.41, -62.66, 25.01, 57.56
0.24, -0.69, -0.45, -64.00, 17.64, 58.85
0.14, -0.70, -0.54, -57.83, -10.35, 53.17
0.03, -0.70, -0.68, -39.40, -52.00, 29.77
-0.28, -0.69, -0.77, -13.86, -64.00, -5.42
-0.59, -0.71, -0.82, 10.28, -58.11, -37.50
-0.68, -0.77, -0.76, 21.13, -1.62, -53.35
-0.46, -0.78, -0.64, 29.25, 30.37, -64.00
-0.15, -0.79, -0.58, 28.12, 22.04, -64.00
0.12, -0.82, -0.60, 23.21, 13.53, -64.00
0.46, -0.79, -0.63, 25.23, 6.26, -49.15
0.66, -0.70, -0.59, 18.25, -5.93, -36.64
0.62, -0.67, -0.46, 4.69, -2.30, -18.41
0.64, -0.70, -0.38, -14.60, 18.43, 5.50
0.71, -0.73, -0.38, -34.03, 31.19, 28.17
0.68, -0.73, -0.40, -50.85, 32.49, 42.27
0.49, -0.73, -0.41, -59.74, 36.04, 49.72
0.29, -0.71, -0.46, -64.00, 20.62, 48.88
0.16, -0.69, -0.55, -58.15, -19.54, 39.70
0.01, -0.69, -0.70, -34.01, -61.91, 22.85
-0.19, -0.69, -0.80, -10.69, -64.00, -11.38
-0.52, -0.71, -0.81, 9.66, -53.35, -39.85
-0.61, -0.74, -0.67, 18.70, 7.94, -57.48
-0.40, -0.72, -0.56, 22.30, 33.16, -64.00
-0.08, -0.73, -0.50, 22.13, 37.64, -64.00
0.29, -0.78, -0.51, 15.53, 36.20, -47.00
0.66, -0.76, -0.48, 10.15, 17.93, -24.65
0.84, -0.71, -0.42, -3.69, 6.45, 2.60
0.90, -0.71, -0.34, -22.59, 5.10, 26.66
0.87, -0.75, -0.34, -37.20, 6.44, 45.73
0.67, -0.79, -0.39, -56.46, 9.56, 56.06
0.42, -0.78, -0.43, -64.00, 21.07, 63.40
0.23, -0.73, -0.49, -64.00, 2.51, 57.50
0.06, -0.71, -0.61, -53.74, -31.78, 37.88
-0.16, -0.72, -0.77, -32.79, -58.39, 12.89
-0.43, -0.70, -0.85, -6.77, -64.00, -26.21
-0.63, -0.72, -0.81, 14.31, -17.13, -42.93
-0.49, -0.74, -0.71, 25.68, 26.30, -61.87
-0.21, -0.74, -0.61, 28.56, 30.13, -64.00
0.04, -0.81, -0.57, 27.68, 32.41, -62.12
0.40, -0.80, -0.57, 23.64, 31.21, -40.85
0.70, -0.75, -0.52, 15.89, 9.74, -24.92
0.79, -0.72, -0.41, 0.41, 3.90, 0.33
0.85, -0.72, -0.33, -20.53, 12.18, 28.86
0.85, -0.73, -0.34, -39.94, 11.86, 45.00
0.62, -0.75, -0.39, -56.30, 14.02, 52.13
0.35, -0.73, -0.44, -64.00, 27.72, 59.79
0.21, -0.67, -0.50, -63.76, 14.39, 55.76
0.08, -0.66, -0.64, -42.72, -32.84, 36.59
-0.16, -0.67, -0.81, -17.01, -63.04, 14.46
-0.40, -0.68, -0.87, 7.94, -64.00, -20.02
-0.63, -0.71, -0.80, 21.92, -16.96, -42.02
-0.57, -0.74, -0.65, 29.34, 30.49, -60.42
-0.30, -0.73, -0.55, 30.12, 44.12, -64.00
0.07, -0.77, -0.52, 27.05, 47.95, -59.57
0.45, -0.83, -0.49, 17.02, 41.22, -31.29
0.79, -0.80, -0.41, 2.99, 30.23, -2.16
0.99, -0.75, -0.28, -12.51, 19.04, 25.61
1.03, -0.73, -0.26, -31.52, 10.42, 46.15
0.89, -0.77, -0.31, -46.30, 4.26, 56.89
0.55, -0.80, -0.38, -64.00, 13.10, 62.77
0.30, -0.76, -0.42, -64.00, 21.16, 64.00
0.17, -0.71, -0.51, -64.00, -9.33, 52.17
-0.02, -0.68, -0.67, -50.80, -48.62, 33.27
-0.27, -0.65, -0.78, -23.67, -64.00, 4.18
-0.53, -0.65, -0.80, 2.80, -57.08, -31.71
-0.64, -0.74, -0.72, 12.08, 1.24, -44.28
-0.38, -0.78, -0.61, 19.91, 44.11, -57.35
-0.06, -0.76, -0.53, 20.04, 50.36, -60.90
0.25, -0.79, -0.51, 14.94, 39.37, -44.06
0.59, -0.82, -0.51, 6.82, 19.29, -18.98
0.81, -0.79, -0.45, -2.61, 6.24, 6.42
0.90, -0.76, -0.36, -20.20, 5.64, 30.27
0.86, -0.77, -0.33, -37.66, 4.22, 44.18
0.68, -0.79, -0.37, -54.85, 9.73, 53.81
0.42, -0.77, -0.40, -64.00, 19.85, 59.04
0.26, -0.71, -0.46, -64.00, 7.15, 56.01
0.11, -0.67, -0.58, -64.00, -28.88, 41.84
-0.10, -0.65, -0.74, -41.73, -60.13, 23.94
-0.35, -0.62, -0.84, -12.76, -64.00, -15.15
-0.64, -0.64, -0.84, 12.31, -46.81, -39.28
-0.64, -0.71, -0.75, 25.98, 18.81, -54.16
-0.36, -0.75, -0.62, 32.61, 50.26, -64.00
-0.05, -0.78, -0.55, 32.67, 49.67, -64.00
0.31, -0.85, -0.54, 24.28, 33.98, -53.03
0.62, -0.84, -0.57, 23.28, 23.76, -23.88
0.85, -0.76, -0.46, 6.86, 18.28, 0.99
0.94, -0.72, -0.33, -8.64, 12.72, 26.38
0.93, -0.76, -0.28, -35.87, 22.18, 48.51
0.76, -0.81, -0.31, -58.49, 18.95, 56.30
0.43, -0.79, -0.35, -64.00, 25.04, 62.37
0.24, -0.71, -0.41, -64.00, 9.29, 60.53
0.12, -0.64, -0.55, -64.00, -31.91, 46.72
-0.05, -0.62, -0.73, -38.63, -64.00, 24.46
-0.34, -0.65, -0.77, -17.37, -64.00, -7.54
-0.56, -0.75, -0.73, -2.96, -38.20, -29.20
-0.50, -0.77, -0.68, 4.38, 21.84, -34.99
-0.20, -0.73, -0.59, 13.76, 45.72, -43.31
0.11, -0.71, -0.53, 17.21, 40.12, -41.59
0.34, -0.78, -0.53, 11.22, 21.11, -25.55
0.56, -0.82, -0.51, 1.03, 10.29, -3.60
0.75, -0.78, -0.45, -10.59, -0.59, 18.79
0.76, -0.74, -0.38, -20.82, -8.61, 29.06
0.65, -0.75, -0.38, -36.83, -5.12, 37.57
0.44, -0.81, -0.43, -55.67, 1.50, 45.30
0.24, -0.79, -0.49, -63.68, 3.37, 44.35
0.09, -0.73, -0.58, -53.37, -17.85, 32.01
-0.08, -0.72, -0.70, -41.81, -37.06, 17.17
-0.27, -0.72, -0.82, -16.19, -57.25, -13.41
-0.50, -0.70, -0.89, 9.37, -31.22, -34.49
-0.51, -0.70, -0.82, 26.59, 19.45, -51.36
-0.31, -0.70, -0.68, 34.49, 51.12, -60.49
-0.03, -0.76, -0.57, 31.24, 58.82, -58.73
0.30, -0.83, -0.51, 20.65, 45.02, -45.22
0.59, -0.81, -0.47, 12.93, 30.47, -18.35
0.81, -0.73, -0.43, 4.89, 11.62, 2.02
0.85, -0.71, -0.34, -14.69, 9.14, 27.04
0.81, -0.76, -0.27, -38.17, 11.68, 41.98
0.65, -0.81, -0.30, -58.54, 12.08, 49.47
0.38, -0.79, -0.34, -64.00, 16.57, 54.56
0.24, -0.72, -0.42, -64.00, 6.60, 52.62
0.13, -0.71, -0.53, -63.38, -19.16, 42.62
-0.05, -0.71, -0.63, -47.83, -45.89, 21.08
-0.31, -0.69, -0.70, -22.81, -61.37, -4.15
-0.48, -0.70, -0.78, -1.41, -42.28, -28.48
-0.48, -0.74, -0.75, 9.14, 3.06, -37.90
-0.27, -0.72, -0.63, 19.87, 30.14, -48.91
0.01, -0.72, -0.57, 20.49, 36.78, -50.64
0.24, -0.78, -0.57, 16.15, 23.15, -46.11
0.39, -0.80, -0.58, 9.15, 9.00, -32.96
0.51, -0.75, -0.54, 1.15, 0.99, -16.13
0.61, -0.69, -0.48, -6.42, 3.83, 4.62
0.67, -0.68, -0.40, -24.19, 12.88, 22.52
0.66, -0.73, -0.38, -35.83, 15.28, 37.22
0.54, -0.77, -0.41, -49.68, 17.12, 46.26
0.36, -0.78, -0.46, -57.33, 16.17, 50.34
0.23, -0.76, -0.50, -58.09, -1.61, 47.21
0.13, -0.76, -0.59, -45.46, -34.63, 32.20
-0.05, -0.76, -0.70, -29.44, -52.01, 12.76
-0.26, -0.74, -0.78, -11.12, -53.22, -13.37
-0.44, -0.73, -0.79, 7.41, -19.54, -29.53
-0.37, -0.70, -0.69, 19.28, 22.59, -41.10
-0.11, -0.71, -0.58, 20.09, 41.30, -46.54
0.13, -0.78, -0.52, 13.77, 37.28, -41.86
0.36, -0.80, -0.49, 5.34, 23.74, -27.58
0.55, -0.76, -0.46, -4.85, 8.32, -4.56
0.71, -0.72, -0.43, -15.21, -0.58, 14.70
0.72, -0.71, -0.39, -31.19, -4.92, 31.15
0.61, -0.75, -0.39, -47.22, -0.69, 39.89
0.36, -0.75, -0.43, -61.05, 11.91, 46.42
0.23, -0.72, -0.47, -62.87, 17.06, 47.10
0.16, -0.72, -0.54, -58.70, -13.08, 39.16
0.02, -0.74, -0.66, -48.84, -32.48, 30.49
-0.14, -0.72, -0.77, -30.46, -44.06, 8.01
-0.33, -0.68, -0.81, -9.71, -42.03, -19.01
-0.46, -0.69, -0.81, 5.74, -5.75, -32.50
-0.36, -0.70, -0.75, 19.31, 25.14, -42.56
-0.15, -0.69, -0.65, 24.95, 40.33, -47.53
0.12, -0.75, -0.57, 21.29, 42.50, -43.76
0.36, -0.80, -0.53, 12.93, 31.94, -28.69
0.58, -0.80, -0.45, 1.50, 14.37, -10.00
0.73, -0.78, -0.40, -13.51, 8.43, 15.43
0.81, -0.75, -0.37, -27.46, 0.47, 30.23
0.68, -0.75, -0.38, -38.57, -3.79, 36.58
0.38, -0.79, -0.42, -52.38, 7.49, 39.15
0.16, -0.79, -0.45, -60.64, 12.47, 36.62
0.06, -0.75, -0.50, -59.47, -11.08, 28.84
0.01, -0.73, -0.62, -42.92, -54.36, 12.85
-0.15, -0.73, -0.78, -19.85, -64.00, -11.24
-0.40, -0.73, -0.85, -2.85, -35.93, -34.55
-0.49, -0.71, -0.75, 6.73, 7.36, -49.85
-0.31, -0.69, -0.66, 17.03, 29.56, -57.80
0.01, -0.73, -0.64, 20.18, 29.99, -54.32
0.28, -0.78, -0.61, 18.64, 17.24, -44.24
0.49, -0.76, -0.59, 13.36, 8.60, -28.93
0.58, -0.69, -0.55, 13.80, 0.80, -15.63
0.57, -0.67, -0.47, -2.03, 7.44, -2.17
0.57, -0.70, -0.39, -20.12, 20.46, 20.52
0.63, -0.71, -0.38, -34.02, 19.62, 34.35
0.55, -0.74, -0.41, -49.54, 15.33, 40.62
0.36, -0.75, -0.43, -57.61, 19.13, 46.08
0.24, -0.72, -0.47, -59.09, 17.43, 46.30
0.19, -0.73, -0.55, -56.51, -11.12, 38.51
0.05, -0.73, -0.64, -44.89, -44.36, 25.52
-0.14, -0.72, -0.75, -24.24, -63.69, -1.59
-0.37, -0.69, -0.87, 6.18, -55.47, -28.08
-0.51, -0.70, -0.83, 20.46, -6.08, -48.81
-0.41, -0.72, -0.69, 29.73, 28.98, -62.14
-0.17, -0.76, -0.61, 32.95, 32.82, -64.00
0.10, -0.80, -0.59, 28.30, 22.30, -64.00
0.40, -0.80, -0.56, 21.80, 18.97, -43.05
0.67, -0.72, -0.52, 17.80, 2.57, -25.77
0.74, -0.67, -0.40, -0.92, -1.58, -4.05
0.76, -0.68, -0.32, -20.20, 10.14, 23.97
0.79, -0.69, -0.31, -40.20, 14.94, 40.76
0.63, -0.71, -0.35, -56.25, 18.46, 48.24
0.37, -0.73, -0.39, -64.00, 25.70, 51.91
0.21, -0.71, -0.46, -64.00, 13.58, 51.52
0.14, -0.72, -0.58, -57.69, -26.27, 38.63
-0.03, -0.74, -0.71, -34.71, -62.88, 14.55
-0.32, -0.73, -0.84, -6.43, -64.00, -20.25
-0.55, -0.74, -0.85, 12.96, -34.73, -40.48
-0.53, -0.75, -0.73, 27.53, 24.48, -58.21
-0.26, -0.74, -0.61, 33.65, 37.33, -64.00
0.06, -0.79, -0.56, 28.00, 30.95, -64.00
0.40, -0.83, -0.55, 19.11, 25.49, -42.75
0.73, -0.76, -0.49, 10.66, 11.08, -17.90
0.84, -0.69, -0.35, -3.62, -4.95, 0.31
0.85, -0.69, -0.30, -23.61, -0.07, 26.42
0.85, -0.71, -0.31, -37.78, 7.00, 43.77
0.70, -0.74, -0.36, -56.84, 12.74, 49.61
0.38, -0.74, -0.40, -64.00, 22.21, 54.75
0.24, -0.69, -0.45, -64.00, 18.00, 58.60
0.20, -0.67, -0.56, -63.58, -11.76, 50.61
0.08, -0.70, -0.71, -45.20, -44.12, 29.97
-0.22, -0.73, -0.80, -26.22, -64.00, -1.18
-0.53, -0.73, -0.86, 3.75, -55.88, -32.21
-0.60, -0.74, -0.82, 21.64, 2.71, -47.53
-0.38, -0.75, -0.70, 32.63, 28.85, -64.00
-0.12, -0.78, -0.59, 32.77, 21.87, -64.00
0.15, -0.83, -0.58, 26.54, 21.56, -64.00
0.46, -0.80, -0.59, 23.20, 16.26, -46.24
0.66, -0.71, -0.49, 13.12, -4.39, -33.06
0.69, -0.68, -0.37, -6.14, -1.01, -8.49
0.77, -0.67, -0.31, -27.11, 12.80, 23.82
0.85, -0.65, -0.29, -46.93, 19.69, 46.22
0.72, -0.68, -0.35, -58.76, 18.94, 54.62
0.43, -0.70, -0.42, -64.00, 27.67, 60.66
0.23, -0.68, -0.48, -64.00, 24.30, 61.99
0.14, -0.67, -0.60, -59.68, -14.60, 46.15
-0.06, -0.70, -0.76, -38.16, -60.98, 20.16
-0.34, -0.72, -0.88, -10.77, -64.00, -17.89
-0.61, -0.72, -0.92, 18.45, -43.94, -39.86
-0.59, -0.78, -0.72, 27.84, 20.12, -62.21
-0.32, -0.82, -0.60, 32.10, 43.73, -64.00
0.00, -0.83, -0.56, 26.27, 45.83, -64.00
0.39, -0.84, -0.54, 16.37, 30.71, -53.41
0.67, -0.79, -0.48, 6.07, 13.38, -27.74
0.82, -0.70, -0.40, -9.35, -2.81, -5.39
0.84, -0.65, -0.29, -30.59, -5.03, 20.23
0.82, -0.65, -0.25, -47.46, -0.19, 40.71
0.68, -0.68, -0.33, -61.27, 4.21, 49.26
0.38, -0.68, -0.42, -64.00, 12.78, 53.85
0.18, -0.65, -0.49, -64.00, 7.88, 51.75
0.11, -0.64, -0.58, -57.18, -15.44, 42.00
0.05, -0.69, -0.72, -35.31, -40.27, 24.11
-0.14, -0.76, -0.80, -18.01, -56.89, -4.34
-0.40, -0.80, -0.82, 2.48, -43.21, -27.52
-0.41, -0.82, -0.78, 14.37, -6.00, -40.46
-0.18, -0.79, -0.67, 24.54, 10.88, -54.05
0.06, -0.79, -0.58, 25.37, 6.38, -58.09
0.30, -0.83, -0.55, 16.82, 4.51, -45.70
0.51, -0.81, -0.52, 8.92, 6.03, -24.47
0.67, -0.72, -0.43, -6.68, 7.82, -0.97
0.78, -0.66, -0.33, -25.61, 7.98, 26.94
0.82, -0.66, -0.33, -40.53, -1.88, 41.19
0.64, -0.68, -0.42, -51.19, -6.07, 47.43
0.32, -0.68, -0.51, -57.28, 2.42, 50.28
0.16, -0.65, -0.57, -55.70, 6.23, 49.83
0.10, -0.66, -0.65, -42.65, -18.92, 37.69
-0.03, -0.69, -0.78, -25.41, -35.95, 20.42
-0.21, -0.75, -0.80, -10.14, -46.54, -5.02
-0.43, -0.79, -0.80, 2.71, -30.58, -25.82
-0.42, -0.81, -0.74, 9.98, 5.70, -37.83
-0.22, -0.76, -0.63, 15.05, 23.83, -45.65
0.06, -0.74, -0.57, 13.68, 16.02, -49.56
0.25, -0.77, -0.56, 7.96, 9.32, -38.72
0.46, -0.78, -0.54, 0.41, 8.71, -15.63
0.65, -0.71, -0.50, -10.50, 7.53, 5.33
0.73, -0.66, -0.43, -24.36, 9.02, 26.32
0.72, -0.67, -0.40, -38.69, 9.76, 39.16
0.56, -0.70, -0.50, -48.89, 14.77, 46.59
0.32, -0.71, -0.51, -57.72, 26.36, 52.20
0.21, -0.69, -0.53, -55.74, 20.97, 49.92
0.14, -0.70, -0.63, -43.69, -8.98, 38.27
-0.01, -0.74, -0.78, -28.80, -33.03, 19.32
-0.26, -0.76, -0.80, -9.97, -43.73, -8.48
-0.44, -0.77, -0.81, 10.19, -23.96, -31.55
-0.40, -0.77, -0.75, 17.72, 12.99, -41.21
-0.20, -0.75, -0.64, 21.25, 26.90, -51.54
0.02, -0.74, -0.57, 21.57, 27.40, -52.44
0.24, -0.75, -0.54, 14.16, 21.02, -39.01
0.50, -0.74, -0.50, 2.41, 17.71, -14.88
0.71, -0.67, -0.42, -8.42, 10.03, 9.31
0.79, -0.62, -0.35, -24.92, 8.74, 27.69
0.72, -0.63, -0.36, -36.62, 5.58, 42.21
0.54, -0.67, -0.44, -46.11, 10.42, 48.71
0.29, -0.69, -0.50, -54.50, 23.66, 54.31
0.20, -0.69, -0.52, -55.24, 23.19, 53.04
0.17, -0.71, -0.57, -46.12, -5.05, 43.82
0.06, -0.76, -0.69, -36.30, -27.40, 31.28
-0.16, -0.76, -0.76, -22.47, -40.16, 8.14
-0.36, -0.73, -0.78, -2.48, -35.43, -20.05
-0.41, -0.76, -0.79, 9.13, -5.62, -32.76
-0.27, -0.77, -0.73, 18.24, 18.54, -40.91
-0.04, -0.72, -0.65, 24.49, 24.50, -44.74
0.15, -0.74, -0.61, 23.07, 18.26, -41.45
0.32, -0.78, -0.59, 16.75, 14.80, -28.61
0.53, -0.76, -0.54, 7.68, 12.75, -6.67
0.65, -0.71, -0.46, -5.09, 13.20, 14.07
0.74, -0.68, -0.39, -21.59, 17.51, 34.75
0.69, -0.71, -0.38, -36.28, 19.99, 46.38
0.45, -0.75, -0.41, -53.47, 27.88, 50.67
0.26, -0.74, -0.43, -62.46, 31.97, 55.58
0.20, -0.71, -0.49, -58.50, 8.56, 48.93
0.11, -0.72, -0.61, -46.85, -23.67, 36.79
-0.08, -0.75, -0.70, -37.77, -38.07, 17.88
-0.37, -0.74, -0.73, -20.60, -52.60, -15.26
-0.53, -0.73, -0.75, -0.09, -21.74, -30.61
-0.43, -0.74, -0.69, 9.81, 20.35, -39.66
-0.19, -0.73, -0.58, 13.72, 33.92, -48.71
0.05, -0.76, -0.52, 11.48, 26.03, -51.32
0.23, -0.81, -0.52, 10.17, 9.51, -44.84
0.39, -0.81, -0.58, 10.49, -4.77, -35.46
0.47, -0.77, -0.60, 8.01, -2.55, -21.09
0.57, -0.72, -0.50, -6.43, 11.66, -0.36
0.71, -0.72, -0.39, -22.89, 20.71, 25.30
0.77, -0.72, -0.39, -36.99, 18.27, 38.19
0.61, -0.74, -0.45, -51.88, 18.06, 47.59
0.34, -0.74, -0.48, -61.64, 22.49, 51.17
0.18, -0.69, -0.52, -60.00, 4.68, 44.84
0.07, -0.66, -0.63, -46.18, -24.75, 32.04
-0.12, -0.68, -0.75, -27.16, -54.96, 2.87
-0.39, -0.71, -0.81, -7.32, -60.87, -25.89
-0.55, -0.75, -0.77, 6.48, -8.54, -36.88
-0.39, -0.74, -0.69, 13.68, 25.26, -49.00
-0.11, -0.72, -0.60, 17.58, 30.22, -57.05
0.14, -0.74, -0.57, 19.52, 23.10, -50.67
0.41, -0.76, -0.59, 13.81, 12.09, -32.94
0.55, -0.71, -0.58, 9.07, -1.12, -15.42
0.59, -0.64, -0.47, -6.29, 7.18, 8.99
0.69, -0.63, -0.35, -25.84, 17.83, 31.41
0.74, -0.66, -0.36, -39.42, 17.33, 41.10
0.57, -0.69, -0.42, -53.81, 21.51, 48.79
0.33, -0.71, -0.45, -64.00, 30.05, 54.17
0.22, -0.72, -0.48, -64.00, 17.06, 53.61
0.17, -0.74, -0.60, -58.43, -15.25, 46.60
0.03, -0.73, -0.74, -41.86, -42.96, 25.04
-0.26, -0.73, -0.79, -21.69, -55.52, -5.04
-0.49, -0.74, -0.85, 3.65, -31.69, -29.63
-0.48, -0.77, -0.84, 19.65, 13.28, -41.18
-0.27, -0.77, -0.72, 27.57, 38.38, -51.10
0.03, -0.76, -0.61, 23.95, 36.85, -52.01
0.29, -0.80, -0.54, 16.62, 23.93, -39.96
0.52, -0.78, -0.53, 10.15, 5.84, -24.92
0.61, -0.71, -0.50, 0.98, -0.57, -5.94
0.64, -0.67, -0.43, -11.50, 1.13, 11.45
0.66, -0.69, -0.37, -32.24, 11.55, 31.24
0.60, -0.74, -0.39, -46.21, 14.92, 40.18
0.44, -0.73, -0.44, -59.05, 21.37, 48.81
0.30, -0.69, -0.46, -64.00, 19.92, 52.49
0.22, -0.68, -0.52, -61.18, -4.11, 49.19
0.11, -0.69, -0.63, -50.18, -33.75, 37.36
-0.09, -0.70, -0.74, -33.01, -49.79, 16.47
-0.32, -0.69, -0.81, -12.10, -52.80, -14.91
-0.51, -0.71, -0.85, 7.39, -20.30, -32.44
-0.46, -0.73, -0.79, 22.57, 17.20, -46.31
-0.23, -0.75, -0.69, 29.34, 36.00, -53.79
0.02, -0.81, -0.65, 29.07, 37.13, -57.44
0.24, -0.84, -0.60, 23.41, 19.80, -52.17
0.44, -0.80, -0.54, 15.72, 16.60, -28.38
0.64, -0.72, -0.50, 8.95, 6.82, -12.78
0.69, -0.67, -0.41, -8.25, 6.32, 7.16
0.69, -0.69, -0.34, -27.99, 15.09, 28.24
0.65, -0.70, -0.35, -44.12, 15.08, 37.08
0.47, -0.72, -0.40, -58.18, 22.53, 40.98
0.28, -0.72, -0.44, -64.00, 29.22, 43.55
0.19, -0.69, -0.49, -64.00, 13.71, 42.39
0.16, -0.69, -0.58, -55.83, -22.31, 34.15
0.05, -0.70, -0.70, -36.74, -51.23, 16.82
-0.21, -0.72, -0.80, -15.50, -64.00, -12.37
-0.44, -0.73, -0.82, 4.23, -35.11, -30.04
-0.44, -0.74, -0.74, 17.69, 13.58, -42.11
-0.22, -0.72, -0.66, 23.92, 30.28, -53.93
0.03, -0.75, -0.60, 23.02, 23.58, -56.87
0.22, -0.78, -0.58, 20.03, 12.16, -45.70
0.45, -0.76, -0.59, 14.37, 7.90, -27.81
0.59, -0.70, -0.52, 4.45, 1.48, -9.57
0.67, -0.66, -0.40, -11.40, 4.27, 9.84
0.73, -0.68, -0.34, -33.04, 12.09, 32.30
0.69, -0.71, -0.38, -50.34, 11.99, 41.40
0.49, -0.71, -0.47, -64.00, 19.82, 48.91
0.30, -0.67, -0.48, -64.00, 25.21, 51.29
0.24, -0.66, -0.54, -64.00, 9.73, 51.14
0.18, -0.71, -0.64, -60.72, -23.13, 41.30
-0.01, -0.73, -0.76, -44.19, -56.28, 16.83
-0.33, -0.71, -0.85, -16.49, -64.00, -12.25
-0.55, -0.71, -0.93, 12.71, -35.74, -38.49
-0.56, -0.74, -0.87, 29.69, 19.81, -53.72
-0.37, -0.75, -0.73, 36.14, 47.79, -64.00
-0.10, -0.77, -0.64, 35.23, 45.75, -64.00
0.22, -0.80, -0.56, 29.29, 31.48, -59.26
0.55, -0.78, -0.54, 22.70, 21.34, -38.21
0.76, -0.72, -0.49, 9.54, 12.01, -17.41
0.81, -0.68, -0.39, -7.13, 5.71, 2.83
0.81, -0.68, -0.31, -28.96, 13.26, 27.13
0.76, -0.70, -0.33, -47.17, 16.26, 42.12
0.55, -0.71, -0.38, -61.71, 21.90, 47.87
0.31, -0.70, -0.44, -64.00, 24.38, 48.65
0.17, -0.66, -0.53, -64.00, 2.13, 43.58
0.05, -0.62, -0.69, -47.92, -32.77, 24.19
-0.17, -0.62, -0.82, -19.78, -51.74, -0.58
-0.43, -0.67, -0.84, 4.09, -39.09, -29.89
-0.49, -0.73, -0.76, 15.08, 6.45, -40.50
-0.28, -0.73, -0.65, 25.71, 31.82, -48.59
0.05, -0.71, -0.58, 29.44, 27.84, -49.75
0.33, -0.75, -0.56, 24.04, 15.51, -39.24
0.50, -0.78, -0.53, 15.19, 11.12, -20.44
0.64, -0.74, -0.46, 3.10, 8.58, -0.39
0.72, -0.70, -0.38, -12.38, 10.17, 15.84
0.75, -0.71, -0.32, -32.45, 9.21, 31.20
0.70, -0.74, -0.35, -50.44, 4.22, 42.22
0.53, -0.75, -0.42, -64.00, 5.02, 48.92
0.37, -0.73, -0.48, -64.00, -0.26, 52.25
0.22, -0.70, -0.58, -64.00, -24.21, 42.91
0.04, -0.68, -0.72, -53.88, -47.00, 26.34
-0.21, -0.68, -0.83, -30.57, -55.38, 2.20
-0.42, -0.72, -0.85, -7.91, -43.51, -27.35
-0.50, -0.76, -0.82, 7.20, -5.34, -42.51
-0.33, -0.73, -0.77, 23.16, 26.10, -53.72
-0.07, -0.71, -0.69, 27.68, 23.36, -60.76
0.18, -0.77, -0.61, 27.25, 15.16, -52.60
0.42, -0.78, -0.60, 22.86, 12.87, -32.49
0.68, -0.71, -0.51, 10.64, 15.79, -7.83
0.80, -0.67, -0.34, -7.75, 11.41, 14.83
0.90, -0.69, -0.25, -30.91, 11.58, 39.85
0.83, -0.73, -0.31, -51.33, 3.88, 50.98
0.50, -0.73, -0.39, -64.00, 8.69, 56.22
0.24, -0.67, -0.46, -64.00, 11.81, 58.22
0.12, -0.63, -0.56, -64.00, -13.81, 47.17
-0.02, -0.64, -0.68, -51.88, -42.20, 27.90
-0.23, -0.66, -0.80, -28.74, -57.00, 2.90
-0.45, -0.66, -0.84, -2.29, -45.12, -25.82
-0.52, -0.69, -0.82, 13.91, 8.73, -34.05
-0.29, -0.74, -0.75, 23.37, 40.64, -41.15
0.03, -0.74, -0.65, 26.90, 43.44, -39.92
0.29, -0.76, -0.57, 21.50, 29.67, -31.03
0.53, -0.78, -0.54, 11.79, 12.39, -12.75
0.69, -0.76, -0.52, 2.28, 6.71, 10.29
0.75, -0.72, -0.47, -13.44, 1.85, 23.76
0.66, -0.74, -0.42, -29.77, 4.44, 34.27
0.47, -0.75, -0.43, -46.80, 8.60, 38.62
0.31, -0.72, -0.48, -54.35, 5.38, 40.24
0.17, -0.67, -0.54, -54.72, -9.66, 34.07
0.04, -0.66, -0.65, -40.15, -32.90, 22.27
-0.10, -0.68, -0.73, -28.60, -36.17, 6.08
-0.26, -0.70, -0.76, -13.67, -40.19, -16.94
-0.39, -0.71, -0.75, -0.44, -10.77, -29.81
-0.29, -0.68, -0.73, 14.10, 18.23, -36.71
-0.07, -0.67, -0.66, 18.24, 25.47, -43.55
0.10, -0.73, -0.60, 18.16, 16.34, -44.69
0.23, -0.77, -0.57, 12.83, 3.45, -34.88
0.43, -0.75, -0.56, 9.23, 2.60, -16.11
0.57, -0.67, -0.55, 7.38, -2.85, -5.55
0.54, -0.64, -0.47, -7.36, 8.09, 9.46
0.55, -0.69, -0.38, -23.68, 23.28, 27.58
0.58, -0.71, -0.42, -34.25, 25.69, 36.51
0.44, -0.73, -0.46, -47.35, 22.46, 41.77
0.32, -0.74, -0.47, -53.85, 12.68, 44.26
0.26, -0.75, -0.53, -50.92, -11.63, 41.29
0.19, -0.76, -0.61, -44.23, -33.15, 33.85
0.03, -0.78, -0.65, -36.67, -39.84, 19.51
-0.14, -0.76, -0.69, -22.70, -38.81, -2.76
-0.30, -0.75, -0.77, -6.99, -25.91, -23.25
-0.36, -0.74, -0.79, 8.70, 2.61, -36.97
-0.24, -0.72, -0.74, 20.17, 20.88, -47.21
-0.08, -0.74, -0.69, 27.21, 22.22, -54.76
0.08, -0.78, -0.64, 26.98, 16.29, -58.37
0.21, -0.79, -0.59, 20.92, 9.83, -48.28
0.42, -0.75, -0.54, 16.38, 2.82, -32.54
0.58, -0.69, -0.52, 8.67, 3.15, -12.98
0.64, -0.65, -0.46, -4.30, 9.59, 3.70
0.66, -0.66, -0.36, -22.37, 23.31, 25.38
0.64, -0.70, -0.36, -41.14, 24.38, 37.21
0.50, -0.73, -0.42, -54.36, 24.61, 43.14
0.33, -0.70, -0.46, -56.39, 22.88, 46.62
0.26, -0.68, -0.51, -55.04, 4.77, 45.43
0.19, -0.72, -0.57, -48.98, -22.40, 36.65
0.03, -0.77, -0.65, -37.15, -43.50, 19.16
-0.18, -0.77, -0.71, -24.73, -45.94, -7.57
-0.35, -0.78, -0.74, -7.08, -26.61, -28.46
-0.34, -0.77, -0.75, 5.17, 4.91, -42.81
-0.20, -0.74, -0.71, 19.05, 17.62, -54.36
-0.08, -0.75, -0.68, 27.55, 16.56, -62.04
0.09, -0.79, -0.66, 30.40, 13.63, -56.16
0.32, -0.78, -0.65, 30.99, 13.97, -42.05
0.50, -0.71, -0.57, 26.35, 3.48, -34.88
0.53, -0.68, -0.46, 13.65, 4.59, -19.39
0.57, -0.69, -0.40, -2.66, 15.46, 2.02
0.64, -0.67, -0.38, -19.57, 24.63, 23.12
0.67, -0.65, -0.36, -37.33, 27.49, 36.03
0.57, -0.68, -0.37, -52.84, 25.20, 43.46
0.40, -0.71, -0.40, -62.91, 24.58, 47.61
0.30, -0.71, -0.46, -64.00, 4.59, 46.96
0.21, -0.71, -0.53, -57.80, -29.13, 38.80
0.06, -0.74, -0.64, -40.19, -50.47, 24.71
-0.15, -0.77, -0.75, -25.23, -57.81, -7.31
-0.43, -0.77, -0.81, -3.87, -42.04, -31.98
-0.49, -0.76, -0.78, 14.23, 1.88, -47.20
-0.27, -0.73, -0.70, 27.05, 17.05, -60.44
-0.03, -0.75, -0.63, 30.84, 16.68, -60.87
0.25, -0.78, -0.62, 31.98, 10.23, -49.42
0.49, -0.75, -0.56, 29.60, -0.63, -36.89
0.60, -0.69, -0.49, 15.28, -3.06, -19.44
0.65, -0.67, -0.39, 0.24, 0.63, 1.35
0.70, -0.66, -0.34, -24.11, 14.22, 24.53
0.71, -0.67, -0.34, -39.77, 17.38, 39.42
0.57, -0.67, -0.40, -51.87, 16.95, 46.01
0.37, -0.68, -0.46, -62.74, 18.86, 49.46
0.24, -0.70, -0.49, -64.00, 6.61, 48.91
0.19, -0.73, -0.55, -55.60, -27.41, 38.65
0.10, -0.78, -0.69, -35.50, -45.91, 25.87
-0.10, -0.82, -0.79, -18.37, -48.47, -2.50
-0.40, -0.82, -0.81, -0.78, -30.33, -27.40
-0.46, -0.80, -0.77, 15.85, 18.93, -40.04
-0.20, -0.76, -0.70, 27.24, 32.30, -50.10
0.04, -0.77, -0.62, 30.15, 26.30, -53.77
0.25, -0.80, -0.55, 24.57, 20.50, -42.08
0.48, -0.76, -0.49, 16.74, 13.88, -21.91
0.67, -0.68, -0.41, 2.08, 5.62, -2.56
0.76, -0.63, -0.30, -19.87, 7.52, 24.96
0.81, -0.64, -0.26, -38.81, 8.34, 42.09
0.68, -0.67, -0.31, -57.71, 6.20, 50.75
0.42, -0.67, -0.38, -64.00, 13.35, 58.52
0.30, -0.64, -0.43, -64.00, 10.23, 64.00
0.28, -0.66, -0.51, -64.00, -9.16, 64.00
0.17, -0.72, -0.64, -54.39, -37.61, 52.10
-0.10, -0.73, -0.75, -36.97, -58.70, 24.49
-0.41, -0.72, -0.83, -9.36, -57.04, -7.35
-0.56, -0.77, -0.86, 12.72, -25.78, -32.58
-0.51, -0.84, -0.81, 24.15, 25.50, -46.92
-0.26, -0.80, -0.69, 33.97, 43.64, -60.87
0.03, -0.79, -0.61, 33.72, 40.25, -58.45
0.33, -0.84, -0.57, 23.91, 30.34, -36.12
0.65, -0.82, -0.50, 9.04, 26.41, -8.49
0.89, -0.72, -0.37, -6.93, 7.47, 15.04
0.94, -0.68, -0.26, -31.51, 4.78, 38.06
0.83, -0.73, -0.26, -54.19, 0.40, 51.32
0.52, -0.76, -0.33, -64.00, 4.57, 55.91
0.23, -0.70, -0.41, -64.00, 7.60, 58.36
0.13, -0.63, -0.53, -64.00, -24.43, 46.45
-0.06, -0.63, -0.73, -49.10, -59.21, 26.61
-0.34, -0.66, -0.87, -20.81, -64.00, -7.06
-0.65, -0.69, -0.89, 7.14, -45.73, -35.19
-0.65, -0.76, -0.82, 19.75, 20.57, -47.33
-0.30, -0.76, -0.72, 32.39, 45.37, -57.31
0.03, -0.76, -0.61, 30.99, 37.61, -56.24
0.35, -0.81, -0.58, 23.00, 28.43, -36.19
0.60, -0.79, -0.55, 13.36, 20.54, -7.91
0.79, -0.73, -0.38, -9.68, 13.91, 16.67
0.89, -0.70, -0.26, -31.25, 7.16, 38.67
0.80, -0.72, -0.28, -51.79, -0.99, 46.77
0.53, -0.75, -0.36, -64.00, 1.17, 50.82
0.21, -0.72, -0.43, -64.00, 1.34, 52.47
0.09, -0.67, -0.55, -64.00, -18.31, 43.17
-0.03, -0.68, -0.68, -53.67, -41.36, 24.84
-0.24, -0.71, -0.79, -31.93, -52.71, -3.64
-0.48, -0.72, -0.84, -5.97, -39.81, -27.24
-0.50, -0.72, -0.85, 14.77, 15.11, -34.87
-0.23, -0.72, -0.77, 29.00, 40.12, -42.89
0.04, -0.75, -0.65, 28.29, 41.14, -44.32
0.28, -0.80, -0.57, 17.68, 27.70, -32.48
0.52, -0.80, -0.53, 8.29, 15.42, -11.56
0.66, -0.74, -0.49, -2.37, 11.47, 9.12
0.72, -0.70, -0.37, -23.28, 5.54, 24.19
0.64, -0.74, -0.32, -43.94, 5.35, 34.67
0.45, -0.78, -0.38, -62.46, 9.51, 40.62
0.27, -0.72, -0.45, -64.00, 6.97, 43.13
0.13, -0.67, -0.54, -64.00, -13.61, 34.48
-0.03, -0.68, -0.68, -50.90, -39.07, 19.25
-0.25, -0.69, -0.80, -24.19, -49.99, -6.30
-0.46, -0.67, -0.88, -1.17, -41.67, -32.13
-0.52, -0.68, -0.86, 21.18, 8.13, -45.84
-0.34, -0.67, -0.73, 31.25, 32.74, -54.90
-0.03, -0.72, -0.64, 32.40, 43.82, -52.55
0.25, -0.78, -0.56, 23.86, 30.08, -39.16
0.56, -0.79, -0.48, 11.36, 28.79, -12.47
0.78, -0.73, -0.42, -1.95, 6.52, 5.31
0.80, -0.70, -0.36, -23.04, 4.86, 26.13
0.75, -0.73, -0.33, -38.78, 3.67, 38.90
0.57, -0.76, -0.37, -55.34, 5.96, 44.45
0.29, -0.73, -0.43, -64.00, 11.60, 46.03
0.14, -0.64, -0.48, -64.00, 7.81, 44.35
0.09, -0.60, -0.57, -59.29, -18.38, 34.39
-0.01, -0.64, -0.67, -47.09, -34.60, 21.47
-0.20, -0.66, -0.75, -32.31, -39.21, 0.37
-0.37, -0.62, -0.78, -14.36, -17.92, -15.38
-0.31, -0.62, -0.77, -3.11, 19.48, -17.80
-0.06, -0.66, -0.69, -5.90, 37.72, -15.41
0.21, -0.68, -0.60, -8.87, 37.26, -8.42
0.37, -0.67, -0.56, -16.02, 26.31, 1.32
0.45, -0.68, -0.56, -21.78, 6.33, 9.18
0.40, -0.71, -0.57, -27.42, -11.72, 12.58
0.26, -0.75, -0.58, -31.47, -15.34, 13.13
0.15, -0.75, -0.58, -37.85, -11.86, 13.28
0.10, -0.71, -0.59, -39.97, -5.43, 14.28
0.11, -0.69, -0.62, -40.32, 5.36, 14.83
0.10, -0.67, -0.64, -40.47, 10.64, 10.40
0.07, -0.63, -0.64, -39.73, 16.84, 9.66
0.08, -0.64, -0.63, -37.90, 11.07, 9.92
0.13, -0.69, -0.64, -34.43, -0.04, 9.88
0.18, -0.71, -0.66, -31.95, -6.96, 13.04
0.20, -0.70, -0.65, -29.08, -9.26, 13.83
0.18, -0.67, -0.64, -25.96, -5.67, 14.25
0.15, -0.64, -0.64, -24.81, 0.77, 15.88
0.14, -0.63, -0.63, -26.82, 2.83, 16.51
0.16, -0.64, -0.62, -28.10, 0.84, 20.55
0.19, -0.65, -0.59, -30.76, -5.43, 24.94
0.20, -0.69, -0.58, -32.25, -12.55, 26.34
0.16, -0.71, -0.60, -32.32, -21.96, 27.76
0.11, -0.71, -0.62, -30.80, -24.02, 27.67
0.07, -0.69, -0.64, -27.35, -24.94, 27.05
0.04, -0.68, -0.66, -25.21, -21.00, 25.43
0.02, -0.67, -0.66, -23.95, -12.19, 23.90
0.01, -0.68, -0.62, -26.34, -10.08, 20.10
0.01, -0.71, -0.60, -30.02, -13.40, 16.40
0.02, -0.74, -0.64, -30.01, -26.97, 13.24
0.02, -0.74, -0.68, -27.68, -40.98, 10.53
0.02, -0.73, -0.70, -23.36, -48.15, 8.01
0.02, -0.73, -0.70, -21.32, -46.86, 6.23
0.01, -0.73, -0.69, -20.75, -39.31, 3.69
-0.03, -0.73, -0.66, -24.00, -32.83, -2.27
-0.09, -0.74, -0.65, -28.37, -30.90, -6.70
-0.10, -0.74, -0.66, -31.81, -37.50, -7.76
-0.05, -0.73, -0.69, -29.13, -46.49, -6.52
0.03, -0.70, -0.70, -24.71, -62.13, -7.84
0.07, -0.67, -0.72, -17.05, -64.00, -10.47
0.07, -0.64, -0.74, -11.69, -64.00, -11.49
0.02, -0.63, -0.73, -10.70, -50.34, -15.67
-0.08, -0.64, -0.69, -13.31, -37.89, -18.81
-0.14, -0.66, -0.67, -19.20, -28.33, -20.07
-0.13, -0.67, -0.66, -22.22, -29.19, -19.27
-0.05, -0.67, -0.69, -21.91, -39.86, -16.78
0.02, -0.67, -0.71, -20.59, -54.10, -15.29
0.05, -0.65, -0.72, -15.70, -57.90, -14.15
0.02, -0.63, -0.71, -12.65, -49.91, -16.52
-0.06, -0.63, -0.69, -13.79, -34.55, -18.39
-0.12, -0.63, -0.68, -17.56, -18.68, -15.84
-0.13, -0.65, -0.65, -22.40, -11.68, -12.13
-0.07, -0.67, -0.65, -24.13, -13.48, -8.90
-0.05, -0.66, -0.66, -21.71, -19.46, -7.55
-0.04, -0.64, -0.69, -17.70, -23.61, -8.64
-0.06, -0.63, -0.71, -13.73, -22.00, -11.49
-0.11, -0.62, -0.71, -12.68, -10.66, -11.91
-0.15, -0.63, -0.68, -14.43, -1.64, -12.89
-0.16, -0.65, -0.67, -14.80, 9.19, -11.56
-0.11, -0.66, -0.65, -15.71, 10.04, -9.61
-0.06, -0.65, -0.66, -16.54, 6.17, -9.38
-0.03, -0.64, -0.68, -14.83, -0.51, -6.92
-0.02, -0.63, -0.70, -12.48, -6.50, -6.51
-0.04, -0.63, -0.70, -10.81, -5.88, -4.73
-0.05, -0.64, -0.67, -12.75, -2.35, -4.26
-0.06, -0.66, -0.64, -15.68, 2.89, -1.96
-0.05, -0.67, -0.65, -17.88, 5.75, -0.38
-0.04, -0.65, -0.67, -15.33, 4.94, 0.20
-0.05, -0.63, -0.69, -14.21, 2.24, 2.15
-0.06, -0.62, -0.69, -12.69, -0.54, 2.11
-0.06, -0.63, -0.68, -10.13, -2.74, 3.39
-0.07, -0.65, -0.66, -11.90, -4.22, 2.48
-0.09, -0.67, -0.64, -12.52, -7.19, -0.53
-0.11, -0.67, -0.65, -11.51, -10.10, -3.46
-0.09, -0.66, -0.68, -7.75, -11.69, -4.45
-0.09, -0.66, -0.68, -8.46, -10.20, -3.95
-0.10, -0.67, -0.66, -8.66, -0.11, -4.40
-0.16, -0.67, -0.65, -8.63, 9.27, -6.23
-0.13, -0.67, -0.64, -10.80, 13.92, -8.86
-0.10, -0.68, -0.64, -10.45, 11.02, -9.18
-0.05, -0.68, -0.65, -9.09, 5.12, -10.42
-0.01, -0.68, -0.66, -7.81, -2.68, -9.46
-0.02, -0.68, -0.67, -6.78, -4.89, -12.42
-0.07, -0.66, -0.67, -6.24, 2.38, -12.67
-0.11, -0.65, -0.66, -6.35, 15.87, -14.75
-0.13, -0.66, -0.65, -6.87, 30.69, -15.79
-0.11, -0.68, -0.64, -10.71, 35.02, -17.82
-0.06, -0.70, -0.63, -14.62, 30.67, -16.20
-0.01, -0.70, -0.62, -14.93, 17.17, -14.25
0.02, -0.70, -0.63, -14.29, 3.85, -14.29
0.02, -0.70, -0.66, -11.37, -6.00, -15.70
-0.01, -0.71, -0.68, -9.56, -7.75, -15.50
-0.03, -0.72, -0.68, -9.71, -1.09, -14.93
-0.04, -0.73, -0.67, -9.22, 4.25, -16.84
-0.03, -0.72, -0.67, -7.33, 7.28, -17.39
0.01, -0.70, -0.68, -5.02, 2.53, -15.99
0.03, -0.71, -0.67, -4.35, -10.93, -17.47
0.03, -0.72, -0.69, -0.15, -11.85, -14.99
0.04, -0.70, -0.71, 3.63, -11.37, -17.05
-0.00, -0.67, -0.68, 2.28, -2.26, -17.35
-0.05, -0.66, -0.64, -0.22, 10.39, -18.74
-0.06, -0.67, -0.63, -2.78, 19.35, -18.07
-0.01, -0.68, -0.61, -7.34, 15.41, -18.18
0.04, -0.69, -0.59, -7.31, 2.12, -19.31
0.07, -0.69, -0.60, -7.61, -6.32, -18.57
0.06, -0.69, -0.60, -7.08, -12.69, -19.87
0.02, -0.71, -0.61, -7.19, -8.98, -20.12
-0.02, -0.72, -0.61, -6.82, 0.98, -20.42
-0.02, -0.73, -0.60, -8.58, 7.44, -20.53
0.00, -0.74, -0.59, -8.10, 11.26, -20.07
0.04, -0.73, -0.59, -8.80, 7.64, -19.68
0.05, -0.73, -0.61, -5.91, -5.16, -22.04
0.03, -0.72, -0.65, -0.46, -4.03, -21.24
0.03, -0.72, -0.65, 1.01, -2.67, -23.18
-0.00, -0.73, -0.61, -0.82, 3.22, -26.76
-0.02, -0.72, -0.62, 0.95, 14.42, -26.79
0.01, -0.69, -0.63, 1.09, 19.85, -25.14
0.04, -0.68, -0.62, -0.28, 21.88, -24.13
0.09, -0.69, -0.61, 0.10, 20.00, -22.98
0.11, -0.69, -0.59, -1.65, 15.91, -22.04
0.11, -0.69, -0.59, -4.37, 18.80, -20.10
0.11, -0.69, -0.59, -6.01, 26.98, -15.73
0.15, -0.68, -0.57, -10.00, 31.95, -11.08
0.22, -0.67, -0.56, -15.46, 36.71, -1.78
0.31, -0.65, -0.56, -20.31, 31.85, 11.47
0.38, -0.64, -0.56, -26.50, 21.03, 24.13
0.37, -0.66, -0.57, -31.84, 12.64, 32.78
0.30, -0.69, -0.57, -33.60, 3.61, 33.72
0.20, -0.74, -0.61, -30.10, -5.29, 30.36
0.09, -0.80, -0.65, -21.71, -20.30, 23.13
0.02, -0.88, -0.70, -6.63, -20.89, 14.78
-0.05, -0.93, -0.70, 1.65, -25.48, -5.57
-0.27, -0.92, -0.67, 2.60, -11.30, -31.31
-0.41, -0.86, -0.65, 6.19, 23.39, -48.46
-0.33, -0.76, -0.64, 7.75, 59.62, -61.52
-0.14, -0.68, -0.60, 4.00, 64.00, -60.37
0.12, -0.63, -0.49, -11.17, 64.00, -48.72
0.37, -0.58, -0.45, -20.31, 64.00, -21.91
0.59, -0.55, -0.47, -27.26, 54.56, -1.76
0.71, -0.55, -0.46, -33.42, 21.56, 17.27
0.73, -0.57, -0.47, -39.58, -7.91, 38.16
0.65, -0.61, -0.52, -35.93, -23.12, 54.43
0.41, -0.66, -0.56, -33.74, -20.87, 54.40
0.12, -0.72, -0.55, -34.69, -7.13, 46.20
-0.12, -0.78, -0.57, -34.45, -9.13, 32.04
-0.21, -0.81, -0.63, -25.04, -17.91, 15.82
-0.20, -0.79, -0.73, -9.29, -24.56, -3.71
-0.24, -0.76, -0.73, -4.71, -8.06, -22.29
-0.20, -0.74, -0.65, -4.14, 22.46, -25.07
0.02, -0.70, -0.61, -4.03, 34.48, -24.06
0.22, -0.67, -0.60, -6.85, 27.73, -19.15
0.33, -0.67, -0.59, -11.75, 19.31, -6.20
0.41, -0.70, -0.57, -14.33, 11.47, 0.62
0.42, -0.73, -0.56, -22.34, 4.22, 8.70
0.37, -0.77, -0.56, -26.15, -3.74, 16.23
0.30, -0.78, -0.58, -24.38, -14.76, 17.56
0.20, -0.79, -0.61, -19.62, -24.89, 13.21
0.08, -0.81, -0.66, -11.42, -15.42, 4.79
-0.05, -0.82, -0.64, -10.66, -5.01, -13.72
-0.18, -0.80, -0.61, -11.43, 8.85, -26.97
-0.16, -0.75, -0.63, -7.68, 25.82, -34.37
-0.03, -0.68, -0.61, -10.39, 25.71, -36.53
0.16, -0.65, -0.53, -13.29, 22.78, -21.01
0.48, -0.59, -0.59, -9.97, 12.08, -0.14
0.64, -0.52, -0.60, -16.02, -2.31, 20.10
0.60, -0.51, -0.53, -23.35, -2.18, 34.22
0.46, -0.54, -0.52, -27.76, 1.72, 40.15
0.27, -0.60, -0.54, -36.17, -0.55, 43.97
0.15, -0.74, -0.52, -38.11, -24.53, 40.92
0.09, -0.85, -0.57, -27.88, -55.70, 28.70
-0.02, -0.97, -0.76, -5.17, -60.37, 4.11
-0.30, -0.98, -0.74, -7.02, -48.25, -26.70
-0.48, -0.98, -0.61, -10.11, 16.23, -35.46
-0.21, -0.83, -0.61, -5.27, 43.20, -46.12
0.02, -0.70, -0.62, -3.76, 28.53, -55.58
0.10, -0.69, -0.65, -3.59, 14.27, -47.94
0.27, -0.68, -0.63, -6.58, 16.97, -27.96
0.56, -0.59, -0.54, -10.06, 12.83, -6.88
0.75, -0.49, -0.55, -13.61, 13.76, 23.71
0.73, -0.43, -0.53, -24.39, 3.32, 41.54
0.46, -0.46, -0.50, -30.77, 4.31, 52.87
0.22, -0.53, -0.52, -39.53, 10.88, 54.97
0.06, -0.60, -0.51, -47.91, 9.36, 55.05
0.07, -0.68, -0.52, -41.98, -18.54, 45.24
-0.01, -0.85, -0.67, -22.05, -51.48, 23.32
-0.23, -1.00, -0.78, -12.78, -58.88, -10.74
-0.52, -1.04, -0.75, -4.99, -17.94, -29.21
-0.39, -0.95, -0.72, 4.90, 28.00, -38.31
-0.08, -0.84, -0.70, 13.06, 41.24, -52.32
0.02, -0.81, -0.68, 11.06, 26.43, -60.58
0.06, -0.83, -0.60, -1.04, 14.48, -55.19
0.34, -0.79, -0.55, -1.67, 15.30, -30.25
0.70, -0.59, -0.59, -1.49, 13.39, -8.82
0.72, -0.41, -0.51, -16.56, -2.61, 14.37
0.59, -0.36, -0.45, -24.48, -1.43, 33.21
0.47, -0.40, -0.48, -32.44, -12.18, 39.08
0.26, -0.51, -0.51, -42.28, -8.98, 43.52
0.13, -0.57, -0.52, -45.75, -0.62, 47.48
0.11, -0.60, -0.55, -44.08, -1.82, 52.27
0.13, -0.68, -0.58, -33.83, -31.13, 48.96
0.05, -0.85, -0.69, -12.70, -59.29, 29.74
-0.22, -1.06, -0.79, -1.96, -63.66, -8.25
-0.56, -1.11, -0.74, -1.11, -23.05, -27.91
-0.44, -0.98, -0.67, 6.25, 24.58, -42.91
-0.12, -0.83, -0.65, 11.76, 31.47, -53.75
0.07, -0.79, -0.68, 10.66, 10.80, -57.62
0.19, -0.79, -0.69, 10.41, 13.29, -43.26
0.39, -0.71, -0.61, 3.25, 19.27, -31.59
0.49, -0.58, -0.51, -10.51, 25.12, -12.34
0.61, -0.46, -0.44, -22.88, 37.58, 17.28
0.70, -0.39, -0.43, -35.68, 24.83, 36.50
0.56, -0.42, -0.46, -41.19, 6.83, 48.79
0.34, -0.49, -0.52, -46.27, -9.56, 55.92
0.19, -0.59, -0.58, -42.87, -8.92, 62.59
0.14, -0.67, -0.62, -31.32, -13.76, 48.43
-0.12, -0.82, -0.66, -23.68, -40.84, 22.70
-0.42, -1.01, -0.70, -13.15, -32.06, 0.66
-0.50, -1.09, -0.75, 1.67, -8.20, -23.97
-0.40, -1.03, -0.68, 2.26, 17.14, -44.54
-0.18, -0.91, -0.65, 9.35, 23.85, -53.93
0.04, -0.82, -0.70, 14.52, 27.28, -55.30
0.21, -0.76, -0.68, 11.05, 36.36, -51.67
0.30, -0.70, -0.57, -1.10, 46.04, -40.22
0.42, -0.60, -0.51, -14.84, 48.93, -22.96
0.56, -0.49, -0.45, -28.83, 45.22, 7.26
0.73, -0.41, -0.45, -34.69, 25.46, 30.78
0.74, -0.38, -0.50, -36.24, -3.63, 46.14
0.54, -0.41, -0.55, -37.73, -17.66, 54.10
0.23, -0.53, -0.55, -41.94, -9.75, 55.23
-0.01, -0.71, -0.51, -43.94, -13.03, 39.21
-0.19, -0.84, -0.57, -34.42, -24.56, 24.12
-0.25, -0.97, -0.73, -15.96, -34.48, 3.77
-0.35, -1.02, -0.80, -4.08, -29.43, -20.57
-0.40, -0.98, -0.75, 4.95, 11.01, -34.19
-0.23, -0.85, -0.71, 11.79, 35.44, -46.72
-0.03, -0.80, -0.69, 11.21, 36.78, -56.74
0.10, -0.81, -0.62, 3.86, 23.54, -51.76
0.35, -0.80, -0.60, 2.98, 15.80, -33.93
0.62, -0.68, -0.60, -1.55, 6.44, -16.84
0.67, -0.50, -0.53, -14.03, -4.96, -1.38
0.60, -0.43, -0.47, -23.86, 1.16, 22.78
0.54, -0.41, -0.45, -31.36, -4.33, 33.56
0.39, -0.48, -0.47, -39.05, -5.38, 39.58
0.24, -0.60, -0.50, -47.28, -3.72, 45.10
0.16, -0.67, -0.51, -49.76, 4.08, 48.72
0.12, -0.73, -0.51, -46.77, -6.51, 42.37
0.04, -0.84, -0.58, -35.51, -37.23, 30.18
-0.08, -0.97, -0.80, -10.75, -41.49, 8.01
-0.33, -1.02, -0.83, -2.54, -41.58, -28.33
-0.47, -0.98, -0.74, 4.33, 12.93, -37.54
-0.24, -0.86, -0.73, 14.51, 24.69, -51.15
-0.05, -0.77, -0.71, 15.66, 20.55, -64.00
0.00, -0.79, -0.62, 7.65, 11.23, -63.13
0.28, -0.80, -0.57, 4.62, 20.21, -42.79
0.63, -0.67, -0.56, 0.56, 16.36, -21.52
0.75, -0.47, -0.51, -11.92, 5.01, -0.82
0.67, -0.36, -0.42, -27.55, 9.96, 29.10
0.61, -0.37, -0.42, -34.42, -0.52, 41.71
0.40, -0.46, -0.48, -44.19, -4.04, 46.22
0.20, -0.56, -0.51, -54.46, 0.79, 53.74
0.16, -0.62, -0.51, -56.97, 3.03, 59.10
0.16, -0.66, -0.53, -49.75, -29.37, 49.67
0.04, -0.81, -0.71, -26.56, -48.38, 39.32
-0.19, -0.96, -0.83, -10.92, -58.80, 4.26
-0.60, -1.04, -0.80, -0.10, -29.56, -24.77
-0.57, -1.00, -0.76, 8.33, 21.96, -39.77
-0.21, -0.86, -0.71, 14.57, 39.90, -53.03
-0.01, -0.78, -0.70, 14.32, 31.34, -64.00
0.06, -0.79, -0.66, 6.04, 23.93, -61.90
0.28, -0.79, -0.56, -1.44, 24.96, -40.34
0.66, -0.66, -0.53, -8.79, 24.75, -15.14
0.80, -0.47, -0.49, -21.25, 7.00, 4.63
0.72, -0.36, -0.44, -33.35, 9.51, 33.39
0.61, -0.40, -0.46, -40.83, 1.41, 45.71
0.36, -0.50, -0.51, -50.24, 2.81, 49.83
0.17, -0.60, -0.53, -56.64, 13.28, 53.79
0.12, -0.65, -0.53, -55.48, 0.73, 53.30
0.08, -0.74, -0.59, -38.29, -47.00, 39.70
-0.05, -0.89, -0.81, -13.06, -54.11, 19.61
-0.40, -0.97, -0.84, -5.11, -62.03, -19.55
-0.62, -0.94, -0.78, 7.89, 2.64, -32.05
-0.35, -0.83, -0.71, 14.53, 34.25, -47.39
-0.09, -0.76, -0.67, 15.58, 39.20, -62.01
0.01, -0.78, -0.63, 6.43, 24.50, -60.96
0.23, -0.79, -0.56, -0.43, 18.80, -43.47
0.60, -0.69, -0.55, -3.64, 14.93, -17.29
0.80, -0.54, -0.51, -15.83, 7.26, 4.63
0.78, -0.42, -0.43, -31.61, 5.09, 31.33
0.67, -0.43, -0.44, -38.82, 2.03, 49.61
0.43, -0.52, -0.50, -49.39, -1.75, 54.41
0.21, -0.59, -0.53, -58.26, 5.34, 60.26
0.14, -0.64, -0.54, -55.47, -6.61, 59.46
0.09, -0.70, -0.68, -37.94, -43.68, 43.79
-0.14, -0.83, -0.79, -22.88, -63.67, 18.45
-0.45, -0.93, -0.83, -7.62, -55.89, -13.17
-0.60, -0.92, -0.83, 8.00, -6.84, -31.78
-0.43, -0.85, -0.73, 10.50, 29.88, -45.69
-0.11, -0.79, -0.66, 11.99, 44.11, -50.94
0.11, -0.75, -0.65, 10.51, 32.50, -48.95
0.26, -0.72, -0.62, 3.57, 25.10, -38.17
0.39, -0.68, -0.56, -4.50, 17.07, -22.70
0.56, -0.61, -0.49, -16.63, 13.64, -2.38
0.68, -0.54, -0.46, -27.48, 12.25, 21.51
0.66, -0.50, -0.46, -38.32, 5.72, 37.08
0.47, -0.52, -0.48, -46.34, 8.21, 48.55
0.26, -0.56, -0.54, -51.41, 12.72, 54.42
0.16, -0.62, -0.57, -50.01, 4.06, 53.59
0.07, -0.71, -0.63, -40.51, -27.13, 38.15
-0.11, -0.83, -0.78, -20.33, -54.98, 13.87
-0.37, -0.89, -0.90, 1.07, -48.21, -17.27
-0.55, -0.88, -0.85, 9.87, -4.92, -39.60
-0.43, -0.85, -0.73, 15.67, 33.75, -49.44
-0.11, -0.80, -0.70, 20.45, 42.14, -59.66
0.07, -0.77, -0.69, 17.53, 44.46, -57.67
0.24, -0.76, -0.59, 8.27, 34.88, -49.00
0.43, -0.71, -0.51, -2.75, 26.87, -28.43
0.64, -0.59, -0.46, -13.87, 23.57, -0.12
0.78, -0.47, -0.42, -26.31, 12.08, 26.28
0.74, -0.42, -0.43, -35.97, 0.51, 42.71
0.54, -0.46, -0.48, -43.20, -3.54, 52.59
0.28, -0.55, -0.54, -51.69, 5.82, 57.07
0.14, -0.62, -0.55, -56.74, 14.78, 57.92
0.06, -0.68, -0.55, -54.38, -20.30, 46.73
-0.03, -0.79, -0.69, -33.34, -47.63, 33.64
-0.18, -0.88, -0.89, -8.58, -56.49, 6.91
-0.47, -0.89, -0.88, 3.13, -39.75, -29.76
-0.56, -0.88, -0.78, 15.50, 12.31, -40.04
-0.28, -0.83, -0.73, 22.46, 29.04, -56.62
-0.07, -0.79, -0.72, 22.44, 27.98, -64.00
0.06, -0.80, -0.65, 15.67, 31.76, -57.15
0.39, -0.76, -0.54, 7.36, 28.42, -35.38
0.66, -0.64, -0.51, -1.06, 8.35, -19.51
0.72, -0.52, -0.50, -12.40, 7.77, 6.62
0.70, -0.47, -0.42, -30.93, 10.50, 33.04
0.61, -0.49, -0.41, -39.35, 10.14, 44.29
0.42, -0.54, -0.48, -49.18, 11.67, 52.79
0.23, -0.60, -0.51, -56.38, 15.64, 58.02
0.17, -0.65, -0.53, -54.04, 5.19, 59.05
0.10, -0.71, -0.60, -43.50, -27.52, 48.04
-0.11, -0.81, -0.74, -23.05, -51.45, 26.44
-0.35, -0.86, -0.87, -0.64, -52.91, -6.55
-0.58, -0.87, -0.83, 8.39, -16.05, -35.35
-0.48, -0.87, -0.73, 16.60, 23.13, -46.34
-0.13, -0.79, -0.69, 18.11, 35.08, -52.90
0.11, -0.75, -0.65, 13.99, 36.49, -48.27
0.34, -0.74, -0.56, 2.89, 28.84, -31.72
0.58, -0.70, -0.51, -5.75, 17.70, -7.47
0.77, -0.60, -0.50, -17.18, 12.18, 15.70
0.78, -0.53, -0.44, -33.71, 3.44, 34.51
0.62, -0.55, -0.43, -45.24, 1.82, 47.86
0.41, -0.58, -0.49, -56.21, 3.40, 56.38
0.24, -0.60, -0.51, -60.53, 7.47, 61.15
0.14, -0.63, -0.57, -54.01, -1.88, 54.74
-0.04, -0.71, -0.70, -40.11, -28.11, 36.35
-0.30, -0.76, -0.85, -18.69, -42.14, 10.84
-0.56, -0.77, -0.92, 5.73, -37.85, -25.74
-0.63, -0.78, -0.86, 18.12, 5.76, -44.13
-0.38, -0.80, -0.74, 23.00, 28.19, -54.67
-0.09, -0.79, -0.67, 21.93, 38.11, -57.82
0.18, -0.77, -0.62, 13.29, 42.12, -46.16
0.43, -0.75, -0.50, -0.83, 28.56, -26.27
0.67, -0.69, -0.46, -12.54, 19.46, -2.21
0.80, -0.60, -0.45, -26.08, 9.54, 23.47
0.75, -0.56, -0.42, -39.27, -1.32, 35.50
0.50, -0.58, -0.45, -49.90, -3.26, 46.47
0.28, -0.61, -0.53, -56.85, 3.51, 52.48
0.14, -0.62, -0.56, -57.97, 6.94, 52.43
0.08, -0.62, -0.60, -50.78, -6.92, 42.93
-0.04, -0.68, -0.74, -31.36, -26.23, 31.23
-0.24, -0.74, -0.83, -14.20, -37.61, 7.08
-0.46, -0.78, -0.85, 3.89, -23.39, -19.84
-0.47, -0.82, -0.78, 9.88, 9.10, -33.85
-0.22, -0.82, -0.70, 13.00, 19.72, -41.35
0.01, -0.75, -0.67, 14.31, 20.67, -43.49
0.16, -0.72, -0.64, 8.21, 16.48, -39.12
0.29, -0.73, -0.57, -0.78, 15.58, -24.92
0.49, -0.68, -0.51, -11.11, 9.76, -7.84
0.62, -0.59, -0.50, -20.72, 4.84, 14.85
0.63, -0.53, -0.49, -32.41, 2.75, 29.55
0.51, -0.54, -0.50, -39.29, 5.19, 40.15
0.33, -0.60, -0.54, -47.29, 8.33, 48.37
0.20, -0.65, -0.56, -49.49, 5.77, 53.13
0.14, -0.70, -0.60, -41.94, -7.22, 47.13
0.02, -0.76, -0.71, -28.27, -28.57, 28.95
-0.21, -0.81, -0.81, -16.55, -34.38, 6.05
-0.44, -0.82, -0.83, 2.65, -23.15, -16.82
-0.46, -0.81, -0.81, 11.88, -0.16, -34.57
-0.29, -0.82, -0.71, 19.38, 12.57, -45.09
-0.06, -0.80, -0.66, 16.70, 13.93, -52.02
0.10, -0.77, -0.64, 12.46, 17.01, -48.68
0.26, -0.73, -0.53, -0.95, 23.33, -33.49
0.53, -0.66, -0.46, -10.94, 17.46, -12.12
0.73, -0.56, -0.49, -20.22, 9.93, 13.44
0.75, -0.50, -0.48, -35.80, -0.82, 33.37
0.57, -0.53, -0.48, -42.29, -2.95, 44.60
0.31, -0.56, -0.54, -50.44, 4.13, 51.16
0.16, -0.59, -0.56, -54.28, 3.29, 52.84
0.06, -0.65, -0.60, -45.79, -9.20, 46.54
-0.07, -0.73, -0.73, -35.11, -30.39, 30.29
-0.27, -0.77, -0.81, -19.36, -37.82, 10.95
-0.42, -0.77, -0.87, 2.13, -28.42, -14.91
-0.45, -0.78, -0.84, 10.58, 3.43, -29.58
-0.26, -0.78, -0.74, 16.02, 23.71, -38.13
-0.01, -0.76, -0.69, 12.59, 31.28, -39.47
0.19, -0.76, -0.64, 5.76, 25.36, -34.36
0.33, -0.75, -0.58, -1.77, 18.41, -20.79
0.46, -0.70, -0.53, -9.45, 15.02, -3.77
0.58, -0.65, -0.49, -20.16, 14.03, 15.65
0.61, -0.63, -0.45, -31.39, 5.75, 26.92
0.48, -0.64, -0.47, -40.97, 5.10, 36.16
0.30, -0.67, -0.51, -45.91, 4.01, 40.98
0.17, -0.66, -0.55, -44.26, -4.62, 39.39
0.02, -0.69, -0.62, -33.59, -30.70, 25.91
-0.20, -0.76, -0.74, -16.94, -56.24, -0.07
-0.42, -0.84, -0.81, -0.17, -49.35, -25.82
-0.56, -0.90, -0.76, 8.20, -19.46, -47.46
-0.44, -0.87, -0.70, 13.25, 8.88, -62.19
-0.15, -0.78, -0.71, 18.88, 25.55, -64.00
0.10, -0.73, -0.69, 14.12, 34.76, -57.45
0.39, -0.69, -0.57, 4.64, 35.85, -36.90
0.64, -0.60, -0.54, -1.57, 20.79, -15.05
0.75, -0.50, -0.54, -15.73, 16.69, 8.84
0.71, -0.46, -0.47, -30.84, 8.91, 30.70
0.54, -0.48, -0.47, -40.98, 5.61, 40.16
0.30, -0.56, -0.52, -46.71, 12.00, 48.03
0.13, -0.57, -0.53, -53.44, 13.78, 52.28
0.05, -0.64, -0.56, -46.98, -9.93, 43.38
-0.10, -0.73, -0.66, -33.17, -36.64, 27.07
-0.30, -0.83, -0.79, -14.80, -49.57, -2.05
-0.52, -0.89, -0.82, -3.24, -32.70, -28.07
-0.49, -0.88, -0.77, 6.69, 2.31, -45.53
-0.21, -0.82, -0.73, 12.19, 19.32, -55.98
0.06, -0.79, -0.73, 12.66, 27.36, -57.06
0.22, -0.80, -0.67, 7.12, 23.07, -49.78
0.39, -0.77, -0.62, 7.35, 8.62, -39.86
0.53, -0.70, -0.61, 6.09, -3.81, -31.84
0.50, -0.63, -0.60, -0.75, -19.01, -29.26
0.36, -0.59, -0.56, -8.93, -8.45, -12.65
0.32, -0.56, -0.51, -18.56, 8.20, 2.95
0.37, -0.53, -0.47, -27.40, 15.79, 16.44
0.37, -0.56, -0.48, -33.90, 15.87, 25.20
0.32, -0.63, -0.51, -35.51, 17.05, 34.98
0.26, -0.68, -0.54, -36.49, 13.63, 36.68
0.20, -0.71, -0.57, -32.12, 6.53, 37.82
0.11, -0.72, -0.60, -25.56, -11.40, 32.40
-0.04, -0.76, -0.65, -10.75, -39.69, 14.84
-0.18, -0.81, -0.75, 3.27, -50.41, -7.88
-0.37, -0.86, -0.77, 10.03, -34.97, -34.89
-0.40, -0.85, -0.69, 16.18, -4.33, -52.43
-0.24, -0.80, -0.65, 13.31, 15.71, -64.00
-0.02, -0.79, -0.61, 6.46, 19.23, -61.33
0.34, -0.77, -0.55, -2.70, 23.98, -37.53
0.70, -0.68, -0.55, -7.11, 8.49, -16.74
0.79, -0.57, -0.52, -19.48, -3.57, 1.26
0.73, -0.53, -0.47, -30.43, 0.82, 28.05
0.62, -0.55, -0.50, -40.82, 0.57, 36.51
0.40, -0.60, -0.55, -47.08, 9.11, 42.13
0.17, -0.64, -0.57, -51.06, 2.00, 41.42
0.08, -0.68, -0.64, -43.13, 1.75, 43.43
0.02, -0.72, -0.71, -30.68, -37.77, 16.73
-0.20, -0.80, -0.76, -14.88, -46.51, -5.24
-0.37, -0.88, -0.84, 0.91, -30.47, -23.41
-0.40, -0.89, -0.76, 8.06, -3.38, -43.28
-0.27, -0.84, -0.69, 13.94, 13.94, -58.52
-0.08, -0.80, -0.67, 15.67, 13.67, -64.00
0.11, -0.79, -0.62, 11.29, 11.42, -55.81
0.43, -0.74, -0.54, 8.38, 18.16, -33.16
0.65, -0.61, -0.53, 2.86, -3.19, -23.55
0.58, -0.50, -0.48, -10.33, -7.12, -4.14
0.55, -0.47, -0.43, -22.99, 4.23, 27.47
0.55, -0.48, -0.43, -34.44, 0.41, 35.59
0.37, -0.51, -0.46, -40.29, 8.52, 43.38
0.21, -0.56, -0.50, -48.06, 12.20, 51.05
0.16, -0.63, -0.52, -50.43, -3.97, 49.21
0.12, -0.74, -0.59, -42.77, -32.97, 43.36
0.02, -0.83, -0.74, -27.71, -60.26, 23.90
-0.23, -0.88, -0.86, -6.15, -63.23, -6.35
-0.49, -0.90, -0.86, 5.35, -32.50, -34.49
-0.45, -0.90, -0.78, 17.21, 13.25, -44.00
-0.18, -0.85, -0.71, 16.35, 29.93, -58.49
0.00, -0.83, -0.68, 14.86, 25.08, -64.00
0.17, -0.80, -0.61, 5.68, 23.13, -50.56
0.53, -0.73, -0.54, 1.59, 16.89, -24.96
0.78, -0.58, -0.52, -10.10, -4.32, -8.59
0.73, -0.47, -0.46, -26.52, -4.08, 16.34
0.61, -0.45, -0.40, -38.38, -3.62, 30.72
0.42, -0.49, -0.46, -44.81, 1.57, 37.81
0.22, -0.56, -0.52, -51.91, 10.55, 40.67
0.11, -0.62, -0.54, -54.77, 16.73, 44.94
0.15, -0.66, -0.56, -52.34, -3.45, 46.37
0.13, -0.72, -0.63, -38.24, -40.21, 35.52
-0.02, -0.81, -0.78, -16.74, -58.67, 15.97
-0.28, -0.87, -0.84, -2.63, -54.38, -16.92
-0.51, -0.90, -0.78, 8.12, -9.62, -32.31
-0.38, -0.88, -0.66, 13.87, 23.05, -43.90
-0.11, -0.84, -0.65, 12.86, 32.06, -56.25
0.00, -0.82, -0.65, 9.66, 27.91, -62.57
0.14, -0.79, -0.61, 1.75, 31.84, -50.60
0.44, -0.71, -0.54, -2.69, 28.96, -28.24
0.73, -0.57, -0.52, -14.35, 14.84, -8.35
0.77, -0.46, -0.46, -29.25, 7.20, 21.69
0.69, -0.44, -0.45, -36.81, -0.71, 38.21
0.53, -0.49, -0.51, -40.87, -0.68, 47.20
0.29, -0.58, -0.58, -47.07, 8.00, 49.35
0.15, -0.64, -0.58, -50.89, 21.46, 54.31
0.10, -0.69, -0.57, -46.26, -3.20, 46.34
-0.00, -0.78, -0.67, -29.39, -36.89, 30.29
-0.19, -0.88, -0.84, -12.21, -50.73, 4.29
-0.47, -0.91, -0.87, 4.99, -37.94, -29.79
-0.52, -0.89, -0.76, 7.46, 11.67, -39.46
-0.26, -0.83, -0.67, 10.29, 31.14, -51.56
-0.04, -0.76, -0.65, 11.01, 29.71, -60.75
0.08, -0.74, -0.61, 2.55, 20.45, -54.63
0.36, -0.73, -0.53, -5.41, 17.68, -27.21
0.73, -0.63, -0.51, -10.71, 11.27, -2.52
0.88, -0.48, -0.49, -22.18, 2.72, 17.80
0.73, -0.40, -0.44, -33.08, -4.04, 34.26
0.45, -0.45, -0.49, -37.06, 5.24, 46.43
0.24, -0.55, -0.55, -46.92, 14.93, 48.70
0.12, -0.62, -0.55, -53.34, 19.30, 51.41
0.13, -0.65, -0.55, -50.65, -13.73, 46.57
0.11, -0.73, -0.68, -29.54, -40.87, 37.56
-0.03, -0.84, -0.83, -18.00, -55.49, 10.29
-0.38, -0.92, -0.83, -6.25, -50.21, -16.86
-0.50, -0.92, -0.82, 9.47, -5.79, -31.39
-0.29, -0.90, -0.75, 14.86, 19.35, -45.32
-0.10, -0.88, -0.69, 15.88, 25.37, -60.60
-0.01, -0.85, -0.69, 13.73, 15.07, -64.00
0.12, -0.81, -0.62, 6.16, 21.30, -52.80
0.49, -0.72, -0.52, -0.76, 21.88, -28.33
0.77, -0.56, -0.52, -7.12, 9.86, -8.00
0.76, -0.41, -0.46, -24.75, 7.62, 18.61
0.67, -0.38, -0.41, -34.94, 8.08, 41.42
0.49, -0.43, -0.46, -41.03, 8.57, 48.14
0.23, -0.51, -0.53, -49.17, 16.33, 51.70
0.12, -0.57, -0.55, -53.53, 10.24, 56.93
0.12, -0.62, -0.57, -46.85, -37.29, 47.07
0.02, -0.75, -0.71, -22.48, -64.00, 28.48
-0.22, -0.88, -0.86, -5.26, -64.00, -5.51
-0.60, -0.96, -0.84, 4.80, -41.13, -33.35
-0.62, -0.93, -0.73, 9.05, 26.49, -40.09
-0.23, -0.85, -0.65, 10.73, 37.25, -52.99
0.04, -0.79, -0.69, 13.84, 22.66, -60.95
0.20, -0.77, -0.72, 9.87, 25.40, -45.37
0.46, -0.73, -0.59, -1.44, 23.27, -27.40
0.67, -0.63, -0.48, -14.15, 21.37, -5.70
0.81, -0.49, -0.46, -26.47, 18.42, 21.22
0.72, -0.43, -0.45, -37.96, 8.63, 38.95
0.45, -0.48, -0.48, -42.88, 7.04, 45.93
0.21, -0.56, -0.54, -48.64, 13.28, 46.92
0.10, -0.63, -0.58, -49.62, 10.76, 47.63
0.07, -0.68, -0.60, -42.73, -17.62, 35.74
-0.03, -0.78, -0.71, -24.52, -51.97, 17.04
-0.24, -0.88, -0.85, -7.34, -53.51, -10.04
-0.47, -0.91, -0.83, 1.71, -18.14, -28.84
-0.37, -0.87, -0.70, 5.82, 22.57, -37.82
-0.07, -0.80, -0.65, 6.59, 25.32, -44.01
0.12, -0.76, -0.68, 8.31, 17.21, -42.47
0.21, -0.75, -0.68, 6.72, 3.28, -41.41
0.28, -0.72, -0.63, 1.24, 7.07, -31.49
0.43, -0.66, -0.53, -9.18, 8.02, -16.76
0.54, -0.56, -0.47, -21.32, 14.91, 5.20
0.58, -0.48, -0.45, -30.96, 9.82, 21.56
0.49, -0.48, -0.50, -37.16, 3.48, 33.63
0.31, -0.55, -0.56, -39.62, 0.34, 39.48
0.17, -0.60, -0.60, -42.63, -1.72, 40.80
0.16, -0.63, -0.63, -38.67, -4.87, 39.55
0.16, -0.66, -0.71, -26.50, -17.57, 30.44
-0.03, -0.77, -0.73, -22.69, -32.00, 5.92
-0.30, -0.93, -0.75, -16.11, -15.80, -9.39
-0.33, -0.97, -0.78, -8.63, 3.92, -25.40
-0.19, -0.90, -0.71, -8.22, 19.04, -32.36
0.01, -0.82, -0.65, -1.59, 17.39, -31.81
0.17, -0.74, -0.64, 0.74, 10.39, -33.76
0.20, -0.70, -0.63, 0.74, -2.38, -37.88
0.19, -0.68, -0.59, -5.82, 5.30, -30.10
0.28, -0.64, -0.52, -13.98, 12.37, -19.82
0.37, -0.57, -0.48, -23.68, 15.10, -6.68
0.45, -0.51, -0.49, -30.14, 11.49, 11.48
0.50, -0.52, -0.53, -35.00, 2.28, 24.89
0.45, -0.55, -0.59, -33.20, -3.53, 34.76
0.30, -0.57, -0.61, -36.61, -1.58, 36.37
0.22, -0.60, -0.62, -38.00, 4.79, 38.90
0.21, -0.66, -0.65, -35.21, -1.62, 33.87
0.11, -0.81, -0.72, -29.83, -16.97, 16.69
-0.11, -0.92, -0.76, -27.90, -20.00, -1.30
-0.26, -0.97, -0.79, -17.14, -9.75, -19.58
-0.23, -0.90, -0.79, -10.49, 10.16, -28.25
-0.08, -0.81, -0.73, -5.62, 8.57, -33.71
0.08, -0.75, -0.70, 0.47, 5.76, -32.26
0.16, -0.69, -0.66, 2.31, 3.35, -33.22
0.15, -0.62, -0.63, 3.04, -0.82, -37.67
0.10, -0.55, -0.58, -10.39, 10.49, -32.26
0.19, -0.52, -0.45, -22.74, 15.04, -20.63
0.36, -0.49, -0.42, -30.06, 14.51, -7.84
0.47, -0.47, -0.45, -40.49, 6.83, 12.55
0.51, -0.49, -0.50, -39.56, -1.92, 28.30
0.49, -0.53, -0.59, -40.13, -5.69, 38.22
0.39, -0.60, -0.64, -39.43, -4.46, 42.42
0.26, -0.68, -0.64, -39.41, -5.58, 45.00
0.18, -0.77, -0.66, -35.28, -20.12, 39.54
0.12, -0.86, -0.79, -18.22, -29.80, 26.69
-0.03, -0.92, -0.90, -1.08, -32.67, 1.62
-0.37, -0.94, -0.82, -2.14, -12.15, -24.42
-0.39, -0.87, -0.74, 2.04, 22.33, -29.05
-0.10, -0.75, -0.69, 8.72, 4.71, -44.48
0.07, -0.69, -0.73, 13.89, -9.98, -43.02
0.17, -0.67, -0.72, 16.54, -2.60, -36.12
0.23, -0.63, -0.60, 6.72, 8.30, -37.12
0.20, -0.56, -0.50, -8.05, 22.62, -28.29
0.28, -0.47, -0.47, -20.82, 29.01, -11.29
0.45, -0.42, -0.46, -35.06, 20.19, 10.42
0.58, -0.43, -0.48, -39.81, 5.62, 29.79
0.58, -0.46, -0.57, -35.97, -7.22, 42.02
0.43, -0.51, -0.65, -37.20, -7.70, 48.03
0.26, -0.61, -0.68, -36.93, -3.94, 50.80
0.17, -0.72, -0.71, -28.15, -4.47, 48.03
0.08, -0.85, -0.78, -15.10, -20.89, 26.16
-0.20, -0.98, -0.84, -6.40, -30.13, -3.10
-0.47, -1.02, -0.83, -0.44, -15.67, -29.80
-0.42, -0.94, -0.77, 8.07, 3.66, -46.49
-0.14, -0.84, -0.73, 15.80, 6.83, -56.23
0.10, -0.78, -0.73, 18.71, 21.14, -52.43
0.25, -0.72, -0.64, 8.94, 26.05, -50.93
0.30, -0.64, -0.53, -4.46, 33.33, -40.51
0.40, -0.54, -0.47, -17.55, 28.73, -23.42
0.56, -0.45, -0.46, -29.03, 20.45, 2.44
0.70, -0.38, -0.46, -39.36, 1.91, 23.13
0.68, -0.36, -0.52, -41.83, -12.56, 42.51
0.48, -0.40, -0.59, -41.27, -13.02, 52.09
0.26, -0.49, -0.64, -40.30, -0.71, 57.23
0.14, -0.56, -0.65, -35.14, -3.94, 54.24
0.06, -0.70, -0.70, -24.63, -15.06, 40.98
-0.12, -0.88, -0.74, -22.48, -32.41, 19.84
-0.33, -0.98, -0.83, -4.95, -17.72, -1.12
-0.39, -0.93, -0.83, 0.68, -7.49, -25.60
-0.29, -0.87, -0.73, 5.88, 10.67, -36.53
-0.05, -0.82, -0.72, 9.10, 5.90, -43.48
0.14, -0.76, -0.72, 12.56, 6.10, -42.82
0.21, -0.72, -0.68, 9.99, 2.79, -46.01
0.22, -0.66, -0.62, -1.57, 22.79, -39.38
0.29, -0.59, -0.50, -17.15, 21.74, -29.36
0.39, -0.50, -0.47, -26.32, 24.17, -12.72
0.50, -0.43, -0.49, -34.26, 19.23, 9.41
0.59, -0.42, -0.50, -40.70, 10.41, 27.28
0.60, -0.47, -0.56, -36.75, 4.71, 43.88
0.50, -0.52, -0.63, -37.08, 5.96, 52.07
0.34, -0.60, -0.65, -38.49, 9.22, 53.03
0.18, -0.71, -0.64, -36.58, -9.52, 47.57
0.09, -0.86, -0.74, -18.56, -21.95, 36.68
-0.02, -0.96, -0.85, -8.74, -42.81, 11.76
-0.35, -0.95, -0.88, 5.45, -27.92, -19.68
-0.47, -0.87, -0.79, 7.75, 6.45, -36.05
-0.24, -0.80, -0.68, 12.75, 17.56, -49.46
-0.00, -0.77, -0.69, 16.77, 1.76, -54.42
0.14, -0.73, -0.70, 14.10, 4.30, -48.02
0.24, -0.67, -0.59, 3.34, 12.49, -46.37
0.29, -0.57, -0.46, -14.18, 16.20, -39.29
0.35, -0.48, -0.42, -27.61, 16.05, -20.30
0.49, -0.41, -0.46, -35.46, 14.95, -1.34
0.58, -0.39, -0.48, -44.78, 5.62, 21.17
0.58, -0.44, -0.55, -39.48, 0.04, 37.42
0.53, -0.48, -0.63, -36.66, -2.96, 50.59
0.41, -0.57, -0.68, -34.18, -4.05, 56.48
0.29, -0.66, -0.70, -28.75, -11.53, 54.57
0.18, -0.78, -0.74, -17.00, -17.01, 45.00
-0.01, -0.89, -0.80, -10.55, -26.49, 20.84
-0.27, -0.94, -0.80, -3.10, -18.53, -3.18
-0.36, -0.95, -0.77, 3.50, 2.80, -24.29
-0.24, -0.90, -0.69, 1.08, 11.43, -36.40
-0.03, -0.84, -0.65, 4.78, 3.48, -45.87
0.10, -0.76, -0.68, 7.08, -3.38, -48.67
0.16, -0.70, -0.65, 3.08, 3.85, -45.34
0.22, -0.63, -0.55, -9.04, 9.69, -41.04
0.29, -0.54, -0.48, -22.84, 13.83, -28.40
0.41, -0.45, -0.49, -28.03, 17.71, -11.39
0.51, -0.39, -0.51, -37.11, 11.20, 7.23
0.54, -0.40, -0.53, -40.35, 8.94, 28.19
0.54, -0.46, -0.61, -33.24, 1.62, 43.98
0.46, -0.51, -0.68, -30.04, -3.33, 52.62
0.33, -0.60, -0.70, -26.84, -12.02, 53.45
0.20, -0.73, -0.72, -18.27, -21.49, 47.44
0.08, -0.88, -0.80, -2.71, -20.96, 29.22
-0.16, -0.97, -0.83, -0.07, -17.71, -0.91
-0.45, -0.96, -0.79, 2.59, 8.20, -21.08
-0.38, -0.89, -0.69, 1.80, 21.98, -36.75
-0.06, -0.82, -0.63, 5.69, 14.83, -45.54
0.13, -0.76, -0.63, 2.01, 1.48, -46.63
0.21, -0.69, -0.60, -3.32, -1.73, -41.21
0.27, -0.60, -0.54, -12.36, -2.14, -34.40
0.36, -0.51, -0.50, -21.13, 9.86, -20.52
0.45, -0.43, -0.48, -31.92, 8.35, -6.20
0.51, -0.39, -0.52, -37.18, 9.86, 14.54
0.55, -0.41, -0.58, -33.95, 8.38, 32.70
0.52, -0.46, -0.65, -28.52, 7.48, 44.59
0.40, -0.53, -0.67, -26.90, 7.78, 53.54
0.29, -0.63, -0.66, -24.71, -10.36, 53.25
0.20, -0.76, -0.68, -16.07, -27.25, 44.25
0.09, -0.90, -0.76, -6.38, -29.07, 25.54
-0.19, -0.98, -0.77, -8.01, -19.40, -4.85
-0.46, -0.96, -0.74, -4.35, 8.54, -25.00
-0.33, -0.88, -0.70, 0.04, 21.40, -39.19
-0.05, -0.82, -0.67, 4.31, 10.13, -47.34
0.13, -0.78, -0.69, 7.13, -2.49, -48.21
0.20, -0.71, -0.67, 5.02, -1.17, -44.90
0.28, -0.62, -0.57, -3.48, 4.07, -39.12
0.32, -0.53, -0.52, -12.56, 13.26, -25.09
0.46, -0.45, -0.49, -23.71, 10.36, -9.99
0.54, -0.40, -0.51, -30.95, 4.04, 13.26
0.58, -0.42, -0.54, -32.20, 0.09, 33.23
0.53, -0.45, -0.60, -26.54, -1.45, 45.43
0.39, -0.51, -0.64, -26.16, 1.10, 51.54
0.24, -0.60, -0.64, -25.32, -3.76, 52.03
0.13, -0.73, -0.67, -18.67, -18.51, 42.66
0.03, -0.87, -0.73, -10.83, -24.85, 22.56
-0.16, -0.97, -0.78, -7.46, -23.47, -3.04
-0.38, -0.98, -0.76, -6.09, 1.32, -26.17
-0.31, -0.90, -0.69, -0.83, 18.66, -37.35
-0.03, -0.83, -0.68, 5.23, 14.63, -44.03
0.17, -0.79, -0.69, 8.54, 3.06, -45.86
0.21, -0.74, -0.64, 3.46, 5.46, -42.36
0.25, -0.65, -0.54, -6.04, 14.02, -33.72
0.34, -0.55, -0.43, -20.02, 14.58, -17.38
0.45, -0.45, -0.43, -27.78, 6.53, -3.28
0.55, -0.37, -0.49, -34.63, 1.30, 21.80
0.59, -0.37, -0.51, -32.68, -7.19, 33.19
0.48, -0.41, -0.58, -29.15, -5.80, 41.42
0.34, -0.48, -0.64, -30.44, -0.97, 48.26
0.26, -0.61, -0.67, -27.29, -0.68, 51.49
0.19, -0.76, -0.70, -18.67, -15.11, 43.57
0.06, -0.89, -0.74, -10.94, -28.29, 24.52
-0.15, -1.01, -0.82, 0.03, -28.00, 0.30
-0.37, -1.03, -0.80, 2.29, -14.83, -28.50
-0.34, -0.95, -0.73, 7.27, 6.48, -41.98
-0.10, -0.85, -0.71, 11.05, 5.77, -54.38
0.10, -0.79, -0.74, 13.57, 10.29, -55.74
0.20, -0.75, -0.69, 6.11, 19.82, -53.05
0.30, -0.68, -0.54, -10.40, 30.68, -42.51
0.42, -0.59, -0.44, -25.69, 26.35, -29.71
0.54, -0.49, -0.47, -33.50, 18.72, -9.54
0.63, -0.38, -0.48, -39.36, 6.71, 16.55
0.66, -0.38, -0.49, -42.62, -0.64, 34.07
0.54, -0.43, -0.56, -38.69, -1.36, 46.93
0.36, -0.48, -0.61, -40.67, 8.59, 55.56
0.22, -0.54, -0.60, -43.22, 16.74, 59.79
0.15, -0.63, -0.58, -41.57, -2.78, 55.33
0.12, -0.79, -0.62, -34.43, -14.99, 45.92
-0.03, -0.90, -0.69, -30.26, -37.98, 17.03
-0.31, -0.92, -0.77, -17.17, -23.61, -4.09
-0.39, -0.87, -0.80, -6.95, -13.06, -24.57
-0.22, -0.81, -0.80, 7.77, -2.32, -33.52
0.02, -0.78, -0.75, 10.29, -0.86, -39.97
0.13, -0.79, -0.69, 5.43, -11.71, -44.88
0.17, -0.76, -0.69, 6.38, -2.58, -38.34
0.27, -0.66, -0.65, -1.87, 0.21, -33.39
0.36, -0.58, -0.55, -11.76, -6.96, -26.05
0.45, -0.54, -0.56, -14.05, 1.61, -5.61
0.55, -0.50, -0.55, -25.84, -3.70, 11.68
0.52, -0.51, -0.52, -31.59, -2.83, 25.85
0.42, -0.55, -0.56, -35.87, -4.82, 37.40
0.35, -0.59, -0.62, -36.69, -1.96, 43.92
0.24, -0.62, -0.65, -34.12, -2.24, 40.18
0.10, -0.66, -0.67, -30.15, -6.88, 33.16
-0.03, -0.73, -0.71, -21.57, -10.01, 22.29
-0.08, -0.81, -0.76, -10.02, -19.79, 3.23
-0.21, -0.86, -0.80, -1.76, -21.47, -17.84
-0.25, -0.85, -0.75, 2.25, -7.44, -27.76
-0.09, -0.80, -0.70, 7.12, -0.05, -36.96
0.05, -0.77, -0.66, 5.02, 6.17, -40.33
0.13, -0.73, -0.61, -0.15, 11.96, -35.62
0.25, -0.66, -0.56, -9.18, 17.55, -24.89
0.39, -0.57, -0.53, -15.08, 15.93, -11.26
0.51, -0.49, -0.52, -23.40, 15.77, 6.72
0.56, -0.46, -0.52, -32.06, 13.87, 27.21
0.53, -0.48, -0.56, -32.49, 11.02, 40.93
0.43, -0.50, -0.61, -34.88, 14.37, 52.65
0.33, -0.54, -0.64, -38.10, 10.27, 53.76
0.23, -0.60, -0.66, -36.06, -3.56, 53.43
0.12, -0.67, -0.70, -26.12, -19.73, 46.20
-0.03, -0.81, -0.75, -17.08, -39.61, 23.84
-0.26, -0.90, -0.84, -5.46, -31.89, -0.45
-0.45, -0.90, -0.85, 4.28, -9.75, -24.44
-0.42, -0.87, -0.73, 7.00, 12.48, -38.03
-0.14, -0.82, -0.70, 11.32, 16.96, -42.04
0.10, -0.77, -0.70, 9.23, 19.38, -39.78
0.27, -0.71, -0.62, -0.08, 20.34, -32.79
0.41, -0.64, -0.51, -11.62, 24.92, -13.68
0.57, -0.56, -0.45, -25.78, 21.59, 5.78
0.68, -0.51, -0.45, -36.33, 15.50, 29.78
0.67, -0.49, -0.50, -43.87, -1.72, 45.68
0.48, -0.51, -0.58, -41.46, -8.93, 56.71
0.28, -0.51, -0.66, -35.07, -0.15, 56.12
0.06, -0.58, -0.66, -31.24, -7.83, 38.84
-0.23, -0.72, -0.67, -29.17, -28.92, 18.47
-0.39, -0.82, -0.84, -3.58, -20.15, 4.19
-0.42, -0.84, -0.81, 7.00, -21.74, -26.63
-0.38, -0.86, -0.72, 10.81, -0.26, -37.33
-0.14, -0.83, -0.67, 14.29, 11.52, -41.49
0.14, -0.77, -0.65, 8.23, 15.14, -41.54
0.27, -0.73, -0.63, 1.77, 18.78, -33.04
0.37, -0.67, -0.57, -12.80, 24.66, -19.47
0.49, -0.62, -0.50, -24.05, 24.61, 0.09
0.61, -0.55, -0.51, -32.52, 19.67, 20.78
0.66, -0.53, -0.54, -38.10, 5.91, 40.50
0.54, -0.55, -0.58, -38.66, -5.24, 51.24
0.34, -0.55, -0.64, -38.63, 1.34, 55.42
0.17, -0.57, -0.67, -32.12, 5.12, 45.76
-0.07, -0.72, -0.67, -33.29, -17.45, 22.53
-0.35, -0.83, -0.75, -22.98, -12.94, 9.21
-0.34, -0.82, -0.87, -2.30, -18.57, -15.46
-0.34, -0.79, -0.80, 6.30, -7.16, -34.35
-0.24, -0.78, -0.72, 11.38, 5.49, -39.89
-0.01, -0.76, -0.70, 12.54, 11.80, -43.85
0.14, -0.71, -0.68, 10.80, 19.00, -40.14
0.28, -0.67, -0.62, -0.04, 25.58, -29.32
0.43, -0.64, -0.53, -14.03, 30.32, -14.37
0.55, -0.61, -0.45, -28.33, 25.77, 2.50
0.68, -0.57, -0.48, -37.52, 19.51, 25.10
0.70, -0.56, -0.56, -43.49, 6.36, 40.14
0.53, -0.59, -0.61, -49.18, -0.50, 46.82
0.31, -0.59, -0.69, -49.79, 9.47, 50.38
0.21, -0.59, -0.74, -42.45, 12.89, 41.28
-0.02, -0.67, -0.73, -44.02, -9.22, 17.80
-0.30, -0.80, -0.79, -31.56, 1.22, 4.33
-0.37, -0.81, -0.87, -12.78, -11.38, -22.70
-0.39, -0.81, -0.80, -8.66, -0.87, -40.16
-0.23, -0.82, -0.72, -3.23, 3.17, -45.41
-0.00, -0.74, -0.70, 3.32, 14.14, -46.49
0.16, -0.65, -0.67, 2.19, 25.53, -44.66
0.28, -0.63, -0.59, -4.21, 42.29, -32.47
0.44, -0.63, -0.45, -23.59, 35.55, -18.09
0.58, -0.62, -0.41, -33.78, 27.31, 3.71
0.72, -0.58, -0.46, -39.27, 8.43, 23.76
0.68, -0.56, -0.51, -44.49, -8.85, 34.24
0.45, -0.56, -0.56, -49.62, -8.28, 40.01
0.24, -0.55, -0.64, -48.56, 2.20, 43.65
0.13, -0.56, -0.66, -42.01, 9.05, 42.86
0.06, -0.66, -0.73, -25.28, -2.07, 23.66
-0.22, -0.74, -0.74, -25.46, -30.05, -2.30
-0.44, -0.82, -0.79, -6.62, -23.62, -21.63
-0.37, -0.80, -0.79, -1.14, -12.03, -36.14
-0.12, -0.75, -0.72, 8.46, -4.73, -45.74
0.05, -0.69, -0.73, 12.32, -2.69, -47.62
0.17, -0.65, -0.73, 11.22, 12.67, -44.47
0.27, -0.64, -0.65, 1.74, 28.13, -36.52
0.40, -0.64, -0.52, -16.19, 32.85, -23.50
0.56, -0.62, -0.48, -29.22, 23.05, -1.27
0.72, -0.58, -0.52, -36.61, 8.37, 20.60
0.75, -0.56, -0.59, -41.13, -4.74, 38.38
0.57, -0.56, -0.61, -44.40, -4.05, 45.71
0.33, -0.56, -0.65, -43.29, 9.70, 48.42
0.13, -0.56, -0.65, -43.35, 3.07, 41.98
-0.01, -0.63, -0.69, -29.71, -22.45, 26.04
-0.12, -0.73, -0.83, -6.79, -37.97, 3.80
-0.32, -0.80, -0.89, 4.56, -41.03, -29.22
-0.46, -0.80, -0.79, 5.75, -8.58, -42.53
-0.24, -0.75, -0.71, 13.60, 10.56, -52.88
0.04, -0.70, -0.71, 15.61, 17.96, -55.14
0.19, -0.68, -0.71, 10.91, 15.49, -54.40
0.27, -0.66, -0.65, -0.10, 19.44, -43.13
0.43, -0.64, -0.54, -11.91, 25.66, -28.40
0.59, -0.60, -0.51, -21.81, 13.21, -15.75
0.67, -0.55, -0.54, -32.90, 8.02, 5.32
0.71, -0.52, -0.54, -41.69, -0.04, 28.88
0.67, -0.53, -0.59, -46.98, -3.63, 43.74
0.48, -0.53, -0.64, -50.12, -2.15, 52.32
0.31, -0.51, -0.67, -47.01, 3.54, 55.69
0.17, -0.53, -0.72, -35.72, -10.71, 43.01
-0.06, -0.64, -0.75, -32.70, -42.55, 17.41
-0.27, -0.71, -0.89, -11.76, -35.25, 2.90
-0.33, -0.69, -0.90, 2.63, -32.19, -27.77
-0.38, -0.72, -0.79, 4.64, -5.95, -44.63
-0.25, -0.75, -0.73, 7.66, 15.90, -51.87
0.02, -0.73, -0.74, 10.24, 25.23, -55.58
0.18, -0.70, -0.70, 6.80, 26.79, -56.28
0.29, -0.70, -0.63, -5.02, 27.24, -47.65
0.46, -0.66, -0.54, -16.37, 25.34, -28.71
0.67, -0.64, -0.51, -25.98, 18.16, -9.01
0.77, -0.60, -0.51, -37.37, 8.75, 13.43
0.78, -0.57, -0.52, -46.37, -0.06, 33.38
0.66, -0.56, -0.58, -50.80, -12.03, 45.05
0.44, -0.53, -0.66, -49.99, -14.70, 48.33
0.25, -0.48, -0.76, -40.20, -11.90, 41.35
0.02, -0.48, -0.79, -33.74, -26.00, 16.86
-0.30, -0.58, -0.79, -28.88, -36.87, -8.47
-0.37, -0.62, -0.87, -16.05, -12.98, -21.08
-0.22, -0.64, -0.80, -18.31, 1.65, -34.04
-0.08, -0.67, -0.68, -19.29, 12.74, -38.67
0.14, -0.65, -0.69, -18.15, 9.57, -38.05
0.27, -0.62, -0.72, -19.31, 2.95, -34.40
0.33, -0.62, -0.71, -22.81, 3.17, -30.85
0.33, -0.63, -0.71, -26.12, 5.68, -26.51
0.34, -0.60, -0.69, -33.62, 12.56, -20.22
0.38, -0.53, -0.67, -39.43, 21.24, -11.06
0.46, -0.54, -0.65, -47.20, 24.68, 3.06
0.53, -0.54, -0.66, -51.51, 25.38, 19.29
0.55, -0.53, -0.69, -53.85, 22.18, 32.90
0.51, -0.55, -0.68, -54.21, 15.83, 43.40
0.41, -0.59, -0.68, -52.17, -2.74, 46.46
0.29, -0.61, -0.74, -41.11, -26.53, 38.07
0.12, -0.63, -0.78, -25.59, -43.83, 9.68
-0.17, -0.64, -0.83, -12.09, -54.19, -20.91
-0.41, -0.63, -0.86, -5.35, -30.99, -32.75
-0.35, -0.65, -0.72, -5.77, -8.98, -42.74
-0.12, -0.66, -0.69, 2.74, 2.77, -49.61
0.11, -0.63, -0.71, 9.24, 3.60, -50.57
0.28, -0.58, -0.70, 10.07, 2.87, -41.45
0.44, -0.55, -0.65, 8.19, 21.02, -23.16
0.56, -0.55, -0.50, -3.32, 20.34, -8.40
0.65, -0.55, -0.52, -13.68, 29.07, 15.64
0.74, -0.54, -0.54, -21.99, 27.25, 38.34
0.70, -0.53, -0.58, -28.79, 13.45, 49.71
0.51, -0.51, -0.64, -31.01, 10.52, 55.22
0.30, -0.51, -0.70, -28.21, 14.63, 52.26
0.11, -0.53, -0.75, -22.90, -14.56, 31.85
-0.17, -0.56, -0.83, -8.75, -42.48, 7.63
-0.36, -0.60, -0.90, 7.47, -54.85, -23.51
-0.40, -0.65, -0.86, 13.44, -35.06, -39.51
-0.21, -0.69, -0.74, 13.11, -5.44, -48.79
0.06, -0.66, -0.73, 15.50, 19.04, -47.70
0.25, -0.60, -0.74, 16.63, 36.00, -40.08
0.39, -0.58, -0.73, 10.07, 38.17, -29.93
0.49, -0.59, -0.66, -2.77, 29.98, -14.11
0.64, -0.60, -0.61, -12.29, 19.26, 6.32
0.78, -0.57, -0.61, -24.83, 4.68, 24.70
0.77, -0.54, -0.64, -30.49, -5.50, 35.43
0.58, -0.52, -0.68, -37.29, -4.92, 44.23
0.37, -0.51, -0.71, -41.80, 9.37, 48.29
0.22, -0.51, -0.74, -41.40, 10.30, 47.44
0.09, -0.53, -0.77, -30.68, -7.53, 33.23
-0.09, -0.59, -0.80, -19.96, -35.32, 7.11
-0.32, -0.70, -0.88, -7.13, -50.18, -23.92
-0.41, -0.71, -0.88, -2.60, -19.12, -34.31
-0.26, -0.67, -0.73, 2.68, -2.72, -53.72
-0.04, -0.64, -0.72, 11.25, 16.85, -55.42
0.21, -0.63, -0.76, 13.52, 33.71, -48.59
0.37, -0.64, -0.70, 3.89, 43.09, -34.29
0.53, -0.64, -0.58, -8.16, 43.78, -19.71
0.68, -0.62, -0.55, -17.44, 31.80, -2.51
0.79, -0.58, -0.58, -23.94, 21.47, 17.43
0.82, -0.54, -0.59, -31.77, 7.62, 34.57
0.72, -0.52, -0.66, -36.88, -0.54, 48.92
0.51, -0.50, -0.67, -41.63, 2.47, 55.60
0.35, -0.49, -0.70, -39.98, 3.11, 56.30
0.18, -0.50, -0.76, -26.50, -4.48, 45.09
-0.05, -0.57, -0.75, -22.49, -33.08, 11.89
-0.33, -0.68, -0.80, -14.82, -43.61, -15.73
-0.41, -0.69, -0.90, -0.43, -23.70, -29.74
-0.27, -0.66, -0.76, -0.35, -13.38, -45.68
-0.04, -0.67, -0.72, 8.55, 3.97, -49.96
0.22, -0.66, -0.76, 14.34, 13.96, -46.94
0.33, -0.64, -0.69, 5.46, 16.51, -43.21
0.39, -0.63, -0.60, -4.02, 21.00, -30.98
0.49, -0.60, -0.58, -12.47, 16.87, -14.77
0.61, -0.55, -0.59, -19.35, 14.75, 1.56
0.66, -0.50, -0.55, -30.25, 8.40, 17.58
0.64, -0.50, -0.55, -41.17, 0.89, 30.93
0.51, -0.53, -0.61, -46.64, -3.04, 41.10
0.41, -0.51, -0.68, -46.21, -2.24, 46.34
0.33, -0.49, -0.74, -39.39, 2.39, 47.64
0.23, -0.53, -0.75, -30.41, -2.83, 36.93
-0.02, -0.66, -0.71, -31.61, -29.95, 6.31
-0.23, -0.77, -0.78, -29.14, -37.03, -16.63
-0.26, -0.78, -0.86, -20.69, -34.81, -35.28
-0.17, -0.73, -0.81, -16.36, -22.83, -49.33
-0.01, -0.66, -0.80, -3.34, -6.05, -56.88
0.15, -0.62, -0.85, 5.15, 12.24, -56.40
0.27, -0.59, -0.81, 7.03, 27.96, -48.85
0.37, -0.56, -0.73, 2.95, 44.24, -32.76
0.52, -0.53, -0.63, -9.01, 49.22, -15.93
0.64, -0.48, -0.55, -21.17, 34.65, 4.05
0.76, -0.45, -0.55, -29.87, 16.82, 27.79
0.77, -0.43, -0.60, -34.51, -3.53, 44.75
0.57, -0.43, -0.65, -39.77, -8.40, 51.49
0.34, -0.42, -0.69, -40.18, 3.21, 55.66
0.22, -0.45, -0.70, -38.46, 7.41, 55.15
0.15, -0.51, -0.72, -29.50, -9.10, 41.99
-0.03, -0.64, -0.75, -22.46, -34.56, 15.18
-0.28, -0.74, -0.84, -12.03, -45.52, -14.42
-0.39, -0.75, -0.90, -0.89, -26.50, -30.36
-0.25, -0.73, -0.81, 6.29, -8.73, -49.96
-0.01, -0.69, -0.80, 18.02, 7.80, -57.11
0.16, -0.65, -0.84, 22.04, 17.24, -57.69
0.32, -0.63, -0.76, 16.88, 38.07, -42.83
0.51, -0.61, -0.59, 3.01, 48.39, -25.99
0.65, -0.57, -0.51, -12.54, 40.01, -12.15
0.78, -0.51, -0.50, -25.55, 30.64, 12.12
0.91, -0.44, -0.52, -36.96, 13.54, 36.19
0.91, -0.46, -0.56, -47.62, -5.31, 55.45
0.71, -0.45, -0.61, -53.23, -7.88, 63.80
0.43, -0.43, -0.67, -54.46, -0.62, 64.00
0.23, -0.43, -0.73, -48.27, -19.53, 58.14
0.05, -0.55, -0.74, -40.66, -46.75, 40.21
-0.16, -0.67, -0.90, -13.48, -61.75, 8.22
-0.42, -0.65, -1.06, 6.69, -60.93, -21.86
-0.56, -0.64, -0.94, 7.20, -15.39, -39.77
-0.30, -0.69, -0.73, 9.21, 19.44, -49.09
0.07, -0.70, -0.73, 16.39, 14.61, -59.48
0.21, -0.65, -0.80, 15.50, 8.23, -56.63
0.33, -0.63, -0.76, 8.88, 18.98, -42.61
0.47, -0.63, -0.60, -5.28, 10.47, -36.65
0.54, -0.61, -0.59, -13.09, 12.18, -23.43
0.62, -0.56, -0.58, -24.21, 15.17, -2.02
0.74, -0.53, -0.55, -37.62, 15.83, 20.46
0.78, -0.52, -0.56, -45.89, 11.20, 39.24
0.65, -0.51, -0.64, -47.31, 5.96, 49.34
0.44, -0.48, -0.70, -48.21, 13.32, 55.18
0.26, -0.48, -0.75, -41.91, 11.24, 54.68
0.13, -0.50, -0.82, -27.68, -7.16, 35.72
-0.10, -0.56, -0.84, -16.24, -37.79, 2.60
-0.45, -0.67, -0.90, 1.37, -57.90, -37.82
-0.57, -0.71, -0.90, 5.81, -24.60, -53.66
-0.27, -0.72, -0.76, 10.39, 7.06, -64.00
0.08, -0.69, -0.76, 19.08, 25.45, -64.00
0.32, -0.64, -0.76, 17.91, 44.77, -59.71
0.46, -0.61, -0.66, 5.99, 56.14, -44.91
0.58, -0.59, -0.53, -11.10, 51.69, -26.92
0.71, -0.57, -0.48, -27.72, 33.25, 0.80
0.90, -0.53, -0.51, -35.67, 18.58, 25.39
0.97, -0.46, -0.56, -38.81, -10.81, 40.08
0.72, -0.42, -0.61, -45.61, -20.01, 49.92
0.45, -0.43, -0.67, -49.07, -5.98, 60.25
0.30, -0.44, -0.68, -50.18, 2.94, 61.44
0.13, -0.46, -0.70, -40.42, -11.08, 45.94
-0.00, -0.53, -0.77, -29.57, -37.26, 20.86
-0.23, -0.62, -0.90, -13.47, -52.72, -9.37
-0.35, -0.66, -0.95, 2.07, -48.24, -30.56
-0.28, -0.71, -0.81, 2.12, -17.25, -40.53
-0.06, -0.74, -0.72, 7.57, -0.91, -50.86
0.15, -0.70, -0.77, 12.94, 4.65, -52.89
0.26, -0.65, -0.80, 15.87, 6.65, -51.55
0.33, -0.63, -0.75, 10.72, 9.70, -46.46
0.42, -0.63, -0.67, 3.93, 15.92, -31.18
0.56, -0.58, -0.58, -6.82, 16.40, -15.22
0.66, -0.52, -0.56, -17.69, 13.48, 3.33
0.70, -0.47, -0.57, -28.26, 9.41, 20.21
0.67, -0.44, -0.58, -38.73, 1.32, 33.87
0.54, -0.45, -0.65, -45.19, -3.52, 40.21
0.36, -0.45, -0.70, -42.98, 2.12, 44.11
0.29, -0.43, -0.76, -37.18, 4.62, 44.28
0.21, -0.46, -0.78, -25.92, -3.06, 35.35
0.05, -0.56, -0.78, -18.93, -32.63, 6.92
-0.19, -0.71, -0.87, -6.31, -41.63, -17.13
-0.29, -0.76, -0.92, -0.41, -24.33, -32.26
-0.19, -0.73, -0.82, 5.18, -7.71, -46.80
-0.00, -0.65, -0.78, 15.50, 10.86, -53.95
0.18, -0.60, -0.79, 19.67, 24.88, -54.90
0.30, -0.60, -0.76, 15.49, 37.47, -48.57
0.39, -0.59, -0.64, 3.85, 49.39, -31.53
0.55, -0.56, -0.49, -14.29, 44.17, -9.96
0.72, -0.51, -0.46, -27.28, 31.43, 8.24
0.85, -0.45, -0.48, -36.78, 16.82, 30.68
0.87, -0.43, -0.55, -45.67, -2.36, 48.31
0.67, -0.44, -0.62, -51.05, -7.72, 57.86
0.43, -0.43, -0.70, -52.19, -0.68, 61.05
0.26, -0.43, -0.74, -50.21, -1.68, 59.51
0.21, -0.58, -0.62, -46.93, -9.53, 40.82
-0.02, -0.70, -0.78, -40.05, -62.37, 4.48
-0.24, -0.66, -0.99, -23.31, -31.83, 6.62
-0.16, -0.66, -0.87, -3.46, -53.64, -25.78
-0.16, -0.69, -0.96, 14.53, -19.64, -41.96
-0.11, -0.68, -0.94, 23.13, 3.46, -48.58
0.12, -0.67, -0.80, 20.30, 32.94, -45.79
0.31, -0.66, -0.69, 15.26, 30.10, -38.22
0.54, -0.61, -0.70, 13.02, 36.75, -19.95
0.67, -0.54, -0.67, 4.74, 15.92, -4.65
0.68, -0.49, -0.62, -6.03, 6.61, 9.63
0.67, -0.48, -0.60, -16.26, 3.40, 27.68
0.64, -0.48, -0.57, -27.57, 7.86, 43.84
0.55, -0.49, -0.50, -42.82, 1.70, 49.01
0.39, -0.49, -0.54, -47.38, -5.67, 46.39
0.21, -0.48, -0.63, -45.57, -15.25, 37.80
0.05, -0.51, -0.68, -42.69, -23.86, 27.61
-0.00, -0.53, -0.81, -22.18, -14.89, 19.89
-0.03, -0.59, -0.84, -12.78, -15.00, 1.93
-0.06, -0.65, -0.82, -2.70, 1.07, -6.69
0.02, -0.71, -0.80, 0.15, 14.12, -10.08
0.17, -0.71, -0.76, -0.60, 24.34, -8.09
0.32, -0.64, -0.72, 0.61, 25.18, -2.03
0.42, -0.58, -0.69, -4.83, 18.40, 1.71
0.46, -0.59, -0.65, -12.29, 11.55, 7.50
0.45, -0.62, -0.64, -19.23, 2.84, 12.54
0.40, -0.63, -0.66, -25.24, 1.78, 14.53
0.34, -0.61, -0.69, -28.30, 7.19, 16.16
0.27, -0.61, -0.71, -28.07, 11.81, 16.06
0.19, -0.60, -0.75, -22.72, 0.80, 7.44
0.07, -0.60, -0.81, -15.00, -14.43, -4.81
0.01, -0.65, -0.86, -5.01, -23.53, -20.66
-0.04, -0.66, -0.86, 1.39, -25.89, -32.50
-0.03, -0.61, -0.83, 11.12, -10.38, -40.07
0.06, -0.55, -0.79, 14.80, 11.29, -43.65
0.15, -0.55, -0.72, 14.38, 30.97, -40.73
0.29, -0.56, -0.68, 7.34, 49.32, -28.77
0.48, -0.55, -0.54, -5.94, 50.58, -10.45
0.66, -0.52, -0.48, -20.33, 35.04, 10.39
0.80, -0.49, -0.49, -30.03, 18.45, 33.67
0.79, -0.49, -0.53, -36.71, -9.07, 45.79
0.62, -0.50, -0.59, -38.53, -23.47, 52.88
0.40, -0.50, -0.68, -38.71, -27.77, 53.88
0.28, -0.53, -0.71, -28.54, -13.08, 49.13
0.11, -0.64, -0.70, -24.97, -28.27, 15.28
-0.30, -0.78, -0.77, -20.78, -39.20, -10.59
-0.45, -0.80, -0.89, -7.94, -19.75, -28.09
-0.27, -0.73, -0.85, 2.25, -6.72, -49.08
-0.04, -0.68, -0.80, 14.47, 4.34, -56.12
0.23, -0.64, -0.82, 21.43, 13.43, -51.36
0.41, -0.64, -0.76, 16.74, 26.08, -37.63
0.54, -0.62, -0.62, 4.26, 36.21, -22.17
0.66, -0.57, -0.53, -11.30, 39.74, 1.29
0.79, -0.50, -0.48, -27.16, 31.03, 25.10
0.85, -0.45, -0.47, -38.62, 13.01, 46.46
0.77, -0.45, -0.53, -47.87, -8.83, 58.08
0.54, -0.44, -0.63, -48.82, -10.15, 64.00
0.39, -0.42, -0.67, -40.51, -1.00, 64.00
0.14, -0.50, -0.65, -42.44, -18.92, 46.04
-0.13, -0.63, -0.70, -37.62, -18.71, 36.50
-0.21, -0.67, -0.85, -19.71, -25.46, 16.76
-0.26, -0.64, -0.94, -0.73, -30.79, -14.18
-0.35, -0.69, -0.90, 9.93, -15.74, -36.46
-0.24, -0.77, -0.79, 9.84, 8.67, -47.95
0.01, -0.76, -0.76, 16.09, 21.63, -52.10
0.25, -0.68, -0.76, 17.10, 36.61, -44.55
0.45, -0.65, -0.70, 8.38, 45.10, -30.54
0.65, -0.65, -0.56, -12.19, 51.23, -7.54
0.81, -0.62, -0.46, -32.45, 35.94, 13.13
0.91, -0.58, -0.47, -46.91, 16.16, 39.10
0.87, -0.52, -0.55, -57.46, -15.09, 53.27
0.63, -0.46, -0.63, -63.63, -24.37, 62.07
0.38, -0.44, -0.72, -51.80, -13.29, 58.26
0.04, -0.46, -0.82, -34.12, -37.65, 26.01
-0.41, -0.54, -0.91, -22.70, -34.28, -2.20
-0.54, -0.59, -0.98, 2.18, -12.18, -21.21
-0.40, -0.64, -0.85, 4.66, 16.09, -41.74
-0.10, -0.70, -0.71, 10.93, 30.81, -45.32
0.20, -0.67, -0.69, 9.96, 30.25, -40.41
0.44, -0.65, -0.68, 6.06, 36.98, -25.65
0.58, -0.64, -0.61, -5.05, 35.10, -10.84
0.64, -0.64, -0.50, -26.70, 28.66, 2.93
0.69, -0.63, -0.43, -44.42, 11.12, 18.44
0.76, -0.60, -0.51, -49.05, -6.30, 36.37
0.69, -0.54, -0.62, -54.64, -20.28, 43.44
0.48, -0.50, -0.66, -57.63, -13.63, 44.99
0.24, -0.49, -0.68, -51.71, -14.05, 36.92
-0.02, -0.52, -0.81, -32.04, -36.73, 13.91
-0.27, -0.57, -0.97, -10.74, -40.18, -8.06
-0.39, -0.60, -1.01, 9.37, -19.88, -29.73
-0.29, -0.61, -0.83, 14.61, 15.37, -40.01
-0.02, -0.62, -0.70, 21.20, 30.26, -40.15
0.26, -0.60, -0.70, 22.01, 33.08, -30.34
0.48, -0.59, -0.66, 13.55, 27.92, -12.73
0.66, -0.60, -0.57, 0.51, 24.99, 9.41
0.81, -0.61, -0.47, -18.77, 12.75, 26.43
0.81, -0.57, -0.44, -37.02, 1.22, 40.85
0.65, -0.52, -0.49, -49.68, -15.04, 49.65
0.43, -0.47, -0.57, -56.46, -21.14, 54.34
0.24, -0.44, -0.67, -46.94, -23.60, 46.72
0.01, -0.45, -0.76, -35.65, -31.79, 25.10
-0.20, -0.52, -0.80, -31.26, -17.15, 14.13
-0.18, -0.54, -0.84, -20.16, -6.70, 7.40
-0.04, -0.55, -0.82, -10.98, 0.49, 0.44
0.10, -0.61, -0.77, -7.32, 3.77, -1.26
0.21, -0.64, -0.74, -8.37, 5.14, 1.39
0.29, -0.62, -0.71, -10.73, 1.37, 5.28
0.32, -0.58, -0.69, -12.14, -5.55, 8.61
0.30, -0.55, -0.67, -14.42, -14.82, 10.01
0.26, -0.56, -0.67, -18.56, -22.50, 11.60
0.19, -0.57, -0.67, -19.83, -26.13, 11.75
0.16, -0.56, -0.68, -20.38, -29.32, 9.99
0.13, -0.55, -0.70, -19.22, -32.31, 8.89
0.10, -0.55, -0.72, -17.08, -33.98, 7.33
0.08, -0.54, -0.74, -11.97, -28.66, 4.89
0.04, -0.54, -0.72, -14.96, -37.52, -3.59
0.01, -0.60, -0.71, -15.93, -41.94, -4.24
0.08, -0.63, -0.73, -15.46, -51.00, -2.89
0.16, -0.63, -0.75, -12.53, -62.53, -5.40
0.14, -0.60, -0.76, -10.12, -64.00, -4.09
0.11, -0.58, -0.78, -4.38, -57.40, -1.01
0.12, -0.60, -0.79, -0.18, -48.52, 0.28
0.12, -0.63, -0.77, 1.45, -40.00, 1.00
0.12, -0.64, -0.75, 3.72, -30.20, 3.48
0.12, -0.64, -0.72, 4.98, -27.70, 6.13
0.12, -0.63, -0.71, 7.16, -30.73, 8.63
0.11, -0.62, -0.71, 6.77, -35.49, 8.95
0.12, -0.61, -0.71, 6.90, -41.14, 14.02
0.12, -0.60, -0.68, 3.52, -39.88, 18.02
0.12, -0.59, -0.63, -2.37, -39.15, 21.71
0.11, -0.57, -0.60, -7.79, -38.45, 23.13
0.09, -0.56, -0.60, -13.61, -43.81, 25.82
0.06, -0.59, -0.62, -17.40, -53.51, 24.04
0.04, -0.63, -0.65, -21.04, -64.00, 25.31
0.04, -0.67, -0.69, -23.11, -64.00, 27.00
0.04, -0.68, -0.74, -18.33, -64.00, 26.16
-0.02, -0.65, -0.79, -12.96, -64.00, 22.32
-0.15, -0.66, -0.78, -9.99, -53.84, 14.54
-0.25, -0.68, -0.78, -1.27, -39.48, 5.87
-0.26, -0.70, -0.79, 0.53, -27.13, 2.07
-0.20, -0.74, -0.76, -0.05, -22.11, -0.44
-0.12, -0.73, -0.73, -0.00, -22.22, -0.58
-0.06, -0.68, -0.71, -0.16, -22.23, 2.24
-0.01, -0.63, -0.71, 2.98, -21.14, 3.42
-0.01, -0.60, -0.70, 1.54, -19.07, 5.31
-0.02, -0.61, -0.69, 0.27, -17.59, 10.57
-0.02, -0.62, -0.66, -3.29, -16.91, 15.23
-0.03, -0.62, -0.64, -7.99, -18.90, 15.69
-0.06, -0.63, -0.64, -11.10, -25.55, 15.26
-0.09, -0.65, -0.65, -14.82, -31.22, 14.71
-0.13, -0.65, -0.67, -15.47, -36.84, 13.30
-0.17, -0.65, -0.68, -16.63, -38.56, 9.87
-0.22, -0.65, -0.69, -16.07, -36.48, 5.94
-0.24, -0.65, -0.69, -16.38, -31.65, 4.00
-0.26, -0.65, -0.68, -15.44, -27.09, 1.10
-0.27, -0.65, -0.66, -17.72, -24.44, -2.49
-0.26, -0.64, -0.69, -15.06, -21.51, -2.78
-0.24, -0.63, -0.71, -13.01, -18.02, -3.86
-0.23, -0.64, -0.71, -10.32, -14.28, -4.70
-0.22, -0.65, -0.70, -11.20, -9.60, -4.19
-0.19, -0.66, -0.68, -12.00, -10.91, -2.22
-0.16, -0.66, -0.66, -14.42, -20.02, -1.71
-0.16, -0.65, -0.65, -15.17, -26.64, -2.60
-0.17, -0.64, -0.65, -15.59, -31.28, -1.87
-0.19, -0.63, -0.66, -15.68, -29.34, 0.74
-0.20, -0.62, -0.65, -15.66, -22.52, 2.37
-0.20, -0.62, -0.62, -15.57, -15.69, 2.41
-0.20, -0.65, -0.60, -20.08, -12.85, 1.40
-0.19, -0.68, -0.61, -22.44, -15.49, 3.32
-0.16, -0.68, -0.64, -21.12, -22.38, 4.35
-0.14, -0.67, -0.65, -20.62, -28.00, 3.91
-0.15, -0.66, -0.68, -16.00, -30.12, 1.80
-0.17, -0.65, -0.71, -13.97, -28.44, 4.33
-0.18, -0.68, -0.72, -9.53, -15.53, 3.35
-0.20, -0.71, -0.70, -7.05, 1.66, 0.29
-0.26, -0.74, -0.67, -2.74, 11.51, -7.52
-0.29, -0.72, -0.65, -0.23, 8.85, -12.88
-0.29, -0.70, -0.64, -2.30, 2.81, -15.22
-0.26, -0.71, -0.62, -6.80, -5.00, -12.72
-0.27, -0.69, -0.62, -10.95, -5.25, -15.65
-0.28, -0.62, -0.60, -13.96, 4.15, -8.94
-0.23, -0.54, -0.60, -14.07, 12.45, -7.40
-0.14, -0.50, -0.60, -18.91, 20.58, 7.14
-0.05, -0.52, -0.61, -23.07, 22.61, 19.17
-0.03, -0.56, -0.63, -21.19, 24.76, 28.93
-0.05, -0.58, -0.64, -17.10, 28.74, 32.16
-0.08, -0.58, -0.65, -11.90, 35.01, 38.09
-0.14, -0.63, -0.67, -7.77, 29.92, 33.83
-0.25, -0.74, -0.70, -1.79, 14.91, 20.40
-0.43, -0.84, -0.73, 1.94, 4.97, 2.11
-0.58, -0.89, -0.73, 1.13, -3.40, -22.40
-0.68, -0.82, -0.70, -1.61, -3.81, -39.21
-0.67, -0.73, -0.65, -2.79, 4.00, -52.29
-0.53, -0.68, -0.61, -8.99, 16.24, -52.67
-0.24, -0.63, -0.55, -15.89, 29.69, -36.51
0.00, -0.53, -0.55, -18.08, 23.86, -24.71
0.10, -0.43, -0.53, -23.13, 11.10, -11.56
0.15, -0.43, -0.52, -23.81, 15.32, 11.03
0.27, -0.46, -0.56, -26.21, 19.74, 31.93
0.23, -0.49, -0.61, -21.77, 22.14, 38.93
0.05, -0.52, -0.62, -19.20, 24.20, 46.40
-0.11, -0.60, -0.64, -15.39, 18.29, 46.16
-0.27, -0.71, -0.68, -6.90, -2.05, 33.56
-0.48, -0.85, -0.72, 2.17, -24.65, 2.97
-0.71, -0.95, -0.74, 2.85, -25.01, -25.98
-0.78, -0.90, -0.67, -3.64, 0.76, -38.96
-0.65, -0.77, -0.57, -8.31, 19.10, -51.21
-0.43, -0.68, -0.54, -15.55, 30.83, -47.23
-0.13, -0.64, -0.54, -20.70, 24.23, -31.78
0.14, -0.55, -0.53, -27.97, 18.54, -6.68
0.30, -0.44, -0.54, -31.39, 2.59, 12.70
0.30, -0.37, -0.57, -33.06, -3.01, 30.54
0.20, -0.39, -0.62, -27.48, 0.21, 31.88
0.05, -0.44, -0.67, -24.86, 6.37, 44.08
-0.06, -0.53, -0.68, -23.56, 8.63, 50.12
-0.15, -0.66, -0.67, -17.32, -0.92, 43.44
-0.31, -0.80, -0.73, -7.33, -16.66, 19.37
-0.60, -0.91, -0.79, -5.23, -21.85, -3.26
-0.77, -0.90, -0.74, -1.60, -4.28, -29.08
-0.71, -0.79, -0.66, -4.55, 17.04, -40.71
-0.54, -0.73, -0.59, -10.90, 24.09, -49.47
-0.29, -0.71, -0.57, -15.59, 24.64, -42.61
-0.04, -0.66, -0.58, -18.17, 18.28, -27.64
0.20, -0.57, -0.58, -23.53, 16.95, -3.87
0.38, -0.47, -0.56, -28.82, 22.23, 26.54
0.44, -0.41, -0.56, -33.83, 24.10, 45.66
0.30, -0.40, -0.57, -33.64, 22.84, 45.03
0.10, -0.42, -0.60, -35.21, 19.03, 57.79
-0.06, -0.51, -0.60, -36.64, 5.56, 60.46
-0.20, -0.65, -0.68, -21.08, -19.63, 41.95
-0.48, -0.74, -0.82, -7.55, -38.72, 14.90
-0.79, -0.82, -0.85, 0.63, -36.59, -15.61
-0.91, -0.85, -0.79, 5.85, 0.03, -34.01
-0.71, -0.80, -0.67, -1.65, 32.22, -40.94
-0.42, -0.74, -0.61, -9.73, 43.90, -41.35
-0.12, -0.68, -0.60, -17.33, 33.69, -31.49
0.12, -0.61, -0.63, -18.20, 24.83, -6.76
0.34, -0.52, -0.66, -18.29, 18.39, 15.67
0.39, -0.48, -0.57, -27.96, 15.50, 29.91
0.29, -0.49, -0.54, -34.04, 16.02, 35.51
0.09, -0.51, -0.57, -38.15, 15.20, 43.85
-0.05, -0.52, -0.60, -40.48, 17.18, 52.00
-0.16, -0.57, -0.66, -30.08, -8.46, 38.97
-0.39, -0.61, -0.83, -4.67, -32.88, 10.55
-0.72, -0.71, -0.88, 6.65, -38.14, -21.46
-0.90, -0.81, -0.81, 9.96, -2.52, -35.31
-0.68, -0.83, -0.68, 3.49, 19.22, -46.84
-0.38, -0.79, -0.62, -4.68, 15.26, -51.43
-0.07, -0.72, -0.66, -7.71, 25.68, -29.34
0.24, -0.60, -0.66, -11.91, 31.67, -1.87
0.38, -0.49, -0.52, -26.24, 17.70, 11.80
0.36, -0.47, -0.52, -29.74, 17.42, 29.28
0.22, -0.48, -0.59, -34.06, 4.36, 30.72
0.01, -0.52, -0.60, -38.13, 4.93, 42.74
-0.08, -0.55, -0.62, -36.44, 4.29, 49.71
-0.11, -0.59, -0.67, -26.40, -6.92, 38.31
-0.30, -0.64, -0.77, -9.30, -20.38, 15.75
-0.62, -0.71, -0.84, -1.99, -25.62, -10.80
-0.81, -0.78, -0.83, 3.28, -4.93, -25.52
-0.71, -0.77, -0.78, 7.87, 6.25, -34.51
-0.45, -0.72, -0.69, 5.58, 4.56, -49.96
-0.27, -0.71, -0.66, 1.13, 2.49, -46.04
-0.00, -0.66, -0.66, -2.73, 22.39, -19.74
0.22, -0.56, -0.58, -12.93, 16.29, -4.44
0.31, -0.51, -0.51, -20.43, 14.66, 13.21
0.32, -0.52, -0.55, -25.82, 15.01, 30.45
0.20, -0.56, -0.55, -31.43, 8.42, 34.10
0.03, -0.58, -0.57, -34.88, 10.28, 44.95
-0.04, -0.58, -0.61, -32.23, 9.18, 49.62
-0.12, -0.58, -0.69, -20.71, -10.52, 35.27
-0.39, -0.63, -0.82, -3.09, -24.61, 11.07
-0.71, -0.73, -0.86, 2.46, -31.69, -20.89
-0.85, -0.77, -0.84, 11.98, 5.30, -32.29
-0.64, -0.74, -0.75, 11.38, 16.13, -44.90
-0.37, -0.74, -0.69, 8.15, 15.05, -51.26
-0.16, -0.75, -0.68, 3.71, 11.71, -42.42
0.09, -0.70, -0.68, 0.11, 26.09, -16.76
0.33, -0.59, -0.61, -6.80, 15.76, -2.49
0.33, -0.54, -0.55, -12.15, 19.58, 13.11
0.29, -0.54, -0.55, -19.41, 24.70, 29.92
0.20, -0.56, -0.54, -31.49, 22.74, 36.20
0.03, -0.59, -0.54, -36.77, 24.97, 42.48
-0.07, -0.56, -0.57, -37.22, 11.04, 43.61
-0.17, -0.56, -0.64, -25.73, -16.45, 31.15
-0.39, -0.60, -0.81, -2.91, -39.86, 3.46
-0.75, -0.69, -0.85, 8.24, -33.41, -25.66
-0.90, -0.76, -0.74, 10.02, 11.79, -38.70
-0.62, -0.72, -0.62, 5.47, 25.54, -45.89
-0.29, -0.70, -0.57, 0.02, 12.02, -48.54
0.01, -0.70, -0.61, -5.78, 11.69, -27.10
0.27, -0.64, -0.61, -11.73, 6.27, -0.96
0.41, -0.56, -0.54, -18.83, 4.57, 15.52
0.38, -0.54, -0.53, -26.61, 7.78, 27.37
0.22, -0.57, -0.56, -35.47, 10.89, 34.91
0.05, -0.57, -0.61, -40.14, 13.17, 44.97
-0.07, -0.56, -0.65, -38.69, 4.53, 42.30
-0.19, -0.59, -0.73, -23.09, -18.31, 28.48
-0.43, -0.67, -0.87, -6.66, -36.95, -0.04
-0.76, -0.78, -0.86, 0.42, -32.22, -30.15
-0.84, -0.79, -0.81, 6.30, 4.49, -40.74
-0.58, -0.72, -0.69, 5.68, 21.67, -50.06
-0.30, -0.71, -0.61, 0.97, 10.57, -51.71
-0.01, -0.70, -0.65, -3.41, 14.91, -28.91
0.28, -0.62, -0.65, -11.15, 15.82, -4.18
0.40, -0.55, -0.54, -18.93, 11.27, 9.03
0.39, -0.53, -0.52, -27.49, 18.42, 28.46
0.30, -0.55, -0.55, -35.54, 16.89, 37.06
0.13, -0.56, -0.56, -41.69, 16.65, 46.53
-0.04, -0.53, -0.60, -42.75, 9.98, 47.98
-0.19, -0.53, -0.68, -26.22, -18.22, 31.52
-0.46, -0.62, -0.80, -7.65, -29.22, 6.64
-0.82, -0.74, -0.84, 2.70, -32.26, -28.61
-0.91, -0.79, -0.75, 8.41, 12.60, -37.29
-0.60, -0.78, -0.63, 5.47, 13.31, -51.34
-0.30, -0.76, -0.61, -0.14, -0.73, -52.31
0.01, -0.72, -0.67, -3.66, -6.18, -32.95
0.23, -0.64, -0.65, -7.00, -24.12, -22.55
0.22, -0.59, -0.58, -11.96, -27.54, -15.25
0.16, -0.57, -0.57, -22.57, -8.23, 3.84
0.20, -0.52, -0.51, -37.44, 10.91, 21.71
0.24, -0.51, -0.50, -40.15, 14.91, 32.88
0.19, -0.53, -0.56, -42.04, 13.89, 40.95
0.13, -0.58, -0.60, -42.39, 6.51, 51.36
0.05, -0.65, -0.64, -37.97, -4.76, 51.86
-0.11, -0.72, -0.70, -27.15, -25.44, 32.84
-0.43, -0.79, -0.80, -14.19, -37.93, 2.29
-0.77, -0.83, -0.88, -2.89, -35.96, -31.20
-0.89, -0.80, -0.86, 8.23, 6.46, -43.71
-0.66, -0.75, -0.74, 8.58, 17.17, -60.52
-0.36, -0.75, -0.67, 5.89, 16.25, -61.23
-0.03, -0.73, -0.68, -0.24, 27.40, -33.36
0.32, -0.64, -0.59, -10.08, 12.32, -15.28
0.42, -0.55, -0.50, -17.09, -4.36, 1.48
0.38, -0.49, -0.53, -24.11, 1.63, 23.11
0.26, -0.46, -0.54, -30.44, 1.20, 27.92
0.02, -0.48, -0.56, -32.65, 9.90, 32.37
-0.13, -0.49, -0.61, -34.92, 19.82, 41.09
-0.16, -0.52, -0.61, -35.19, 17.43, 42.72
-0.16, -0.58, -0.62, -29.34, -3.44, 36.45
-0.26, -0.66, -0.72, -17.62, -29.44, 18.18
-0.50, -0.77, -0.80, -9.61, -42.25, -7.51
-0.69, -0.81, -0.85, -2.81, -23.54, -27.55
-0.64, -0.74, -0.78, -0.26, 7.52, -38.31
-0.43, -0.68, -0.68, -2.52, 14.24, -44.59
-0.20, -0.69, -0.67, -4.38, 8.54, -42.83
-0.02, -0.70, -0.71, -5.52, -0.45, -31.51
0.14, -0.66, -0.69, -8.62, 3.21, -13.01
0.26, -0.60, -0.63, -13.66, 5.45, 3.35
0.31, -0.55, -0.55, -22.67, 9.47, 18.32
0.27, -0.56, -0.53, -29.48, 14.93, 27.83
0.13, -0.58, -0.57, -35.97, 24.95, 36.74
0.01, -0.57, -0.58, -39.99, 25.12, 43.59
-0.07, -0.56, -0.60, -38.21, 10.73, 44.08
-0.16, -0.59, -0.65, -28.13, -24.15, 32.82
-0.32, -0.68, -0.69, -14.02, -42.93, 10.33
-0.62, -0.82, -0.78, -8.51, -36.02, -22.59
-0.80, -0.86, -0.73, -13.00, 8.92, -36.70
-0.60, -0.77, -0.62, -14.16, 29.75, -40.87
-0.26, -0.66, -0.63, -11.30, 22.28, -40.29
-0.01, -0.63, -0.69, -5.10, 3.15, -31.48
0.12, -0.61, -0.72, -4.21, -12.06, -20.71
0.17, -0.60, -0.67, -10.68, -13.41, -9.09
0.21, -0.56, -0.59, -21.75, 0.13, 9.89
0.25, -0.53, -0.56, -32.10, 10.44, 26.69
0.23, -0.51, -0.59, -39.33, 18.78, 39.26
0.12, -0.49, -0.62, -45.35, 13.89, 45.48
0.02, -0.53, -0.63, -44.39, -10.76, 41.54
-0.14, -0.66, -0.75, -36.08, -28.83, 22.35
-0.45, -0.76, -0.90, -27.98, -43.69, -4.56
-0.74, -0.77, -0.87, -13.04, -37.59, -30.91
-0.74, -0.79, -0.84, -2.91, -0.13, -43.15
-0.56, -0.79, -0.80, -3.43, 20.68, -53.88
-0.35, -0.72, -0.72, -4.06, 43.00, -45.88
-0.03, -0.64, -0.60, -9.83, 48.01, -26.64
0.26, -0.58, -0.55, -18.13, 28.75, -11.74
0.35, -0.50, -0.54, -22.08, 14.80, 8.93
0.35, -0.43, -0.53, -25.48, -1.93, 21.30
0.22, -0.47, -0.57, -28.04, -6.35, 25.97
-0.01, -0.48, -0.61, -33.68, 0.72, 30.23
-0.13, -0.56, -0.62, -34.96, -0.47, 30.02
-0.20, -0.62, -0.65, -26.04, -12.16, 17.25
-0.34, -0.75, -0.78, -20.82, -23.35, -0.82
-0.55, -0.79, -0.82, -14.34, -26.66, -17.55
-0.59, -0.74, -0.79, -2.75, -2.39, -26.65
-0.42, -0.68, -0.77, -0.31, -0.60, -38.77
-0.29, -0.67, -0.70, -4.87, 11.15, -38.09
-0.09, -0.66, -0.65, -10.31, 13.83, -28.29
0.14, -0.62, -0.61, -19.46, 10.88, -13.19
0.28, -0.56, -0.60, -21.92, 3.13, 0.22
0.27, -0.51, -0.62, -26.24, -6.55, 13.54
0.18, -0.51, -0.68, -25.79, -2.58, 20.28
0.03, -0.54, -0.71, -29.38, 2.55, 21.01
-0.09, -0.57, -0.69, -27.33, 6.49, 20.03
-0.17, -0.62, -0.73, -19.71, -6.97, 11.67
-0.31, -0.69, -0.80, -10.22, -19.95, -3.81
-0.47, -0.74, -0.83, -3.40, -15.17, -17.14
-0.52, -0.73, -0.79, 1.35, -7.57, -32.98
-0.49, -0.67, -0.72, 2.25, 2.10, -42.07
-0.36, -0.64, -0.63, -0.61, 7.52, -44.82
-0.15, -0.63, -0.61, -5.00, 6.92, -37.86
0.04, -0.61, -0.61, -4.42, -2.12, -30.74
0.11, -0.56, -0.61, -9.22, -9.05, -20.04
0.17, -0.54, -0.61, -11.60, 0.78, -0.77
0.27, -0.51, -0.59, -20.19, 11.60, 16.47
0.30, -0.51, -0.58, -23.19, 18.60, 28.29
0.19, -0.50, -0.64, -26.22, 22.62, 35.54
0.05, -0.52, -0.65, -29.47, 14.13, 39.60
-0.07, -0.59, -0.67, -27.08, -0.88, 36.92
-0.21, -0.66, -0.74, -15.79, -32.71, 17.53
-0.47, -0.73, -0.83, -0.76, -49.28, -7.06
-0.68, -0.79, -0.87, 7.00, -30.51, -29.62
-0.69, -0.78, -0.78, 7.12, -6.46, -44.91
-0.50, -0.72, -0.66, 3.17, 11.14, -49.62
-0.15, -0.70, -0.64, -2.30, 15.94, -38.70
0.20, -0.66, -0.65, -7.18, 10.56, -20.29
0.34, -0.60, -0.65, -8.36, -0.29, -7.92
0.33, -0.55, -0.57, -18.86, -1.36, 8.87
0.32, -0.54, -0.55, -23.42, 4.27, 24.44
0.26, -0.53, -0.60, -27.92, 11.03, 33.47
0.12, -0.52, -0.64, -28.97, 19.92, 41.20
-0.00, -0.52, -0.64, -28.67, 18.79, 46.46
-0.05, -0.57, -0.62, -27.36, 6.75, 44.62
-0.16, -0.67, -0.68, -21.65, -21.38, 29.65
-0.41, -0.73, -0.80, -9.62, -47.50, 2.52
-0.75, -0.71, -0.86, 3.96, -47.63, -27.18
-0.85, -0.69, -0.81, 9.51, -7.93, -44.28
-0.64, -0.67, -0.69, 8.64, 14.43, -52.73
-0.31, -0.72, -0.63, 2.74, 21.39, -49.29
0.05, -0.71, -0.66, -3.95, 18.06, -32.01
0.32, -0.68, -0.66, -6.02, 13.33, -8.22
0.46, -0.61, -0.62, -8.54, 3.09, 7.67
0.46, -0.56, -0.60, -14.14, 16.75, 32.26
0.36, -0.55, -0.58, -26.09, 19.92, 37.96
0.15, -0.58, -0.57, -35.71, 28.26, 44.40
-0.04, -0.55, -0.58, -42.46, 25.58, 49.83
-0.12, -0.56, -0.58, -41.46, 7.51, 46.57
-0.23, -0.60, -0.67, -27.32, -29.64, 26.61
-0.47, -0.68, -0.78, -11.20, -49.29, 1.52
-0.69, -0.72, -0.86, 3.24, -22.37, -14.87
-0.67, -0.70, -0.76, 0.53, 16.44, -23.38
-0.40, -0.67, -0.59, -6.91, 32.34, -21.03
-0.03, -0.64, -0.57, -12.47, 27.09, -5.68
0.23, -0.61, -0.61, -20.46, 21.54, 15.97
0.35, -0.57, -0.60, -24.83, 11.67, 36.02
0.32, -0.55, -0.58, -28.81, -0.92, 44.81
0.22, -0.55, -0.61, -31.13, -5.75, 53.07
0.08, -0.58, -0.68, -30.82, -7.14, 43.54
-0.23, -0.64, -0.76, -24.70, -11.96, 24.94
-0.56, -0.67, -0.88, -12.62, -12.84, 0.70
-0.76, -0.69, -0.95, 3.00, -5.29, -21.43
-0.70, -0.74, -0.85, 7.63, 14.52, -37.22
-0.50, -0.78, -0.74, 7.67, 9.39, -55.39
-0.29, -0.79, -0.70, 5.04, 7.29, -49.25
0.06, -0.73, -0.72, 2.83, 26.68, -25.84
0.30, -0.61, -0.63, -6.36, 10.62, -16.06
0.33, -0.51, -0.52, -11.56, 21.82, 8.97
0.40, -0.51, -0.51, -22.85, 25.14, 27.75
0.31, -0.55, -0.48, -35.51, 27.60, 36.32
0.12, -0.57, -0.49, -44.94, 26.59, 44.89
0.01, -0.55, -0.55, -45.09, 6.26, 48.28
-0.08, -0.55, -0.63, -36.38, -27.26, 38.73
-0.30, -0.63, -0.77, -15.95, -42.12, 12.08
-0.69, -0.72, -0.87, -8.21, -39.72, -22.41
-0.93, -0.69, -0.85, 1.73, 2.25, -27.75
-0.64, -0.67, -0.74, 3.91, 8.79, -40.50
-0.28, -0.71, -0.67, -0.46, 1.17, -43.91
-0.06, -0.71, -0.68, -4.57, -7.94, -33.23
0.17, -0.64, -0.69, -6.57, -3.69, -12.71
0.37, -0.56, -0.66, -10.47, 8.46, 9.28
0.40, -0.54, -0.57, -22.43, 13.03, 22.68
0.31, -0.59, -0.54, -34.37, 17.67, 37.72
0.24, -0.63, -0.58, -44.28, 15.05, 50.22
0.10, -0.59, -0.62, -44.23, 1.02, 51.22
-0.06, -0.57, -0.71, -27.80, -1.84, 38.91
-0.39, -0.66, -0.84, -25.65, -20.00, 7.34
-0.80, -0.68, -0.88, -8.09, -24.30, -17.71
-0.84, -0.61, -0.94, 14.02, 5.70, -28.12
-0.63, -0.64, -0.82, 19.82, 10.00, -53.32
-0.47, -0.72, -0.71, 20.39, 15.43, -57.69
-0.20, -0.74, -0.68, 11.73, 27.38, -37.76
0.23, -0.68, -0.63, 5.65, 24.20, -22.15
0.38, -0.59, -0.54, -0.32, 6.99, -12.97
0.39, -0.57, -0.55, -9.27, 17.46, 13.79
0.39, -0.57, -0.52, -23.05, 22.48, 27.92
0.24, -0.60, -0.47, -35.55, 21.50, 33.94
0.07, -0.60, -0.51, -41.63, 16.62, 42.90
-0.03, -0.54, -0.59, -37.97, 5.24, 44.91
-0.15, -0.51, -0.72, -24.74, -16.96, 26.62
-0.49, -0.57, -0.82, -9.73, -33.06, -4.67
-0.87, -0.66, -0.83, -0.10, -31.19, -33.22
-0.87, -0.69, -0.80, 8.67, 1.14, -37.26
-0.55, -0.66, -0.71, 13.12, -4.05, -53.60
-0.28, -0.68, -0.66, 11.40, -4.91, -48.08
0.02, -0.69, -0.67, 5.60, 11.75, -23.20
0.35, -0.65, -0.62, -1.16, 10.12, -7.41
0.46, -0.61, -0.56, -11.58, 13.77, 14.27
0.47, -0.60, -0.54, -23.40, 21.40, 31.50
0.36, -0.63, -0.53, -35.79, 23.37, 39.86
0.18, -0.64, -0.58, -42.64, 19.43, 45.65
-0.02, -0.60, -0.66, -41.48, 7.30, 44.02
-0.20, -0.58, -0.77, -23.53, -19.59, 23.62
-0.55, -0.63, -0.88, 1.16, -31.39, -8.49
-0.84, -0.73, -0.85, 10.76, -8.52, -33.42
-0.80, -0.79, -0.72, 12.82, 11.51, -48.41
-0.48, -0.75, -0.61, 11.37, 0.72, -55.25
-0.10, -0.73, -0.58, 4.83, -6.97, -43.90
0.21, -0.70, -0.58, -3.36, -9.84, -24.89
0.37, -0.61, -0.53, -8.39, -22.34, -13.81
0.35, -0.55, -0.55, -13.82, -15.25, 5.20
0.29, -0.52, -0.58, -19.34, -1.42, 18.72
0.21, -0.53, -0.59, -22.23, 10.96, 28.30
0.09, -0.58, -0.61, -27.49, 19.38, 38.28
0.04, -0.61, -0.63, -30.71, 16.50, 45.58
0.03, -0.62, -0.62, -32.75, -8.09, 44.22
-0.08, -0.65, -0.67, -25.66, -40.68, 29.86
-0.38, -0.70, -0.81, -9.22, -57.27, 0.89
-0.75, -0.75, -0.86, 2.66, -44.00, -30.74
-0.95, -0.79, -0.79, 6.38, 1.37, -47.33
-0.72, -0.78, -0.67, 3.03, 8.18, -60.66
-0.32, -0.76, -0.64, 1.99, 2.60, -55.41
0.11, -0.74, -0.67, -3.82, 12.11, -31.93
0.39, -0.68, -0.63, -6.74, 9.26, -18.04
0.41, -0.59, -0.57, -14.61, 11.87, 2.13
0.42, -0.56, -0.53, -23.42, 23.84, 28.26
0.38, -0.55, -0.55, -27.89, 17.00, 32.41
0.17, -0.56, -0.58, -35.94, 21.81, 39.33
-0.04, -0.57, -0.57, -42.64, 22.10, 48.08
-0.09, -0.58, -0.56, -41.76, 1.05, 44.83
-0.16, -0.63, -0.64, -26.61, -29.36, 29.89
-0.37, -0.71, -0.75, -18.82, -36.48, 4.83
-0.70, -0.78, -0.75, -8.67, -29.86, -19.03
-0.75, -0.79, -0.75, -1.66, 3.46, -30.36
-0.51, -0.75, -0.71, -0.16, 8.02, -42.52
-0.30, -0.71, -0.66, 1.96, 7.35, -43.65
-0.07, -0.69, -0.68, -0.40, 0.90, -36.30
0.12, -0.66, -0.68, -4.53, -0.13, -15.47
0.32, -0.59, -0.65, -7.28, 8.89, 3.46
0.40, -0.54, -0.56, -17.46, 11.71, 20.20
0.33, -0.56, -0.51, -27.81, 18.74, 29.15
0.20, -0.59, -0.56, -36.06, 24.39, 39.03
0.06, -0.59, -0.58, -45.54, 23.71, 47.98
-0.01, -0.59, -0.57, -45.59, 3.60, 49.35
-0.07, -0.63, -0.62, -36.00, -28.64, 34.85
-0.33, -0.71, -0.77, -24.12, -43.81, 10.91
-0.71, -0.74, -0.82, -11.99, -44.16, -23.03
-0.94, -0.72, -0.84, 6.19, -0.92, -36.15
-0.73, -0.70, -0.78, 9.62, 20.27, -51.21
-0.41, -0.73, -0.66, 8.80, 10.65, -59.37
-0.13, -0.73, -0.67, 5.26, 3.41, -46.83
0.22, -0.69, -0.65, -6.38, 11.16, -16.80
0.48, -0.62, -0.52, -15.10, 3.78, 2.09
0.53, -0.55, -0.46, -25.88, 2.08, 20.29
0.45, -0.54, -0.52, -34.84, 5.11, 32.76
0.20, -0.58, -0.55, -45.88, 13.21, 41.61
-0.03, -0.60, -0.54, -54.98, 18.08, 47.53
-0.15, -0.59, -0.56, -52.36, 2.08, 42.89
-0.21, -0.63, -0.63, -36.49, -34.20, 24.82
-0.41, -0.71, -0.82, -22.04, -40.72, -0.32
-0.73, -0.72, -0.84, -12.46, -34.20, -25.70
-0.77, -0.71, -0.77, 3.21, 3.48, -29.15
-0.49, -0.71, -0.76, 5.99, 8.35, -41.51
-0.23, -0.71, -0.70, 2.21, 9.87, -38.96
-0.02, -0.71, -0.65, -3.72, 4.47, -26.52
0.20, -0.69, -0.63, -10.46, -4.41, -10.31
0.32, -0.61, -0.62, -14.76, -9.89, 3.54
0.30, -0.54, -0.59, -21.46, -6.58, 15.36
0.19, -0.54, -0.58, -28.11, 3.11, 22.81
0.08, -0.57, -0.61, -35.40, 14.60, 32.38
0.01, -0.58, -0.63, -39.57, 13.80, 40.82
-0.02, -0.57, -0.65, -34.25, -6.77, 37.33
-0.16, -0.63, -0.74, -19.45, -24.96, 19.80
-0.51, -0.69, -0.86, -11.00, -29.49, -9.30
-0.85, -0.70, -0.84, 1.09, -11.58, -28.05
-0.73, -0.68, -0.77, 10.41, 9.76, -38.38
-0.47, -0.69, -0.66, 6.71, 3.33, -53.09
-0.24, -0.74, -0.63, 1.72, 5.04, -43.82
0.04, -0.72, -0.61, -5.08, 4.18, -28.86
0.25, -0.63, -0.60, -8.13, -7.71, -19.69
0.28, -0.56, -0.58, -14.01, 1.83, 5.19
0.35, -0.54, -0.53, -27.70, 12.76, 25.27
0.33, -0.55, -0.52, -33.80, 18.70, 32.61
0.16, -0.55, -0.56, -41.08, 22.44, 42.87
0.02, -0.56, -0.58, -46.06, 11.65, 48.71
-0.08, -0.63, -0.59, -38.36, -15.17, 40.16
-0.25, -0.75, -0.72, -24.41, -39.29, 12.98
-0.66, -0.75, -0.85, -14.88, -47.49, -17.04
-0.91, -0.73, -0.81, 0.10, -15.16, -30.80
-0.68, -0.72, -0.77, 8.78, 1.21, -44.44
-0.42, -0.72, -0.71, 5.38, -0.11, -51.60
-0.20, -0.73, -0.68, 5.13, 5.24, -44.53
0.09, -0.71, -0.67, -1.38, -4.01, -31.97
0.22, -0.65, -0.63, -6.36, -12.91, -21.57
0.25, -0.56, -0.61, -11.25, -13.18, -3.62
0.26, -0.51, -0.59, -18.80, -0.73, 16.07
0.24, -0.51, -0.55, -29.34, 12.03, 27.85
0.13, -0.53, -0.56, -35.28, 20.59, 35.08
0.01, -0.53, -0.57, -43.75, 20.90, 43.79
-0.03, -0.57, -0.57, -40.87, 0.41, 44.37
-0.13, -0.68, -0.65, -27.30, -30.08, 27.50
-0.43, -0.75, -0.81, -15.30, -53.23, -7.17
-0.84, -0.75, -0.89, 0.04, -31.28, -27.53
-0.85, -0.73, -0.83, 9.23, 7.54, -39.83
-0.56, -0.71, -0.72, 6.90, 13.80, -53.44
-0.29, -0.72, -0.67, 7.32, 17.79, -46.86
0.03, -0.72, -0.64, -3.16, 16.99, -29.66
0.26, -0.68, -0.57, -10.90, 6.17, -13.01
0.32, -0.58, -0.53, -16.08, -5.35, -0.62
0.27, -0.51, -0.54, -25.35, 0.53, 16.12
0.19, -0.50, -0.54, -32.06, 5.48, 24.67
0.06, -0.50, -0.56, -37.08, 14.65, 31.07
-0.06, -0.51, -0.57, -40.46, 16.27, 37.11
-0.09, -0.58, -0.58, -38.21, 0.08, 35.79
-0.14, -0.68, -0.64, -30.07, -29.05, 24.41
-0.34, -0.76, -0.79, -16.98, -37.50, 4.54
-0.60, -0.76, -0.84, -6.20, -44.00, -22.37
-0.75, -0.73, -0.82, 7.67, -14.63, -35.98
-0.63, -0.74, -0.78, 4.90, -12.25, -54.47
-0.45, -0.78, -0.72, 1.88, -7.34, -57.39
-0.22, -0.77, -0.69, -4.79, -4.24, -47.87
0.10, -0.70, -0.65, -7.10, 1.43, -26.70
0.31, -0.59, -0.64, -7.90, -4.58, -14.04
0.31, -0.49, -0.59, -16.73, 13.40, 13.66
0.36, -0.46, -0.50, -29.36, 27.60, 35.85
0.31, -0.47, -0.49, -40.61, 28.94, 42.27
0.12, -0.47, -0.54, -46.86, 25.90, 50.00
-0.05, -0.51, -0.56, -50.59, 12.43, 53.78
-0.13, -0.64, -0.62, -37.20, -12.12, 45.02
-0.29, -0.74, -0.77, -24.52, -19.22, 25.90
-0.57, -0.74, -0.85, -13.35, -31.54, -4.60
-0.82, -0.73, -0.84, 2.24, -13.02, -21.64
-0.71, -0.75, -0.82, 10.28, 5.07, -38.13
-0.51, -0.76, -0.74, 8.02, 8.59, -52.41
-0.31, -0.75, -0.68, 4.37, 12.59, -49.22
-0.05, -0.72, -0.66, 0.15, 7.89, -38.29
0.20, -0.65, -0.63, -6.32, 5.15, -19.55
0.32, -0.57, -0.59, -10.39, -0.40, -4.49
0.31, -0.49, -0.56, -19.18, 7.02, 13.91
0.25, -0.49, -0.53, -30.00, 19.66, 31.13
0.14, -0.52, -0.54, -36.19, 24.29, 36.83
0.00, -0.51, -0.57, -41.72, 24.24, 43.90
-0.07, -0.55, -0.58, -43.37, 11.00, 46.63
-0.09, -0.63, -0.61, -37.69, -15.28, 39.61
-0.23, -0.69, -0.78, -23.10, -32.78, 19.14
-0.58, -0.70, -0.90, -9.26, -48.36, -12.92
-0.87, -0.71, -0.89, 9.56, -15.70, -27.30
-0.78, -0.73, -0.83, 11.83, 12.41, -42.17
-0.56, -0.73, -0.73, 11.78, 23.79, -50.24
-0.22, -0.70, -0.67, 12.40, 24.11, -43.83
0.09, -0.68, -0.65, 4.92, 18.99, -26.58
0.34, -0.63, -0.60, 1.90, 11.06, -2.46
0.44, -0.55, -0.58, -5.01, 9.23, 15.18
0.35, -0.52, -0.53, -19.98, 28.97, 35.85
0.25, -0.54, -0.47, -32.01, 33.51, 41.66
0.08, -0.56, -0.48, -41.24, 31.73, 48.34
-0.03, -0.57, -0.54, -48.45, 19.20, 53.03
-0.12, -0.58, -0.61, -39.05, -12.05, 41.59
-0.30, -0.65, -0.74, -20.97, -35.18, 21.09
-0.59, -0.71, -0.84, -8.93, -38.59, -6.53
-0.82, -0.72, -0.86, 6.03, -10.43, -20.14
-0.70, -0.70, -0.79, 14.08, 16.95, -30.78
-0.44, -0.71, -0.67, 11.11, 17.25, -40.40
-0.19, -0.72, -0.63, 8.91, 9.10, -36.31
0.04, -0.71, -0.65, 5.43, -0.40, -21.96
0.24, -0.67, -0.65, -1.13, 5.69, -1.65
0.33, -0.60, -0.58, -12.49, 10.96, 14.38
0.32, -0.58, -0.50, -28.22, 23.71, 30.73
0.22, -0.62, -0.51, -40.14, 27.51, 40.56
0.11, -0.61, -0.55, -47.37, 27.80, 46.87
-0.02, -0.59, -0.58, -52.79, 13.17, 46.29
-0.12, -0.62, -0.62, -44.77, -29.96, 31.38
-0.35, -0.68, -0.79, -17.23, -59.62, 4.60
-0.72, -0.74, -0.96, -4.01, -51.12, -30.96
-1.00, -0.72, -0.91, 10.92, 1.83, -42.21
-0.81, -0.66, -0.75, 14.04, 28.46, -51.74
-0.40, -0.69, -0.67, 11.46, 27.26, -56.73
-0.08, -0.72, -0.66, 6.00, 11.73, -46.18
0.16, -0.70, -0.62, -0.78, 10.17, -18.87
0.40, -0.62, -0.60, -4.01, 1.57, -5.37
0.38, -0.53, -0.56, -11.24, -2.12, 2.91
0.29, -0.51, -0.54, -22.84, 22.12, 25.56
0.22, -0.55, -0.53, -33.11, 30.38, 35.53
0.10, -0.58, -0.53, -40.64, 32.55, 42.91
-0.02, -0.57, -0.57, -43.99, 30.12, 50.18
-0.03, -0.58, -0.59, -41.73, 15.72, 50.12
-0.11, -0.63, -0.65, -27.92, -7.58, 37.72
-0.39, -0.72, -0.72, -21.78, -28.71, 10.23
-0.70, -0.74, -0.81, -11.95, -26.14, -13.29
-0.80, -0.65, -0.85, 4.44, 4.35, -22.07
-0.57, -0.63, -0.74, 10.34, 10.51, -33.73
-0.28, -0.69, -0.66, 5.88, 7.84, -34.28
-0.04, -0.72, -0.66, -0.19, 4.39, -21.02
0.19, -0.68, -0.63, -5.50, -0.65, -7.53
0.32, -0.62, -0.63, -10.32, 11.17, 12.92
0.35, -0.60, -0.58, -26.72, 20.81, 25.46
0.26, -0.64, -0.51, -38.25, 25.46, 36.93
0.15, -0.65, -0.53, -50.80, 15.69, 43.96
0.05, -0.61, -0.61, -47.34, -4.55, 39.64
-0.18, -0.57, -0.75, -30.89, -26.79, 21.65
-0.54, -0.60, -0.87, -14.78, -34.90, -9.18
-0.87, -0.65, -0.89, 2.41, -8.58, -24.67
-0.78, -0.67, -0.81, 10.86, 12.22, -34.14
-0.49, -0.70, -0.71, 13.70, 9.41, -44.00
-0.23, -0.73, -0.68, 11.00, 5.09, -39.32
0.01, -0.73, -0.69, 9.37, 11.49, -22.79
0.20, -0.66, -0.63, 5.43, 0.37, -19.45
0.24, -0.61, -0.58, -0.14, 12.57, -2.50
0.26, -0.58, -0.58, -10.37, 23.25, 14.05
0.24, -0.58, -0.48, -27.16, 33.33, 25.63
0.18, -0.62, -0.45, -38.48, 27.39, 33.46
0.08, -0.64, -0.51, -43.77, 16.01, 38.30
-0.00, -0.61, -0.58, -42.93, 0.31, 38.07
-0.13, -0.61, -0.67, -33.21, -20.62, 25.70
-0.38, -0.63, -0.80, -15.66, -34.21, -0.24
-0.71, -0.67, -0.87, -2.50, -24.52, -25.67
-0.82, -0.68, -0.85, 7.01, 7.41, -35.63
-0.62, -0.66, -0.74, 14.03, 9.50, -48.24
-0.34, -0.70, -0.68, 13.19, 3.15, -46.96
-0.00, -0.72, -0.66, 7.26, 6.49, -30.32
0.26, -0.69, -0.61, 0.12, 2.38, -18.87
0.34, -0.61, -0.57, -6.82, 3.18, -6.29
0.30, -0.57, -0.54, -19.17, 17.31, 17.05
0.30, -0.59, -0.52, -29.65, 25.26, 28.24
0.22, -0.63, -0.51, -38.69, 23.87, 34.37
0.08, -0.63, -0.59, -41.57, 16.53, 40.53
-0.02, -0.61, -0.61, -40.43, 7.61, 41.24
-0.12, -0.63, -0.69, -32.09, -16.20, 26.98
-0.40, -0.65, -0.79, -12.86, -30.67, 2.45
-0.69, -0.70, -0.83, 3.38, -26.25, -24.67
-0.84, -0.74, -0.82, 6.98, 5.98, -37.31
-0.65, -0.72, -0.69, 12.25, 9.22, -49.53
-0.32, -0.69, -0.62, 10.29, 2.81, -46.25
0.05, -0.69, -0.61, -0.17, -1.03, -26.42
0.30, -0.65, -0.55, -8.99, -9.28, -12.63
0.37, -0.59, -0.50, -18.60, -17.08, -1.15
0.30, -0.57, -0.53, -26.89, -5.73, 14.68
0.19, -0.57, -0.56, -34.55, 9.22, 26.52
0.12, -0.60, -0.59, -40.15, 15.61, 35.18
0.06, -0.60, -0.63, -41.19, 13.85, 43.83
0.01, -0.60, -0.64, -36.67, 6.62, 45.39
-0.07, -0.67, -0.68, -30.94, -3.14, 37.94
-0.26, -0.78, -0.72, -31.28, -24.73, 15.59
-0.55, -0.81, -0.80, -16.05, -33.57, -9.97
-0.72, -0.76, -0.90, -1.57, -16.22, -35.40
-0.73, -0.72, -0.84, 5.52, -0.99, -53.74
-0.60, -0.69, -0.76, 13.30, 0.79, -64.00
-0.32, -0.68, -0.74, 11.96, -2.63, -64.00
-0.02, -0.67, -0.70, 8.23, 10.10, -39.41
0.31, -0.60, -0.61, 4.64, 9.74, -25.14
0.40, -0.51, -0.54, -5.04, 8.83, -8.53
0.36, -0.46, -0.49, -18.37, 18.34, 18.80
0.34, -0.47, -0.48, -21.95, 18.93, 29.57
0.17, -0.51, -0.53, -31.11, 25.64, 39.01
0.01, -0.59, -0.55, -37.17, 26.80, 49.19
-0.05, -0.61, -0.55, -40.87, 7.44, 47.93
-0.10, -0.67, -0.62, -31.43, -27.53, 35.56
-0.33, -0.75, -0.78, -14.01, -34.92, 12.05
-0.67, -0.83, -0.83, -7.81, -26.21, -20.68
-0.82, -0.81, -0.80, 2.37, 15.04, -26.22
-0.54, -0.72, -0.72, 7.14, 15.20, -41.35
-0.26, -0.71, -0.66, 6.77, -2.68, -47.61
-0.11, -0.73, -0.68, 4.36, -8.73, -36.35
0.13, -0.69, -0.67, -4.60, 7.70, -12.01
0.39, -0.60, -0.52, -17.28, 4.38, 2.12
0.46, -0.53, -0.44, -25.64, -0.01, 15.78
0.35, -0.52, -0.55, -29.64, 3.85, 26.15
0.15, -0.56, -0.61, -38.42, 16.83, 37.91
-0.01, -0.58, -0.61, -44.77, 18.61, 44.82
-0.02, -0.59, -0.60, -40.77, 3.37, 45.38
-0.03, -0.66, -0.68, -28.72, -6.35, 41.30
-0.24, -0.76, -0.76, -35.08, -17.35, 18.64
-0.61, -0.76, -0.73, -19.24, -22.43, 0.95
-0.71, -0.72, -0.83, -4.70, -10.66, -22.82
-0.66, -0.70, -0.83, 0.42, 3.69, -37.38
-0.55, -0.66, -0.71, 5.16, 11.98, -45.38
-0.28, -0.65, -0.66, 5.54, 6.28, -46.69
-0.04, -0.68, -0.66, -0.35, -4.35, -35.00
0.21, -0.65, -0.63, -7.69, 8.25, -6.90
0.44, -0.58, -0.54, -17.29, 5.58, 11.03
0.46, -0.54, -0.45, -27.75, 8.15, 23.21
0.32, -0.56, -0.51, -36.18, 15.06, 32.66
0.10, -0.60, -0.56, -48.46, 19.79, 41.60
-0.02, -0.62, -0.56, -53.18, 9.55, 47.45
-0.05, -0.62, -0.60, -43.60, -15.41, 40.31
-0.19, -0.70, -0.73, -32.59, -36.04, 21.89
-0.55, -0.75, -0.83, -25.27, -40.72, -8.03
-0.90, -0.70, -0.83, -5.12, -26.80, -31.00
-0.77, -0.66, -0.84, 7.33, 6.13, -39.96
-0.48, -0.68, -0.76, 7.32, 6.63, -55.23
-0.28, -0.70, -0.68, 6.83, 10.33, -47.24
0.03, -0.70, -0.66, 2.36, 1.49, -36.07
0.27, -0.67, -0.66, -4.99, 0.82, -15.57
0.39, -0.60, -0.58, -14.93, 0.98, 3.54
0.40, -0.56, -0.50, -29.42, 8.82, 24.24
0.36, -0.56, -0.50, -39.41, 12.82, 31.84
0.21, -0.55, -0.54, -50.62, 15.72, 39.17
0.02, -0.54, -0.57, -54.54, 18.38, 48.51
-0.06, -0.55, -0.60, -52.90, 3.34, 50.14
-0.10, -0.64, -0.67, -41.04, -11.96, 37.29
-0.38, -0.71, -0.85, -35.45, -38.44, 3.56
-0.82, -0.66, -0.85, -16.50, -39.15, -21.09
-0.88, -0.64, -0.86, 4.71, -8.99, -35.70
-0.63, -0.69, -0.84, 7.15, 2.43, -54.96
-0.43, -0.72, -0.75, 5.85, 16.51, -52.03
-0.11, -0.72, -0.67, -2.96, 22.37, -36.68
0.27, -0.69, -0.63, -10.46, 16.05, -23.11
0.41, -0.61, -0.59, -18.94, 3.66, -9.21
0.39, -0.56, -0.56, -30.02, 3.41, 9.91
0.34, -0.55, -0.57, -37.85, -3.22, 17.22
0.14, -0.57, -0.60, -48.04, 3.84, 23.11
-0.03, -0.58, -0.60, -48.92, 7.04, 29.39
-0.13, -0.60, -0.65, -42.23, -14.54, 18.71
-0.28, -0.66, -0.80, -25.35, -35.68, -2.39
-0.58, -0.67, -0.90, -10.89, -42.27, -28.05
-0.76, -0.64, -0.88, 2.16, -5.86, -36.73
-0.58, -0.62, -0.80, 7.50, 8.81, -47.48
-0.29, -0.66, -0.69, 2.77, 13.69, -45.00
-0.03, -0.68, -0.63, -4.26, 14.83, -28.84
0.20, -0.63, -0.60, -10.06, -1.93, -23.84
0.20, -0.56, -0.62, -11.78, -13.74, -19.34
0.10, -0.52, -0.64, -14.08, -12.47, -9.90
0.08, -0.54, -0.61, -24.88, -5.00, 2.98
0.12, -0.56, -0.59, -29.18, 3.91, 14.57
0.11, -0.54, -0.64, -31.52, 12.97, 23.68
0.03, -0.55, -0.64, -32.62, 15.46, 29.60
-0.03, -0.62, -0.65, -30.98, 4.26, 26.30
-0.14, -0.70, -0.72, -23.29, -23.47, 14.65
-0.35, -0.72, -0.83, -7.26, -41.12, -8.96
-0.60, -0.68, -0.90, 6.61, -29.54, -28.22
-0.67, -0.64, -0.83, 13.00, -3.12, -43.63
-0.52, -0.64, -0.72, 7.26, 11.70, -47.31
-0.25, -0.68, -0.65, 3.52, 16.72, -40.07
0.06, -0.68, -0.63, 1.19, 8.43, -33.51
0.18, -0.65, -0.62, -4.50, -1.10, -21.04
0.24, -0.62, -0.60, -8.09, 3.15, -2.32
0.32, -0.56, -0.58, -14.81, 13.38, 18.00
0.36, -0.52, -0.55, -24.06, 24.39, 31.22
0.28, -0.52, -0.55, -32.81, 30.08, 42.12
0.12, -0.53, -0.57, -41.46, 31.77, 48.46
0.01, -0.55, -0.62, -41.82, 12.96, 49.42
-0.15, -0.58, -0.72, -27.53, -9.28, 36.24
-0.39, -0.60, -0.87, -9.38, -22.37, 11.50
-0.73, -0.65, -0.87, 0.82, -30.58, -19.43
-0.79, -0.75, -0.81, 12.00, 10.92, -23.48
-0.52, -0.80, -0.73, 6.74, 23.76, -35.64
-0.23, -0.78, -0.66, 4.96, 30.06, -36.49
-0.02, -0.71, -0.65, -0.85, 22.95, -28.32
0.24, -0.67, -0.63, -7.84, 15.52, -9.57
0.39, -0.62, -0.62, -13.42, 12.26, 8.88
0.44, -0.55, -0.58, -25.01, 19.35, 23.16
0.35, -0.53, -0.53, -38.07, 29.92, 33.53
0.19, -0.57, -0.53, -48.06, 38.67, 44.18
0.07, -0.57, -0.57, -52.48, 24.30, 47.12
-0.06, -0.56, -0.69, -39.13, -19.72, 35.28
-0.29, -0.58, -0.86, -14.25, -46.79, 9.94
-0.65, -0.63, -0.95, 5.59, -44.57, -22.01
-0.86, -0.69, -0.87, 12.03, 0.98, -34.54
-0.66, -0.74, -0.72, 10.22, 21.99, -41.53
-0.29, -0.74, -0.65, 9.31, 17.37, -42.82
0.03, -0.72, -0.65, 4.00, 5.29, -30.99
0.25, -0.68, -0.66, 0.34, 7.82, -9.36
0.41, -0.61, -0.62, -8.64, 8.46, 4.37
0.41, -0.57, -0.55, -21.25, 25.43, 21.32
0.33, -0.57, -0.51, -37.05, 33.11, 31.06
0.21, -0.59, -0.53, -47.85, 34.18, 42.43
0.09, -0.56, -0.59, -49.58, 20.07, 48.63
0.00, -0.51, -0.68, -36.81, -15.30, 39.23
-0.22, -0.53, -0.81, -14.17, -30.89, 20.62
-0.58, -0.63, -0.86, -7.55, -30.98, -10.23
-0.80, -0.68, -0.80, 4.08, 1.43, -18.39
-0.55, -0.71, -0.72, 5.57, 21.47, -23.10
-0.22, -0.73, -0.64, 1.04, 11.63, -29.62
-0.02, -0.71, -0.63, -0.46, -2.30, -21.23
0.15, -0.66, -0.68, -0.80, -6.52, -8.70
0.25, -0.61, -0.71, -3.51, -2.41, -1.92
0.18, -0.59, -0.65, -12.97, 4.31, 2.35
0.11, -0.61, -0.61, -21.22, 16.46, 12.06
0.11, -0.63, -0.63, -26.78, 17.39, 20.27
0.10, -0.62, -0.65, -27.55, 14.56, 27.87
0.08, -0.61, -0.66, -27.54, 6.08, 32.13
0.04, -0.62, -0.67, -24.00, -8.01, 29.98
-0.08, -0.62, -0.72, -13.90, -24.15, 16.51
-0.36, -0.62, -0.80, -3.05, -23.32, -3.14
-0.62, -0.65, -0.83, 1.00, -6.97, -19.83
-0.62, -0.67, -0.75, 3.83, 10.33, -26.65
-0.36, -0.68, -0.67, 2.75, 6.63, -32.45
-0.13, -0.69, -0.65, 0.42, -2.18, -30.46
0.03, -0.67, -0.67, 2.38, -5.10, -22.84
0.15, -0.63, -0.67, 0.14, 2.15, -8.92
0.22, -0.59, -0.63, -8.42, 6.77, 0.43
0.20, -0.58, -0.58, -18.56, 18.62, 16.48
0.21, -0.60, -0.57, -30.15, 23.71, 26.12
0.19, -0.61, -0.55, -37.55, 21.93, 37.59
0.15, -0.61, -0.60, -38.69, 10.56, 42.78
0.08, -0.61, -0.65, -35.22, -1.00, 41.09
-0.12, -0.65, -0.74, -27.61, -11.38, 24.30
-0.46, -0.68, -0.82, -18.12, -20.92, -4.30
-0.72, -0.68, -0.84, -0.71, -9.59, -20.73
-0.64, -0.72, -0.80, 5.09, -3.14, -34.87
-0.43, -0.76, -0.74, 8.58, -12.11, -47.73
-0.26, -0.72, -0.71, 9.70, -10.57, -46.63
0.00, -0.70, -0.70, 9.27, -6.27, -34.94
0.22, -0.63, -0.67, 3.53, 1.75, -18.09
0.32, -0.55, -0.61, -5.53, 13.45, -2.36
0.34, -0.50, -0.51, -21.01, 22.75, 18.03
0.34, -0.53, -0.47, -34.91, 26.58, 28.42
0.26, -0.57, -0.52, -43.00, 20.20, 38.18
0.11, -0.57, -0.57, -43.80, 13.75, 46.33
0.01, -0.58, -0.62, -40.11, -1.36, 45.99
-0.13, -0.63, -0.72, -27.10, -22.66, 32.01
-0.45, -0.70, -0.81, -12.31, -30.47, 2.37
-0.76, -0.77, -0.83, -0.20, -19.67, -25.60
-0.77, -0.78, -0.82, 8.53, 5.40, -38.59
-0.51, -0.76, -0.75, 13.12, -2.49, -52.94
-0.21, -0.76, -0.72, 11.85, -5.25, -49.28
0.09, -0.74, -0.72, 8.33, 1.95, -34.16
0.27, -0.64, -0.64, 4.84, -8.12, -31.27
0.24, -0.61, -0.60, -3.35, -2.28, -17.83
0.23, -0.59, -0.63, -11.89, 10.77, -1.12
0.24, -0.52, -0.58, -22.41, 21.71, 18.47
0.27, -0.49, -0.52, -27.48, 25.93, 32.50
0.23, -0.52, -0.56, -31.01, 28.00, 41.96
0.10, -0.56, -0.59, -35.85, 29.08, 50.04
0.04, -0.60, -0.56, -38.78, 16.89, 54.60
0.01, -0.66, -0.59, -34.48, -10.99, 48.58
-0.14, -0.71, -0.74, -25.72, -26.21, 28.23
-0.51, -0.75, -0.79, -13.77, -35.02, -2.94
-0.78, -0.76, -0.86, 3.95, -2.35, -24.57
-0.72, -0.77, -0.83, 11.69, 15.80, -42.44
-0.52, -0.77, -0.70, 14.07, 20.08, -53.61
-0.25, -0.78, -0.65, 10.16, 7.79, -55.95
0.03, -0.76, -0.64, 5.14, 4.54, -38.50
0.33, -0.67, -0.62, -1.28, 7.06, -13.10
0.51, -0.55, -0.53, -9.42, 2.69, 1.73
0.46, -0.50, -0.47, -20.74, 7.20, 18.53
0.34, -0.50, -0.52, -28.31, 10.65, 25.26
0.12, -0.53, -0.59, -37.43, 14.21, 30.52
-0.08, -0.53, -0.63, -38.74, 10.19, 33.85
-0.13, -0.53, -0.67, -32.32, -10.16, 28.88
-0.20, -0.57, -0.73, -19.24, -26.52, 17.12
-0.35, -0.65, -0.78, -7.56, -16.96, 2.77
-0.49, -0.73, -0.74, -7.79, 13.30, -7.10
-0.42, -0.76, -0.69, -10.32, 38.66, -7.24
-0.12, -0.72, -0.65, -10.87, 37.82, -3.61
0.14, -0.69, -0.63, -19.13, 24.64, 6.17
0.26, -0.70, -0.60, -25.08, 14.18, 12.76
0.22, -0.67, -0.60, -29.56, 11.00, 18.07
0.12, -0.60, -0.63, -31.57, 16.11, 21.14
0.03, -0.57, -0.66, -33.49, 21.92, 22.91
-0.09, -0.57, -0.67, -34.93, 25.73, 24.98
-0.13, -0.62, -0.67, -32.68, 12.34, 23.12
-0.13, -0.67, -0.66, -31.18, -3.72, 18.64
-0.14, -0.70, -0.68, -24.96, -21.10, 12.69
-0.14, -0.68, -0.71, -18.53, -22.19, 9.12
-0.15, -0.66, -0.73, -13.76, -11.23, 6.93
-0.16, -0.65, -0.72, -14.14, 5.96, 4.23
-0.13, -0.63, -0.69, -17.28, 15.48, 3.29
-0.07, -0.62, -0.69, -19.04, 13.90, 6.99
0.01, -0.62, -0.67, -21.47, 2.38, 8.64
0.03, -0.63, -0.66, -24.10, -7.38, 11.02
0.00, -0.64, -0.67, -23.31, -12.25, 11.51
-0.06, -0.64, -0.67, -26.33, -9.24, 14.21
-0.09, -0.64, -0.67, -26.65, -6.61, 13.23
-0.11, -0.64, -0.67, -28.50, -0.38, 11.88
-0.12, -0.63, -0.67, -28.42, 2.60, 10.76
-0.14, -0.64, -0.67, -28.09, 1.54, 7.47
-0.15, -0.66, -0.68, -29.04, -2.56, 6.21
-0.15, -0.69, -0.68, -27.21, -7.46, 0.36
-0.16, -0.70, -0.70, -24.94, -6.81, -0.50
-0.15, -0.68, -0.71, -22.89, -4.46, -5.11
-0.14, -0.67, -0.71, -18.94, -1.42, -7.76
-0.12, -0.66, -0.71, -18.56, 2.68, -8.28
-0.09, -0.65, -0.71, -19.26, 2.51, -8.07
-0.07, -0.64, -0.71, -18.82, 2.74, -8.54
-0.04, -0.62, -0.71, -19.61, -1.70, -8.17
-0.05, -0.60, -0.73, -19.88, -4.11, -7.92
-0.06, -0.59, -0.73, -19.00, -4.91, -6.10
-0.07, -0.59, -0.71, -20.35, -3.39, -6.21
-0.08, -0.60, -0.71, -20.37, -1.60, -5.90
-0.10, -0.61, -0.71, -19.91, -0.16, -6.54
-0.12, -0.60, -0.71, -18.09, -0.33, -7.06
-0.12, -0.59, -0.70, -18.69, -0.54, -7.42
-0.11, -0.60, -0.70, -17.81, 1.25, -10.08
-0.12, -0.60, -0.70, -18.65, 3.60, -10.17
-0.12, -0.59, -0.69, -18.99, 5.26, -10.66
-0.11, -0.60, -0.68, -19.60, 2.74, -10.76
-0.09, -0.61, -0.68, -19.19, -5.03, -12.60
-0.08, -0.61, -0.69, -19.06, -10.08, -11.48
-0.08, -0.59, -0.71, -16.00, -14.64, -13.74
-0.09, -0.59, -0.72, -15.92, -14.42, -14.61
-0.11, -0.59, -0.72, -14.08, -10.78, -14.64
-0.11, -0.59, -0.72, -13.64, -6.70, -14.58
-0.10, -0.61, -0.72, -12.52, -4.55, -13.06
-0.09, -0.61, -0.72, -10.31, -5.17, -13.43
-0.09, -0.59, -0.73, -8.60, -5.12, -13.87
-0.09, -0.59, -0.74, -6.66, -3.46, -14.01
-0.10, -0.59, -0.73, -7.00, -0.23, -13.32
-0.10, -0.59, -0.73, -6.85, 0.18, -13.46
-0.10, -0.59, -0.72, -5.79, -1.75, -13.04
-0.08, -0.60, -0.71, -6.64, -2.79, -10.90
-0.04, -0.61, -0.71, -6.17, -5.51, -10.61
-0.03, -0.61, -0.71, -7.03, -4.65, -8.51
-0.04, -0.60, -0.70, -7.80, 1.22, -5.99
-0.05, -0.60, -0.69, -8.91, 6.83, -5.52
-0.06, -0.60, -0.69, -10.50, 10.07, -5.00
-0.06, -0.61, -0.69, -11.82, 7.09, -4.52
-0.05, -0.63, -0.68, -12.77, 4.35, -3.10
-0.04, -0.64, -0.67, -11.41, -0.03, -2.27
-0.04, -0.63, -0.67, -11.20, -2.07, -2.87
-0.05, -0.63, -0.68, -11.34, -0.29, -3.39
-0.08, -0.63, -0.68, -11.78, 4.66, -3.35
-0.10, -0.64, -0.68, -11.91, 7.18, -3.53
-0.09, -0.65, -0.66, -14.28, 9.28, -3.14
-0.06, -0.66, -0.64, -14.48, 3.30, -6.09
-0.04, -0.66, -0.66, -14.23, 0.85, -6.17
-0.03, -0.63, -0.69, -12.06, -1.13, -7.28
-0.05, -0.62, -0.69, -11.29, 2.05, -6.95
-0.07, -0.64, -0.68, -12.18, 1.52, -7.50
-0.06, -0.68, -0.67, -12.42, -1.04, -7.44
-0.05, -0.68, -0.70, -11.04, -2.32, -7.67
-0.04, -0.65, -0.71, -9.83, -2.13, -10.65
-0.05, -0.64, -0.70, -9.25, 0.58, -12.00
-0.06, -0.66, -0.70, -9.47, 5.00, -12.52
-0.07, -0.68, -0.69, -10.56, 7.97, -12.78
-0.07, -0.69, -0.70, -9.71, 10.32, -14.72
-0.06, -0.69, -0.71, -10.03, 8.05, -15.16
-0.04, -0.68, -0.72, -7.14, 8.97, -17.09
-0.02, -0.67, -0.72, -3.88, 7.30, -19.17
-0.03, -0.68, -0.73, -1.77, 8.62, -20.20
-0.03, -0.69, -0.72, -1.92, 8.45, -22.03
-0.03, -0.69, -0.72, 0.02, 5.18, -21.75
0.00, -0.69, -0.72, 3.46, 3.21, -22.25
0.02, -0.72, -0.70, 2.05, 3.08, -21.82
0.02, -0.73, -0.69, 2.92, 4.57, -23.40
0.01, -0.70, -0.69, 7.44, 6.68, -26.11
0.01, -0.67, -0.69, 9.28, 8.41, -26.18
0.01, -0.66, -0.67, 9.38, 8.98, -26.71
0.01, -0.67, -0.65, 10.00, 8.99, -25.54
0.03, -0.67, -0.63, 10.46, 9.07, -25.77
0.04, -0.67, -0.62, 9.25, 9.58, -23.25
0.05, -0.66, -0.60, 7.85, 8.05, -22.07
0.05, -0.65, -0.60, 8.69, 4.33, -21.00
0.06, -0.65, -0.59, 8.37, 1.21, -19.49
0.07, -0.66, -0.60, 6.16, -1.97, -19.32
0.07, -0.68, -0.60, 6.45, 1.40, -15.48
0.07, -0.68, -0.61, 6.05, 7.15, -16.59
0.04, -0.68, -0.60, 4.85, 11.59, -18.07
0.02, -0.69, -0.59, 3.57, 9.65, -19.42
0.02, -0.70, -0.60, 1.95, 1.58, -20.15
0.06, -0.71, -0.61, 1.69, -5.29, -20.34
0.09, -0.73, -0.61, 1.55, -9.50, -21.47
0.09, -0.74, -0.60, -0.45, -7.99, -23.57
0.06, -0.76, -0.60, -3.53, -4.03, -26.26
0.02, -0.75, -0.61, -3.77, -1.06, -29.28
0.02, -0.73, -0.62, -0.79, -8.08, -34.63
0.05, -0.74, -0.66, 1.49, -11.10, -34.72
0.09, -0.74, -0.68, 5.70, -7.42, -35.52
0.11, -0.73, -0.67, 8.00, 4.15, -35.76
0.12, -0.75, -0.63, 6.92, 13.86, -35.92
0.13, -0.76, -0.61, 4.21, 16.96, -34.10
0.19, -0.75, -0.61, 4.26, 18.03, -30.44
0.27, -0.73, -0.61, 4.58, 15.85, -25.46
0.31, -0.72, -0.60, 3.47, 19.67, -17.73
0.33, -0.72, -0.56, -0.14, 30.69, -10.35
0.34, -0.74, -0.51, -8.55, 38.38, -3.70
0.34, -0.75, -0.48, -16.80, 41.28, 0.52
0.35, -0.74, -0.49, -24.49, 39.50, 4.18
0.36, -0.74, -0.51, -26.71, 33.35, 7.80
0.32, -0.75, -0.52, -33.46, 27.35, 9.19
0.25, -0.75, -0.55, -31.71, 24.68, 10.95
0.20, -0.73, -0.59, -30.34, 21.85, 6.04
0.12, -0.75, -0.59, -29.24, 15.53, -2.35
0.07, -0.78, -0.63, -19.97, 8.52, -9.72
0.06, -0.80, -0.68, -13.58, 11.74, -16.85
0.01, -0.80, -0.68, -7.82, 21.96, -24.48
-0.01, -0.77, -0.66, -2.27, 32.29, -27.84
0.09, -0.72, -0.63, 5.89, 36.07, -28.54
0.21, -0.71, -0.58, 7.45, 32.82, -25.03
0.27, -0.71, -0.53, 8.68, 26.48, -23.10
0.26, -0.70, -0.50, 7.21, 26.25, -19.41
0.27, -0.69, -0.48, 6.32, 30.43, -12.19
0.35, -0.69, -0.46, 1.76, 34.33, -0.17
0.46, -0.68, -0.45, -5.12, 35.11, 12.83
0.52, -0.70, -0.43, -12.31, 26.47, 23.31
0.52, -0.73, -0.44, -19.06, 21.83, 32.42
0.46, -0.76, -0.48, -29.07, 14.03, 36.51
0.29, -0.73, -0.56, -25.66, 7.95, 29.55
0.04, -0.68, -0.61, -19.16, -3.08, 14.71
-0.16, -0.70, -0.75, -4.31, -7.17, -3.66
-0.32, -0.77, -0.71, -0.76, -24.37, -30.59
-0.32, -0.80, -0.65, 4.11, -7.89, -35.06
-0.02, -0.72, -0.61, 10.41, 7.75, -41.79
0.16, -0.64, -0.53, 17.05, 9.57, -45.94
0.23, -0.65, -0.47, 11.88, 22.17, -35.52
0.42, -0.69, -0.42, 1.23, 23.46, -18.18
0.68, -0.71, -0.37, -10.56, 19.46, 0.00
0.85, -0.70, -0.35, -21.56, 12.29, 16.36
0.87, -0.70, -0.38, -33.57, 8.47, 35.53
0.74, -0.74, -0.40, -50.19, 7.03, 45.97
0.58, -0.76, -0.49, -48.16, 13.93, 57.28
0.42, -0.73, -0.58, -46.28, 18.04, 53.61
0.16, -0.74, -0.60, -45.74, -4.35, 36.44
-0.12, -0.76, -0.65, -24.37, -18.85, 19.99
-0.24, -0.78, -0.76, -4.96, -26.90, -15.02
-0.46, -0.82, -0.77, -0.97, -6.45, -42.28
-0.46, -0.81, -0.70, 10.75, 40.54, -46.14
-0.04, -0.73, -0.58, 19.88, 56.79, -47.59
0.33, -0.78, -0.45, 17.50, 41.16, -41.76
0.53, -0.77, -0.40, 5.18, 31.11, -22.99
0.70, -0.70, -0.38, -1.48, 25.87, 2.99
0.83, -0.63, -0.33, -10.47, 23.19, 20.69
0.84, -0.66, -0.30, -23.62, 21.57, 33.14
0.67, -0.74, -0.35, -38.70, 17.12, 37.02
0.42, -0.74, -0.40, -47.94, 14.48, 39.08
0.30, -0.72, -0.43, -45.59, -2.13, 36.69
0.29, -0.75, -0.55, -31.70, -38.04, 23.92
0.05, -0.79, -0.76, -14.12, -50.72, 0.60
-0.39, -0.79, -0.81, 1.52, -27.00, -30.03
-0.51, -0.79, -0.69, 10.37, 22.03, -43.16
-0.19, -0.79, -0.55, 13.64, 37.33, -54.79
0.18, -0.83, -0.47, 15.62, 26.95, -55.47
0.44, -0.85, -0.43, 10.22, 10.16, -43.32
0.62, -0.79, -0.45, 6.72, 12.88, -19.41
0.75, -0.65, -0.44, 6.52, 2.86, -7.54
0.74, -0.64, -0.35, -8.36, 15.04, 14.54
0.77, -0.69, -0.32, -21.11, 19.98, 27.44
0.67, -0.73, -0.32, -36.55, 22.57, 33.72
0.48, -0.74, -0.34, -50.77, 28.12, 37.73
0.42, -0.72, -0.39, -60.48, 15.07, 39.58
0.39, -0.74, -0.45, -54.91, -22.92, 34.35
0.28, -0.78, -0.66, -29.84, -46.96, 25.58
-0.07, -0.80, -0.81, -16.15, -46.52, -8.04
-0.49, -0.83, -0.75, -1.15, -9.04, -36.29
-0.50, -0.82, -0.70, 9.45, 40.68, -50.46
-0.16, -0.80, -0.58, 16.01, 46.57, -64.00
0.18, -0.82, -0.47, 20.85, 33.91, -62.71
0.48, -0.84, -0.48, 13.94, 29.39, -33.71
0.78, -0.74, -0.46, 17.17, 26.90, -13.76
0.87, -0.67, -0.27, 4.27, 13.48, -1.31
0.86, -0.70, -0.26, -10.07, 24.11, 25.22
0.88, -0.70, -0.25, -30.26, 21.58, 39.69
0.72, -0.71, -0.23, -47.53, 17.58, 43.74
0.50, -0.70, -0.30, -60.56, 16.09, 44.69
0.36, -0.68, -0.36, -64.00, -2.65, 41.54
0.28, -0.69, -0.55, -48.01, -30.61, 35.97
0.11, -0.72, -0.70, -27.42, -52.25, 15.07
-0.23, -0.78, -0.78, -4.95, -47.73, -16.81
-0.48, -0.80, -0.78, 6.32, -5.88, -34.57
-0.36, -0.79, -0.63, 17.35, 29.51, -50.01
-0.06, -0.77, -0.49, 23.57, 27.42, -62.45
0.23, -0.83, -0.46, 20.71, 0.58, -54.03
0.53, -0.83, -0.55, 27.57, 6.54, -22.65
0.80, -0.72, -0.44, 23.70, -10.03, -10.55
0.88, -0.70, -0.26, 8.38, 5.23, 20.27
0.97, -0.73, -0.19, -13.49, 19.97, 41.56
0.92, -0.73, -0.15, -34.09, 29.52, 49.41
0.67, -0.74, -0.23, -56.80, 30.60, 55.32
0.48, -0.71, -0.30, -64.00, 23.89, 60.37
0.44, -0.70, -0.35, -64.00, -15.55, 54.81
0.36, -0.73, -0.60, -48.74, -50.60, 51.47
0.07, -0.76, -0.81, -33.51, -64.00, 17.84
-0.42, -0.75, -0.78, -11.27, -64.00, -19.05
-0.60, -0.79, -0.81, 17.13, 5.23, -32.67
-0.35, -0.82, -0.71, 23.21, 40.70, -52.62
-0.04, -0.83, -0.51, 25.86, 46.86, -58.95
0.28, -0.86, -0.45, 21.46, 26.94, -47.51
0.64, -0.88, -0.43, 12.31, 20.79, -21.39
0.89, -0.78, -0.33, 4.59, 5.23, -0.04
0.96, -0.74, -0.21, -11.29, 6.10, 22.49
0.95, -0.75, -0.18, -29.77, 13.17, 40.38
0.79, -0.77, -0.23, -52.29, 12.01, 48.33
0.50, -0.75, -0.30, -64.00, 14.67, 53.42
0.38, -0.71, -0.34, -64.00, 12.26, 56.33
0.36, -0.71, -0.52, -53.90, -15.75, 49.20
0.13, -0.70, -0.71, -34.98, -46.59, 25.90
-0.29, -0.69, -0.80, -8.47, -54.65, -8.73
-0.57, -0.72, -0.80, 14.20, -28.36, -35.06
-0.53, -0.79, -0.71, 26.15, 24.21, -54.36
-0.23, -0.82, -0.53, 31.47, 34.06, -64.00
0.09, -0.85, -0.44, 27.24, 20.18, -64.00
0.46, -0.88, -0.48, 21.05, 13.65, -43.00
0.78, -0.79, -0.44, 24.01, -4.81, -29.94
0.86, -0.72, -0.29, 8.68, -9.64, -5.04
0.90, -0.75, -0.23, -7.94, 7.75, 20.89
0.89, -0.73, -0.19, -28.42, 14.95, 33.67
0.68, -0.73, -0.21, -46.36, 22.95, 40.41
0.46, -0.73, -0.31, -59.78, 18.27, 39.71
0.32, -0.70, -0.37, -62.73, 5.66, 39.58
0.28, -0.71, -0.43, -57.34, -31.66, 33.01
0.20, -0.76, -0.58, -34.57, -61.00, 20.56
-0.02, -0.81, -0.75, -15.83, -64.00, -7.37
-0.38, -0.81, -0.79, 2.88, -45.89, -31.77
-0.46, -0.80, -0.70, 17.70, 10.48, -51.45
-0.22, -0.78, -0.56, 26.79, 29.99, -64.00
0.08, -0.83, -0.46, 24.51, 20.27, -64.00
0.47, -0.89, -0.44, 11.41, 19.52, -32.85
0.89, -0.81, -0.39, 6.89, 10.01, -3.48
1.06, -0.70, -0.26, -6.04, -5.93, 18.75
0.98, -0.72, -0.17, -26.46, 4.71, 36.14
0.86, -0.78, -0.22, -44.11, 8.63, 45.79
0.59, -0.79, -0.29, -63.03, 11.91, 48.62
0.36, -0.75, -0.36, -64.00, 4.23, 46.48
0.24, -0.69, -0.48, -55.64, -27.38, 35.16
0.14, -0.72, -0.67, -28.51, -51.57, 18.35
-0.19, -0.81, -0.85, -8.61, -64.00, -20.05
-0.56, -0.81, -0.84, 11.87, -21.33, -39.77
-0.49, -0.78, -0.70, 29.16, 30.14, -59.47
-0.18, -0.78, -0.52, 34.46, 34.34, -64.00
0.20, -0.86, -0.41, 20.78, 30.87, -56.47
0.68, -0.89, -0.41, 15.15, 26.02, -21.47
1.03, -0.74, -0.33, 9.28, 4.82, -2.29
1.01, -0.67, -0.16, -9.70, 4.57, 24.20
0.93, -0.71, -0.12, -33.26, 14.31, 44.14
0.79, -0.74, -0.19, -54.83, 14.01, 51.22
0.52, -0.72, -0.24, -64.00, 12.82, 55.06
0.37, -0.66, -0.31, -64.00, 0.78, 58.29
0.34, -0.65, -0.46, -60.13, -32.06, 54.17
0.23, -0.73, -0.70, -41.67, -52.85, 40.09
-0.19, -0.78, -0.78, -25.76, -64.00, -1.10
-0.62, -0.78, -0.81, 5.44, -40.98, -28.03
-0.59, -0.82, -0.82, 20.29, 22.48, -41.48
-0.25, -0.84, -0.63, 27.40, 45.96, -63.06
0.07, -0.85, -0.47, 28.79, 44.42, -62.51
0.51, -0.89, -0.45, 14.40, 33.45, -32.86
0.90, -0.88, -0.41, 0.97, 20.85, 0.49
1.09, -0.77, -0.24, -13.69, 12.13, 26.95
1.08, -0.73, -0.13, -34.64, 10.52, 43.27
0.84, -0.79, -0.19, -61.18, 4.92, 50.46
0.51, -0.80, -0.27, -64.00, 11.49, 54.74
0.30, -0.72, -0.33, -64.00, -0.10, 48.05
0.20, -0.69, -0.51, -60.53, -21.86, 42.23
0.06, -0.71, -0.73, -40.54, -34.46, 24.02
-0.26, -0.74, -0.76, -19.44, -50.39, -11.52
-0.53, -0.76, -0.79, 8.70, -13.51, -26.36
-0.43, -0.79, -0.75, 19.93, 29.05, -42.67
-0.14, -0.78, -0.56, 23.99, 46.12, -48.86
0.17, -0.80, -0.43, 22.83, 36.06, -45.64
0.48, -0.83, -0.41, 14.02, 16.49, -30.71
0.69, -0.82, -0.40, 3.54, 11.62, -1.57
0.87, -0.73, -0.30, -9.34, 8.82, 22.31
0.93, -0.72, -0.18, -28.13, 10.33, 39.16
0.82, -0.77, -0.21, -51.14, 6.10, 47.57
0.55, -0.77, -0.29, -64.00, 3.75, 51.86
0.33, -0.72, -0.39, -64.00, -11.09, 46.83
0.19, -0.72, -0.58, -46.94, -37.32, 34.24
-0.06, -0.77, -0.75, -29.89, -54.91, 11.10
-0.41, -0.77, -0.85, -0.14, -55.19, -26.65
-0.63, -0.77, -0.82, 20.86, 2.00, -42.59
-0.43, -0.80, -0.67, 28.87, 39.14, -62.79
-0.09, -0.82, -0.50, 30.29, 34.16, -64.00
0.24, -0.87, -0.45, 20.26, 22.99, -57.12
0.62, -0.86, -0.48, 16.21, 16.94, -29.57
0.87, -0.74, -0.36, 8.58, 2.72, -12.20
0.92, -0.72, -0.21, -8.99, 8.22, 17.82
0.99, -0.75, -0.20, -32.74, 21.29, 40.50
0.90, -0.77, -0.19, -57.36, 19.75, 50.39
0.60, -0.76, -0.24, -64.00, 20.19, 56.70
0.39, -0.70, -0.33, -64.00, 3.01, 53.83
0.28, -0.68, -0.48, -64.00, -21.64, 51.15
0.13, -0.72, -0.70, -47.97, -50.35, 28.84
-0.27, -0.71, -0.76, -21.41, -64.00, -6.01
-0.61, -0.73, -0.82, 9.54, -41.66, -32.61
-0.59, -0.79, -0.80, 22.17, 19.85, -46.10
-0.28, -0.81, -0.61, 31.82, 45.61, -60.90
0.10, -0.82, -0.46, 30.67, 45.93, -55.45
0.49, -0.86, -0.42, 18.38, 37.71, -27.54
0.86, -0.85, -0.37, 6.40, 16.12, -2.16
1.03, -0.77, -0.26, -8.95, 10.16, 26.35
1.02, -0.75, -0.17, -29.57, 5.68, 41.13
0.84, -0.79, -0.19, -56.23, 1.43, 49.40
0.52, -0.78, -0.28, -64.00, 9.33, 54.51
0.29, -0.69, -0.39, -64.00, -3.98, 49.58
0.15, -0.65, -0.53, -54.54, -34.24, 34.75
-0.05, -0.70, -0.73, -34.88, -46.87, 17.51
-0.37, -0.73, -0.82, -12.71, -63.89, -21.70
-0.64, -0.73, -0.83, 13.96, -13.02, -33.10
-0.47, -0.74, -0.72, 27.26, 36.25, -46.75
-0.11, -0.78, -0.53, 32.30, 43.62, -56.47
0.21, -0.83, -0.43, 31.29, 30.46, -47.57
0.56, -0.86, -0.44, 15.38, 25.15, -17.46
0.86, -0.80, -0.38, 6.63, 21.96, 14.09
1.00, -0.73, -0.17, -17.72, 12.76, 30.27
0.96, -0.80, -0.11, -37.60, 4.45, 41.44
0.73, -0.84, -0.22, -64.00, -1.29, 48.60
0.45, -0.75, -0.31, -64.00, -1.75, 53.04
0.29, -0.69, -0.42, -64.00, -14.53, 50.14
0.18, -0.72, -0.61, -49.76, -32.81, 38.47
-0.06, -0.74, -0.72, -37.42, -43.37, 16.02
-0.42, -0.77, -0.76, -16.95, -49.40, -15.58
-0.58, -0.76, -0.80, 11.89, -9.27, -28.36
-0.34, -0.78, -0.74, 23.41, 31.26, -39.08
-0.07, -0.79, -0.56, 28.34, 40.21, -47.16
0.21, -0.81, -0.46, 24.37, 29.69, -45.70
0.42, -0.86, -0.43, 12.90, 12.85, -31.56
0.63, -0.87, -0.42, 2.18, 4.16, -7.55
0.79, -0.78, -0.37, -5.69, 6.74, 16.32
0.85, -0.75, -0.24, -25.52, 4.42, 27.46
0.77, -0.83, -0.22, -49.96, 8.26, 41.44
0.57, -0.81, -0.30, -64.00, 5.70, 45.64
0.35, -0.71, -0.37, -64.00, -6.42, 45.94
0.22, -0.68, -0.49, -57.15, -39.74, 35.97
0.01, -0.73, -0.69, -37.93, -63.66, 17.37
-0.35, -0.74, -0.82, -12.12, -64.00, -24.42
-0.70, -0.71, -0.85, 13.70, -22.29, -43.47
-0.60, -0.73, -0.74, 28.56, 34.31, -57.00
-0.20, -0.75, -0.56, 36.98, 46.47, -64.00
0.16, -0.81, -0.47, 34.76, 32.67, -60.42
0.54, -0.88, -0.43, 18.03, 22.34, -30.77
0.88, -0.83, -0.39, 5.88, 17.70, 1.86
1.06, -0.74, -0.23, -11.80, 0.12, 25.55
1.01, -0.79, -0.14, -33.89, 0.40, 40.74
0.81, -0.85, -0.21, -62.90, 0.38, 47.77
0.50, -0.82, -0.30, -64.00, 6.69, 51.69
0.28, -0.71, -0.40, -64.00, -2.62, 51.09
0.14, -0.65, -0.60, -54.44, -31.89, 38.51
-0.10, -0.66, -0.79, -25.05, -47.59, 14.64
-0.44, -0.73, -0.81, -2.51, -49.81, -24.06
-0.66, -0.80, -0.78, 14.93, 2.81, -33.62
-0.39, -0.79, -0.67, 27.61, 42.44, -47.32
-0.03, -0.76, -0.50, 31.25, 41.80, -52.95
0.32, -0.84, -0.41, 18.79, 24.39, -40.06
0.61, -0.89, -0.43, 6.87, 20.93, -11.13
0.87, -0.81, -0.37, 0.50, 6.32, 6.22
0.87, -0.78, -0.23, -20.03, 5.31, 22.77
0.83, -0.84, -0.23, -41.72, 1.25, 35.32
0.66, -0.83, -0.32, -60.85, 0.61, 40.88
0.41, -0.75, -0.39, -64.00, 9.40, 43.87
0.26, -0.70, -0.47, -64.00, -4.76, 38.01
0.10, -0.70, -0.61, -48.78, -24.94, 27.41
-0.12, -0.71, -0.77, -25.13, -34.70, 1.90
-0.44, -0.71, -0.83, 1.06, -33.45, -30.98
-0.59, -0.73, -0.81, 22.20, 12.45, -40.76
-0.33, -0.75, -0.68, 35.22, 40.36, -52.38
-0.02, -0.80, -0.51, 35.87, 29.61, -59.91
0.26, -0.88, -0.45, 25.95, 24.80, -38.81
0.60, -0.85, -0.44, 20.63, 31.08, -13.61
0.84, -0.75, -0.29, 4.01, 18.38, -0.63
0.87, -0.79, -0.11, -21.06, 18.74, 26.99
0.90, -0.84, -0.15, -43.38, 8.62, 37.01
0.73, -0.82, -0.26, -61.18, 1.30, 42.08
0.41, -0.75, -0.35, -64.00, 3.31, 43.66
0.21, -0.70, -0.46, -64.00, -14.61, 35.60
0.05, -0.68, -0.62, -46.16, -40.99, 20.78
-0.16, -0.68, -0.82, -13.34, -52.60, -4.89
-0.48, -0.72, -0.86, 6.74, -30.94, -30.39
-0.59, -0.76, -0.75, 21.98, 27.53, -45.62
-0.31, -0.73, -0.59, 33.87, 43.61, -58.43
0.07, -0.79, -0.45, 29.15, 24.22, -57.99
0.39, -0.87, -0.46, 18.71, 17.38, -33.77
0.69, -0.81, -0.47, 18.36, 8.26, -18.64
0.75, -0.74, -0.34, 11.77, -6.37, -13.46
0.67, -0.80, -0.28, -8.38, 9.75, 8.47
0.70, -0.83, -0.29, -27.96, 22.22, 22.26
0.71, -0.81, -0.27, -43.33, 23.33, 31.88
0.59, -0.81, -0.29, -56.01, 15.04, 35.64
0.42, -0.82, -0.38, -63.82, 6.85, 37.25
0.27, -0.78, -0.48, -62.51, -20.81, 27.71
0.04, -0.71, -0.64, -37.00, -46.55, 9.33
-0.20, -0.70, -0.80, -6.77, -50.32, -15.53
-0.44, -0.76, -0.79, 12.97, -17.22, -37.89
-0.45, -0.78, -0.64, 20.36, 30.08, -56.66
-0.19, -0.79, -0.53, 26.79, 30.75, -64.00
0.14, -0.82, -0.47, 21.50, 30.15, -49.16
0.61, -0.82, -0.46, 19.16, 28.37, -22.34
0.88, -0.76, -0.32, 10.15, 8.72, -6.78
0.91, -0.77, -0.18, -7.78, 10.55, 18.97
0.94, -0.78, -0.14, -33.99, 12.40, 37.10
0.83, -0.81, -0.17, -55.95, 11.96, 45.74
0.59, -0.80, -0.24, -64.00, 6.95, 51.69
0.40, -0.74, -0.33, -64.00, -4.35, 53.66
0.28, -0.70, -0.50, -64.00, -37.54, 39.88
0.01, -0.70, -0.73, -39.15, -58.95, 17.80
-0.39, -0.72, -0.83, -13.44, -64.00, -21.71
-0.71, -0.75, -0.83, 10.30, -20.21, -41.90
-0.55, -0.77, -0.77, 28.37, 38.02, -54.35
-0.18, -0.77, -0.60, 39.10, 41.09, -64.00
0.14, -0.85, -0.48, 35.73, 21.21, -64.00
0.46, -0.90, -0.50, 27.80, 18.26, -38.32
0.83, -0.81, -0.45, 24.13, 12.68, -15.71
0.93, -0.74, -0.23, 13.48, -2.29, -4.41
0.89, -0.78, -0.16, -12.27, 14.84, 23.81
0.92, -0.82, -0.20, -35.11, 26.43, 39.61
0.76, -0.81, -0.17, -62.65, 23.38, 43.71
0.48, -0.79, -0.23, -64.00, 12.25, 46.41
0.27, -0.71, -0.39, -64.00, -27.30, 37.68
0.08, -0.67, -0.65, -43.99, -64.00, 15.28
-0.26, -0.72, -0.91, -7.02, -64.00, -15.47
-0.66, -0.77, -0.84, 10.66, -39.95, -49.76
-0.65, -0.77, -0.67, 23.77, 34.74, -63.52
-0.26, -0.75, -0.53, 32.61, 37.61, -64.00
0.12, -0.81, -0.44, 26.24, 36.13, -64.00
0.63, -0.86, -0.46, 21.65, 37.36, -30.06
1.07, -0.77, -0.38, 16.91, 16.87, -2.64
1.14, -0.73, -0.20, 1.07, 14.26, 24.90
1.08, -0.77, -0.12, -23.88, 15.83, 42.27
0.86, -0.82, -0.18, -51.65, 12.04, 48.78
0.45, -0.78, -0.24, -64.00, 7.74, 45.66
0.20, -0.70, -0.33, -64.00, -15.64, 38.89
0.11, -0.67, -0.52, -50.00, -48.99, 26.10
-0.00, -0.71, -0.78, -21.04, -58.27, 5.32
-0.32, -0.76, -0.79, -4.12, -53.97, -29.77
-0.53, -0.81, -0.72, 8.93, 6.39, -39.80
-0.29, -0.77, -0.66, 26.05, 40.59, -57.40
0.02, -0.75, -0.52, 31.82, 32.49, -64.00
0.23, -0.84, -0.46, 27.43, 17.21, -56.44
0.54, -0.89, -0.49, 22.37, 2.85, -38.43
0.75, -0.81, -0.43, 18.29, -5.35, -22.28
0.79, -0.73, -0.32, 8.35, -3.51, -7.49
0.79, -0.74, -0.20, -12.20, 20.01, 15.58
0.83, -0.76, -0.16, -38.32, 30.75, 30.11
0.78, -0.78, -0.21, -54.47, 31.74, 40.63
0.60, -0.77, -0.27, -64.00, 28.22, 44.75
0.47, -0.75, -0.32, -64.00, 19.20, 49.72
0.39, -0.74, -0.42, -64.00, -15.44, 47.82
0.28, -0.73, -0.62, -41.94, -44.68, 37.64
-0.01, -0.74, -0.78, -16.55, -64.00, 3.93
-0.46, -0.77, -0.80, 14.64, -54.07, -34.76
-0.65, -0.81, -0.73, 25.77, 10.42, -51.53
-0.36, -0.82, -0.57, 33.60, 38.71, -64.00
-0.03, -0.82, -0.40, 33.60, 27.89, -64.00
0.41, -0.89, -0.35, 16.23, 29.21, -44.21
0.96, -0.84, -0.36, 9.31, 23.33, -8.35
1.21, -0.73, -0.21, -6.57, 3.91, 17.35
1.15, -0.74, -0.09, -27.62, 7.34, 42.39
0.97, -0.81, -0.15, -52.70, 10.65, 54.48
0.64, -0.80, -0.24, -64.00, 19.98, 57.53
0.36, -0.72, -0.29, -64.00, 6.26, 55.66
0.23, -0.63, -0.48, -64.00, -29.41, 46.23
0.09, -0.62, -0.77, -29.43, -54.96, 28.56
-0.27, -0.69, -0.78, -7.03, -64.00, -20.80
-0.69, -0.81, -0.74, 10.08, -21.24, -39.54
-0.54, -0.85, -0.69, 18.52, 37.40, -49.00
-0.08, -0.81, -0.51, 26.70, 36.96, -64.00
0.21, -0.83, -0.42, 25.42, 14.99, -63.12
0.58, -0.89, -0.45, 17.08, 7.98, -33.94
0.88, -0.83, -0.42, 12.74, -0.34, -12.06
0.95, -0.75, -0.27, 1.16, -4.43, 6.79
0.93, -0.78, -0.17, -21.51, 16.06, 33.18
0.91, -0.81, -0.19, -43.18, 17.33, 41.76
0.69, -0.80, -0.21, -64.00, 17.71, 45.00
0.43, -0.76, -0.28, -64.00, 17.96, 50.54
0.33, -0.70, -0.42, -64.00, -8.84, 45.23
0.19, -0.66, -0.59, -56.96, -41.43, 32.85
-0.05, -0.68, -0.80, -19.07, -55.90, 6.99
-0.40, -0.73, -0.77, -1.73, -45.26, -29.55
-0.56, -0.83, -0.67, 3.92, 21.05, -37.69
-0.24, -0.80, -0.58, 12.58, 45.06, -48.83
0.15, -0.76, -0.46, 16.47, 29.00, -51.84
0.40, -0.82, -0.41, 12.16, 8.12, -36.96
0.69, -0.86, -0.42, 2.12, 5.00, -8.46
0.87, -0.78, -0.34, -4.77, 0.39, 12.17
0.90, -0.71, -0.23, -18.76, 5.20, 29.98
0.85, -0.74, -0.20, -35.45, 7.24, 40.53
0.66, -0.77, -0.27, -55.57, 6.89, 45.46
0.44, -0.75, -0.34, -64.00, 14.68, 50.62
0.34, -0.71, -0.39, -64.00, -2.50, 46.19
0.25, -0.70, -0.59, -46.64, -38.66, 33.09
-0.01, -0.71, -0.79, -20.47, -51.85, 10.42
-0.37, -0.74, -0.82, 8.87, -44.43, -26.43
-0.56, -0.82, -0.76, 18.82, 9.37, -37.79
-0.30, -0.84, -0.63, 27.41, 30.28, -55.04
0.05, -0.83, -0.49, 28.68, 18.45, -63.93
0.31, -0.87, -0.46, 23.48, 1.15, -52.75
0.57, -0.87, -0.45, 15.95, -5.39, -35.01
0.72, -0.78, -0.40, 11.11, -2.52, -21.33
0.75, -0.72, -0.32, 0.10, 1.69, -5.50
0.78, -0.74, -0.27, -19.03, 21.54, 18.98
0.82, -0.74, -0.25, -33.40, 26.85, 33.45
0.74, -0.76, -0.26, -52.36, 22.45, 40.58
0.49, -0.78, -0.31, -64.00, 21.88, 43.90
0.33, -0.74, -0.38, -64.00, 8.22, 42.14
0.25, -0.70, -0.49, -58.23, -27.68, 32.40
0.10, -0.69, -0.70, -17.21, -53.35, 14.16
-0.15, -0.77, -0.79, 2.87, -52.43, -15.91
-0.44, -0.86, -0.73, 9.62, -10.42, -34.98
-0.41, -0.84, -0.60, 20.30, 37.44, -49.57
-0.07, -0.78, -0.47, 26.97, 31.78, -63.50
0.23, -0.85, -0.40, 21.35, 4.95, -57.44
0.57, -0.91, -0.43, 9.24, 3.16, -22.55
0.90, -0.78, -0.40, 10.71, -0.61, -0.64
0.93, -0.64, -0.23, -3.58, -10.01, 9.78
0.79, -0.72, -0.16, -23.99, 5.54, 29.21
0.69, -0.74, -0.24, -41.93, 10.44, 36.74
0.51, -0.72, -0.30, -55.20, 14.67, 40.29
0.36, -0.69, -0.33, -63.69, 15.53, 44.63
0.38, -0.67, -0.37, -64.00, 8.72, 52.41
0.43, -0.70, -0.46, -53.79, -23.96, 49.53
0.34, -0.76, -0.62, -32.17, -48.01, 47.06
0.06, -0.81, -0.71, -21.17, -54.89, 13.90
-0.40, -0.81, -0.75, 0.75, -43.26, -19.60
-0.56, -0.83, -0.72, 14.43, 10.52, -30.80
-0.27, -0.86, -0.64, 24.39, 36.73, -49.05
0.01, -0.85, -0.50, 28.95, 23.47, -63.17
0.23, -0.90, -0.45, 21.33, 0.08, -56.59
0.52, -0.94, -0.45, 9.02, 3.54, -22.94
0.86, -0.81, -0.42, 7.20, 2.00, -1.40
0.94, -0.66, -0.28, -4.20, -0.67, 13.54
0.87, -0.70, -0.19, -25.05, 14.24, 31.50
0.76, -0.74, -0.24, -48.97, 17.70, 39.89
0.49, -0.75, -0.28, -64.00, 24.64, 42.56
0.32, -0.69, -0.33, -64.00, 24.91, 47.71
0.32, -0.64, -0.39, -64.00, -0.60, 47.79
0.33, -0.67, -0.53, -45.92, -32.60, 44.12
0.23, -0.77, -0.68, -34.68, -42.30, 33.38
-0.14, -0.83, -0.68, -27.20, -39.54, 1.38
-0.45, -0.82, -0.70, -2.19, -9.32, -18.95
-0.38, -0.82, -0.75, 11.02, 36.75, -29.67
-0.13, -0.82, -0.64, 21.20, 43.46, -43.22
0.11, -0.83, -0.51, 20.61, 34.19, -43.86
0.33, -0.85, -0.47, 17.20, 13.86, -36.88
0.52, -0.85, -0.44, 7.85, 4.58, -19.07
0.68, -0.78, -0.38, -2.85, 1.15, 1.53
0.77, -0.70, -0.28, -18.15, 4.21, 18.88
0.78, -0.70, -0.21, -35.62, 11.45, 30.55
0.71, -0.74, -0.22, -54.66, 13.38, 38.89
0.53, -0.73, -0.30, -64.00, 15.54, 46.19
0.39, -0.68, -0.38, -64.00, 2.97, 47.22
0.30, -0.67, -0.52, -48.48, -21.33, 41.34
0.14, -0.73, -0.71, -31.56, -35.88, 27.09
-0.19, -0.77, -0.75, -15.15, -43.49, -4.35
-0.46, -0.79, -0.74, 7.72, -9.01, -20.50
-0.34, -0.83, -0.70, 11.19, 26.79, -30.39
-0.06, -0.84, -0.55, 19.19, 33.98, -36.77
0.23, -0.80, -0.44, 19.54, 26.79, -34.83
0.47, -0.83, -0.38, 9.25, 9.93, -20.49
0.69, -0.87, -0.36, -8.37, 3.33, 2.86
0.82, -0.81, -0.34, -20.17, 1.43, 26.12
0.80, -0.75, -0.25, -37.04, 0.13, 34.87
0.66, -0.78, -0.24, -55.88, 1.90, 43.28
0.48, -0.75, -0.33, -64.00, -1.70, 48.13
0.34, -0.69, -0.44, -61.53, -13.79, 45.05
0.18, -0.70, -0.59, -47.06, -20.41, 40.56
-0.04, -0.76, -0.71, -37.74, -37.31, 11.21
-0.39, -0.74, -0.76, -13.31, -43.46, -18.22
-0.56, -0.72, -0.82, 11.57, -0.20, -29.90
-0.36, -0.76, -0.75, 26.38, 34.96, -43.30
-0.06, -0.80, -0.57, 34.33, 37.25, -56.37
0.16, -0.84, -0.48, 31.36, 19.92, -53.26
0.45, -0.89, -0.46, 17.00, 20.37, -26.21
0.76, -0.86, -0.38, 6.43, 20.53, 1.74
0.92, -0.76, -0.24, -11.40, 14.90, 20.37
0.93, -0.74, -0.13, -31.53, 12.44, 36.43
0.78, -0.79, -0.20, -55.40, 7.12, 45.34
0.51, -0.78, -0.27, -64.00, 5.17, 50.19
0.33, -0.72, -0.33, -64.00, -4.96, 51.47
0.29, -0.72, -0.47, -62.81, -36.89, 43.87
0.12, -0.75, -0.66, -45.30, -57.52, 30.23
-0.25, -0.74, -0.75, -25.70, -64.00, -6.99
-0.62, -0.71, -0.78, 8.59, -31.58, -29.73
-0.56, -0.75, -0.78, 19.00, 28.03, -39.86
-0.24, -0.79, -0.61, 28.39, 44.92, -52.65
0.07, -0.79, -0.48, 28.58, 41.52, -51.72
0.38, -0.83, -0.47, 19.23, 19.79, -42.64
0.58, -0.87, -0.44, 6.05, 0.29, -18.48
0.75, -0.84, -0.40, -3.97, 1.47, 9.76
0.88, -0.75, -0.30, -18.15, 3.18, 26.37
0.84, -0.77, -0.24, -38.87, 6.99, 36.54
0.61, -0.82, -0.30, -62.26, 15.44, 46.24
0.40, -0.77, -0.37, -64.00, 19.46, 50.06
0.26, -0.68, -0.44, -64.00, -1.55, 43.67
0.17, -0.68, -0.57, -48.47, -32.99, 33.65
-0.07, -0.72, -0.76, -28.17, -56.03, 4.64
-0.44, -0.71, -0.80, -2.55, -50.30, -23.76
-0.58, -0.75, -0.76, 13.38, 16.24, -31.85
-0.29, -0.78, -0.63, 21.05, 46.41, -42.70
0.04, -0.78, -0.49, 25.54, 47.90, -46.15
0.30, -0.82, -0.43, 19.76, 29.38, -37.96
0.51, -0.87, -0.43, 9.93, 5.69, -25.20
0.63, -0.83, -0.44, 1.13, 0.46, 0.02
0.69, -0.73, -0.40, -4.07, 1.94, 13.31
0.67, -0.71, -0.26, -18.32, 6.63, 21.70
0.62, -0.78, -0.24, -36.21, 5.26, 30.57
0.52, -0.80, -0.33, -50.19, 3.40, 38.87
0.37, -0.74, -0.39, -56.62, 0.12, 41.11
0.27, -0.71, -0.43, -58.86, -16.91, 38.49
0.23, -0.73, -0.54, -46.25, -38.27, 35.87
0.09, -0.77, -0.68, -28.59, -51.96, 20.92
-0.21, -0.80, -0.74, -16.56, -42.36, -8.24
-0.51, -0.80, -0.75, 1.50, -13.51, -28.76
-0.45, -0.78, -0.74, 17.39, 31.07, -39.73
-0.16, -0.77, -0.65, 28.22, 33.47, -52.81
0.07, -0.82, -0.53, 27.56, 27.61, -54.13
0.27, -0.88, -0.53, 23.44, 20.20, -41.48
0.52, -0.85, -0.51, 15.80, 18.76, -21.17
0.69, -0.78, -0.38, 6.98, 14.67, -2.68
0.80, -0.76, -0.24, -11.54, 16.20, 15.55
0.82, -0.80, -0.18, -31.98, 12.77, 28.07
0.67, -0.82, -0.24, -51.86, 11.01, 34.61
0.42, -0.82, -0.31, -64.00, 8.62, 37.52
0.25, -0.77, -0.39, -64.00, 0.18, 36.90
0.19, -0.72, -0.49, -59.98, -26.69, 29.08
0.08, -0.74, -0.61, -36.66, -47.72, 15.71
-0.14, -0.76, -0.75, -16.42, -51.46, -9.49
-0.40, -0.77, -0.80, 0.47, -24.39, -28.49
-0.47, -0.76, -0.75, 14.31, 29.38, -36.38
-0.21, -0.74, -0.64, 23.10, 48.66, -45.01
0.09, -0.77, -0.53, 26.59, 34.98, -47.66
0.32, -0.82, -0.50, 20.31, 20.48, -31.58
0.54, -0.81, -0.50, 16.24, 15.15, -14.36
0.66, -0.74, -0.38, 3.97, 10.54, 1.95
0.70, -0.74, -0.26, -13.34, 12.88, 20.31
0.72, -0.77, -0.22, -34.84, 10.38, 29.87
0.61, -0.80, -0.25, -51.76, 8.82, 38.18
0.41, -0.78, -0.32, -63.01, 5.58, 39.21
0.29, -0.76, -0.39, -64.00, -7.16, 37.61
0.21, -0.74, -0.52, -54.64, -37.93, 27.31
0.05, -0.75, -0.67, -35.73, -57.44, 12.04
-0.23, -0.78, -0.77, -13.35, -54.50, -16.54
-0.49, -0.79, -0.82, 8.17, -12.36, -35.28
-0.46, -0.76, -0.76, 26.79, 38.24, -50.01
-0.21, -0.77, -0.59, 35.88, 40.11, -64.00
0.09, -0.86, -0.51, 33.97, 23.60, -58.43
0.42, -0.89, -0.56, 27.89, 24.98, -32.36
0.69, -0.78, -0.50, 29.96, 7.74, -28.84
0.69, -0.78, -0.28, 11.45, 4.14, -13.78
0.68, -0.81, -0.24, -9.48, 11.64, 3.86
0.71, -0.78, -0.24, -31.54, 22.29, 20.64
0.68, -0.75, -0.24, -43.64, 21.31, 28.59
0.55, -0.78, -0.29, -58.67, 15.77, 32.56
0.37, -0.80, -0.36, -64.00, 13.30, 36.28
0.29, -0.77, -0.44, -64.00, -13.00, 30.94
0.17, -0.75, -0.56, -46.12, -49.05, 17.54
-0.04, -0.77, -0.73, -19.28, -63.10, -5.22
-0.34, -0.80, -0.81, -1.53, -42.08, -30.91
-0.49, -0.79, -0.75, 12.15, 11.79, -50.57
-0.33, -0.73, -0.65, 29.76, 40.94, -62.37
-0.02, -0.74, -0.55, 37.95, 33.87, -64.00
0.27, -0.83, -0.51, 27.31, 27.28, -49.17
0.63, -0.83, -0.47, 23.75, 23.05, -29.33
0.80, -0.73, -0.33, 16.51, -8.62, -19.02
0.80, -0.74, -0.21, -5.32, 8.82, 13.25
0.89, -0.74, -0.20, -25.10, 12.15, 30.17
0.81, -0.72, -0.17, -46.01, 21.68, 40.96
0.59, -0.76, -0.20, -64.00, 22.72, 46.61
0.39, -0.76, -0.29, -64.00, 12.04, 47.85
0.30, -0.73, -0.39, -64.00, -25.20, 40.66
0.21, -0.77, -0.61, -50.95, -59.25, 31.29
-0.08, -0.78, -0.80, -26.88, -64.00, -8.70
-0.55, -0.78, -0.80, 2.66, -50.63, -36.78
-0.61, -0.81, -0.79, 18.63, 28.93, -48.46
-0.28, -0.79, -0.67, 32.64, 46.66, -64.00
-0.01, -0.81, -0.52, 39.32, 32.37, -64.00
0.32, -0.85, -0.49, 32.63, 22.46, -50.27
0.64, -0.82, -0.46, 32.42, 5.84, -33.68
0.80, -0.75, -0.34, 18.05, -6.29, -19.39
0.81, -0.73, -0.20, 0.36, -8.59, 0.20
0.82, -0.73, -0.16, -21.79, 5.07, 21.90
0.80, -0.72, -0.19, -42.16, 13.46, 32.91
0.61, -0.75, -0.24, -61.35, 15.18, 36.16
0.39, -0.76, -0.32, -64.00, 16.21, 40.36
0.33, -0.72, -0.41, -64.00, 0.19, 42.70
0.28, -0.72, -0.51, -53.40, -35.61, 33.19
0.13, -0.76, -0.67, -25.83, -59.61, 13.74
-0.19, -0.84, -0.75, -12.08, -64.00, -21.50
-0.50, -0.85, -0.76, 0.43, -26.01, -40.95
-0.44, -0.76, -0.71, 19.61, 23.73, -54.52
-0.13, -0.71, -0.57, 27.85, 31.91, -64.00
0.18, -0.80, -0.45, 25.13, 18.92, -64.00
0.53, -0.87, -0.45, 17.35, 14.31, -36.49
0.89, -0.78, -0.45, 11.15, 7.05, -8.87
0.99, -0.68, -0.31, -2.80, 1.51, 11.20
0.92, -0.70, -0.21, -23.16, 11.88, 32.41
0.82, -0.76, -0.21, -45.79, 17.99, 44.31
0.60, -0.78, -0.22, -64.00, 14.05, 44.14
0.32, -0.74, -0.28, -64.00, -1.84, 43.05
0.24, -0.67, -0.43, -64.00, -32.41, 44.04
0.21, -0.64, -0.68, -32.42, -55.36, 32.22
0.02, -0.71, -0.78, -11.29, -64.00, 2.65
-0.41, -0.86, -0.72, -0.63, -47.76, -24.05
-0.53, -0.89, -0.69, 7.16, 28.08, -29.37
-0.18, -0.79, -0.55, 19.45, 57.13, -48.43
0.09, -0.79, -0.47, 24.01, 30.50, -63.76
0.27, -0.90, -0.46, 14.11, 5.60, -52.73
0.50, -0.93, -0.52, 11.04, 5.46, -24.38
0.79, -0.80, -0.51, 11.29, 8.49, -1.37
0.95, -0.69, -0.29, -1.65, 5.35, 14.44
0.93, -0.72, -0.18, -23.08, 8.91, 27.51
0.76, -0.76, -0.27, -44.27, 23.15, 38.07
0.48, -0.74, -0.34, -64.00, 35.10, 41.83
0.31, -0.69, -0.35, -64.00, 31.01, 44.29
0.32, -0.69, -0.41, -64.00, -2.02, 40.04
0.32, -0.74, -0.57, -51.63, -31.36, 34.63
0.13, -0.74, -0.71, -38.07, -45.14, 12.23
-0.23, -0.73, -0.72, -14.26, -44.78, -10.86
-0.37, -0.80, -0.73, 5.26, -14.63, -24.21
-0.25, -0.84, -0.72, 17.29, 19.47, -35.95
-0.08, -0.80, -0.59, 22.10, 36.65, -42.23
0.19, -0.80, -0.45, 19.95, 31.01, -42.94
0.44, -0.83, -0.40, 12.86, 9.73, -29.12
0.64, -0.79, -0.41, 7.51, 2.21, -8.59
0.74, -0.71, -0.37, -2.33, -1.83, 9.19
0.76, -0.69, -0.28, -18.56, 12.60, 28.16
0.74, -0.74, -0.22, -35.53, 13.94, 35.29
0.59, -0.78, -0.25, -53.37, 15.83, 41.10
0.41, -0.76, -0.33, -63.95, 15.55, 47.73
0.40, -0.73, -0.39, -64.00, 6.72, 50.97
0.38, -0.73, -0.50, -51.44, -19.51, 46.18
0.22, -0.76, -0.68, -37.20, -34.99, 33.55
-0.14, -0.79, -0.72, -24.90, -46.03, -1.58
-0.48, -0.80, -0.78, -0.04, -23.82, -29.03
-0.49, -0.80, -0.82, 18.59, 21.64, -41.47
-0.24, -0.78, -0.68, 29.88, 41.84, -57.25
0.05, -0.81, -0.53, 31.57, 35.19, -62.53
0.32, -0.88, -0.47, 25.50, 24.26, -47.08
0.65, -0.85, -0.45, 18.44, 16.86, -25.00
0.83, -0.75, -0.36, 4.34, 9.57, -1.84
0.88, -0.71, -0.24, -10.03, 14.35, 20.57
0.89, -0.73, -0.14, -35.00, 20.23, 33.92
0.76, -0.78, -0.15, -57.33, 17.61, 40.69
0.52, -0.78, -0.24, -64.00, 20.12, 45.38
0.35, -0.72, -0.31, -64.00, 8.05, 47.22
0.28, -0.68, -0.45, -64.00, -26.64, 39.93
0.17, -0.71, -0.65, -43.64, -51.89, 28.83
-0.15, -0.76, -0.74, -25.53, -64.00, -9.21
-0.51, -0.78, -0.76, 1.47, -45.61, -34.22
-0.50, -0.79, -0.77, 19.47, 16.16, -43.81
-0.20, -0.77, -0.65, 29.08, 31.79, -56.62
0.10, -0.79, -0.50, 31.11, 31.37, -55.02
0.39, -0.84, -0.45, 24.39, 17.20, -42.02
0.66, -0.82, -0.43, 13.87, 3.04, -22.15
0.79, -0.74, -0.35, 6.40, -8.43, -2.43
0.82, -0.71, -0.26, -13.06, -6.37, 17.07
0.82, -0.73, -0.22, -32.20, -0.63, 30.74
0.70, -0.74, -0.23, -50.14, -1.76, 35.59
0.51, -0.76, -0.29, -64.00, 1.44, 41.25
0.36, -0.75, -0.37, -64.00, -4.43, 43.32
0.27, -0.70, -0.47, -64.00, -25.84, 35.29
0.19, -0.69, -0.63, -44.08, -48.06, 25.32
0.01, -0.74, -0.80, -21.86, -55.42, 3.97
-0.32, -0.77, -0.85, 4.84, -44.87, -27.65
-0.50, -0.78, -0.82, 26.30, 17.54, -35.69
-0.26, -0.79, -0.68, 35.03, 53.26, -48.64
0.09, -0.81, -0.51, 35.44, 47.31, -51.45
0.38, -0.86, -0.41, 21.38, 32.87, -32.79
0.71, -0.86, -0.36, 8.56, 18.36, -9.13
0.91, -0.76, -0.31, -4.24, -0.21, 11.55
0.90, -0.71, -0.20, -24.27, -2.36, 30.13
0.78, -0.76, -0.17, -46.50, -3.71, 37.10
0.57, -0.79, -0.24, -64.00, -0.77, 42.23
0.37, -0.73, -0.33, -64.00, 7.18, 48.75
0.31, -0.66, -0.43, -64.00, -17.14, 43.96
0.24, -0.66, -0.60, -53.25, -39.60, 40.28
0.09, -0.71, -0.76, -36.92, -44.25, 20.03
-0.23, -0.75, -0.74, -22.73, -45.51, -9.88
-0.45, -0.74, -0.80, 4.33, -9.50, -26.39
-0.34, -0.72, -0.81, 19.73, 33.64, -34.35
-0.09, -0.75, -0.64, 22.14, 40.29, -41.74
0.13, -0.80, -0.54, 29.11, 21.22, -44.07
0.33, -0.80, -0.52, 27.10, 11.36, -33.20
0.54, -0.80, -0.50, 17.69, 16.57, -15.57
0.70, -0.78, -0.35, -1.16, 10.18, 1.14
0.77, -0.79, -0.21, -19.43, 14.31, 22.51
0.81, -0.79, -0.21, -35.51, 9.93, 32.30
0.66, -0.80, -0.26, -53.39, 6.30, 38.96
0.41, -0.83, -0.33, -63.03, 7.72, 41.73
0.30, -0.79, -0.41, -61.75, 4.94, 39.03
0.24, -0.77, -0.51, -51.79, -15.93, 31.35
0.12, -0.77, -0.62, -35.66, -37.95, 15.08
-0.09, -0.80, -0.70, -19.41, -47.47, -4.17
-0.30, -0.80, -0.81, 3.25, -31.11, -27.94
-0.35, -0.75, -0.76, 16.73, 16.18, -38.40
-0.15, -0.72, -0.62, 22.84, 38.05, -46.76
0.16, -0.76, -0.50, 22.92, 30.48, -44.95
0.42, -0.81, -0.48, 14.45, 18.03, -25.02
0.64, -0.78, -0.46, 4.08, 15.40, -1.04
0.77, -0.71, -0.33, -8.71, 14.90, 19.58
0.80, -0.71, -0.22, -26.27, 9.89, 30.68
0.70, -0.77, -0.25, -46.21, 3.99, 39.08
0.48, -0.78, -0.32, -64.00, 2.08, 43.82
0.33, -0.73, -0.38, -64.00, -1.13, 46.29
0.28, -0.71, -0.46, -58.14, -13.42, 42.51
0.19, -0.74, -0.63, -46.19, -25.33, 34.75
0.01, -0.78, -0.68, -41.84, -31.43, 13.88
-0.27, -0.77, -0.67, -22.74, -36.46, -12.72
-0.37, -0.76, -0.76, 3.15, -10.27, -21.22
-0.24, -0.78, -0.79, 13.52, 15.90, -34.25
-0.07, -0.77, -0.63, 21.04, 30.64, -43.32
0.10, -0.78, -0.52, 21.61, 26.45, -44.94
0.33, -0.82, -0.48, 16.43, 8.78, -40.16
0.47, -0.83, -0.46, 6.10, 5.88, -19.31
0.66, -0.76, -0.41, -3.26, 7.80, 2.53
0.75, -0.70, -0.30, -17.92, 6.72, 17.80
0.76, -0.74, -0.24, -36.59, 8.58, 30.90
0.66, -0.78, -0.28, -57.96, 4.66, 39.21
0.45, -0.76, -0.36, -64.00, 2.06, 45.28
0.32, -0.70, -0.43, -64.00, -12.95, 42.71
0.24, -0.69, -0.59, -47.54, -40.22, 37.64
0.06, -0.73, -0.76, -31.62, -54.37, 19.88
-0.28, -0.73, -0.77, -12.33, -49.54, -8.61
-0.50, -0.74, -0.77, 7.83, -13.57, -26.81
-0.38, -0.77, -0.75, 18.32, 28.73, -39.67
-0.13, -0.76, -0.61, 24.67, 41.19, -48.32
0.15, -0.79, -0.48, 22.76, 30.50, -49.21
0.39, -0.87, -0.44, 12.21, 14.29, -29.81
0.68, -0.87, -0.48, 2.48, 21.36, 2.11
0.86, -0.75, -0.39, -7.84, 17.44, 18.44
0.85, -0.73, -0.21, -27.31, 16.01, 31.72
0.74, -0.82, -0.24, -50.83, 9.24, 41.09
0.51, -0.81, -0.34, -64.00, 4.26, 47.78
0.29, -0.71, -0.42, -64.00, -12.37, 41.91
0.13, -0.65, -0.57, -51.69, -36.27, 31.54
0.00, -0.68, -0.75, -30.18, -46.72, 15.51
-0.26, -0.70, -0.78, -13.17, -51.79, -15.87
-0.50, -0.74, -0.78, 5.85, -0.13, -24.67
-0.38, -0.74, -0.74, 17.48, 33.79, -39.57
-0.10, -0.70, -0.61, 28.59, 41.90, -47.26
0.14, -0.74, -0.52, 28.57, 22.32, -49.98
0.34, -0.85, -0.50, 18.92, 3.56, -37.46
0.53, -0.84, -0.55, 14.97, 9.69, -16.82
0.66, -0.75, -0.44, 8.71, 1.74, -10.02
0.69, -0.78, -0.28, -8.98, 18.21, 13.67
0.76, -0.83, -0.29, -32.30, 22.27, 28.54
0.70, -0.81, -0.31, -47.70, 23.42, 38.34
0.49, -0.78, -0.34, -58.64, 18.42, 39.63
0.32, -0.76, -0.42, -63.79, 4.53, 37.96
0.19, -0.72, -0.53, -54.44, -23.69, 28.95
0.03, -0.69, -0.70, -29.06, -52.57, 13.08
-0.17, -0.69, -0.87, -3.77, -58.94, -14.73
-0.48, -0.72, -0.85, 13.67, -16.73, -37.04
-0.51, -0.71, -0.72, 27.82, 43.49, -53.20
-0.20, -0.70, -0.56, 35.13, 52.12, -64.00
0.13, -0.78, -0.48, 31.55, 30.19, -59.65
0.48, -0.87, -0.49, 22.43, 29.24, -29.10
0.80, -0.79, -0.48, 18.98, 13.56, -12.32
0.85, -0.72, -0.31, 6.29, 6.82, 1.12
0.79, -0.81, -0.19, -16.62, 14.16, 21.27
0.79, -0.84, -0.23, -43.32, 28.29, 40.65
0.73, -0.80, -0.26, -62.33, 26.00, 47.70
0.53, -0.74, -0.26, -64.00, 22.51, 52.54
0.38, -0.72, -0.37, -64.00, -9.45, 48.23
0.19, -0.71, -0.54, -54.50, -46.70, 34.82
-0.09, -0.70, -0.78, -26.63, -64.00, 4.06
-0.50, -0.70, -0.83, 2.01, -58.47, -31.14
-0.63, -0.75, -0.76, 13.21, 12.17, -44.98
-0.40, -0.74, -0.64, 23.43, 34.55, -62.37
-0.03, -0.73, -0.49, 32.53, 28.76, -64.00
0.33, -0.80, -0.47, 23.48, 19.18, -48.55
0.73, -0.83, -0.47, 17.04, 4.47, -25.70
0.85, -0.78, -0.36, 6.26, -8.50, -6.31
0.85, -0.77, -0.26, -9.53, 8.26, 24.17
0.90, -0.75, -0.24, -29.69, 24.26, 45.08
0.86, -0.77, -0.21, -53.11, 28.23, 57.37
0.63, -0.79, -0.25, -64.00, 24.28, 62.20
0.39, -0.75, -0.33, -64.00, 9.65, 63.25
0.26, -0.71, -0.50, -64.00, -22.63, 57.23
0.05, -0.68, -0.77, -53.64, -64.00, 34.61
-0.36, -0.66, -0.88, -24.22, -64.00, -13.08
-0.76, -0.70, -0.89, 7.61, -39.93, -35.52
-0.71, -0.78, -0.83, 15.42, 37.44, -49.69
-0.35, -0.78, -0.66, 26.88, 59.64, -62.51
0.04, -0.79, -0.51, 27.76, 51.80, -57.70
0.50, -0.85, -0.48, 17.48, 38.81, -31.66
0.90, -0.84, -0.45, 9.49, 24.68, 1.50
1.06, -0.76, -0.36, -5.25, 12.90, 23.40
0.99, -0.73, -0.27, -27.97, 28.33, 48.80
0.88, -0.77, -0.24, -54.08, 29.78, 58.15
0.64, -0.79, -0.24, -64.00, 31.17, 63.09
0.37, -0.75, -0.31, -64.00, 19.21, 64.00
0.19, -0.67, -0.54, -64.00, -12.29, 59.23
0.04, -0.62, -0.80, -56.72, -41.20, 37.96
-0.31, -0.65, -0.84, -30.82, -61.28, -1.94
-0.58, -0.71, -0.86, -2.82, -37.61, -23.53
-0.55, -0.76, -0.89, 15.18, 35.26, -27.93
-0.26, -0.78, -0.70, 24.03, 62.75, -40.04
0.05, -0.80, -0.52, 24.01, 55.92, -42.46
0.34, -0.86, -0.45, 15.60, 29.95, -34.49
0.55, -0.86, -0.43, 2.26, 6.86, -24.38
0.61, -0.77, -0.43, -1.59, -2.25, -14.86
0.58, -0.70, -0.39, -8.11, -0.87, -7.80
0.57, -0.71, -0.36, -20.77, 18.33, 9.31
0.62, -0.72, -0.38, -33.93, 30.50, 22.86
0.63, -0.69, -0.40, -42.50, 32.80, 29.51
0.52, -0.69, -0.40, -50.15, 34.51, 36.70
0.42, -0.71, -0.42, -54.36, 33.99, 40.74
0.35, -0.71, -0.45, -52.39, 17.95, 40.98
0.27, -0.71, -0.52, -41.27, -11.18, 37.34
0.17, -0.74, -0.62, -19.35, -29.13, 28.06
0.01, -0.82, -0.66, -10.99, -38.36, 6.61
-0.25, -0.84, -0.64, 2.73, -32.43, -16.19
-0.35, -0.80, -0.65, 15.07, 8.06, -23.09
-0.19, -0.76, -0.61, 18.87, 27.41, -34.33
0.01, -0.76, -0.50, 20.28, 23.66, -43.24
0.15, -0.78, -0.45, 18.97, 6.61, -42.41
0.33, -0.78, -0.47, 16.93, -6.26, -29.79
0.53, -0.77, -0.47, 12.96, -3.63, -10.52
0.66, -0.74, -0.41, 4.44, -5.43, 2.67
0.70, -0.77, -0.33, -9.23, 7.24, 23.16
0.70, -0.78, -0.32, -23.67, 12.88, 33.01
0.62, -0.79, -0.30, -37.53, 23.47, 42.33
0.48, -0.82, -0.30, -52.39, 25.03, 45.76
0.37, -0.83, -0.35, -61.08, 6.01, 45.50
0.25, -0.81, -0.46, -52.63, -24.74, 37.29
0.12, -0.80, -0.62, -35.42, -52.25, 21.11
-0.16, -0.80, -0.70, -18.29, -64.00, -10.69
-0.49, -0.79, -0.74, 5.07, -50.38, -34.47
-0.53, -0.78, -0.74, 15.77, 6.95, -44.17
-0.28, -0.75, -0.65, 24.39, 30.90, -59.66
-0.01, -0.75, -0.54, 29.01, 27.70, -61.88
0.28, -0.80, -0.50, 25.38, 14.75, -45.88
0.61, -0.79, -0.52, 25.32, 6.68, -28.04
0.75, -0.72, -0.47, 19.78, 2.74, -10.46
0.76, -0.71, -0.37, 6.85, 11.71, 7.90
0.75, -0.73, -0.32, -15.21, 26.97, 28.46
0.74, -0.73, -0.29, -34.57, 32.59, 39.89
0.61, -0.74, -0.26, -55.38, 31.74, 45.34
0.45, -0.74, -0.27, -64.00, 27.78, 52.91
0.38, -0.72, -0.34, -64.00, 7.78, 54.76
0.31, -0.66, -0.49, -61.41, -13.73, 55.02
0.15, -0.69, -0.62, -45.45, -38.08, 38.96
-0.12, -0.76, -0.61, -34.80, -57.71, 13.40
-0.38, -0.80, -0.69, -11.00, -53.50, -10.72
-0.48, -0.80, -0.77, 11.71, -16.25, -26.48
-0.37, -0.81, -0.73, 17.83, 26.98, -37.40
-0.11, -0.80, -0.60, 25.62, 39.58, -48.41
0.13, -0.80, -0.50, 27.74, 27.79, -50.28
0.41, -0.85, -0.47, 20.27, 8.93, -37.67
0.62, -0.87, -0.48, 9.44, 7.34, -16.65
0.71, -0.79, -0.46, 5.98, 3.36, -9.76
0.64, -0.78, -0.36, -5.97, 8.71, 1.58
0.60, -0.83, -0.34, -24.09, 21.84, 15.74
0.60, -0.81, -0.39, -34.98, 30.82, 25.46
0.52, -0.76, -0.36, -45.19, 34.16, 29.16
0.43, -0.76, -0.35, -53.10, 31.96, 35.54
0.38, -0.75, -0.38, -58.95, 16.60, 38.74
0.35, -0.73, -0.43, -56.44, -8.56, 39.72
0.28, -0.73, -0.51, -42.90, -26.33, 35.29
0.14, -0.75, -0.56, -35.82, -35.20, 19.47
-0.09, -0.78, -0.54, -29.01, -29.94, 2.97
-0.21, -0.77, -0.59, -17.01, -17.57, -11.38
-0.18, -0.76, -0.65, -5.41, 2.55, -15.76
-0.04, -0.77, -0.62, 1.78, 18.54, -17.04
0.12, -0.76, -0.55, 7.35, 21.98, -17.24
0.25, -0.76, -0.49, 8.00, 18.34, -14.12
0.38, -0.78, -0.45, 3.89, 8.58, -7.04
0.46, -0.79, -0.41, -3.73, 2.25, 6.01
0.53, -0.78, -0.38, -16.22, -0.42, 19.32
0.56, -0.78, -0.38, -26.40, -3.26, 28.26
0.51, -0.77, -0.37, -37.64, -7.10, 33.28
0.38, -0.79, -0.38, -43.76, -17.13, 28.25
0.24, -0.83, -0.47, -39.47, -20.55, 23.21
0.11, -0.86, -0.58, -41.24, -17.90, 15.64
-0.06, -0.84, -0.63, -36.85, -27.77, -8.85
-0.22, -0.77, -0.65, -14.21, -31.26, -18.81
-0.17, -0.76, -0.73, -0.71, -15.32, -23.68
-0.07, -0.76, -0.71, 8.47, -5.71, -34.23
-0.01, -0.74, -0.62, 15.17, 12.34, -35.25
0.14, -0.73, -0.57, 16.58, 16.61, -34.85
0.29, -0.75, -0.50, 12.40, 15.46, -24.08
0.46, -0.75, -0.44, 2.74, 17.98, -4.88
0.64, -0.71, -0.39, -8.93, 20.00, 16.67
0.74, -0.70, -0.31, -23.41, 13.79, 27.42
0.68, -0.75, -0.28, -39.51, 9.61, 36.41
0.50, -0.79, -0.29, -58.09, 8.67, 41.63
0.33, -0.78, -0.32, -64.00, 2.79, 42.52
0.24, -0.77, -0.42, -56.91, -12.88, 38.99
0.13, -0.80, -0.63, -49.62, -27.08, 32.43
-0.12, -0.77, -0.70, -35.86, -40.47, 0.70
-0.40, -0.74, -0.71, -4.95, -39.00, -18.40
-0.43, -0.78, -0.81, 12.03, -3.54, -28.55
-0.28, -0.79, -0.74, 22.51, 28.34, -41.39
-0.07, -0.77, -0.59, 28.08, 38.12, -47.81
0.19, -0.81, -0.51, 28.12, 23.16, -43.93
0.42, -0.85, -0.47, 19.94, 10.14, -27.89
0.63, -0.82, -0.46, 10.07, 15.94, -6.02
0.74, -0.72, -0.40, 1.03, 13.79, 7.54
0.72, -0.74, -0.26, -17.71, 18.88, 25.93
0.69, -0.79, -0.23, -36.95, 12.49, 34.75
0.55, -0.81, -0.27, -56.84, 7.09, 38.07
0.36, -0.77, -0.33, -64.00, 8.03, 41.99
0.25, -0.73, -0.40, -64.00, -6.64, 38.19
0.17, -0.72, -0.55, -55.03, -28.78, 33.70
0.05, -0.74, -0.68, -40.41, -37.51, 20.75
-0.18, -0.77, -0.71, -23.73, -41.87, -6.78
-0.42, -0.77, -0.75, -3.32, -21.42, -22.78
-0.35, -0.76, -0.79, 11.32, 23.26, -27.42
-0.13, -0.75, -0.69, 19.65, 38.47, -37.34
0.06, -0.78, -0.56, 22.78, 33.82, -36.71
0.24, -0.82, -0.52, 20.21, 14.45, -36.46
0.34, -0.82, -0.50, 17.45, -6.89, -32.04
0.39, -0.79, -0.51, 11.79, -2.03, -18.83
0.46, -0.73, -0.51, 13.38, -3.50, -16.85
0.40, -0.75, -0.40, 0.32, -2.47, -12.89
0.37, -0.81, -0.38, -14.39, 12.45, -1.63
0.44, -0.79, -0.38, -23.98, 18.99, 5.98
0.46, -0.76, -0.36, -30.60, 17.29, 8.33
0.40, -0.78, -0.40, -36.06, 11.20, 12.88
0.33, -0.81, -0.45, -39.56, 1.96, 11.71
0.27, -0.81, -0.47, -38.71, -6.07, 8.24
0.24, -0.81, -0.52, -36.56, -18.06, 5.06
0.20, -0.81, -0.56, -32.37, -22.39, 1.75
0.14, -0.79, -0.60, -26.07, -17.92, -7.29
0.06, -0.77, -0.62, -17.42, -7.86, -15.93
0.00, -0.75, -0.65, -6.88, 0.02, -23.35
-0.01, -0.75, -0.65, 3.42, 6.00, -29.08
0.05, -0.77, -0.61, 10.52, 9.66, -28.55
0.15, -0.80, -0.53, 11.11, 11.15, -25.63
0.27, -0.79, -0.47, 9.29, 9.00, -21.78
0.33, -0.74, -0.41, 3.59, 6.70, -17.01
0.38, -0.71, -0.35, -3.01, 9.99, -8.20
0.44, -0.71, -0.32, -13.42, 8.21, 0.84
0.48, -0.72, -0.30, -26.15, 10.31, 15.23
0.51, -0.72, -0.32, -30.85, 6.33, 23.59
0.47, -0.72, -0.34, -36.30, 2.75, 25.75
0.37, -0.74, -0.36, -43.18, 1.52, 27.22
0.32, -0.76, -0.40, -47.58, -0.45, 30.83
0.33, -0.77, -0.44, -49.17, -9.53, 35.19
0.31, -0.78, -0.48, -43.37, -28.58, 33.70
0.26, -0.79, -0.55, -29.25, -42.15, 28.67
0.13, -0.83, -0.63, -20.31, -43.04, 13.68
-0.11, -0.85, -0.67, -10.66, -38.59, -10.04
-0.28, -0.85, -0.72, 2.19, -18.16, -21.03
-0.24, -0.84, -0.75, 12.59, 1.92, -34.45
-0.12, -0.81, -0.69, 22.61, 10.05, -46.42
0.03, -0.82, -0.62, 27.40, 3.94, -53.82
0.18, -0.85, -0.57, 22.99, 0.54, -45.55
0.39, -0.82, -0.53, 17.12, 10.19, -29.29
0.55, -0.71, -0.48, 15.19, 5.25, -20.71
0.57, -0.66, -0.36, -0.14, 13.25, -4.66
0.62, -0.68, -0.32, -14.96, 17.26, 14.76
0.67, -0.67, -0.31, -30.88, 20.38, 25.39
0.61, -0.69, -0.34, -41.50, 19.68, 33.36
0.43, -0.72, -0.37, -50.90, 26.45, 38.71
0.32, -0.72, -0.38, -56.94, 28.86, 42.09
0.29, -0.74, -0.41, -60.72, 9.68, 45.38
0.27, -0.76, -0.52, -50.84, -27.50, 42.21
0.16, -0.77, -0.65, -26.02, -51.67, 26.34
-0.12, -0.85, -0.71, -20.49, -54.70, -4.10
-0.45, -0.89, -0.71, -10.43, -35.36, -29.01
-0.47, -0.83, -0.72, 5.29, 19.12, -34.14
-0.18, -0.76, -0.67, 15.99, 32.41, -45.84
0.09, -0.79, -0.55, 20.12, 18.09, -50.95
0.25, -0.86, -0.52, 18.40, 2.91, -41.29
0.47, -0.83, -0.58, 17.11, 11.53, -21.29
0.61, -0.71, -0.54, 16.65, 11.05, -17.81
0.56, -0.69, -0.36, 4.48, 12.25, -6.97
0.53, -0.75, -0.32, -9.70, 15.59, 6.05
0.51, -0.73, -0.35, -20.11, 9.64, 6.84
0.39, -0.70, -0.39, -25.64, 5.10, 4.97
0.21, -0.73, -0.44, -30.41, 9.01, 3.66
0.14, -0.75, -0.47, -28.53, 10.37, 4.00
0.18, -0.75, -0.51, -22.67, 4.29, 1.79
0.21, -0.76, -0.53, -14.37, -3.62, 0.96
0.24, -0.78, -0.53, -9.73, -4.54, 1.12
0.24, -0.81, -0.52, -7.35, 1.95, -0.68
0.24, -0.82, -0.49, -6.39, 10.46, -0.98
0.25, -0.82, -0.47, -5.61, 11.07, -1.48
0.28, -0.82, -0.45, -6.11, 8.63, -0.66
0.31, -0.83, -0.44, -9.34, 0.18, -2.89
0.32, -0.83, -0.44, -11.47, -6.49, -2.55
0.30, -0.83, -0.43, -13.09, -8.31, -2.88
0.28, -0.82, -0.42, -15.46, -3.03, -4.98
0.25, -0.82, -0.43, -18.90, 2.76, -7.35
0.23, -0.83, -0.44, -19.65, 3.15, -6.68
0.24, -0.83, -0.48, -18.16, 1.21, -6.74
0.27, -0.81, -0.52, -13.08, -3.05, -6.72
0.26, -0.78, -0.53, -7.41, -7.55, -8.19
0.23, -0.75, -0.55, -0.74, -4.77, -11.03
0.19, -0.72, -0.54, 4.95, 0.08, -14.57
0.18, -0.73, -0.51, 7.12, 2.86, -14.31
0.22, -0.75, -0.48, 2.84, 9.38, -6.77
0.36, -0.73, -0.41, -3.00, 16.84, 9.31
0.54, -0.69, -0.31, -13.65, 12.56, 23.29
0.62, -0.69, -0.26, -22.52, 3.22, 30.51
0.59, -0.73, -0.27, -36.47, -3.38, 36.80
0.49, -0.76, -0.30, -49.00, -1.27, 44.78
0.40, -0.78, -0.35, -56.29, -1.25, 48.78
0.34, -0.77, -0.46, -56.64, -19.63, 46.11
0.21, -0.77, -0.58, -37.66, -38.98, 33.51
0.00, -0.84, -0.70, -19.10, -46.18, 14.93
-0.29, -0.91, -0.75, -4.19, -37.39, -15.46
-0.47, -0.91, -0.77, 8.85, 12.55, -26.85
-0.29, -0.87, -0.69, 17.82, 41.45, -37.53
-0.01, -0.84, -0.56, 24.64, 30.32, -51.98
0.17, -0.87, -0.51, 23.02, 8.43, -48.05
0.38, -0.88, -0.52, 18.27, 6.81, -30.39
0.58, -0.81, -0.51, 18.26, -3.29, -23.40
0.58, -0.74, -0.39, 8.45, 4.53, -15.04
0.52, -0.72, -0.35, 0.92, 9.05, -5.33
0.48, -0.71, -0.30, -16.56, 27.12, 7.21
0.49, -0.72, -0.29, -28.13, 32.95, 14.59
0.44, -0.72, -0.30, -36.63, 30.85, 19.26
0.33, -0.74, -0.33, -43.88, 25.59, 20.79
0.27, -0.75, -0.36, -45.61, 17.04, 22.07
0.27, -0.76, -0.44, -42.15, 0.89, 23.19
0.26, -0.78, -0.45, -36.54, -17.24, 22.30
0.22, -0.80, -0.50, -29.14, -24.44, 19.83
0.16, -0.81, -0.53, -18.51, -19.84, 12.30
0.09, -0.87, -0.55, -11.05, -6.76, 2.57
0.01, -0.88, -0.55, -9.57, 7.94, -8.53
0.01, -0.88, -0.54, -7.71, 23.53, -8.49
0.17, -0.85, -0.52, -3.74, 24.69, -8.46
0.34, -0.83, -0.48, -3.33, 13.35, -8.00
0.36, -0.83, -0.45, -6.08, 4.42, -7.21
0.35, -0.83, -0.43, -10.30, 0.00, -6.28
0.33, -0.80, -0.42, -14.41, -2.12, -5.21
0.29, -0.77, -0.44, -16.37, -2.51, -4.89
0.28, -0.77, -0.44, -16.73, -2.37, -3.32
0.27, -0.77, -0.45, -17.41, -2.02, -3.22
0.26, -0.77, -0.46, -16.26, -2.50, -2.39
0.24, -0.77, -0.46, -14.24, -0.31, -2.62
0.24, -0.77, -0.46, -13.59, 1.01, -3.49
0.25, -0.78, -0.45, -14.24, 0.49, -2.01
0.26, -0.79, -0.45, -13.73, 0.77, -1.79
0.26, -0.78, -0.44, -14.38, 0.44, -1.12
0.26, -0.79, -0.44, -14.51, 0.85, -1.18
0.26, -0.79, -0.44, -16.25, -0.02, -0.83
0.27, -0.80, -0.44, -16.51, -1.32, -0.64
0.28, -0.80, -0.45, -17.36, -1.36, -0.18
0.29, -0.80, -0.46, -17.32, 0.65, -0.43
0.29, -0.80, -0.46, -17.44, 2.54, 0.97
0.30, -0.80, -0.47, -17.47, 4.32, 1.41
0.30, -0.80, -0.47, -17.04, 3.66, 1.60
0.30, -0.80, -0.47, -16.78, 1.98, 1.78
0.29, -0.80, -0.47, -17.67, 1.41, 2.39
0.28, -0.80, -0.46, -15.93, 0.10, 2.09
0.26, -0.80, -0.46, -16.26, 1.29, 1.01
0.26, -0.80, -0.45, -16.35, 1.58, 1.42
0.26, -0.80, -0.45, -16.40, 0.75, -0.46
0.27, -0.81, -0.45, -15.08, 1.22, 0.77
0.27, -0.80, -0.46, -14.68, -0.08, -0.31
0.27, -0.80, -0.46, -15.78, 0.25, 0.14
0.27, -0.80, -0.46, -14.94, -0.25, 0.96
0.26, -0.79, -0.46, -14.33, 0.57, -0.11
0.26, -0.79, -0.46, -13.87, 1.37, 0.48
0.26, -0.80, -0.46, -14.32, 0.42, 0.00
0.26, -0.80, -0.46, -14.89, 0.73, 0.08
0.26, -0.80, -0.46, -15.87, -0.26, 0.85
0.27, -0.80, -0.47, -15.12, -0.56, 0.88
0.27, -0.79, -0.47, -14.14, -1.54, 0.69
0.27, -0.78, -0.48, -13.34, -1.39, 1.16
0.26, -0.79, -0.48, -13.94, 0.15, 1.54
0.27, -0.79, -0.48, -14.17, 2.23, 1.14
0.27, -0.80, -0.47, -14.46, 2.81, 1.11
0.28, -0.80, -0.47, -15.92, 3.05, 1.94
0.29, -0.80, -0.46, -15.65, 1.69, 3.16
0.30, -0.81, -0.46, -16.12, 0.52, 3.91
0.30, -0.81, -0.45, -17.35, 0.46, 5.23
0.30, -0.82, -0.44, -18.86, 0.28, 7.38
0.32, -0.82, -0.43, -20.60, -0.07, 8.30
0.33, -0.82, -0.43, -21.97, -1.67, 9.71
0.31, -0.83, -0.43, -23.87, -6.42, 9.25
0.27, -0.84, -0.44, -24.72, -8.99, 7.59
0.22, -0.83, -0.46, -22.75, -11.38, 3.01
0.15, -0.81, -0.49, -20.82, -15.02, -4.34
0.06, -0.78, -0.55, -14.37, -18.19, -13.26
-0.01, -0.72, -0.61, -0.08, -20.38, -21.18
-0.01, -0.69, -0.64, 13.02, -14.51, -30.59
0.01, -0.73, -0.61, 20.23, -4.78, -40.70
0.03, -0.77, -0.54, 22.13, -0.53, -41.32
0.22, -0.79, -0.43, 18.51, 18.91, -20.01
0.63, -0.76, -0.39, 9.33, 26.42, 8.57
0.96, -0.73, -0.29, -10.86, 14.46, 28.29
0.98, -0.78, -0.14, -30.13, 15.15, 50.67
0.83, -0.84, -0.13, -54.40, 10.48, 58.39
0.56, -0.81, -0.18, -64.00, 1.94, 59.31
0.30, -0.78, -0.30, -64.00, -20.70, 55.82
0.18, -0.73, -0.61, -55.11, -36.10, 50.96
-0.11, -0.76, -0.72, -42.22, -64.00, 5.16
-0.63, -0.82, -0.71, -8.27, -64.00, -31.66
-0.76, -0.86, -0.81, 7.07, -4.32, -36.71
-0.42, -0.85, -0.72, 20.19, 44.22, -56.91
-0.12, -0.81, -0.56, 28.80, 41.03, -64.00
0.19, -0.84, -0.50, 29.77, 16.88, -58.42
0.53, -0.87, -0.49, 24.50, 9.74, -31.36
0.82, -0.81, -0.43, 14.19, 2.88, -6.88
0.87, -0.73, -0.28, -3.86, 4.60, 18.52
0.89, -0.71, -0.20, -24.56, 17.63, 39.64
0.85, -0.72, -0.21, -48.36, 17.34, 47.67
0.57, -0.74, -0.23, -64.00, 19.51, 49.99
0.34, -0.71, -0.27, -64.00, 24.65, 56.82
0.29, -0.68, -0.39, -64.00, 6.79, 57.68
0.22, -0.68, -0.62, -59.52, -22.44, 49.19
-0.07, -0.73, -0.69, -40.84, -51.67, 22.54
-0.46, -0.78, -0.70, -13.85, -57.25, -13.48
-0.69, -0.82, -0.79, 12.73, -17.43, -29.07
-0.53, -0.85, -0.73, 20.47, 40.07, -40.69
-0.18, -0.83, -0.54, 28.84, 44.54, -54.26
0.11, -0.82, -0.42, 27.26, 25.25, -49.49
0.47, -0.87, -0.43, 15.70, 17.64, -26.30
0.75, -0.84, -0.41, 3.76, 3.10, -6.89
0.81, -0.76, -0.34, -5.19, 4.47, 12.72
0.77, -0.74, -0.25, -24.71, 14.24, 28.98
0.74, -0.80, -0.24, -44.91, 11.63, 39.39
0.60, -0.83, -0.29, -64.00, 9.40, 46.96
0.42, -0.77, -0.35, -64.00, 12.85, 53.77
0.32, -0.71, -0.45, -64.00, -0.10, 51.36
0.18, -0.71, -0.61, -48.32, -18.60, 40.82
-0.08, -0.80, -0.69, -38.66, -32.11, 19.86
-0.42, -0.82, -0.69, -21.43, -39.52, -17.17
-0.63, -0.77, -0.77, 10.24, -3.08, -28.08
-0.45, -0.78, -0.73, 18.80, 30.50, -42.98
-0.15, -0.81, -0.55, 24.03, 35.06, -52.30
0.06, -0.84, -0.46, 22.72, 14.74, -56.95
0.25, -0.85, -0.47, 23.38, -10.66, -53.59
0.43, -0.83, -0.52, 21.79, -5.27, -32.62
0.55, -0.75, -0.55, 19.60, 2.78, -22.37
0.55, -0.71, -0.40, 9.98, 9.84, -16.24
0.52, -0.76, -0.31, -5.09, 19.36, -3.05
0.57, -0.80, -0.31, -24.83, 29.56, 12.09
0.59, -0.79, -0.31, -35.23, 30.87, 20.67
0.48, -0.77, -0.30, -44.24, 26.62, 27.05
0.38, -0.79, -0.32, -48.15, 17.91, 30.22
0.33, -0.79, -0.37, -51.72, 3.56, 32.34
0.29, -0.78, -0.42, -48.29, -10.76, 31.34
0.19, -0.76, -0.49, -36.25, -25.12, 22.69
0.05, -0.77, -0.56, -25.31, -20.89, 12.06
-0.09, -0.82, -0.55, -21.78, -8.45, -3.51
-0.14, -0.84, -0.57, -12.76, 4.77, -15.64
-0.04, -0.80, -0.58, -6.82, 21.45, -12.71
0.18, -0.79, -0.52, -3.53, 18.12, -10.89
0.33, -0.80, -0.46, -5.62, 9.66, -6.37
0.38, -0.79, -0.44, -9.23, 3.49, 0.06
0.39, -0.77, -0.43, -13.71, -1.57, 3.79
0.36, -0.76, -0.42, -17.03, -6.52, 6.47
0.30, -0.78, -0.45, -17.96, -10.59, 8.57
0.24, -0.79, -0.48, -19.33, -10.95, 6.36
0.16, -0.79, -0.51, -19.29, -6.21, 3.38
0.12, -0.79, -0.52, -15.89, -1.13, 0.03
0.13, -0.78, -0.52, -16.18, 2.80, -0.29
0.19, -0.78, -0.50, -15.29, 3.97, 0.50
0.25, -0.77, -0.47, -13.62, 0.06, 1.92
0.29, -0.78, -0.46, -15.05, -3.88, 3.38
0.28, -0.80, -0.47, -14.96, -6.86, 4.67
0.24, -0.81, -0.48, -16.91, -4.74, 3.40
0.23, -0.81, -0.47, -18.94, -4.12, 2.81
0.24, -0.80, -0.48, -19.29, -5.05, 5.16
0.26, -0.80, -0.48, -20.80, -4.01, 6.96
0.27, -0.80, -0.47, -23.17, -5.07, 8.24
0.27, -0.80, -0.46, -25.95, -4.48, 9.73
0.27, -0.80, -0.46, -28.75, -7.54, 9.86
0.25, -0.80, -0.47, -29.65, -5.60, 10.83
0.20, -0.79, -0.49, -26.85, -7.74, 5.21
0.14, -0.80, -0.50, -25.92, -9.96, -0.20
0.07, -0.84, -0.55, -22.09, -16.44, -6.51
0.02, -0.82, -0.62, -13.11, -17.67, -11.71
-0.00, -0.77, -0.64, -2.71, -13.22, -18.00
-0.00, -0.75, -0.63, 7.42, -6.62, -25.37
0.02, -0.76, -0.59, 12.93, 2.97, -31.32
0.08, -0.79, -0.55, 13.76, 5.31, -36.31
0.16, -0.81, -0.51, 11.61, 4.88, -33.13
0.28, -0.81, -0.47, 6.21, 4.24, -22.04
0.46, -0.78, -0.44, 1.63, 6.15, -7.83
0.60, -0.75, -0.39, -8.46, 8.40, 9.18
0.66, -0.76, -0.32, -22.12, 13.08, 22.45
0.62, -0.78, -0.31, -35.85, 17.65, 31.27
0.47, -0.79, -0.34, -50.44, 23.38, 35.75
0.33, -0.76, -0.36, -57.64, 18.04, 36.05
0.26, -0.75, -0.39, -55.14, 1.85, 34.09
0.23, -0.80, -0.50, -43.84, -20.93, 32.83
0.12, -0.83, -0.62, -41.06, -27.81, 19.30
-0.14, -0.77, -0.61, -27.04, -20.80, 2.05
-0.25, -0.74, -0.60, -10.46, -4.47, -11.70
-0.15, -0.80, -0.65, -2.30, 13.49, -15.71
-0.00, -0.83, -0.61, 0.99, 22.99, -19.34
0.14, -0.79, -0.52, 4.05, 25.09, -16.44
0.27, -0.78, -0.47, 1.51, 19.64, -13.10
0.36, -0.79, -0.44, -2.21, 10.13, -7.72
0.38, -0.80, -0.42, -8.96, 1.87, -3.09
0.36, -0.79, -0.43, -15.34, -2.39, 1.86
0.32, -0.77, -0.45, -18.38, -3.12, 4.90
0.27, -0.76, -0.46, -20.13, -2.63, 5.07
0.23, -0.76, -0.48, -21.96, 0.01, 4.73
0.20, -0.76, -0.51, -21.21, 0.92, 3.65
0.18, -0.76, -0.52, -18.30, 0.61, 2.53
0.17, -0.77, -0.53, -17.32, 1.87, 1.59
0.17, -0.78, -0.53, -15.34, 3.78, 0.01
0.17, -0.78, -0.53, -13.22, 4.89, -1.51
0.18, -0.79, -0.51, -12.09, 5.55, -1.45
0.20, -0.79, -0.50, -10.69, 5.20, -2.12
0.23, -0.79, -0.49, -11.59, 4.68, -1.89
0.24, -0.80, -0.48, -12.01, 3.91, -1.59
0.24, -0.80, -0.48, -12.50, 1.54, -1.51
0.24, -0.80, -0.48, -14.54, -1.02, -1.29
0.24, -0.80, -0.48, -15.77, -3.05, -0.95
0.24, -0.79, -0.49, -15.57, -2.08, -0.27
0.23, -0.79, -0.49, -15.49, -1.01, -0.59
0.22, -0.79, -0.50, -15.11, -0.30, -0.06
0.21, -0.78, -0.50, -15.87, 1.46, -0.68
0.21, -0.78, -0.49, -15.09, 2.09, -0.76
0.21, -0.78, -0.48, -15.26, 1.99, -0.80
0.25, -0.78, -0.48, -15.93, -1.55, -0.75
0.23, -0.79, -0.48, -16.92, -2.04, -0.55
0.23, -0.79, -0.47, -17.21, -2.50, -0.37
0.23, -0.79, -0.47, -16.35, -2.15, 0.03
0.23, -0.79, -0.47, -17.26, -1.49, 1.14
0.24, -0.79, -0.47, -17.90, -1.65, 1.83
0.24, -0.79, -0.48, -17.28, -2.59, 2.25
0.24, -0.78, -0.48, -16.90, -2.79, 2.99
0.23, -0.78, -0.49, -16.98, -2.54, 3.62
0.23, -0.78, -0.50, -16.57, -2.19, 3.60
0.22, -0.78, -0.50, -18.07, -2.01, 3.96
0.22, -0.78, -0.49, -18.37, -3.13, 3.44
0.22, -0.78, -0.48, -18.62, -3.09, 3.13
0.22, -0.78, -0.48, -20.04, -5.16, 4.02
0.22, -0.78, -0.47, -21.83, -5.32, 4.89
0.23, -0.77, -0.47, -22.16, -6.10, 8.45
0.24, -0.76, -0.46, -23.19, -6.56, 11.10
0.25, -0.76, -0.46, -26.42, -8.23, 12.29
0.25, -0.77, -0.47, -27.86, -12.09, 12.98
0.23, -0.77, -0.48, -29.37, -12.85, 12.22
0.20, -0.77, -0.53, -28.09, -11.36, 10.65
0.16, -0.75, -0.53, -29.66, -4.92, 8.87
0.14, -0.74, -0.53, -28.73, 1.74, 6.56
0.14, -0.73, -0.54, -26.52, 8.13, 7.07
0.15, -0.74, -0.55, -24.21, 9.90, 7.60
0.16, -0.75, -0.54, -22.90, 11.78, 7.33
0.17, -0.75, -0.54, -22.59, 9.72, 8.32
0.19, -0.76, -0.54, -22.64, 8.98, 7.71
0.19, -0.77, -0.52, -23.20, 6.95, 6.73
0.20, -0.78, -0.51, -24.20, 8.64, 9.13
0.20, -0.78, -0.52, -24.36, 11.54, 9.39
0.19, -0.78, -0.53, -25.46, 13.71, 9.22
0.17, -0.77, -0.54, -26.95, 14.61, 7.83
0.16, -0.78, -0.53, -26.60, 8.26, 6.28
0.18, -0.81, -0.54, -26.96, -3.94, 6.46
0.22, -0.82, -0.56, -24.38, -12.77, 8.80
0.24, -0.82, -0.57, -23.57, -18.78, 8.81
0.20, -0.81, -0.58, -20.77, -15.66, 7.71
0.15, -0.78, -0.59, -19.91, -6.29, 5.11
0.12, -0.77, -0.58, -20.61, 1.64, 3.36
0.13, -0.78, -0.57, -20.11, 4.50, 3.02
0.16, -0.77, -0.57, -20.72, 4.40, 3.68
0.18, -0.74, -0.57, -21.13, 2.57, 4.55
0.18, -0.72, -0.56, -21.91, 1.77, 5.73
0.19, -0.71, -0.54, -23.78, 2.22, 7.41
0.20, -0.69, -0.53, -26.87, 2.39, 10.04
0.21, -0.68, -0.52, -28.42, 2.50, 13.80
0.22, -0.67, -0.51, -29.98, 2.63, 16.88
0.21, -0.67, -0.51, -32.79, 0.19, 20.76
0.20, -0.67, -0.51, -32.42, -4.77, 24.76
0.18, -0.68, -0.51, -32.30, -8.50, 27.13
0.16, -0.71, -0.51, -31.80, -13.95, 29.81
0.13, -0.73, -0.52, -32.01, -17.49, 31.68
0.10, -0.73, -0.53, -30.37, -19.43, 30.63
0.08, -0.73, -0.54, -29.98, -20.52, 30.60
0.06, -0.73, -0.55, -29.23, -21.91, 28.18
0.05, -0.74, -0.57, -27.74, -21.29, 26.39
0.03, -0.75, -0.58, -27.10, -18.77, 24.61
0.02, -0.76, -0.60, -25.69, -17.38, 22.11
0.01, -0.78, -0.62, -25.23, -15.25, 18.17
0.01, -0.78, -0.63, -23.77, -14.48, 15.00
0.02, -0.78, -0.63, -20.98, -13.32, 12.08
0.02, -0.81, -0.63, -20.55, -11.51, 8.75
0.03, -0.80, -0.64, -20.15, -10.96, 6.74
0.04, -0.80, -0.65, -20.57, -10.99, 6.54
0.05, -0.79, -0.65, -18.96, -10.66, 4.65
0.05, -0.78, -0.64, -18.10, -10.33, 2.85
0.05, -0.78, -0.64, -17.42, -10.36, 1.65
0.04, -0.79, -0.63, -16.56, -7.64, 0.81
0.04, -0.78, -0.62, -16.71, -4.91, -0.94
0.04, -0.77, -0.62, -16.78, -2.14, -1.34
0.03, -0.76, -0.61, -16.30, -1.57, -2.25
0.03, -0.74, -0.61, -15.08, -0.88, -2.60
0.04, -0.72, -0.60, -14.59, 0.30, -3.15
0.04, -0.72, -0.60, -13.49, 0.23, -2.48
0.03, -0.72, -0.59, -13.42, -0.24, -2.47
0.04, -0.71, -0.58, -13.09, -0.68, -1.34
0.04, -0.70, -0.57, -13.23, -1.77, 0.14
0.04, -0.70, -0.56, -13.60, -2.66, 1.04
0.04, -0.70, -0.56, -14.21, -3.56, 3.92
0.05, -0.69, -0.56, -15.39, -6.02, 4.84
0.04, -0.69, -0.56, -15.77, -8.07, 6.07
0.04, -0.69, -0.56, -17.23, -11.62, 8.37
0.04, -0.69, -0.56, -17.67, -12.99, 9.09
0.04, -0.68, -0.56, -19.11, -12.63, 10.39
0.03, -0.68, -0.57, -20.77, -12.36, 12.72
0.03, -0.67, -0.57, -22.09, -12.37, 14.61
0.02, -0.66, -0.57, -23.11, -12.33, 16.04
0.00, -0.66, -0.57, -25.16, -13.18, 16.90
-0.01, -0.66, -0.58, -25.46, -14.73, 19.66
-0.01, -0.66, -0.58, -26.59, -16.76, 21.34
-0.01, -0.65, -0.59, -26.72, -21.00, 24.13
-0.01, -0.65, -0.59, -26.52, -22.50, 25.86
-0.02, -0.66, -0.59, -26.18, -23.68, 27.40
-0.04, -0.66, -0.59, -25.71, -23.58, 29.15
-0.05, -0.66, -0.60, -25.75, -23.82, 30.59
-0.07, -0.65, -0.60, -24.39, -24.76, 31.31
-0.07, -0.66, -0.60, -25.19, -24.63, 31.30
-0.07, -0.68, -0.60, -24.67, -25.21, 30.19
-0.07, -0.71, -0.59, -25.28, -25.27, 28.75
-0.09, -0.73, -0.60, -25.67, -23.34, 28.79
-0.10, -0.75, -0.61, -26.50, -20.89, 26.42
-0.11, -0.76, -0.62, -26.82, -16.05, 24.58
-0.13, -0.77, -0.63, -27.31, -13.63, 21.72
-0.14, -0.78, -0.63, -27.61, -10.04, 18.99
-0.14, -0.78, -0.64, -28.49, -8.00, 16.71
-0.13, -0.77, -0.64, -27.56, -8.06, 13.58
-0.13, -0.76, -0.65, -27.19, -9.53, 11.21
-0.14, -0.75, -0.65, -26.38, -9.50, 10.64
-0.14, -0.74, -0.65, -26.00, -8.65, 8.11
-0.15, -0.73, -0.66, -25.83, -7.28, 6.87
-0.16, -0.72, -0.66, -24.85, -7.59, 6.96
-0.17, -0.71, -0.65, -24.04, -6.21, 4.12
-0.17, -0.70, -0.65, -24.07, -6.45, 3.42
-0.17, -0.69, -0.65, -23.35, -6.04, 4.05
-0.18, -0.68, -0.65, -22.68, -4.58, 2.36
-0.18, -0.67, -0.65, -21.69, -2.48, 2.02
-0.19, -0.66, -0.65, -21.75, -0.57, 1.42
-0.19, -0.66, -0.65, -21.41, 1.45, 1.74
-0.18, -0.66, -0.64, -20.59, 1.34, 1.39
-0.17, -0.66, -0.64, -20.98, 0.92, 1.62
-0.15, -0.66, -0.64, -20.22, -1.49, 2.31
-0.14, -0.66, -0.64, -19.32, -2.36, 1.93
-0.14, -0.66, -0.64, -19.15, -1.97, 3.34
-0.14, -0.65, -0.64, -19.15, -0.61, 3.34
-0.14, -0.66, -0.63, -19.71, -0.26, 5.11
-0.14, -0.66, -0.62, -21.24, 0.20, 5.10
-0.14, -0.66, -0.62, -21.71, -0.85, 5.28
-0.14, -0.66, -0.62, -23.45, -2.00, 7.15
-0.14, -0.65, -0.62, -23.43, -3.62, 7.21
-0.14, -0.65, -0.61, -23.46, -4.24, 7.91
-0.14, -0.65, -0.61, -23.45, -3.91, 8.72
-0.15, -0.64, -0.61, -23.35, -3.22, 8.42
-0.16, -0.64, -0.61, -24.00, -3.26, 9.61
-0.15, -0.64, -0.61, -24.60, -2.18, 10.44
-0.14, -0.64, -0.61, -25.36, -4.12, 12.48
-0.13, -0.63, -0.61, -25.84, -6.72, 14.40
-0.13, -0.63, -0.61, -26.40, -7.76, 15.49
-0.14, -0.62, -0.60, -26.25, -9.53, 17.20
-0.15, -0.61, -0.60, -28.32, -9.27, 19.11
-0.15, -0.62, -0.60, -29.30, -11.99, 20.39
-0.16, -0.62, -0.60, -30.93, -12.83, 21.48
-0.17, -0.62, -0.60, -32.03, -13.85, 22.02
-0.18, -0.61, -0.61, -32.68, -14.21, 22.83
-0.20, -0.63, -0.62, -38.37, -11.91, 25.74
-0.22, -0.63, -0.63, -33.58, -12.41, 27.67
-0.24, -0.61, -0.65, -35.39, -12.65, 24.23
-0.25, -0.62, -0.66, -35.84, -13.63, 23.15
-0.25, -0.63, -0.68, -35.14, -15.42, 22.66
-0.24, -0.62, -0.70, -33.53, -15.36, 21.17
-0.25, -0.61, -0.72, -32.60, -13.64, 18.68
-0.27, -0.60, -0.73, -32.74, -9.89, 17.40
-0.28, -0.60, -0.74, -31.92, -4.37, 15.62
-0.28, -0.60, -0.74, -30.84, 0.15, 14.64
-0.27, -0.59, -0.75, -31.03, 2.08, 14.58
-0.25, -0.59, -0.75, -30.33, 2.21, 15.32
-0.24, -0.59, -0.75, -30.29, 1.31, 15.61
-0.24, -0.58, -0.74, -30.18, 0.22, 14.97
-0.25, -0.57, -0.73, -30.45, -1.77, 15.56
-0.26, -0.57, -0.72, -28.77, -1.36, 16.91
-0.27, -0.57, -0.71, -28.23, -1.54, 16.65
-0.28, -0.57, -0.71, -27.14, -1.58, 18.22
-0.28, -0.56, -0.70, -25.40, -2.52, 18.02
-0.29, -0.54, -0.69, -24.03, -1.16, 19.26
-0.30, -0.54, -0.68, -22.39, -0.90, 18.37
-0.31, -0.54, -0.67, -22.98, -0.33, 19.44
-0.32, -0.54, -0.67, -21.93, -2.74, 19.76
-0.32, -0.53, -0.67, -22.12, -3.91, 20.75
-0.33, -0.52, -0.67, -20.66, -4.93, 19.55
-0.33, -0.51, -0.67, -21.48, -5.34, 19.86
-0.34, -0.51, -0.67, -20.51, -5.98, 20.15
-0.35, -0.51, -0.67, -21.76, -4.99, 19.76
-0.36, -0.52, -0.67, -22.22, -3.99, 19.45
-0.37, -0.51, -0.67, -21.84, -2.90, 19.31
-0.37, -0.51, -0.67, -22.35, -1.87, 18.35
-0.37, -0.52, -0.67, -23.04, -3.32, 17.77
-0.37, -0.52, -0.68, -23.09, -4.29, 17.22
-0.36, -0.52, -0.68, -22.88, -4.60, 16.92
-0.36, -0.52, -0.68, -24.55, -5.10, 15.73
-0.37, -0.52, -0.68, -23.47, -5.26, 13.95
-0.37, -0.53, -0.68, -24.43, -5.47, 12.97
-0.37, -0.54, -0.68, -23.88, -5.29, 12.00
-0.38, -0.54, -0.68, -25.66, -4.50, 8.61
-0.37, -0.54, -0.68, -25.68, -3.57, 7.20
-0.37, -0.53, -0.68, -26.38, -3.34, 5.27
-0.36, -0.54, -0.69, -25.44, -4.84, 2.55
-0.36, -0.54, -0.69, -25.62, -4.98, 0.10
-0.36, -0.54, -0.70, -27.26, -4.57, -0.81
-0.37, -0.53, -0.70, -26.87, -4.70, -1.23
-0.38, -0.52, -0.70, -28.38, -4.17, -3.29
-0.38, -0.50, -0.71, -28.78, -6.15, -4.65
-0.38, -0.49, -0.71, -27.21, -7.38, -5.26
-0.39, -0.47, -0.71, -26.43, -9.03, -5.84
-0.40, -0.46, -0.71, -26.95, -8.82, -7.08
-0.41, -0.46, -0.71, -25.18, -9.13, -4.72
-0.42, -0.44, -0.71, -24.94, -9.36, -7.04
-0.42, -0.43, -0.71, -24.11, -8.83, -7.15
-0.42, -0.42, -0.71, -24.12, -7.70, -5.55
-0.41, -0.41, -0.70, -23.70, -7.87, -5.63
-0.41, -0.40, -0.70, -23.15, -7.78, -6.43
-0.40, -0.39, -0.70, -24.35, -6.58, -4.86
-0.40, -0.39, -0.70, -26.20, -5.18, -3.48
-0.40, -0.39, -0.69, -25.48, -3.86, -2.54
