ax,ay,az,gx,gy,gz
-0.60, -0.15, -0.68, -16.19, -0.28, -0.12
-0.60, -0.15, -0.67, -16.32, -0.89, -0.47
-0.61, -0.15, -0.67, -16.21, -1.09, -0.50
-0.61, -0.15, -0.67, -16.67, -1.21, 0.11
-0.62, -0.15, -0.66, -16.11, -1.53, -0.36
-0.62, -0.15, -0.66, -16.86, -0.72, -0.30
-0.62, -0.15, -0.66, -16.27, -0.71, -0.35
-0.62, -0.15, -0.66, -16.10, -0.40, -0.38
-0.62, -0.15, -0.66, -16.49, 0.40, -0.49
-0.62, -0.15, -0.66, -15.25, 0.59, -0.48
-0.62, -0.15, -0.67, -14.89, 1.01, -0.60
-0.61, -0.14, -0.67, -14.46, 1.65, 0.19
-0.61, -0.15, -0.67, -15.31, 1.56, 0.15
-0.61, -0.15, -0.67, -14.80, 1.55, 0.22
-0.61, -0.14, -0.67, -14.05, 1.68, 0.13
-0.61, -0.14, -0.67, -14.55, 1.77, -0.26
-0.61, -0.15, -0.67, -13.94, 1.11, -1.22
-0.61, -0.15, -0.67, -15.33, 1.42, -0.73
-0.61, -0.15, -0.67, -15.03, 0.78, 0.04
-0.61, -0.15, -0.67, -15.42, -0.49, 0.06
-0.61, -0.15, -0.67, -16.21, -0.92, -0.49
-0.61, -0.15, -0.67, -16.64, -1.05, -0.55
-0.61, -0.15, -0.67, -16.80, -1.04, 0.14
-0.61, -0.15, -0.67, -17.17, -1.49, 0.80
-0.61, -0.15, -0.67, -16.92, -0.99, 0.73
-0.61, -0.14, -0.67, -17.08, -0.71, 0.49
-0.61, -0.14, -0.67, -16.66, -1.17, 0.87
-0.61, -0.14, -0.67, -14.80, -1.12, -0.55
-0.61, -0.14, -0.67, -14.76, -0.67, -0.46
-0.61, -0.15, -0.67, -15.33, -0.42, 0.45
-0.61, -0.15, -0.66, -15.39, 0.08, 0.30
-0.62, -0.15, -0.66, -15.11, -0.20, 0.32
-0.62, -0.15, -0.66, -15.36, 0.25, 0.35
-0.62, -0.15, -0.67, -15.49, 0.21, -0.26
-0.61, -0.15, -0.67, -15.70, -0.22, 0.29
-0.61, -0.15, -0.67, -16.67, -0.66, -0.35
-0.61, -0.15, -0.66, -16.70, -0.96, -1.22
-0.61, -0.15, -0.67, -16.85, -1.17, -0.89
-0.61, -0.14, -0.67, -16.55, -0.48, -0.10
-0.62, -0.14, -0.67, -16.83, 0.59, -0.15
-0.61, -0.14, -0.67, -15.07, -0.38, -0.64
-0.61, -0.14, -0.67, -15.03, -0.18, 0.89
-0.61, -0.14, -0.67, -15.09, -0.47, 0.47
-0.62, -0.14, -0.67, -15.67, 0.00, -0.60
-0.62, -0.14, -0.67, -14.79, -1.21, -0.50
-0.62, -0.15, -0.67, -14.42, -0.88, 0.63
-0.62, -0.16, -0.67, -15.27, -0.54, 0.50
-0.62, -0.16, -0.66, -16.04, 0.22, 0.71
-0.62, -0.16, -0.66, -15.49, 0.36, -0.61
-0.62, -0.15, -0.66, -16.17, 1.04, -0.06
-0.62, -0.15, -0.66, -15.29, 0.42, -0.14
-0.62, -0.15, -0.66, -16.00, 1.23, 0.18
-0.61, -0.15, -0.67, -15.69, 0.38, 0.52
-0.61, -0.14, -0.67, -16.01, 0.51, 0.47
-0.61, -0.14, -0.67, -14.97, 0.85, -0.35
-0.61, -0.14, -0.68, -14.25, 1.21, 0.37
-0.61, -0.14, -0.68, -14.53, 1.66, 0.76
-0.61, -0.15, -0.67, -15.23, 1.40, 0.33
-0.61, -0.15, -0.67, -15.62, 0.41, -1.18
-0.61, -0.15, -0.66, -15.98, 0.03, -0.45
-0.60, -0.15, -0.67, -16.13, -1.19, 0.15
-0.61, -0.16, -0.67, -16.62, -1.74, 0.25
-0.62, -0.15, -0.67, -16.35, -1.88, -0.62
-0.62, -0.14, -0.68, -16.81, -2.31, -1.20
-0.61, -0.15, -0.68, -17.17, -4.62, -1.97
-0.61, -0.15, -0.68, -16.88, -6.60, -3.44
-0.62, -0.15, -0.69, -16.55, -10.25, -3.84
-0.61, -0.15, -0.71, -19.08, -17.63, -3.76
-0.59, -0.17, -0.74, -21.17, -29.58, -5.40
-0.61, -0.16, -0.75, -20.87, -42.10, -6.40
-0.64, -0.13, -0.75, -15.19, -53.57, -7.96
-0.64, -0.12, -0.74, -12.12, -61.61, -6.74
-0.63, -0.15, -0.73, -11.33, -64.00, -5.72
-0.63, -0.17, -0.72, -6.68, -64.00, -4.97
-0.66, -0.17, -0.72, 4.04, -64.00, -9.05
-0.69, -0.16, -0.70, 18.87, -64.00, -20.01
-0.72, -0.16, -0.69, 35.23, -64.00, -32.66
-0.74, -0.20, -0.67, 31.06, -56.54, -33.50
-0.76, -0.21, -0.64, 26.47, -34.71, -22.70
-0.84, -0.18, -0.61, 33.54, -8.49, -21.01
-0.90, -0.19, -0.57, 29.76, 15.83, -24.54
-0.87, -0.24, -0.55, 24.41, 28.60, -27.73
-0.80, -0.27, -0.53, 24.72, 32.21, -27.67
-0.75, -0.26, -0.53, 26.76, 29.01, -27.62
-0.71, -0.25, -0.52, 25.83, 24.32, -29.38
-0.68, -0.26, -0.51, 25.42, 17.17, -28.91
-0.67, -0.26, -0.50, 22.96, 12.32, -29.53
-0.66, -0.27, -0.48, 19.53, 9.68, -26.35
-0.65, -0.27, -0.45, 16.71, 6.16, -26.01
-0.64, -0.27, -0.44, 12.12, 3.60, -24.19
-0.65, -0.27, -0.44, 10.26, 2.79, -23.36
-0.66, -0.27, -0.44, 8.84, 1.51, -21.91
-0.66, -0.27, -0.44, 4.19, 1.99, -18.03
-0.65, -0.28, -0.44, -0.95, 3.00, -17.70
-0.64, -0.29, -0.44, -3.49, 2.17, -14.65
-0.62, -0.29, -0.44, -5.39, 0.69, -12.02
-0.62, -0.29, -0.44, -6.37, -0.86, -9.10
-0.63, -0.29, -0.44, -8.67, -1.52, -8.70
-0.63, -0.30, -0.44, -12.10, -1.97, -5.65
-0.63, -0.32, -0.45, -13.81, -3.35, -4.94
-0.63, -0.32, -0.45, -18.10, -3.69, -1.46
-0.63, -0.33, -0.45, -18.20, -4.50, -0.54
-0.63, -0.33, -0.46, -17.94, -5.32, -0.76
-0.63, -0.33, -0.47, -21.26, -4.37, 1.90
-0.63, -0.34, -0.48, -20.08, -5.06, 4.64
-0.64, -0.34, -0.48, -21.31, -4.76, 4.65
-0.65, -0.34, -0.49, -22.05, -4.01, 6.82
-0.65, -0.34, -0.50, -20.45, -3.05, 6.50
-0.66, -0.33, -0.51, -18.62, -2.19, 5.97
-0.66, -0.33, -0.52, -19.42, -0.65, 5.99
-0.67, -0.34, -0.52, -15.65, -1.43, 4.38
-0.66, -0.34, -0.52, -16.89, -0.44, 7.39
-0.67, -0.35, -0.52, -18.30, 0.85, 8.09
-0.67, -0.35, -0.52, -14.87, -0.39, 6.99
-0.67, -0.34, -0.53, -13.68, -3.66, 4.01
-0.66, -0.34, -0.53, -14.59, -6.97, 4.43
-0.66, -0.35, -0.53, -13.51, -8.81, 4.08
-0.67, -0.35, -0.53, -15.96, -7.10, 4.07
-0.69, -0.36, -0.53, -15.58, -4.05, 2.16
-0.69, -0.35, -0.53, -16.31, -1.02, 4.41
-0.69, -0.35, -0.52, -15.40, 0.57, 2.85
-0.69, -0.34, -0.53, -14.81, 1.04, -0.88
-0.69, -0.33, -0.53, -16.08, 0.76, -1.72
-0.68, -0.33, -0.53, -15.88, -2.25, 0.63
-0.68, -0.33, -0.52, -16.21, -2.63, -1.40
-0.69, -0.33, -0.52, -17.16, -2.29, -2.02
-0.70, -0.33, -0.52, -16.78, -1.73, -2.55
-0.69, -0.33, -0.52, -16.08, -1.20, -3.49
-0.69, -0.33, -0.52, -16.21, -0.67, -3.16
-0.68, -0.33, -0.52, -15.86, -1.46, -4.25
-0.68, -0.33, -0.51, -16.72, -0.91, -2.44
-0.68, -0.33, -0.51, -17.45, 1.16, -2.20
-0.68, -0.33, -0.50, -18.23, 1.73, -0.52
-0.68, -0.33, -0.50, -16.85, 0.65, -1.52
-0.68, -0.32, -0.50, -17.18, 0.20, -1.34
-0.68, -0.32, -0.50, -18.00, -0.47, -0.01
-0.68, -0.32, -0.50, -17.43, -0.55, -0.36
-0.68, -0.33, -0.50, -17.54, -0.84, -0.06
-0.68, -0.33, -0.49, -18.40, -1.55, -0.10
-0.68, -0.33, -0.49, -18.18, -0.05, 1.67
-0.68, -0.33, -0.50, -18.40, 0.60, 2.09
-0.68, -0.33, -0.50, -19.30, 1.13, 1.66
-0.68, -0.33, -0.50, -18.18, 1.78, 1.47
-0.68, -0.32, -0.50, -18.51, 0.37, 1.85
-0.68, -0.32, -0.50, -18.41, -2.05, 0.88
-0.68, -0.32, -0.51, -16.87, -3.67, 1.02
-0.68, -0.32, -0.51, -17.08, -4.42, 1.43
-0.68, -0.32, -0.50, -19.81, -2.79, 3.81
-0.70, -0.33, -0.50, -19.25, -0.63, 2.76
-0.70, -0.32, -0.51, -18.82, 0.45, 1.48
-0.69, -0.32, -0.51, -17.81, -0.69, 0.09
-0.68, -0.32, -0.51, -16.78, -3.46, -0.95
-0.68, -0.33, -0.51, -17.54, -5.64, 0.41
-0.68, -0.33, -0.51, -17.79, -5.47, -0.09
-0.69, -0.33, -0.51, -18.52, -4.04, 0.46
-0.69, -0.33, -0.51, -19.16, -2.61, 0.55
-0.69, -0.33, -0.51, -18.23, -1.64, -0.31
-0.69, -0.33, -0.52, -19.75, -1.62, 1.03
-0.69, -0.33, -0.52, -18.83, 0.20, 0.47
-0.69, -0.33, -0.51, -18.91, 1.27, 0.34
-0.69, -0.33, -0.51, -18.47, 0.49, 0.45
-0.68, -0.33, -0.52, -18.70, -0.73, 1.46
-0.68, -0.33, -0.52, -17.79, -2.47, 0.15
-0.68, -0.32, -0.52, -18.02, -3.23, -0.77
-0.69, -0.32, -0.52, -17.69, -2.89, -0.04
-0.70, -0.32, -0.52, -17.20, -2.18, -1.03
-0.70, -0.32, -0.52, -17.52, -0.89, -1.94
-0.70, -0.32, -0.51, -16.46, -0.94, -3.14
-0.69, -0.32, -0.51, -16.44, -1.55, -2.64
-0.69, -0.32, -0.51, -18.24, -2.58, -1.97
-0.69, -0.32, -0.51, -17.16, -2.69, -3.81
-0.69, -0.32, -0.51, -16.90, -2.45, -2.61
-0.69, -0.32, -0.51, -17.88, -1.97, -1.96
-0.68, -0.33, -0.51, -19.05, -0.90, -1.72
-0.68, -0.33, -0.51, -18.04, -0.84, -2.31
-0.69, -0.32, -0.51, -19.56, -0.08, -1.61
-0.69, -0.33, -0.52, -21.46, 1.56, 0.15
-0.69, -0.33, -0.52, -21.26, 3.46, -0.01
-0.69, -0.33, -0.52, -22.33, 5.00, -1.00
-0.69, -0.33, -0.53, -23.53, 5.18, -1.09
-0.69, -0.34, -0.54, -20.45, 3.75, -0.85
-0.69, -0.33, -0.55, -22.53, 4.14, -2.70
-0.70, -0.35, -0.56, -23.07, 5.30, -3.48
-0.72, -0.36, -0.58, -19.40, 7.57, -4.05
-0.72, -0.35, -0.59, -19.38, 9.90, -5.10
-0.73, -0.36, -0.60, -19.17, 11.84, -7.01
-0.73, -0.37, -0.60, -15.90, 13.94, -10.07
-0.73, -0.37, -0.62, -17.38, 15.79, -12.19
-0.73, -0.39, -0.63, -15.77, 18.26, -14.82
-0.74, -0.40, -0.64, -16.38, 22.36, -15.51
-0.74, -0.41, -0.63, -18.02, 26.79, -17.11
-0.74, -0.42, -0.63, -17.81, 32.15, -21.26
-0.75, -0.43, -0.63, -19.69, 37.55, -25.73
-0.77, -0.44, -0.62, -24.02, 42.79, -31.75
-0.78, -0.45, -0.61, -28.15, 47.35, -35.10
-0.77, -0.45, -0.66, -28.93, 50.68, -39.77
-0.74, -0.45, -0.66, -27.31, 48.34, -44.34
-0.72, -0.44, -0.69, -24.78, 41.49, -50.07
-0.71, -0.43, -0.71, -21.31, 37.85, -53.97
-0.71, -0.44, -0.70, -19.24, 43.00, -58.05
-0.72, -0.44, -0.67, -17.64, 44.54, -63.05
-0.71, -0.42, -0.68, -15.57, 43.93, -64.00
-0.70, -0.42, -0.70, -9.99, 41.77, -64.00
-0.70, -0.42, -0.72, -5.63, 32.26, -64.00
-0.71, -0.41, -0.75, 1.72, 29.97, -64.00
-0.72, -0.40, -0.76, 4.86, 32.79, -64.00
-0.69, -0.41, -0.71, 5.05, 33.70, -64.00
-0.64, -0.42, -0.65, 5.65, 34.76, -64.00
-0.60, -0.43, -0.61, 5.26, 37.90, -64.00
-0.58, -0.43, -0.60, 5.97, 43.56, -64.00
-0.55, -0.43, -0.63, 8.94, 48.23, -64.00
-0.50, -0.44, -0.65, 12.11, 45.69, -64.00
-0.45, -0.45, -0.63, 14.14, 40.63, -64.00
-0.42, -0.46, -0.60, 14.72, 36.92, -64.00
-0.39, -0.47, -0.57, 9.98, 42.22, -64.00
-0.36, -0.48, -0.56, 11.20, 51.01, -64.00
-0.34, -0.47, -0.55, 11.36, 57.06, -64.00
-0.27, -0.46, -0.53, 10.19, 59.04, -64.00
-0.21, -0.47, -0.54, 10.42, 56.65, -64.00
-0.16, -0.49, -0.57, 10.81, 50.83, -64.00
-0.12, -0.49, -0.56, 7.94, 47.31, -64.00
-0.10, -0.51, -0.51, 2.34, 49.28, -64.00
-0.08, -0.51, -0.49, 2.61, 48.63, -64.00
-0.06, -0.51, -0.49, -2.87, 48.68, -64.00
-0.02, -0.52, -0.52, -6.46, 45.85, -64.00
0.02, -0.53, -0.53, -7.14, 43.93, -61.33
0.04, -0.53, -0.53, -7.29, 39.18, -56.07
0.06, -0.53, -0.56, -7.27, 34.05, -52.39
0.07, -0.54, -0.56, -8.45, 27.51, -48.98
0.06, -0.56, -0.54, -11.07, 23.71, -44.51
0.08, -0.58, -0.55, -9.14, 23.52, -39.43
0.11, -0.59, -0.57, -7.45, 23.78, -37.58
0.12, -0.59, -0.58, -4.29, 29.50, -36.04
0.10, -0.59, -0.60, -1.46, 39.13, -36.92
0.08, -0.59, -0.64, -0.46, 45.19, -33.32
0.11, -0.62, -0.63, -2.10, 36.31, -29.83
0.20, -0.65, -0.61, -1.26, 18.83, -26.91
0.24, -0.66, -0.62, 0.57, 6.57, -26.96
0.21, -0.67, -0.64, 3.40, 6.40, -28.38
0.16, -0.68, -0.65, 2.17, 12.90, -28.37
0.15, -0.70, -0.63, 0.25, 19.87, -26.81
0.18, -0.71, -0.63, -2.37, 18.64, -26.15
0.21, -0.72, -0.64, -2.53, 13.39, -25.99
0.22, -0.73, -0.64, -1.88, 7.63, -27.00
0.21, -0.73, -0.63, -0.11, 4.89, -28.31
0.20, -0.74, -0.64, 0.51, 4.10, -29.60
0.18, -0.74, -0.65, -0.20, 9.63, -30.06
0.17, -0.75, -0.63, -0.58, 17.76, -30.94
0.18, -0.76, -0.60, -2.52, 23.53, -28.94
0.20, -0.75, -0.59, -3.04, 26.24, -28.39
0.23, -0.73, -0.59, -3.90, 23.29, -26.56
0.25, -0.70, -0.56, -4.34, 15.71, -27.10
0.24, -0.69, -0.54, -6.92, 16.26, -25.32
0.23, -0.68, -0.51, -11.02, 12.47, -23.79
0.24, -0.68, -0.49, -14.26, 1.60, -19.78
0.25, -0.67, -0.52, -14.02, -6.06, -20.44
0.22, -0.63, -0.56, -14.72, -3.89, -18.03
0.21, -0.59, -0.58, -16.35, -7.58, -12.58
0.23, -0.58, -0.56, -20.88, -18.37, -8.42
0.28, -0.59, -0.61, -16.79, -22.75, -1.29
0.32, -0.60, -0.66, -17.35, -31.42, 2.85
0.34, -0.62, -0.67, -13.02, -25.55, 7.48
0.30, -0.65, -0.69, 4.63, -14.94, 7.58
0.22, -0.71, -0.66, 23.69, 7.65, 2.02
0.22, -0.87, -0.56, 13.60, 25.42, -4.94
0.25, -0.91, -0.51, 4.99, 31.89, -0.44
0.29, -0.83, -0.56, 8.91, 22.89, -0.04
0.28, -0.76, -0.61, 1.61, 10.15, -6.63
0.18, -0.83, -0.45, -15.30, 1.50, -12.67
0.19, -0.88, -0.38, -23.96, -13.23, -16.12
0.26, -0.80, -0.44, -26.79, -19.12, -13.40
0.29, -0.70, -0.49, -23.96, -19.96, -9.39
0.29, -0.65, -0.54, -25.32, -18.79, -6.76
0.30, -0.66, -0.57, -27.69, -26.14, -2.97
0.32, -0.67, -0.59, -20.35, -29.10, 1.90
0.32, -0.62, -0.68, -3.51, -6.90, 7.23
0.27, -0.61, -0.73, -0.02, 5.54, 6.93
0.23, -0.67, -0.62, -6.55, 19.35, 11.52
0.22, -0.72, -0.48, -8.61, 25.28, 14.35
0.20, -0.74, -0.49, -6.78, 14.91, 8.29
0.18, -0.74, -0.58, -1.67, -7.64, 2.00
0.17, -0.76, -0.53, -13.82, -29.30, -3.09
0.10, -0.81, -0.33, -33.54, -33.63, -9.48
0.10, -0.79, -0.38, -36.16, -19.32, -8.04
0.21, -0.72, -0.53, -43.11, -26.29, -4.89
0.36, -0.68, -0.55, -49.06, -51.68, 3.04
0.44, -0.66, -0.67, -31.05, -53.95, 11.49
0.36, -0.62, -0.79, -22.95, -51.22, 11.83
0.24, -0.63, -0.76, -7.71, -10.79, 14.46
0.14, -0.65, -0.72, -2.97, 27.88, 15.09
0.09, -0.70, -0.60, -7.91, 47.24, 17.13
0.15, -0.74, -0.51, -6.53, 36.17, 20.29
0.25, -0.73, -0.65, 5.63, 0.75, 10.77
0.20, -0.74, -0.59, -11.22, -36.79, 2.35
0.09, -0.81, -0.26, -32.63, -39.78, -3.44
0.08, -0.81, -0.31, -37.27, -30.26, -1.67
0.15, -0.72, -0.50, -38.84, -39.78, 6.17
0.33, -0.66, -0.60, -38.32, -64.00, 19.32
0.43, -0.64, -0.65, -34.71, -64.00, 26.34
0.39, -0.59, -0.76, -16.40, -64.00, 31.98
0.25, -0.56, -0.73, -3.29, -64.00, 23.61
0.01, -0.55, -0.77, 23.02, -40.35, 16.65
-0.18, -0.59, -0.79, 21.18, 32.61, 17.65
-0.25, -0.72, -0.61, 12.08, 64.00, 19.10
-0.14, -0.78, -0.60, 25.53, 64.00, 23.27
0.05, -0.75, -0.80, 36.15, 46.59, 8.88
0.07, -0.81, -0.49, 7.20, 12.72, 0.41
0.08, -0.92, -0.35, -3.77, -11.84, -7.96
0.01, -0.97, -0.23, -47.79, -19.03, -14.26
0.03, -0.98, -0.24, -55.03, -13.16, -5.78
0.21, -0.86, -0.52, -53.82, -33.75, 1.09
0.35, -0.75, -0.68, -50.07, -64.00, 7.71
0.32, -0.68, -0.75, -34.53, -64.00, 4.39
0.15, -0.63, -0.89, -7.98, -52.36, 1.97
-0.11, -0.63, -0.86, 2.01, 0.70, -6.08
-0.14, -0.69, -0.77, 7.63, 52.00, 3.12
-0.07, -0.74, -0.60, -3.20, 64.00, 4.00
0.03, -0.76, -0.46, -6.97, 64.00, 6.27
0.14, -0.74, -0.56, -1.97, 33.27, -2.02
0.11, -0.77, -0.45, -25.48, -8.44, -14.59
0.05, -0.83, -0.41, -26.54, -17.12, -11.68
-0.01, -0.82, -0.36, -51.88, -20.96, -17.47
0.03, -0.77, -0.42, -47.89, -14.16, -7.48
0.17, -0.67, -0.63, -44.57, -33.42, 0.28
0.29, -0.63, -0.70, -37.20, -57.12, 4.46
0.30, -0.59, -0.85, -15.75, -58.16, 9.31
0.18, -0.59, -0.83, -14.99, -62.24, 6.55
0.05, -0.66, -0.72, 0.42, -10.24, 7.62
-0.08, -0.68, -0.73, 5.32, 37.80, 3.85
-0.14, -0.72, -0.62, -1.97, 64.00, 2.09
-0.07, -0.74, -0.49, -0.51, 64.00, 10.93
0.11, -0.74, -0.63, 15.78, 38.97, 5.34
0.14, -0.77, -0.56, -10.29, -7.44, -5.58
0.07, -0.88, -0.26, -27.19, -27.47, -6.38
0.04, -0.86, -0.32, -46.04, -37.53, -9.82
0.05, -0.77, -0.41, -52.33, -33.15, -2.70
0.15, -0.69, -0.57, -48.71, -51.29, 3.91
0.20, -0.64, -0.70, -43.90, -64.00, 5.40
0.17, -0.61, -0.84, -20.08, -64.00, 4.01
0.02, -0.59, -0.90, -2.41, -33.90, 0.32
-0.07, -0.61, -0.89, 16.50, 18.59, -0.73
-0.11, -0.66, -0.79, 16.91, 63.78, 0.73
-0.08, -0.72, -0.59, 10.62, 64.00, 6.42
0.06, -0.75, -0.58, 22.63, 64.00, 10.96
0.15, -0.74, -0.69, 20.75, 24.52, 0.64
0.08, -0.82, -0.36, -3.99, -4.23, -6.36
0.02, -0.88, -0.26, -20.50, -18.01, -12.59
-0.06, -0.89, -0.20, -57.97, -15.31, -15.57
0.00, -0.83, -0.33, -61.01, -17.33, -7.27
0.17, -0.71, -0.58, -59.02, -36.65, -0.24
0.25, -0.63, -0.69, -52.33, -64.00, 0.34
0.20, -0.58, -0.84, -26.26, -59.73, 0.92
0.01, -0.56, -0.94, -7.63, -31.35, -3.99
-0.09, -0.61, -0.93, 13.65, 22.36, -1.17
-0.09, -0.67, -0.86, 14.57, 62.23, 2.46
-0.04, -0.73, -0.67, 9.38, 64.00, 8.39
0.07, -0.76, -0.53, 11.89, 63.25, 11.39
0.13, -0.76, -0.60, 14.73, 33.57, 1.32
0.07, -0.81, -0.40, -15.67, 4.15, -8.32
0.03, -0.89, -0.26, -18.22, -5.39, -11.09
-0.01, -0.86, -0.34, -43.11, -19.49, -16.89
-0.02, -0.82, -0.31, -59.56, -15.58, -11.86
0.10, -0.73, -0.55, -53.31, -25.09, -5.04
0.20, -0.63, -0.72, -48.29, -46.95, -2.69
0.21, -0.59, -0.81, -33.46, -49.79, -2.38
0.12, -0.57, -0.91, -14.02, -31.06, -3.81
-0.00, -0.59, -0.98, 8.44, 16.87, -3.81
-0.07, -0.63, -0.97, 19.80, 62.50, -1.65
-0.05, -0.68, -0.79, 17.87, 64.00, 2.32
0.04, -0.73, -0.67, 26.81, 64.00, 6.15
0.10, -0.75, -0.69, 30.27, 53.79, -3.62
0.03, -0.84, -0.35, 2.78, 35.77, -8.57
0.03, -0.91, -0.25, -3.40, 23.45, -20.73
-0.02, -0.91, -0.16, -51.21, 12.88, -32.38
-0.01, -0.91, -0.13, -64.00, 15.64, -30.64
0.15, -0.80, -0.45, -64.00, 4.58, -22.34
0.30, -0.66, -0.73, -59.23, -30.29, -12.99
0.34, -0.59, -0.84, -39.76, -39.62, -13.63
0.26, -0.56, -1.05, -2.81, -9.03, -10.07
0.07, -0.59, -1.02, 2.14, 19.51, -16.86
0.01, -0.69, -0.82, 7.26, 58.30, -10.60
0.04, -0.75, -0.68, 4.72, 64.00, -11.54
0.08, -0.77, -0.60, 5.91, 64.00, -17.09
0.12, -0.79, -0.51, -0.98, 64.00, -21.74
0.15, -0.82, -0.38, -8.49, 50.81, -25.47
0.19, -0.80, -0.36, -13.47, 30.41, -31.31
0.21, -0.76, -0.37, -35.22, 11.75, -34.42
0.21, -0.74, -0.29, -56.70, 3.87, -30.82
0.28, -0.69, -0.39, -64.00, -5.62, -24.06
0.36, -0.61, -0.56, -64.00, -20.60, -16.33
0.41, -0.55, -0.74, -44.72, -24.34, -11.08
0.38, -0.49, -0.95, -18.25, -6.60, -7.07
0.26, -0.50, -1.00, -6.38, 5.44, -5.97
0.19, -0.60, -0.90, 7.20, 38.44, -2.43
0.15, -0.67, -0.76, 17.55, 56.02, -1.17
0.17, -0.71, -0.59, 26.44, 64.00, -1.54
0.22, -0.76, -0.49, 17.84, 52.02, -12.71
0.21, -0.82, -0.39, 2.19, 34.38, -16.57
0.24, -0.81, -0.31, -8.95, 15.30, -20.24
0.26, -0.79, -0.20, -39.30, 3.22, -23.94
0.28, -0.79, -0.21, -50.66, 2.17, -19.36
0.37, -0.70, -0.44, -55.44, -21.71, -10.02
0.47, -0.60, -0.61, -51.30, -54.47, -1.31
0.46, -0.52, -0.78, -27.72, -55.78, 2.79
0.33, -0.48, -0.96, -1.16, -25.90, 1.87
0.19, -0.52, -1.00, 14.82, 13.93, 1.46
0.15, -0.61, -0.88, 18.44, 43.58, 6.20
0.20, -0.71, -0.73, 18.29, 60.10, 7.51
0.24, -0.75, -0.61, 21.90, 58.42, 3.49
0.25, -0.79, -0.48, 15.69, 42.75, -3.34
0.28, -0.84, -0.32, 8.19, 18.26, -10.15
0.30, -0.88, -0.18, -16.84, -8.27, -19.04
0.29, -0.89, -0.09, -43.60, -18.96, -20.88
0.33, -0.83, -0.19, -48.20, -24.58, -16.81
0.42, -0.67, -0.47, -50.32, -42.76, -9.22
0.46, -0.57, -0.65, -42.41, -63.48, -4.31
0.41, -0.50, -0.87, -13.99, -42.20, -1.27
0.30, -0.49, -1.00, 1.80, -20.85, -0.93
0.24, -0.55, -0.99, 17.58, 14.38, 4.19
0.24, -0.62, -0.89, 20.60, 43.12, 7.83
0.24, -0.71, -0.69, 14.31, 54.62, 10.09
0.26, -0.77, -0.52, 15.48, 50.53, 13.39
0.29, -0.81, -0.44, 12.07, 25.45, 5.95
0.26, -0.89, -0.29, -6.56, 0.94, -8.40
0.21, -0.94, -0.16, -28.82, -13.48, -19.03
0.20, -0.88, -0.19, -54.43, -19.24, -25.16
0.26, -0.77, -0.31, -64.00, -20.04, -18.21
0.38, -0.64, -0.57, -63.43, -37.52, -6.76
0.47, -0.57, -0.75, -52.98, -52.22, 0.78
0.46, -0.51, -0.93, -27.48, -41.79, 4.56
0.34, -0.50, -1.01, -11.77, -23.81, 6.31
0.25, -0.56, -0.98, 3.00, 13.47, 11.52
0.21, -0.63, -0.87, 7.42, 43.50, 14.09
0.19, -0.72, -0.63, 3.72, 64.00, 14.62
0.21, -0.76, -0.44, 8.00, 64.00, 11.83
0.22, -0.79, -0.43, 9.63, 46.36, -1.43
0.22, -0.83, -0.30, -7.69, 15.48, -6.73
0.29, -0.88, -0.16, -29.45, -16.00, -17.65
0.30, -0.85, -0.12, -57.74, -27.25, -19.92
0.32, -0.77, -0.27, -60.49, -24.16, -12.33
0.42, -0.64, -0.50, -59.75, -36.48, -4.71
0.50, -0.57, -0.70, -51.39, -64.00, 4.53
0.49, -0.54, -0.84, -29.97, -64.00, 5.32
0.36, -0.52, -0.99, -13.51, -57.55, 3.40
0.23, -0.57, -0.96, 1.26, -26.37, 1.97
0.16, -0.61, -0.92, 17.42, 30.89, 3.21
0.14, -0.64, -0.82, 18.64, 64.00, 3.73
0.20, -0.70, -0.61, 20.70, 64.00, 8.46
0.28, -0.75, -0.55, 27.54, 62.08, 0.08
0.27, -0.84, -0.42, 8.95, 48.91, -3.53
0.33, -0.90, -0.20, -2.91, 7.86, -10.50
0.34, -0.86, -0.18, -39.89, -25.27, -20.72
0.29, -0.83, -0.10, -64.00, -30.99, -19.20
0.32, -0.71, -0.34, -62.35, -31.04, -14.23
0.40, -0.58, -0.67, -57.28, -50.46, -5.11
0.47, -0.52, -0.83, -38.30, -62.53, 2.39
0.43, -0.47, -0.94, -19.25, -60.91, 5.40
0.29, -0.49, -0.96, -0.54, -31.02, 8.82
0.21, -0.56, -0.93, 16.90, 12.81, 7.34
0.17, -0.58, -0.85, 17.64, 46.36, 12.09
0.22, -0.64, -0.66, 17.47, 56.66, 15.43
0.30, -0.69, -0.55, 19.35, 53.69, 19.86
0.32, -0.73, -0.49, 22.45, 24.32, 9.17
0.26, -0.83, -0.29, -7.71, 4.75, 3.50
0.27, -0.93, -0.04, -29.00, -15.94, -3.38
0.29, -0.89, -0.15, -48.76, -26.30, -7.87
0.33, -0.76, -0.33, -58.23, -38.86, -1.46
0.43, -0.64, -0.54, -51.95, -61.97, 6.46
0.45, -0.56, -0.75, -39.73, -64.00, 9.30
0.38, -0.53, -0.88, -15.64, -64.00, 12.23
0.25, -0.51, -0.91, -0.19, -43.25, 10.77
0.18, -0.53, -0.92, 17.70, -5.46, 16.46
0.18, -0.57, -0.86, 21.00, 18.84, 20.98
0.22, -0.65, -0.61, 13.02, 26.01, 25.76
0.29, -0.71, -0.51, 17.86, 20.84, 23.38
0.25, -0.70, -0.54, 18.53, 6.44, 17.46
0.17, -0.77, -0.36, 2.24, -9.44, 10.95
0.16, -0.88, -0.16, -16.36, -20.93, 5.17
0.18, -0.93, -0.18, -37.62, -26.85, 1.96
0.26, -0.86, -0.38, -41.22, -45.91, 5.20
0.35, -0.72, -0.57, -41.63, -64.00, 9.82
0.33, -0.66, -0.69, -37.42, -64.00, 11.80
0.23, -0.66, -0.81, -25.58, -64.00, 7.11
0.13, -0.69, -0.89, -5.09, -45.81, 3.00
0.05, -0.70, -0.99, 17.62, 6.84, -3.97
0.01, -0.73, -0.95, 20.19, 53.36, -4.84
0.04, -0.79, -0.77, 18.86, 64.00, -0.59
0.15, -0.83, -0.68, 31.66, 64.00, -0.67
0.18, -0.83, -0.69, 28.51, 49.44, -16.57
0.12, -0.93, -0.19, -12.07, 32.02, -22.55
0.16, -1.00, -0.08, -28.09, 20.83, -27.78
0.20, -0.93, -0.12, -64.00, -2.05, -29.68
0.29, -0.82, -0.18, -64.00, -19.67, -17.59
0.42, -0.63, -0.55, -64.00, -51.33, -6.55
0.45, -0.49, -0.80, -58.38, -64.00, -1.40
0.33, -0.44, -0.90, -32.96, -64.00, 4.32
0.15, -0.48, -0.96, -11.03, -30.15, -1.13
0.03, -0.56, -1.00, 12.62, 30.38, -0.06
0.01, -0.63, -0.91, 14.57, 64.00, 4.10
0.15, -0.71, -0.65, 9.51, 64.00, 13.24
0.28, -0.72, -0.58, 19.38, 46.73, 9.67
0.25, -0.75, -0.57, 11.44, 16.84, -0.74
0.14, -0.87, -0.19, -16.75, 11.50, -8.25
0.13, -0.94, -0.09, -29.48, 4.98, -16.38
0.17, -0.86, -0.22, -54.90, -9.23, -16.41
0.29, -0.74, -0.33, -60.80, -27.03, -7.43
0.39, -0.62, -0.58, -57.96, -53.91, 2.91
0.39, -0.55, -0.73, -48.79, -64.00, 5.49
0.32, -0.52, -0.82, -32.37, -64.00, 6.70
0.19, -0.53, -0.89, -16.60, -38.32, 3.05
0.10, -0.56, -0.98, 4.35, 10.11, 3.14
0.08, -0.61, -0.97, 17.53, 45.61, 4.80
0.12, -0.67, -0.80, 19.22, 64.00, 7.78
0.23, -0.74, -0.64, 25.70, 58.14, 11.73
0.26, -0.78, -0.58, 25.75, 40.00, 2.99
0.21, -0.85, -0.34, 5.99, 29.66, -1.22
0.21, -0.91, -0.20, -6.73, 4.42, -9.75
0.22, -0.89, -0.20, -42.14, -18.96, -15.28
0.23, -0.86, -0.13, -64.00, -32.54, -11.68
0.30, -0.75, -0.40, -64.00, -45.37, -5.00
0.36, -0.62, -0.66, -64.00, -64.00, -0.04
0.35, -0.55, -0.81, -50.56, -64.00, 0.64
0.25, -0.50, -0.96, -26.98, -64.00, 3.25
0.08, -0.52, -0.97, -9.79, -20.44, -3.88
0.01, -0.58, -0.98, 11.85, 36.37, -2.35
0.04, -0.63, -0.94, 18.93, 64.00, 1.76
0.19, -0.69, -0.77, 20.15, 64.00, 9.40
0.31, -0.73, -0.60, 19.23, 60.27, 14.04
0.31, -0.77, -0.53, 20.30, 35.43, 9.94
0.23, -0.83, -0.34, -0.71, 12.58, -0.29
0.17, -0.89, -0.17, -17.91, -7.17, -7.84
0.13, -0.87, -0.21, -44.62, -22.56, -14.39
0.16, -0.81, -0.21, -64.00, -31.83, -9.51
0.25, -0.71, -0.38, -64.00, -40.48, -0.58
0.34, -0.59, -0.63, -60.83, -60.45, 3.01
0.34, -0.53, -0.78, -46.80, -64.00, 6.30
0.27, -0.49, -0.91, -24.99, -64.00, 7.24
0.14, -0.51, -1.00, -6.58, -30.62, 6.42
0.06, -0.56, -1.03, 20.52, 16.72, 6.78
0.03, -0.60, -1.02, 28.38, 52.77, 6.64
0.08, -0.68, -0.78, 29.62, 64.00, 9.22
0.15, -0.75, -0.65, 34.94, 64.00, 7.89
0.17, -0.81, -0.57, 33.93, 62.80, 4.07
0.18, -0.87, -0.37, 17.63, 34.66, -4.00
0.22, -0.91, -0.24, -0.31, 8.44, -12.24
0.21, -0.93, -0.14, -41.15, -15.97, -22.25
0.18, -0.93, -0.04, -64.00, -16.43, -17.62
0.26, -0.83, -0.33, -64.00, -28.06, -11.31
0.38, -0.66, -0.62, -64.00, -61.81, -6.00
0.40, -0.53, -0.84, -46.55, -64.00, -4.88
0.28, -0.48, -1.00, -22.94, -49.78, -0.16
0.06, -0.52, -0.95, -4.58, -12.69, -11.22
0.05, -0.57, -1.00, 21.45, 49.99, -4.30
0.06, -0.62, -0.93, 21.43, 64.00, -3.28
0.19, -0.68, -0.71, 20.12, 64.00, 5.14
0.28, -0.72, -0.59, 20.80, 51.15, 1.15
0.24, -0.77, -0.56, 11.60, 37.58, -5.22
0.18, -0.82, -0.37, 8.27, 34.05, -5.71
0.23, -0.80, -0.39, 6.20, 14.92, -13.44
0.22, -0.81, -0.26, -29.06, -0.51, -17.05
0.21, -0.88, -0.11, -51.91, -0.86, -17.82
0.27, -0.83, -0.26, -63.02, -10.17, -13.74
0.36, -0.71, -0.53, -64.00, -34.24, -7.86
0.44, -0.60, -0.67, -56.65, -62.89, -1.28
0.37, -0.53, -0.88, -29.24, -55.30, -1.15
0.19, -0.49, -1.04, -5.75, -16.79, -0.73
0.07, -0.53, -0.97, 6.16, 17.89, -4.04
0.06, -0.60, -0.88, 17.65, 61.87, -1.90
0.13, -0.65, -0.76, 21.84, 64.00, -0.97
0.23, -0.70, -0.64, 20.28, 64.00, -4.40
0.28, -0.77, -0.54, 17.71, 54.38, -3.98
0.29, -0.83, -0.44, 10.22, 39.69, -7.88
0.31, -0.84, -0.34, -0.09, 24.92, -14.25
0.31, -0.84, -0.29, -19.13, 10.27, -18.17
0.30, -0.88, -0.20, -44.13, -3.27, -22.62
0.31, -0.90, -0.21, -56.16, -4.09, -18.98
0.38, -0.78, -0.43, -56.78, -20.72, -15.19
0.46, -0.66, -0.60, -57.88, -44.71, -9.64
0.47, -0.58, -0.72, -42.94, -59.52, -8.96
0.34, -0.53, -0.93, -13.65, -23.33, -7.32
0.19, -0.51, -1.02, 5.81, 16.02, -10.77
0.15, -0.56, -0.92, 11.22, 49.43, -4.50
0.22, -0.63, -0.74, 8.33, 59.97, -2.02
0.30, -0.69, -0.57, 5.88, 56.08, -2.78
0.35, -0.73, -0.47, -0.35, 42.34, -4.66
0.35, -0.79, -0.35, -10.26, 20.27, -10.66
0.34, -0.84, -0.24, -28.19, 3.04, -14.84
0.34, -0.86, -0.18, -46.49, -7.40, -17.33
0.37, -0.78, -0.27, -54.34, -17.76, -14.31
0.41, -0.65, -0.48, -57.51, -40.40, -9.00
0.44, -0.59, -0.60, -57.52, -63.88, 0.50
0.42, -0.57, -0.71, -43.71, -60.73, -0.28
0.32, -0.50, -0.91, -18.81, -30.51, -0.72
0.23, -0.48, -0.97, -5.34, 1.55, -0.91
0.23, -0.53, -0.95, 10.31, 35.23, 4.02
0.25, -0.61, -0.88, 15.37, 55.93, 6.47
0.29, -0.69, -0.71, 16.43, 57.01, 7.03
0.35, -0.73, -0.53, 16.19, 47.86, 4.46
0.33, -0.79, -0.44, 12.00, 36.60, -2.78
0.30, -0.85, -0.29, -4.62, 17.01, -7.50
0.31, -0.88, -0.20, -26.31, -4.58, -18.36
0.31, -0.87, -0.14, -55.45, -13.68, -17.62
0.36, -0.78, -0.28, -63.59, -19.04, -13.85
0.45, -0.64, -0.50, -64.00, -45.84, -6.50
0.50, -0.56, -0.67, -55.24, -64.00, 1.20
0.43, -0.50, -0.85, -33.16, -57.06, 2.05
0.29, -0.49, -0.92, -20.61, -40.50, -0.54
0.21, -0.54, -0.94, 2.06, 4.08, 1.23
0.20, -0.56, -0.97, 16.13, 45.71, 3.06
0.24, -0.59, -0.85, 15.94, 56.94, 7.86
0.35, -0.65, -0.64, 14.23, 53.20, 10.96
0.40, -0.71, -0.56, 20.37, 37.17, 7.57
0.32, -0.81, -0.49, 10.82, 29.62, 0.22
0.29, -0.86, -0.26, -4.64, 19.57, -0.24
0.34, -0.82, -0.23, -16.58, -1.29, -8.01
0.36, -0.80, -0.20, -51.40, -19.96, -11.49
0.39, -0.76, -0.21, -62.21, -28.06, -7.56
0.43, -0.67, -0.44, -64.00, -46.17, -4.13
0.45, -0.60, -0.65, -62.49, -64.00, 1.36
0.42, -0.54, -0.83, -41.45, -64.00, 1.40
0.31, -0.51, -0.95, -22.57, -46.64, -1.97
0.20, -0.52, -1.00, 1.50, -6.70, -3.31
0.17, -0.54, -1.05, 23.44, 47.26, -1.14
0.21, -0.58, -0.94, 26.92, 64.00, 6.15
0.35, -0.66, -0.70, 29.27, 64.00, 11.28
0.43, -0.71, -0.59, 30.47, 55.27, 8.30
0.35, -0.79, -0.44, 14.41, 38.05, 1.65
0.33, -0.86, -0.19, -0.88, 20.73, 1.91
0.36, -0.85, -0.19, -24.25, -15.48, -10.10
0.34, -0.83, -0.12, -58.31, -26.13, -11.23
0.36, -0.75, -0.22, -61.24, -25.29, -7.27
0.41, -0.61, -0.52, -61.91, -40.51, -1.94
0.46, -0.54, -0.68, -52.29, -63.45, 4.15
0.43, -0.51, -0.85, -32.83, -59.56, 8.26
0.30, -0.50, -0.93, -12.64, -34.66, 7.60
0.21, -0.51, -0.93, 7.61, 10.25, 6.08
0.18, -0.54, -0.93, 18.49, 40.79, 9.80
0.23, -0.61, -0.77, 16.55, 52.12, 16.36
0.36, -0.67, -0.58, 16.06, 49.68, 21.92
0.43, -0.68, -0.53, 21.68, 24.49, 21.35
0.38, -0.71, -0.49, 11.67, -5.36, 9.42
0.28, -0.85, -0.22, -12.70, -15.44, 2.91
0.24, -0.94, -0.10, -33.80, -14.44, -7.72
0.27, -0.88, -0.17, -51.12, -11.43, -7.35
0.40, -0.74, -0.39, -50.50, -31.24, -0.47
0.51, -0.63, -0.61, -46.97, -64.00, 9.31
0.49, -0.59, -0.73, -35.34, -64.00, 15.53
0.38, -0.53, -0.85, -15.86, -64.00, 16.49
0.24, -0.49, -0.97, -2.48, -36.67, 14.34
0.16, -0.52, -0.92, 5.96, -8.50, 16.21
0.14, -0.58, -0.87, 9.26, 24.29, 17.85
0.14, -0.66, -0.76, 8.64, 41.98, 16.49
0.21, -0.70, -0.67, 8.10, 44.16, 16.79
0.31, -0.72, -0.62, 10.85, 26.38, 18.15
0.35, -0.73, -0.68, 17.69, -5.93, 13.04
0.24, -0.80, -0.52, 0.85, -12.85, 1.45
0.11, -0.95, -0.24, -14.54, 9.01, -13.29
0.09, -1.03, -0.18, -39.26, 26.47, -26.80
0.22, -1.00, -0.22, -59.94, 15.55, -24.18
0.48, -0.85, -0.39, -64.00, -26.76, -11.96
0.61, -0.71, -0.59, -62.80, -64.00, -0.67
0.53, -0.57, -0.76, -39.33, -64.00, 2.12
0.36, -0.43, -0.91, -18.79, -53.36, 5.99
0.20, -0.41, -0.94, -4.66, -20.00, 10.49
0.16, -0.45, -0.94, 12.53, 19.01, 13.95
0.13, -0.49, -0.87, 11.67, 46.72, 17.34
0.16, -0.59, -0.65, 9.70, 51.29, 26.10
0.32, -0.63, -0.55, 8.64, 27.58, 34.77
0.40, -0.63, -0.54, 8.67, -17.46, 32.15
0.28, -0.66, -0.37, -10.16, -40.79, 24.79
0.12, -0.80, -0.07, -31.67, -35.71, 17.74
0.05, -0.89, -0.10, -45.53, -22.85, 12.34
0.13, -0.85, -0.31, -53.86, -38.50, 12.00
0.29, -0.75, -0.45, -58.43, -64.00, 18.64
0.36, -0.66, -0.58, -56.39, -64.00, 21.78
0.30, -0.54, -0.84, -28.94, -64.00, 22.92
0.16, -0.49, -0.99, -8.02, -64.00, 14.23
-0.00, -0.59, -0.97, 7.62, -26.44, 12.03
-0.01, -0.65, -1.08, 41.13, 20.42, 17.35
0.01, -0.70, -1.07, 41.68, 43.46, 10.43
0.08, -0.76, -0.81, 34.26, 48.68, 12.60
0.20, -0.79, -0.62, 33.99, 38.75, 13.70
0.16, -0.79, -0.61, 32.60, 32.38, 0.95
0.06, -0.87, -0.36, 13.23, 27.46, 1.12
0.10, -0.98, -0.21, 2.20, 10.31, -8.47
0.15, -1.01, -0.15, -36.18, -12.11, -15.20
0.18, -0.98, -0.08, -64.00, -29.83, -12.96
0.28, -0.83, -0.31, -64.00, -57.49, -4.54
0.33, -0.68, -0.53, -64.00, -64.00, 0.72
0.28, -0.55, -0.69, -57.72, -64.00, 4.81
0.15, -0.45, -0.91, -32.59, -60.33, 2.64
-0.02, -0.44, -0.97, -14.42, -30.98, -3.86
-0.07, -0.52, -1.02, 13.31, 22.85, 1.15
-0.03, -0.59, -1.05, 25.39, 51.12, 2.67
0.03, -0.68, -0.83, 25.45, 59.48, 5.57
0.13, -0.74, -0.63, 26.08, 52.95, 6.60
0.16, -0.78, -0.56, 25.41, 41.51, -3.14
0.12, -0.85, -0.41, 11.01, 33.60, -5.77
0.12, -0.93, -0.22, -7.52, 15.31, -7.25
0.15, -0.97, -0.17, -31.44, -4.77, -9.01
0.19, -0.94, -0.16, -57.04, -25.07, -8.12
0.24, -0.86, -0.30, -64.00, -44.55, -2.86
0.29, -0.72, -0.46, -64.00, -64.00, -0.14
0.24, -0.63, -0.57, -64.00, -64.00, 4.18
0.15, -0.56, -0.73, -50.13, -64.00, 4.09
0.03, -0.48, -0.92, -24.32, -43.08, -0.35
-0.07, -0.48, -1.00, -2.42, 2.79, -1.86
-0.05, -0.54, -1.04, 13.98, 42.95, 1.54
0.01, -0.61, -0.93, 16.36, 60.29, 3.60
0.11, -0.69, -0.75, 20.83, 57.13, 6.12
0.18, -0.72, -0.70, 25.11, 48.47, 4.62
0.15, -0.77, -0.58, 19.84, 33.34, -1.73
0.11, -0.85, -0.43, 13.04, 27.79, -8.11
0.06, -0.93, -0.27, -10.99, 22.70, -18.92
0.06, -0.98, -0.18, -32.85, 19.80, -18.67
0.17, -0.92, -0.24, -54.36, 5.67, -17.13
0.29, -0.80, -0.40, -63.54, -24.21, -8.79
0.37, -0.68, -0.54, -64.00, -57.80, -1.18
0.32, -0.62, -0.68, -62.37, -64.00, 0.78
0.17, -0.57, -0.81, -43.42, -64.00, -1.83
0.01, -0.54, -0.98, -18.50, -21.02, -7.60
-0.10, -0.53, -1.09, 5.80, 30.26, -9.93
-0.11, -0.56, -1.05, 16.04, 64.00, -8.26
-0.02, -0.63, -0.87, 17.81, 64.00, -6.10
0.11, -0.70, -0.72, 22.48, 64.00, -4.81
0.19, -0.76, -0.71, 26.50, 64.00, -13.83
0.17, -0.82, -0.61, 18.92, 64.00, -14.91
0.14, -0.89, -0.45, 16.75, 64.00, -19.43
0.15, -0.90, -0.37, 3.97, 64.00, -24.01
0.18, -0.90, -0.27, -15.28, 60.76, -33.55
0.21, -0.92, -0.16, -52.85, 42.66, -41.11
0.24, -0.91, -0.10, -64.00, 33.13, -37.90
0.38, -0.79, -0.31, -64.00, 11.48, -28.18
0.51, -0.62, -0.61, -64.00, -29.84, -17.18
0.56, -0.48, -0.79, -64.00, -56.79, -8.49
0.45, -0.38, -0.97, -32.27, -38.46, -5.00
0.23, -0.38, -1.04, -10.91, 0.34, -8.44
0.07, -0.50, -0.97, 2.25, 46.98, -8.25
0.07, -0.62, -0.81, 6.72, 64.00, -7.18
0.17, -0.68, -0.67, 13.23, 64.00, -7.85
0.27, -0.70, -0.58, 13.28, 64.00, -11.46
0.31, -0.76, -0.41, 5.54, 49.79, -12.15
0.35, -0.81, -0.30, -2.77, 34.17, -17.00
0.37, -0.81, -0.20, -22.07, 6.58, -19.53
0.37, -0.80, -0.12, -49.14, -5.91, -21.16
0.38, -0.76, -0.16, -64.00, -19.92, -16.22
0.42, -0.66, -0.39, -64.00, -42.55, -11.27
0.47, -0.56, -0.62, -62.74, -64.00, -4.75
0.42, -0.48, -0.83, -38.17, -64.00, -3.09
0.28, -0.43, -1.04, -11.69, -35.51, -2.72
0.15, -0.47, -1.02, 4.01, -7.44, -6.48
0.16, -0.52, -1.00, 30.39, 57.97, 2.33
0.19, -0.56, -0.90, 33.58, 64.00, 3.42
0.29, -0.63, -0.71, 35.74, 64.00, 12.79
0.42, -0.70, -0.60, 37.12, 43.46, 7.99
0.38, -0.78, -0.44, 15.06, 26.74, 0.28
0.32, -0.87, -0.19, 2.63, 17.25, -2.67
0.33, -0.84, -0.19, -18.68, -2.35, -12.64
0.35, -0.83, -0.09, -57.57, -16.31, -12.55
0.41, -0.80, -0.19, -64.00, -29.41, -6.48
0.48, -0.68, -0.47, -64.00, -59.37, 0.30
0.49, -0.60, -0.66, -63.14, -64.00, 4.93
0.42, -0.50, -0.89, -37.88, -64.00, 5.52
0.28, -0.46, -0.97, -26.75, -64.00, 3.53
0.17, -0.52, -0.98, 4.75, -7.46, 2.47
0.14, -0.54, -1.03, 23.66, 45.21, 0.16
0.14, -0.59, -0.95, 30.91, 64.00, 5.75
0.30, -0.66, -0.69, 33.21, 64.00, 11.81
0.43, -0.71, -0.62, 32.20, 52.04, 7.86
0.38, -0.77, -0.45, 19.17, 35.77, 6.69
0.32, -0.81, -0.30, 12.88, 26.76, 3.00
0.33, -0.81, -0.24, -6.39, 0.53, -2.95
0.33, -0.82, -0.14, -36.20, -14.14, -7.58
0.35, -0.82, -0.11, -60.83, -24.86, -5.12
0.41, -0.73, -0.32, -64.00, -41.64, 0.98
0.47, -0.63, -0.53, -64.00, -64.00, 8.11
0.46, -0.56, -0.70, -58.23, -64.00, 10.23
0.36, -0.50, -0.90, -35.80, -64.00, 10.29
0.19, -0.50, -0.96, -14.46, -58.97, -1.01
0.09, -0.55, -1.02, 17.79, 18.94, 0.62
0.06, -0.59, -1.08, 35.94, 64.00, -0.50
0.19, -0.65, -0.86, 36.05, 64.00, 8.85
0.40, -0.70, -0.69, 46.33, 64.00, 11.46
0.44, -0.74, -0.62, 32.90, 46.09, 5.71
0.33, -0.83, -0.29, 15.74, 35.69, 2.40
0.32, -0.85, -0.23, 5.80, 16.95, -1.25
0.34, -0.83, -0.21, -24.59, -10.72, -9.30
0.35, -0.85, -0.06, -61.91, -27.37, -7.06
0.37, -0.80, -0.19, -64.00, -35.96, -0.82
0.41, -0.66, -0.46, -64.00, -53.46, 4.14
0.46, -0.57, -0.63, -64.00, -64.00, 12.01
0.41, -0.50, -0.80, -49.76, -64.00, 10.75
0.27, -0.48, -0.94, -29.66, -64.00, 8.96
0.08, -0.54, -0.92, -7.31, -20.24, 1.29
0.04, -0.58, -0.96, 19.44, 42.76, 1.26
0.09, -0.62, -0.93, 27.80, 64.00, 1.64
0.26, -0.68, -0.71, 28.45, 64.00, 11.31
0.43, -0.73, -0.57, 30.52, 51.59, 11.74
0.41, -0.79, -0.50, 23.35, 29.15, 3.94
0.31, -0.85, -0.35, 7.99, 15.53, -1.69
0.27, -0.88, -0.27, -10.93, -3.61, -12.38
0.25, -0.88, -0.19, -44.55, -13.63, -15.99
0.31, -0.86, -0.18, -64.00, -15.27, -13.50
0.37, -0.74, -0.41, -64.00, -28.69, -8.69
0.45, -0.63, -0.64, -64.00, -55.91, -2.37
0.45, -0.55, -0.82, -47.62, -63.20, 0.83
0.33, -0.51, -0.94, -26.69, -56.84, -0.82
0.17, -0.53, -0.99, 2.03, -0.41, 0.82
0.09, -0.53, -1.00, 23.59, 45.23, -4.94
0.09, -0.56, -0.93, 28.12, 64.00, 3.50
0.24, -0.62, -0.69, 31.30, 64.00, 11.27
0.38, -0.66, -0.57, 37.78, 59.69, 14.26
0.39, -0.73, -0.52, 31.62, 28.62, 5.35
0.31, -0.83, -0.18, -0.15, 10.74, -0.17
0.30, -0.91, -0.07, -22.18, -4.46, -8.82
0.30, -0.88, -0.09, -59.06, -19.81, -10.83
0.35, -0.82, -0.16, -64.00, -22.51, -5.95
0.42, -0.72, -0.48, -64.00, -46.11, -2.71
0.46, -0.62, -0.75, -55.48, -64.00, 1.93
0.41, -0.58, -0.90, -29.58, -64.00, -0.37
0.26, -0.55, -1.00, -7.27, -33.08, 0.54
0.13, -0.56, -1.01, 15.39, 23.07, -3.87
0.13, -0.58, -0.96, 22.79, 63.01, 2.99
0.23, -0.64, -0.77, 22.45, 64.00, 9.25
0.38, -0.70, -0.62, 26.14, 53.72, 14.36
0.41, -0.73, -0.60, 27.88, 16.61, 6.45
0.31, -0.81, -0.35, 4.59, 4.53, -2.73
0.21, -0.89, -0.12, -9.56, 9.95, -10.79
0.21, -0.87, -0.11, -36.12, 2.69, -16.39
0.29, -0.82, -0.11, -62.53, -8.41, -11.18
0.44, -0.74, -0.25, -64.00, -35.38, 0.36
0.54, -0.63, -0.51, -64.00, -64.00, 8.60
0.50, -0.55, -0.67, -55.10, -64.00, 12.59
0.36, -0.47, -0.87, -32.87, -64.00, 13.06
0.18, -0.46, -0.89, -22.47, -61.30, 8.30
0.08, -0.51, -0.93, 7.12, 2.74, 12.88
0.08, -0.56, -0.96, 19.25, 42.63, 11.21
0.14, -0.60, -0.80, 17.04, 55.29, 18.63
0.32, -0.67, -0.61, 16.22, 37.48, 23.82
0.40, -0.72, -0.54, 10.27, 10.07, 17.94
0.30, -0.79, -0.40, -7.34, -3.52, 10.94
0.23, -0.86, -0.29, -20.86, -6.04, 6.34
0.24, -0.84, -0.36, -29.68, -9.20, 6.43
0.30, -0.76, -0.47, -31.25, -10.25, 10.66
0.35, -0.67, -0.58, -26.30, -15.28, 14.38
0.34, -0.65, -0.65, -22.10, -16.29, 15.72
0.27, -0.65, -0.68, -15.26, -11.67, 15.50
0.22, -0.66, -0.67, -11.84, -5.96, 14.94
0.20, -0.64, -0.64, -11.19, -0.72, 14.99
0.21, -0.63, -0.60, -11.35, 4.43, 16.51
0.23, -0.63, -0.58, -11.40, 8.38, 19.12
0.27, -0.63, -0.58, -10.29, 9.86, 23.96
0.31, -0.63, -0.57, -9.54, 12.23, 29.85
0.33, -0.62, -0.56, -7.31, 16.01, 38.46
0.36, -0.60, -0.55, -8.55, 11.72, 44.58
0.37, -0.61, -0.51, -15.73, -8.28, 51.11
0.31, -0.64, -0.47, -24.50, -36.04, 52.08
0.22, -0.71, -0.46, -25.12, -34.60, 51.76
0.14, -0.77, -0.51, -18.34, -23.89, 46.17
0.06, -0.79, -0.56, -16.32, -11.80, 38.00
0.06, -0.79, -0.56, -16.76, -6.89, 33.93
0.09, -0.78, -0.57, -17.24, -7.28, 29.29
0.09, -0.79, -0.61, -13.98, -7.62, 24.18
0.09, -0.80, -0.64, -7.93, -4.02, 19.36
0.11, -0.79, -0.67, -0.72, -5.43, 15.12
0.13, -0.78, -0.69, 2.32, -6.51, 12.73
0.13, -0.81, -0.63, -4.58, -9.44, 9.74
0.14, -0.83, -0.60, -6.71, -11.95, 8.04
0.13, -0.81, -0.62, -10.29, -10.95, 4.57
0.11, -0.77, -0.63, -9.85, -2.84, 1.31
0.09, -0.75, -0.63, -9.12, 5.14, 0.68
0.12, -0.76, -0.62, -11.04, 7.03, 2.29
0.16, -0.77, -0.58, -14.42, -0.23, 4.34
0.19, -0.76, -0.57, -12.95, -12.58, 5.76
0.18, -0.74, -0.59, -12.14, -18.30, 5.64
0.15, -0.72, -0.57, -11.34, -18.08, 4.76
0.12, -0.71, -0.56, -9.81, -11.55, 2.66
0.11, -0.70, -0.54, -9.70, 1.84, 5.42
0.11, -0.72, -0.49, -14.26, 3.44, 7.40
0.13, -0.75, -0.49, -14.73, -0.61, 11.23
0.17, -0.76, -0.49, -14.75, -15.38, 9.23
0.14, -0.73, -0.51, -12.03, -23.63, 6.11
0.10, -0.71, -0.53, -11.53, -26.39, 8.82
0.08, -0.74, -0.53, -13.92, -24.31, 10.71
0.05, -0.80, -0.54, -15.97, -23.05, 8.24
0.02, -0.82, -0.58, -13.77, -17.16, 4.66
0.00, -0.80, -0.59, -15.01, -16.68, -0.96
-0.02, -0.78, -0.60, -13.89, -4.42, -6.35
-0.01, -0.78, -0.60, -15.66, 2.27, -9.12
0.06, -0.78, -0.58, -14.81, 9.54, -10.14
0.10, -0.77, -0.59, -13.57, 7.35, -11.66
0.09, -0.75, -0.63, -13.29, 7.18, -11.96
0.08, -0.74, -0.61, -15.48, 8.48, -13.62
0.10, -0.74, -0.58, -14.88, 17.79, -11.32
0.12, -0.75, -0.54, -17.10, 17.40, -10.37
0.12, -0.77, -0.51, -18.15, 14.10, -7.54
0.11, -0.79, -0.51, -19.40, 2.52, -8.30
0.10, -0.81, -0.50, -21.88, -10.36, -10.33
0.10, -0.82, -0.49, -26.87, -22.79, -10.58
0.06, -0.81, -0.51, -28.58, -16.79, -11.49
0.01, -0.79, -0.55, -29.25, -9.55, -15.99
-0.01, -0.75, -0.63, -22.29, 1.84, -18.24
0.03, -0.71, -0.65, -19.50, -6.59, -17.23
0.09, -0.71, -0.66, -13.33, 0.51, -14.41
0.15, -0.71, -0.63, -11.55, 5.96, -11.82
0.16, -0.72, -0.60, -14.28, 2.72, -8.74
0.17, -0.72, -0.60, -13.89, 1.06, -2.24
0.18, -0.71, -0.63, -10.94, -10.54, -1.10
0.14, -0.72, -0.61, -8.90, -19.63, -5.20
0.08, -0.78, -0.57, -10.65, -27.30, -8.17
0.08, -0.85, -0.56, -8.85, -25.90, -11.41
0.09, -0.86, -0.55, -12.99, -28.25, -16.15
0.10, -0.81, -0.57, -15.38, -23.20, -15.47
0.10, -0.77, -0.55, -19.82, -27.27, -19.94
0.07, -0.79, -0.55, -18.57, -33.11, -23.21
0.07, -0.82, -0.52, -22.46, -49.18, -27.15
0.10, -0.83, -0.51, -23.96, -48.92, -22.11
0.16, -0.79, -0.49, -28.37, -61.40, -25.26
0.13, -0.73, -0.56, -22.07, -45.00, -23.05
0.09, -0.66, -0.60, -21.11, -47.99, -20.27
0.07, -0.63, -0.61, -13.34, -41.10, -14.32
0.11, -0.64, -0.58, -11.70, -52.96, -13.83
0.10, -0.65, -0.59, -7.74, -45.42, -8.31
0.12, -0.60, -0.63, -5.17, -42.47, -3.14
0.11, -0.55, -0.65, -2.65, -38.39, 0.63
0.10, -0.57, -0.63, 0.51, -42.46, 5.22
0.05, -0.64, -0.59, -0.40, -57.04, 2.28
-0.01, -0.73, -0.54, -6.04, -64.00, -5.55
0.01, -0.79, -0.54, -8.98, -60.29, -5.52
0.05, -0.77, -0.59, -8.68, -52.34, -1.21
0.05, -0.73, -0.63, -7.39, -43.27, 2.68
0.02, -0.73, -0.64, -6.55, -35.55, 2.40
0.02, -0.75, -0.65, -8.03, -27.76, 3.61
0.05, -0.73, -0.70, -7.65, -15.36, 10.27
0.09, -0.66, -0.76, -6.64, 2.70, 17.54
0.09, -0.60, -0.76, -6.90, 19.08, 20.87
0.06, -0.58, -0.73, -11.36, 31.50, 27.02
0.06, -0.62, -0.70, -14.30, 32.56, 30.34
0.06, -0.69, -0.68, -12.07, 28.78, 32.97
0.02, -0.79, -0.64, -5.64, 14.04, 26.91
-0.08, -0.90, -0.59, -0.69, 8.85, 16.18
-0.17, -1.02, -0.54, -0.22, 4.98, -0.29
-0.20, -1.07, -0.50, -3.95, 11.81, -10.18
-0.15, -1.01, -0.47, -10.45, 19.65, -17.52
-0.06, -0.89, -0.47, -10.37, 32.00, -15.12
0.06, -0.79, -0.46, -15.20, 16.54, -15.59
0.12, -0.77, -0.46, -18.88, -3.12, -11.21
0.14, -0.79, -0.47, -22.67, -33.96, -10.86
0.10, -0.82, -0.48, -23.30, -50.67, -12.89
0.02, -0.81, -0.51, -17.52, -50.21, -13.28
-0.08, -0.78, -0.53, -14.44, -41.58, -17.94
-0.16, -0.76, -0.54, -12.49, -32.87, -26.36
-0.21, -0.77, -0.55, -12.12, -29.68, -35.51
-0.18, -0.79, -0.57, -14.28, -20.53, -37.06
-0.07, -0.73, -0.57, -14.49, -15.10, -33.69
-0.05, -0.64, -0.53, -15.96, -24.20, -35.81
-0.06, -0.61, -0.51, -15.77, -14.50, -28.53
-0.00, -0.66, -0.46, -17.32, -34.51, -31.57
-0.01, -0.75, -0.46, -18.94, -41.82, -27.97
0.03, -0.74, -0.50, -18.32, -51.99, -20.20
0.04, -0.71, -0.54, -17.60, -51.93, -14.23
0.02, -0.64, -0.55, -17.39, -54.78, -8.90
0.02, -0.62, -0.53, -13.52, -50.88, -5.83
0.04, -0.66, -0.54, -14.68, -57.09, -5.96
0.04, -0.72, -0.59, -16.71, -62.06, -5.44
0.08, -0.74, -0.64, -11.39, -62.18, 3.76
0.11, -0.71, -0.68, -4.75, -53.92, 18.81
0.13, -0.67, -0.67, -4.80, -48.31, 25.31
0.11, -0.66, -0.62, -7.75, -49.68, 22.82
0.02, -0.69, -0.60, -10.52, -47.31, 23.96
-0.05, -0.74, -0.64, -8.56, -48.81, 24.09
-0.10, -0.79, -0.61, -5.14, -54.42, 19.39
-0.18, -0.88, -0.56, -2.83, -59.96, 5.19
-0.24, -0.95, -0.54, -4.22, -64.00, -5.61
-0.26, -0.98, -0.48, -8.83, -59.19, -15.05
-0.22, -0.93, -0.43, -9.32, -50.77, -18.42
-0.18, -0.83, -0.40, -15.67, -42.64, -15.45
-0.16, -0.76, -0.36, -21.78, -48.89, -9.41
-0.10, -0.70, -0.32, -31.79, -64.00, 1.08
-0.02, -0.66, -0.32, -43.05, -64.00, 6.72
-0.00, -0.61, -0.48, -29.96, -64.00, 6.17
-0.07, -0.53, -0.71, -8.45, -64.00, 9.37
-0.13, -0.51, -0.79, 7.40, -47.78, 16.54
-0.14, -0.56, -0.81, 22.87, -14.21, 19.66
-0.23, -0.63, -0.74, 27.75, 19.92, 17.45
-0.34, -0.72, -0.61, 28.01, 45.11, 13.47
-0.37, -0.88, -0.48, 16.46, 52.10, 4.41
-0.30, -1.07, -0.38, 4.63, 40.18, -6.45
-0.20, -1.16, -0.38, -3.07, 19.15, -16.03
-0.15, -1.11, -0.42, -9.82, 3.84, -21.04
-0.16, -1.03, -0.41, -15.57, -3.96, -26.13
-0.22, -0.97, -0.38, -22.77, -3.42, -34.03
-0.22, -0.94, -0.36, -33.19, -5.95, -33.53
-0.15, -0.89, -0.37, -35.98, -6.77, -24.90
-0.08, -0.76, -0.43, -33.76, -10.34, -19.38
-0.10, -0.60, -0.42, -39.85, -17.13, -11.78
-0.09, -0.50, -0.50, -30.28, -9.97, 6.60
0.05, -0.42, -0.56, -29.79, -15.09, 22.88
0.05, -0.41, -0.56, -22.64, -19.50, 29.35
-0.07, -0.45, -0.58, -11.11, -14.02, 37.35
-0.17, -0.52, -0.59, -4.49, -5.47, 39.28
-0.26, -0.64, -0.55, 4.01, 1.18, 29.33
-0.36, -0.77, -0.47, 2.47, 18.63, 18.11
-0.38, -0.98, -0.44, 1.84, 30.86, 8.14
-0.32, -1.13, -0.47, -0.55, 32.83, -3.06
-0.23, -1.12, -0.52, 1.17, 24.94, -6.42
-0.16, -1.00, -0.50, 0.72, 15.66, -11.42
-0.15, -1.00, -0.45, -5.96, 2.60, -23.57
-0.20, -1.01, -0.40, -17.92, -3.38, -33.27
-0.24, -0.99, -0.29, -37.35, 1.25, -32.15
-0.20, -0.90, -0.30, -45.37, 2.99, -24.88
-0.13, -0.74, -0.39, -48.68, -6.75, -16.91
-0.09, -0.59, -0.41, -45.28, -24.34, -8.92
-0.04, -0.51, -0.48, -38.36, -37.91, 2.05
-0.01, -0.46, -0.54, -33.02, -48.81, 15.26
-0.00, -0.44, -0.56, -27.67, -42.29, 28.74
-0.00, -0.41, -0.63, -10.22, -31.55, 38.36
-0.06, -0.41, -0.63, -2.04, -30.50, 43.53
-0.18, -0.53, -0.64, 12.26, -14.91, 42.83
-0.33, -0.69, -0.61, 14.96, -5.92, 25.70
-0.45, -0.88, -0.57, 22.14, 23.65, 12.77
-0.44, -1.05, -0.55, 23.21, 50.47, 1.51
-0.39, -1.17, -0.49, 22.43, 64.00, -9.75
-0.39, -1.17, -0.41, 12.85, 63.40, -30.12
-0.37, -1.12, -0.32, -2.33, 61.01, -35.94
-0.21, -1.07, -0.32, -10.28, 52.81, -33.06
-0.04, -0.95, -0.28, -31.52, 26.34, -24.32
0.01, -0.84, -0.21, -51.86, -2.81, -7.15
0.07, -0.69, -0.26, -58.91, -31.60, 8.32
0.05, -0.53, -0.36, -57.71, -64.00, 13.72
-0.03, -0.43, -0.48, -48.73, -64.00, 18.08
-0.12, -0.41, -0.63, -31.41, -64.00, 17.52
-0.26, -0.44, -0.55, -28.72, -64.00, 12.74
-0.29, -0.54, -0.68, 2.47, 10.66, 25.60
-0.22, -0.59, -0.84, 23.75, 34.74, 25.69
-0.29, -0.68, -0.71, 18.93, 53.43, 22.06
-0.29, -0.81, -0.54, 17.77, 58.28, 21.66
-0.23, -0.96, -0.44, 19.73, 53.77, 14.89
-0.24, -1.06, -0.47, 23.94, 32.79, -6.33
-0.34, -1.12, -0.39, 11.82, 29.35, -18.83
-0.33, -1.12, -0.35, 9.24, 41.58, -21.72
-0.27, -1.02, -0.30, -9.82, 42.92, -27.49
-0.23, -0.93, -0.20, -26.60, 41.53, -21.01
-0.11, -0.85, -0.18, -44.45, 19.84, -11.77
-0.01, -0.77, -0.21, -60.23, -27.71, -6.85
0.01, -0.68, -0.31, -64.00, -63.43, 1.56
-0.01, -0.56, -0.46, -54.87, -64.00, 7.22
-0.10, -0.47, -0.59, -42.36, -64.00, 8.16
-0.30, -0.46, -0.68, -25.58, -47.76, 1.22
-0.27, -0.50, -0.86, 9.50, 22.46, 16.91
-0.17, -0.56, -0.90, 25.55, 56.78, 18.21
-0.15, -0.69, -0.75, 23.39, 64.00, 24.20
-0.14, -0.85, -0.59, 21.52, 64.00, 27.15
-0.15, -0.95, -0.53, 26.78, 48.21, 15.00
-0.30, -1.03, -0.42, 18.41, 34.85, -3.14
-0.36, -1.08, -0.42, 26.18, 41.67, -18.09
-0.38, -1.07, -0.32, 6.52, 41.91, -36.45
-0.41, -1.06, -0.14, -18.89, 63.34, -35.54
-0.23, -1.00, -0.15, -30.49, 64.00, -24.45
-0.02, -0.83, -0.18, -44.63, 28.06, -13.04
0.09, -0.68, -0.20, -58.50, -30.09, -0.01
0.11, -0.57, -0.32, -60.15, -64.00, 10.94
0.03, -0.46, -0.45, -50.09, -64.00, 11.97
-0.10, -0.43, -0.58, -37.02, -64.00, 11.44
-0.21, -0.45, -0.72, -12.65, -21.87, 13.50
-0.29, -0.52, -0.74, -4.56, 12.49, 11.44
-0.24, -0.67, -0.78, 11.93, 52.29, 20.20
-0.11, -0.79, -0.78, 20.61, 64.00, 20.52
-0.04, -0.87, -0.69, 20.94, 63.08, 23.74
-0.03, -0.97, -0.54, 19.93, 44.80, 25.41
-0.10, -1.08, -0.52, 31.89, 29.36, 7.84
-0.33, -1.15, -0.44, 25.71, 13.99, -25.97
-0.58, -1.19, -0.22, -4.14, 41.03, -46.00
-0.52, -1.16, -0.14, -16.63, 64.00, -45.48
-0.22, -1.00, -0.17, -27.56, 64.00, -36.94
0.07, -0.82, -0.16, -48.48, 24.69, -19.69
0.18, -0.70, -0.22, -63.40, -32.38, -0.54
0.17, -0.55, -0.32, -62.70, -64.00, 9.59
0.05, -0.38, -0.47, -51.41, -64.00, 9.88
-0.10, -0.32, -0.61, -38.76, -63.71, 12.55
-0.18, -0.35, -0.74, -17.19, -22.77, 15.43
-0.23, -0.45, -0.78, -6.07, 12.01, 19.64
-0.20, -0.64, -0.75, -0.44, 47.66, 26.82
-0.12, -0.79, -0.73, 2.80, 61.31, 26.39
-0.02, -0.87, -0.67, 12.69, 59.49, 34.32
0.05, -0.96, -0.59, 23.69, 35.54, 36.49
-0.02, -1.13, -0.58, 41.97, 3.18, 13.05
-0.35, -1.24, -0.36, 16.48, 2.98, -25.63
-0.63, -1.30, -0.13, -13.00, 42.84, -39.44
-0.52, -1.19, -0.15, -25.23, 64.00, -48.01
-0.20, -0.98, -0.15, -42.18, 62.88, -41.20
0.07, -0.85, -0.19, -57.42, 14.79, -25.31
0.18, -0.72, -0.27, -64.00, -50.32, -14.04
0.13, -0.56, -0.38, -63.81, -64.00, -5.91
0.00, -0.41, -0.49, -57.30, -64.00, -1.05
-0.06, -0.30, -0.67, -40.43, -46.74, 13.21
-0.09, -0.26, -0.77, -19.84, -10.62, 16.69
-0.12, -0.33, -0.79, -1.56, 17.35, 25.05
-0.14, -0.55, -0.73, 2.19, 36.87, 28.22
-0.10, -0.80, -0.71, 6.52, 50.79, 27.61
-0.01, -0.88, -0.66, 10.58, 51.22, 34.47
0.04, -0.98, -0.54, 16.34, 31.29, 37.68
-0.00, -1.11, -0.51, 27.53, -3.46, 22.73
-0.24, -1.21, -0.48, 33.61, -1.57, -14.82
-0.56, -1.25, -0.21, -3.91, 18.63, -41.96
-0.61, -1.22, -0.19, -15.26, 64.00, -46.41
-0.28, -1.04, -0.25, -20.20, 64.00, -43.78
0.05, -0.86, -0.26, -32.62, 47.31, -30.11
0.19, -0.77, -0.26, -49.43, -17.01, -13.66
0.17, -0.65, -0.30, -61.66, -64.00, -5.76
0.07, -0.51, -0.40, -58.59, -64.00, -1.03
-0.06, -0.38, -0.47, -58.48, -64.00, 5.22
-0.13, -0.34, -0.57, -50.83, -51.48, 18.03
-0.11, -0.33, -0.71, -27.87, -14.53, 25.99
-0.11, -0.39, -0.79, -14.68, 8.52, 30.85
-0.11, -0.57, -0.81, -5.71, 25.68, 34.11
-0.09, -0.73, -0.81, 2.04, 40.11, 37.54
-0.05, -0.85, -0.77, 16.95, 42.32, 39.50
-0.04, -0.97, -0.63, 30.93, 26.58, 28.38
-0.20, -1.18, -0.55, 37.08, 20.14, -0.39
-0.47, -1.34, -0.28, 7.71, 29.85, -29.12
-0.56, -1.38, -0.18, -12.62, 60.87, -41.24
-0.34, -1.17, -0.23, -15.45, 64.00, -44.85
-0.04, -0.96, -0.25, -23.82, 55.04, -39.31
0.12, -0.84, -0.25, -37.83, 4.69, -27.00
0.16, -0.74, -0.25, -51.57, -46.67, -15.00
0.10, -0.58, -0.31, -58.06, -64.00, -8.60
-0.03, -0.43, -0.40, -57.89, -64.00, -5.68
-0.14, -0.32, -0.49, -55.33, -64.00, 2.87
-0.14, -0.27, -0.66, -36.95, -23.79, 15.75
-0.07, -0.26, -0.75, -18.83, -4.04, 21.07
-0.02, -0.38, -0.80, -3.08, 18.23, 35.82
0.01, -0.59, -0.79, 3.81, 22.74, 40.84
0.02, -0.77, -0.76, 15.95, 24.65, 46.24
0.01, -0.92, -0.69, 26.85, 10.92, 41.39
-0.07, -1.09, -0.61, 37.79, -3.97, 18.34
-0.31, -1.26, -0.47, 31.37, 5.89, -8.48
-0.57, -1.34, -0.27, 1.65, 33.73, -31.21
-0.53, -1.26, -0.26, -4.72, 60.99, -46.13
-0.30, -1.09, -0.23, -17.49, 64.00, -47.30
-0.03, -0.96, -0.25, -24.47, 37.36, -37.42
0.13, -0.86, -0.25, -41.85, -13.99, -24.63
0.13, -0.70, -0.30, -52.02, -63.50, -15.77
0.06, -0.51, -0.42, -51.26, -64.00, -4.73
-0.02, -0.34, -0.49, -48.67, -64.00, 2.67
-0.10, -0.26, -0.57, -43.69, -52.56, 9.04
-0.12, -0.24, -0.69, -26.63, -17.44, 18.50
-0.09, -0.29, -0.80, -6.69, 8.03, 24.45
-0.13, -0.47, -0.79, -2.25, 21.30, 25.99
-0.12, -0.71, -0.80, 8.25, 41.27, 30.94
-0.06, -0.85, -0.74, 15.13, 49.64, 33.81
-0.04, -0.99, -0.62, 21.77, 43.46, 31.76
-0.04, -1.14, -0.57, 33.94, 24.29, 18.87
-0.19, -1.26, -0.46, 27.74, 12.84, -8.90
-0.42, -1.33, -0.24, -0.24, 20.96, -31.40
-0.50, -1.27, -0.18, -16.57, 48.92, -45.96
-0.29, -1.09, -0.20, -24.54, 55.82, -45.02
-0.03, -0.91, -0.22, -38.72, 32.98, -34.48
0.14, -0.78, -0.24, -52.63, -17.04, -17.97
0.16, -0.63, -0.32, -60.09, -63.02, -6.24
0.10, -0.43, -0.44, -58.78, -64.00, -1.93
0.00, -0.30, -0.57, -52.05, -64.00, 5.80
-0.07, -0.26, -0.72, -30.53, -40.54, 12.48
-0.13, -0.29, -0.83, -9.92, -0.16, 15.65
-0.13, -0.46, -0.88, 4.10, 40.02, 22.35
-0.11, -0.67, -0.83, 6.55, 63.65, 26.60
-0.06, -0.83, -0.73, 9.63, 64.00, 32.09
0.03, -1.00, -0.61, 19.39, 52.22, 33.73
-0.01, -1.14, -0.55, 31.79, 24.66, 9.51
-0.20, -1.31, -0.34, 12.05, 14.87, -12.14
-0.41, -1.37, -0.18, -10.61, 19.06, -35.33
-0.41, -1.24, -0.23, -15.87, 38.64, -45.26
-0.23, -1.02, -0.23, -26.71, 43.05, -45.22
-0.03, -0.88, -0.27, -33.62, 29.27, -33.52
0.09, -0.77, -0.28, -43.86, -11.40, -20.27
0.11, -0.61, -0.32, -54.77, -51.75, -9.89
0.08, -0.41, -0.42, -54.53, -64.00, -0.62
0.01, -0.29, -0.55, -47.48, -64.00, 4.88
-0.06, -0.24, -0.70, -33.49, -33.64, 9.50
-0.10, -0.28, -0.80, -10.86, 3.81, 17.72
-0.09, -0.46, -0.82, -2.40, 34.59, 26.09
-0.04, -0.65, -0.80, 4.24, 47.72, 30.77
0.00, -0.82, -0.73, 12.05, 50.45, 34.75
0.01, -0.96, -0.63, 21.36, 35.65, 24.98
-0.06, -1.16, -0.52, 20.78, 30.15, 11.17
-0.19, -1.31, -0.39, 11.46, 26.97, -8.98
-0.31, -1.32, -0.31, -5.11, 28.11, -27.15
-0.31, -1.19, -0.27, -15.13, 38.34, -41.13
-0.18, -1.03, -0.27, -20.90, 38.81, -41.54
-0.04, -0.93, -0.27, -29.61, 16.30, -40.59
0.06, -0.85, -0.28, -37.50, -12.11, -32.34
0.08, -0.69, -0.34, -46.30, -49.44, -21.19
0.06, -0.54, -0.43, -47.27, -56.49, -11.18
0.06, -0.36, -0.54, -40.57, -51.44, -5.34
0.02, -0.25, -0.65, -33.02, -25.14, 5.33
0.02, -0.26, -0.78, -16.09, 4.46, 16.77
0.00, -0.36, -0.80, -5.00, 25.26, 23.70
-0.01, -0.56, -0.73, -1.54, 32.04, 31.08
-0.00, -0.74, -0.66, -1.20, 29.84, 33.12
0.05, -0.88, -0.62, 8.36, 17.63, 34.07
0.02, -1.02, -0.59, 24.29, 13.12, 22.13
-0.18, -1.19, -0.41, 12.05, 9.34, 0.71
-0.30, -1.32, -0.30, -1.28, 23.56, -12.71
-0.33, -1.26, -0.24, -19.34, 23.86, -31.34
-0.22, -1.10, -0.24, -28.29, 28.23, -33.41
-0.03, -0.95, -0.27, -31.40, 5.27, -34.50
0.08, -0.87, -0.31, -37.38, -26.66, -32.55
0.10, -0.80, -0.37, -37.73, -59.93, -26.51
0.06, -0.69, -0.43, -35.09, -64.00, -18.87
-0.00, -0.55, -0.42, -38.07, -64.00, -9.64
-0.01, -0.42, -0.44, -41.26, -47.63, 2.02
0.00, -0.34, -0.50, -46.36, -41.47, 9.46
0.02, -0.35, -0.64, -34.94, -23.30, 23.41
0.08, -0.38, -0.74, -16.43, -20.84, 28.15
0.08, -0.45, -0.78, -4.85, -12.87, 39.15
-0.00, -0.62, -0.70, 0.17, -11.51, 40.27
-0.10, -0.78, -0.63, 8.62, -1.79, 38.64
-0.15, -0.94, -0.56, 15.24, -2.27, 30.52
-0.20, -1.10, -0.47, 10.10, -4.25, 14.79
-0.24, -1.20, -0.46, 3.75, -12.27, 0.81
-0.29, -1.18, -0.44, -7.00, -16.88, -17.30
-0.35, -1.08, -0.39, -14.09, -2.57, -27.04
-0.28, -1.02, -0.36, -19.50, 1.79, -35.75
-0.14, -1.00, -0.36, -25.55, -14.21, -39.02
-0.09, -0.93, -0.38, -33.97, -43.07, -38.41
-0.05, -0.79, -0.49, -32.00, -45.89, -26.48
0.08, -0.55, -0.63, -18.83, -34.30, -13.73
0.08, -0.39, -0.61, -21.53, -34.78, -12.45
0.02, -0.36, -0.62, -28.84, -14.95, 0.37
0.07, -0.42, -0.74, -25.63, 5.26, 18.84
0.08, -0.47, -0.82, -8.12, 17.87, 27.69
0.04, -0.49, -0.78, 0.39, 30.40, 38.89
-0.05, -0.61, -0.64, 3.44, 29.71, 40.37
-0.10, -0.83, -0.54, 14.34, 19.04, 33.71
-0.12, -1.05, -0.46, 20.19, -0.55, 19.16
-0.21, -1.25, -0.34, 10.72, -25.70, -3.91
-0.40, -1.28, -0.23, -4.78, -22.67, -26.39
-0.52, -1.19, -0.12, -29.45, -0.47, -44.16
-0.40, -1.07, -0.17, -38.76, 13.74, -47.51
-0.15, -0.90, -0.30, -42.38, -1.79, -41.10
0.06, -0.74, -0.38, -43.96, -29.47, -26.00
0.13, -0.56, -0.47, -43.53, -61.53, -3.64
0.14, -0.41, -0.56, -38.03, -61.79, 13.43
0.13, -0.29, -0.63, -36.09, -62.62, 24.75
0.04, -0.26, -0.76, -18.00, -40.56, 28.01
-0.07, -0.28, -0.83, 0.61, -14.65, 35.25
-0.18, -0.44, -0.79, 11.60, 17.82, 32.91
-0.22, -0.71, -0.69, 20.24, 46.92, 33.86
-0.19, -0.97, -0.58, 22.05, 45.29, 31.85
-0.11, -1.21, -0.46, 19.74, 12.97, 22.34
-0.16, -1.29, -0.37, 14.66, -27.38, -5.37
-0.42, -1.26, -0.21, -5.80, -33.29, -34.72
-0.57, -1.22, -0.07, -31.86, -2.03, -48.83
-0.39, -1.14, -0.16, -38.87, 14.63, -51.97
-0.12, -0.99, -0.30, -46.69, -4.33, -48.56
0.03, -0.81, -0.41, -50.23, -33.39, -34.46
0.09, -0.65, -0.52, -46.91, -45.39, -11.88
0.11, -0.47, -0.54, -43.82, -64.00, -3.44
0.06, -0.36, -0.62, -36.53, -63.16, 4.05
0.05, -0.33, -0.73, -30.45, -41.48, 21.42
-0.01, -0.34, -0.76, -18.63, -20.32, 25.47
-0.15, -0.38, -0.72, -10.37, 9.29, 35.99
-0.21, -0.53, -0.68, -2.67, 26.45, 38.91
-0.22, -0.69, -0.60, 4.67, 22.17, 33.43
-0.21, -0.89, -0.51, 16.01, 15.48, 25.68
-0.22, -1.09, -0.39, 9.31, -8.63, 9.99
-0.29, -1.25, -0.28, -4.94, -23.12, -6.75
-0.36, -1.27, -0.24, -15.96, -23.13, -24.46
-0.40, -1.19, -0.24, -30.42, -7.32, -37.01
-0.34, -1.07, -0.30, -37.60, -10.79, -47.92
-0.24, -0.94, -0.39, -44.54, -19.70, -48.08
-0.09, -0.81, -0.51, -36.10, -12.05, -32.40
0.02, -0.64, -0.57, -31.85, -19.18, -23.31
-0.00, -0.51, -0.53, -37.67, -25.38, -7.44
0.02, -0.41, -0.58, -31.88, -24.01, 11.62
0.04, -0.34, -0.64, -29.61, -32.27, 20.63
-0.06, -0.35, -0.65, -20.65, -29.66, 22.09
-0.17, -0.42, -0.62, -6.81, -12.12, 27.51
-0.25, -0.57, -0.56, 3.16, 5.55, 20.39
-0.31, -0.80, -0.52, 9.44, 25.50, 11.24
-0.28, -0.99, -0.51, 8.99, 30.57, 4.06
-0.20, -1.09, -0.48, 1.73, 24.10, 0.65
-0.14, -1.07, -0.44, 0.00, 8.50, -4.59
-0.13, -1.00, -0.41, -0.88, -9.11, -12.38
-0.15, -0.98, -0.39, -7.92, -26.57, -22.67
-0.18, -1.02, -0.36, -22.15, -36.17, -27.08
-0.22, -0.98, -0.37, -25.61, -35.79, -25.51
-0.23, -0.80, -0.42, -24.20, -22.53, -20.10
-0.21, -0.62, -0.42, -26.95, -16.05, -12.74
-0.15, -0.49, -0.44, -28.16, -6.19, 1.95
-0.03, -0.40, -0.50, -31.39, -17.24, 24.75
0.02, -0.37, -0.52, -34.94, -30.83, 34.44
-0.03, -0.38, -0.54, -23.09, -44.26, 38.29
-0.09, -0.46, -0.61, -12.66, -38.96, 42.06
-0.17, -0.62, -0.69, -3.71, -28.98, 34.54
-0.25, -0.80, -0.70, 9.99, -5.17, 33.19
-0.29, -0.98, -0.69, 24.55, 9.95, 21.85
-0.35, -1.14, -0.62, 24.90, 22.19, 8.52
-0.42, -1.24, -0.47, 15.01, 36.17, -10.49
-0.50, -1.21, -0.37, 6.11, 47.18, -31.27
-0.51, -1.12, -0.26, -14.56, 54.30, -46.35
-0.35, -1.04, -0.24, -23.54, 51.42, -40.80
-0.12, -0.91, -0.26, -35.73, 28.17, -28.16
-0.00, -0.75, -0.26, -45.32, -4.45, -8.87
0.00, -0.57, -0.29, -55.39, -36.94, 4.20
-0.04, -0.41, -0.36, -50.52, -56.46, 11.29
-0.08, -0.30, -0.51, -42.07, -49.09, 21.69
-0.08, -0.27, -0.66, -17.12, -28.87, 29.83
-0.10, -0.33, -0.76, 3.14, -5.37, 35.35
-0.13, -0.52, -0.72, 10.28, 10.51, 36.12
-0.20, -0.75, -0.68, 9.56, 24.43, 32.81
-0.27, -0.92, -0.62, 16.20, 36.63, 26.64
-0.32, -1.08, -0.56, 19.78, 34.59, 12.51
-0.37, -1.20, -0.47, 21.12, 28.83, -9.58
-0.44, -1.24, -0.38, 16.12, 36.75, -24.22
-0.40, -1.19, -0.35, 16.11, 49.82, -40.78
-0.34, -1.09, -0.21, -9.11, 48.26, -48.82
-0.26, -1.02, -0.14, -29.26, 41.22, -41.52
-0.09, -0.91, -0.13, -49.53, 10.71, -26.35
-0.00, -0.74, -0.16, -64.00, -26.77, -9.29
0.01, -0.55, -0.26, -64.00, -53.53, 4.59
-0.02, -0.36, -0.40, -62.90, -64.00, 9.01
-0.11, -0.21, -0.56, -47.15, -64.00, 11.25
-0.16, -0.20, -0.70, -19.57, -42.76, 18.87
-0.15, -0.31, -0.81, 4.65, -5.38, 26.00
-0.14, -0.54, -0.83, 18.55, 16.96, 27.90
-0.17, -0.77, -0.76, 24.94, 34.29, 29.07
-0.20, -0.96, -0.63, 26.40, 32.07, 23.92
-0.18, -1.14, -0.52, 29.55, 36.24, 15.07
-0.27, -1.25, -0.38, 16.53, 15.36, -7.75
-0.41, -1.27, -0.28, 5.06, 17.83, -25.60
-0.41, -1.17, -0.26, 0.00, 25.29, -37.92
-0.30, -1.05, -0.22, -13.13, 25.27, -43.27
-0.22, -0.97, -0.18, -32.37, 12.61, -37.96
-0.11, -0.87, -0.18, -49.68, -14.92, -23.18
-0.05, -0.72, -0.23, -60.27, -45.11, -8.58
-0.05, -0.52, -0.35, -63.96, -64.00, 4.76
-0.09, -0.35, -0.50, -53.54, -64.00, 8.89
-0.14, -0.26, -0.61, -36.43, -57.48, 16.46
-0.14, -0.27, -0.76, -12.49, -27.46, 25.67
-0.16, -0.37, -0.84, 6.50, -0.34, 29.81
-0.19, -0.56, -0.83, 18.05, 20.24, 30.56
-0.23, -0.76, -0.75, 23.80, 32.74, 27.21
-0.25, -0.96, -0.63, 26.63, 40.61, 20.46
-0.28, -1.13, -0.51, 22.53, 39.15, 5.98
-0.37, -1.25, -0.36, 8.53, 34.54, -13.79
-0.43, -1.25, -0.29, -2.62, 37.05, -26.47
-0.35, -1.12, -0.27, -10.98, 43.29, -34.85
-0.25, -1.00, -0.25, -18.83, 36.17, -34.69
-0.10, -0.91, -0.21, -31.23, 13.87, -27.10
-0.05, -0.84, -0.18, -45.74, -17.14, -18.98
-0.05, -0.72, -0.21, -54.87, -42.93, -9.34
-0.08, -0.57, -0.29, -54.73, -57.49, 0.44
-0.12, -0.42, -0.40, -50.63, -57.69, 7.95
-0.10, -0.33, -0.56, -37.84, -43.02, 21.35
-0.08, -0.30, -0.69, -14.41, -26.58, 19.65
-0.08, -0.35, -0.78, 7.17, -9.23, 26.91
-0.12, -0.53, -0.77, 18.35, 9.97, 25.58
-0.19, -0.76, -0.71, 22.35, 26.40, 22.96
-0.21, -0.97, -0.61, 21.65, 29.73, 20.90
-0.19, -1.10, -0.53, 21.69, 25.20, 8.73
-0.24, -1.20, -0.42, 17.11, 16.38, -7.96
-0.36, -1.24, -0.32, 5.27, 20.60, -27.87
-0.41, -1.21, -0.24, -8.44, 35.31, -38.03
-0.34, -1.12, -0.21, -20.74, 40.30, -41.65
-0.18, -0.99, -0.23, -30.91, 23.48, -32.76
-0.06, -0.88, -0.21, -44.02, -13.79, -17.83
-0.03, -0.73, -0.20, -56.19, -46.06, -5.70
-0.08, -0.53, -0.26, -61.47, -64.00, -0.47
-0.16, -0.39, -0.35, -54.66, -64.00, 5.30
-0.14, -0.30, -0.53, -39.61, -38.34, 22.07
-0.13, -0.28, -0.63, -17.81, -27.85, 21.86
-0.13, -0.34, -0.70, 1.41, -9.05, 30.63
-0.11, -0.51, -0.74, 11.70, -2.47, 32.92
-0.14, -0.74, -0.70, 17.30, 8.69, 28.01
-0.19, -0.93, -0.64, 21.87, 12.97, 21.59
-0.25, -1.10, -0.56, 18.35, 21.00, 12.53
-0.29, -1.22, -0.50, 16.99, 21.43, 2.17
-0.41, -1.23, -0.39, 5.76, 21.85, -17.12
-0.49, -1.18, -0.29, -8.31, 39.65, -29.00
-0.39, -1.10, -0.26, -14.48, 47.07, -34.79
-0.26, -1.00, -0.21, -30.78, 32.64, -35.09
-0.15, -0.92, -0.19, -45.34, 0.69, -25.44
-0.11, -0.80, -0.19, -57.96, -37.06, -14.87
-0.10, -0.62, -0.25, -64.00, -55.16, -1.88
-0.09, -0.43, -0.38, -55.89, -57.01, 8.50
-0.08, -0.26, -0.51, -46.17, -44.32, 21.76
-0.03, -0.23, -0.65, -27.24, -28.47, 31.43
-0.05, -0.29, -0.73, -1.27, -20.94, 33.55
-0.14, -0.45, -0.75, 10.15, -4.70, 32.39
-0.22, -0.71, -0.73, 17.64, 11.03, 28.85
-0.27, -0.91, -0.65, 16.62, 25.96, 25.19
-0.29, -1.08, -0.55, 18.29, 28.30, 16.75
-0.29, -1.20, -0.46, 16.00, 25.35, 2.93
-0.37, -1.24, -0.38, 10.28, 17.13, -17.12
-0.52, -1.19, -0.29, -9.37, 36.41, -34.34
-0.49, -1.10, -0.27, -12.91, 52.88, -39.72
-0.33, -0.97, -0.25, -18.18, 52.21, -38.71
-0.17, -0.89, -0.23, -34.20, 28.95, -26.49
-0.09, -0.79, -0.20, -51.34, -12.27, -10.67
-0.09, -0.64, -0.20, -63.34, -43.11, -1.28
-0.13, -0.45, -0.29, -63.91, -64.00, 1.02
-0.17, -0.33, -0.43, -57.19, -57.02, 11.52
-0.12, -0.28, -0.64, -28.66, -27.74, 22.39
-0.09, -0.27, -0.75, -1.82, -10.14, 23.88
-0.10, -0.40, -0.79, 12.49, 2.66, 31.25
-0.13, -0.64, -0.74, 16.65, 15.18, 33.57
-0.20, -0.87, -0.65, 17.79, 21.12, 27.32
-0.24, -1.02, -0.57, 15.82, 24.81, 19.98
-0.26, -1.17, -0.50, 12.33, 24.79, 8.64
-0.31, -1.24, -0.44, 11.72, 13.52, -9.16
-0.43, -1.22, -0.35, -2.15, 18.84, -23.67
-0.47, -1.15, -0.32, -8.61, 45.06, -32.25
-0.38, -1.02, -0.31, -14.12, 57.10, -35.42
-0.25, -0.90, -0.27, -23.74, 39.79, -29.93
-0.14, -0.82, -0.19, -41.15, 7.97, -19.24
-0.10, -0.69, -0.15, -58.36, -38.50, -12.12
-0.12, -0.57, -0.22, -64.00, -60.49, -5.61
-0.14, -0.41, -0.38, -56.57, -64.00, -0.04
-0.16, -0.30, -0.58, -38.31, -41.09, 12.47
-0.08, -0.27, -0.81, -2.33, -2.38, 23.03
-0.07, -0.32, -0.85, 19.98, 16.73, 27.43
-0.12, -0.52, -0.75, 19.25, 29.29, 31.93
-0.17, -0.78, -0.64, 12.67, 36.00, 31.13
-0.17, -0.97, -0.54, 6.96, 34.47, 30.05
-0.17, -1.07, -0.51, 10.79, 22.47, 20.85
-0.26, -1.15, -0.48, 15.88, 9.23, 2.14
-0.39, -1.20, -0.40, 14.04, 14.60, -13.89
-0.51, -1.19, -0.35, 9.29, 32.07, -29.76
-0.55, -1.12, -0.23, -9.34, 60.54, -40.05
-0.38, -1.01, -0.20, -15.91, 64.00, -34.31
-0.15, -0.86, -0.18, -30.85, 38.05, -23.88
-0.01, -0.74, -0.14, -58.27, -13.09, -7.82
0.03, -0.62, -0.20, -64.00, -53.68, 3.81
0.00, -0.45, -0.35, -60.04, -64.00, 7.04
-0.09, -0.31, -0.54, -46.63, -64.00, 9.49
-0.22, -0.29, -0.64, -26.98, -45.40, 6.28
-0.24, -0.37, -0.77, 0.50, 3.76, 17.53
-0.16, -0.47, -0.84, 16.89, 27.00, 23.06
-0.13, -0.71, -0.74, 15.98, 44.31, 27.58
-0.09, -0.89, -0.61, 12.83, 45.88, 34.09
-0.05, -1.05, -0.53, 17.86, 27.20, 30.55
-0.09, -1.15, -0.44, 11.64, -1.85, 17.58
-0.25, -1.22, -0.42, 19.40, -10.64, -8.21
-0.49, -1.19, -0.31, 12.20, -2.62, -29.48
-0.61, -1.17, -0.20, -3.21, 41.81, -39.70
-0.47, -1.11, -0.20, -8.68, 64.00, -40.76
-0.21, -0.94, -0.22, -20.15, 54.09, -28.29
-0.01, -0.78, -0.19, -44.25, 13.82, -6.53
0.04, -0.63, -0.20, -63.38, -35.95, 4.12
0.02, -0.44, -0.31, -62.87, -64.00, 6.54
-0.04, -0.27, -0.49, -56.10, -64.00, 14.09
-0.13, -0.22, -0.65, -38.92, -61.01, 17.46
-0.21, -0.26, -0.75, -5.74, -25.93, 17.85
-0.30, -0.41, -0.74, 3.67, -3.22, 15.83
-0.32, -0.70, -0.71, 11.77, 34.48, 18.52
-0.25, -0.93, -0.64, 14.53, 50.31, 19.28
-0.15, -1.12, -0.54, 16.62, 51.25, 18.59
-0.09, -1.21, -0.48, 14.86, 25.45, 12.34
-0.13, -1.23, -0.43, 11.56, 4.65, -0.50
-0.28, -1.19, -0.35, 9.04, -6.09, -22.66
-0.49, -1.13, -0.26, -3.27, 11.70, -35.26
-0.52, -1.08, -0.17, -17.70, 35.53, -38.98
-0.36, -1.00, -0.14, -34.94, 32.72, -37.30
-0.18, -0.85, -0.13, -60.85, 1.98, -23.32
-0.06, -0.68, -0.22, -64.00, -27.61, -0.54
0.03, -0.43, -0.42, -64.00, -46.19, 13.50
-0.00, -0.22, -0.61, -48.73, -51.51, 18.08
-0.08, -0.13, -0.76, -28.60, -40.82, 18.81
-0.17, -0.22, -0.80, -4.69, -9.05, 20.32
-0.25, -0.46, -0.75, 6.39, 24.28, 17.12
-0.26, -0.72, -0.69, 3.29, 49.76, 23.65
-0.18, -0.93, -0.62, 4.44, 62.62, 29.08
-0.10, -1.01, -0.52, 10.25, 58.34, 27.92
-0.05, -1.11, -0.46, 18.04, 30.99, 19.00
-0.09, -1.22, -0.42, 22.06, 3.65, 3.14
-0.28, -1.26, -0.33, 17.26, -5.85, -20.20
-0.51, -1.22, -0.22, -0.31, 3.72, -40.03
-0.57, -1.14, -0.13, -18.55, 33.34, -45.61
-0.40, -1.00, -0.12, -33.55, 41.73, -41.28
-0.17, -0.81, -0.12, -57.35, 13.86, -25.33
-0.02, -0.62, -0.22, -64.00, -24.08, -0.96
0.05, -0.41, -0.39, -64.00, -57.39, 10.20
0.03, -0.21, -0.60, -49.82, -63.49, 19.18
-0.03, -0.12, -0.76, -18.16, -47.27, 19.68
-0.16, -0.18, -0.78, 7.31, -21.09, 16.12
-0.26, -0.43, -0.73, 12.04, 10.62, 16.06
-0.25, -0.75, -0.72, 7.25, 41.62, 25.94
-0.17, -0.92, -0.68, 9.49, 53.02, 33.50
-0.08, -1.00, -0.59, 16.66, 54.51, 32.99
-0.04, -1.11, -0.52, 24.65, 31.22, 19.75
-0.15, -1.28, -0.46, 27.13, -0.68, -6.31
-0.42, -1.36, -0.28, 7.28, 2.04, -30.85
-0.61, -1.31, -0.19, -11.36, 35.31, -40.55
-0.49, -1.15, -0.21, -14.93, 59.10, -46.38
-0.24, -0.96, -0.20, -28.62, 45.94, -41.66
-0.06, -0.83, -0.17, -47.47, 5.62, -24.32
-0.00, -0.68, -0.21, -64.00, -34.06, -8.55
0.01, -0.48, -0.33, -64.00, -53.32, 6.80
0.00, -0.25, -0.49, -54.57, -56.96, 13.91
-0.05, -0.12, -0.63, -40.27, -40.37, 23.44
-0.10, -0.13, -0.73, -8.95, -19.83, 23.97
-0.16, -0.30, -0.73, 6.44, 2.30, 25.28
-0.22, -0.56, -0.69, 6.61, 17.16, 27.50
-0.19, -0.80, -0.65, 1.82, 27.60, 33.27
-0.11, -0.94, -0.61, 7.77, 28.57, 38.25
-0.05, -1.06, -0.56, 22.94, 14.99, 22.64
-0.14, -1.25, -0.50, 24.12, -0.13, -3.04
-0.34, -1.43, -0.35, -1.85, 4.33, -16.30
-0.50, -1.43, -0.30, -10.66, 32.13, -29.90
-0.46, -1.22, -0.31, -10.36, 53.67, -43.27
-0.32, -1.05, -0.27, -18.80, 49.12, -47.75
-0.11, -0.97, -0.22, -32.41, 19.31, -37.60
-0.01, -0.86, -0.22, -44.16, -15.38, -24.42
-0.01, -0.64, -0.21, -63.90, -51.67, -10.44
-0.05, -0.41, -0.28, -64.00, -61.93, 4.51
-0.06, -0.18, -0.47, -53.23, -55.25, 14.62
-0.10, -0.06, -0.63, -35.75, -37.03, 19.46
-0.12, -0.10, -0.75, -4.65, -18.20, 17.73
-0.14, -0.29, -0.77, 10.56, -4.38, 21.26
-0.18, -0.60, -0.74, 17.54, 8.34, 21.40
-0.17, -0.88, -0.69, 22.55, 27.54, 24.46
-0.12, -1.09, -0.60, 25.71, 31.54, 25.02
-0.11, -1.27, -0.51, 27.16, 19.34, 10.79
-0.22, -1.36, -0.42, 20.48, 8.30, -12.12
-0.44, -1.35, -0.29, -0.23, 7.81, -30.30
-0.53, -1.25, -0.26, -8.17, 34.61, -43.20
-0.42, -1.07, -0.23, -14.83, 40.07, -48.82
-0.24, -0.95, -0.22, -26.11, 28.33, -40.34
-0.07, -0.83, -0.23, -39.33, -5.91, -25.65
-0.03, -0.65, -0.27, -52.03, -34.63, -9.55
-0.03, -0.44, -0.34, -57.17, -48.46, 6.60
-0.02, -0.24, -0.47, -51.49, -49.80, 18.64
-0.05, -0.13, -0.58, -45.00, -43.57, 25.17
-0.10, -0.16, -0.69, -17.64, -26.67, 19.89
-0.14, -0.33, -0.75, 0.81, -6.16, 23.16
-0.17, -0.64, -0.79, 10.58, 10.48, 22.59
-0.18, -0.89, -0.74, 18.20, 34.08, 23.10
-0.15, -1.09, -0.63, 24.68, 49.99, 21.77
-0.11, -1.26, -0.52, 27.65, 46.49, 12.70
-0.17, -1.38, -0.40, 18.49, 24.05, -9.24
-0.34, -1.38, -0.27, -1.20, 18.13, -25.46
-0.45, -1.27, -0.22, -11.27, 31.19, -40.36
-0.40, -1.10, -0.21, -13.61, 39.13, -47.63
-0.23, -0.95, -0.19, -26.61, 23.39, -45.17
-0.11, -0.84, -0.16, -44.96, -1.72, -28.39
-0.04, -0.66, -0.18, -62.28, -35.01, -12.89
-0.01, -0.45, -0.28, -64.00, -51.64, 5.71
0.02, -0.20, -0.46, -53.89, -53.36, 18.91
-0.00, -0.07, -0.63, -43.40, -43.48, 28.25
-0.06, -0.09, -0.73, -9.94, -25.83, 24.30
-0.11, -0.26, -0.77, 6.61, -9.79, 23.89
-0.18, -0.60, -0.77, 8.02, 11.11, 22.65
-0.17, -0.88, -0.74, 12.07, 35.40, 29.69
-0.13, -1.06, -0.66, 19.07, 44.89, 31.42
-0.09, -1.24, -0.55, 32.71, 37.27, 15.18
-0.17, -1.41, -0.42, 24.97, 24.94, -2.82
-0.35, -1.46, -0.26, -1.68, 16.63, -19.23
-0.47, -1.32, -0.25, -6.59, 27.93, -39.27
-0.43, -1.10, -0.24, -10.74, 41.89, -46.64
-0.30, -0.96, -0.21, -20.73, 39.96, -43.02
-0.12, -0.84, -0.15, -42.48, 13.78, -31.21
-0.01, -0.70, -0.16, -62.78, -23.35, -13.32
0.03, -0.48, -0.25, -64.00, -52.84, 3.02
0.04, -0.27, -0.41, -64.00, -61.42, 19.82
0.03, -0.12, -0.61, -48.40, -51.53, 28.24
-0.03, -0.11, -0.73, -17.22, -41.56, 20.90
-0.12, -0.24, -0.79, 4.95, -20.55, 21.74
-0.17, -0.56, -0.80, 13.44, 9.15, 19.49
-0.19, -0.82, -0.75, 14.96, 27.18, 21.81
-0.18, -1.04, -0.65, 17.66, 53.79, 24.81
-0.11, -1.19, -0.56, 22.78, 49.84, 15.16
-0.12, -1.34, -0.46, 20.18, 40.54, -1.16
-0.21, -1.41, -0.34, 4.48, 20.37, -12.48
-0.33, -1.33, -0.31, -0.00, 17.95, -29.21
-0.40, -1.16, -0.25, -7.50, 29.07, -43.30
-0.35, -1.01, -0.24, -12.01, 37.65, -47.59
-0.21, -0.85, -0.20, -24.93, 24.14, -40.13
-0.08, -0.74, -0.15, -50.09, 1.00, -26.26
0.01, -0.54, -0.19, -64.00, -29.35, -5.34
0.07, -0.35, -0.31, -64.00, -49.91, 15.09
0.09, -0.16, -0.52, -58.35, -53.83, 32.06
0.05, -0.09, -0.72, -27.54, -45.03, 32.27
-0.08, -0.15, -0.78, 3.39, -33.41, 22.24
-0.20, -0.41, -0.77, 14.04, -0.57, 20.94
-0.23, -0.78, -0.75, 21.11, 26.94, 21.13
-0.21, -1.05, -0.65, 21.37, 53.65, 22.31
-0.14, -1.26, -0.54, 22.55, 48.09, 16.82
-0.13, -1.36, -0.49, 22.38, 39.13, -2.64
-0.24, -1.37, -0.34, 4.86, 25.04, -14.05
-0.32, -1.29, -0.31, 5.02, 27.56, -30.58
-0.35, -1.16, -0.25, -5.73, 33.01, -44.46
-0.30, -1.07, -0.23, -13.18, 37.23, -45.67
-0.17, -0.96, -0.22, -24.68, 19.18, -40.06
-0.07, -0.79, -0.21, -40.97, -4.73, -24.98
-0.02, -0.59, -0.21, -58.59, -31.18, -11.22
0.01, -0.38, -0.28, -64.00, -44.39, 4.11
0.04, -0.19, -0.45, -63.24, -44.64, 23.13
0.04, -0.13, -0.66, -47.49, -30.87, 31.97
0.02, -0.16, -0.80, -9.91, -21.28, 24.65
-0.08, -0.36, -0.80, 3.91, -4.00, 26.48
-0.17, -0.68, -0.77, 9.27, 23.36, 26.12
-0.14, -0.96, -0.72, 19.29, 46.97, 28.66
-0.11, -1.15, -0.59, 22.83, 41.59, 21.01
-0.14, -1.34, -0.47, 25.17, 41.75, 0.34
-0.23, -1.43, -0.33, 8.73, 33.51, -10.74
-0.32, -1.36, -0.29, -1.59, 33.80, -35.12
-0.37, -1.19, -0.26, -11.28, 46.46, -45.33
-0.27, -1.03, -0.26, -13.80, 52.08, -46.59
-0.12, -0.94, -0.24, -27.14, 32.50, -39.36
0.01, -0.82, -0.20, -47.41, -5.14, -25.37
0.05, -0.67, -0.23, -60.35, -34.60, -11.12
0.04, -0.45, -0.36, -55.59, -50.55, -3.44
0.00, -0.26, -0.49, -47.03, -45.29, 3.84
-0.03, -0.20, -0.66, -35.21, -19.37, 14.38
-0.03, -0.28, -0.77, -12.78, 4.68, 16.46
-0.04, -0.44, -0.77, -0.97, 24.12, 20.73
-0.04, -0.64, -0.73, 1.11, 35.54, 24.97
-0.03, -0.83, -0.70, 3.38, 44.44, 27.48
-0.01, -0.98, -0.63, 9.39, 40.01, 22.01
-0.05, -1.13, -0.54, 20.51, 37.35, 6.11
-0.13, -1.33, -0.39, 17.02, 31.96, -9.07
-0.24, -1.44, -0.29, 2.22, 31.90, -23.42
-0.31, -1.35, -0.24, -9.97, 41.65, -38.83
-0.24, -1.13, -0.24, -9.24, 48.76, -45.48
-0.11, -0.95, -0.25, -20.75, 33.86, -44.62
-0.01, -0.86, -0.21, -41.06, 3.74, -34.12
0.04, -0.72, -0.19, -63.91, -34.67, -20.77
0.09, -0.52, -0.29, -64.00, -50.64, -4.46
0.11, -0.27, -0.44, -52.14, -57.36, 4.70
0.07, -0.14, -0.61, -42.65, -41.30, 20.77
0.05, -0.15, -0.75, -14.83, -13.11, 25.94
0.01, -0.26, -0.76, -0.05, 1.93, 28.40
-0.02, -0.53, -0.71, 2.79, 17.17, 33.85
-0.01, -0.80, -0.63, 2.47, 22.13, 34.90
0.02, -0.99, -0.61, 8.33, 26.58, 35.34
0.01, -1.14, -0.52, 17.69, 21.54, 19.94
-0.10, -1.32, -0.42, 16.61, 19.07, -0.36
-0.23, -1.45, -0.32, 4.49, 12.60, -17.10
-0.35, -1.38, -0.30, -6.29, 25.94, -35.01
-0.31, -1.14, -0.30, -5.64, 43.34, -45.44
-0.15, -0.97, -0.34, -5.91, 43.26, -46.30
0.00, -0.86, -0.32, -17.04, 19.00, -33.55
0.08, -0.74, -0.27, -38.29, -12.65, -18.13
0.10, -0.59, -0.27, -54.09, -41.96, -0.67
0.12, -0.37, -0.33, -56.72, -55.09, 8.39
0.12, -0.20, -0.48, -56.09, -52.74, 23.21
0.05, -0.19, -0.64, -37.59, -37.99, 28.57
-0.03, -0.26, -0.76, -10.79, -20.49, 23.72
-0.08, -0.47, -0.76, -3.79, 1.99, 28.46
-0.08, -0.78, -0.76, 6.97, 22.78, 29.70
-0.03, -0.96, -0.73, 18.57, 39.27, 31.80
-0.01, -1.12, -0.59, 23.53, 32.24, 17.94
-0.08, -1.29, -0.47, 21.73, 36.22, 0.71
-0.19, -1.40, -0.27, -2.04, 28.29, -14.59
-0.27, -1.39, -0.23, -11.49, 27.97, -31.39
-0.21, -1.23, -0.25, -10.76, 28.19, -38.32
-0.12, -1.07, -0.25, -13.92, 12.14, -42.74
-0.02, -0.97, -0.23, -23.86, -18.12, -40.64
0.01, -0.87, -0.22, -38.08, -46.46, -35.07
-0.01, -0.68, -0.29, -41.05, -50.42, -23.75
-0.02, -0.46, -0.34, -42.18, -50.21, -14.68
0.01, -0.27, -0.45, -37.50, -42.42, 1.90
0.08, -0.20, -0.59, -41.79, -37.05, 25.65
0.14, -0.22, -0.67, -22.52, -20.98, 37.83
0.15, -0.24, -0.71, -8.46, -24.95, 40.91
0.09, -0.42, -0.67, -9.19, -27.68, 49.93
-0.00, -0.66, -0.63, -1.96, -25.45, 50.36
-0.07, -0.86, -0.60, 13.07, -18.79, 45.28
-0.13, -1.09, -0.52, 22.20, -17.10, 29.55
-0.26, -1.29, -0.38, 14.19, -11.02, 11.29
-0.39, -1.44, -0.25, -6.69, -2.43, -4.21
-0.41, -1.41, -0.27, -18.37, 5.60, -24.25
-0.32, -1.19, -0.31, -23.51, 16.72, -31.99
-0.16, -1.05, -0.34, -26.85, 1.86, -36.52
-0.06, -0.96, -0.37, -28.87, -27.27, -34.77
-0.01, -0.87, -0.41, -28.72, -52.03, -27.07
-0.03, -0.70, -0.46, -27.48, -59.89, -13.68
-0.02, -0.50, -0.55, -13.32, -39.53, 0.60
-0.06, -0.30, -0.60, -7.12, -24.21, 7.31
-0.01, -0.26, -0.70, -7.14, 13.35, 21.15
0.07, -0.32, -0.75, 0.69, 28.34, 25.08
0.06, -0.42, -0.69, -2.61, 30.30, 27.24
0.00, -0.66, -0.57, -8.86, 24.05, 36.24
0.01, -0.89, -0.50, -3.42, 7.04, 34.52
-0.01, -1.10, -0.47, 10.56, -18.93, 26.04
-0.10, -1.26, -0.45, 21.10, -45.63, 0.65
-0.40, -1.31, -0.31, 8.46, -34.03, -24.89
-0.64, -1.26, -0.15, -13.97, 4.58, -38.73
-0.51, -1.15, -0.16, -27.60, 49.86, -43.61
-0.23, -1.01, -0.19, -40.51, 35.56, -42.80
-0.01, -0.88, -0.27, -50.22, -7.50, -27.36
0.12, -0.75, -0.41, -49.54, -45.63, -6.12
0.11, -0.55, -0.51, -42.48, -64.00, -0.30
0.05, -0.37, -0.61, -30.08, -44.56, 7.78
0.02, -0.28, -0.65, -32.60, -24.73, 23.40
-0.02, -0.31, -0.74, -14.69, 7.81, 27.68
-0.08, -0.40, -0.71, -4.37, 26.02, 26.89
-0.14, -0.59, -0.64, -5.93, 48.69, 27.13
-0.10, -0.84, -0.59, -4.90, 54.04, 30.07
-0.00, -1.04, -0.50, 6.00, 31.33, 25.95
0.02, -1.25, -0.44, 15.40, -8.44, 11.70
-0.10, -1.39, -0.37, 20.34, -34.86, -15.21
-0.41, -1.37, -0.19, -2.16, -29.06, -35.78
-0.57, -1.26, -0.12, -15.48, 25.08, -49.93
-0.41, -1.10, -0.13, -23.72, 38.24, -58.25
-0.17, -0.94, -0.17, -37.38, 22.07, -46.18
0.04, -0.79, -0.22, -47.89, -18.65, -20.83
0.11, -0.56, -0.31, -48.85, -42.43, 6.24
0.09, -0.32, -0.40, -39.60, -64.00, 10.80
0.01, -0.16, -0.49, -38.40, -64.00, 20.95
-0.05, -0.17, -0.53, -29.69, -57.27, 27.78
-0.07, -0.23, -0.62, -4.28, -38.67, 26.83
-0.09, -0.38, -0.66, -1.56, -23.61, 26.29
-0.11, -0.69, -0.69, 4.82, -3.05, 26.83
-0.10, -0.97, -0.69, 15.71, 12.63, 26.53
-0.10, -1.21, -0.65, 20.68, 20.05, 25.88
-0.09, -1.35, -0.57, 15.21, 8.26, 21.26
-0.13, -1.37, -0.48, 16.38, -4.18, 3.21
-0.32, -1.27, -0.34, 5.92, -13.29, -26.55
-0.54, -1.21, -0.22, -15.86, 10.14, -38.44
-0.52, -1.16, -0.15, -29.21, 37.98, -48.16
-0.29, -1.00, -0.19, -33.37, 37.12, -44.13
-0.07, -0.79, -0.21, -47.53, 10.28, -23.08
0.04, -0.66, -0.27, -53.08, -19.74, -3.76
0.05, -0.47, -0.40, -44.39, -44.17, 5.11
0.05, -0.27, -0.49, -34.27, -53.75, 14.43
0.00, -0.21, -0.55, -33.05, -41.70, 23.87
-0.04, -0.27, -0.61, -12.19, -24.13, 21.10
-0.10, -0.39, -0.64, -2.64, -5.88, 21.81
-0.12, -0.62, -0.68, 1.03, 11.79, 26.56
-0.12, -0.89, -0.67, 9.34, 22.51, 24.75
-0.11, -1.09, -0.61, 16.69, 26.02, 21.21
-0.10, -1.27, -0.52, 16.62, 14.98, 14.32
-0.16, -1.34, -0.43, 17.40, 2.18, -2.02
-0.35, -1.30, -0.29, 6.69, -9.43, -28.05
-0.54, -1.24, -0.15, -16.93, 14.51, -39.88
-0.47, -1.17, -0.11, -26.75, 36.81, -46.29
-0.25, -1.01, -0.14, -38.64, 26.85, -41.60
-0.07, -0.81, -0.18, -56.84, -6.87, -19.90
0.01, -0.61, -0.29, -58.96, -34.28, 0.01
0.04, -0.37, -0.42, -46.28, -49.61, 7.66
0.02, -0.20, -0.55, -38.82, -49.04, 19.87
0.00, -0.17, -0.65, -26.75, -29.21, 30.00
-0.03, -0.23, -0.68, -2.40, -14.43, 24.50
-0.11, -0.41, -0.66, 4.47, 4.22, 24.61
-0.14, -0.71, -0.68, 5.34, 16.83, 26.95
-0.13, -0.98, -0.62, 11.67, 26.00, 25.21
-0.10, -1.19, -0.57, 20.32, 22.66, 17.22
-0.13, -1.35, -0.48, 15.24, 12.61, 8.58
-0.26, -1.40, -0.37, 10.53, 2.04, -14.07
-0.44, -1.31, -0.25, -2.38, 9.95, -31.48
-0.50, -1.21, -0.17, -16.20, 38.28, -44.85
-0.36, -1.10, -0.18, -23.23, 42.69, -48.14
-0.13, -0.92, -0.17, -39.34, 21.16, -37.03
-0.02, -0.76, -0.17, -56.37, -10.62, -16.62
0.01, -0.57, -0.25, -60.21, -44.74, -4.80
-0.02, -0.38, -0.40, -54.29, -63.86, 2.73
-0.00, -0.23, -0.55, -40.76, -48.58, 23.07
0.02, -0.18, -0.66, -27.11, -33.23, 29.83
-0.06, -0.24, -0.67, -1.34, -20.08, 22.27
-0.15, -0.42, -0.63, 1.65, -7.63, 23.49
-0.18, -0.74, -0.63, 1.87, 3.41, 21.74
-0.19, -1.02, -0.60, 4.37, 16.18, 15.03
-0.15, -1.22, -0.59, 10.46, 19.11, 15.00
-0.14, -1.29, -0.54, 8.82, 11.68, 6.75
-0.21, -1.26, -0.43, 8.10, 7.43, -9.42
-0.36, -1.19, -0.30, -3.91, 13.16, -25.69
-0.45, -1.17, -0.20, -19.01, 36.04, -35.74
-0.39, -1.11, -0.14, -29.76, 28.55, -44.10
-0.25, -0.98, -0.12, -43.25, 1.54, -40.42
-0.11, -0.83, -0.19, -53.97, -33.28, -27.71
0.03, -0.63, -0.34, -43.54, -42.60, -5.39
0.09, -0.42, -0.47, -32.90, -46.98, 9.70
0.09, -0.26, -0.52, -28.85, -44.07, 24.72
0.05, -0.25, -0.55, -30.40, -47.12, 31.59
-0.09, -0.33, -0.54, -19.04, -44.06, 21.74
-0.21, -0.49, -0.56, -10.91, -24.98, 22.99
-0.21, -0.68, -0.64, -1.38, -8.84, 24.14
-0.19, -0.90, -0.64, 9.72, 4.73, 16.80
-0.19, -1.07, -0.58, 16.19, 16.05, 10.66
-0.21, -1.23, -0.50, 11.90, 22.08, 5.10
-0.25, -1.29, -0.39, 0.04, 15.26, -5.05
-0.29, -1.23, -0.32, -8.69, 11.54, -18.81
-0.31, -1.14, -0.27, -16.31, 7.28, -28.53
-0.29, -1.08, -0.24, -24.33, -3.30, -39.17
-0.27, -1.01, -0.21, -34.89, -17.68, -40.76
-0.20, -0.90, -0.26, -38.98, -25.29, -30.90
-0.06, -0.74, -0.40, -29.64, -21.24, -14.18
0.02, -0.51, -0.46, -23.51, -22.16, 0.28
-0.02, -0.37, -0.43, -26.49, -19.92, 14.38
-0.03, -0.31, -0.44, -32.67, -29.50, 26.43
-0.09, -0.35, -0.44, -33.74, -37.81, 24.23
-0.18, -0.43, -0.46, -21.21, -29.40, 25.23
-0.19, -0.53, -0.55, -7.68, -14.24, 27.83
-0.19, -0.68, -0.59, 2.83, 1.19, 28.87
-0.20, -0.84, -0.56, 12.56, 8.32, 24.33
-0.24, -1.01, -0.51, 17.37, 16.15, 16.17
-0.28, -1.19, -0.42, 6.59, 14.20, 4.40
-0.34, -1.28, -0.37, -8.49, 11.75, -10.59
-0.37, -1.23, -0.33, -16.07, 11.94, -22.34
-0.30, -1.13, -0.36, -19.66, 15.81, -26.36
-0.21, -1.05, -0.37, -24.32, 8.70, -32.47
-0.17, -0.97, -0.37, -28.34, -2.84, -29.63
-0.15, -0.86, -0.38, -26.75, -7.80, -20.66
-0.11, -0.74, -0.37, -27.38, -13.01, -14.00
-0.09, -0.60, -0.35, -29.37, -12.69, -3.03
-0.08, -0.47, -0.36, -27.56, -14.48, 13.36
-0.08, -0.36, -0.38, -29.49, -22.83, 23.23
-0.11, -0.38, -0.40, -28.04, -26.67, 24.11
-0.17, -0.44, -0.43, -12.05, -20.06, 26.43
-0.19, -0.54, -0.50, -4.31, -8.02, 27.85
-0.18, -0.72, -0.54, 4.09, 4.24, 25.26
-0.18, -0.90, -0.57, 13.35, 12.20, 18.77
-0.20, -1.09, -0.56, 13.26, 16.20, 12.97
-0.25, -1.22, -0.49, 6.62, 13.95, 3.93
-0.34, -1.24, -0.40, -0.57, 11.61, -11.91
-0.41, -1.17, -0.33, -11.56, 17.89, -25.08
-0.41, -1.09, -0.29, -20.66, 24.35, -32.28
-0.31, -1.00, -0.28, -25.82, 19.96, -32.42
-0.20, -0.87, -0.26, -34.73, 2.07, -27.30
-0.11, -0.72, -0.26, -40.21, -15.87, -11.06
-0.04, -0.60, -0.36, -34.62, -23.64, 4.67
-0.18, -0.35, -0.42, -19.78, -29.38, 21.65
-0.22, -0.46, -0.44, -11.82, -19.14, 23.71
-0.20, -0.63, -0.50, -10.74, -9.47, 23.87
-0.18, -0.80, -0.56, -2.89, -0.29, 23.33
-0.16, -0.93, -0.60, 7.43, 5.11, 20.83
-0.18, -1.06, -0.58, 13.46, 0.07, 13.91
-0.38, -1.22, -0.40, 2.25, 6.06, -18.23
-0.47, -1.19, -0.29, -14.70, 22.80, -28.20
-0.44, -1.13, -0.26, -20.54, 36.88, -33.38
-0.29, -1.01, -0.24, -29.01, 25.99, -33.62
-0.18, -0.90, -0.22, -35.10, 1.28, -24.60
-0.09, -0.79, -0.22, -41.66, -22.70, -15.97
-0.09, -0.66, -0.30, -41.50, -26.78, 0.66
-0.04, -0.31, -0.40, -31.32, -29.15, 27.55
-0.11, -0.30, -0.44, -24.92, -43.84, 21.25
-0.20, -0.39, -0.43, -14.63, -36.26, 16.81
-0.21, -0.55, -0.51, -5.64, -24.31, 23.25
-0.21, -0.72, -0.60, -3.71, -8.21, 25.55
-0.22, -0.85, -0.62, 5.77, 4.27, 25.61
-0.21, -0.76, -0.53, -3.98, -8.28, 26.45
-0.22, -0.87, -0.59, 3.36, 2.38, 27.90
-0.24, -0.92, -0.58, 9.99, 6.92, 22.80
-0.28, -0.99, -0.52, 13.15, 8.04, 13.23
-0.36, -1.12, -0.42, 8.90, 4.38, -2.43
-0.48, -1.23, -0.32, -5.54, 9.38, -21.38
-0.51, -1.23, -0.26, -20.18, 31.62, -20.62
-0.24, -0.88, -0.57, 10.34, 21.02, 18.40
-0.24, -1.02, -0.52, 11.18, 26.16, 17.02
-0.26, -1.11, -0.44, 9.57, 20.50, 11.13
-0.11, -0.60, -0.41, -39.00, -34.25, 8.41
-0.08, -0.34, -0.49, -21.15, -23.81, 19.77
-0.14, -0.23, -0.47, -18.74, -22.98, 21.06
-0.24, -0.33, -0.46, -5.36, -20.44, 11.79
-0.26, -0.48, -0.49, 2.37, -8.95, 18.57
-0.35, -1.04, -0.44, 17.09, -1.60, 2.28
-0.55, -1.20, -0.28, 8.85, 4.57, -25.03
-0.70, -1.30, -0.19, -16.00, 48.94, -30.85
-0.54, -1.21, -0.20, -20.95, 64.00, -28.03
-0.25, -0.99, -0.25, -25.40, 64.00, -22.02
-0.11, -0.87, -0.19, -36.51, 23.10, -16.44
-0.09, -0.80, -0.17, -45.14, -16.91, -14.51
-0.13, -0.66, -0.20, -47.12, -50.20, -13.87
-0.20, -0.56, -0.27, -46.47, -52.52, -11.15
-0.19, -0.45, -0.44, -29.36, -26.32, 3.66
-0.10, -0.37, -0.57, -20.84, -4.40, 20.34
-0.09, -0.40, -0.61, -6.03, 5.51, 23.03
-0.16, -0.47, -0.58, 3.92, 5.50, 23.44
-0.20, -0.64, -0.55, 3.97, 14.58, 27.87
-0.21, -0.81, -0.56, 2.72, 18.43, 26.04
-0.21, -0.91, -0.55, 6.06, 15.02, 25.38
-0.24, -0.98, -0.51, 13.89, 0.79, 10.26
-0.39, -1.12, -0.38, 12.87, 6.30, -13.27
-0.58, -1.29, -0.20, -17.32, 63.66, -31.86
-0.37, -1.16, -0.25, -18.29, 64.00, -32.18
-0.17, -0.98, -0.28, -21.46, 40.71, -22.74
-0.12, -0.78, -0.17, -41.15, -24.11, -8.01
-0.18, -0.63, -0.16, -54.82, -42.62, -5.93
-0.25, -0.47, -0.21, -57.10, -43.07, -3.16
-0.24, -0.34, -0.39, -46.24, -25.70, 9.84
-0.16, -0.29, -0.59, -26.24, -0.50, 17.84
-0.09, -0.32, -0.72, 0.10, 10.86, 19.27
-0.09, -0.47, -0.74, 14.39, 13.22, 24.78
-0.11, -0.73, -0.71, 17.11, 21.28, 27.02
-0.16, -0.93, -0.62, 15.85, 23.80, 22.80
-0.23, -1.05, -0.53, 15.57, 19.52, 11.44
-0.34, -1.15, -0.44, 10.32, 21.63, -5.73
-0.45, -1.26, -0.34, 6.03, 33.48, -15.65
-0.46, -1.27, -0.33, 0.87, 44.34, -29.01
-0.45, -1.19, -0.26, -11.46, 59.06, -37.26
-0.34, -1.08, -0.24, -13.09, 63.87, -32.94
-0.18, -0.93, -0.21, -21.87, 41.87, -26.58
-0.12, -0.80, -0.12, -44.43, 10.70, -13.17
-0.12, -0.66, -0.09, -62.17, -17.24, -0.35
-0.10, -0.48, -0.21, -63.48, -35.21, 8.01
-0.07, -0.30, -0.36, -51.85, -42.47, 17.43
-0.08, -0.24, -0.55, -33.68, -36.70, 21.39
-0.14, -0.29, -0.62, -4.96, -21.29, 15.20
-0.19, -0.45, -0.64, 6.53, -4.95, 16.42
-0.19, -0.71, -0.66, 6.56, 8.95, 19.11
-0.18, -0.90, -0.65, 6.56, 29.26, 22.22
-0.16, -1.00, -0.62, 10.66, 39.75, 22.20
-0.12, -1.05, -0.54, 13.21, 32.61, 16.09
-0.14, -1.18, -0.47, 18.30, 12.79, 6.49
-0.28, -1.28, -0.39, 17.24, 0.09, -21.73
-0.56, -1.31, -0.20, -13.50, 12.61, -36.26
-0.60, -1.24, -0.16, -20.17, 60.74, -41.07
-0.35, -1.01, -0.22, -20.53, 64.00, -41.31
-0.12, -0.82, -0.18, -39.45, 36.08, -23.91
0.01, -0.72, -0.13, -57.95, -7.30, -3.76
0.01, -0.56, -0.21, -63.80, -42.29, 8.46
-0.03, -0.35, -0.35, -52.10, -58.06, 10.90
-0.10, -0.21, -0.50, -39.43, -49.13, 18.29
-0.18, -0.23, -0.63, -14.50, -20.58, 14.89
-0.23, -0.35, -0.67, 4.69, 6.40, 13.34
-0.24, -0.58, -0.66, 4.02, 31.49, 16.75
-0.17, -0.85, -0.64, -0.61, 42.33, 24.89
-0.09, -0.98, -0.65, -0.49, 42.78, 32.76
-0.02, -1.00, -0.64, 13.55, 22.78, 29.84
-0.07, -1.06, -0.56, 23.62, 6.00, 7.90
-0.30, -1.23, -0.38, 16.30, 6.31, -13.30
-0.54, -1.37, -0.21, -2.68, 20.19, -29.69
-0.62, -1.35, -0.12, -19.20, 58.17, -40.25
-0.46, -1.17, -0.12, -18.71, 64.00, -44.57
-0.16, -0.99, -0.16, -26.62, 44.98, -40.24
0.03, -0.85, -0.17, -41.66, -4.03, -21.53
0.07, -0.71, -0.22, -54.52, -43.62, -8.72
0.03, -0.48, -0.31, -54.94, -60.67, 1.98
-0.04, -0.28, -0.43, -47.46, -58.74, 10.59
-0.10, -0.17, -0.57, -39.53, -35.62, 24.29
-0.15, -0.18, -0.67, -13.58, -11.41, 20.00
-0.25, -0.30, -0.66, 0.78, 9.38, 19.35
-0.24, -0.56, -0.65, 1.94, 28.28, 23.74
-0.17, -0.83, -0.65, -1.83, 37.34, 32.41
-0.06, -0.93, -0.65, 4.23, 24.16, 44.15
-0.02, -0.98, -0.64, 27.01, -1.65, 28.37
-0.17, -1.11, -0.51, 35.98, -7.55, -9.78
-0.47, -1.37, -0.23, 0.90, 8.47, -17.49
-0.59, -1.52, -0.18, -14.83, 40.60, -29.39
-0.47, -1.34, -0.18, -24.74, 56.86, -41.18
-0.28, -1.11, -0.22, -22.12, 51.84, -42.29
-0.07, -0.98, -0.27, -27.30, 19.47, -38.28
0.00, -0.88, -0.29, -39.46, -19.07, -30.80
-0.01, -0.70, -0.35, -50.06, -36.64, -12.53
-0.02, -0.49, -0.40, -54.16, -33.19, 3.72
-0.06, -0.27, -0.48, -47.15, -20.14, 9.64
-0.09, -0.14, -0.62, -36.63, -2.54, 19.64
-0.12, -0.18, -0.71, -15.80, 17.90, 19.90
-0.16, -0.37, -0.70, -3.90, 29.35, 21.93
-0.17, -0.60, -0.65, -5.86, 43.00, 25.64
-0.10, -0.84, -0.62, -10.71, 30.89, 35.94
-0.05, -0.90, -0.59, 4.54, 12.96, 35.29
-0.10, -1.01, -0.52, 28.18, 12.03, 4.91
-0.33, -1.25, -0.31, 10.39, 22.98, -8.08
-0.48, -1.48, -0.21, -13.19, 37.38, -14.44
-0.44, -1.39, -0.25, -17.95, 46.62, -30.87
-0.33, -1.12, -0.22, -22.83, 51.33, -36.43
-0.17, -0.99, -0.23, -25.66, 41.85, -37.17
-0.03, -0.91, -0.23, -44.05, 6.05, -33.68
-0.01, -0.80, -0.32, -50.01, -21.82, -23.71
0.00, -0.60, -0.40, -53.94, -44.77, -14.25
-0.00, -0.41, -0.51, -42.22, -33.58, -5.37
-0.01, -0.25, -0.63, -29.55, -13.40, 5.34
-0.00, -0.22, -0.73, -18.55, 20.23, 19.76
-0.01, -0.33, -0.74, -1.12, 30.12, 22.33
-0.06, -0.50, -0.66, -1.58, 34.95, 28.62
-0.07, -0.72, -0.58, -6.38, 26.35, 31.86
-0.06, -0.86, -0.56, -3.61, 20.79, 29.82
-0.08, -0.96, -0.54, 11.69, 12.38, 22.14
-0.20, -1.11, -0.45, 16.13, 19.71, 3.75
-0.31, -1.29, -0.30, 6.57, 27.12, -4.61
-0.37, -1.35, -0.25, 1.60, 31.60, -21.59
-0.37, -1.23, -0.21, -9.80, 44.19, -34.30
-0.27, -1.07, -0.19, -13.86, 45.83, -37.01
-0.10, -0.95, -0.20, -23.82, 20.12, -35.43
0.04, -0.85, -0.22, -45.58, -20.49, -27.31
0.09, -0.69, -0.35, -49.19, -54.23, -11.83
0.09, -0.51, -0.48, -44.51, -64.00, -1.49
0.02, -0.33, -0.58, -37.06, -53.36, 7.21
-0.05, -0.24, -0.70, -27.98, -20.25, 18.94
-0.06, -0.25, -0.78, -7.08, 10.70, 23.35
-0.10, -0.36, -0.74, -2.25, 25.22, 26.11
-0.10, -0.62, -0.66, -2.57, 33.27, 32.39
-0.05, -0.83, -0.63, 0.01, 22.59, 35.20
-0.02, -0.98, -0.59, 11.11, 10.82, 30.01
-0.08, -1.14, -0.47, 18.47, 7.14, 12.85
-0.25, -1.31, -0.31, 5.46, 7.12, -5.17
-0.40, -1.39, -0.21, -8.49, 22.10, -19.13
-0.41, -1.30, -0.19, -14.32, 35.47, -33.45
-0.29, -1.12, -0.23, -14.57, 37.17, -38.02
-0.14, -0.98, -0.25, -20.82, 19.37, -41.24
0.03, -0.89, -0.31, -28.82, -9.54, -32.01
0.08, -0.77, -0.39, -32.83, -35.35, -21.15
0.07, -0.59, -0.46, -35.73, -45.46, -10.01
0.04, -0.38, -0.53, -31.08, -33.67, 1.64
0.02, -0.25, -0.57, -31.79, -18.67, 15.07
0.00, -0.21, -0.62, -31.36, 2.27, 33.80
-0.02, -0.24, -0.59, -20.39, 2.51, 33.96
-0.06, -0.36, -0.50, -20.88, -7.14, 44.69
-0.05, -0.56, -0.47, -16.85, -26.03, 55.21
-0.05, -0.73, -0.43, -7.56, -50.06, 54.62
-0.12, -0.84, -0.40, 3.35, -55.14, 42.46
-0.24, -0.94, -0.35, 1.11, -49.44, 32.72
-0.33, -0.99, -0.36, -0.72, -29.22, 31.30
-0.31, -0.98, -0.42, 2.82, -18.81, 26.65
-0.27, -0.96, -0.42, -1.61, -21.85, 21.38
-0.21, -0.98, -0.44, -3.99, -28.93, 17.81
-0.17, -0.98, -0.45, -9.64, -39.86, 11.79
-0.16, -0.95, -0.47, -10.07, -44.37, 8.69
-0.18, -0.89, -0.50, -9.53, -40.69, 3.52
-0.22, -0.85, -0.51, -7.44, -33.16, 0.84
-0.24, -0.83, -0.50, -7.20, -22.37, 0.39
-0.24, -0.83, -0.48, -9.91, -13.73, -0.60
-0.21, -0.83, -0.44, -14.30, -14.04, 0.94
-0.19, -0.81, -0.43, -15.49, -15.66, 2.65
-0.18, -0.77, -0.44, -17.19, -17.72, 6.15
-0.20, -0.76, -0.45, -14.54, -19.69, 6.85
-0.22, -0.76, -0.45, -12.16, -20.45, 5.20
-0.24, -0.78, -0.44, -10.87, -18.43, 5.32
-0.28, -0.79, -0.43, -9.03, -11.63, 4.34
-0.31, -0.79, -0.44, -10.43, -4.33, 6.47
-0.32, -0.79, -0.45, -9.49, 0.99, 3.99
-0.32, -0.78, -0.44, -12.47, 5.44, 4.39
-0.30, -0.84, -0.41, -18.57, 5.43, 4.34
-0.28, -0.85, -0.41, -19.57, -1.90, 1.35
-0.27, -0.84, -0.46, -16.02, -4.05, -1.54
-0.29, -0.81, -0.48, -14.58, 0.56, -1.91
-0.30, -0.80, -0.47, -13.87, 6.26, -3.30
-0.29, -0.81, -0.46, -13.49, 9.74, -4.73
-0.27, -0.83, -0.45, -14.62, 15.16, -2.08
-0.25, -0.85, -0.44, -15.19, 15.89, -3.55
-0.23, -0.84, -0.44, -15.69, 15.64, -3.63
-0.23, -0.81, -0.44, -13.70, 14.33, -3.56
-0.22, -0.79, -0.42, -16.53, 13.97, -3.41
-0.23, -0.80, -0.39, -16.93, 15.49, -3.44
-0.22, -0.82, -0.39, -17.93, 13.61, -2.22
-0.21, -0.82, -0.40, -20.25, 13.27, -2.52
-0.21, -0.82, -0.41, -21.32, 15.11, -1.96
-0.21, -0.81, -0.42, -23.02, 19.04, -0.61
-0.20, -0.80, -0.43, -24.26, 19.07, 0.19
-0.19, -0.78, -0.44, -21.93, 12.25, 0.86
-0.20, -0.76, -0.46, -18.24, 10.70, 3.63
-0.22, -0.75, -0.45, -15.86, 11.46, 2.46
-0.24, -0.75, -0.43, -14.20, 14.63, 3.70
-0.22, -0.74, -0.41, -16.69, 15.87, 5.20
-0.18, -0.73, -0.39, -17.95, 6.79, 7.41
-0.15, -0.71, -0.39, -17.54, -6.01, 9.50
-0.15, -0.71, -0.41, -15.53, -14.85, 13.04
-0.17, -0.73, -0.40, -13.00, -20.53, 14.09
-0.19, -0.78, -0.37, -15.32, -21.58, 16.72
-0.19, -0.76, -0.36, -14.28, -32.74, 18.56
-0.14, -0.74, -0.37, -10.17, -56.77, 19.29
-0.14, -0.71, -0.42, -8.15, -64.00, 20.54
-0.18, -0.71, -0.38, -4.51, -64.00, 14.04
-0.36, -0.72, -0.35, -2.75, -26.80, 8.33
-0.47, -0.75, -0.36, -15.08, -1.42, 17.57
-0.33, -0.80, -0.30, -17.97, -20.16, 20.68
-0.14, -0.78, -0.35, -13.24, -55.40, 26.55
-0.07, -0.71, -0.45, -0.62, -64.00, 21.77
-0.16, -0.65, -0.44, 9.87, -64.00, 16.91
-0.27, -0.65, -0.39, 12.96, -64.00, 19.49
-0.30, -0.71, -0.33, 12.53, -64.00, 19.29
-0.29, -0.77, -0.26, 11.70, -64.00, 20.17
-0.33, -0.78, -0.25, 11.53, -64.00, 19.28
-0.36, -0.76, -0.26, 10.97, -64.00, 19.55
-0.40, -0.74, -0.25, 12.34, -64.00, 15.66
-0.44, -0.77, -0.23, 12.04, -64.00, 14.17
-0.47, -0.83, -0.21, 8.99, -64.00, 10.35
-0.49, -0.88, -0.19, 4.54, -64.00, 7.81
-0.51, -0.87, -0.19, 1.22, -64.00, 5.97
-0.49, -0.85, -0.23, 0.42, -63.04, 6.84
-0.46, -0.85, -0.22, -2.80, -64.00, 5.84
-0.45, -0.85, -0.21, -2.80, -64.00, 6.39
-0.45, -0.85, -0.22, -2.49, -64.00, 2.75
-0.48, -0.88, -0.21, -9.71, -61.46, 2.94
-0.50, -0.88, -0.20, -8.78, -51.70, 3.46
-0.51, -0.83, -0.24, -10.03, -44.75, 1.91
-0.51, -0.80, -0.23, -8.85, -37.22, 0.61
-0.50, -0.81, -0.19, -13.08, -33.59, 3.99
-0.48, -0.84, -0.16, -14.99, -32.60, 3.54
-0.47, -0.82, -0.18, -14.24, -35.65, 3.47
-0.47, -0.80, -0.20, -13.69, -37.67, 2.23
-0.49, -0.78, -0.17, -12.29, -36.68, 0.38
-0.52, -0.76, -0.13, -13.18, -29.07, -0.13
-0.53, -0.77, -0.12, -12.40, -25.79, 0.80
-0.52, -0.78, -0.11, -13.76, -23.29, -0.70
-0.51, -0.78, -0.10, -14.17, -19.72, -2.97
-0.51, -0.78, -0.10, -15.22, -14.13, -2.08
-0.52, -0.77, -0.08, -15.15, -4.53, -2.10
-0.51, -0.77, -0.09, -13.95, 2.55, -1.31
-0.49, -0.77, -0.11, -14.17, 5.71, -1.00
-0.48, -0.78, -0.11, -14.26, 1.57, -0.46
-0.47, -0.80, -0.08, -17.13, -7.45, -1.59
-0.46, -0.81, -0.07, -18.32, -16.45, -2.41
-0.46, -0.81, -0.09, -17.13, -24.90, -3.40
-0.49, -0.80, -0.10, -16.67, -23.79, -7.74
-0.52, -0.78, -0.09, -14.80, -17.73, -7.96
-0.52, -0.79, -0.07, -16.15, -16.17, -9.18
-0.49, -0.81, -0.06, -19.67, -20.07, -7.76
-0.46, -0.81, -0.07, -18.88, -22.23, -8.68
-0.45, -0.78, -0.09, -16.58, -18.12, -8.89
-0.49, -0.76, -0.08, -17.97, -10.61, -7.79
-0.51, -0.77, -0.07, -21.07, -10.28, -4.24
-0.46, -0.78, -0.09, -19.44, -20.25, -3.10
-0.43, -0.78, -0.11, -17.02, -24.92, -7.23
-0.47, -0.76, -0.08, -17.79, -24.60, -5.88
-0.50, -0.78, -0.08, -17.36, -15.94, -5.15
-0.49, -0.78, -0.11, -13.91, -1.37, 2.51
-0.45, -0.76, -0.12, -12.96, -4.46, 1.16
-0.46, -0.77, -0.04, -19.46, -23.04, -0.30
-0.50, -0.84, 0.05, -30.91, -37.20, -7.86
-0.51, -0.90, 0.02, -32.56, -35.08, -8.51
-0.47, -0.86, -0.01, -40.78, -46.93, -2.44
-0.39, -0.84, -0.05, -38.04, -60.54, -3.37
-0.39, -0.81, -0.06, -33.12, -54.34, -7.26
-0.47, -0.78, -0.06, -32.02, -39.41, -5.32
-0.50, -0.79, -0.03, -32.68, -36.35, -1.88
-0.47, -0.81, -0.03, -35.72, -41.98, -5.22
-0.47, -0.79, -0.03, -33.50, -48.95, -7.63
-0.49, -0.76, -0.04, -32.93, -53.53, -9.49
-0.50, -0.75, -0.05, -29.39, -52.36, -11.42
-0.51, -0.75, -0.05, -29.82, -42.32, -13.92
-0.53, -0.76, -0.03, -30.00, -32.80, -10.88
-0.51, -0.77, -0.01, -35.61, -34.84, -10.33
-0.46, -0.78, -0.00, -36.34, -42.25, -9.39
-0.43, -0.77, -0.01, -37.91, -51.53, -10.44
-0.43, -0.78, 0.00, -42.42, -56.82, -8.69
-0.45, -0.81, 0.00, -45.13, -50.10, -6.39
-0.46, -0.82, -0.02, -45.03, -49.81, -2.41
-0.45, -0.81, -0.01, -51.47, -52.42, -6.52
-0.48, -0.81, 0.01, -53.55, -48.79, -5.81
-0.48, -0.81, -0.03, -52.24, -52.01, -3.41
-0.45, -0.80, -0.10, -48.78, -51.51, -3.10
-0.44, -0.78, -0.13, -42.61, -45.96, -2.68
-0.44, -0.78, -0.12, -40.43, -42.95, -0.14
-0.42, -0.81, -0.11, -38.29, -45.43, 2.26
-0.41, -0.82, -0.10, -37.11, -46.55, 1.85
-0.44, -0.79, -0.09, -33.28, -43.47, -1.26
-0.48, -0.80, -0.04, -36.79, -37.73, -1.74
-0.49, -0.84, -0.02, -31.45, -34.34, -4.23
-0.47, -0.85, -0.02, -38.46, -32.15, -7.26
-0.45, -0.86, -0.03, -35.20, -28.22, -9.59
-0.45, -0.85, -0.03, -33.51, -23.23, -12.22
-0.44, -0.84, -0.04, -32.53, -19.58, -16.07
-0.43, -0.84, -0.07, -26.80, -18.35, -16.41
-0.39, -0.83, -0.09, -22.51, -17.28, -17.39
-0.37, -0.82, -0.10, -17.13, -15.18, -18.10
-0.37, -0.80, -0.10, -11.77, -12.28, -18.03
-0.37, -0.79, -0.06, -7.54, -7.77, -19.77
-0.39, -0.80, 0.00, -9.63, -1.54, -24.38
-0.43, -0.83, 0.01, -4.75, 7.92, -28.01
-0.42, -0.83, -0.03, -1.70, 10.25, -30.84
-0.38, -0.85, -0.04, 0.86, 8.20, -31.50
-0.35, -0.85, -0.04, 4.16, 6.69, -35.49
-0.32, -0.84, -0.01, 5.30, 5.19, -38.04
-0.34, -0.87, 0.04, 3.43, 6.07, -36.95
-0.35, -0.89, 0.03, 8.93, 5.21, -35.52
-0.33, -0.87, 0.00, 8.06, 0.45, -37.34
-0.31, -0.86, 0.01, 9.68, -5.24, -35.38
-0.30, -0.86, 0.03, 8.96, -6.81, -35.49
-0.34, -0.87, 0.09, 4.69, -4.06, -34.78
-0.39, -0.87, 0.13, 4.59, 1.05, -34.59
-0.42, -0.86, 0.14, 2.51, 6.20, -34.78
-0.41, -0.87, 0.14, -1.82, 3.37, -35.03
-0.38, -0.89, 0.14, -4.86, -2.32, -33.12
-0.34, -0.88, 0.13, -7.76, -11.58, -31.08
-0.34, -0.86, 0.10, -9.85, -14.35, -30.66
-0.36, -0.84, 0.08, -10.19, -12.87, -27.88
-0.39, -0.85, 0.09, -11.04, -8.36, -25.29
-0.39, -0.86, 0.09, -12.64, -6.00, -22.90
-0.39, -0.83, 0.08, -14.76, -5.46, -20.52
-0.37, -0.81, 0.03, -13.83, -4.80, -17.21
-0.38, -0.79, 0.03, -14.70, -0.05, -17.46
-0.40, -0.81, 0.02, -14.43, 8.92, -11.48
-0.40, -0.83, -0.01, -12.41, 16.09, -11.45
-0.39, -0.83, -0.00, -13.24, 21.41, -9.79
-0.38, -0.81, -0.02, -11.40, 27.01, -9.30
-0.37, -0.80, -0.02, -12.70, 31.39, -6.21
-0.36, -0.80, -0.01, -8.74, 32.98, -3.61
-0.31, -0.81, -0.02, -2.05, 33.14, 1.55
-0.27, -0.85, -0.01, -1.42, 30.74, 2.59
-0.24, -0.91, 0.04, -4.26, 24.02, 2.99
-0.25, -0.94, 0.11, -8.60, 24.22, 1.45
-0.29, -0.95, 0.12, -8.45, 22.32, -3.37
-0.31, -0.98, 0.06, -5.46, 22.34, -8.48
-0.31, -0.99, 0.05, -10.17, 31.31, -13.04
-0.31, -1.01, 0.18, -16.46, 44.04, -17.93
-0.36, -1.01, 0.26, -24.42, 61.48, -17.48
-0.33, -1.03, 0.17, -27.66, 64.00, -10.43
-0.20, -1.03, 0.01, -31.26, 53.69, -11.35
-0.16, -0.94, 0.10, -45.74, 35.72, -13.03
-0.18, -0.85, 0.14, -48.27, 24.79, -6.76
-0.15, -0.79, -0.02, -38.40, 16.99, 3.22
-0.13, -0.72, -0.14, -27.34, 3.86, 11.51
-0.08, -0.70, -0.22, -18.25, -14.08, 18.56
-0.05, -0.72, -0.20, -11.97, -31.68, 21.54
-0.10, -0.72, -0.18, -1.54, -22.68, 27.31
-0.15, -0.73, -0.08, 10.62, -15.48, 32.28
-0.24, -0.84, -0.03, 18.62, 4.08, 23.57
-0.36, -0.90, -0.04, 22.81, 27.51, 13.09
-0.47, -0.99, 0.13, 13.05, 45.49, 2.51
-0.52, -1.07, 0.25, 4.50, 58.83, -6.47
-0.46, -1.12, 0.20, -0.59, 64.00, -13.29
-0.34, -1.14, 0.25, -15.56, 47.09, -18.17
-0.26, -1.17, 0.32, -36.86, 28.99, -21.29
-0.22, -1.14, 0.28, -54.01, 13.22, -20.27
-0.18, -1.01, 0.16, -61.87, -8.83, -12.40
-0.13, -0.84, -0.00, -52.48, -29.50, -3.11
-0.09, -0.73, -0.17, -38.08, -39.53, 7.88
-0.07, -0.66, -0.24, -22.56, -48.79, 16.88
-0.13, -0.64, -0.30, -7.53, -40.71, 22.73
-0.16, -0.66, -0.34, -0.20, -25.65, 26.21
-0.21, -0.70, -0.11, 2.32, -17.18, 33.69
-0.37, -0.72, -0.05, 19.21, 7.34, 21.08
-0.50, -0.77, -0.06, 27.08, 29.88, 14.74
-0.52, -0.96, 0.11, 16.86, 46.33, 3.26
-0.46, -1.10, 0.24, 7.18, 59.19, -3.78
-0.37, -1.14, 0.30, -9.85, 52.43, -10.37
-0.32, -1.15, 0.31, -25.42, 28.50, -16.83
-0.33, -1.11, 0.33, -49.52, 6.68, -21.32
-0.31, -1.02, 0.25, -59.90, -14.36, -19.02
-0.20, -0.87, 0.06, -53.11, -33.58, -12.00
-0.14, -0.74, -0.16, -39.41, -36.36, -4.16
-0.09, -0.67, -0.27, -24.26, -36.52, 10.52
-0.08, -0.65, -0.31, -7.71, -35.59, 23.82
-0.09, -0.66, -0.42, 6.21, -25.68, 31.44
-0.16, -0.68, -0.36, 14.49, -19.07, 31.60
-0.36, -0.70, -0.13, 20.74, 8.38, 32.14
-0.48, -0.81, 0.02, 22.22, 23.72, 26.90
-0.50, -0.93, 0.15, 15.37, 45.10, 13.47
-0.50, -1.06, 0.25, 7.36, 54.57, 8.95
-0.46, -1.14, 0.29, -3.72, 50.25, -9.76
-0.44, -1.19, 0.32, -17.40, 39.38, -18.18
-0.45, -1.18, 0.36, -41.33, 26.13, -29.86
-0.42, -1.12, 0.32, -56.57, 14.96, -31.36
-0.29, -1.00, 0.14, -57.59, 5.14, -29.26
-0.23, -0.88, -0.03, -56.60, -1.17, -22.41
-0.20, -0.76, -0.12, -49.20, -0.90, -13.45
-0.11, -0.67, -0.28, -31.75, -5.76, 8.97
-0.01, -0.59, -0.37, -16.54, -14.55, 22.19
-0.01, -0.57, -0.42, -7.69, -20.96, 39.09
-0.02, -0.63, -0.48, 9.02, -24.03, 42.08
-0.19, -0.63, -0.21, 14.28, -7.37, 45.22
-0.41, -0.69, 0.08, 16.52, 11.91, 39.54
-0.56, -0.83, 0.06, 21.98, 48.14, 36.34
-0.55, -0.96, 0.16, 14.92, 50.15, 19.25
-0.56, -1.11, 0.33, 0.05, 40.71, -3.63
-0.60, -1.16, 0.44, -16.79, 37.91, -23.79
-0.59, -1.14, 0.41, -30.84, 36.26, -34.74
-0.48, -1.09, 0.31, -41.22, 34.66, -35.62
-0.31, -1.05, 0.16, -51.35, 25.15, -30.45
-0.15, -0.95, -0.04, -50.00, 7.56, -20.70
-0.06, -0.79, -0.11, -48.54, -15.29, -9.01
-0.07, -0.68, -0.18, -40.49, -26.28, 1.60
-0.07, -0.66, -0.33, -28.18, -26.47, 22.19
-0.02, -0.66, -0.38, -17.34, -34.02, 31.82
-0.05, -0.69, -0.38, -3.13, -34.72, 40.49
-0.16, -0.72, -0.35, 14.48, -19.97, 39.35
-0.31, -0.74, -0.13, 18.98, 4.70, 38.64
-0.49, -0.82, 0.10, 17.75, 25.79, 27.18
-0.63, -0.95, 0.17, 14.87, 48.93, 12.13
-0.68, -1.10, 0.31, -7.80, 35.22, -11.11
-0.68, -1.17, 0.46, -25.82, 27.59, -33.96
-0.61, -1.12, 0.40, -33.96, 24.24, -41.37
-0.48, -1.07, 0.26, -47.54, 22.48, -50.99
-0.34, -1.02, 0.06, -49.07, 18.97, -42.35
-0.18, -0.91, -0.06, -49.08, 5.88, -29.42
-0.08, -0.77, -0.17, -44.38, -8.55, -19.03
-0.05, -0.68, -0.29, -36.59, -24.11, 3.85
-0.01, -0.63, -0.41, -22.96, -28.98, 17.88
0.00, -0.60, -0.44, -13.16, -30.57, 37.74
-0.04, -0.65, -0.43, 3.63, -34.18, 43.51
-0.20, -0.67, -0.31, 18.75, -13.69, 45.91
-0.40, -0.69, -0.08, 25.69, 12.00, 38.73
-0.60, -0.81, 0.12, 24.53, 51.49, 27.93
-0.67, -0.99, 0.27, 9.41, 49.23, 14.19
-0.68, -1.17, 0.46, -21.89, 27.64, -21.55
-0.69, -1.16, 0.47, -31.13, 25.73, -38.29
-0.59, -1.06, 0.33, -42.88, 17.20, -48.05
-0.43, -1.02, 0.15, -47.61, 17.83, -49.88
-0.26, -0.96, -0.06, -47.84, 15.22, -37.32
-0.13, -0.84, -0.14, -47.54, 3.68, -22.25
-0.06, -0.72, -0.25, -41.29, -13.50, -4.95
-0.01, -0.66, -0.41, -26.98, -21.78, 16.35
0.07, -0.63, -0.51, -12.94, -29.42, 37.38
0.07, -0.65, -0.50, 4.41, -38.78, 45.34
-0.06, -0.67, -0.43, 23.69, -26.94, 48.58
-0.29, -0.75, -0.13, 28.25, 0.33, 42.50
-0.54, -0.82, 0.11, 26.58, 29.73, 36.14
-0.65, -0.95, 0.20, 21.74, 47.39, 21.46
-0.67, -1.08, 0.29, 3.16, 30.72, -5.23
-0.68, -1.18, 0.44, -23.54, 12.76, -34.36
-0.66, -1.16, 0.49, -38.20, 13.41, -45.57
-0.50, -1.10, 0.37, -53.95, 9.12, -47.48
-0.31, -1.03, 0.03, -53.09, 7.20, -45.87
-0.19, -0.89, -0.18, -48.47, 2.07, -30.32
-0.09, -0.74, -0.23, -47.25, -13.17, -15.51
-0.08, -0.66, -0.30, -37.98, -23.59, -0.29
-0.06, -0.60, -0.42, -24.98, -26.77, 20.95
-0.02, -0.58, -0.42, -14.54, -36.72, 32.05
-0.08, -0.61, -0.43, 5.22, -36.33, 38.80
-0.19, -0.68, -0.39, 25.78, -21.42, 47.12
-0.32, -0.74, -0.11, 25.74, -3.39, 39.07
-0.51, -0.83, 0.11, 25.67, 34.19, 34.33
-0.63, -0.95, 0.23, 16.66, 47.13, 20.08
-0.65, -1.10, 0.29, -2.03, 37.26, -4.73
-0.63, -1.18, 0.33, -19.30, 19.58, -29.49
-0.63, -1.13, 0.41, -40.00, 16.44, -41.65
-0.50, -1.07, 0.31, -50.62, 14.16, -42.17
-0.28, -1.02, -0.02, -49.09, 11.73, -39.38
-0.19, -0.89, -0.18, -48.08, 4.14, -25.70
-0.12, -0.74, -0.19, -44.32, -7.30, -9.94
-0.08, -0.65, -0.29, -32.90, -17.32, 7.50
-0.03, -0.59, -0.38, -20.38, -25.16, 26.34
-0.02, -0.59, -0.35, -13.02, -37.00, 33.38
-0.11, -0.65, -0.37, 9.66, -37.00, 37.92
-0.23, -0.69, -0.31, 21.38, -24.22, 39.23
-0.37, -0.78, -0.06, 21.74, 4.57, 32.70
-0.51, -0.86, 0.12, 23.33, 30.71, 30.66
-0.60, -0.95, 0.17, 15.64, 42.03, 17.18
-0.62, -1.08, 0.23, -1.56, 32.28, -3.48
-0.62, -1.15, 0.30, -16.91, 19.90, -30.20
-0.64, -1.11, 0.38, -32.12, 20.72, -46.24
-0.59, -1.07, 0.32, -49.12, 24.13, -48.72
-0.42, -1.04, 0.03, -47.20, 26.15, -47.68
-0.24, -0.91, -0.16, -45.92, 15.92, -33.62
-0.07, -0.77, -0.20, -43.76, -4.29, -17.71
-0.02, -0.68, -0.30, -31.73, -18.14, 0.21
0.02, -0.62, -0.42, -19.16, -22.48, 24.08
0.06, -0.60, -0.40, -12.54, -35.71, 37.07
-0.02, -0.64, -0.39, 6.12, -41.79, 44.15
-0.15, -0.67, -0.36, 22.86, -29.52, 50.61
-0.31, -0.74, -0.09, 24.21, -12.06, 44.11
-0.48, -0.84, 0.09, 25.56, 12.65, 38.13
-0.60, -0.96, 0.17, 17.63, 25.90, 22.04
-0.65, -1.07, 0.31, 1.01, 16.64, -2.68
-0.68, -1.12, 0.33, -15.54, 10.71, -25.75
-0.65, -1.11, 0.31, -27.55, 2.98, -39.60
-0.57, -1.09, 0.28, -49.08, 3.27, -44.50
-0.43, -1.04, 0.08, -48.62, 1.89, -39.56
-0.25, -0.92, -0.10, -47.87, -8.79, -28.68
-0.14, -0.78, -0.20, -41.97, -18.56, -14.92
-0.10, -0.68, -0.27, -33.43, -25.33, 3.95
-0.06, -0.62, -0.38, -20.23, -26.73, 25.63
-0.00, -0.59, -0.39, -13.58, -37.11, 39.30
-0.05, -0.60, -0.36, -0.33, -49.03, 44.79
-0.16, -0.63, -0.36, 21.27, -41.76, 47.58
-0.30, -0.65, -0.17, 24.50, -20.59, 40.70
-0.52, -0.74, 0.16, 20.90, 12.76, 40.35
-0.63, -0.88, 0.24, 19.26, 30.10, 29.03
-0.61, -1.01, 0.22, 3.00, 9.82, 8.01
-0.64, -1.06, 0.27, -12.09, 6.23, -16.20
-0.68, -1.06, 0.32, -21.35, -1.40, -34.68
-0.68, -1.05, 0.33, -34.82, 2.47, -44.90
-0.56, -1.04, 0.17, -38.58, 6.53, -44.02
-0.39, -0.99, -0.09, -40.11, 5.15, -39.75
-0.27, -0.90, -0.15, -42.73, -1.39, -28.96
-0.18, -0.81, -0.15, -40.34, -14.76, -12.10
-0.11, -0.75, -0.23, -33.71, -23.73, 3.91
-0.06, -0.71, -0.27, -26.74, -32.93, 21.99
-0.03, -0.69, -0.30, -18.09, -40.94, 36.20
-0.09, -0.69, -0.37, -2.99, -40.95, 40.97
-0.24, -0.68, -0.30, 12.43, -22.69, 37.02
-0.43, -0.69, -0.07, 18.95, -1.36, 44.01
-0.50, -0.77, 0.15, 19.75, 20.11, 24.23
-0.64, -0.85, 0.28, 13.09, 37.00, 14.09
-0.68, -0.96, 0.30, 2.21, 25.12, -9.04
-0.68, -1.05, 0.31, -17.36, 19.12, -33.22
-0.66, -1.05, 0.32, -24.15, 18.65, -43.24
-0.55, -1.01, 0.27, -40.11, 15.05, -47.75
-0.42, -1.00, 0.09, -45.60, 8.50, -42.94
-0.29, -0.95, -0.06, -47.73, 3.62, -35.49
-0.21, -0.85, -0.11, -49.33, -12.80, -20.44
-0.15, -0.79, -0.19, -44.49, -19.95, -7.64
-0.12, -0.73, -0.34, -31.74, -21.91, 14.15
-0.05, -0.67, -0.40, -17.47, -30.70, 26.87
-0.12, -0.65, -0.38, -7.39, -22.53, 33.33
-0.18, -0.68, -0.33, 13.40, -10.99, 41.25
-0.29, -0.68, -0.13, 25.90, 6.28, 36.44
-0.47, -0.72, 0.09, 28.38, 29.90, 28.59
-0.62, -0.84, 0.21, 24.77, 43.79, 17.19
-0.63, -0.96, 0.31, 9.92, 34.40, -2.38
-0.64, -1.08, 0.37, -13.98, 17.43, -27.91
-0.66, -1.09, 0.44, -33.07, 14.94, -42.71
-0.60, -1.02, 0.39, -48.08, 13.37, -43.99
-0.45, -0.97, 0.11, -49.56, 17.79, -41.11
-0.28, -0.89, -0.13, -46.16, 7.95, -27.38
-0.17, -0.77, -0.20, -42.91, -13.81, -20.06
-0.15, -0.71, -0.28, -33.35, -19.57, -6.48
-0.14, -0.69, -0.40, -18.83, -19.58, 13.58
-0.08, -0.71, -0.39, -12.31, -24.25, 25.85
-0.07, -0.75, -0.34, 3.22, -28.35, 39.56
-0.11, -0.77, -0.36, 19.76, -25.83, 42.72
-0.26, -0.80, -0.12, 18.83, -11.83, 36.32
-0.48, -0.84, 0.12, 18.28, 17.78, 31.13
-0.63, -0.91, 0.23, 14.19, 39.62, 19.46
-0.70, -1.02, 0.24, -0.70, 37.67, -3.28
-0.73, -1.09, 0.35, -26.85, 15.19, -34.31
-0.78, -1.05, 0.51, -55.21, 12.00, -43.84
-0.62, -1.00, 0.29, -56.14, 14.72, -46.96
-0.38, -0.93, -0.04, -51.06, 11.37, -42.72
-0.23, -0.82, -0.14, -49.13, 3.37, -33.07
-0.17, -0.73, -0.19, -43.07, 0.26, -12.62
-0.09, -0.66, -0.32, -29.83, -9.99, 4.99
-0.04, -0.62, -0.39, -19.42, -16.58, 23.72
-0.02, -0.65, -0.35, -10.57, -24.54, 35.39
-0.06, -0.69, -0.35, 9.69, -25.39, 44.17
-0.19, -0.70, -0.26, 22.12, -10.71, 43.31
-0.39, -0.74, -0.04, 24.86, 12.97, 43.00
-0.54, -0.83, 0.14, 23.00, 26.50, 31.53
-0.66, -0.93, 0.26, 11.12, 31.60, 10.72
-0.75, -1.07, 0.36, -12.06, 20.04, -20.71
-0.82, -1.11, 0.48, -35.22, 19.86, -44.86
-0.74, -1.07, 0.42, -52.11, 21.55, -47.64
-0.48, -1.00, 0.10, -52.30, 19.83, -48.42
-0.27, -0.94, -0.13, -51.97, 12.28, -42.51
-0.20, -0.80, -0.20, -46.21, 8.20, -32.49
-0.16, -0.71, -0.27, -37.67, 4.34, -10.36
-0.08, -0.67, -0.40, -21.20, -6.36, 3.67
-0.03, -0.65, -0.43, -14.07, -9.95, 23.44
0.00, -0.68, -0.37, -3.29, -18.46, 36.14
-0.05, -0.70, -0.32, 13.08, -19.42, 41.77
-0.22, -0.70, -0.19, 20.62, -2.00, 42.29
-0.42, -0.75, 0.03, 23.94, 24.48, 35.67
-0.58, -0.86, 0.19, 15.94, 32.74, 23.05
-0.66, -0.99, 0.27, -1.31, 23.50, 1.16
-0.70, -1.10, 0.33, -19.64, 12.12, -27.22
-0.73, -1.09, 0.36, -31.31, 14.88, -43.18
-0.66, -1.04, 0.30, -46.78, 15.52, -48.21
-0.48, -1.01, 0.06, -48.27, 16.90, -48.05
-0.30, -0.93, -0.12, -48.49, 14.99, -42.38
-0.22, -0.80, -0.19, -44.89, 3.26, -27.27
-0.14, -0.73, -0.27, -36.87, -6.43, -13.36
-0.10, -0.68, -0.38, -24.86, -8.20, 2.36
-0.05, -0.65, -0.39, -16.56, -7.02, 25.48
0.02, -0.66, -0.41, -2.64, -11.97, 34.84
-0.02, -0.68, -0.39, 15.22, -10.20, 38.63
-0.24, -0.71, -0.19, 21.76, 7.37, 37.89
-0.44, -0.79, -0.01, 24.07, 29.49, 36.65
-0.55, -0.90, 0.08, 20.60, 37.87, 18.10
-0.66, -1.00, 0.25, -3.00, 25.46, -4.23
-0.71, -1.10, 0.36, -21.02, 17.80, -30.08
-0.71, -1.10, 0.38, -37.37, 15.27, -44.80
-0.57, -1.07, 0.28, -49.24, 15.17, -51.30
-0.41, -1.04, 0.07, -51.25, 15.31, -51.44
-0.26, -0.97, -0.09, -51.81, 13.38, -41.45
-0.15, -0.83, -0.20, -45.98, 1.28, -25.84
-0.11, -0.70, -0.32, -33.26, -8.50, -13.64
-0.15, -0.59, -0.40, -23.39, -4.79, -5.51
-0.18, -0.56, -0.37, -18.25, 9.02, 15.57
-0.09, -0.60, -0.38, -2.33, 10.62, 29.63
-0.08, -0.62, -0.41, 16.33, 14.67, 36.79
-0.18, -0.68, -0.23, 22.76, 12.63, 44.16
-0.33, -0.83, -0.05, 23.58, 20.77, 28.12
-0.51, -0.98, 0.06, 16.34, 29.05, 13.57
-0.65, -1.11, 0.23, -1.13, 39.75, -11.13
-0.66, -1.23, 0.31, -18.68, 29.95, -30.38
-0.59, -1.22, 0.31, -36.46, 20.80, -46.18
-0.49, -1.16, 0.24, -56.85, 19.47, -46.39
-0.31, -1.03, -0.07, -50.08, 16.02, -36.69
-0.14, -0.86, -0.27, -42.55, 0.42, -32.26
-0.15, -0.71, -0.26, -43.46, -5.74, -21.63
-0.18, -0.65, -0.33, -32.07, 0.95, -0.62
-0.08, -0.56, -0.46, -18.50, 6.67, 25.13
-0.02, -0.51, -0.45, -11.33, -9.42, 25.97
-0.18, -0.58, -0.31, 0.80, -9.42, 27.24
-0.30, -0.71, -0.15, 10.84, 5.09, 27.80
-0.41, -0.85, -0.03, 9.75, 26.00, 16.66
-0.52, -0.99, 0.07, 0.03, 41.53, 4.25
-0.53, -1.11, 0.10, -9.99, 42.74, -8.38
-0.46, -1.17, 0.11, -16.52, 34.72, -24.81
-0.36, -1.16, 0.14, -22.49, 26.83, -31.87
-0.30, -1.15, 0.13, -34.26, 17.27, -34.80
-0.24, -1.10, 0.02, -44.85, 4.04, -31.48
-0.18, -0.97, -0.12, -46.68, -10.25, -22.72
-0.16, -0.78, -0.18, -47.37, -20.26, -13.81
-0.16, -0.66, -0.33, -37.46, -20.33, 4.45
-0.08, -0.54, -0.47, -19.67, -21.34, 21.80
-0.05, -0.48, -0.49, -9.48, -31.77, 30.12
-0.11, -0.54, -0.45, 9.94, -28.32, 30.89
-0.18, -0.63, -0.21, 18.93, -19.51, 34.06
-0.39, -0.80, -0.04, 15.65, 0.95, 22.53
-0.56, -0.97, -0.02, 9.65, 26.26, 14.92
-0.55, -1.07, 0.06, 0.87, 34.11, 1.38
-0.48, -1.15, 0.10, -9.07, 32.73, -13.53
-0.43, -1.17, 0.11, -15.70, 26.00, -26.37
-0.42, -1.15, 0.14, -31.24, 16.82, -31.80
-0.34, -1.14, 0.08, -44.42, 10.98, -32.66
-0.27, -1.06, -0.06, -48.69, 10.98, -26.35
-0.21, -0.91, -0.16, -49.99, 4.61, -10.14
-0.11, -0.71, -0.33, -36.32, -15.74, 3.17
-0.05, -0.55, -0.41, -25.24, -28.62, 13.38
-0.05, -0.47, -0.45, -8.29, -35.56, 26.88
-0.16, -0.49, -0.47, 6.01, -29.56, 24.14
-0.23, -0.59, -0.32, 21.19, -17.25, 33.04
-0.26, -0.73, -0.15, 19.58, -7.98, 33.25
-0.37, -0.88, -0.07, 12.98, 9.62, 31.08
-0.42, -0.98, -0.00, 8.30, 21.83, 25.51
-0.40, -1.07, 0.05, 3.93, 26.83, 14.92
-0.41, -1.13, 0.07, -3.06, 24.71, -0.07
-0.50, -1.15, 0.11, -10.91, 10.93, -23.31
-0.59, -1.14, 0.23, -29.16, 11.94, -34.61
-0.52, -1.15, 0.17, -42.83, 11.82, -37.99
-0.39, -1.10, 0.04, -51.39, 3.88, -44.97
-0.31, -0.95, -0.04, -56.14, 6.66, -33.11
-0.19, -0.80, -0.22, -49.90, 3.12, -14.91
-0.03, -0.63, -0.41, -34.50, -7.03, 8.12
0.09, -0.49, -0.53, -17.21, -25.67, 30.98
0.09, -0.41, -0.53, -0.22, -44.64, 37.15
-0.08, -0.45, -0.44, 15.98, -43.04, 39.29
-0.20, -0.57, -0.23, 25.13, -35.96, 45.19
-0.35, -0.72, -0.01, 20.80, -14.72, 34.83
-0.57, -0.89, 0.07, 15.73, 24.32, 29.46
-0.60, -1.05, 0.07, 10.45, 35.91, 23.65
-0.48, -1.16, 0.05, 3.98, 13.43, -6.48
-0.52, -1.19, 0.22, -15.42, 6.31, -24.28
-0.59, -1.18, 0.28, -21.05, 12.82, -38.89
-0.54, -1.15, 0.14, -36.79, 15.86, -41.28
-0.41, -1.11, 0.08, -53.37, 5.09, -48.03
-0.30, -1.03, -0.01, -61.21, 3.81, -35.73
-0.16, -0.89, -0.25, -51.92, -5.34, -19.06
-0.09, -0.70, -0.36, -45.18, -14.89, -3.85
-0.02, -0.56, -0.50, -28.91, -20.82, 15.49
0.04, -0.44, -0.50, -8.04, -24.26, 32.92
-0.08, -0.44, -0.46, 7.59, -21.62, 26.00
-0.26, -0.54, -0.37, 24.07, -8.99, 33.73
-0.32, -0.69, -0.14, 24.66, 3.16, 31.14
-0.45, -0.83, -0.01, 19.02, 31.17, 28.05
-0.48, -0.97, 0.01, 17.02, 38.19, 27.98
-0.42, -1.08, 0.05, 9.48, 15.99, 6.04
-0.50, -1.16, 0.11, -0.50, 2.90, -15.13
-0.60, -1.20, 0.22, -13.17, 3.57, -37.74
-0.62, -1.19, 0.20, -21.70, 17.98, -41.26
-0.45, -1.15, 0.08, -34.90, 18.55, -43.10
-0.32, -1.08, 0.05, -50.71, 5.17, -45.24
-0.24, -1.01, -0.02, -53.44, 2.49, -30.89
-0.11, -0.87, -0.21, -48.18, -5.89, -11.44
-0.02, -0.70, -0.34, -44.22, -16.91, 7.65
0.08, -0.54, -0.42, -27.73, -35.86, 27.07
0.07, -0.46, -0.46, -12.02, -51.49, 36.76
-0.12, -0.49, -0.47, 2.54, -47.58, 32.68
-0.28, -0.58, -0.24, 13.10, -31.32, 33.16
-0.44, -0.68, -0.02, 18.95, -5.27, 27.46
-0.56, -0.80, 0.04, 21.46, 30.75, 21.23
-0.58, -0.93, 0.11, 14.31, 51.25, 14.98
-0.49, -1.02, 0.13, 6.47, 41.86, 1.66
-0.43, -1.09, 0.18, -8.34, 12.07, -17.83
-0.48, -1.13, 0.30, -26.42, -1.72, -29.99
-0.45, -1.11, 0.22, -34.50, -6.38, -30.76
-0.35, -1.03, 0.02, -42.07, -16.48, -32.93
-0.31, -0.99, -0.08, -47.37, -14.16, -31.99
-0.30, -0.89, -0.19, -45.24, -9.67, -21.68
-0.26, -0.77, -0.31, -37.48, -1.03, -13.03
-0.16, -0.67, -0.37, -29.84, 3.13, 10.14
0.01, -0.62, -0.48, -10.70, -3.90, 32.11
0.04, -0.56, -0.59, 7.35, -18.97, 30.89
-0.12, -0.58, -0.39, 16.97, -19.74, 30.63
-0.31, -0.68, -0.06, 19.66, -12.79, 27.85
-0.50, -0.81, 0.03, 15.56, 20.42, 20.17
-0.57, -0.91, 0.05, 14.42, 50.21, 13.99
-0.57, -0.99, 0.10, 10.40, 64.00, 2.83
-0.53, -1.08, 0.15, 0.67, 51.57, -13.03
-0.47, -1.17, 0.31, -25.50, 23.09, -31.70
-0.44, -1.18, 0.32, -36.01, 12.69, -32.13
-0.33, -1.08, 0.12, -42.35, 1.15, -39.74
-0.34, -1.00, 0.01, -51.84, -1.20, -42.91
-0.35, -0.93, -0.11, -51.56, 9.68, -31.06
-0.24, -0.81, -0.27, -45.17, 11.33, -13.54
-0.10, -0.65, -0.39, -33.88, -0.54, 5.08
0.01, -0.54, -0.46, -21.33, -12.89, 18.18
-0.00, -0.50, -0.45, -8.80, -16.31, 23.84
-0.14, -0.55, -0.39, 8.49, -14.71, 20.19
-0.29, -0.66, -0.24, 13.72, -0.23, 24.96
-0.34, -0.81, -0.11, 15.13, 17.40, 25.40
-0.41, -0.90, -0.04, 9.16, 31.17, 21.66
-0.45, -0.97, 0.04, 6.11, 37.06, 14.49
-0.42, -1.05, 0.06, 1.41, 33.65, 2.00
-0.40, -1.13, 0.09, -5.08, 25.52, -11.44
-0.41, -1.16, 0.18, -17.78, 9.73, -24.91
-0.40, -1.15, 0.20, -32.91, -2.61, -30.42
-0.38, -1.12, 0.11, -46.32, -7.62, -37.14
-0.40, -1.04, -0.01, -52.95, 0.27, -39.40
-0.37, -0.92, -0.12, -54.16, 18.33, -27.51
-0.19, -0.77, -0.31, -40.54, 20.45, -0.71
0.01, -0.59, -0.49, -24.10, -11.19, 9.21
0.07, -0.50, -0.49, -12.07, -25.09, 25.41
0.04, -0.53, -0.44, -0.89, -41.75, 26.53
-0.14, -0.61, -0.35, 9.80, -29.18, 27.11
-0.26, -0.71, -0.16, 14.30, -12.32, 32.91
-0.42, -0.82, -0.05, 14.87, 7.92, 26.37
-0.51, -0.93, 0.01, 9.09, 22.63, 20.75
-0.48, -1.02, 0.06, 6.58, 27.16, 8.29
-0.45, -1.10, 0.09, 2.83, 26.36, -10.51
-0.51, -1.14, 0.21, -13.18, 18.06, -29.76
-0.53, -1.16, 0.31, -32.68, 14.11, -32.10
-0.40, -1.12, 0.14, -40.43, 1.10, -38.55
-0.30, -1.04, -0.01, -47.67, -4.53, -44.13
-0.28, -0.95, -0.10, -49.29, 1.88, -34.55
-0.22, -0.84, -0.23, -45.47, 9.98, -14.05
-0.05, -0.68, -0.45, -27.15, -5.29, 10.63
0.06, -0.52, -0.51, -16.89, -23.06, 17.87
0.04, -0.49, -0.43, -7.64, -44.24, 24.52
-0.12, -0.58, -0.39, 6.95, -45.27, 20.35
-0.22, -0.70, -0.29, 19.26, -29.77, 28.96
-0.27, -0.82, -0.14, 16.47, -12.02, 25.90
-0.41, -0.91, -0.04, 18.81, 17.87, 21.93
-0.51, -0.95, 0.05, 15.83, 37.51, 15.20
-0.51, -1.03, 0.10, 9.82, 40.25, 1.04
-0.48, -1.12, 0.12, 1.92, 27.70, -21.05
-0.54, -1.15, 0.24, -20.74, 20.50, -36.36
-0.52, -1.11, 0.21, -32.84, 18.21, -34.48
-0.36, -1.06, 0.05, -39.37, 8.14, -39.82
-0.25, -1.02, -0.04, -47.62, 4.37, -35.83
-0.21, -0.94, -0.09, -50.72, 3.22, -28.52
-0.19, -0.83, -0.22, -45.56, 8.31, -8.00
-0.04, -0.69, -0.44, -27.39, 0.79, 16.11
0.08, -0.51, -0.51, -13.21, -19.52, 23.50
0.02, -0.51, -0.40, -8.61, -36.93, 28.18
-0.11, -0.61, -0.35, 8.54, -34.51, 29.15
-0.21, -0.71, -0.21, 14.82, -23.54, 33.79
-0.31, -0.83, -0.05, 14.32, -1.18, 29.43
-0.44, -0.92, 0.01, 12.00, 23.95, 25.47
-0.49, -1.00, 0.03, 11.56, 35.41, 15.42
-0.47, -1.09, 0.08, 4.70, 25.28, -3.56
-0.52, -1.17, 0.24, -18.15, 12.52, -28.89
-0.56, -1.18, 0.32, -34.01, 16.99, -32.90
-0.41, -1.12, 0.15, -41.23, 12.82, -35.45
-0.30, -1.03, 0.03, -49.49, 5.42, -39.44
-0.23, -0.97, -0.06, -51.27, 3.63, -32.29
-0.19, -0.87, -0.16, -47.63, 3.95, -17.72
-0.08, -0.72, -0.33, -37.46, -4.48, 6.38
0.06, -0.57, -0.49, -19.36, -25.00, 22.10
0.07, -0.47, -0.45, -12.61, -41.96, 31.27
-0.07, -0.53, -0.36, -1.74, -49.07, 27.88
-0.24, -0.63, -0.32, 16.32, -32.18, 33.49
-0.29, -0.75, -0.13, 16.85, -17.91, 32.09
-0.41, -0.90, -0.03, 11.08, 9.73, 26.03
-0.49, -0.99, -0.01, 14.37, 32.19, 20.55
-0.48, -1.07, 0.04, 7.63, 31.70, 8.33
-0.47, -1.15, 0.14, -6.74, 12.98, -14.97
-0.52, -1.18, 0.27, -24.69, 3.65, -24.22
-0.49, -1.13, 0.24, -35.67, 4.40, -28.11
-0.37, -1.06, 0.10, -42.85, -8.90, -32.23
-0.30, -0.99, -0.01, -49.01, -14.01, -31.95
-0.25, -0.91, -0.10, -46.70, -12.68, -24.03
-0.22, -0.80, -0.21, -41.52, -7.77, -11.37
-0.12, -0.70, -0.34, -32.95, -8.05, 14.41
0.05, -0.58, -0.46, -16.55, -20.71, 30.25
0.06, -0.53, -0.42, -10.82, -43.35, 32.68
-0.15, -0.59, -0.35, 4.73, -49.57, 33.96
-0.25, -0.65, -0.32, 21.54, -39.23, 41.26
-0.27, -0.72, -0.12, 21.25, -26.50, 38.14
-0.39, -0.84, 0.07, 18.67, 4.85, 30.74
-0.51, -0.95, 0.09, 20.06, 29.63, 29.09
-0.51, -1.02, 0.10, 11.56, 16.26, 9.83
-0.54, -1.10, 0.21, -8.95, -5.20, -16.87
-0.59, -1.12, 0.30, -18.83, -2.58, -29.06
-0.57, -1.11, 0.22, -29.01, 5.27, -38.76
-0.48, -1.08, 0.11, -40.96, 6.22, -36.13
-0.34, -1.04, -0.01, -47.08, 0.32, -36.02
-0.25, -0.95, -0.18, -44.72, 0.69, -23.56
-0.17, -0.81, -0.28, -39.72, -9.56, -10.69
-0.10, -0.66, -0.35, -33.19, -11.72, 10.00
0.02, -0.60, -0.39, -15.88, -19.56, 28.61
0.03, -0.58, -0.42, -4.11, -34.39, 35.41
-0.09, -0.63, -0.41, 11.35, -43.51, 37.19
-0.20, -0.69, -0.23, 21.27, -36.86, 41.29
-0.32, -0.77, -0.02, 19.18, -14.30, 31.43
-0.51, -0.86, 0.23, 7.85, 19.38, 25.69
-0.62, -0.96, 0.25, 5.78, 44.21, 17.99
-0.56, -1.04, 0.14, 3.18, 34.19, 4.96
-0.51, -1.10, 0.16, -14.35, 10.02, -19.71
-0.49, -1.10, 0.28, -25.34, -3.79, -26.21
-0.43, -1.04, 0.23, -36.48, -13.60, -32.25
-0.37, -1.01, 0.08, -41.76, -13.24, -33.94
-0.32, -0.97, -0.11, -40.02, -10.68, -24.00
-0.26, -0.86, -0.20, -39.03, -15.87, -12.82
-0.19, -0.74, -0.26, -35.10, -25.14, 3.42
-0.10, -0.66, -0.32, -25.64, -31.38, 19.12
-0.05, -0.62, -0.31, -18.59, -46.74, 31.50
-0.10, -0.65, -0.36, -3.17, -57.25, 35.45
-0.19, -0.65, -0.40, 20.56, -49.41, 38.74
-0.29, -0.66, -0.18, 22.79, -32.78, 40.66
-0.38, -0.76, 0.13, 18.09, -8.78, 35.25
-0.54, -0.86, 0.19, 17.76, 19.12, 33.32
-0.56, -0.94, 0.14, 12.72, 2.25, 27.64
-0.57, -1.00, 0.25, -9.50, -28.54, -9.91
-0.67, -1.02, 0.27, -13.08, -20.07, -24.64
-0.70, -1.02, 0.22, -17.86, -3.66, -40.30
-0.65, -1.04, 0.21, -33.37, 11.46, -38.74
-0.48, -1.06, 0.09, -40.56, 20.24, -32.02
-0.28, -1.01, -0.07, -44.40, 9.82, -22.13
-0.16, -0.88, -0.15, -42.35, -10.72, -11.56
-0.11, -0.78, -0.20, -34.46, -25.68, 0.95
-0.10, -0.72, -0.27, -24.75, -37.38, 14.69
-0.08, -0.69, -0.25, -18.99, -42.88, 24.21
-0.14, -0.69, -0.24, -12.70, -43.88, 32.58
-0.22, -0.71, -0.27, 1.02, -39.80, 34.47
-0.32, -0.70, -0.16, 9.67, -22.46, 30.77
-0.43, -0.71, 0.06, 12.39, 3.62, 26.16
-0.55, -0.79, 0.18, 10.29, 26.09, 18.65
-0.61, -0.88, 0.18, 7.58, 39.14, 5.48
-0.59, -0.97, 0.20, -4.39, 35.34, -9.68
-0.58, -1.01, 0.28, -17.45, 26.04, -24.13
-0.53, -1.01, 0.28, -23.86, 17.19, -32.25
-0.45, -1.01, 0.23, -36.01, 7.69, -33.59
-0.34, -1.02, 0.13, -44.98, -1.39, -29.10
-0.25, -0.95, -0.05, -43.17, -14.47, -19.30
-0.19, -0.83, -0.15, -39.76, -28.05, -10.45
-0.16, -0.74, -0.22, -31.30, -39.89, 4.93
-0.11, -0.70, -0.29, -21.68, -49.08, 20.67
-0.09, -0.68, -0.29, -14.50, -55.01, 27.58
-0.19, -0.70, -0.29, -3.75, -45.86, 33.37
-0.30, -0.71, -0.27, 9.35, -32.27, 33.01
-0.42, -0.69, -0.13, 15.82, -5.12, 30.96
-0.54, -0.74, 0.09, 19.57, 21.39, 26.54
-0.60, -0.85, 0.16, 17.49, 37.13, 16.14
-0.59, -0.97, 0.22, 2.80, 26.21, -0.04
-0.61, -1.05, 0.35, -20.21, 5.43, -23.30
-0.66, -1.03, 0.41, -31.40, 8.13, -37.07
-0.63, -0.99, 0.31, -45.22, 6.66, -41.12
-0.49, -0.99, 0.08, -46.08, 9.08, -39.91
-0.32, -0.94, -0.07, -46.33, 5.06, -29.94
-0.21, -0.84, -0.14, -42.98, -5.22, -17.06
-0.13, -0.77, -0.22, -36.78, -11.94, 7.34
-0.02, -0.71, -0.31, -24.57, -28.78, 25.03
0.03, -0.66, -0.31, -17.14, -44.55, 37.56
-0.06, -0.68, -0.31, -2.48, -49.09, 42.59
-0.23, -0.69, -0.29, 15.05, -33.09, 39.23
-0.39, -0.70, -0.04, 17.18, -9.39, 34.21
-0.56, -0.77, 0.21, 17.32, 11.91, 26.70
-0.64, -0.87, 0.19, 18.44, 34.15, 11.54
-0.64, -0.94, 0.23, 6.07, 25.49, -2.40
-0.67, -1.04, 0.39, -20.41, 9.86, -30.46
-0.68, -1.03, 0.41, -29.90, 12.02, -37.43
-0.54, -0.99, 0.31, -44.09, 3.74, -41.21
-0.39, -0.98, 0.08, -46.37, -0.85, -34.87
-0.25, -0.91, -0.10, -42.22, -9.28, -24.57
-0.19, -0.79, -0.15, -37.18, -23.10, -13.28
-0.18, -0.74, -0.19, -32.62, -27.89, 2.36
-0.10, -0.73, -0.27, -22.93, -36.60, 24.02
-0.08, -0.71, -0.25, -18.93, -46.53, 30.97
-0.16, -0.71, -0.25, -7.35, -48.37, 39.16
-0.26, -0.70, -0.27, 10.04, -40.03, 39.21
-0.37, -0.70, -0.10, 16.57, -19.96, 33.64
-0.53, -0.76, 0.13, 18.45, 4.82, 25.04
-0.66, -0.84, 0.19, 20.46, 35.32, 12.73
-0.68, -0.94, 0.23, 6.95, 27.96, 1.26
-0.68, -1.00, 0.35, -14.66, 15.09, -30.67
-0.72, -0.97, 0.38, -22.24, 15.42, -36.31
-0.63, -0.97, 0.33, -40.75, 7.99, -44.62
-0.49, -0.99, 0.13, -44.65, 11.95, -36.48
-0.30, -0.94, -0.06, -44.28, 5.96, -28.86
-0.22, -0.86, -0.11, -46.45, -7.90, -18.02
-0.20, -0.79, -0.17, -38.74, -8.37, -2.50
-0.12, -0.75, -0.24, -30.34, -18.40, 18.59
-0.09, -0.70, -0.26, -19.62, -18.74, 25.95
-0.12, -0.68, -0.29, -5.59, -23.43, 36.22
-0.22, -0.69, -0.30, 14.98, -12.20, 27.50
-0.39, -0.68, -0.15, 24.82, 7.18, 28.41
-0.51, -0.71, 0.03, 28.38, 21.62, 22.76
-0.56, -0.79, 0.17, 26.29, 33.62, 10.56
-0.61, -0.86, 0.24, 19.77, 47.40, -2.05
-0.62, -0.96, 0.32, 1.64, 40.03, -13.53
-0.60, -1.03, 0.42, -19.93, 23.95, -32.88
-0.61, -1.01, 0.42, -36.09, 19.21, -38.04
-0.51, -0.98, 0.31, -47.40, 9.83, -35.01
-0.31, -0.95, 0.10, -50.75, -4.34, -26.07
-0.17, -0.87, -0.06, -50.49, -21.55, -12.71
-0.13, -0.76, -0.16, -41.91, -32.83, -0.37
-0.16, -0.70, -0.29, -26.19, -38.12, 12.94
-0.17, -0.70, -0.37, -14.30, -36.34, 26.36
-0.20, -0.73, -0.38, 1.01, -32.21, 29.99
-0.30, -0.72, -0.33, 16.48, -20.51, 29.39
-0.47, -0.72, -0.14, 22.17, 7.24, 25.94
-0.58, -0.76, 0.09, 22.76, 29.35, 18.71
-0.65, -0.84, 0.19, 18.59, 50.23, 8.85
-0.66, -0.93, 0.23, 10.06, 56.21, -6.75
-0.65, -1.01, 0.33, -10.19, 43.53, -25.26
-0.65, -1.02, 0.46, -26.28, 36.55, -42.13
-0.59, -0.99, 0.38, -36.86, 36.53, -45.67
-0.46, -0.98, 0.16, -40.30, 36.54, -46.74
-0.30, -0.94, 0.00, -44.63, 30.92, -34.49
-0.14, -0.85, -0.09, -40.21, 16.28, -13.05
-0.01, -0.77, -0.20, -34.96, -9.60, 0.08
0.01, -0.73, -0.27, -27.38, -27.76, 22.54
0.04, -0.71, -0.30, -18.49, -48.99, 31.32
-0.05, -0.72, -0.28, -12.36, -56.84, 38.05
-0.20, -0.74, -0.29, 5.86, -48.89, 40.65
-0.34, -0.74, -0.18, 15.33, -25.19, 34.86
-0.50, -0.74, 0.01, 19.43, 9.42, 35.47
-0.59, -0.78, 0.17, 20.96, 37.82, 24.91
-0.67, -0.86, 0.27, 14.68, 49.20, 9.54
-0.68, -0.99, 0.35, -4.40, 28.49, -13.08
-0.72, -1.04, 0.46, -25.35, 20.54, -44.04
-0.77, -0.99, 0.47, -40.94, 25.43, -47.10
-0.61, -0.97, 0.29, -47.77, 25.59, -52.68
-0.35, -0.93, 0.03, -47.95, 23.86, -40.27
-0.15, -0.84, -0.11, -43.58, 6.16, -18.98
-0.05, -0.74, -0.21, -38.35, -12.73, -8.00
-0.07, -0.69, -0.32, -26.18, -17.12, 16.09
-0.03, -0.68, -0.43, -9.92, -29.83, 32.48
-0.04, -0.69, -0.40, -1.37, -44.46, 36.94
-0.20, -0.72, -0.26, 10.17, -41.04, 36.24
-0.42, -0.73, -0.05, 12.49, -23.31, 27.46
-0.65, -0.77, 0.12, 16.41, 20.47, 19.84
-0.72, -0.82, 0.22, 15.43, 49.45, 9.91
-0.69, -0.91, 0.22, 9.96, 62.63, -6.33
-0.62, -1.03, 0.31, -9.98, 43.33, -21.12
-0.57, -1.09, 0.45, -37.19, 16.98, -39.78
-0.52, -1.01, 0.39, -45.72, 11.62, -42.16
-0.42, -0.96, 0.14, -45.53, 11.90, -47.05
-0.37, -0.92, -0.07, -47.41, 19.77, -34.85
-0.25, -0.83, -0.11, -45.61, 13.93, -14.79
-0.10, -0.73, -0.20, -38.17, -5.16, 1.83
-0.02, -0.65, -0.31, -24.55, -21.46, 20.76
0.01, -0.62, -0.30, -15.64, -37.58, 33.96
-0.06, -0.62, -0.23, -3.75, -49.36, 36.21
-0.19, -0.64, -0.23, 10.97, -38.76, 40.55
-0.32, -0.72, -0.10, 13.79, -32.33, 43.03
-0.43, -0.83, -0.00, 15.47, -15.59, 29.97
-0.59, -0.90, 0.04, 15.55, 10.88, 16.16
-0.71, -0.98, 0.16, 10.27, 40.81, -0.17
-0.75, -1.08, 0.22, -1.35, 47.96, -16.50
-0.70, -1.16, 0.32, -26.79, 32.59, -39.57
-0.65, -1.13, 0.41, -48.94, 28.32, -44.24
-0.51, -1.06, 0.22, -52.16, 28.75, -45.85
-0.39, -0.95, -0.03, -51.29, 28.23, -39.52
-0.27, -0.81, -0.09, -52.61, 17.24, -24.22
-0.17, -0.71, -0.14, -46.22, 5.53, -6.47
-0.10, -0.61, -0.28, -31.90, -11.41, 8.34
-0.09, -0.56, -0.34, -19.56, -20.01, 25.85
-0.09, -0.57, -0.29, -10.02, -34.12, 31.54
-0.17, -0.63, -0.25, 5.29, -34.13, 34.53
-0.28, -0.69, -0.18, 17.92, -17.73, 31.43
-0.45, -0.76, -0.01, 16.38, 3.88, 26.53
-0.56, -0.89, 0.07, 14.80, 22.83, 22.80
-0.56, -1.00, 0.09, 7.15, 25.50, 4.55
-0.59, -1.05, 0.19, -4.66, 22.15, -10.33
-0.65, -1.08, 0.29, -17.83, 23.63, -31.59
-0.65, -1.08, 0.32, -32.28, 25.94, -39.71
-0.57, -1.08, 0.27, -48.01, 25.08, -43.94
-0.39, -1.03, 0.06, -50.03, 25.09, -34.39
-0.23, -0.86, -0.12, -47.21, 11.96, -20.31
-0.14, -0.69, -0.10, -46.23, -3.02, -7.62
-0.13, -0.59, -0.19, -33.62, -8.33, 10.46
-0.09, -0.53, -0.35, -16.80, -18.57, 27.26
-0.06, -0.54, -0.35, -4.22, -40.80, 28.76
-0.14, -0.62, -0.28, 10.20, -54.72, 30.45
-0.28, -0.73, -0.24, 18.75, -37.77, 32.18
-0.42, -0.83, -0.08, 16.53, -15.15, 23.28
-0.58, -0.92, 0.12, 12.14, 18.33, 20.26
-0.61, -1.01, 0.12, 10.45, 33.04, 11.65
-0.60, -1.11, 0.11, 0.37, 29.25, -9.48
-0.62, -1.14, 0.21, -13.79, 19.25, -24.88
-0.66, -1.10, 0.37, -38.81, 18.04, -42.58
-0.63, -1.05, 0.31, -49.90, 23.16, -44.43
-0.47, -0.97, 0.06, -49.08, 25.40, -40.07
-0.31, -0.84, -0.04, -54.03, 14.05, -25.60
-0.17, -0.69, -0.11, -48.17, 2.51, -8.11
-0.07, -0.56, -0.24, -34.23, -12.22, 12.76
-0.01, -0.48, -0.37, -17.34, -26.10, 27.91
-0.02, -0.49, -0.37, -4.21, -35.71, 36.92
-0.12, -0.56, -0.32, 17.82, -40.48, 39.30
-0.28, -0.64, -0.30, 31.18, -15.42, 39.74
-0.42, -0.78, -0.06, 28.58, 7.33, 34.66
-0.50, -0.96, 0.13, 22.37, 26.90, 31.78
-0.50, -1.11, 0.11, 15.49, 25.24, 21.48
-0.56, -1.16, 0.20, -2.44, -4.12, -12.44
-0.73, -1.13, 0.32, -12.56, 0.86, -35.23
-0.79, -1.10, 0.34, -24.15, 14.68, -51.46
-0.70, -1.11, 0.25, -43.38, 27.20, -53.55
-0.52, -1.06, 0.11, -54.14, 22.31, -46.96
-0.31, -0.88, 0.02, -56.59, 6.45, -34.39
-0.19, -0.72, -0.11, -51.68, -4.84, -17.14
-0.11, -0.61, -0.26, -40.42, -17.29, 3.36
-0.05, -0.51, -0.41, -20.66, -24.90, 25.22
-0.00, -0.45, -0.44, -6.17, -36.76, 39.15
-0.08, -0.49, -0.37, 11.13, -45.88, 41.74
-0.24, -0.56, -0.27, 26.40, -34.25, 42.59
-0.47, -0.69, -0.02, 28.26, -6.61, 32.09
-0.62, -0.84, 0.11, 25.27, 26.89, 29.96
-0.65, -0.99, 0.21, 14.19, 35.98, 19.11
-0.60, -1.10, 0.26, -3.64, 12.59, -0.39
-0.62, -1.14, 0.29, -16.99, 6.58, -24.45
-0.66, -1.11, 0.28, -21.79, 14.69, -39.53
-0.63, -1.10, 0.23, -35.45, 22.10, -44.35
-0.50, -1.10, 0.12, -45.32, 24.66, -42.32
-0.34, -1.00, -0.01, -50.11, 16.09, -31.96
-0.22, -0.85, -0.07, -53.26, -1.88, -18.55
-0.14, -0.72, -0.13, -49.34, -17.74, -3.24
-0.08, -0.62, -0.27, -36.24, -28.66, 12.60
-0.03, -0.53, -0.33, -20.72, -35.78, 29.91
-0.09, -0.51, -0.33, -5.36, -44.44, 34.64
-0.19, -0.57, -0.36, 13.75, -39.40, 35.01
-0.33, -0.65, -0.21, 24.00, -20.93, 31.41
-0.49, -0.73, 0.02, 26.30, 11.69, 26.99
-0.61, -0.85, 0.16, 23.43, 35.79, 24.04
-0.59, -0.99, 0.18, 14.90, 27.22, 6.47
-0.59, -1.10, 0.21, -1.72, 14.64, -12.95
-0.63, -1.11, 0.29, -14.96, 10.38, -32.67
-0.64, -1.08, 0.33, -27.59, 14.61, -41.80
-0.59, -1.08, 0.27, -47.10, 15.42, -42.39
-0.45, -1.05, 0.13, -52.37, 13.88, -36.85
-0.30, -0.92, -0.04, -53.60, -0.17, -24.13
-0.20, -0.77, -0.11, -54.93, -11.54, -14.27
-0.17, -0.66, -0.23, -44.03, -19.13, 6.04
-0.13, -0.56, -0.34, -29.03, -19.10, 18.16
-0.12, -0.51, -0.34, -13.12, -20.58, 32.15
-0.16, -0.56, -0.37, 6.63, -19.81, 34.63
-0.23, -0.65, -0.30, 22.88, -13.13, 34.62
-0.35, -0.71, -0.08, 25.76, 1.28, 29.08
-0.49, -0.80, 0.07, 28.22, 26.84, 27.81
-0.53, -0.90, 0.16, 21.51, 29.50, 21.16
-0.54, -1.04, 0.24, 4.32, 21.52, 0.87
-0.58, -1.12, 0.32, -11.89, 9.21, -19.09
-0.65, -1.12, 0.38, -25.06, 10.86, -35.84
-0.63, -1.10, 0.32, -40.59, 11.80, -43.62
-0.55, -1.07, 0.15, -51.89, 15.19, -44.16
-0.41, -0.96, -0.00, -53.52, 10.68, -37.91
-0.27, -0.82, -0.09, -53.90, -1.12, -23.64
-0.19, -0.71, -0.18, -49.85, -9.32, -10.78
-0.15, -0.62, -0.29, -39.56, -16.57, 8.73
-0.11, -0.54, -0.36, -24.39, -21.75, 24.29
-0.09, -0.53, -0.36, -8.24, -29.60, 31.01
-0.19, -0.61, -0.31, 7.68, -27.38, 29.86
-0.33, -0.70, -0.18, 17.70, -11.80, 29.45
-0.48, -0.78, 0.00, 17.85, 16.15, 18.62
-0.60, -0.85, 0.10, 20.06, 43.50, 17.80
-0.56, -0.95, 0.12, 16.19, 45.68, 10.19
-0.50, -1.08, 0.17, 2.35, 18.13, -9.36
-0.55, -1.12, 0.31, -13.22, 3.56, -30.55
-0.63, -1.08, 0.39, -30.73, 4.20, -44.72
-0.63, -1.07, 0.30, -47.57, 7.98, -49.25
-0.54, -1.05, 0.11, -57.89, 10.87, -48.47
-0.40, -0.93, -0.06, -58.30, 7.24, -42.61
-0.29, -0.78, -0.15, -53.69, 10.31, -28.16
-0.20, -0.68, -0.25, -45.12, 6.13, -6.77
-0.11, -0.59, -0.36, -29.39, 0.36, 5.64
-0.08, -0.53, -0.40, -18.15, -3.94, 28.03
-0.06, -0.55, -0.36, -7.37, -13.96, 30.64
-0.14, -0.62, -0.30, 12.74, -12.60, 33.13
-0.27, -0.69, -0.16, 20.05, -2.52, 31.14
-0.44, -0.77, 0.05, 18.38, 24.59, 21.07
-0.60, -0.88, 0.14, 16.16, 40.93, 17.00
-0.57, -1.01, 0.13, 11.86, 39.01, 3.69
-0.53, -1.10, 0.15, -2.64, 27.53, -15.26
-0.53, -1.13, 0.21, -10.90, 18.51, -31.44
-0.52, -1.11, 0.26, -22.59, 14.59, -45.65
-0.51, -1.12, 0.24, -42.77, 19.20, -51.16
-0.44, -1.08, 0.10, -51.89, 25.52, -41.32
-0.24, -0.95, -0.13, -45.86, 17.35, -27.17
-0.15, -0.76, -0.18, -46.34, 5.59, -22.89
-0.19, -0.67, -0.18, -43.82, 3.75, -4.33
-0.15, -0.60, -0.30, -31.04, -3.74, 11.65
-0.10, -0.54, -0.35, -20.61, -11.31, 19.11
-0.13, -0.56, -0.27, -11.18, -17.88, 24.95
-0.19, -0.64, -0.28, 10.92, -16.23, 25.14
-0.31, -0.72, -0.20, 18.94, -2.08, 20.60
-0.47, -0.80, -0.07, 20.27, 22.90, 14.23
-0.56, -0.91, 0.08, 11.42, 37.87, 7.38
-0.55, -1.02, 0.15, -1.64, 37.55, -1.00
-0.45, -1.12, 0.11, -8.65, 26.86, -12.05
-0.40, -1.13, 0.08, -13.92, 17.07, -22.51
-0.41, -1.08, 0.11, -24.00, 12.39, -28.90
-0.39, -1.06, 0.11, -36.66, 12.21, -30.25
-0.34, -1.05, 0.05, -46.68, 17.56, -29.14
-0.30, -0.97, -0.03, -52.94, 20.53, -18.63
-0.19, -0.83, -0.15, -45.29, 12.60, -0.93
-0.05, -0.68, -0.33, -32.18, -16.90, 8.39
-0.02, -0.56, -0.36, -19.65, -32.19, 16.29
-0.04, -0.56, -0.34, -9.87, -40.54, 26.33
-0.13, -0.63, -0.38, 7.50, -35.62, 25.44
-0.24, -0.67, -0.28, 18.09, -19.92, 30.58
-0.36, -0.77, -0.07, 17.26, -3.90, 27.90
-0.47, -0.89, -0.01, 15.80, 15.60, 25.57
-0.48, -0.98, -0.02, 16.13, 21.53, 20.76
-0.45, -1.02, 0.05, 8.81, 14.55, 5.77
-0.49, -1.06, 0.18, -3.56, 3.47, -13.30
-0.61, -1.10, 0.33, -26.90, 0.60, -27.71
-0.63, -1.10, 0.31, -42.67, 4.16, -29.27
-0.49, -1.04, 0.08, -47.00, -0.30, -29.78
-0.32, -0.92, -0.05, -47.68, -8.31, -28.26
-0.26, -0.80, -0.12, -46.04, -12.65, -20.48
-0.23, -0.72, -0.20, -39.50, -7.66, -6.14
-0.14, -0.64, -0.27, -30.20, -8.61, 10.38
-0.07, -0.58, -0.34, -20.45, -8.97, 28.80
-0.03, -0.58, -0.50, 3.49, -21.31, 40.32
-0.07, -0.58, -0.49, 22.62, -29.99, 38.96
-0.22, -0.63, -0.23, 30.05, -21.90, 40.01
-0.38, -0.78, 0.03, 27.46, 0.21, 33.32
-0.55, -0.92, 0.21, 15.48, 29.23, 28.17
-0.61, -1.04, 0.25, 4.18, 39.22, 17.69
-0.60, -1.12, 0.22, -7.46, 19.23, -4.15
-0.60, -1.13, 0.23, -22.49, -1.17, -29.37
-0.61, -1.08, 0.28, -31.41, -3.20, -36.15
-0.54, -1.04, 0.15, -38.36, 1.75, -41.35
-0.43, -1.00, -0.08, -40.30, 9.69, -37.70
-0.30, -0.91, -0.16, -40.18, 4.89, -27.11
-0.23, -0.79, -0.17, -40.47, -3.51, -15.63
-0.19, -0.69, -0.24, -34.93, -9.95, 0.53
-0.12, -0.62, -0.34, -26.02, -14.56, 17.44
-0.08, -0.58, -0.31, -18.42, -21.39, 27.09
-0.08, -0.61, -0.36, 0.15, -26.09, 40.77
-0.10, -0.65, -0.35, 19.87, -32.87, 38.55
-0.27, -0.72, -0.12, 21.32, -22.67, 33.17
-0.49, -0.86, 0.05, 18.80, 10.16, 26.76
-0.61, -0.96, 0.17, 12.15, 38.43, 16.65
-0.65, -1.04, 0.20, 0.62, 35.82, 3.08
-0.61, -1.11, 0.16, -7.78, 18.85, -16.63
-0.57, -1.09, 0.21, -22.13, 3.71, -31.29
-0.54, -1.05, 0.27, -37.84, -3.76, -35.73
-0.46, -1.03, 0.16, -44.33, -3.94, -40.66
-0.38, -0.96, -0.03, -44.45, -0.59, -33.40
-0.28, -0.85, -0.15, -42.75, -1.80, -23.00
-0.23, -0.72, -0.18, -41.14, -6.63, -11.08
-0.19, -0.63, -0.23, -33.77, -2.90, 4.76
-0.07, -0.56, -0.27, -23.58, -9.53, 27.55
-0.01, -0.56, -0.34, -6.77, -21.32, 37.98
-0.04, -0.58, -0.43, 17.97, -29.60, 38.36
-0.20, -0.63, -0.22, 24.46, -20.68, 33.03
-0.49, -0.78, 0.09, 18.81, 8.95, 27.49
-0.58, -0.93, 0.10, 19.36, 28.17, 26.13
-0.54, -1.05, 0.10, 7.91, 17.64, 10.25
-0.56, -1.11, 0.20, -7.83, 7.92, -9.59
-0.60, -1.11, 0.24, -16.24, -0.24, -26.38
-0.61, -1.08, 0.23, -26.07, 5.27, -36.14
-0.53, -1.05, 0.16, -38.00, 6.75, -35.66
-0.39, -1.01, 0.00, -41.98, -1.27, -32.05
-0.26, -0.89, -0.11, -41.58, -9.77, -23.72
-0.22, -0.77, -0.12, -44.36, -19.67, -11.08
-0.23, -0.68, -0.18, -36.82, -16.92, -1.55
-0.20, -0.61, -0.25, -28.33, -9.94, 18.65
-0.12, -0.57, -0.31, -17.33, -11.21, 30.54
-0.08, -0.59, -0.41, 7.65, -15.32, 38.62
-0.15, -0.62, -0.35, 24.76, -12.47, 34.21
-0.35, -0.71, -0.09, 25.94, 14.23, 34.14
-0.49, -0.87, 0.09, 19.28, 26.45, 35.20
-0.51, -1.00, 0.11, 15.79, 24.79, 15.01
-0.58, -1.04, 0.19, 0.31, 18.31, 5.05
-0.65, -1.09, 0.30, -14.23, -1.30, -26.10
-0.68, -1.09, 0.35, -27.77, 6.25, -38.66
-0.65, -1.05, 0.24, -35.43, 19.40, -39.27
-0.47, -1.01, 0.08, -43.92, 16.60, -36.87
-0.26, -0.91, -0.04, -45.64, 4.02, -26.74
-0.15, -0.79, -0.13, -41.19, -7.93, -15.28
-0.15, -0.69, -0.19, -35.48, -17.70, -0.95
-0.17, -0.63, -0.24, -28.92, -23.10, 12.71
-0.16, -0.60, -0.29, -21.26, -24.13, 23.69
-0.13, -0.62, -0.28, -7.70, -32.67, 30.98
-0.18, -0.65, -0.30, 11.29, -22.03, 33.79
-0.27, -0.71, -0.15, 17.33, -9.16, 31.41
-0.45, -0.85, 0.08, 9.99, 16.64, 28.80
-0.48, -0.98, 0.08, 10.68, 4.89, 27.77
-0.45, -1.05, 0.05, 2.38, -7.38, 1.08
-0.56, -1.07, 0.16, -6.78, -9.18, -14.66
-0.66, -1.10, 0.23, -17.63, -4.49, -31.10
-0.66, -1.10, 0.24, -34.19, 6.99, -36.20
-0.55, -1.07, 0.12, -42.89, 13.69, -34.35
-0.38, -0.96, -0.03, -46.34, 8.83, -23.94
-0.23, -0.79, -0.03, -47.20, -7.79, -12.41
-0.17, -0.67, -0.09, -42.41, -21.76, -2.71
-0.17, -0.59, -0.19, -34.66, -32.66, 9.62
-0.17, -0.55, -0.22, -28.33, -36.83, 21.01
-0.20, -0.58, -0.22, -18.07, -40.32, 26.87
-0.24, -0.62, -0.34, 8.17, -28.19, 29.23
-0.29, -0.68, -0.28, 19.85, -13.82, 34.82
-0.36, -0.81, -0.06, 20.65, -2.12, 24.85
-0.48, -0.92, -0.01, 25.94, 25.29, 23.53
-0.53, -1.00, 0.04, 19.52, 35.12, 12.79
-0.55, -1.09, 0.17, 5.20, 20.06, 1.96
-0.58, -1.16, 0.29, -14.09, 1.97, -23.20
-0.68, -1.12, 0.37, -35.68, 2.84, -38.40
-0.71, -1.07, 0.31, -46.51, 16.79, -47.17
-0.60, -1.01, 0.20, -55.73, 19.48, -44.52
-0.40, -0.90, 0.05, -55.70, 13.56, -34.85
-0.21, -0.73, -0.11, -52.29, -2.64, -18.89
-0.10, -0.61, -0.20, -43.31, -22.42, -9.70
-0.13, -0.52, -0.26, -38.62, -23.94, 1.39
-0.14, -0.51, -0.28, -26.75, -22.50, 24.92
-0.10, -0.56, -0.38, -5.11, -25.62, 33.30
-0.14, -0.61, -0.47, 19.28, -17.83, 37.13
-0.27, -0.68, -0.32, 28.28, 12.13, 34.05
-0.46, -0.78, 0.07, 21.03, 43.03, 42.41
-0.45, -0.94, 0.15, 23.32, 23.94, 42.98
-0.45, -1.02, 0.08, 13.15, 10.73, 3.26
-0.63, -1.08, 0.24, -3.95, -14.62, -9.46
-0.72, -1.13, 0.39, -19.12, -10.26, -39.92
-0.74, -1.12, 0.34, -30.67, 9.18, -46.35
-0.65, -1.09, 0.18, -46.74, 23.25, -49.10
-0.47, -1.06, 0.11, -60.30, 14.17, -44.50
-0.29, -0.90, -0.01, -59.14, 2.34, -30.66
-0.15, -0.76, -0.18, -50.07, -10.41, -13.66
-0.13, -0.64, -0.25, -44.06, -26.12, -4.87
-0.20, -0.56, -0.29, -38.58, -21.28, 9.53
-0.16, -0.51, -0.34, -22.59, -17.94, 31.05
-0.11, -0.52, -0.35, -5.03, -23.11, 35.42
-0.19, -0.57, -0.34, 17.00, -12.77, 34.08
-0.35, -0.64, -0.18, 27.04, 10.42, 32.23
-0.52, -0.76, 0.03, 27.45, 37.84, 28.06
-0.57, -0.88, 0.09, 24.21, 49.27, 21.51
-0.55, -1.01, 0.20, 5.90, 25.98, 0.63
-0.59, -1.10, 0.30, -10.56, 17.10, -22.79
-0.64, -1.15, 0.31, -19.31, 19.40, -39.47
-0.63, -1.14, 0.24, -30.31, 23.42, -49.00
-0.56, -1.10, 0.18, -48.96, 27.90, -49.67
-0.38, -1.02, 0.01, -50.39, 21.38, -38.19
-0.16, -0.90, -0.12, -50.60, 1.77, -29.42
-0.13, -0.80, -0.20, -49.84, -10.15, -19.35
-0.15, -0.70, -0.27, -43.94, -14.56, 0.28
-0.12, -0.60, -0.35, -32.27, -15.82, 14.54
-0.09, -0.54, -0.34, -18.77, -15.94, 31.32
-0.11, -0.58, -0.36, -0.68, -17.70, 32.09
-0.22, -0.65, -0.31, 17.19, -6.01, 29.43
-0.40, -0.70, -0.08, 19.69, 20.99, 22.83
-0.58, -0.79, 0.09, 19.01, 42.37, 18.95
-0.59, -0.93, 0.13, 12.43, 41.18, 6.82
-0.57, -1.03, 0.15, 1.12, 32.09, -16.92
-0.63, -1.10, 0.27, -16.66, 20.94, -40.28
-0.64, -1.13, 0.36, -31.01, 25.61, -45.26
-0.46, -1.10, 0.20, -35.49, 23.53, -42.08
-0.30, -1.04, 0.09, -51.76, 2.13, -52.82
-0.30, -1.01, 0.00, -61.19, 12.80, -34.42
-0.13, -0.90, -0.28, -40.87, 8.35, -14.29
-0.11, -0.69, -0.33, -43.38, 6.50, -12.72
-0.17, -0.60, -0.31, -34.57, 7.54, 12.86
-0.11, -0.55, -0.40, -19.13, 4.22, 21.32
-0.13, -0.56, -0.35, -14.16, -5.52, 21.81
-0.24, -0.61, -0.23, -4.34, -5.71, 19.38
-0.32, -0.74, -0.16, 8.29, 9.40, 24.27
-0.34, -0.82, -0.11, 12.40, 17.00, 20.52
-0.39, -0.90, -0.00, 7.04, 16.09, 11.14
-0.44, -0.99, 0.09, -0.18, 18.95, -1.42
-0.49, -1.09, 0.17, -15.05, 14.69, -15.51
-0.52, -1.15, 0.19, -22.61, 10.60, -28.89
-0.47, -1.15, 0.20, -38.03, 6.89, -37.21
-0.42, -1.14, 0.10, -52.98, 12.74, -35.78
-0.28, -1.04, -0.08, -50.22, 13.02, -22.62
-0.11, -0.84, -0.26, -43.86, -6.99, -12.75
-0.08, -0.66, -0.34, -32.90, -15.44, -2.93
-0.10, -0.56, -0.44, -18.32, -10.61, 15.02
-0.12, -0.50, -0.45, -10.39, -14.32, 21.81
-0.21, -0.56, -0.31, -6.76, -11.86, 20.32
-0.25, -0.69, -0.20, 8.75, -2.90, 32.53
-0.27, -0.77, -0.18, 11.29, 6.85, 32.85
-0.33, -0.84, -0.13, 12.25, 16.24, 30.65
-0.34, -0.89, -0.05, 13.67, 16.05, 27.00
-0.38, -0.99, 0.06, 5.04, 4.94, 12.70
-0.48, -1.10, 0.19, -9.49, -2.82, -4.40
-0.59, -1.14, 0.22, -21.70, -7.89, -23.59
-0.64, -1.12, 0.22, -34.59, 1.33, -32.73
-0.52, -1.10, 0.09, -37.18, 6.62, -37.72
-0.40, -1.05, -0.06, -43.89, 7.13, -43.06
-0.33, -0.96, -0.10, -48.59, 8.52, -33.96
-0.22, -0.85, -0.24, -43.60, 8.95, -13.11
-0.02, -0.69, -0.42, -30.50, -0.01, 13.99
0.11, -0.51, -0.52, -14.62, -15.83, 31.87
0.06, -0.43, -0.47, -5.95, -40.61, 38.42
-0.13, -0.52, -0.35, 4.80, -40.19, 42.76
-0.21, -0.64, -0.22, 18.88, -37.26, 44.80
-0.33, -0.75, -0.04, 16.68, -17.74, 39.90
-0.50, -0.88, 0.06, 16.51, 11.21, 33.45
-0.59, -0.98, 0.10, 16.71, 27.61, 19.58
-0.64, -1.06, 0.17, 4.96, 19.37, -7.47
-0.70, -1.15, 0.32, -18.19, 6.00, -29.95
-0.68, -1.14, 0.33, -28.69, 7.81, -35.72
-0.48, -1.04, 0.15, -34.06, -1.87, -40.61
-0.37, -0.99, 0.06, -50.13, -17.60, -47.30
-0.32, -0.98, -0.07, -51.31, -10.37, -31.01
-0.21, -0.88, -0.33, -45.28, -3.43, -13.79
-0.12, -0.68, -0.47, -33.96, 2.94, 11.51
0.01, -0.53, -0.55, -16.95, -4.07, 33.48
0.04, -0.49, -0.47, -6.13, -29.59, 39.19
-0.12, -0.60, -0.37, 7.08, -35.70, 38.03
-0.26, -0.72, -0.27, 17.21, -25.11, 41.26
-0.34, -0.81, -0.07, 19.61, -9.70, 34.81
-0.50, -0.85, 0.07, 15.16, 19.56, 27.49
-0.57, -0.92, 0.13, 15.32, 40.53, 20.85
-0.54, -1.03, 0.20, 5.25, 19.91, 6.77
-0.55, -1.14, 0.31, -16.22, -11.97, -25.23
-0.62, -1.15, 0.42, -32.20, -13.42, -30.48
-0.55, -1.08, 0.27, -41.89, -16.02, -40.53
-0.46, -1.01, 0.09, -51.65, -17.65, -49.29
-0.42, -0.94, -0.04, -56.15, -1.21, -39.17
-0.28, -0.85, -0.27, -45.92, 9.63, -13.70
-0.09, -0.66, -0.46, -35.47, 3.84, 8.28
0.08, -0.49, -0.55, -17.56, -7.96, 40.28
0.13, -0.42, -0.52, 1.94, -44.14, 42.16
-0.10, -0.48, -0.36, 13.19, -54.39, 42.88
-0.26, -0.64, -0.27, 28.27, -50.35, 49.23
-0.31, -0.75, -0.09, 25.94, -33.33, 47.28
-0.41, -0.85, 0.21, 17.51, -15.10, 42.14
-0.53, -0.91, 0.28, 13.66, 3.64, 41.04
-0.57, -1.00, 0.25, 3.73, -8.72, 20.95
-0.59, -1.07, 0.26, -9.17, -36.03, 0.39
-0.66, -1.07, 0.22, -20.97, -37.60, -24.67
-0.75, -1.01, 0.24, -35.43, -31.50, -30.08
-0.64, -0.99, 0.15, -43.66, -25.80, -28.58
-0.43, -0.93, -0.10, -41.94, -24.64, -17.82
-0.22, -0.83, -0.24, -35.73, -31.58, -2.36
-0.10, -0.73, -0.31, -23.99, -44.70, 15.72
-0.05, -0.69, -0.31, -15.11, -64.00, 24.79
-0.16, -0.72, -0.28, -10.28, -64.00, 28.93
-0.32, -0.77, -0.28, 1.29, -64.00, 30.97
-0.41, -0.75, -0.26, 9.94, -48.40, 33.12
-0.45, -0.73, -0.04, 8.11, -12.46, 24.00
-0.60, -0.73, 0.35, 0.32, 18.19, 26.07
-0.67, -0.81, 0.36, 2.70, 22.35, 19.88
-0.61, -0.87, 0.19, -5.52, -0.69, -6.36
-0.69, -0.91, 0.26, -16.70, -9.37, -30.80
-0.79, -0.88, 0.35, -28.50, -0.10, -43.34
-0.74, -0.85, 0.28, -33.48, 9.29, -42.54
-0.52, -0.87, 0.04, -31.62, 15.08, -38.54
-0.34, -0.89, -0.11, -34.70, 5.32, -28.81
-0.28, -0.85, -0.13, -35.69, 4.81, -21.62
-0.22, -0.78, -0.20, -23.89, 4.70, 6.40
-0.07, -0.76, -0.30, -14.32, -7.20, 16.15
-0.07, -0.75, -0.32, -3.61, -14.19, 29.47
-0.16, -0.76, -0.29, 7.95, -14.87, 32.41
-0.28, -0.75, -0.18, 15.42, 1.15, 30.94
-0.41, -0.76, -0.01, 19.29, 16.85, 27.39
-0.53, -0.80, 0.15, 18.96, 36.97, 21.12
-0.59, -0.87, 0.19, 16.71, 46.68, 12.05
-0.58, -0.96, 0.26, 0.33, 26.57, -7.01
-0.62, -0.97, 0.45, -21.42, 5.18, -31.91
-0.68, -0.94, 0.49, -36.71, 1.32, -37.70
-0.60, -0.94, 0.36, -51.42, -7.16, -43.12
-0.43, -0.92, 0.13, -51.64, -9.46, -37.82
-0.29, -0.84, -0.09, -46.85, -13.29, -23.39
-0.17, -0.76, -0.21, -37.36, -23.94, -6.72
-0.11, -0.70, -0.30, -25.58, -28.19, 9.62
-0.11, -0.70, -0.34, -14.87, -32.38, 21.10
-0.19, -0.73, -0.34, -4.50, -25.02, 33.61
-0.25, -0.76, -0.34, 11.77, -20.66, 33.67
-0.37, -0.74, -0.20, 16.88, -1.58, 35.75
-0.45, -0.76, 0.03, 20.25, 14.49, 31.06
-0.55, -0.80, 0.21, 18.21, 36.98, 20.17
-0.63, -0.86, 0.30, 11.59, 41.54, 8.94
-0.69, -0.96, 0.42, -12.41, 14.38, -18.21
-0.77, -0.96, 0.49, -29.57, 6.90, -38.94
-0.72, -0.92, 0.42, -46.37, -3.11, -40.72
-0.52, -0.93, 0.21, -51.02, -9.33, -42.72
-0.33, -0.92, -0.03, -50.16, -9.81, -30.47
-0.20, -0.83, -0.15, -44.27, -20.66, -14.84
-0.14, -0.74, -0.23, -33.88, -23.18, 1.75
-0.09, -0.72, -0.33, -20.88, -31.23, 15.84
-0.15, -0.72, -0.35, -11.80, -21.86, 30.98
-0.22, -0.75, -0.34, 1.22, -18.15, 36.42
-0.31, -0.74, -0.26, 11.77, -3.99, 36.15
-0.42, -0.72, -0.01, 16.21, 7.36, 34.41
-0.52, -0.75, 0.13, 20.20, 23.86, 25.33
-0.60, -0.81, 0.22, 16.89, 41.78, 13.23
-0.67, -0.92, 0.34, -0.64, 28.39, -3.43
-0.73, -1.00, 0.49, -27.32, 9.77, -36.08
-0.76, -0.96, 0.50, -41.08, 6.63, -41.80
-0.60, -0.94, 0.31, -51.30, 0.92, -44.06
-0.42, -0.93, 0.04, -49.64, -3.52, -38.85
-0.26, -0.85, -0.13, -46.49, -8.16, -25.06
-0.19, -0.76, -0.18, -41.17, -18.54, -12.00
-0.17, -0.71, -0.26, -30.88, -23.72, 6.48
-0.15, -0.71, -0.31, -22.78, -23.16, 17.68
-0.19, -0.71, -0.27, -16.70, -18.36, 29.12
-0.25, -0.73, -0.27, -3.04, -7.31, 34.06
-0.31, -0.74, -0.19, 10.63, -3.42, 33.73
-0.39, -0.78, -0.08, 19.12, 6.92, 28.17
-0.50, -0.79, 0.01, 24.12, 22.92, 17.82
-0.61, -0.83, 0.16, 23.01, 47.23, 3.53
-0.69, -0.92, 0.26, 10.51, 49.96, -8.45
-0.71, -1.02, 0.41, -14.54, 27.07, -37.18
-0.74, -1.02, 0.49, -36.98, 20.10, -47.93
-0.63, -0.96, 0.38, -50.08, 11.71, -46.92
-0.43, -0.93, 0.16, -54.76, 1.45, -48.13
-0.28, -0.87, -0.02, -53.95, -2.62, -32.40
-0.17, -0.79, -0.16, -45.94, -7.55, -9.62
-0.09, -0.71, -0.30, -34.26, -17.23, 4.47
-0.07, -0.67, -0.37, -22.39, -25.29, 21.98
-0.09, -0.70, -0.37, -10.17, -27.43, 32.77
-0.19, -0.73, -0.36, 3.95, -15.90, 34.22
-0.34, -0.71, -0.27, 20.65, 3.96, 34.02
-0.47, -0.69, -0.07, 29.56, 27.30, 30.62
-0.58, -0.76, 0.11, 29.61, 46.61, 19.83
-0.64, -0.86, 0.27, 18.69, 43.21, 5.59
-0.72, -0.94, 0.42, -5.32, 36.24, -19.81
-0.76, -0.97, 0.49, -21.09, 26.90, -40.51
-0.74, -0.96, 0.42, -33.78, 29.16, -52.61
-0.61, -0.94, 0.28, -46.41, 27.94, -49.86
-0.38, -0.92, 0.09, -47.85, 19.30, -44.60
-0.21, -0.86, -0.11, -45.84, 5.86, -27.80
-0.10, -0.80, -0.23, -37.80, -6.12, -14.73
-0.08, -0.74, -0.33, -28.10, -15.17, 2.70
-0.06, -0.72, -0.35, -19.21, -21.07, 19.52
-0.07, -0.75, -0.31, -13.41, -26.30, 27.22
-0.14, -0.77, -0.29, 0.49, -19.12, 35.11
-0.28, -0.73, -0.19, 15.32, 0.65, 30.50
-0.46, -0.72, -0.05, 23.69, 30.81, 29.83
-0.55, -0.79, 0.05, 26.06, 52.20, 22.91
-0.56, -0.91, 0.22, 9.71, 33.36, 7.88
-0.62, -0.99, 0.38, -14.48, 11.15, -18.79
-0.68, -0.98, 0.43, -23.66, 11.16, -35.93
-0.66, -0.96, 0.38, -39.10, 2.92, -46.80
-0.57, -0.98, 0.26, -50.73, 4.01, -46.50
-0.38, -0.96, -0.01, -48.40, 3.76, -36.73
-0.22, -0.87, -0.20, -46.04, -4.59, -24.23
-0.14, -0.78, -0.27, -37.96, -12.69, -8.11
-0.09, -0.73, -0.35, -25.72, -23.37, 10.74
-0.06, -0.71, -0.35, -15.84, -26.38, 21.09
-0.13, -0.73, -0.30, -7.59, -23.85, 35.08
-0.20, -0.74, -0.34, 9.22, -20.50, 41.25
-0.27, -0.70, -0.26, 20.19, -6.92, 37.40
-0.43, -0.71, 0.01, 22.42, 21.02, 33.02
-0.58, -0.79, 0.18, 23.21, 44.55, 28.79
-0.59, -0.91, 0.17, 16.73, 40.00, 21.16
-0.59, -1.00, 0.28, -7.60, 5.21, -14.84
-0.69, -0.99, 0.39, -20.67, 4.49, -31.90
-0.65, -0.98, 0.32, -28.89, 3.01, -41.80
-0.55, -1.03, 0.29, -53.78, -1.90, -42.82
-0.41, -1.04, 0.12, -56.34, -3.18, -33.63
-0.29, -0.93, -0.16, -47.90, -0.96, -24.76
-0.24, -0.78, -0.26, -39.85, -6.70, -14.42
-0.20, -0.70, -0.30, -29.12, -9.82, 3.03
-0.12, -0.66, -0.27, -18.59, -20.02, 12.22
-0.17, -0.66, -0.27, -12.71, -16.68, 22.18
-0.21, -0.69, -0.30, -2.68, -8.46, 33.30
-0.18, -0.72, -0.21, 9.42, -13.86, 36.00
-0.30, -0.74, -0.08, 16.68, 5.34, 28.42
-0.49, -0.79, 0.02, 24.28, 40.29, 24.22
-0.60, -0.88, 0.10, 21.96, 54.08, 16.12
-0.59, -0.99, 0.18, 7.01, 31.95, -1.82
-0.60, -1.02, 0.36, -17.52, 13.84, -27.94
-0.68, -0.99, 0.47, -33.44, 14.71, -40.19
-0.65, -0.98, 0.39, -51.22, 14.88, -42.80
-0.49, -0.99, 0.16, -55.49, 13.03, -36.75
-0.28, -0.90, -0.08, -52.01, -0.29, -25.88
-0.18, -0.75, -0.21, -45.38, -13.82, -12.61
-0.17, -0.66, -0.28, -32.12, -25.32, -1.46
-0.18, -0.63, -0.32, -21.56, -24.91, 9.25
-0.23, -0.66, -0.28, -16.37, -21.77, 10.12
-0.31, -0.71, -0.27, -2.90, -6.07, 20.41
-0.28, -0.72, -0.34, 14.43, 3.23, 29.51
-0.24, -0.73, -0.26, 19.09, 6.48, 29.87
-0.29, -0.77, -0.06, 21.16, 5.29, 32.23
-0.39, -0.83, 0.05, 22.71, 15.82, 20.34
-0.54, -0.92, 0.21, 10.99, 26.94, 5.66
-0.66, -1.04, 0.29, -4.39, 35.77, -11.92
-0.66, -1.09, 0.28, -22.32, 22.55, -28.15
-0.63, -1.07, 0.38, -46.12, 12.94, -43.03
-0.56, -1.06, 0.27, -53.32, 15.18, -39.48
-0.38, -1.01, -0.04, -48.51, 18.80, -36.82
-0.19, -0.88, -0.20, -42.49, 2.20, -21.12
-0.14, -0.75, -0.22, -35.20, -16.28, -18.44
-0.23, -0.68, -0.28, -27.99, -16.21, -11.69
-0.31, -0.66, -0.27, -23.43, -2.73, -1.10
-0.28, -0.66, -0.22, -18.71, 9.79, 11.83
-0.21, -0.67, -0.26, -7.01, 14.96, 23.72
-0.16, -0.68, -0.25, 11.40, 12.55, 27.37
-0.22, -0.70, -0.17, 18.60, 19.06, 22.74
-0.38, -0.79, -0.02, 18.30, 39.09, 21.38
-0.46, -0.90, 0.06, 16.34, 44.48, 22.98
-0.42, -1.00, 0.09, 6.59, 12.99, 4.44
-0.49, -1.04, 0.16, -5.24, -2.00, -20.30
-0.61, -1.07, 0.33, -21.84, -0.44, -34.52
-0.59, -1.10, 0.32, -31.32, 6.10, -39.61
-0.45, -1.10, 0.19, -48.28, 2.65, -34.46
-0.30, -1.05, 0.03, -51.87, -10.70, -39.16
-0.28, -0.92, -0.05, -54.77, -3.58, -29.98
-0.24, -0.80, -0.26, -42.28, 7.13, -9.60
-0.16, -0.64, -0.40, -26.17, -1.73, -0.73
-0.17, -0.54, -0.38, -18.80, 4.80, 14.26
-0.11, -0.54, -0.33, -7.58, -4.87, 28.46
-0.14, -0.60, -0.27, 3.21, -16.53, 22.61
-0.29, -0.68, -0.17, 8.64, -10.54, 25.23
-0.42, -0.78, -0.08, 11.40, 5.95, 18.96
-0.53, -0.85, -0.00, 11.72, 24.05, 9.34
-0.56, -0.93, 0.08, 7.47, 38.77, 1.58
-0.52, -1.01, 0.12, 1.06, 39.42, -8.87
-0.45, -1.09, 0.18, -8.25, 27.31, -19.24
-0.41, -1.12, 0.25, -21.13, 13.73, -29.73
-0.41, -1.14, 0.25, -42.20, 6.76, -36.35
-0.41, -1.11, 0.14, -54.67, 13.73, -34.24
-0.34, -0.98, -0.04, -57.42, 23.29, -21.75
-0.18, -0.81, -0.23, -47.44, 13.70, -0.87
-0.06, -0.63, -0.40, -28.76, -7.15, 5.01
-0.06, -0.52, -0.44, -14.96, -10.20, 20.43
-0.12, -0.51, -0.38, 1.96, -15.29, 19.66
-0.29, -0.59, -0.20, 5.29, -5.13, 12.97
-0.40, -0.75, -0.09, 9.50, 9.48, 20.93
-0.40, -0.87, -0.06, 6.74, 20.88, 17.82
-0.37, -0.94, -0.05, 6.70, 20.73, 15.81
-0.33, -0.98, 0.02, 4.32, 16.39, 5.42
-0.35, -1.05, 0.12, -3.18, 12.17, -4.38
-0.41, -1.13, 0.19, -12.99, 6.98, -17.46
-0.46, -1.14, 0.21, -24.34, -0.13, -23.67
-0.45, -1.11, 0.19, -43.39, -4.42, -29.25
-0.44, -1.04, 0.10, -52.80, 2.33, -31.50
-0.41, -0.90, -0.03, -53.13, 16.13, -19.26
-0.25, -0.74, -0.30, -36.31, 19.24, 2.78
-0.09, -0.55, -0.41, -20.66, 1.17, 9.79
-0.09, -0.47, -0.40, -14.08, -5.89, 27.71
-0.15, -0.49, -0.36, 0.12, -19.04, 25.40
-0.24, -0.56, -0.30, 13.66, -14.67, 33.08
-0.26, -0.69, -0.23, 21.24, -4.15, 38.40
-0.29, -0.81, -0.17, 20.29, 14.35, 42.53
-0.31, -0.89, -0.08, 20.90, 27.29, 45.95
-0.31, -0.96, 0.01, 21.72, 25.16, 42.02
-0.35, -1.07, 0.07, 15.66, 1.69, 31.87
-0.48, -1.12, 0.20, -4.78, -23.30, 1.60
-0.70, -1.11, 0.36, -21.75, -25.66, -19.64
-0.76, -1.09, 0.31, -36.87, -13.68, -26.62
-0.59, -1.05, 0.09, -38.49, -1.68, -26.22
-0.38, -0.92, -0.14, -34.10, 8.31, -18.69
-0.25, -0.76, -0.22, -30.72, 4.96, -8.50
-0.21, -0.67, -0.21, -24.00, 7.49, 3.73
-0.18, -0.63, -0.24, -15.52, 3.68, 20.52
-0.17, -0.63, -0.28, -10.12, -5.06, 20.38
-0.24, -0.64, -0.22, -3.02, -7.01, 24.90
-0.31, -0.66, -0.12, 2.45, -2.18, 26.55
-0.39, -0.69, -0.03, 0.33, 5.25, 27.69
-0.47, -0.71, 0.00, -4.08, 16.24, 25.25
-0.49, -0.71, -0.03, -2.47, 17.71, 29.16
-0.47, -0.73, -0.01, -1.79, 16.42, 23.93
-0.45, -0.79, 0.01, 2.39, 10.95, 23.04
-0.44, -0.83, 0.03, 2.25, 8.36, 20.32
-0.44, -0.87, 0.03, 3.92, 8.12, 21.81
-0.40, -0.92, 0.01, 3.43, -2.97, 19.40
-0.42, -0.96, -0.00, 0.11, -0.69, 8.82
-0.48, -0.97, 0.01, -5.52, 9.25, 10.95
-0.49, -0.97, 0.01, -12.84, 11.75, 9.69
-0.44, -0.95, -0.02, -16.68, 8.58, 8.30
-0.43, -0.91, -0.06, -16.44, 10.23, 5.28
-0.42, -0.90, -0.09, -16.19, 11.15, 3.98
-0.42, -0.90, -0.09, -16.91, 11.71, 3.95
-0.40, -0.87, -0.09, -18.09, 10.27, 6.09
-0.37, -0.82, -0.10, -16.49, 6.79, 8.21
-0.37, -0.77, -0.09, -13.33, 7.18, 9.36
-0.41, -0.74, -0.06, -11.53, 11.74, 13.12
-0.41, -0.75, -0.06, -12.57, 10.53, 14.53
-0.41, -0.75, -0.05, -13.59, 7.46, 16.10
-0.42, -0.75, -0.04, -11.24, 2.68, 16.58
-0.43, -0.76, -0.04, -8.16, 1.18, 15.36
-0.43, -0.79, -0.01, -7.39, -3.30, 16.20
-0.45, -0.82, 0.01, -7.96, -5.98, 12.47
-0.50, -0.82, -0.03, -5.35, 7.59, 6.98
-0.54, -0.80, -0.03, -4.94, 21.70, 7.09
-0.55, -0.79, 0.02, -11.78, 34.40, 6.23
-0.52, -0.83, 0.05, -17.50, 36.04, 6.54
-0.48, -0.87, -0.00, -19.83, 35.02, 4.62
-0.46, -0.87, -0.04, -23.71, 31.38, 3.91
-0.45, -0.86, -0.05, -24.53, 29.04, 3.71
-0.47, -0.83, -0.08, -26.59, 33.00, -0.32
-0.50, -0.80, -0.07, -29.81, 41.56, 1.03
-0.52, -0.80, -0.06, -33.44, 53.11, -0.31
-0.53, -0.81, -0.08, -35.57, 64.00, -0.37
-0.53, -0.80, -0.11, -33.97, 64.00, -2.27
-0.51, -0.80, -0.11, -36.95, 64.00, -2.92
-0.49, -0.82, -0.09, -42.42, 64.00, -2.74
-0.47, -0.83, -0.12, -46.12, 64.00, -1.71
-0.43, -0.79, -0.13, -50.30, 64.00, -0.71
-0.41, -0.78, -0.10, -59.44, 64.00, -3.22
-0.43, -0.80, -0.14, -64.00, 64.00, -3.89
-0.43, -0.80, -0.21, -64.00, 64.00, -4.21
-0.42, -0.78, -0.21, -64.00, 64.00, -7.39
-0.40, -0.78, -0.20, -64.00, 64.00, -6.01
-0.34, -0.78, -0.24, -64.00, 64.00, -1.43
-0.31, -0.79, -0.28, -64.00, 64.00, -0.31
-0.22, -0.81, -0.27, -64.00, 64.00, -3.71
-0.20, -0.84, -0.30, -64.00, 64.00, -0.57
-0.17, -0.82, -0.38, -64.00, 35.32, -3.05
-0.21, -0.78, -0.41, -64.00, 27.33, -2.68
-0.28, -0.76, -0.42, -64.00, 28.14, -6.13
-0.34, -0.74, -0.46, -64.00, 46.97, -3.89
-0.35, -0.73, -0.45, -64.00, 61.38, -5.55
-0.35, -0.74, -0.43, -64.00, 64.00, -8.87
-0.33, -0.74, -0.44, -64.00, 64.00, -7.80
-0.29, -0.74, -0.48, -62.55, 64.00, -5.28
-0.22, -0.73, -0.51, -58.21, 61.44, -5.38
-0.17, -0.74, -0.50, -55.62, 43.75, -5.22
-0.15, -0.74, -0.51, -51.11, 31.29, -3.79
-0.17, -0.74, -0.52, -48.63, 27.81, -1.40
-0.21, -0.74, -0.51, -48.46, 27.76, -0.52
-0.25, -0.72, -0.54, -46.70, 32.92, -0.64
-0.24, -0.71, -0.53, -46.98, 33.70, -1.74
-0.21, -0.70, -0.53, -44.72, 31.22, -2.30
-0.19, -0.70, -0.54, -44.41, 32.17, 1.16
-0.17, -0.70, -0.55, -45.02, 26.62, 0.59
-0.18, -0.69, -0.59, -41.38, 22.10, 2.98
-0.17, -0.67, -0.60, -37.63, 35.29, 4.83
-0.19, -0.68, -0.58, -38.56, 52.09, 3.44
-0.25, -0.70, -0.56, -40.57, 49.62, -0.61
-0.24, -0.69, -0.61, -38.43, 48.80, 3.13
-0.14, -0.67, -0.63, -34.72, 41.83, 3.92
-0.10, -0.67, -0.59, -36.00, 31.74, 0.70
-0.13, -0.69, -0.64, -30.33, 27.07, 3.99
-0.17, -0.67, -0.71, -25.62, 29.71, 5.07
-0.19, -0.66, -0.66, -27.21, 31.99, 1.79
-0.20, -0.68, -0.59, -32.71, 25.28, -1.67
-0.18, -0.70, -0.57, -36.09, 14.40, -2.52
-0.17, -0.69, -0.65, -33.76, 10.90, -2.01
-0.18, -0.66, -0.71, -29.00, 6.11, -3.18
-0.19, -0.63, -0.71, -24.72, 4.91, -4.56
-0.16, -0.63, -0.70, -22.92, 3.41, -4.89
-0.12, -0.65, -0.68, -24.77, -5.21, -4.91
-0.13, -0.65, -0.65, -25.97, -9.20, -5.49
-0.14, -0.63, -0.65, -27.23, -13.20, -6.62
-0.18, -0.61, -0.69, -25.65, -18.96, -9.62
-0.22, -0.58, -0.71, -22.33, -16.46, -9.61
-0.22, -0.57, -0.72, -21.34, -11.73, -11.49
-0.21, -0.58, -0.70, -22.74, -6.99, -11.91
-0.19, -0.61, -0.66, -24.40, -6.49, -12.55
-0.17, -0.62, -0.67, -23.42, -7.15, -13.55
-0.16, -0.61, -0.70, -22.06, -6.33, -13.55
-0.17, -0.59, -0.72, -18.97, -3.13, -12.66
-0.16, -0.58, -0.71, -19.03, 1.40, -11.31
-0.15, -0.58, -0.71, -17.86, 0.34, -9.85
-0.13, -0.58, -0.71, -17.95, -2.81, -7.94
-0.11, -0.58, -0.70, -16.97, -8.12, -6.74
-0.09, -0.59, -0.71, -15.55, -10.92, -5.01
-0.08, -0.61, -0.71, -15.92, -13.80, -2.17
-0.09, -0.61, -0.70, -16.69, -16.16, -1.18
-0.13, -0.62, -0.70, -15.99, -14.26, -1.81
-0.18, -0.64, -0.71, -16.63, -9.39, -2.65
-0.20, -0.66, -0.72, -16.11, -4.21, -4.32
-0.20, -0.67, -0.71, -15.74, -0.56, -6.66
-0.18, -0.67, -0.71, -14.74, -0.11, -8.28
-0.16, -0.66, -0.70, -16.39, 1.99, -10.31
-0.16, -0.66, -0.68, -16.04, 2.35, -13.82
-0.18, -0.66, -0.67, -15.51, 4.39, -16.50
-0.19, -0.66, -0.69, -14.38, 4.91, -19.17
-0.17, -0.66, -0.70, -13.71, 3.44, -19.82
-0.15, -0.66, -0.70, -10.47, 1.97, -21.82
-0.13, -0.64, -0.69, -9.42, 3.93, -22.94
-0.12, -0.62, -0.66, -9.09, 6.18, -23.28
-0.11, -0.62, -0.65, -8.48, 6.95, -23.57
-0.11, -0.64, -0.65, -8.77, 1.35, -21.55
-0.07, -0.65, -0.66, -3.36, -5.53, -18.41
-0.04, -0.65, -0.69, 0.84, -13.24, -20.51
-0.10, -0.65, -0.66, -1.93, -10.68, -23.14
-0.15, -0.66, -0.63, -3.04, -0.25, -22.97
-0.14, -0.67, -0.63, -4.78, 4.63, -21.88
-0.12, -0.66, -0.64, -5.06, 7.04, -20.83
-0.09, -0.65, -0.63, -3.84, 3.68, -21.57
-0.07, -0.65, -0.61, -5.89, -4.56, -21.07
-0.05, -0.65, -0.59, -5.32, -19.28, -20.44
-0.03, -0.65, -0.62, -2.67, -28.38, -18.47
-0.04, -0.64, -0.65, 1.24, -27.59, -16.87
-0.09, -0.64, -0.66, 2.06, -20.57, -17.55
-0.14, -0.67, -0.65, 3.26, -10.39, -17.75
-0.13, -0.67, -0.63, 3.54, -3.76, -17.88
-0.08, -0.67, -0.62, 2.90, -2.33, -15.48
-0.04, -0.68, -0.61, 6.40, -7.58, -16.97
-0.07, -0.68, -0.62, 6.66, -7.19, -17.67
-0.09, -0.69, -0.62, 5.99, -11.96, -18.37
-0.06, -0.70, -0.63, 6.73, -15.12, -15.89
-0.01, -0.69, -0.61, 6.82, -18.65, -14.33
0.00, -0.67, -0.57, 2.75, -18.25, -11.98
-0.02, -0.66, -0.56, 1.86, -9.77, -11.91
-0.05, -0.66, -0.59, -1.64, -3.38, -8.90
-0.05, -0.68, -0.60, -6.08, -0.04, -4.85
-0.01, -0.69, -0.60, -8.80, 2.04, 2.36
0.02, -0.69, -0.60, -12.84, 3.83, 8.53
0.03, -0.69, -0.58, -16.70, 9.57, 15.19
0.02, -0.69, -0.58, -17.06, 12.39, 17.40
-0.00, -0.70, -0.59, -18.30, 9.61, 19.38
-0.01, -0.71, -0.62, -20.14, 6.57, 22.62
-0.01, -0.70, -0.64, -20.84, -0.06, 25.13
0.01, -0.66, -0.65, -21.70, -3.17, 31.12
0.01, -0.65, -0.64, -21.52, -8.03, 33.01
-0.08, -0.67, -0.65, -19.71, -5.71, 27.96
-0.20, -0.70, -0.69, -13.33, -1.40, 18.47
-0.31, -0.78, -0.69, -10.70, -6.84, 2.26
-0.37, -0.90, -0.69, -7.83, -13.43, -13.29
-0.38, -0.95, -0.67, -9.41, -14.27, -24.72
-0.35, -0.90, -0.62, -9.01, -9.49, -35.24
-0.29, -0.79, -0.60, -5.29, 4.26, -34.05
-0.14, -0.66, -0.59, -3.71, 20.23, -26.07
-0.01, -0.57, -0.53, -7.40, 19.37, -15.98
0.12, -0.48, -0.50, -11.90, 19.19, 4.46
0.23, -0.40, -0.49, -18.64, 15.72, 28.17
0.22, -0.40, -0.49, -21.79, 16.12, 37.70
0.14, -0.46, -0.51, -16.71, 15.17, 42.32
0.09, -0.56, -0.54, -21.45, 7.86, 55.29
0.05, -0.69, -0.60, -19.37, -9.16, 53.62
-0.08, -0.84, -0.67, -7.78, -27.41, 37.84
-0.31, -0.99, -0.70, -4.19, -39.89, 10.41
-0.60, -1.11, -0.72, 3.07, -31.10, -17.38
-0.70, -1.12, -0.70, -0.04, -3.31, -36.95
-0.63, -1.00, -0.63, 2.31, 3.36, -59.69
-0.53, -0.87, -0.59, 2.01, 3.37, -64.00
-0.27, -0.76, -0.60, -0.95, 41.26, -52.14
0.19, -0.60, -0.51, -2.69, 49.37, -20.11
0.41, -0.39, -0.40, -24.30, 28.03, 8.80
0.46, -0.27, -0.45, -26.43, 30.70, 43.19
0.43, -0.23, -0.49, -29.07, -11.41, 37.56
0.13, -0.36, -0.52, -28.77, -17.48, 36.93
-0.07, -0.52, -0.58, -37.42, -11.75, 48.87
-0.08, -0.70, -0.62, -34.46, -12.30, 47.48
-0.10, -0.84, -0.65, -21.47, -19.30, 37.16
-0.25, -1.01, -0.71, -15.32, -28.78, 19.28
-0.52, -1.12, -0.73, -9.67, -32.84, -6.14
-0.67, -1.09, -0.74, -4.57, -0.68, -23.22
-0.60, -0.96, -0.67, -0.36, 4.81, -46.70
-0.51, -0.83, -0.61, 3.72, -1.37, -64.00
-0.36, -0.79, -0.62, 0.56, 5.26, -59.95
0.05, -0.70, -0.56, -5.94, 46.89, -19.71
0.40, -0.51, -0.38, -19.66, 18.31, -6.73
0.41, -0.31, -0.40, -29.85, 16.82, 19.60
0.44, -0.23, -0.51, -34.55, 10.10, 51.40
0.27, -0.29, -0.51, -28.70, -10.79, 41.57
0.01, -0.43, -0.59, -29.45, -1.54, 53.45
-0.05, -0.65, -0.65, -31.65, 1.54, 57.92
-0.05, -0.80, -0.66, -19.96, -1.54, 50.40
-0.21, -0.94, -0.68, -13.45, -15.71, 33.41
-0.47, -1.08, -0.71, -6.37, -27.03, 6.25
-0.69, -1.17, -0.74, 1.16, -16.51, -19.56
-0.70, -1.12, -0.64, -4.39, 4.09, -42.03
-0.58, -0.94, -0.58, -2.44, 2.01, -64.00
-0.43, -0.79, -0.61, -2.07, 20.39, -63.13
-0.10, -0.69, -0.56, -10.70, 44.74, -40.98
0.20, -0.56, -0.45, -22.24, 35.02, -21.12
0.34, -0.37, -0.47, -28.80, 27.99, 2.85
0.46, -0.23, -0.52, -37.55, 25.48, 40.56
0.46, -0.22, -0.51, -34.62, 6.87, 50.11
0.24, -0.32, -0.54, -30.02, -1.62, 56.53
0.03, -0.50, -0.61, -33.87, -8.91, 64.00
-0.05, -0.72, -0.65, -23.23, -11.64, 63.22
-0.20, -0.90, -0.66, -11.20, -31.75, 42.07
-0.54, -1.08, -0.68, -6.34, -38.61, 11.30
-0.82, -1.18, -0.72, 3.54, -26.52, -14.81
-0.88, -1.12, -0.67, -0.54, 2.11, -35.51
-0.71, -0.98, -0.58, 4.35, 10.25, -58.45
-0.45, -0.84, -0.62, 7.22, 16.42, -64.00
-0.24, -0.77, -0.59, -5.48, 35.77, -58.98
0.12, -0.66, -0.52, -11.95, 45.72, -29.85
0.31, -0.46, -0.49, -18.19, 19.33, -18.16
0.36, -0.28, -0.54, -23.14, 24.30, 11.86
0.46, -0.21, -0.52, -33.87, 22.85, 43.21
0.43, -0.27, -0.49, -27.43, 10.24, 43.91
0.22, -0.40, -0.53, -27.45, 8.49, 55.37
0.04, -0.59, -0.63, -33.09, -0.20, 64.00
-0.07, -0.76, -0.68, -19.12, -11.45, 61.31
-0.24, -0.90, -0.68, -8.97, -23.96, 36.04
-0.58, -1.06, -0.68, -5.65, -29.67, 4.80
-0.83, -1.13, -0.68, -1.71, -8.55, -21.71
-0.77, -1.05, -0.64, -1.40, 11.80, -37.76
-0.58, -0.88, -0.58, 1.61, 3.02, -60.51
-0.42, -0.79, -0.62, 4.81, 5.84, -64.00
-0.20, -0.70, -0.61, -4.63, 35.82, -47.15
0.17, -0.58, -0.49, -18.97, 44.43, -17.96
0.42, -0.40, -0.49, -27.64, 30.31, 5.33
0.54, -0.24, -0.54, -37.49, 30.81, 41.50
0.55, -0.24, -0.53, -38.19, 15.50, 60.88
0.35, -0.35, -0.54, -35.68, 4.89, 64.00
0.11, -0.55, -0.61, -42.12, -6.78, 64.00
-0.05, -0.71, -0.66, -32.25, -10.91, 64.00
-0.28, -0.88, -0.68, -23.05, -50.08, 42.01
-0.61, -1.03, -0.73, -4.14, -42.12, 15.46
-0.84, -1.11, -0.75, 4.84, -37.46, -21.88
-0.95, -1.10, -0.64, 0.62, 4.79, -43.61
-0.74, -0.97, -0.55, 2.97, 22.20, -64.00
-0.43, -0.82, -0.58, 0.99, 43.96, -64.00
-0.05, -0.70, -0.59, -5.73, 54.89, -47.00
0.18, -0.60, -0.49, -22.56, 30.34, -30.04
0.38, -0.46, -0.51, -29.19, 35.34, 4.94
0.58, -0.31, -0.54, -35.71, 21.75, 35.09
0.53, -0.25, -0.52, -38.27, 4.01, 44.82
0.27, -0.35, -0.57, -30.73, -2.64, 52.48
0.01, -0.50, -0.64, -29.34, 1.17, 57.38
-0.12, -0.70, -0.64, -24.61, 4.38, 56.00
-0.27, -0.89, -0.62, -17.42, -18.69, 29.66
-0.59, -1.04, -0.69, -7.26, -28.29, 3.22
-0.79, -1.07, -0.74, 1.45, -18.57, -23.70
-0.78, -1.01, -0.65, 0.64, 12.89, -42.28
-0.60, -0.90, -0.57, 5.28, 14.76, -64.00
-0.43, -0.79, -0.58, 1.53, 10.77, -64.00
-0.17, -0.75, -0.60, -5.82, 30.90, -50.00
0.24, -0.63, -0.55, -12.85, 29.51, -25.13
0.45, -0.45, -0.52, -23.03, 20.55, -0.60
0.56, -0.30, -0.53, -29.90, 26.31, 30.81
0.59, -0.24, -0.55, -36.62, 9.44, 51.77
0.35, -0.32, -0.59, -29.58, 0.41, 54.04
0.06, -0.48, -0.65, -33.79, 1.45, 63.21
-0.06, -0.67, -0.62, -34.67, 2.22, 64.00
-0.14, -0.90, -0.59, -27.50, -23.71, 42.77
-0.42, -1.02, -0.68, -18.61, -34.67, 18.24
-0.73, -1.06, -0.75, -7.59, -33.95, -13.33
-0.90, -1.06, -0.72, -3.66, -1.84, -38.26
-0.77, -0.99, -0.63, -2.43, 23.85, -59.69
-0.58, -0.85, -0.61, 1.73, 13.86, -64.00
-0.42, -0.76, -0.66, -0.57, 12.52, -64.00
-0.07, -0.71, -0.66, -1.11, 41.30, -48.69
0.34, -0.54, -0.65, 1.16, 22.97, -35.82
0.36, -0.34, -0.62, -4.52, 23.65, -17.23
0.40, -0.22, -0.56, -15.90, 33.06, 18.50
0.54, -0.23, -0.52, -27.30, 37.60, 50.27
0.50, -0.36, -0.49, -31.40, 22.04, 56.33
0.26, -0.54, -0.53, -41.17, 11.64, 64.00
0.09, -0.72, -0.55, -47.07, -0.96, 64.00
-0.02, -0.90, -0.57, -39.07, -20.58, 58.32
-0.30, -1.00, -0.66, -31.82, -38.49, 34.19
-0.67, -1.01, -0.75, -14.82, -40.76, -1.11
-0.94, -0.95, -0.77, -2.59, -15.43, -31.89
-0.87, -0.93, -0.71, 3.92, 27.55, -52.36
-0.64, -0.84, -0.63, 7.79, 31.77, -64.00
-0.44, -0.75, -0.59, 4.47, 32.21, -64.00
-0.07, -0.71, -0.61, 0.61, 47.65, -53.94
0.37, -0.56, -0.65, 6.10, 45.53, -24.73
0.53, -0.38, -0.57, -6.03, 23.45, -9.92
0.55, -0.29, -0.49, -18.89, 27.10, 31.28
0.61, -0.30, -0.50, -25.44, 14.27, 48.88
0.39, -0.44, -0.48, -35.09, 4.52, 53.46
0.12, -0.61, -0.49, -48.32, 7.31, 63.33
0.02, -0.73, -0.54, -47.23, -8.72, 63.05
-0.10, -0.82, -0.64, -34.39, -28.91, 49.67
-0.38, -0.91, -0.74, -24.19, -48.02, 24.21
-0.69, -0.91, -0.80, -5.94, -52.55, -10.66
-0.89, -0.91, -0.77, 3.54, -17.06, -35.57
-0.79, -0.92, -0.68, 5.11, 25.97, -53.51
-0.53, -0.85, -0.64, 5.38, 33.24, -64.00
-0.32, -0.79, -0.63, 1.08, 32.38, -64.00
0.01, -0.74, -0.64, -6.18, 38.63, -48.85
0.38, -0.60, -0.69, -1.66, 35.56, -19.88
0.54, -0.39, -0.61, -13.62, 22.26, -0.59
0.59, -0.29, -0.52, -24.13, 21.79, 32.26
0.58, -0.31, -0.50, -34.69, 8.27, 42.91
0.34, -0.46, -0.48, -44.44, 9.59, 49.02
0.08, -0.65, -0.51, -53.50, 18.88, 61.64
0.03, -0.71, -0.56, -54.61, 9.64, 64.00
-0.01, -0.72, -0.64, -37.25, -12.63, 58.32
-0.18, -0.81, -0.74, -16.40, -33.24, 38.55
-0.51, -0.91, -0.76, -5.49, -43.34, 4.11
-0.82, -1.01, -0.73, 3.04, -22.08, -28.42
-0.87, -1.01, -0.68, 3.28, 20.11, -44.28
-0.64, -0.90, -0.64, 8.38, 38.27, -63.26
-0.40, -0.79, -0.62, 8.69, 34.96, -64.00
-0.14, -0.75, -0.61, 2.58, 41.70, -62.26
0.26, -0.68, -0.62, -1.72, 57.14, -24.33
0.58, -0.51, -0.58, -9.20, 25.37, -10.67
0.59, -0.39, -0.52, -20.29, 18.82, 15.49
0.60, -0.35, -0.51, -30.24, 10.14, 42.00
0.51, -0.41, -0.51, -36.99, -1.37, 49.34
0.22, -0.51, -0.51, -42.26, 3.55, 58.32
0.06, -0.60, -0.56, -47.09, 6.04, 64.00
0.01, -0.65, -0.63, -37.78, -19.45, 59.65
-0.13, -0.71, -0.74, -18.54, -39.10, 45.41
-0.42, -0.80, -0.76, -6.44, -50.44, 16.50
-0.75, -0.92, -0.72, 4.86, -43.12, -23.12
-0.85, -0.99, -0.69, 9.77, 4.58, -41.92
-0.62, -0.97, -0.63, 12.37, 30.98, -61.80
-0.38, -0.90, -0.57, 8.64, 27.14, -64.00
-0.12, -0.86, -0.57, 2.67, 19.03, -64.00
0.22, -0.78, -0.58, -2.39, 26.21, -40.32
0.51, -0.61, -0.57, -4.66, 1.01, -30.76
0.49, -0.50, -0.47, -18.04, -3.61, -8.08
0.53, -0.46, -0.48, -30.35, 2.12, 24.16
0.57, -0.44, -0.50, -40.37, -5.52, 39.48
0.33, -0.49, -0.49, -47.46, -2.98, 45.33
0.09, -0.56, -0.52, -51.11, 12.17, 53.42
0.02, -0.62, -0.59, -54.55, 5.08, 55.51
-0.02, -0.66, -0.67, -45.63, -34.46, 45.78
-0.24, -0.72, -0.75, -25.58, -60.05, 30.05
-0.51, -0.82, -0.77, -12.78, -64.00, -2.89
-0.81, -0.94, -0.72, -10.21, -46.83, -37.05
-0.87, -0.96, -0.69, -7.02, 4.61, -55.59
-0.64, -0.81, -0.67, -0.35, 18.67, -64.00
-0.42, -0.71, -0.64, -2.51, 20.88, -64.00
-0.10, -0.72, -0.61, -7.31, 26.16, -59.29
0.27, -0.68, -0.58, -11.86, 14.57, -38.48
0.49, -0.57, -0.58, -16.75, 2.66, -19.32
0.55, -0.49, -0.54, -24.40, 7.12, 11.72
0.60, -0.47, -0.50, -38.99, 9.69, 36.39
0.54, -0.51, -0.52, -45.19, 9.34, 50.38
0.35, -0.57, -0.54, -51.80, 5.69, 59.80
0.13, -0.62, -0.56, -56.14, 2.08, 64.00
-0.04, -0.66, -0.63, -51.07, -24.09, 55.54
-0.27, -0.71, -0.75, -31.02, -60.80, 34.20
-0.56, -0.75, -0.87, -11.23, -64.00, 3.88
-0.81, -0.79, -0.83, 2.09, -60.66, -28.32
-0.85, -0.82, -0.75, 5.58, -10.24, -47.17
-0.67, -0.77, -0.67, 8.94, 19.60, -61.78
-0.44, -0.71, -0.65, 9.15, 22.97, -64.00
-0.14, -0.72, -0.66, 6.10, 20.17, -59.88
0.16, -0.73, -0.65, 3.40, 15.51, -36.83
0.42, -0.65, -0.60, -3.13, 6.08, -15.74
0.52, -0.55, -0.52, -16.18, -3.40, 5.00
0.52, -0.50, -0.45, -34.44, -2.90, 28.43
0.47, -0.55, -0.45, -48.21, -7.68, 40.92
0.29, -0.62, -0.52, -58.82, -9.42, 48.64
0.10, -0.64, -0.57, -64.00, 0.59, 57.98
0.02, -0.62, -0.59, -64.00, 14.15, 62.60
-0.03, -0.64, -0.67, -60.21, -1.37, 54.70
-0.25, -0.66, -0.80, -45.24, -35.48, 37.02
-0.54, -0.64, -0.92, -18.84, -63.84, 9.07
-0.81, -0.63, -0.97, 7.60, -64.00, -24.09
-0.88, -0.70, -0.86, 17.58, -21.49, -48.16
-0.74, -0.76, -0.73, 20.19, 11.16, -64.00
-0.49, -0.75, -0.69, 16.74, 21.61, -64.00
-0.23, -0.73, -0.68, 10.73, 31.74, -64.00
0.16, -0.70, -0.66, 5.05, 49.06, -41.71
0.42, -0.65, -0.56, -8.65, 30.47, -22.33
0.55, -0.60, -0.48, -26.25, 20.91, 4.98
0.67, -0.55, -0.47, -36.98, 23.11, 35.76
0.68, -0.53, -0.50, -51.65, 3.17, 49.36
0.41, -0.59, -0.57, -60.38, -0.15, 58.52
0.08, -0.61, -0.61, -61.01, 21.53, 64.00
-0.11, -0.58, -0.64, -59.38, 26.87, 60.24
-0.30, -0.59, -0.73, -49.20, -14.54, 40.36
-0.53, -0.62, -0.90, -26.11, -64.00, 9.51
-0.78, -0.63, -0.97, -0.13, -64.00, -27.58
-0.91, -0.66, -0.85, 8.56, -51.64, -54.50
-0.82, -0.69, -0.68, 6.89, -23.91, -64.00
-0.66, -0.67, -0.67, 7.97, -21.76, -64.00
-0.38, -0.67, -0.75, 12.22, 6.27, -64.00
0.04, -0.64, -0.74, 11.71, 26.93, -59.83
0.30, -0.58, -0.63, 3.04, 16.49, -46.54
0.38, -0.53, -0.56, -1.74, 9.63, -26.01
0.44, -0.50, -0.58, -9.59, 15.80, 2.75
0.51, -0.50, -0.59, -20.28, 33.45, 32.60
0.51, -0.53, -0.55, -27.29, 26.21, 46.80
0.29, -0.60, -0.54, -34.33, 17.01, 49.88
0.03, -0.68, -0.59, -42.73, 7.27, 52.46
-0.18, -0.72, -0.66, -43.59, -13.87, 43.04
-0.33, -0.72, -0.74, -30.13, -47.54, 17.07
-0.53, -0.73, -0.83, -9.48, -64.00, -15.81
-0.71, -0.76, -0.84, 0.74, -54.89, -43.70
-0.74, -0.76, -0.77, 8.62, -14.59, -59.23
-0.58, -0.72, -0.69, 12.59, 11.60, -64.00
-0.29, -0.71, -0.69, 7.60, 28.33, -63.62
0.08, -0.68, -0.65, 2.46, 49.16, -30.60
0.49, -0.57, -0.59, -0.90, 40.95, -3.68
0.66, -0.46, -0.53, -14.98, 22.40, 23.96
0.64, -0.46, -0.49, -26.30, 8.29, 41.96
0.42, -0.53, -0.54, -33.69, -4.49, 45.29
0.12, -0.62, -0.60, -45.10, 8.94, 50.98
-0.06, -0.68, -0.59, -54.38, 25.04, 59.20
-0.09, -0.69, -0.60, -53.55, 5.13, 49.31
-0.20, -0.70, -0.75, -32.97, -22.69, 35.77
-0.38, -0.73, -0.90, -14.33, -45.85, 8.93
-0.67, -0.78, -0.90, 2.64, -47.69, -27.63
-0.76, -0.80, -0.83, 13.27, -4.96, -46.23
-0.60, -0.77, -0.76, 16.25, 23.78, -63.01
-0.45, -0.73, -0.69, 17.83, 32.15, -64.00
-0.17, -0.71, -0.62, 9.34, 48.54, -49.80
0.29, -0.64, -0.56, 4.34, 64.00, -6.99
0.68, -0.49, -0.46, -9.86, 47.03, 16.70
0.71, -0.38, -0.43, -24.06, 26.00, 42.55
0.57, -0.39, -0.50, -27.38, -4.88, 52.33
0.25, -0.49, -0.57, -37.50, -10.12, 57.25
0.00, -0.61, -0.58, -47.01, 4.03, 64.00
-0.06, -0.69, -0.61, -42.77, -0.57, 55.70
-0.18, -0.76, -0.72, -32.60, -10.52, 41.99
-0.38, -0.80, -0.81, -20.36, -30.24, 19.57
-0.65, -0.83, -0.85, -0.50, -41.98, -13.95
-0.78, -0.85, -0.83, 6.28, -2.46, -33.25
-0.62, -0.81, -0.73, 11.59, 22.22, -51.25
-0.45, -0.73, -0.66, 12.56, 16.77, -64.00
-0.28, -0.72, -0.61, 0.18, 26.77, -56.82
0.15, -0.71, -0.55, -7.63, 56.18, -17.04
0.57, -0.54, -0.50, -15.61, 28.15, -1.64
0.58, -0.40, -0.46, -32.06, 12.01, 23.29
0.55, -0.39, -0.50, -35.36, 3.56, 44.52
0.40, -0.47, -0.57, -40.45, -12.30, 47.38
0.08, -0.58, -0.60, -45.50, 0.29, 53.28
-0.05, -0.64, -0.64, -46.26, 4.04, 58.63
-0.06, -0.67, -0.70, -34.03, -14.09, 48.29
-0.20, -0.73, -0.80, -19.80, -32.65, 33.41
-0.48, -0.79, -0.82, -7.85, -39.22, 5.84
-0.72, -0.84, -0.81, 4.71, -23.09, -20.40
-0.73, -0.84, -0.77, 9.04, 12.16, -37.91
-0.57, -0.79, -0.68, 10.87, 22.40, -53.01
-0.43, -0.75, -0.61, 7.07, 19.79, -64.00
-0.21, -0.75, -0.58, -0.11, 14.29, -60.07
0.06, -0.72, -0.57, -6.06, 20.05, -38.63
0.38, -0.58, -0.59, -6.99, 23.36, -12.33
0.52, -0.42, -0.52, -19.85, 4.26, 5.25
0.51, -0.37, -0.48, -29.78, -2.00, 30.82
0.42, -0.42, -0.53, -29.74, -16.07, 37.57
0.16, -0.52, -0.56, -37.66, -13.89, 42.18
-0.06, -0.61, -0.58, -43.72, -4.97, 51.47
-0.08, -0.65, -0.60, -39.07, -33.70, 44.31
-0.17, -0.68, -0.71, -20.26, -64.00, 29.03
-0.36, -0.74, -0.82, -9.97, -63.45, 6.60
-0.62, -0.82, -0.75, -8.13, -47.22, -21.30
-0.72, -0.87, -0.69, -9.73, 6.47, -34.47
-0.53, -0.82, -0.69, -4.02, 23.16, -42.92
-0.29, -0.77, -0.67, -6.26, 18.80, -44.59
-0.12, -0.81, -0.65, -9.48, 0.95, -45.28
0.03, -0.80, -0.63, -12.75, -16.34, -38.40
0.16, -0.69, -0.64, -14.57, -25.24, -26.54
0.24, -0.53, -0.66, -13.45, -10.59, -4.00
0.32, -0.38, -0.63, -17.12, -4.90, 16.24
0.29, -0.36, -0.59, -28.07, -2.43, 26.23
0.18, -0.44, -0.62, -30.39, 1.17, 37.24
0.06, -0.51, -0.66, -35.08, 1.98, 47.66
0.02, -0.55, -0.66, -33.27, -3.79, 52.94
-0.00, -0.59, -0.70, -22.29, -23.74, 49.12
-0.14, -0.68, -0.75, -14.01, -33.60, 35.58
-0.43, -0.80, -0.73, -12.67, -38.17, 14.85
-0.64, -0.87, -0.74, -2.58, -29.56, -8.88
-0.71, -0.91, -0.72, -3.75, -11.64, -28.71
-0.66, -0.89, -0.64, -7.90, 6.53, -44.57
-0.44, -0.82, -0.61, -9.27, 13.90, -52.76
-0.24, -0.72, -0.58, -16.91, 9.77, -55.03
-0.02, -0.68, -0.64, -19.48, 22.27, -34.21
0.25, -0.52, -0.69, -15.02, 21.59, -10.55
0.40, -0.38, -0.64, -20.42, 13.69, 7.84
0.41, -0.33, -0.65, -23.94, 2.15, 28.41
0.27, -0.39, -0.65, -27.35, -5.25, 35.87
0.01, -0.51, -0.61, -27.62, 5.95, 47.42
-0.06, -0.56, -0.63, -29.95, 10.03, 49.98
-0.10, -0.58, -0.68, -27.95, -3.30, 42.78
-0.19, -0.60, -0.74, -18.70, -14.29, 34.50
-0.37, -0.70, -0.77, -11.17, -14.73, 21.99
-0.50, -0.81, -0.73, -6.83, -10.45, 1.94
-0.59, -0.92, -0.71, -3.39, 3.52, -17.08
-0.55, -0.96, -0.62, -12.16, 23.78, -25.24
-0.38, -0.91, -0.58, -11.32, 17.48, -35.29
-0.27, -0.80, -0.61, -11.27, -0.65, -46.45
-0.23, -0.71, -0.68, -7.68, -22.28, -52.69
-0.17, -0.65, -0.72, -7.60, -16.04, -46.40
0.07, -0.54, -0.70, -3.99, 2.05, -27.64
0.22, -0.41, -0.63, -7.05, -14.76, -21.29
0.13, -0.41, -0.54, -23.20, -14.79, -11.32
0.09, -0.44, -0.57, -25.17, 18.91, 16.36
0.19, -0.44, -0.71, -17.34, 25.27, 29.49
0.14, -0.48, -0.68, -19.24, 25.49, 35.10
0.04, -0.57, -0.57, -22.15, 4.05, 39.72
-0.06, -0.65, -0.62, -15.71, -26.40, 36.03
-0.23, -0.71, -0.68, -6.13, -54.60, 18.81
-0.50, -0.80, -0.64, 2.54, -64.00, -9.95
-0.71, -0.92, -0.58, 2.58, -45.86, -32.88
-0.75, -0.96, -0.52, -8.93, -20.44, -48.88
-0.68, -0.86, -0.55, -10.47, -9.95, -64.00
-0.45, -0.73, -0.62, -12.13, -4.19, -64.00
-0.03, -0.65, -0.71, -7.98, 30.16, -34.27
0.47, -0.51, -0.75, 0.39, 22.79, -8.35
0.56, -0.36, -0.65, -12.03, 6.60, 14.87
0.47, -0.31, -0.63, -14.64, -9.95, 29.41
0.19, -0.38, -0.61, -18.06, -11.75, 31.79
-0.05, -0.57, -0.57, -28.04, 12.40, 40.90
-0.08, -0.74, -0.57, -34.87, 19.85, 45.68
-0.09, -0.75, -0.59, -32.40, 6.67, 46.22
-0.18, -0.75, -0.64, -22.72, -33.63, 33.33
-0.40, -0.82, -0.70, -4.06, -64.00, 2.31
-0.71, -0.94, -0.74, -1.03, -52.43, -31.84
-0.83, -0.96, -0.65, -4.23, 2.31, -41.62
-0.69, -0.84, -0.57, -2.75, -0.55, -64.00
-0.57, -0.76, -0.65, -1.28, 1.11, -64.00
-0.17, -0.72, -0.77, 1.84, 50.35, -43.17
0.34, -0.59, -0.61, -13.77, 42.17, -19.05
0.51, -0.42, -0.48, -26.81, 19.72, 1.21
0.52, -0.27, -0.59, -29.48, 1.14, 29.68
0.32, -0.25, -0.63, -34.22, -29.78, 33.59
-0.01, -0.41, -0.61, -30.26, -9.62, 38.09
-0.16, -0.60, -0.62, -34.20, 13.94, 42.97
-0.14, -0.70, -0.62, -36.30, 33.70, 49.93
-0.09, -0.72, -0.62, -29.31, 17.36, 48.79
-0.19, -0.77, -0.67, -20.24, -14.48, 35.70
-0.47, -0.86, -0.73, -9.04, -49.34, 3.32
-0.72, -0.95, -0.73, -0.88, -38.42, -24.19
-0.73, -0.96, -0.64, -0.42, -11.08, -43.53
-0.62, -0.86, -0.59, 1.06, -7.96, -64.00
-0.47, -0.79, -0.65, 2.99, 4.56, -64.00
-0.23, -0.75, -0.66, -4.09, 21.79, -55.03
0.13, -0.65, -0.58, -14.34, 31.67, -32.97
0.36, -0.49, -0.57, -20.76, 11.76, -12.28
0.52, -0.31, -0.63, -24.99, 18.92, 23.65
0.49, -0.23, -0.59, -33.16, -14.85, 33.50
0.16, -0.32, -0.60, -29.44, -5.25, 38.42
-0.09, -0.52, -0.62, -33.45, 6.75, 45.53
-0.19, -0.67, -0.59, -36.66, 9.68, 48.57
-0.23, -0.75, -0.59, -26.03, -27.24, 36.10
-0.36, -0.80, -0.71, -6.51, -46.46, 13.71
-0.59, -0.89, -0.73, -2.60, -52.61, -19.35
-0.77, -0.97, -0.67, -5.69, -5.20, -31.61
-0.62, -0.90, -0.62, -6.55, 16.61, -46.39
-0.40, -0.79, -0.63, -6.64, 8.49, -58.11
-0.27, -0.78, -0.67, -14.14, 4.16, -51.95
0.02, -0.75, -0.69, -15.27, 27.05, -28.64
0.30, -0.57, -0.64, -20.47, 7.65, -17.15
0.34, -0.38, -0.63, -26.29, 12.78, 5.85
0.36, -0.28, -0.63, -31.95, 5.58, 33.80
0.22, -0.32, -0.61, -30.74, 2.10, 36.29
-0.02, -0.47, -0.62, -29.13, 11.06, 40.84
-0.12, -0.61, -0.60, -37.02, 17.42, 45.27
-0.15, -0.69, -0.59, -33.02, -1.75, 43.07
-0.23, -0.71, -0.65, -19.09, -29.82, 29.04
-0.43, -0.80, -0.71, -7.63, -50.29, 0.53
-0.67, -0.90, -0.73, -3.77, -36.64, -25.20
-0.75, -0.95, -0.68, -5.54, 5.05, -37.41
-0.55, -0.84, -0.62, -6.54, 19.05, -48.86
-0.33, -0.74, -0.63, -7.02, 14.75, -53.36
-0.17, -0.73, -0.67, -10.34, 5.03, -45.04
0.04, -0.70, -0.68, -10.98, 7.64, -33.04
0.18, -0.58, -0.64, -13.00, 1.07, -21.19
0.16, -0.43, -0.63, -17.75, -10.36, -13.04
0.09, -0.34, -0.66, -18.11, -4.05, 3.54
0.04, -0.34, -0.63, -21.34, 6.20, 12.52
-0.04, -0.43, -0.58, -17.14, 18.60, 15.72
-0.11, -0.55, -0.59, -15.04, 19.79, 17.39
-0.16, -0.67, -0.61, -14.29, 9.71, 16.78
-0.19, -0.76, -0.61, -13.39, -1.65, 11.35
-0.23, -0.80, -0.62, -9.68, -5.91, 2.04
-0.28, -0.80, -0.66, -8.76, -3.03, -8.40
-0.31, -0.81, -0.66, -12.39, 4.83, -16.65
-0.25, -0.82, -0.67, -10.82, 12.33, -21.10
-0.15, -0.79, -0.70, -13.50, 18.86, -20.98
-0.10, -0.75, -0.69, -15.92, 18.89, -21.93
-0.07, -0.71, -0.68, -15.82, 14.25, -20.14
-0.02, -0.67, -0.68, -13.92, 4.56, -17.79
0.01, -0.65, -0.68, -13.13, -4.21, -15.99
-0.00, -0.63, -0.67, -12.42, -3.82, -11.35
-0.01, -0.63, -0.64, -12.58, 0.19, -6.05
0.00, -0.63, -0.61, -14.34, 2.45, 1.82
0.05, -0.63, -0.58, -15.68, -2.78, 12.44
0.10, -0.62, -0.56, -21.46, -12.12, 22.84
0.12, -0.64, -0.53, -27.22, -23.32, 30.74
0.03, -0.63, -0.53, -33.27, -26.16, 32.53
-0.08, -0.59, -0.56, -30.52, -20.21, 33.53
-0.18, -0.55, -0.60, -28.17, -15.12, 27.71
-0.24, -0.59, -0.64, -27.07, -12.54, 21.71
-0.28, -0.65, -0.68, -22.47, -9.92, 15.68
-0.32, -0.69, -0.72, -16.74, -12.43, 5.81
-0.37, -0.73, -0.73, -11.58, -13.77, -5.36
-0.36, -0.79, -0.71, -9.53, -7.91, -14.99
-0.29, -0.80, -0.67, -10.66, -4.92, -20.68
-0.22, -0.74, -0.66, -10.62, -7.21, -25.84
-0.22, -0.69, -0.66, -7.12, -4.91, -28.36
-0.22, -0.68, -0.66, -6.49, 6.05, -28.59
-0.15, -0.67, -0.63, -9.64, 22.23, -20.62
0.06, -0.60, -0.60, -13.14, 34.75, 0.55
0.26, -0.47, -0.57, -20.36, 38.08, 28.35
0.37, -0.44, -0.55, -30.49, 28.75, 48.99
0.33, -0.45, -0.58, -29.86, 6.18, 60.78
0.15, -0.48, -0.63, -30.06, -10.26, 64.00
-0.01, -0.63, -0.67, -25.68, -18.72, 52.50
-0.31, -0.80, -0.72, -22.26, -28.04, 29.02
-0.65, -0.92, -0.74, -20.36, -16.96, 6.25
-0.80, -0.93, -0.77, -8.27, -7.28, -22.29
-0.75, -0.88, -0.75, -7.61, 32.19, -29.74
-0.47, -0.79, -0.68, -3.42, 33.33, -39.30
-0.32, -0.70, -0.66, 0.60, 17.12, -51.11
-0.29, -0.65, -0.67, 0.82, 0.43, -55.79
-0.14, -0.61, -0.63, -3.89, 12.93, -43.16
0.14, -0.52, -0.57, -10.48, 24.02, -18.56
0.31, -0.38, -0.53, -18.50, 6.64, -1.56
0.37, -0.29, -0.54, -26.12, 10.08, 32.77
0.34, -0.33, -0.56, -22.12, -10.31, 39.92
0.14, -0.42, -0.60, -21.12, -2.39, 47.83
-0.04, -0.57, -0.62, -31.37, 1.03, 53.71
-0.08, -0.70, -0.59, -35.85, -3.36, 54.51
-0.16, -0.77, -0.68, -19.64, -33.15, 37.85
-0.40, -0.86, -0.81, -8.23, -53.80, 6.72
-0.80, -0.96, -0.82, -5.09, -41.50, -24.56
-0.89, -0.95, -0.74, 0.10, 26.22, -35.65
-0.61, -0.83, -0.64, 2.59, 32.79, -55.41
-0.42, -0.78, -0.63, 1.92, 21.84, -62.70
-0.21, -0.78, -0.65, -6.42, 19.94, -50.46
0.11, -0.71, -0.62, -6.50, 27.67, -27.81
0.34, -0.49, -0.56, -14.55, 7.68, -15.66
0.36, -0.29, -0.56, -18.75, 10.27, 13.60
0.43, -0.24, -0.56, -26.80, 4.34, 38.56
0.28, -0.32, -0.58, -23.63, -4.27, 37.71
-0.02, -0.45, -0.64, -25.87, 7.96, 46.41
-0.13, -0.61, -0.64, -35.88, 19.24, 52.18
-0.10, -0.71, -0.61, -35.33, 12.58, 53.34
-0.18, -0.77, -0.67, -18.66, -31.94, 33.68
-0.43, -0.87, -0.82, 0.06, -40.71, 5.15
-0.81, -0.99, -0.75, -2.74, -29.16, -27.29
-0.86, -0.99, -0.66, -2.21, 28.33, -37.41
-0.58, -0.82, -0.62, -3.29, 26.67, -59.38
-0.37, -0.69, -0.63, -6.67, 26.65, -59.27
-0.04, -0.67, -0.64, -18.36, 45.04, -29.62
0.41, -0.59, -0.62, -20.40, 56.29, 6.83
0.63, -0.38, -0.55, -31.30, 27.12, 21.60
0.55, -0.27, -0.58, -34.37, 0.17, 44.73
0.29, -0.34, -0.66, -31.03, -16.50, 49.60
-0.01, -0.48, -0.64, -32.27, -4.13, 53.53
-0.17, -0.60, -0.61, -33.70, 4.83, 49.73
-0.24, -0.69, -0.66, -21.74, 4.89, 36.34
-0.42, -0.80, -0.69, -21.48, -10.15, 20.91
-0.57, -0.88, -0.71, -12.68, -10.10, 2.82
-0.64, -0.87, -0.74, 0.06, -5.29, -19.62
-0.62, -0.82, -0.67, 4.33, 9.91, -33.43
-0.48, -0.75, -0.61, 5.21, 2.24, -46.87
-0.33, -0.70, -0.59, 3.01, -3.91, -52.54
-0.15, -0.67, -0.61, -3.52, -1.56, -46.05
0.08, -0.59, -0.60, -12.42, 19.70, -20.11
0.38, -0.47, -0.56, -19.54, 35.32, 9.39
0.57, -0.37, -0.56, -31.54, 28.78, 36.24
0.51, -0.37, -0.60, -35.08, 11.39, 49.26
0.25, -0.45, -0.65, -40.66, 0.08, 63.18
0.04, -0.54, -0.68, -40.37, 1.56, 64.00
-0.15, -0.62, -0.68, -32.93, -3.10, 54.56
-0.35, -0.76, -0.69, -31.50, -23.73, 34.75
-0.60, -0.85, -0.79, -11.53, -29.15, 14.61
-0.80, -0.87, -0.82, 2.64, -28.26, -21.83
-0.88, -0.90, -0.77, 4.23, 15.67, -35.93
-0.68, -0.84, -0.68, 3.64, 23.37, -56.98
-0.44, -0.73, -0.68, 2.91, 18.05, -64.00
-0.23, -0.70, -0.72, -2.79, 27.17, -55.54
0.13, -0.65, -0.70, -8.99, 38.38, -33.68
0.34, -0.52, -0.60, -20.65, 19.38, -21.19
0.36, -0.36, -0.58, -27.71, 19.28, 4.44
0.41, -0.30, -0.59, -34.00, 14.31, 30.08
0.32, -0.36, -0.57, -35.28, 8.80, 38.77
0.11, -0.48, -0.59, -39.96, 10.50, 45.14
-0.05, -0.58, -0.60, -43.42, 13.09, 53.82
-0.09, -0.64, -0.61, -38.47, -7.98, 46.42
-0.27, -0.72, -0.70, -22.23, -40.44, 26.76
-0.52, -0.81, -0.85, -0.72, -48.09, -0.48
-0.79, -0.87, -0.83, 5.89, -30.87, -29.07
-0.82, -0.89, -0.72, 8.13, 14.01, -45.17
-0.62, -0.80, -0.67, 11.26, 13.70, -64.00
-0.45, -0.73, -0.70, 10.57, 10.47, -64.00
-0.18, -0.73, -0.68, 1.48, 32.90, -54.34
0.29, -0.66, -0.65, 1.12, 22.05, -38.53
0.46, -0.48, -0.64, -10.78, 14.54, -17.32
0.55, -0.34, -0.56, -27.76, 24.64, 24.45
0.68, -0.30, -0.52, -39.88, 15.48, 51.54
0.50, -0.36, -0.52, -46.57, -4.43, 55.93
0.18, -0.46, -0.60, -50.23, -3.27, 64.00
0.00, -0.55, -0.63, -49.97, -6.25, 64.00
-0.16, -0.64, -0.63, -41.68, -35.67, 53.48
-0.50, -0.73, -0.77, -24.44, -55.88, 28.34
-0.81, -0.77, -0.86, -6.22, -54.73, -5.02
-0.99, -0.83, -0.82, 7.65, -16.26, -31.84
-0.85, -0.88, -0.72, 10.93, 20.64, -50.51
-0.54, -0.82, -0.67, 7.02, 9.78, -64.00
-0.29, -0.72, -0.73, 5.84, 13.88, -60.98
0.06, -0.68, -0.77, 1.81, 32.90, -41.49
0.28, -0.59, -0.60, -16.04, 12.97, -32.87
0.35, -0.47, -0.54, -26.74, 12.02, -7.93
0.51, -0.37, -0.61, -31.84, 27.80, 33.27
0.59, -0.35, -0.56, -43.97, 14.81, 47.61
0.36, -0.45, -0.57, -46.29, 8.70, 57.18
0.09, -0.53, -0.64, -53.94, 9.07, 64.00
0.01, -0.57, -0.67, -50.19, 5.73, 64.00
-0.17, -0.62, -0.70, -37.43, -25.83, 51.77
-0.55, -0.68, -0.79, -20.33, -42.13, 25.82
-0.84, -0.74, -0.88, 1.35, -47.44, -9.50
-1.02, -0.83, -0.85, 10.88, -3.07, -37.13
-0.90, -0.86, -0.70, 9.41, 24.58, -53.05
-0.57, -0.77, -0.66, 13.11, 23.33, -64.00
-0.33, -0.68, -0.71, 7.99, 30.76, -63.75
0.05, -0.65, -0.65, -1.63, 55.09, -36.28
0.41, -0.59, -0.55, -12.08, 27.74, -22.59
0.49, -0.47, -0.56, -22.36, 12.35, -1.22
0.53, -0.39, -0.60, -32.34, 11.88, 33.60
0.50, -0.39, -0.59, -37.54, -2.32, 44.02
0.23, -0.47, -0.62, -37.38, -2.37, 47.62
-0.05, -0.53, -0.65, -40.91, 13.01, 60.17
-0.11, -0.57, -0.66, -36.70, 9.26, 56.49
-0.25, -0.63, -0.74, -21.99, -19.15, 37.99
-0.50, -0.72, -0.80, -10.91, -35.62, 10.78
-0.77, -0.79, -0.85, 2.79, -37.76, -20.59
-0.86, -0.80, -0.82, 11.58, 2.59, -36.58
-0.68, -0.77, -0.70, 16.21, 5.10, -59.13
-0.50, -0.75, -0.67, 13.87, 1.01, -64.00
-0.26, -0.77, -0.69, 6.10, 18.23, -60.70
0.12, -0.70, -0.63, -2.85, 31.53, -37.39
0.38, -0.57, -0.57, -12.50, 8.12, -31.87
0.42, -0.44, -0.59, -21.26, 12.31, -3.60
0.52, -0.39, -0.60, -32.31, 15.79, 31.09
0.55, -0.41, -0.58, -41.42, 9.86, 47.58
0.33, -0.48, -0.60, -45.27, 5.54, 54.27
0.07, -0.51, -0.64, -51.06, 14.09, 64.00
-0.04, -0.54, -0.63, -48.86, -3.72, 64.00
-0.23, -0.64, -0.71, -31.93, -45.16, 42.62
-0.54, -0.71, -0.87, -11.96, -61.58, 14.17
-0.86, -0.75, -0.90, 8.42, -57.66, -23.63
-1.01, -0.79, -0.79, 13.79, 5.58, -45.01
-0.80, -0.81, -0.65, 12.92, 18.60, -64.00
-0.53, -0.79, -0.65, 9.71, 13.30, -64.00
-0.18, -0.77, -0.71, 4.08, 40.15, -52.32
0.29, -0.69, -0.66, -2.46, 41.44, -30.88
0.50, -0.56, -0.56, -14.61, 4.63, -22.71
0.50, -0.43, -0.58, -24.02, 8.51, 7.82
0.56, -0.36, -0.60, -35.28, 7.48, 40.49
0.45, -0.38, -0.58, -44.70, -0.16, 47.30
0.15, -0.44, -0.61, -47.41, 4.00, 55.89
-0.05, -0.48, -0.65, -49.78, 9.35, 64.00
-0.11, -0.52, -0.68, -43.40, -11.84, 55.39
-0.27, -0.61, -0.76, -26.63, -37.23, 38.29
-0.52, -0.69, -0.85, -11.13, -45.38, 12.81
-0.83, -0.75, -0.87, 5.03, -32.14, -18.02
-0.91, -0.80, -0.80, 7.23, 20.39, -34.56
-0.65, -0.80, -0.69, 7.52, 34.88, -45.89
-0.37, -0.71, -0.69, 6.27, 21.96, -54.01
-0.17, -0.67, -0.71, 2.76, 17.43, -47.76
0.09, -0.65, -0.68, -1.69, 28.65, -24.24
0.38, -0.58, -0.59, -13.87, 18.49, -7.00
0.47, -0.51, -0.52, -27.22, 18.85, 17.03
0.52, -0.45, -0.54, -36.04, 15.15, 42.07
0.42, -0.50, -0.60, -44.34, 1.07, 48.77
0.11, -0.56, -0.65, -47.91, 4.61, 55.10
-0.08, -0.58, -0.67, -49.52, -2.29, 53.03
-0.21, -0.61, -0.77, -29.32, -12.90, 37.82
-0.50, -0.65, -0.88, -11.44, -35.97, 4.24
-0.84, -0.72, -0.89, 0.75, -27.86, -24.47
-0.93, -0.75, -0.83, 10.30, 12.92, -38.43
-0.67, -0.72, -0.74, 16.36, 22.15, -57.59
-0.46, -0.70, -0.69, 17.48, 12.17, -64.00
-0.23, -0.71, -0.68, 11.36, 29.35, -55.46
0.18, -0.67, -0.61, 0.91, 36.37, -30.56
0.42, -0.55, -0.53, -10.38, 19.07, -15.54
0.47, -0.44, -0.51, -23.49, 15.73, 9.07
0.52, -0.41, -0.52, -36.78, 13.88, 37.33
0.48, -0.46, -0.57, -45.52, 1.89, 46.65
0.23, -0.52, -0.64, -48.22, 2.37, 50.91
0.01, -0.52, -0.66, -52.09, 12.46, 61.85
-0.06, -0.54, -0.69, -46.18, -15.68, 54.74
-0.23, -0.61, -0.81, -22.53, -36.47, 37.00
-0.53, -0.66, -0.92, -2.46, -46.32, 6.25
-0.91, -0.73, -0.88, 9.79, -27.98, -28.41
-0.96, -0.80, -0.77, 11.56, 26.44, -41.40
-0.62, -0.78, -0.68, 12.19, 22.48, -59.82
-0.36, -0.76, -0.65, 8.55, 5.24, -64.00
-0.08, -0.76, -0.68, 3.21, 14.42, -51.47
0.27, -0.69, -0.69, 0.65, 16.51, -34.01
0.37, -0.55, -0.63, -8.51, -5.51, -31.25
0.27, -0.46, -0.59, -19.32, 11.01, -5.90
0.36, -0.42, -0.57, -30.26, 25.14, 23.92
0.48, -0.43, -0.56, -39.56, 22.27, 41.61
0.37, -0.51, -0.59, -44.52, 14.79, 50.17
0.14, -0.56, -0.64, -46.88, 19.26, 62.90
-0.01, -0.58, -0.64, -48.74, -2.54, 60.39
-0.20, -0.65, -0.71, -32.52, -43.60, 40.44
-0.47, -0.70, -0.84, -12.33, -60.03, 12.39
-0.83, -0.72, -0.85, 3.61, -57.28, -26.59
-0.99, -0.78, -0.77, 7.38, -0.26, -47.30
-0.79, -0.77, -0.69, 7.48, 17.41, -64.00
-0.51, -0.73, -0.67, 7.76, 25.86, -64.00
-0.13, -0.72, -0.67, 4.80, 25.56, -60.92
0.21, -0.70, -0.66, 1.07, 4.44, -49.11
0.37, -0.59, -0.70, -0.78, -9.99, -35.48
0.37, -0.45, -0.69, -6.24, -8.15, -14.24
0.37, -0.37, -0.59, -18.73, 5.46, 13.22
0.43, -0.36, -0.56, -27.23, 22.49, 39.25
0.41, -0.42, -0.57, -35.26, 14.77, 47.91
0.18, -0.51, -0.59, -41.71, 12.25, 57.81
-0.00, -0.56, -0.62, -46.25, 7.06, 64.00
-0.10, -0.62, -0.65, -39.29, -31.96, 53.98
-0.30, -0.69, -0.74, -24.53, -61.86, 30.65
-0.60, -0.75, -0.84, -7.12, -64.00, -4.50
-0.90, -0.78, -0.86, 1.28, -44.94, -32.08
-0.90, -0.81, -0.76, 6.70, 5.33, -46.59
-0.65, -0.80, -0.69, 10.00, 8.88, -64.00
-0.43, -0.76, -0.72, 10.49, 2.52, -64.00
-0.17, -0.74, -0.76, 12.68, 27.34, -59.44
0.21, -0.67, -0.70, 9.70, 15.44, -46.06
0.36, -0.57, -0.59, -1.10, -0.76, -33.03
0.39, -0.46, -0.60, -5.64, -5.93, -12.34
0.43, -0.38, -0.58, -20.17, 8.36, 23.55
0.47, -0.38, -0.53, -34.09, 13.09, 41.09
0.34, -0.45, -0.52, -40.46, 12.39, 49.88
0.11, -0.51, -0.57, -46.72, 12.88, 61.43
-0.01, -0.54, -0.64, -46.94, -1.80, 64.00
-0.15, -0.57, -0.70, -33.28, -27.60, 52.26
-0.43, -0.65, -0.76, -14.02, -51.71, 20.85
-0.76, -0.73, -0.83, 4.42, -51.46, -11.23
-0.95, -0.82, -0.83, 12.74, -16.27, -38.76
-0.82, -0.90, -0.73, 16.39, 17.62, -52.80
-0.48, -0.87, -0.68, 16.45, 14.78, -64.00
-0.22, -0.81, -0.71, 11.97, 19.58, -64.00
0.07, -0.78, -0.69, 1.77, 30.39, -49.53
0.33, -0.69, -0.65, -5.07, 25.86, -32.45
0.44, -0.54, -0.63, -12.74, 19.65, -15.72
0.43, -0.45, -0.54, -27.98, 21.84, 9.84
0.46, -0.42, -0.52, -38.19, 26.22, 37.24
0.42, -0.46, -0.53, -49.22, 16.24, 47.89
0.18, -0.55, -0.56, -49.65, 17.00, 56.43
-0.01, -0.58, -0.59, -50.68, 4.63, 57.81
-0.17, -0.63, -0.63, -43.76, -40.27, 43.81
-0.35, -0.70, -0.76, -23.65, -64.00, 19.26
-0.63, -0.74, -0.85, -6.66, -64.00, -18.97
-0.90, -0.81, -0.81, 1.91, -23.20, -42.35
-0.81, -0.80, -0.72, 9.78, 14.07, -54.02
-0.52, -0.78, -0.69, 11.35, 9.59, -64.00
-0.28, -0.78, -0.70, 9.64, 5.61, -64.00
0.01, -0.72, -0.67, 6.71, 14.49, -50.17
0.29, -0.66, -0.65, 7.07, -2.99, -45.57
0.30, -0.55, -0.64, -3.03, -18.30, -39.42
0.23, -0.47, -0.61, -10.91, -11.58, -12.21
0.30, -0.41, -0.59, -20.51, 11.03, 15.47
0.38, -0.35, -0.54, -30.80, 20.87, 33.15
0.29, -0.38, -0.52, -36.09, 26.93, 44.11
0.16, -0.48, -0.56, -42.29, 37.46, 55.65
0.10, -0.61, -0.58, -50.45, 32.86, 64.00
0.05, -0.71, -0.59, -50.35, -4.26, 64.00
-0.07, -0.78, -0.70, -37.68, -39.17, 54.37
-0.34, -0.80, -0.84, -20.40, -64.00, 24.08
-0.75, -0.80, -0.88, -3.23, -64.00, -21.80
-1.02, -0.84, -0.85, 7.47, -19.18, -44.52
-0.86, -0.86, -0.75, 10.89, 18.05, -64.00
-0.58, -0.79, -0.72, 12.36, 24.34, -64.00
-0.30, -0.75, -0.71, 9.71, 45.71, -64.00
0.16, -0.70, -0.67, 9.15, 47.83, -45.25
0.46, -0.58, -0.63, 2.41, 13.86, -34.47
0.49, -0.45, -0.57, -11.43, 4.69, -5.88
0.56, -0.36, -0.50, -22.86, 5.75, 30.19
0.55, -0.34, -0.47, -38.80, 0.71, 43.21
0.33, -0.44, -0.47, -42.88, 2.07, 52.54
0.07, -0.53, -0.54, -49.15, 14.43, 62.91
-0.06, -0.61, -0.57, -53.19, 7.94, 64.00
-0.14, -0.68, -0.61, -45.15, -19.87, 59.71
-0.27, -0.76, -0.72, -30.19, -43.06, 36.86
-0.56, -0.78, -0.82, -15.99, -56.49, 2.39
-0.87, -0.80, -0.85, -2.87, -41.23, -29.10
-0.88, -0.84, -0.81, 6.47, 6.37, -43.38
-0.62, -0.82, -0.74, 10.79, 14.33, -64.00
-0.44, -0.77, -0.75, 14.40, 8.96, -64.00
-0.19, -0.76, -0.74, 10.98, 27.97, -58.96
0.20, -0.70, -0.67, 9.42, 29.13, -38.54
0.44, -0.56, -0.61, -0.60, 5.43, -29.44
0.44, -0.43, -0.56, -11.96, 7.59, 3.75
0.55, -0.36, -0.50, -27.00, 20.87, 38.01
0.55, -0.37, -0.47, -37.23, 10.09, 49.96
0.27, -0.48, -0.52, -44.19, 9.47, 55.96
0.04, -0.57, -0.57, -52.91, 17.86, 64.00
-0.05, -0.64, -0.58, -55.83, -2.41, 64.00
-0.14, -0.70, -0.67, -41.89, -29.20, 54.94
-0.38, -0.73, -0.78, -26.24, -48.91, 27.22
-0.73, -0.75, -0.84, -6.62, -53.88, -11.44
-0.96, -0.82, -0.85, 3.62, -15.03, -36.00
-0.83, -0.87, -0.76, 8.01, 18.59, -51.69
-0.55, -0.80, -0.70, 10.70, 13.62, -64.00
-0.35, -0.74, -0.72, 8.34, 16.50, -64.00
-0.01, -0.73, -0.70, 3.99, 31.80, -51.88
0.35, -0.65, -0.66, 1.48, 17.39, -37.89
0.44, -0.52, -0.61, -10.18, -4.31, -25.65
0.40, -0.41, -0.57, -20.49, 7.23, 9.86
0.50, -0.36, -0.53, -32.94, 17.69, 40.04
0.42, -0.40, -0.49, -42.17, 10.67, 49.35
0.18, -0.50, -0.52, -43.97, 17.98, 57.97
0.02, -0.57, -0.56, -53.24, 20.77, 64.00
-0.04, -0.63, -0.58, -52.01, -4.28, 64.00
-0.14, -0.70, -0.67, -38.08, -25.83, 54.86
-0.40, -0.74, -0.79, -25.60, -52.55, 23.56
-0.76, -0.76, -0.85, -7.08, -62.57, -14.66
-0.98, -0.79, -0.87, 7.47, -23.88, -41.11
-0.86, -0.82, -0.79, 14.63, 13.22, -59.08
-0.60, -0.77, -0.72, 17.05, 14.59, -64.00
-0.36, -0.75, -0.72, 14.54, 31.11, -64.00
0.10, -0.72, -0.68, 11.21, 44.55, -45.33
0.44, -0.62, -0.62, 2.75, 20.21, -33.60
0.49, -0.50, -0.54, -11.84, 1.57, -13.98
0.52, -0.41, -0.52, -23.80, 16.12, 27.61
0.60, -0.38, -0.49, -39.42, 12.11, 46.46
0.40, -0.45, -0.50, -46.29, 5.16, 53.82
0.10, -0.54, -0.58, -51.07, 14.77, 64.00
-0.04, -0.60, -0.59, -55.56, 5.99, 64.00
-0.14, -0.66, -0.64, -45.16, -17.91, 59.29
-0.33, -0.70, -0.78, -28.69, -43.54, 31.60
-0.66, -0.72, -0.85, -9.77, -53.76, -0.52
-0.91, -0.79, -0.87, 3.63, -32.23, -34.03
-0.86, -0.85, -0.81, 10.79, 9.68, -46.29
-0.60, -0.80, -0.73, 10.16, 13.23, -64.00
-0.37, -0.73, -0.72, 9.58, 11.36, -64.00
-0.10, -0.71, -0.71, 3.31, 25.51, -54.37
0.28, -0.67, -0.67, 0.91, 23.43, -36.80
0.44, -0.57, -0.63, -10.55, 4.57, -27.26
0.41, -0.49, -0.59, -23.25, 7.77, -4.52
0.47, -0.47, -0.57, -35.60, 22.50, 23.70
0.48, -0.49, -0.54, -48.06, 16.98, 37.57
0.25, -0.59, -0.56, -57.27, 25.02, 44.56
0.05, -0.65, -0.61, -62.38, 42.41, 53.64
-0.02, -0.64, -0.63, -63.53, 33.77, 54.81
-0.09, -0.63, -0.70, -49.98, -4.90, 45.16
-0.29, -0.65, -0.83, -25.09, -40.52, 25.55
-0.60, -0.68, -0.89, -4.38, -58.60, -12.52
-0.91, -0.74, -0.86, 10.67, -35.25, -40.49
-0.93, -0.76, -0.75, 16.33, 9.78, -58.93
-0.72, -0.69, -0.65, 19.41, 21.31, -64.00
-0.48, -0.65, -0.61, 14.54, 34.73, -64.00
0.02, -0.66, -0.56, 7.90, 52.77, -46.93
0.49, -0.57, -0.54, 0.53, 20.85, -26.89
0.62, -0.48, -0.51, -10.95, 0.52, -2.25
0.67, -0.42, -0.52, -19.82, 0.37, 31.30
0.63, -0.44, -0.52, -32.18, 1.76, 48.46
0.39, -0.53, -0.52, -41.25, 6.74, 57.05
0.11, -0.61, -0.57, -52.52, 17.94, 64.00
-0.06, -0.65, -0.60, -53.80, 0.04, 63.93
-0.18, -0.66, -0.69, -38.46, -35.64, 52.03
-0.37, -0.70, -0.80, -19.72, -64.00, 23.99
-0.67, -0.74, -0.88, -2.22, -64.00, -18.22
-0.94, -0.79, -0.87, 6.10, -44.44, -42.12
-0.85, -0.81, -0.78, 8.39, 8.26, -57.69
-0.57, -0.73, -0.73, 11.34, 22.89, -64.00
-0.32, -0.70, -0.74, 9.45, 27.51, -64.00
0.01, -0.71, -0.73, 6.47, 40.90, -47.13
0.39, -0.66, -0.69, 2.24, 29.94, -28.41
0.52, -0.55, -0.61, -8.66, 11.51, -7.21
0.58, -0.45, -0.54, -19.43, 26.11, 28.41
0.62, -0.41, -0.51, -34.28, 16.15, 46.39
0.37, -0.47, -0.53, -44.10, 5.97, 48.83
0.06, -0.55, -0.57, -52.11, 15.32, 59.75
-0.10, -0.62, -0.59, -56.07, 7.74, 60.21
-0.20, -0.66, -0.68, -45.32, -24.42, 46.16
-0.33, -0.70, -0.77, -27.04, -43.48, 25.61
-0.55, -0.72, -0.85, -12.31, -55.86, -10.21
-0.80, -0.75, -0.88, 2.33, -28.46, -33.39
-0.76, -0.81, -0.81, 7.66, 7.36, -47.92
-0.56, -0.75, -0.74, 10.13, 14.24, -64.00
-0.36, -0.72, -0.73, 6.53, 14.05, -64.00
-0.04, -0.72, -0.69, 3.81, 27.13, -53.59
0.32, -0.66, -0.64, 2.19, 15.03, -34.60
0.47, -0.55, -0.60, -7.86, 7.35, -15.96
0.53, -0.47, -0.54, -18.21, 19.13, 18.04
0.58, -0.45, -0.50, -33.26, 24.19, 40.68
0.47, -0.51, -0.50, -46.27, 21.11, 53.85
0.24, -0.56, -0.54, -53.52, 26.92, 63.77
0.06, -0.58, -0.56, -57.21, 30.00, 64.00
-0.06, -0.60, -0.65, -50.48, -5.24, 60.65
-0.24, -0.65, -0.75, -33.99, -42.43, 45.36
-0.52, -0.68, -0.86, -12.56, -64.00, 4.26
-0.93, -0.67, -0.93, 8.81, -64.00, -33.16
-1.04, -0.72, -0.84, 16.61, -18.34, -55.01
-0.81, -0.72, -0.72, 20.04, 5.75, -64.00
-0.50, -0.70, -0.71, 17.32, 23.31, -64.00
-0.06, -0.71, -0.69, 8.79, 54.91, -56.54
0.40, -0.69, -0.58, -3.21, 48.79, -27.75
0.68, -0.61, -0.54, -15.72, 40.40, 0.96
0.81, -0.54, -0.54, -25.40, 40.37, 38.68
0.79, -0.50, -0.53, -44.25, 25.13, 58.34
0.49, -0.53, -0.55, -55.35, 10.76, 64.00
0.09, -0.53, -0.59, -56.47, 2.91, 64.00
-0.19, -0.52, -0.65, -49.12, -28.71, 54.20
-0.43, -0.57, -0.77, -28.05, -51.72, 32.95
-0.69, -0.64, -0.85, -5.51, -64.00, -8.82
-0.99, -0.69, -0.87, 5.70, -47.43, -39.26
-0.92, -0.72, -0.78, 9.58, 3.43, -51.60
-0.59, -0.70, -0.68, 11.25, 7.57, -64.00
-0.23, -0.67, -0.69, 8.36, 6.17, -63.23
0.10, -0.69, -0.70, 1.34, 20.11, -38.74
0.45, -0.68, -0.64, -3.43, 11.64, -18.52
0.52, -0.62, -0.58, -14.26, 7.74, 1.79
0.53, -0.60, -0.54, -26.01, 27.39, 31.28
0.56, -0.61, -0.52, -40.36, 32.62, 52.50
0.41, -0.62, -0.54, -51.43, 25.94, 59.68
0.19, -0.58, -0.57, -57.53, 28.92, 64.00
0.04, -0.52, -0.59, -59.66, 9.98, 64.00
-0.12, -0.52, -0.70, -46.00, -26.13, 54.56
-0.34, -0.58, -0.78, -32.71, -53.92, 33.57
-0.65, -0.63, -0.83, -15.18, -64.00, -3.07
-0.89, -0.65, -0.91, 3.82, -46.62, -28.75
-0.85, -0.68, -0.82, 7.05, 12.46, -37.90
-0.55, -0.68, -0.67, 6.40, 46.93, -41.43
-0.14, -0.63, -0.63, 1.55, 50.80, -31.50
0.16, -0.60, -0.64, -4.85, 42.96, -12.89
0.38, -0.60, -0.63, -13.67, 25.14, 7.34
0.44, -0.60, -0.60, -21.85, -0.92, 22.89
0.32, -0.60, -0.61, -25.53, -18.88, 27.56
0.10, -0.60, -0.65, -29.03, -29.49, 25.19
-0.17, -0.60, -0.70, -25.03, -37.36, 16.17
-0.37, -0.63, -0.75, -19.20, -23.96, 4.26
-0.48, -0.66, -0.76, -15.38, -0.28, -4.51
-0.44, -0.68, -0.74, -15.57, 26.65, -7.74
-0.23, -0.65, -0.71, -13.06, 35.16, -3.96
-0.02, -0.61, -0.69, -16.33, 24.16, 1.26
0.12, -0.61, -0.68, -19.19, 10.88, 8.44
0.13, -0.61, -0.68, -20.23, -1.47, 13.29
0.07, -0.60, -0.68, -21.12, -5.82, 15.78
-0.02, -0.58, -0.68, -20.72, -4.40, 17.81
-0.08, -0.56, -0.67, -23.96, 1.84, 19.95
-0.09, -0.57, -0.67, -23.47, 5.97, 20.70
-0.11, -0.60, -0.67, -24.26, 7.43, 19.25
-0.16, -0.63, -0.67, -21.64, 6.45, 16.16
-0.19, -0.63, -0.69, -19.54, 6.10, 13.33
-0.20, -0.63, -0.69, -14.23, 2.36, 9.20
-0.21, -0.65, -0.69, -10.86, 2.52, 5.14
-0.22, -0.68, -0.68, -9.55, 4.56, 0.90
-0.21, -0.70, -0.67, -10.63, 7.57, -2.68
-0.19, -0.69, -0.67, -14.37, 12.11, -3.88
-0.14, -0.67, -0.66, -16.86, 10.28, -6.87
-0.09, -0.64, -0.65, -17.35, 6.17, -7.48
-0.08, -0.62, -0.67, -16.87, 2.37, -6.55
-0.10, -0.61, -0.70, -14.27, 3.97, -7.35
-0.12, -0.61, -0.71, -13.30, 7.20, -6.70
-0.12, -0.61, -0.71, -13.53, 8.80, -7.74
-0.11, -0.61, -0.70, -13.04, 10.87, -7.43
-0.09, -0.61, -0.69, -13.57, 12.79, -8.22
-0.08, -0.61, -0.68, -12.56, 10.48, -9.33
-0.09, -0.61, -0.69, -10.96, 13.93, -9.21
-0.09, -0.61, -0.70, -12.25, 12.28, -10.54
-0.10, -0.63, -0.68, -17.46, 18.61, -6.62
-0.06, -0.66, -0.67, -17.79, 17.54, -3.37
-0.00, -0.66, -0.69, -21.02, 10.24, 0.90
0.02, -0.64, -0.69, -24.09, -0.52, 2.30
0.04, -0.62, -0.73, -21.47, -4.08, 6.91
0.02, -0.59, -0.77, -20.38, -2.58, 7.53
-0.03, -0.60, -0.75, -21.10, 6.96, 11.81
-0.04, -0.63, -0.71, -26.62, 3.55, 9.81
-0.07, -0.63, -0.70, -29.08, 3.30, 8.21
-0.11, -0.60, -0.75, -25.49, 6.89, 2.83
-0.20, -0.56, -0.77, -21.02, 13.96, -3.10
-0.26, -0.55, -0.75, -18.55, 21.44, -6.33
-0.23, -0.58, -0.73, -16.35, 25.18, -5.95
-0.12, -0.63, -0.71, -17.30, 22.61, -6.30
-0.03, -0.63, -0.69, -17.23, 17.15, -4.54
0.03, -0.60, -0.68, -18.35, 16.15, -0.74
0.05, -0.58, -0.67, -18.67, 19.91, 5.11
0.05, -0.56, -0.67, -21.12, 18.93, 7.18
0.01, -0.55, -0.68, -26.36, 16.41, 11.67
-0.01, -0.54, -0.69, -27.20, 12.32, 14.47
-0.03, -0.52, -0.70, -26.18, 3.49, 12.60
-0.05, -0.51, -0.72, -24.65, -3.40, 11.76
-0.09, -0.51, -0.76, -21.42, -7.79, 10.09
-0.17, -0.54, -0.79, -16.25, -9.70, 7.82
-0.25, -0.58, -0.81, -10.31, -5.15, 4.53
-0.21, -0.61, -0.79, -5.50, -5.82, -0.10
-0.19, -0.63, -0.78, 0.21, -3.91, -4.43
-0.18, -0.61, -0.78, 4.41, 1.96, -8.82
-0.18, -0.59, -0.78, 6.85, 11.94, -12.69
-0.15, -0.59, -0.77, 7.91, 18.47, -13.14
-0.09, -0.58, -0.75, 6.47, 19.55, -12.62
-0.02, -0.58, -0.72, 4.21, 15.45, -11.80
0.03, -0.58, -0.69, 1.46, 8.65, -10.95
0.05, -0.57, -0.68, 0.17, 5.20, -8.68
0.02, -0.56, -0.68, 0.20, 6.19, -7.14
-0.04, -0.58, -0.67, -0.09, 10.25, -7.49
-0.07, -0.63, -0.66, -3.59, 9.99, -6.85
-0.04, -0.65, -0.64, -5.60, 6.48, -6.31
0.01, -0.64, -0.64, -2.71, -1.99, -6.50
0.01, -0.61, -0.66, -0.50, -1.67, -7.30
-0.03, -0.59, -0.65, 2.05, 3.18, -7.82
-0.07, -0.64, -0.62, 2.75, 9.98, -8.13
-0.04, -0.70, -0.59, 2.23, 10.55, -6.23
0.02, -0.73, -0.59, 3.73, 0.11, -7.21
0.05, -0.72, -0.60, 3.98, -8.60, -4.22
0.06, -0.71, -0.61, 6.46, -12.65, -4.84
0.03, -0.72, -0.60, 5.30, -15.30, -7.10
0.00, -0.75, -0.58, 5.54, -18.97, -8.95
0.00, -0.77, -0.59, 6.16, -21.19, -10.53
-0.00, -0.77, -0.61, 5.55, -27.95, -13.88
-0.04, -0.76, -0.63, 5.27, -28.46, -16.88
-0.06, -0.76, -0.65, 6.40, -33.43, -21.67
-0.08, -0.77, -0.67, 5.10, -39.21, -26.20
-0.10, -0.78, -0.68, 7.16, -43.14, -30.46
-0.08, -0.78, -0.69, 9.17, -44.82, -34.54
-0.06, -0.76, -0.71, 12.24, -44.10, -38.27
-0.07, -0.74, -0.72, 13.08, -35.24, -40.30
-0.06, -0.73, -0.72, 13.67, -19.94, -42.04
-0.07, -0.71, -0.70, 13.62, -7.80, -42.65
-0.05, -0.68, -0.68, 14.50, 2.68, -37.55
0.00, -0.67, -0.65, 13.23, 3.50, -30.93
0.11, -0.67, -0.62, 10.04, 9.57, -17.70
0.25, -0.64, -0.55, 1.27, 15.62, -0.43
0.31, -0.60, -0.47, -7.35, 17.98, 16.28
0.27, -0.58, -0.47, -18.04, 21.19, 30.00
0.21, -0.61, -0.52, -25.69, 21.24, 41.98
0.16, -0.64, -0.55, -32.74, 18.64, 50.06
0.15, -0.65, -0.57, -37.57, 13.23, 55.76
0.14, -0.68, -0.58, -40.62, -1.56, 56.67
-0.01, -0.72, -0.60, -41.13, -20.28, 48.81
-0.23, -0.75, -0.67, -36.77, -28.38, 32.60
-0.44, -0.78, -0.73, -26.02, -35.68, 9.47
-0.61, -0.84, -0.75, -16.07, -42.05, -22.30
-0.66, -0.89, -0.73, -16.44, -21.89, -34.96
-0.52, -0.86, -0.68, -11.70, -7.22, -53.01
-0.37, -0.77, -0.66, -6.44, -4.97, -62.30
-0.19, -0.70, -0.67, -3.40, 10.08, -53.35
0.08, -0.66, -0.64, -2.34, 29.69, -30.93
0.38, -0.60, -0.55, -8.56, 33.75, -6.29
0.55, -0.55, -0.48, -19.88, 38.81, 23.46
0.65, -0.52, -0.46, -28.55, 33.30, 50.02
0.54, -0.54, -0.51, -38.73, 17.50, 62.70
0.23, -0.61, -0.57, -44.85, 24.16, 64.00
0.03, -0.64, -0.58, -45.36, 20.02, 64.00
-0.16, -0.68, -0.65, -34.05, -0.22, 50.51
-0.43, -0.76, -0.71, -25.78, -28.13, 22.21
-0.72, -0.81, -0.74, -11.78, -49.20, -12.20
-0.88, -0.84, -0.76, 0.78, -19.62, -39.45
-0.79, -0.86, -0.67, -0.60, 13.90, -58.56
-0.58, -0.82, -0.59, 2.75, 27.45, -64.00
-0.34, -0.76, -0.61, 4.14, 29.43, -64.00
0.04, -0.72, -0.61, -0.70, 44.43, -46.57
0.46, -0.66, -0.59, 2.28, 32.16, -19.69
0.61, -0.54, -0.56, -4.94, 8.24, -0.92
0.60, -0.49, -0.50, -12.94, 11.28, 30.44
0.58, -0.49, -0.49, -23.26, 7.07, 46.52
0.36, -0.54, -0.54, -30.91, 4.98, 51.89
0.07, -0.59, -0.57, -36.31, 20.44, 57.71
-0.05, -0.61, -0.58, -39.12, 20.51, 54.68
-0.17, -0.68, -0.63, -30.51, -0.91, 38.61
-0.32, -0.80, -0.69, -22.05, -18.12, 18.96
-0.51, -0.90, -0.71, -16.48, -30.73, -7.66
-0.65, -0.89, -0.73, -4.76, -17.11, -29.44
-0.56, -0.84, -0.68, -0.05, 6.76, -45.00
-0.38, -0.80, -0.63, 6.88, 5.68, -60.88
-0.22, -0.77, -0.66, 9.26, 1.62, -60.95
0.01, -0.75, -0.67, 9.65, 15.34, -42.35
0.32, -0.68, -0.60, 7.60, 17.25, -21.47
0.47, -0.57, -0.52, -0.79, 16.24, 1.36
0.54, -0.49, -0.45, -11.98, 20.06, 28.29
0.56, -0.50, -0.45, -22.67, 17.92, 48.66
0.40, -0.55, -0.50, -30.78, 7.26, 54.32
0.14, -0.61, -0.54, -42.14, 15.37, 62.52
0.06, -0.64, -0.55, -43.54, 14.82, 64.00
-0.04, -0.70, -0.60, -38.01, -7.69, 52.12
-0.20, -0.79, -0.68, -33.59, -21.97, 37.61
-0.46, -0.86, -0.71, -26.27, -43.42, 10.21
-0.69, -0.84, -0.78, -9.46, -41.54, -23.91
-0.74, -0.83, -0.77, -3.41, -7.76, -38.93
-0.57, -0.81, -0.69, 1.57, 10.93, -57.25
-0.38, -0.76, -0.66, 5.50, 15.78, -64.00
-0.16, -0.75, -0.66, 3.29, 13.89, -63.03
0.15, -0.75, -0.66, 1.00, 23.68, -33.82
0.49, -0.65, -0.62, 0.76, 18.81, -13.16
0.54, -0.54, -0.52, -10.71, 4.79, 4.41
0.53, -0.53, -0.46, -22.55, 23.75, 34.94
0.55, -0.56, -0.47, -37.60, 16.34, 50.03
0.33, -0.63, -0.49, -50.25, 12.08, 56.94
0.10, -0.64, -0.53, -54.02, 20.49, 63.09
-0.01, -0.65, -0.57, -50.29, 6.40, 57.32
-0.16, -0.71, -0.66, -40.95, -24.80, 39.32
-0.43, -0.78, -0.72, -28.07, -48.16, 14.56
-0.67, -0.81, -0.78, -10.70, -57.50, -19.76
-0.82, -0.80, -0.78, 2.58, -21.60, -40.28
-0.70, -0.77, -0.69, 13.43, 8.96, -61.68
-0.48, -0.73, -0.66, 19.61, 15.13, -64.00
-0.27, -0.74, -0.69, 21.34, 22.13, -64.00
0.09, -0.73, -0.64, 17.73, 31.43, -46.73
0.43, -0.66, -0.58, 16.99, 17.66, -25.46
0.54, -0.58, -0.53, 8.87, 8.70, -7.13
0.62, -0.56, -0.44, -6.94, 28.24, 31.61
0.67, -0.58, -0.38, -22.68, 29.71, 52.70
0.51, -0.63, -0.43, -37.12, 14.78, 60.94
0.23, -0.65, -0.50, -47.89, 15.30, 64.00
0.05, -0.63, -0.55, -46.60, 2.78, 64.00
-0.14, -0.65, -0.64, -33.85, -21.44, 51.36
-0.42, -0.72, -0.71, -23.75, -44.74, 28.06
-0.68, -0.75, -0.73, -8.42, -56.13, -6.45
-0.87, -0.76, -0.76, 8.14, -27.18, -28.25
-0.76, -0.79, -0.68, 12.74, 15.40, -44.31
-0.48, -0.79, -0.63, 22.73, 27.32, -52.10
-0.22, -0.77, -0.64, 27.10, 22.97, -51.04
0.06, -0.77, -0.65, 23.76, 18.21, -33.80
0.35, -0.75, -0.60, 18.42, 19.09, -6.90
0.55, -0.66, -0.53, 11.83, 3.48, 4.74
0.51, -0.62, -0.45, -8.82, 14.69, 27.02
0.49, -0.67, -0.42, -21.67, 30.46, 46.84
0.42, -0.72, -0.45, -37.60, 23.54, 51.81
0.19, -0.73, -0.49, -48.67, 24.58, 58.05
0.06, -0.70, -0.52, -51.29, 14.37, 56.40
-0.09, -0.70, -0.60, -41.95, -16.22, 41.28
-0.33, -0.75, -0.71, -29.27, -41.26, 21.80
-0.56, -0.78, -0.74, -14.25, -51.49, -7.13
-0.74, -0.80, -0.75, 1.74, -25.78, -31.08
-0.68, -0.80, -0.70, 8.11, 11.67, -43.75
-0.48, -0.76, -0.64, 13.80, 20.19, -58.25
-0.30, -0.75, -0.61, 16.02, 23.50, -61.81
-0.05, -0.79, -0.58, 8.78, 28.64, -46.07
0.27, -0.78, -0.53, 3.19, 30.67, -21.71
0.49, -0.68, -0.49, -3.10, 6.97, -8.86
0.48, -0.62, -0.43, -15.20, 8.42, 13.44
0.51, -0.64, -0.41, -31.68, 18.41, 39.24
0.49, -0.69, -0.43, -47.69, 9.56, 45.70
0.25, -0.70, -0.48, -58.25, 12.08, 51.88
0.06, -0.64, -0.52, -60.30, 15.75, 54.09
-0.07, -0.63, -0.58, -49.29, -4.13, 45.83
-0.28, -0.70, -0.71, -33.98, -33.02, 26.49
-0.54, -0.76, -0.76, -16.79, -47.57, 1.54
-0.77, -0.78, -0.75, 1.98, -34.02, -26.79
-0.75, -0.78, -0.70, 11.50, 10.31, -38.44
-0.48, -0.75, -0.61, 20.51, 22.61, -53.94
-0.30, -0.74, -0.58, 20.90, 19.63, -55.33
-0.06, -0.78, -0.56, 19.29, 16.04, -43.36
0.21, -0.78, -0.53, 15.36, 21.03, -18.78
0.45, -0.70, -0.50, 16.48, 7.93, -4.06
0.43, -0.65, -0.45, 6.69, -0.75, 11.40
0.36, -0.67, -0.41, -2.66, 19.82, 35.40
0.37, -0.69, -0.40, -11.51, 20.36, 44.24
0.26, -0.70, -0.42, -27.70, 9.36, 44.79
0.12, -0.71, -0.48, -39.13, 5.16, 48.12
0.02, -0.70, -0.52, -40.75, -1.82, 46.10
-0.09, -0.69, -0.60, -33.44, -28.14, 31.18
-0.27, -0.73, -0.70, -23.13, -39.43, 18.19
-0.46, -0.77, -0.76, -9.57, -40.93, -5.59
-0.60, -0.79, -0.76, 1.50, -25.53, -22.63
-0.59, -0.82, -0.71, 8.32, 14.31, -31.48
-0.37, -0.79, -0.65, 14.50, 22.53, -42.88
-0.18, -0.78, -0.61, 10.87, 18.54, -43.79
-0.01, -0.83, -0.59, 3.89, 11.76, -34.78
0.20, -0.82, -0.54, -3.77, 8.30, -17.88
0.36, -0.75, -0.51, -10.29, 3.99, -2.54
0.42, -0.69, -0.45, -22.42, 6.45, 14.43
0.41, -0.68, -0.40, -35.91, 16.54, 31.38
0.34, -0.73, -0.43, -52.25, 14.77, 40.66
0.16, -0.74, -0.49, -57.88, 18.22, 47.81
0.03, -0.69, -0.51, -59.83, 13.43, 49.77
-0.08, -0.70, -0.55, -50.54, -17.54, 36.50
-0.26, -0.74, -0.69, -27.96, -34.56, 21.11
-0.51, -0.76, -0.74, -16.35, -45.02, -8.06
-0.77, -0.76, -0.71, 1.94, -26.05, -29.21
-0.73, -0.74, -0.68, 13.65, 9.44, -40.93
-0.53, -0.71, -0.62, 23.95, 8.35, -59.34
-0.40, -0.73, -0.56, 24.95, 7.25, -64.00
-0.13, -0.79, -0.55, 20.59, 16.21, -51.64
0.23, -0.76, -0.51, 14.28, 17.03, -26.13
0.47, -0.68, -0.44, 6.26, -0.56, -15.33
0.50, -0.64, -0.38, -11.23, -0.10, 9.91
0.54, -0.70, -0.35, -28.85, 20.60, 38.07
0.55, -0.74, -0.36, -43.53, 15.20, 49.10
0.37, -0.74, -0.41, -58.39, 10.96, 58.79
0.17, -0.71, -0.48, -63.04, 9.98, 64.00
0.03, -0.70, -0.57, -52.28, -5.66, 57.83
-0.19, -0.75, -0.67, -44.71, -28.04, 42.50
-0.48, -0.79, -0.73, -28.57, -57.42, 11.61
-0.81, -0.76, -0.78, -3.40, -60.73, -22.48
-0.93, -0.76, -0.76, 12.48, -14.71, -42.55
-0.74, -0.77, -0.67, 21.96, 20.02, -59.95
-0.50, -0.77, -0.58, 21.89, 12.26, -64.00
-0.24, -0.82, -0.57, 18.04, 17.06, -64.00
0.17, -0.82, -0.57, 13.08, 31.39, -36.56
0.53, -0.72, -0.50, 7.12, 8.39, -23.03
0.53, -0.65, -0.40, -8.90, -7.83, -5.44
0.52, -0.67, -0.36, -26.32, 15.53, 30.16
0.59, -0.71, -0.35, -43.41, 13.75, 45.23
0.39, -0.73, -0.38, -55.85, 8.46, 53.55
0.12, -0.70, -0.44, -61.83, 16.06, 63.67
-0.04, -0.67, -0.49, -54.05, 5.96, 56.23
-0.22, -0.73, -0.61, -38.96, -5.92, 48.63
-0.38, -0.79, -0.67, -31.95, -33.15, 22.21
-0.63, -0.77, -0.71, -5.78, -45.46, -4.72
-0.78, -0.75, -0.74, 11.31, -30.24, -26.90
-0.71, -0.81, -0.66, 24.02, 1.47, -41.09
-0.54, -0.84, -0.60, 28.39, 5.10, -61.62
-0.37, -0.86, -0.57, 22.44, 2.01, -64.00
-0.13, -0.88, -0.54, 12.82, 9.57, -57.86
0.31, -0.80, -0.55, 9.16, 20.44, -32.61
0.52, -0.66, -0.53, 1.71, -3.83, -22.47
0.50, -0.59, -0.43, -17.40, 17.02, 12.32
0.62, -0.62, -0.40, -33.20, 26.33, 40.71
0.57, -0.65, -0.43, -53.89, 15.88, 50.01
0.29, -0.68, -0.45, -64.00, 21.02, 63.70
0.06, -0.64, -0.48, -64.00, 16.92, 64.00
-0.10, -0.64, -0.59, -47.90, -11.08, 54.92
-0.33, -0.73, -0.69, -37.94, -28.43, 38.99
-0.60, -0.79, -0.71, -23.21, -50.93, 1.65
-0.88, -0.77, -0.73, -2.48, -36.18, -24.10
-0.86, -0.77, -0.69, 9.21, 18.41, -36.02
-0.59, -0.76, -0.59, 18.75, 31.43, -51.77
-0.36, -0.78, -0.54, 15.78, 25.55, -60.27
-0.12, -0.84, -0.54, 10.45, 14.83, -52.96
0.17, -0.83, -0.56, 4.22, 16.15, -27.98
0.44, -0.74, -0.52, -0.67, 7.08, -11.51
0.52, -0.65, -0.41, -13.52, -2.82, 2.40
0.51, -0.67, -0.37, -30.46, 11.02, 28.42
0.49, -0.73, -0.39, -44.19, 13.82, 41.61
0.30, -0.75, -0.43, -56.98, 13.95, 50.10
0.07, -0.71, -0.49, -59.33, 21.66, 58.75
-0.01, -0.68, -0.53, -52.90, 7.46, 51.91
-0.13, -0.73, -0.62, -40.99, -23.21, 39.71
-0.35, -0.79, -0.71, -31.19, -42.23, 19.26
-0.65, -0.76, -0.74, -14.81, -57.99, -11.08
-0.86, -0.72, -0.76, 9.19, -34.46, -32.19
-0.81, -0.71, -0.72, 18.21, 6.08, -46.43
-0.56, -0.70, -0.62, 25.48, 19.22, -64.00
-0.38, -0.74, -0.56, 22.72, 15.93, -64.00
-0.08, -0.80, -0.55, 18.16, 16.62, -55.05
0.29, -0.79, -0.59, 13.00, 22.73, -26.98
0.55, -0.68, -0.48, 3.30, 14.47, -4.86
0.62, -0.63, -0.34, -16.47, 18.26, 24.53
0.66, -0.72, -0.31, -34.60, 25.35, 45.63
0.54, -0.78, -0.36, -52.74, 12.42, 53.91
0.21, -0.77, -0.41, -64.00, 10.91, 64.00
0.03, -0.72, -0.48, -63.30, 8.92, 64.00
-0.11, -0.70, -0.60, -50.35, -18.10, 51.36
-0.37, -0.72, -0.68, -36.64, -45.93, 25.62
-0.71, -0.74, -0.72, -16.46, -59.71, -6.77
-0.91, -0.76, -0.76, 3.09, -30.05, -30.51
-0.80, -0.77, -0.72, 12.96, 16.24, -40.13
-0.52, -0.73, -0.62, 19.85, 31.71, -54.32
-0.25, -0.73, -0.57, 18.65, 31.40, -58.33
-0.02, -0.80, -0.52, 10.31, 16.58, -47.58
0.27, -0.82, -0.53, 1.90, 13.84, -19.98
0.53, -0.75, -0.51, -4.62, 17.49, 7.00
0.63, -0.67, -0.38, -22.25, 11.70, 24.86
0.57, -0.73, -0.32, -38.19, 18.94, 42.45
0.39, -0.81, -0.40, -59.71, 9.80, 50.88
0.14, -0.76, -0.45, -64.00, 18.60, 62.43
-0.01, -0.68, -0.50, -63.76, 2.80, 57.33
-0.16, -0.68, -0.66, -48.02, -26.18, 42.39
-0.44, -0.71, -0.72, -37.21, -48.64, 17.18
-0.71, -0.71, -0.76, -14.45, -52.17, -12.50
-0.88, -0.69, -0.81, 4.98, -20.91, -32.59
-0.77, -0.68, -0.71, 12.93, 24.81, -44.34
-0.54, -0.68, -0.60, 16.44, 36.71, -56.02
-0.25, -0.71, -0.57, 14.96, 36.37, -55.33
0.01, -0.76, -0.55, 8.62, 27.51, -43.72
0.26, -0.75, -0.51, 5.54, 13.04, -25.33
0.41, -0.71, -0.49, -1.20, 3.88, -8.51
0.46, -0.72, -0.42, -17.38, 12.86, 16.42
0.50, -0.76, -0.39, -30.89, 24.35, 35.76
0.43, -0.81, -0.41, -45.79, 17.61, 44.42
0.23, -0.80, -0.45, -57.85, 19.54, 52.64
0.05, -0.74, -0.49, -58.11, 17.15, 55.45
-0.08, -0.69, -0.58, -49.96, -14.09, 40.65
-0.32, -0.69, -0.71, -28.79, -48.95, 20.83
-0.58, -0.73, -0.78, -13.89, -57.00, -7.01
-0.83, -0.73, -0.76, 1.90, -35.97, -30.73
-0.80, -0.70, -0.66, 10.72, 19.14, -42.26
-0.53, -0.68, -0.58, 14.39, 31.82, -54.76
-0.29, -0.70, -0.53, 11.22, 32.87, -52.82
-0.02, -0.74, -0.54, 7.23, 20.14, -40.68
0.25, -0.74, -0.53, 3.21, 18.67, -15.33
0.50, -0.69, -0.47, -8.44, 12.93, 8.44
0.61, -0.68, -0.38, -23.19, 8.45, 27.50
0.58, -0.73, -0.35, -33.61, 5.49, 40.80
0.42, -0.78, -0.41, -48.58, -0.63, 51.54
0.18, -0.76, -0.48, -56.38, 1.45, 60.12
0.01, -0.70, -0.54, -52.21, -2.11, 59.68
-0.17, -0.70, -0.64, -42.55, -30.28, 41.95
-0.45, -0.73, -0.70, -28.64, -49.95, 21.12
-0.70, -0.71, -0.77, -9.23, -63.45, -12.26
-0.92, -0.70, -0.80, 9.11, -36.88, -31.81
-0.89, -0.71, -0.71, 22.05, 8.00, -50.13
-0.67, -0.70, -0.61, 30.35, 21.51, -64.00
-0.38, -0.76, -0.56, 23.50, 20.51, -64.00
-0.02, -0.82, -0.62, 17.12, 28.72, -45.82
0.39, -0.78, -0.58, 13.81, 31.03, -21.58
0.56, -0.70, -0.46, 4.20, 6.46, -10.49
0.54, -0.70, -0.37, -13.91, 15.44, 17.26
0.59, -0.76, -0.37, -32.01, 21.16, 38.54
0.48, -0.80, -0.41, -47.87, 8.97, 46.07
0.15, -0.76, -0.46, -57.43, 12.28, 52.74
-0.09, -0.67, -0.51, -59.71, 19.53, 55.58
-0.20, -0.62, -0.56, -50.64, -13.28, 40.14
-0.40, -0.60, -0.67, -27.43, -64.00, 13.62
-0.71, -0.63, -0.83, 4.54, -64.00, -19.71
-0.98, -0.67, -0.84, 14.60, -52.44, -43.34
-1.01, -0.71, -0.68, 20.12, 4.69, -63.84
-0.76, -0.69, -0.57, 29.54, 32.84, -64.00
-0.31, -0.73, -0.55, 23.22, 42.65, -64.00
0.13, -0.83, -0.57, 14.88, 22.21, -62.09
0.39, -0.86, -0.58, 4.05, 6.55, -43.03
0.51, -0.80, -0.53, -3.96, 0.19, -22.31
0.54, -0.74, -0.46, -19.21, 9.06, -0.96
0.56, -0.73, -0.39, -36.94, 32.93, 26.57
0.56, -0.74, -0.38, -55.52, 28.07, 42.87
0.31, -0.74, -0.45, -64.00, -1.23, 45.81
-0.07, -0.68, -0.56, -59.85, -27.78, 36.76
-0.43, -0.59, -0.69, -34.46, -63.56, 10.29
-0.73, -0.60, -0.78, -3.01, -64.00, -26.15
-0.95, -0.73, -0.70, 8.92, -32.99, -52.59
-0.91, -0.81, -0.57, 15.12, 5.47, -64.00
-0.58, -0.78, -0.56, 20.81, 36.27, -64.00
-0.06, -0.76, -0.56, 17.69, 53.89, -54.75
0.42, -0.75, -0.51, 15.04, 46.18, -31.75
0.62, -0.72, -0.42, 5.63, 43.58, 0.04
0.69, -0.73, -0.31, -14.65, 41.41, 29.01
0.69, -0.77, -0.28, -26.96, 35.15, 48.87
0.56, -0.81, -0.33, -42.24, 13.69, 58.93
0.31, -0.82, -0.37, -56.59, -12.18, 62.84
0.05, -0.78, -0.44, -58.88, -38.03, 58.21
-0.17, -0.71, -0.59, -37.05, -64.00, 36.78
-0.45, -0.72, -0.73, -11.46, -64.00, 6.23
-0.77, -0.81, -0.73, -2.01, -64.00, -33.92
-0.92, -0.87, -0.69, 9.84, -6.43, -46.81
-0.68, -0.81, -0.62, 21.88, 26.29, -62.36
-0.36, -0.75, -0.55, 23.19, 20.60, -64.00
-0.12, -0.82, -0.55, 17.08, 13.63, -64.00
0.25, -0.84, -0.54, 8.62, 24.11, -37.81
0.58, -0.74, -0.46, -2.79, 15.48, -10.48
0.68, -0.66, -0.36, -17.79, 0.87, 7.90
0.60, -0.70, -0.34, -38.26, 9.17, 35.55
0.52, -0.77, -0.43, -47.99, 11.16, 45.51
0.26, -0.79, -0.50, -58.78, 12.19, 50.11
0.08, -0.76, -0.51, -61.53, 17.14, 53.30
-0.01, -0.74, -0.56, -54.15, 6.09, 49.89
-0.12, -0.74, -0.67, -36.00, -14.57, 34.80
-0.37, -0.78, -0.69, -26.94, -31.19, 13.05
-0.67, -0.82, -0.68, -10.18, -49.78, -23.51
-0.84, -0.79, -0.70, 3.88, -16.62, -38.10
-0.69, -0.75, -0.61, 7.63, -2.55, -57.20
-0.48, -0.72, -0.51, 11.10, -5.76, -64.00
-0.28, -0.72, -0.50, 12.86, 0.59, -64.00
0.10, -0.73, -0.49, 2.84, 34.11, -33.69
0.55, -0.67, -0.41, -6.90, 40.91, 4.13
0.77, -0.59, -0.32, -25.89, 17.42, 30.56
0.77, -0.63, -0.32, -35.33, 14.85, 61.42
0.64, -0.71, -0.41, -47.08, -3.32, 64.00
0.34, -0.78, -0.46, -64.00, -11.76, 64.00
0.07, -0.77, -0.51, -64.00, -27.43, 64.00
-0.21, -0.70, -0.73, -31.96, -52.50, 49.41
-0.65, -0.70, -0.79, -11.86, -64.00, 3.71
-1.10, -0.80, -0.75, 7.26, -50.31, -36.97
-1.11, -0.88, -0.69, 14.44, 25.51, -47.25
-0.71, -0.83, -0.56, 18.21, 45.09, -64.00
-0.30, -0.77, -0.53, 14.71, 34.87, -64.00
0.05, -0.81, -0.56, 7.61, 34.85, -45.20
0.45, -0.81, -0.52, 0.54, 26.50, -16.12
0.68, -0.74, -0.41, -13.25, 10.70, 12.23
0.72, -0.68, -0.37, -25.28, 6.49, 36.03
0.63, -0.69, -0.42, -37.94, 0.17, 48.36
0.35, -0.76, -0.47, -51.31, -1.83, 52.46
0.05, -0.78, -0.50, -59.61, 15.81, 60.59
-0.06, -0.72, -0.53, -57.49, 19.24, 58.82
-0.19, -0.66, -0.64, -35.14, -8.63, 37.41
-0.46, -0.69, -0.75, -17.34, -34.92, 9.39
-0.80, -0.77, -0.72, -4.43, -45.44, -23.73
-0.90, -0.80, -0.69, 4.71, 2.49, -37.48
-0.67, -0.74, -0.60, 12.88, 28.46, -56.04
-0.43, -0.71, -0.51, 12.04, 40.55, -61.96
-0.13, -0.76, -0.49, 2.25, 50.06, -45.36
0.27, -0.77, -0.46, -7.20, 54.92, -11.15
0.64, -0.72, -0.40, -18.77, 33.12, 15.79
0.76, -0.68, -0.34, -35.22, 12.53, 41.11
0.67, -0.71, -0.39, -44.42, -9.12, 54.17
0.37, -0.73, -0.47, -55.39, -17.90, 59.88
0.04, -0.69, -0.49, -57.33, -9.63, 62.67
-0.14, -0.68, -0.58, -44.62, -15.87, 50.33
-0.37, -0.72, -0.71, -33.04, -27.72, 26.84
-0.68, -0.71, -0.74, -17.22, -39.58, -1.37
-0.88, -0.70, -0.73, 5.86, -34.57, -30.14
-0.83, -0.73, -0.71, 18.08, 5.70, -43.10
-0.60, -0.74, -0.61, 25.47, 12.52, -64.00
-0.40, -0.75, -0.53, 22.49, 6.60, -64.00
-0.14, -0.82, -0.54, 13.85, 15.79, -55.81
0.29, -0.83, -0.55, 7.01, 25.94, -29.30
0.58, -0.75, -0.46, -3.56, 16.91, -9.65
0.64, -0.72, -0.38, -21.03, 21.74, 19.80
0.70, -0.76, -0.36, -36.62, 32.64, 50.57
0.61, -0.80, -0.40, -55.27, 15.28, 59.72
0.29, -0.77, -0.44, -64.00, 15.38, 64.00
0.04, -0.69, -0.48, -64.00, 3.54, 64.00
-0.16, -0.66, -0.63, -47.20, -27.99, 47.51
-0.46, -0.68, -0.71, -33.10, -52.09, 20.13
-0.76, -0.71, -0.72, -13.70, -63.44, -16.07
-0.97, -0.73, -0.74, 4.15, -33.13, -36.59
-0.85, -0.71, -0.68, 14.42, 20.92, -49.97
-0.52, -0.69, -0.58, 18.80, 35.79, -61.61
-0.24, -0.73, -0.53, 12.58, 30.77, -60.42
0.09, -0.80, -0.53, 1.82, 33.00, -33.52
0.51, -0.77, -0.52, -4.52, 33.91, 1.67
0.74, -0.68, -0.42, -18.59, 15.37, 24.85
0.75, -0.70, -0.34, -36.16, 10.44, 47.47
0.57, -0.76, -0.40, -50.66, -1.65, 59.74
0.25, -0.75, -0.45, -64.00, -0.74, 64.00
0.02, -0.69, -0.49, -64.00, -1.77, 64.00
-0.14, -0.67, -0.57, -54.33, -11.22, 60.21
-0.38, -0.69, -0.66, -48.22, -34.23, 34.14
-0.68, -0.69, -0.71, -27.46, -53.52, 4.65
-0.90, -0.67, -0.81, 3.09, -41.27, -25.54
-0.91, -0.70, -0.79, 13.29, 10.00, -39.81
-0.67, -0.73, -0.66, 20.31, 38.66, -52.96
-0.37, -0.72, -0.60, 21.27, 44.90, -56.60
-0.03, -0.77, -0.55, 9.19, 41.63, -44.27
0.31, -0.82, -0.52, 1.32, 28.15, -18.34
0.56, -0.79, -0.49, -9.96, 18.97, 8.21
0.67, -0.72, -0.42, -23.74, 10.81, 33.17
0.61, -0.73, -0.40, -38.83, -2.78, 43.04
0.36, -0.79, -0.44, -54.64, -10.36, 50.31
0.06, -0.77, -0.47, -62.45, -0.97, 55.36
-0.12, -0.71, -0.56, -64.00, -6.94, 48.23
-0.32, -0.62, -0.63, -46.79, -40.95, 27.34
-0.56, -0.58, -0.77, -13.61, -63.85, 1.14
-0.82, -0.67, -0.83, 5.08, -45.40, -27.26
-0.92, -0.73, -0.72, 11.75, 13.75, -41.68
-0.69, -0.70, -0.60, 19.64, 36.27, -56.63
-0.38, -0.69, -0.59, 19.20, 25.74, -62.73
-0.11, -0.75, -0.58, 13.71, 15.95, -53.41
0.20, -0.78, -0.55, 10.05, 5.69, -35.23
0.37, -0.73, -0.56, 5.42, 1.20, -18.79
0.39, -0.67, -0.50, -0.38, -8.30, -6.54
0.35, -0.70, -0.42, -21.79, 21.23, 19.90
0.45, -0.79, -0.38, -39.54, 28.10, 39.59
0.43, -0.80, -0.42, -51.71, 17.35, 51.21
0.20, -0.76, -0.46, -59.82, 14.57, 56.36
0.01, -0.71, -0.48, -63.16, 18.45, 57.30
-0.13, -0.69, -0.54, -61.55, -24.18, 46.06
-0.30, -0.66, -0.69, -37.36, -58.75, 31.01
-0.55, -0.66, -0.83, -11.05, -64.00, -2.07
-0.92, -0.67, -0.79, 2.12, -55.30, -38.98
-1.01, -0.69, -0.70, 15.80, 22.79, -48.12
-0.70, -0.66, -0.63, 23.35, 43.36, -63.56
-0.36, -0.70, -0.60, 21.38, 43.64, -64.00
-0.06, -0.78, -0.55, 11.97, 27.29, -54.90
0.26, -0.81, -0.53, 3.60, 14.47, -30.89
0.49, -0.75, -0.54, -0.28, 0.26, -11.61
0.51, -0.66, -0.49, -10.18, -6.85, 4.31
0.44, -0.69, -0.39, -28.61, 17.14, 30.29
0.43, -0.77, -0.38, -42.43, 17.67, 41.82
0.28, -0.79, -0.43, -55.94, 11.82, 50.23
0.11, -0.73, -0.47, -59.51, 13.54, 56.71
-0.04, -0.66, -0.53, -57.64, 4.77, 53.48
-0.19, -0.64, -0.61, -48.73, -27.50, 39.39
-0.38, -0.65, -0.71, -26.78, -52.88, 20.57
-0.60, -0.67, -0.78, -5.43, -60.80, -10.73
-0.84, -0.70, -0.76, 8.57, -33.82, -33.07
-0.82, -0.72, -0.68, 16.73, 23.59, -44.60
-0.55, -0.71, -0.59, 20.79, 33.49, -58.38
-0.31, -0.74, -0.57, 16.67, 23.62, -63.75
-0.06, -0.81, -0.58, 10.67, 10.54, -54.97
0.23, -0.81, -0.59, 7.54, 11.99, -31.54
0.42, -0.74, -0.55, 1.15, 6.70, -12.77
0.52, -0.68, -0.45, -10.04, 8.18, 9.29
0.55, -0.70, -0.39, -27.62, 17.34, 34.05
0.48, -0.77, -0.40, -40.82, 16.75, 46.64
0.26, -0.79, -0.44, -55.88, 11.63, 53.71
-0.00, -0.73, -0.49, -56.93, 6.85, 54.97
-0.15, -0.68, -0.57, -49.56, -18.62, 41.54
-0.33, -0.67, -0.68, -32.71, -33.12, 26.61
-0.51, -0.69, -0.73, -17.34, -47.47, -2.96
-0.77, -0.70, -0.73, 2.41, -44.29, -29.23
-0.82, -0.73, -0.71, 13.79, 2.55, -38.31
-0.60, -0.73, -0.65, 22.74, 27.20, -50.36
-0.37, -0.73, -0.57, 23.07, 23.54, -60.39
-0.18, -0.78, -0.54, 18.79, 12.39, -55.01
0.12, -0.79, -0.57, 17.14, 14.48, -33.84
0.37, -0.72, -0.53, 18.93, 0.47, -20.42
0.38, -0.67, -0.47, 9.31, -14.82, -10.37
0.35, -0.73, -0.37, -9.92, 7.79, 20.14
0.45, -0.77, -0.36, -23.74, 17.63, 36.06
0.39, -0.76, -0.41, -37.41, 14.72, 44.68
0.18, -0.76, -0.41, -51.28, 8.80, 50.52
0.02, -0.74, -0.48, -53.70, -0.42, 54.23
-0.09, -0.71, -0.57, -49.35, -22.51, 44.83
-0.27, -0.71, -0.66, -40.56, -45.78, 27.65
-0.54, -0.72, -0.71, -23.00, -64.00, -3.08
-0.78, -0.72, -0.76, -4.87, -52.79, -29.77
-0.83, -0.74, -0.75, 10.72, -4.66, -43.34
-0.67, -0.74, -0.70, 19.99, 32.52, -58.21
-0.44, -0.76, -0.65, 22.04, 40.18, -64.00
-0.25, -0.81, -0.60, 18.99, 25.61, -64.00
0.02, -0.83, -0.61, 18.13, 19.38, -53.71
0.29, -0.79, -0.65, 19.06, 0.85, -42.73
0.29, -0.72, -0.60, 16.18, -19.51, -42.43
0.07, -0.72, -0.50, 10.72, -20.69, -45.08
-0.06, -0.76, -0.49, 0.82, -6.52, -44.37
-0.10, -0.77, -0.51, -5.53, 20.90, -36.95
-0.01, -0.70, -0.46, -10.55, 34.20, -30.75
0.09, -0.65, -0.40, -16.10, 36.51, -20.41
0.23, -0.66, -0.37, -21.88, 36.33, -3.72
0.36, -0.70, -0.34, -32.55, 31.63, 20.85
0.46, -0.73, -0.33, -39.76, 25.35, 42.25
0.48, -0.75, -0.35, -43.76, 9.60, 54.57
0.37, -0.73, -0.37, -51.72, -1.01, 64.00
0.24, -0.74, -0.39, -58.99, -4.12, 64.00
0.14, -0.78, -0.47, -55.00, -23.19, 64.00
-0.09, -0.79, -0.59, -46.23, -43.81, 53.60
-0.46, -0.78, -0.66, -33.38, -63.67, 17.53
-0.80, -0.78, -0.73, -9.08, -64.00, -15.40
-0.98, -0.82, -0.76, 8.69, -31.89, -44.28
-0.87, -0.85, -0.68, 14.63, 12.52, -60.45
-0.58, -0.81, -0.59, 19.42, 19.75, -64.00
-0.30, -0.79, -0.56, 18.47, 22.46, -64.00
0.11, -0.80, -0.57, 17.90, 28.54, -53.36
0.44, -0.74, -0.56, 14.56, 13.22, -29.65
0.57, -0.68, -0.45, -0.57, 11.44, -5.24
0.63, -0.66, -0.33, -20.86, 18.80, 27.07
0.69, -0.68, -0.27, -41.21, 15.12, 44.86
0.60, -0.73, -0.34, -54.54, 1.85, 56.83
0.32, -0.74, -0.41, -64.00, -2.57, 64.00
0.11, -0.71, -0.44, -64.00, -6.12, 64.00
-0.06, -0.70, -0.57, -54.48, -18.97, 62.42
-0.33, -0.73, -0.70, -41.45, -45.69, 34.87
-0.66, -0.76, -0.73, -22.89, -58.54, 1.38
-0.91, -0.78, -0.76, 2.35, -42.80, -31.05
-0.91, -0.82, -0.72, 12.52, 9.63, -47.82
-0.66, -0.81, -0.62, 19.49, 26.40, -64.00
-0.41, -0.79, -0.56, 18.16, 25.49, -64.00
-0.07, -0.81, -0.55, 15.65, 30.56, -59.43
0.27, -0.78, -0.54, 14.01, 15.29, -44.73
0.41, -0.71, -0.51, 3.40, 3.30, -26.55
0.47, -0.67, -0.42, -10.47, 14.41, 1.13
0.56, -0.64, -0.32, -32.38, 17.17, 26.08
0.58, -0.68, -0.30, -48.89, 15.35, 47.42
0.47, -0.72, -0.39, -56.31, 0.94, 57.96
0.25, -0.71, -0.45, -63.88, 0.06, 64.00
0.06, -0.70, -0.48, -60.23, -2.40, 64.00
-0.08, -0.74, -0.60, -45.88, -11.55, 56.92
-0.32, -0.79, -0.66, -40.32, -32.09, 34.45
-0.60, -0.80, -0.71, -19.98, -45.51, 3.03
-0.82, -0.78, -0.78, 3.42, -35.54, -25.73
-0.82, -0.81, -0.75, 13.59, 11.45, -42.28
-0.62, -0.83, -0.65, 17.86, 28.07, -60.74
-0.36, -0.81, -0.59, 17.31, 26.12, -64.00
-0.10, -0.80, -0.58, 15.80, 30.35, -55.96
0.24, -0.78, -0.57, 13.69, 21.01, -41.41
0.38, -0.73, -0.52, 4.95, 4.84, -25.51
0.42, -0.70, -0.43, -8.99, 17.48, -0.16
0.53, -0.68, -0.36, -24.48, 28.00, 25.51
0.58, -0.68, -0.33, -42.88, 21.61, 43.13
0.45, -0.73, -0.38, -55.55, 13.69, 54.47
0.22, -0.76, -0.43, -64.00, 20.47, 64.00
0.09, -0.72, -0.47, -61.95, 19.21, 64.00
-0.05, -0.71, -0.56, -49.14, 1.68, 55.97
-0.25, -0.75, -0.65, -43.82, -24.76, 40.53
-0.50, -0.75, -0.70, -27.83, -50.55, 9.51
-0.78, -0.71, -0.76, 0.17, -52.22, -21.56
-0.88, -0.74, -0.73, 13.13, -9.86, -39.05
-0.69, -0.79, -0.63, 17.01, 28.11, -55.56
-0.46, -0.79, -0.57, 15.78, 30.30, -64.00
-0.19, -0.78, -0.56, 16.40, 29.78, -61.92
0.14, -0.77, -0.56, 12.50, 28.72, -41.76
0.43, -0.74, -0.53, 5.71, 16.62, -23.71
0.50, -0.70, -0.45, -6.42, -2.34, -6.99
0.51, -0.70, -0.38, -19.41, 12.54, 21.04
0.56, -0.71, -0.38, -34.43, 16.33, 39.18
0.44, -0.76, -0.38, -50.15, 11.96, 48.53
0.21, -0.78, -0.42, -58.04, 16.75, 58.41
0.05, -0.74, -0.49, -55.43, 10.05, 55.83
-0.09, -0.73, -0.60, -44.64, -8.55, 45.98
-0.30, -0.75, -0.67, -36.91, -38.11, 25.23
-0.56, -0.73, -0.72, -14.44, -56.45, -5.08
-0.80, -0.71, -0.76, 8.89, -45.07, -32.64
-0.80, -0.74, -0.71, 16.40, 6.83, -44.26
-0.58, -0.76, -0.61, 19.62, 28.36, -59.91
-0.36, -0.76, -0.54, 17.00, 29.08, -64.00
-0.10, -0.77, -0.53, 14.56, 27.87, -57.49
0.22, -0.77, -0.55, 9.22, 28.76, -33.12
0.48, -0.72, -0.50, 2.37, 12.40, -14.37
0.56, -0.69, -0.39, -10.11, 4.37, 6.92
0.58, -0.69, -0.38, -24.12, 13.45, 33.26
0.54, -0.74, -0.41, -36.29, 16.87, 44.84
0.35, -0.79, -0.43, -48.83, 21.58, 53.33
0.13, -0.78, -0.45, -56.87, 29.93, 61.63
0.05, -0.74, -0.49, -54.66, 10.36, 56.51
-0.04, -0.76, -0.60, -46.78, -15.56, 50.25
-0.25, -0.77, -0.71, -39.38, -51.73, 22.98
-0.61, -0.71, -0.73, -15.69, -63.10, -4.19
-0.81, -0.71, -0.76, 5.08, -43.24, -35.16
-0.81, -0.75, -0.73, 10.71, 4.93, -43.85
-0.59, -0.78, -0.60, 10.24, 37.90, -58.52
-0.31, -0.78, -0.53, 8.15, 40.58, -64.00
-0.02, -0.80, -0.54, 6.00, 32.34, -57.60
0.23, -0.82, -0.56, 3.54, 15.82, -41.92
0.42, -0.78, -0.61, 7.01, 7.01, -24.02
0.45, -0.71, -0.57, 4.89, 5.15, -9.94
0.45, -0.71, -0.39, -13.32, 24.34, 15.95
0.55, -0.77, -0.33, -25.91, 33.94, 34.68
0.52, -0.80, -0.38, -36.10, 24.02, 44.00
0.31, -0.79, -0.42, -46.06, 23.89, 50.66
0.11, -0.76, -0.44, -52.35, 21.72, 55.35
0.00, -0.73, -0.52, -52.63, 0.97, 52.15
-0.16, -0.67, -0.65, -37.98, -25.18, 38.51
-0.39, -0.63, -0.73, -20.97, -50.65, 8.86
-0.70, -0.66, -0.73, -1.72, -57.94, -22.65
-0.85, -0.70, -0.67, 6.29, -6.54, -35.39
-0.67, -0.69, -0.61, 12.29, 34.37, -51.45
-0.45, -0.66, -0.57, 21.76, 42.51, -64.00
-0.27, -0.70, -0.52, 19.82, 39.58, -64.00
0.01, -0.79, -0.49, 17.84, 50.32, -43.77
0.40, -0.79, -0.52, 20.62, 46.79, -22.59
0.58, -0.72, -0.45, 9.95, 22.07, -11.89
0.58, -0.71, -0.33, -1.88, 13.28, 11.80
0.62, -0.76, -0.29, -16.22, 18.47, 36.77
0.66, -0.78, -0.31, -26.74, 7.22, 48.92
0.50, -0.79, -0.36, -42.10, -3.69, 56.62
0.26, -0.82, -0.38, -55.63, 1.26, 64.00
0.16, -0.82, -0.43, -57.40, -13.21, 64.00
0.02, -0.79, -0.55, -51.94, -30.91, 59.45
-0.18, -0.78, -0.65, -44.48, -57.36, 38.37
-0.49, -0.73, -0.73, -27.14, -64.00, 11.18
-0.76, -0.71, -0.82, 5.68, -57.61, -21.20
-0.87, -0.76, -0.81, 18.50, -1.78, -37.95
-0.72, -0.81, -0.67, 23.18, 53.44, -55.24
-0.46, -0.78, -0.59, 25.15, 64.00, -60.22
-0.10, -0.77, -0.53, 20.45, 64.00, -53.85
0.21, -0.78, -0.46, 13.09, 51.28, -35.42
0.51, -0.77, -0.41, 0.02, 29.95, -5.30
0.68, -0.74, -0.40, -7.74, 6.90, 17.64
0.69, -0.72, -0.37, -24.58, 1.33, 37.28
0.56, -0.77, -0.33, -42.97, -1.03, 44.19
0.30, -0.81, -0.35, -60.68, 2.77, 53.35
0.10, -0.77, -0.40, -64.00, -0.82, 57.27
-0.04, -0.70, -0.51, -63.05, -20.40, 52.25
-0.19, -0.68, -0.62, -51.86, -49.79, 32.89
-0.45, -0.69, -0.70, -30.78, -64.00, 8.61
-0.69, -0.72, -0.75, -8.73, -64.00, -20.30
-0.81, -0.75, -0.73, 1.88, -15.68, -38.62
-0.68, -0.75, -0.64, 13.23, 35.15, -51.66
-0.43, -0.72, -0.61, 22.20, 51.64, -58.37
-0.14, -0.76, -0.58, 21.39, 47.27, -56.46
0.09, -0.82, -0.54, 14.69, 33.33, -44.42
0.37, -0.82, -0.50, 10.76, 27.46, -16.33
0.59, -0.76, -0.47, 4.49, 12.17, 1.82
0.63, -0.73, -0.37, -12.25, 13.16, 25.07
0.61, -0.78, -0.29, -29.36, 15.95, 42.27
0.48, -0.84, -0.31, -46.77, 9.43, 49.79
0.25, -0.83, -0.37, -60.38, 6.45, 57.01
0.06, -0.77, -0.44, -62.67, -6.22, 54.94
-0.07, -0.74, -0.53, -57.13, -35.24, 41.56
-0.28, -0.72, -0.64, -44.13, -60.08, 19.68
-0.55, -0.71, -0.72, -21.02, -64.00, -13.57
-0.81, -0.70, -0.78, 0.60, -52.65, -35.89
-0.84, -0.73, -0.73, 11.55, 4.29, -51.84
-0.64, -0.72, -0.64, 22.67, 46.28, -62.13
-0.32, -0.72, -0.58, 28.82, 49.94, -64.00
-0.10, -0.77, -0.55, 25.59, 30.69, -64.00
0.20, -0.81, -0.55, 24.46, 24.34, -44.41
0.45, -0.77, -0.56, 24.99, 6.83, -29.35
0.48, -0.71, -0.47, 17.16, -8.98, -21.68
0.41, -0.72, -0.36, 1.81, -0.16, -2.22
0.42, -0.78, -0.33, -15.99, 23.30, 19.66
0.48, -0.79, -0.31, -29.66, 32.44, 36.02
0.43, -0.78, -0.31, -44.18, 22.06, 44.00
0.27, -0.80, -0.33, -55.26, 14.71, 52.15
0.15, -0.79, -0.38, -62.71, -3.43, 53.56
0.04, -0.77, -0.50, -53.74, -38.98, 42.16
-0.16, -0.79, -0.62, -39.15, -61.99, 27.82
-0.43, -0.82, -0.67, -26.09, -64.00, -6.18
-0.73, -0.80, -0.73, -5.15, -64.00, -34.19
-0.80, -0.79, -0.72, 9.14, -3.38, -48.64
-0.62, -0.77, -0.63, 18.51, 25.12, -64.00
-0.38, -0.78, -0.56, 22.39, 30.50, -64.00
-0.08, -0.82, -0.55, 22.32, 38.27, -63.19
0.31, -0.81, -0.53, 21.68, 26.26, -46.10
0.48, -0.75, -0.46, 15.23, 7.29, -31.12
0.56, -0.73, -0.36, -0.88, 14.39, -3.55
0.57, -0.72, -0.28, -20.29, 18.96, 18.54
0.55, -0.75, -0.24, -38.98, 18.40, 33.79
0.43, -0.79, -0.31, -49.56, 6.99, 42.18
0.19, -0.79, -0.39, -60.34, -1.08, 43.50
0.02, -0.76, -0.45, -61.84, -7.64, 41.81
-0.07, -0.74, -0.53, -50.50, -34.47, 33.43
-0.18, -0.76, -0.64, -31.76, -54.38, 18.76
-0.36, -0.82, -0.72, -16.83, -55.17, -3.77
-0.57, -0.86, -0.70, -8.79, -40.13, -30.93
-0.62, -0.84, -0.67, 3.54, 1.16, -40.90
-0.43, -0.78, -0.63, 15.28, 14.07, -54.45
-0.21, -0.77, -0.58, 19.22, 11.01, -61.09
-0.03, -0.84, -0.53, 13.49, 13.24, -49.89
0.27, -0.85, -0.48, 5.91, 31.10, -24.63
0.52, -0.74, -0.42, -0.78, 24.49, -7.22
0.57, -0.67, -0.31, -18.95, 14.15, 11.79
0.57, -0.73, -0.28, -36.54, 13.95, 37.54
0.54, -0.80, -0.35, -49.79, -0.87, 46.60
0.34, -0.81, -0.40, -61.15, -3.88, 53.09
0.17, -0.76, -0.43, -63.80, -0.75, 59.52
0.11, -0.74, -0.49, -58.69, -1.14, 59.07
-0.01, -0.75, -0.60, -47.56, -16.24, 49.70
-0.25, -0.76, -0.65, -41.31, -34.18, 27.70
-0.54, -0.76, -0.68, -23.13, -40.10, 3.51
-0.67, -0.77, -0.75, -1.62, -35.22, -23.51
-0.69, -0.80, -0.74, 7.80, -4.21, -38.10
-0.55, -0.80, -0.64, 16.33, 18.50, -54.10
-0.35, -0.77, -0.56, 18.81, 19.92, -64.00
-0.12, -0.79, -0.54, 16.46, 30.00, -54.20
0.22, -0.80, -0.52, 13.11, 30.14, -34.20
0.47, -0.75, -0.45, 3.52, 19.01, -13.62
0.56, -0.71, -0.39, -7.32, 20.23, 11.81
0.62, -0.71, -0.33, -26.99, 26.27, 35.86
0.58, -0.75, -0.32, -42.86, 20.45, 47.75
0.38, -0.79, -0.37, -60.01, 18.51, 54.98
0.19, -0.77, -0.40, -64.00, 23.99, 63.88
0.09, -0.72, -0.47, -63.70, 3.50, 57.81
-0.04, -0.74, -0.60, -53.29, -22.84, 49.85
-0.28, -0.75, -0.68, -43.24, -47.89, 27.13
-0.57, -0.71, -0.73, -20.83, -59.68, -3.06
-0.79, -0.70, -0.78, 4.16, -46.26, -29.43
-0.80, -0.75, -0.70, 13.33, 13.21, -42.21
-0.56, -0.76, -0.61, 20.57, 41.94, -55.88
-0.30, -0.75, -0.55, 21.60, 40.86, -62.01
-0.00, -0.79, -0.54, 17.32, 41.54, -48.44
0.34, -0.81, -0.52, 11.09, 36.27, -19.73
0.62, -0.77, -0.42, -3.48, 22.81, 4.73
0.73, -0.73, -0.34, -17.01, 13.53, 30.71
0.74, -0.75, -0.29, -32.20, 7.42, 47.46
0.56, -0.82, -0.32, -51.41, -1.35, 55.78
0.26, -0.83, -0.38, -64.00, 4.22, 64.00
0.08, -0.78, -0.43, -64.00, -7.62, 62.78
-0.09, -0.73, -0.55, -57.70, -26.02, 52.19
-0.33, -0.72, -0.66, -45.47, -50.40, 28.24
-0.60, -0.70, -0.71, -26.48, -64.00, -4.55
-0.81, -0.71, -0.74, -2.57, -40.37, -29.15
-0.76, -0.75, -0.72, 7.24, 13.80, -38.61
-0.49, -0.75, -0.65, 16.53, 47.84, -48.76
-0.23, -0.73, -0.59, 18.57, 50.71, -51.57
0.03, -0.78, -0.54, 12.61, 38.63, -40.27
0.29, -0.82, -0.52, 5.58, 27.76, -17.20
0.52, -0.78, -0.49, -0.15, 7.64, 1.40
0.55, -0.73, -0.42, -12.77, 1.37, 19.74
0.51, -0.75, -0.35, -31.14, 9.66, 35.58
0.41, -0.80, -0.36, -47.02, 7.38, 44.46
0.20, -0.79, -0.39, -62.40, 5.81, 51.94
0.06, -0.74, -0.44, -62.52, -4.68, 52.65
-0.08, -0.70, -0.56, -51.45, -27.87, 41.42
-0.26, -0.70, -0.67, -40.00, -41.55, 25.37
-0.51, -0.72, -0.69, -22.45, -57.26, -3.74
-0.71, -0.72, -0.73, -4.95, -36.94, -25.49
-0.71, -0.73, -0.73, 10.07, 9.03, -35.88
-0.53, -0.71, -0.65, 19.86, 37.78, -47.86
-0.29, -0.72, -0.59, 20.39, 48.37, -51.40
-0.05, -0.79, -0.56, 16.52, 36.46, -45.31
0.20, -0.82, -0.51, 9.62, 25.48, -26.54
0.46, -0.79, -0.47, -1.41, 19.31, 2.45
0.66, -0.74, -0.41, -11.76, 12.79, 22.49
0.65, -0.74, -0.33, -30.06, 6.91, 36.42
0.44, -0.82, -0.34, -47.50, 3.78, 46.70
0.16, -0.83, -0.40, -62.22, 6.65, 52.46
-0.01, -0.75, -0.47, -64.00, -6.43, 48.69
-0.19, -0.69, -0.57, -53.45, -44.81, 30.71
-0.39, -0.68, -0.71, -28.25, -64.00, 8.70
-0.68, -0.69, -0.81, -3.15, -64.00, -26.16
-0.88, -0.73, -0.77, 6.81, -22.96, -46.16
-0.80, -0.72, -0.67, 23.98, 25.66, -62.82
-0.51, -0.69, -0.62, 30.82, 45.72, -64.00
-0.18, -0.77, -0.59, 25.98, 36.01, -64.00
0.10, -0.83, -0.54, 17.54, 35.70, -46.85
0.46, -0.80, -0.52, 14.43, 26.29, -23.76
0.64, -0.72, -0.48, 7.87, -3.38, -12.72
0.58, -0.71, -0.37, -10.87, -3.07, 11.40
0.56, -0.78, -0.31, -31.18, 18.42, 37.13
0.52, -0.81, -0.33, -47.56, 11.46, 44.76
0.26, -0.80, -0.36, -62.70, 11.43, 51.95
0.09, -0.77, -0.41, -64.00, 5.04, 51.07
-0.09, -0.73, -0.53, -57.50, -24.52, 39.22
-0.31, -0.72, -0.68, -40.75, -58.27, 15.33
-0.61, -0.73, -0.77, -14.46, -64.00, -17.87
-0.85, -0.74, -0.78, 4.16, -39.67, -42.90
-0.81, -0.72, -0.68, 18.98, 8.94, -61.16
-0.58, -0.71, -0.59, 25.62, 22.51, -64.00
-0.25, -0.77, -0.56, 21.67, 34.64, -64.00
0.19, -0.81, -0.55, 21.05, 37.29, -42.23
0.50, -0.75, -0.52, 16.25, 0.30, -35.81
0.50, -0.72, -0.44, 3.34, -7.55, -10.99
0.53, -0.74, -0.36, -14.00, 6.21, 17.33
0.61, -0.76, -0.29, -34.54, 18.72, 38.13
0.56, -0.78, -0.32, -49.00, 12.10, 48.07
0.32, -0.79, -0.39, -63.21, 11.97, 59.52
0.17, -0.75, -0.42, -64.00, 23.64, 64.00
0.07, -0.71, -0.49, -64.00, 7.15, 62.04
-0.11, -0.72, -0.62, -50.86, -19.82, 49.48
-0.40, -0.74, -0.68, -37.24, -49.68, 18.46
-0.70, -0.73, -0.75, -12.23, -64.00, -17.79
-0.89, -0.75, -0.81, 9.81, -32.81, -38.37
-0.77, -0.76, -0.74, 22.18, 17.84, -51.79
-0.50, -0.75, -0.60, 28.00, 33.73, -64.00
-0.23, -0.77, -0.53, 24.87, 35.12, -61.27
0.16, -0.81, -0.53, 19.69, 40.36, -38.36
0.47, -0.79, -0.52, 11.76, 17.27, -21.11
0.57, -0.74, -0.42, -1.98, 1.57, 0.03
0.60, -0.73, -0.33, -19.14, 5.52, 28.55
0.62, -0.76, -0.30, -38.29, 11.76, 44.71
0.50, -0.79, -0.34, -54.31, 7.60, 53.17
0.23, -0.77, -0.37, -64.00, 15.89, 62.59
0.08, -0.73, -0.42, -64.00, 11.34, 62.63
-0.07, -0.69, -0.58, -55.36, -15.36, 51.55
-0.30, -0.70, -0.72, -40.56, -44.39, 25.65
-0.62, -0.70, -0.76, -19.37, -58.61, -3.06
-0.87, -0.73, -0.78, 4.80, -40.52, -33.14
-0.85, -0.78, -0.75, 13.87, 7.62, -44.93
-0.58, -0.76, -0.66, 24.45, 35.45, -57.82
-0.27, -0.74, -0.58, 24.54, 32.66, -64.00
0.02, -0.79, -0.55, 21.54, 31.21, -54.61
0.28, -0.82, -0.56, 15.03, 28.26, -33.68
0.50, -0.78, -0.48, 3.62, 15.24, -9.97
0.60, -0.74, -0.38, -10.92, 13.19, 17.32
0.68, -0.74, -0.31, -32.21, 16.60, 40.74
0.63, -0.78, -0.33, -47.35, 6.38, 51.85
0.34, -0.79, -0.38, -64.00, 6.91, 60.16
0.08, -0.74, -0.42, -64.00, 9.69, 61.63
-0.09, -0.70, -0.53, -59.24, -9.55, 49.61
-0.28, -0.71, -0.66, -46.56, -35.15, 29.66
-0.56, -0.71, -0.75, -21.43, -55.72, 0.22
-0.82, -0.71, -0.80, 3.66, -49.30, -33.41
-0.90, -0.74, -0.76, 18.33, 7.30, -45.58
-0.66, -0.76, -0.63, 27.09, 39.33, -59.54
-0.30, -0.76, -0.54, 25.96, 35.04, -64.00
0.01, -0.81, -0.51, 22.61, 22.93, -52.81
0.34, -0.82, -0.55, 14.82, 25.59, -22.86
0.59, -0.74, -0.45, 3.52, 9.99, -3.18
0.63, -0.68, -0.32, -15.66, 3.05, 18.18
0.61, -0.73, -0.28, -34.32, 17.07, 41.91
0.53, -0.79, -0.31, -53.59, 8.91, 49.66
0.29, -0.75, -0.37, -64.00, 11.57, 61.81
0.11, -0.73, -0.42, -64.00, 13.43, 64.00
0.03, -0.71, -0.53, -59.01, -0.85, 60.68
-0.15, -0.74, -0.64, -55.12, -23.61, 45.30
-0.43, -0.73, -0.69, -40.00, -41.97, 19.81
-0.67, -0.68, -0.75, -12.43, -44.67, -7.45
-0.80, -0.71, -0.81, 6.59, -24.58, -31.44
-0.75, -0.76, -0.75, 16.86, 16.53, -44.11
-0.47, -0.75, -0.64, 22.77, 34.47, -52.99
-0.17, -0.75, -0.57, 20.46, 39.00, -49.42
0.13, -0.78, -0.52, 12.97, 24.03, -36.51
0.37, -0.78, -0.50, 5.54, 11.56, -16.51
0.50, -0.74, -0.45, -6.95, 2.20, 4.65
0.52, -0.73, -0.38, -24.01, 3.09, 26.19
0.50, -0.77, -0.37, -36.01, 8.98, 39.81
0.38, -0.80, -0.40, -50.18, 6.59, 47.51
0.16, -0.79, -0.43, -61.00, 11.79, 52.59
0.02, -0.76, -0.47, -64.00, 1.09, 50.49
-0.10, -0.72, -0.58, -53.30, -27.93, 40.43
-0.28, -0.70, -0.74, -30.86, -52.83, 19.08
-0.60, -0.70, -0.82, -5.96, -63.12, -12.93
-0.89, -0.72, -0.80, 11.26, -23.90, -38.29
-0.86, -0.74, -0.71, 24.12, 22.49, -52.25
-0.60, -0.73, -0.63, 27.88, 31.88, -64.00
-0.30, -0.77, -0.57, 27.27, 22.42, -64.00
0.02, -0.82, -0.53, 15.33, 23.07, -50.18
0.38, -0.79, -0.50, 15.56, 15.55, -33.42
0.51, -0.70, -0.47, 5.56, -20.18, -28.57
0.40, -0.70, -0.42, -6.49, -5.36, -3.94
0.43, -0.73, -0.39, -23.68, 12.88, 22.38
0.48, -0.75, -0.37, -36.42, 21.00, 38.33
0.40, -0.77, -0.39, -49.05, 13.13, 47.81
0.20, -0.76, -0.43, -54.25, 6.92, 49.47
-0.01, -0.72, -0.49, -50.85, -7.43, 45.63
-0.20, -0.71, -0.59, -39.56, -40.13, 25.50
-0.46, -0.76, -0.73, -19.12, -57.91, 0.64
-0.69, -0.77, -0.77, -2.02, -54.93, -27.25
-0.82, -0.75, -0.72, 8.66, -3.34, -40.65
-0.63, -0.71, -0.63, 16.75, 31.43, -51.06
-0.34, -0.70, -0.56, 14.50, 37.64, -51.45
0.01, -0.74, -0.50, 5.75, 44.17, -35.54
0.35, -0.75, -0.44, -9.04, 44.02, -11.97
0.58, -0.73, -0.38, -26.64, 19.18, 9.64
0.58, -0.71, -0.35, -36.37, -2.20, 22.88
0.41, -0.72, -0.39, -43.31, -12.62, 30.08
0.17, -0.73, -0.44, -52.31, -14.52, 33.59
-0.08, -0.73, -0.50, -58.83, -5.38, 33.79
-0.19, -0.68, -0.58, -51.45, -1.36, 26.27
-0.22, -0.63, -0.59, -51.83, 6.53, 20.57
-0.20, -0.65, -0.56, -55.30, 6.59, 12.04
-0.14, -0.67, -0.60, -55.57, 12.16, 14.18
-0.06, -0.66, -0.62, -55.90, 10.89, 16.33
-0.04, -0.64, -0.62, -50.14, 6.53, 18.42
-0.07, -0.67, -0.61, -46.13, -3.18, 20.90
-0.09, -0.75, -0.62, -43.12, -15.53, 21.46
-0.08, -0.77, -0.62, -42.14, -21.07, 17.67
-0.08, -0.75, -0.62, -40.08, -20.86, 15.70
-0.11, -0.71, -0.64, -38.75, -17.98, 13.13
-0.14, -0.67, -0.65, -41.28, -10.13, 13.81
-0.12, -0.66, -0.63, -45.56, -8.81, 15.08
-0.09, -0.67, -0.59, -51.63, -12.50, 14.41
-0.05, -0.68, -0.59, -56.11, -18.99, 14.52
-0.04, -0.67, -0.63, -58.45, -26.01, 15.02
-0.06, -0.64, -0.66, -57.22, -28.91, 17.69
-0.10, -0.63, -0.66, -52.61, -26.46, 20.37
-0.13, -0.65, -0.66, -51.06, -25.37, 20.76
-0.16, -0.66, -0.67, -49.40, -28.02, 20.93
-0.18, -0.67, -0.65, -50.42, -36.64, 20.18
-0.19, -0.67, -0.65, -47.34, -45.23, 17.16
-0.22, -0.66, -0.68, -39.73, -49.95, 13.95
-0.24, -0.66, -0.72, -31.45, -46.16, 10.07
-0.26, -0.67, -0.71, -25.74, -38.02, 4.77
-0.27, -0.68, -0.69, -24.05, -29.64, 2.99
-0.26, -0.69, -0.67, -24.56, -27.85, 0.84
-0.23, -0.66, -0.67, -25.23, -37.94, -0.43
-0.21, -0.67, -0.68, -21.88, -49.34, -3.60
-0.19, -0.65, -0.67, -20.61, -56.69, -5.26
-0.18, -0.65, -0.66, -19.20, -57.28, -5.42
-0.17, -0.65, -0.67, -16.68, -50.53, -4.80
-0.19, -0.66, -0.68, -15.42, -35.06, -4.38
-0.24, -0.64, -0.67, -16.65, -17.74, -5.75
-0.30, -0.63, -0.65, -20.89, -1.68, -9.12
-0.34, -0.64, -0.63, -26.21, 1.33, -11.32
-0.28, -0.65, -0.62, -27.57, -3.98, -11.87
-0.13, -0.65, -0.64, -26.25, -14.04, -9.36
-0.08, -0.63, -0.64, -26.50, -16.97, -11.16
-0.22, -0.61, -0.61, -26.66, -24.39, -12.70
-0.31, -0.61, -0.70, -21.79, -29.84, -8.76
-0.21, -0.60, -0.72, -17.62, -22.68, -7.22
-0.15, -0.59, -0.63, -19.92, -14.60, -6.14
-0.21, -0.61, -0.59, -23.44, -8.83, -5.72
-0.26, -0.62, -0.62, -24.94, -10.49, -1.86
-0.23, -0.60, -0.65, -24.88, -13.43, 0.95
-0.17, -0.58, -0.64, -24.51, -22.70, 2.88
-0.18, -0.59, -0.62, -26.33, -27.40, 2.52
-0.21, -0.60, -0.60, -27.28, -19.06, 2.54
-0.25, -0.61, -0.57, -32.36, -7.92, 4.20
-0.32, -0.62, -0.57, -34.36, 1.91, 7.28
-0.31, -0.62, -0.61, -34.63, 4.30, 7.72
-0.28, -0.60, -0.63, -32.24, -0.79, 6.66
-0.30, -0.59, -0.64, -32.53, -8.32, 5.67
-0.30, -0.61, -0.64, -30.29, -14.35, 4.93
-0.30, -0.62, -0.70, -23.45, -13.38, 1.87
-0.35, -0.60, -0.74, -20.38, -13.06, -1.12
-0.37, -0.60, -0.73, -15.76, -7.13, 0.44
-0.32, -0.61, -0.72, -13.80, -4.27, 0.36
-0.29, -0.62, -0.70, -9.99, -7.95, -1.64
-0.28, -0.62, -0.68, -9.69, -10.57, -1.24
-0.24, -0.62, -0.67, -7.04, -17.79, 0.37
-0.23, -0.62, -0.67, -5.91, -23.82, -1.84
-0.26, -0.61, -0.67, -4.74, -19.28, -0.59
-0.27, -0.60, -0.66, -5.01, -13.61, -1.10
-0.30, -0.60, -0.63, -7.47, -7.98, -0.38
-0.31, -0.61, -0.60, -11.55, -4.83, -0.11
-0.29, -0.61, -0.59, -15.73, -10.13, 1.19
-0.27, -0.62, -0.60, -17.20, -19.32, -0.73
-0.30, -0.61, -0.63, -15.93, -22.78, -4.94
-0.36, -0.60, -0.67, -14.96, -11.98, -6.13
-0.40, -0.60, -0.64, -19.11, -1.92, -9.33
-0.41, -0.61, -0.61, -22.50, 6.21, -10.14
-0.34, -0.62, -0.62, -25.19, 9.58, -9.06
-0.27, -0.63, -0.64, -26.23, 5.88, -8.82
-0.27, -0.62, -0.64, -26.40, 4.52, -10.56
-0.33, -0.60, -0.66, -26.79, 8.68, -13.69
-0.36, -0.60, -0.68, -26.32, 15.92, -14.04
-0.34, -0.61, -0.67, -26.37, 25.76, -15.19
-0.31, -0.63, -0.67, -25.77, 32.00, -15.25
-0.30, -0.62, -0.68, -25.38, 32.34, -16.96
-0.28, -0.60, -0.67, -24.49, 25.86, -17.94
-0.26, -0.59, -0.68, -22.65, 14.54, -18.78
-0.24, -0.58, -0.70, -19.68, 7.96, -20.79
-0.25, -0.58, -0.70, -19.20, 1.19, -21.09
-0.27, -0.59, -0.69, -18.06, 4.33, -20.97
-0.26, -0.60, -0.69, -16.70, 8.77, -20.55
-0.25, -0.60, -0.69, -15.31, 14.27, -20.42
-0.26, -0.59, -0.69, -13.68, 17.15, -19.20
-0.27, -0.59, -0.69, -13.49, 19.36, -19.95
-0.25, -0.60, -0.68, -14.79, 11.48, -20.25
-0.24, -0.62, -0.68, -14.60, 6.96, -19.18
-0.22, -0.64, -0.69, -13.90, 0.73, -20.63
-0.24, -0.64, -0.70, -13.32, 3.21, -22.52
-0.27, -0.61, -0.69, -12.82, 13.23, -24.23
-0.26, -0.60, -0.67, -12.79, 16.11, -27.04
-0.24, -0.60, -0.68, -12.29, 14.95, -26.35
-0.22, -0.62, -0.69, -11.84, 11.45, -26.57
-0.19, -0.63, -0.69, -9.82, 6.84, -26.16
-0.18, -0.62, -0.68, -10.36, 6.64, -27.35
-0.17, -0.59, -0.66, -9.35, 12.18, -28.28
-0.16, -0.58, -0.65, -8.01, 14.83, -28.15
-0.15, -0.59, -0.65, -7.39, 15.27, -25.84
-0.13, -0.61, -0.65, -6.65, 10.50, -23.37
-0.09, -0.63, -0.64, -7.24, 2.48, -20.74
-0.07, -0.64, -0.63, -7.96, -0.85, -16.92
-0.07, -0.63, -0.63, -7.75, -0.13, -15.60
-0.10, -0.62, -0.63, -8.46, 4.15, -14.53
-0.13, -0.62, -0.62, -9.39, 6.21, -14.52
-0.14, -0.64, -0.63, -8.99, 3.06, -12.64
-0.12, -0.66, -0.65, -8.37, -4.39, -13.23
-0.12, -0.66, -0.65, -8.21, -7.31, -14.67
-0.15, -0.65, -0.65, -6.82, -5.10, -17.17
-0.18, -0.64, -0.65, -7.63, 4.57, -19.12
-0.18, -0.63, -0.64, -6.32, 13.07, -20.93
-0.18, -0.65, -0.64, -6.86, 12.97, -23.07
-0.17, -0.66, -0.65, -6.14, 9.89, -21.84
-0.13, -0.66, -0.65, -3.77, 1.60, -22.92
-0.09, -0.65, -0.65, -2.63, -4.52, -22.21
-0.07, -0.63, -0.65, -1.59, -4.85, -20.44
-0.07, -0.61, -0.65, -0.91, -0.93, -18.86
-0.08, -0.62, -0.64, -3.48, 8.39, -16.86
-0.09, -0.65, -0.62, -4.07, 8.77, -14.79
-0.08, -0.67, -0.64, -5.68, 4.35, -14.03
-0.05, -0.67, -0.66, -5.42, 1.16, -11.29
-0.04, -0.65, -0.65, -4.81, -0.58, -11.02
-0.06, -0.64, -0.63, -4.23, 3.54, -10.10
-0.09, -0.64, -0.65, -3.07, 9.97, -10.13
-0.09, -0.65, -0.64, -4.40, 14.03, -6.86
-0.06, -0.65, -0.63, -7.15, 17.18, -1.63
-0.02, -0.64, -0.62, -9.48, 17.98, 2.32
0.03, -0.63, -0.61, -14.09, 16.40, 8.98
0.05, -0.65, -0.61, -17.74, 16.18, 14.97
0.04, -0.66, -0.63, -20.05, 11.86, 16.60
-0.01, -0.67, -0.67, -17.21, 5.75, 17.09
-0.07, -0.69, -0.69, -15.44, -0.96, 13.53
-0.12, -0.74, -0.68, -9.74, -11.76, 6.07
-0.16, -0.80, -0.70, -2.31, -14.18, -2.56
-0.19, -0.82, -0.71, 2.32, -1.80, -12.65
-0.27, -0.82, -0.68, 1.66, 17.98, -24.58
-0.33, -0.78, -0.65, 1.30, 45.48, -32.35
-0.26, -0.72, -0.60, -2.61, 60.60, -35.31
-0.10, -0.66, -0.55, -7.90, 56.39, -29.69
0.08, -0.62, -0.56, -9.52, 41.85, -21.11
0.16, -0.59, -0.58, -11.91, 28.93, -12.44
0.21, -0.56, -0.57, -15.08, 18.72, -3.85
0.25, -0.55, -0.58, -18.95, 15.41, 14.49
0.26, -0.54, -0.60, -23.94, 19.17, 31.65
0.23, -0.53, -0.62, -25.42, 29.91, 46.91
0.20, -0.51, -0.62, -26.03, 45.94, 53.10
0.14, -0.52, -0.60, -33.47, 63.69, 60.86
0.04, -0.59, -0.53, -47.53, 36.81, 60.71
0.03, -0.73, -0.55, -38.34, -13.41, 60.51
0.03, -0.85, -0.80, -12.26, -64.00, 35.17
-0.33, -0.92, -0.86, -0.13, -64.00, -8.80
-0.79, -1.01, -0.77, 4.12, -42.39, -39.67
-0.79, -1.00, -0.72, 9.63, 32.39, -53.18
-0.53, -0.85, -0.73, 12.27, 50.46, -64.00
-0.39, -0.80, -0.66, 6.91, 44.95, -64.00
-0.02, -0.83, -0.62, 5.49, 41.95, -62.18
0.53, -0.72, -0.68, 15.99, 40.03, -29.56
0.68, -0.52, -0.61, 2.15, 8.28, -12.86
0.50, -0.38, -0.52, -6.40, 22.88, 15.44
0.49, -0.38, -0.50, -14.89, 25.91, 34.66
0.40, -0.41, -0.47, -34.74, 21.27, 43.90
0.15, -0.47, -0.49, -41.90, 18.64, 46.11
-0.00, -0.48, -0.54, -42.12, 23.46, 55.23
0.02, -0.50, -0.56, -38.83, 16.75, 59.62
0.02, -0.59, -0.62, -31.66, 1.97, 52.23
-0.16, -0.75, -0.61, -30.67, -20.16, 29.73
-0.34, -0.92, -0.66, -20.51, -27.04, 15.30
-0.41, -1.03, -0.75, -12.27, -31.76, -6.97
-0.45, -1.01, -0.75, -6.18, -11.31, -22.04
-0.34, -0.96, -0.69, -1.82, 14.07, -32.08
-0.19, -0.87, -0.67, 0.59, 23.94, -41.35
-0.11, -0.79, -0.71, 5.24, 30.70, -48.12
-0.13, -0.77, -0.73, 0.75, 39.48, -50.80
-0.02, -0.76, -0.56, -12.60, 41.69, -35.39
0.40, -0.65, -0.55, -6.51, 29.37, -8.20
0.67, -0.46, -0.63, -15.98, 10.34, 17.61
0.57, -0.34, -0.50, -30.28, -14.45, 34.43
0.37, -0.36, -0.53, -31.32, -21.30, 39.18
0.11, -0.45, -0.60, -34.25, -10.12, 41.08
-0.05, -0.54, -0.57, -43.86, 14.13, 43.11
-0.04, -0.64, -0.54, -46.48, 8.79, 43.02
0.03, -0.74, -0.67, -33.67, -15.42, 41.89
0.00, -0.85, -0.81, -19.12, -33.58, 33.47
-0.29, -0.94, -0.78, -9.65, -51.33, 2.55
-0.59, -0.95, -0.80, 4.23, -22.26, -16.04
-0.56, -0.88, -0.71, 9.25, 7.43, -32.25
-0.40, -0.78, -0.64, 15.35, 9.15, -52.28
-0.34, -0.77, -0.60, 10.24, 1.23, -64.00
-0.19, -0.81, -0.56, 6.42, 4.83, -57.04
0.21, -0.73, -0.57, 3.67, 13.83, -36.05
0.51, -0.54, -0.57, -2.17, 18.14, -12.13
0.62, -0.38, -0.54, -17.75, 16.69, 17.92
0.64, -0.36, -0.51, -30.64, 17.26, 46.13
0.50, -0.44, -0.54, -34.28, 2.39, 44.35
0.25, -0.53, -0.58, -49.86, 7.33, 56.39
0.09, -0.63, -0.55, -60.33, 13.17, 63.33
0.07, -0.69, -0.50, -61.56, -5.38, 61.28
0.06, -0.82, -0.69, -36.95, -34.70, 52.09
-0.18, -0.92, -0.87, -26.99, -61.03, 25.53
-0.67, -0.93, -0.85, -7.78, -53.42, -7.24
-0.85, -0.88, -0.88, 11.69, -9.05, -36.12
-0.71, -0.86, -0.77, 19.54, 26.60, -54.96
-0.48, -0.84, -0.69, 20.56, 26.65, -64.00
-0.26, -0.83, -0.64, 15.32, 37.38, -64.00
0.13, -0.77, -0.58, 12.84, 35.40, -51.46
0.41, -0.64, -0.55, 2.48, 15.81, -40.95
0.49, -0.49, -0.54, -8.44, 6.01, -14.28
0.55, -0.40, -0.49, -26.07, 5.00, 15.83
0.60, -0.36, -0.43, -42.74, 1.09, 39.66
0.45, -0.39, -0.47, -48.08, -2.48, 45.92
0.17, -0.46, -0.55, -54.20, 8.93, 57.49
0.04, -0.54, -0.57, -63.00, 19.97, 64.00
0.02, -0.64, -0.51, -61.63, -0.34, 64.00
0.00, -0.76, -0.66, -39.47, -31.85, 53.00
-0.25, -0.87, -0.88, -18.71, -64.00, 25.61
-0.65, -0.93, -0.89, 0.34, -62.66, -12.82
-0.86, -0.96, -0.84, 10.46, -18.96, -40.35
-0.70, -0.93, -0.76, 20.61, 22.94, -61.32
-0.42, -0.86, -0.73, 17.06, 26.02, -64.00
-0.17, -0.85, -0.66, 12.87, 46.67, -63.96
0.27, -0.80, -0.61, 10.36, 31.93, -49.96
0.46, -0.67, -0.62, 4.11, 14.10, -37.26
0.48, -0.51, -0.57, -6.03, 3.92, -14.35
0.50, -0.41, -0.51, -20.18, 13.98, 14.13
0.54, -0.36, -0.45, -37.42, 17.66, 35.88
0.41, -0.38, -0.45, -47.41, 11.87, 44.68
0.18, -0.47, -0.52, -50.53, 10.53, 55.57
0.08, -0.55, -0.56, -55.88, 4.18, 64.00
0.05, -0.62, -0.61, -45.74, -6.97, 62.83
-0.07, -0.72, -0.68, -33.17, -42.04, 39.49
-0.41, -0.87, -0.76, -20.93, -52.88, 11.85
-0.66, -0.96, -0.85, -1.99, -39.13, -17.77
-0.73, -0.96, -0.82, 4.02, 4.15, -36.16
-0.55, -0.89, -0.71, 10.44, 35.62, -49.01
-0.29, -0.81, -0.71, 16.88, 35.54, -63.64
-0.11, -0.78, -0.72, 13.85, 26.04, -63.63
0.11, -0.76, -0.65, 8.06, 38.24, -42.81
0.50, -0.64, -0.56, -0.48, 42.23, -15.59
0.65, -0.45, -0.50, -16.39, 25.45, 4.87
0.65, -0.34, -0.43, -33.44, 25.68, 38.19
0.61, -0.36, -0.44, -43.98, 7.02, 53.31
0.35, -0.45, -0.53, -49.34, -3.38, 60.46
0.13, -0.53, -0.56, -57.17, 0.86, 64.00
0.02, -0.62, -0.55, -54.12, -18.23, 62.50
-0.10, -0.70, -0.72, -39.34, -32.28, 45.93
-0.35, -0.79, -0.83, -23.81, -45.49, 26.03
-0.64, -0.83, -0.89, -4.10, -29.46, -3.54
-0.77, -0.86, -0.89, 6.40, 0.98, -28.79
-0.60, -0.86, -0.77, 9.52, 31.09, -40.45
-0.29, -0.79, -0.71, 13.48, 22.88, -53.43
-0.11, -0.73, -0.68, 8.22, 18.09, -51.80
0.13, -0.73, -0.62, 0.50, 23.12, -35.28
0.39, -0.67, -0.56, -7.93, 19.31, -16.09
0.54, -0.57, -0.50, -21.91, 14.42, 2.50
0.58, -0.51, -0.46, -35.21, 15.93, 28.53
0.51, -0.54, -0.45, -47.61, 2.55, 39.55
0.32, -0.61, -0.51, -55.05, 2.48, 49.38
0.13, -0.62, -0.54, -59.43, -0.34, 53.12
0.02, -0.60, -0.59, -52.56, -1.81, 49.13
-0.05, -0.64, -0.70, -45.36, -16.81, 40.02
-0.20, -0.70, -0.80, -32.61, -32.78, 28.59
-0.44, -0.73, -0.81, -16.70, -37.37, 5.04
-0.60, -0.74, -0.85, 1.13, -17.72, -20.61
-0.60, -0.78, -0.80, 1.33, 12.83, -30.10
-0.38, -0.78, -0.68, 3.25, 29.99, -35.31
-0.14, -0.69, -0.66, 7.33, 23.64, -38.33
0.00, -0.65, -0.65, 3.59, 15.39, -33.91
0.10, -0.67, -0.58, -3.33, 10.77, -24.27
0.24, -0.64, -0.54, -12.20, 16.18, -8.37
0.40, -0.58, -0.50, -24.97, 18.52, 16.39
0.49, -0.54, -0.49, -32.53, 12.65, 32.31
0.45, -0.55, -0.54, -38.57, 2.86, 43.39
0.28, -0.58, -0.60, -43.98, -2.49, 53.53
0.11, -0.61, -0.64, -44.30, -13.49, 51.51
-0.08, -0.66, -0.71, -30.10, -28.54, 37.23
-0.30, -0.75, -0.85, -18.61, -44.28, 12.01
-0.59, -0.80, -0.88, -4.92, -46.53, -16.88
-0.69, -0.79, -0.87, 5.12, -0.32, -34.13
-0.51, -0.76, -0.77, 7.65, 19.90, -48.57
-0.26, -0.73, -0.71, 7.53, 28.05, -54.13
-0.08, -0.73, -0.70, 4.54, 26.52, -47.45
0.18, -0.71, -0.67, -0.15, 30.15, -32.10
0.38, -0.65, -0.56, -12.77, 21.85, -16.58
0.51, -0.57, -0.51, -21.81, 20.71, 8.71
0.57, -0.51, -0.53, -31.13, 13.10, 26.93
0.43, -0.51, -0.54, -44.13, 2.44, 37.54
0.22, -0.58, -0.59, -49.62, 1.70, 46.19
0.06, -0.60, -0.61, -49.92, 1.14, 47.66
-0.03, -0.60, -0.66, -41.21, 0.64, 41.44
-0.21, -0.64, -0.75, -29.96, -22.32, 21.86
-0.44, -0.70, -0.81, -15.50, -19.14, 1.08
-0.64, -0.74, -0.82, -4.96, -20.37, -26.63
-0.61, -0.76, -0.76, -2.41, 13.26, -32.96
-0.28, -0.73, -0.69, 2.80, 12.86, -40.86
-0.09, -0.69, -0.69, 3.92, 15.80, -39.31
0.03, -0.67, -0.68, 2.77, 11.85, -33.11
0.14, -0.67, -0.64, 0.07, 16.69, -24.80
0.26, -0.64, -0.61, -6.50, 17.30, -14.55
0.31, -0.61, -0.56, -14.77, 19.40, 1.75
0.37, -0.57, -0.52, -26.95, 21.22, 20.04
0.41, -0.57, -0.52, -37.17, 11.35, 31.62
0.34, -0.60, -0.56, -41.17, 0.98, 39.41
0.16, -0.60, -0.62, -42.66, -5.72, 42.40
0.06, -0.60, -0.66, -38.75, -3.39, 40.55
-0.04, -0.65, -0.72, -28.68, -3.98, 29.58
-0.30, -0.72, -0.79, -23.30, -17.79, 1.14
-0.62, -0.78, -0.81, -16.03, -12.06, -20.67
-0.57, -0.81, -0.79, -8.27, 13.08, -33.47
-0.30, -0.78, -0.77, 0.32, 17.06, -42.78
-0.14, -0.72, -0.77, 5.89, 25.63, -44.44
-0.05, -0.69, -0.75, 9.19, 25.50, -48.30
0.00, -0.67, -0.71, 6.94, 27.61, -48.31
0.11, -0.66, -0.64, -4.58, 31.82, -41.02
0.27, -0.63, -0.54, -17.41, 25.47, -27.07
0.41, -0.57, -0.52, -28.01, 1.03, -12.36
0.48, -0.52, -0.55, -36.52, -8.51, 7.96
0.49, -0.53, -0.56, -47.50, -38.98, 13.61
0.32, -0.58, -0.61, -51.12, -34.72, 20.92
0.13, -0.62, -0.69, -50.44, -27.04, 19.33
-0.04, -0.62, -0.71, -54.56, -7.68, 16.24
-0.06, -0.65, -0.69, -53.22, -6.85, 13.65
-0.02, -0.71, -0.76, -47.97, -15.86, 9.11
-0.09, -0.75, -0.86, -37.03, -31.33, -11.48
-0.35, -0.75, -0.89, -32.91, -45.39, -38.16
-0.46, -0.73, -0.86, -25.86, -30.35, -54.62
-0.32, -0.71, -0.86, -17.18, -9.24, -64.00
-0.20, -0.69, -0.85, -11.66, 23.22, -64.00
-0.12, -0.68, -0.80, -14.51, 45.58, -64.00
0.01, -0.67, -0.65, -24.44, 51.93, -64.00
0.27, -0.64, -0.61, -25.68, 43.78, -55.06
0.42, -0.58, -0.65, -27.39, 22.56, -44.17
0.44, -0.54, -0.61, -35.21, 11.08, -30.58
0.45, -0.54, -0.56, -43.38, 8.64, -11.95
0.49, -0.54, -0.57, -45.86, 11.79, 6.77
0.43, -0.50, -0.65, -45.44, 10.30, 18.54
0.26, -0.47, -0.70, -48.04, 7.91, 22.97
0.16, -0.49, -0.67, -48.70, 16.93, 28.77
0.13, -0.53, -0.67, -48.00, 12.78, 28.17
0.03, -0.53, -0.70, -44.02, 2.54, 23.01
-0.11, -0.51, -0.74, -37.33, -19.34, 9.05
-0.26, -0.57, -0.82, -20.38, -47.18, -16.57
-0.43, -0.62, -0.92, -8.90, -40.76, -36.20
-0.49, -0.61, -0.83, -2.31, -22.71, -58.28
-0.42, -0.58, -0.77, 6.10, 0.56, -64.00
-0.28, -0.59, -0.81, 5.63, 17.97, -64.00
0.02, -0.61, -0.73, -1.76, 48.59, -55.33
0.57, -0.59, -0.58, -6.13, 34.27, -33.62
0.86, -0.50, -0.66, -7.53, 13.80, -6.23
0.93, -0.43, -0.66, -21.39, 7.51, 29.52
0.93, -0.48, -0.56, -36.82, 3.96, 54.38
0.74, -0.56, -0.62, -45.48, 2.82, 64.00
0.44, -0.55, -0.68, -58.81, 21.63, 64.00
0.17, -0.51, -0.65, -64.00, 7.94, 63.50
-0.09, -0.49, -0.76, -56.68, -42.26, 37.95
-0.29, -0.53, -1.01, -28.00, -61.12, 12.61
-0.54, -0.58, -1.12, -9.43, -64.00, -33.29
-0.82, -0.63, -0.99, -10.56, -20.33, -51.36
-0.58, -0.67, -0.75, -10.84, 38.95, -60.96
-0.15, -0.62, -0.75, -3.40, 43.50, -64.00
0.14, -0.55, -0.87, 0.32, 38.12, -59.82
0.33, -0.54, -0.83, -4.65, 37.90, -40.55
0.53, -0.55, -0.66, -15.28, 34.51, -25.41
0.71, -0.53, -0.60, -21.41, 33.47, 0.17
0.84, -0.46, -0.60, -34.66, 25.91, 25.11
0.81, -0.44, -0.61, -45.70, 0.36, 43.02
0.58, -0.47, -0.67, -51.17, -14.60, 55.96
0.32, -0.47, -0.71, -57.49, -3.56, 61.70
0.16, -0.45, -0.72, -53.08, 13.35, 57.38
0.01, -0.47, -0.79, -46.85, -1.01, 38.69
-0.28, -0.54, -0.84, -41.59, -25.98, 15.28
-0.44, -0.55, -0.99, -19.97, -27.70, -6.80
-0.45, -0.53, -1.03, -7.00, -23.58, -31.18
-0.38, -0.57, -0.85, -9.72, -9.32, -45.93
-0.20, -0.58, -0.78, -2.54, 7.15, -46.60
0.07, -0.53, -0.79, 0.46, 14.41, -44.23
0.22, -0.48, -0.78, -1.73, 21.45, -34.08
0.37, -0.48, -0.71, -9.22, 31.65, -17.11
0.52, -0.49, -0.62, -21.35, 29.03, 1.25
0.66, -0.48, -0.59, -31.51, 21.93, 22.14
0.73, -0.48, -0.65, -36.37, 3.84, 41.24
0.62, -0.50, -0.72, -41.35, -13.97, 51.65
0.41, -0.50, -0.78, -42.01, -4.95, 58.47
0.22, -0.47, -0.80, -38.84, -7.15, 45.44
-0.05, -0.50, -0.83, -34.32, -14.64, 27.42
-0.24, -0.58, -0.86, -30.63, -13.88, 15.42
-0.28, -0.56, -0.94, -17.33, -20.65, -6.60
-0.31, -0.49, -0.95, -8.65, -22.04, -23.65
-0.27, -0.50, -0.87, -6.30, -13.78, -31.93
-0.14, -0.52, -0.82, -2.30, -6.68, -38.63
-0.01, -0.49, -0.81, -0.90, 1.35, -37.97
0.14, -0.48, -0.81, -0.83, 8.75, -30.86
0.30, -0.48, -0.74, -3.05, 16.15, -16.65
0.47, -0.48, -0.68, -7.11, 21.71, 0.98
0.58, -0.47, -0.65, -16.91, 20.91, 23.99
0.64, -0.48, -0.64, -24.35, 18.96, 44.62
0.54, -0.50, -0.68, -29.59, 10.20, 54.69
0.34, -0.47, -0.74, -29.83, 11.40, 57.94
0.15, -0.43, -0.77, -26.78, 14.41, 53.93
-0.04, -0.47, -0.80, -21.03, -2.71, 36.10
-0.25, -0.53, -0.87, -9.84, -14.34, 17.18
-0.41, -0.53, -0.97, 5.47, -28.89, -7.89
-0.47, -0.55, -0.88, 10.22, -4.47, -18.76
-0.29, -0.58, -0.77, 18.19, 2.25, -31.21
-0.04, -0.53, -0.80, 24.97, 12.32, -30.05
0.15, -0.50, -0.79, 23.15, 6.51, -25.08
0.28, -0.52, -0.74, 20.63, 8.20, -16.93
0.38, -0.53, -0.71, 15.77, 11.57, -4.05
0.47, -0.52, -0.64, 2.88, 19.18, 11.44
0.54, -0.54, -0.58, -8.54, 23.03, 28.24
0.58, -0.56, -0.61, -20.28, 13.93, 40.58
0.50, -0.58, -0.67, -32.60, -3.67, 50.80
0.38, -0.57, -0.72, -34.31, 5.87, 59.20
0.24, -0.55, -0.78, -33.07, -3.62, 42.11
-0.08, -0.58, -0.80, -36.17, -7.80, 28.90
-0.27, -0.61, -0.87, -27.58, -9.86, 12.17
-0.40, -0.58, -0.97, -13.44, -26.69, -17.45
-0.46, -0.58, -0.95, -7.99, -17.40, -31.78
-0.27, -0.62, -0.89, -1.21, -26.00, -46.59
-0.05, -0.58, -0.90, 10.50, -18.45, -48.10
0.09, -0.54, -0.92, 17.41, -1.68, -45.70
0.18, -0.54, -0.85, 12.59, 19.20, -38.48
0.30, -0.56, -0.71, 1.78, 32.54, -21.78
0.52, -0.58, -0.62, -12.21, 41.18, 1.77
0.70, -0.55, -0.55, -28.23, 36.32, 25.76
0.75, -0.52, -0.52, -41.25, 15.80, 43.37
0.61, -0.51, -0.61, -49.63, -6.20, 58.24
0.36, -0.47, -0.69, -52.43, 2.79, 62.93
0.09, -0.44, -0.71, -52.16, 4.32, 47.03
-0.27, -0.49, -0.78, -45.59, -4.57, 24.21
-0.55, -0.52, -0.88, -36.36, -25.84, -5.69
-0.61, -0.51, -0.93, -16.19, -24.67, -26.89
-0.45, -0.53, -0.90, -7.85, -22.43, -43.72
-0.17, -0.57, -0.85, 4.52, -7.57, -44.91
0.10, -0.57, -0.88, 15.41, 4.01, -39.31
0.24, -0.56, -0.86, 16.00, 13.81, -30.56
0.37, -0.56, -0.77, 11.38, 27.71, -14.23
0.48, -0.57, -0.68, 1.45, 31.08, 3.22
0.62, -0.59, -0.61, -12.84, 30.11, 25.50
0.69, -0.59, -0.57, -27.61, 16.18, 40.88
0.57, -0.58, -0.60, -38.13, -6.92, 49.26
0.35, -0.52, -0.70, -40.64, 5.61, 56.62
0.12, -0.48, -0.75, -37.71, 7.46, 38.04
-0.24, -0.50, -0.78, -39.46, 0.25, 15.77
-0.44, -0.53, -0.85, -31.70, -5.61, -0.32
-0.40, -0.52, -0.91, -16.46, -18.44, -19.53
-0.31, -0.53, -0.90, -6.96, -20.48, -32.96
-0.18, -0.57, -0.85, 1.05, -17.21, -35.57
0.05, -0.56, -0.85, 9.93, 1.88, -30.06
0.21, -0.54, -0.81, 11.33, 11.33, -24.66
0.29, -0.54, -0.76, 8.17, 21.50, -13.46
0.42, -0.55, -0.68, -2.44, 25.10, 5.31
0.57, -0.57, -0.60, -15.74, 22.45, 23.24
0.59, -0.57, -0.58, -30.74, 9.68, 40.37
0.54, -0.55, -0.61, -41.27, -2.69, 50.94
0.32, -0.48, -0.71, -38.51, 13.71, 53.37
0.07, -0.47, -0.75, -45.11, 4.86, 34.79
-0.23, -0.52, -0.73, -50.54, 7.21, 27.89
-0.25, -0.54, -0.87, -35.92, -7.60, 10.92
-0.28, -0.52, -0.94, -20.40, -35.26, -12.39
-0.37, -0.54, -0.98, -4.03, -29.16, -28.70
-0.31, -0.56, -0.91, 3.02, -18.00, -41.30
-0.13, -0.58, -0.87, 11.77, -2.21, -44.40
0.06, -0.60, -0.88, 16.77, 7.30, -40.06
0.20, -0.59, -0.85, 19.24, 10.42, -35.29
0.28, -0.58, -0.77, 10.37, 20.07, -25.02
0.37, -0.57, -0.66, 4.02, 10.43, -19.37
0.38, -0.57, -0.64, -5.96, 7.53, -9.35
0.37, -0.57, -0.65, -14.29, 1.48, -2.58
0.29, -0.56, -0.67, -18.43, -4.02, -0.52
0.18, -0.53, -0.72, -17.62, -12.73, -5.46
0.03, -0.52, -0.79, -12.97, -17.18, -14.55
-0.08, -0.52, -0.83, -9.05, -17.06, -25.22
-0.11, -0.53, -0.82, -3.00, -14.32, -34.74
-0.10, -0.54, -0.84, 7.10, -7.10, -44.03
-0.07, -0.58, -0.87, 13.48, 6.41, -49.88
-0.03, -0.62, -0.84, 16.16, 17.54, -56.39
0.06, -0.64, -0.78, 15.30, 26.64, -55.74
0.18, -0.62, -0.77, 15.83, 31.14, -52.25
0.27, -0.60, -0.72, 9.75, 32.51, -43.74
0.35, -0.60, -0.60, -1.09, 30.01, -35.36
0.46, -0.58, -0.60, -6.01, 25.10, -18.31
0.60, -0.53, -0.59, -17.22, 11.51, 4.06
0.70, -0.51, -0.51, -28.83, 3.56, 26.78
0.72, -0.51, -0.50, -40.30, -0.27, 42.98
0.59, -0.52, -0.59, -50.75, 0.91, 53.22
0.35, -0.51, -0.61, -59.19, 8.15, 57.71
0.19, -0.51, -0.63, -61.91, -9.33, 49.67
0.08, -0.55, -0.70, -53.30, -29.76, 44.54
-0.00, -0.61, -0.88, -34.89, -46.91, 18.06
-0.32, -0.62, -1.03, -12.57, -59.04, -13.89
-0.59, -0.63, -1.04, 1.61, -27.92, -34.26
-0.51, -0.67, -0.89, 7.56, 9.87, -51.19
-0.22, -0.63, -0.81, 19.77, 17.54, -64.00
0.03, -0.58, -0.87, 30.09, 13.88, -63.97
0.19, -0.58, -0.88, 26.58, 29.67, -48.62
0.46, -0.60, -0.63, 10.86, 44.42, -31.47
0.72, -0.56, -0.45, -5.91, 36.81, -8.33
0.91, -0.48, -0.48, -23.26, 27.26, 23.68
0.93, -0.45, -0.46, -43.31, 12.52, 48.65
0.78, -0.48, -0.49, -56.60, -0.46, 62.19
0.48, -0.50, -0.60, -64.00, 2.17, 64.00
0.24, -0.47, -0.63, -64.00, -11.12, 62.95
-0.01, -0.47, -0.70, -56.27, -40.25, 48.54
-0.17, -0.54, -0.96, -34.01, -60.01, 19.51
-0.48, -0.60, -1.11, -7.69, -64.00, -15.41
-0.71, -0.62, -1.05, 6.22, -14.54, -33.89
-0.50, -0.67, -0.85, 8.79, 26.96, -49.49
-0.14, -0.65, -0.80, 22.51, 22.42, -61.63
0.10, -0.59, -0.89, 29.14, 2.23, -59.56
0.28, -0.60, -0.92, 31.45, -0.35, -44.08
0.50, -0.61, -0.73, 18.90, 9.76, -31.37
0.64, -0.59, -0.51, 4.08, 9.25, -14.83
0.69, -0.53, -0.53, -12.83, 13.49, 8.75
0.72, -0.49, -0.50, -33.57, 19.69, 34.71
0.67, -0.50, -0.48, -47.78, 12.74, 47.68
0.48, -0.56, -0.58, -56.26, 4.39, 53.46
0.27, -0.52, -0.65, -61.13, 3.54, 56.73
0.19, -0.49, -0.72, -49.99, 0.89, 52.76
0.07, -0.52, -0.83, -39.02, -25.15, 31.05
-0.28, -0.62, -0.90, -25.82, -47.71, 4.54
-0.53, -0.68, -1.00, -5.41, -50.33, -29.27
-0.57, -0.69, -0.98, 3.72, -14.91, -52.21
-0.38, -0.67, -0.83, 9.79, 1.56, -64.00
-0.08, -0.61, -0.85, 21.07, 13.84, -64.00
0.18, -0.58, -0.91, 26.37, 34.43, -54.38
0.38, -0.57, -0.75, 13.76, 49.04, -40.89
0.57, -0.55, -0.51, -3.38, 49.73, -13.99
0.82, -0.50, -0.48, -15.11, 40.47, 16.15
0.98, -0.44, -0.51, -29.30, 21.58, 44.03
0.84, -0.43, -0.52, -45.05, 2.75, 61.49
0.52, -0.44, -0.62, -52.79, 7.00, 64.00
0.24, -0.42, -0.63, -60.01, 24.35, 64.00
0.09, -0.44, -0.59, -61.69, 10.89, 61.67
0.03, -0.56, -0.70, -56.07, -12.02, 55.69
-0.08, -0.61, -0.89, -43.42, -48.72, 32.70
-0.30, -0.54, -0.99, -19.54, -52.21, 5.98
-0.56, -0.51, -1.02, 0.64, -48.74, -25.10
-0.54, -0.61, -0.95, 3.27, -7.77, -34.60
-0.25, -0.66, -0.83, 8.12, 16.39, -43.19
-0.01, -0.63, -0.82, 15.32, 23.08, -51.85
0.07, -0.60, -0.83, 12.37, 9.48, -54.83
0.21, -0.64, -0.78, 11.83, 8.01, -44.88
0.48, -0.64, -0.78, 10.27, -4.51, -32.10
0.69, -0.60, -0.71, 4.09, -6.51, -9.73
0.69, -0.56, -0.60, -6.78, -1.08, 7.32
0.63, -0.55, -0.54, -23.32, 6.92, 22.75
0.54, -0.58, -0.57, -33.17, 10.98, 35.84
0.41, -0.59, -0.63, -39.12, 9.87, 38.23
0.19, -0.56, -0.70, -37.51, -1.69, 28.99
-0.08, -0.53, -0.79, -29.17, -21.12, 12.31
-0.28, -0.54, -0.89, -13.34, -39.29, -14.61
-0.39, -0.59, -0.93, 2.15, -42.02, -39.82
-0.40, -0.62, -0.92, 11.94, -33.31, -59.47
-0.27, -0.63, -0.87, 19.96, -13.61, -61.36
0.04, -0.61, -0.79, 17.57, 20.97, -42.72
0.48, -0.57, -0.68, 16.43, 21.71, -30.62
0.59, -0.51, -0.61, 6.77, 5.11, -11.27
0.58, -0.48, -0.62, -5.46, 5.52, 17.15
0.63, -0.47, -0.57, -17.46, 10.69, 34.76
0.54, -0.49, -0.53, -26.39, 5.25, 37.31
0.37, -0.53, -0.59, -38.29, 5.58, 43.88
0.27, -0.56, -0.63, -49.68, -7.79, 48.19
0.25, -0.54, -0.65, -53.25, -14.81, 56.54
0.28, -0.53, -0.73, -41.72, -9.65, 60.62
0.11, -0.57, -0.81, -36.02, -30.23, 37.02
-0.31, -0.68, -0.84, -30.63, -37.89, 6.51
-0.55, -0.74, -1.01, -7.46, -28.75, -20.13
-0.52, -0.73, -1.01, 0.77, -4.96, -44.65
-0.30, -0.70, -0.83, 6.59, 8.03, -56.67
-0.02, -0.66, -0.83, 15.07, 14.55, -54.81
0.20, -0.62, -0.86, 18.54, 17.71, -49.97
0.32, -0.59, -0.77, 12.49, 34.15, -34.31
0.48, -0.55, -0.61, -4.21, 43.61, -15.86
0.65, -0.50, -0.47, -23.02, 41.55, 12.55
0.81, -0.44, -0.43, -37.55, 24.34, 37.04
0.77, -0.43, -0.51, -49.10, -8.47, 55.25
0.49, -0.47, -0.60, -56.66, -23.66, 63.74
0.23, -0.48, -0.64, -57.86, -14.40, 64.00
0.12, -0.46, -0.70, -47.75, -5.01, 57.32
-0.08, -0.51, -0.78, -42.10, -31.60, 31.22
-0.43, -0.65, -0.86, -33.32, -35.49, 10.70
-0.55, -0.65, -1.04, -5.79, -31.18, -15.85
-0.52, -0.62, -0.98, 1.15, 0.52, -33.16
-0.33, -0.67, -0.80, 5.67, 9.11, -46.59
-0.03, -0.66, -0.78, 14.32, 8.53, -47.47
0.21, -0.62, -0.84, 14.66, 2.86, -39.87
0.34, -0.62, -0.79, 9.91, 15.66, -30.87
0.43, -0.60, -0.67, -0.99, 21.35, -20.94
0.49, -0.55, -0.58, -18.62, 31.63, -1.07
0.62, -0.52, -0.51, -33.70, 30.67, 22.74
0.70, -0.50, -0.51, -42.76, 17.65, 41.37
0.60, -0.52, -0.63, -48.47, -6.28, 51.91
0.34, -0.52, -0.68, -53.60, -8.50, 56.00
0.12, -0.50, -0.69, -49.78, -15.27, 49.65
-0.04, -0.51, -0.82, -28.58, -23.69, 28.81
-0.37, -0.57, -1.00, -11.29, -56.00, -9.96
-0.72, -0.68, -1.05, 3.05, -26.08, -32.75
-0.59, -0.70, -0.91, 5.95, 11.61, -50.56
-0.28, -0.65, -0.77, 11.51, 20.00, -62.40
0.03, -0.62, -0.83, 16.47, 17.73, -56.20
0.22, -0.62, -0.87, 14.87, 14.45, -51.74
0.31, -0.62, -0.75, 1.05, 25.96, -43.67
0.38, -0.59, -0.60, -15.64, 15.06, -38.71
0.43, -0.50, -0.60, -26.61, 10.34, -23.91
0.50, -0.44, -0.64, -33.74, 3.37, -8.79
0.49, -0.43, -0.64, -38.79, -0.24, 2.93
0.40, -0.47, -0.68, -35.51, 6.84, 15.34
0.25, -0.51, -0.75, -32.35, 8.08, 13.83
0.07, -0.54, -0.81, -24.60, 15.48, 6.60
-0.07, -0.55, -0.83, -19.21, -1.22, -8.56
-0.12, -0.60, -0.84, -7.05, -6.37, -13.54
-0.01, -0.63, -0.88, 3.95, -16.32, -24.65
0.00, -0.64, -0.82, 4.76, -8.84, -30.36
0.08, -0.64, -0.76, 4.92, 5.47, -25.71
0.27, -0.59, -0.71, 3.93, 18.92, -17.35
0.38, -0.54, -0.64, -2.99, 19.33, -10.16
0.38, -0.54, -0.60, -11.75, 9.95, -0.40
0.40, -0.55, -0.59, -18.95, -1.58, 8.69
0.40, -0.55, -0.62, -21.58, -21.50, 7.81
0.29, -0.54, -0.68, -22.80, -23.42, 8.97
0.20, -0.53, -0.71, -21.42, -10.46, 12.03
0.21, -0.53, -0.69, -23.44, 12.17, 16.95
0.26, -0.55, -0.67, -29.12, 24.10, 23.15
0.32, -0.59, -0.67, -35.48, 26.54, 32.46
0.34, -0.61, -0.67, -41.62, 9.89, 33.52
0.29, -0.63, -0.69, -43.54, -10.22, 34.70
0.19, -0.63, -0.78, -33.81, -39.33, 21.69
0.01, -0.64, -0.84, -22.80, -64.00, 2.80
-0.15, -0.67, -1.01, 3.34, -55.59, -19.75
-0.34, -0.63, -1.02, 4.27, -23.09, -42.43
-0.36, -0.56, -0.86, 12.85, 20.42, -54.34
-0.19, -0.55, -0.81, 13.68, 16.63, -64.00
0.05, -0.60, -0.72, 11.13, 17.21, -45.13
0.49, -0.59, -0.72, 11.53, -3.94, -24.11
0.82, -0.50, -0.71, 8.72, 9.83, 14.49
0.95, -0.42, -0.53, -13.09, 12.42, 38.04
0.71, -0.46, -0.40, -32.26, 10.95, 49.34
0.35, -0.56, -0.52, -45.31, 4.06, 52.63
0.15, -0.60, -0.64, -52.56, -8.46, 52.45
0.14, -0.56, -0.72, -40.46, 7.98, 53.79
0.11, -0.51, -0.79, -30.04, -9.72, 28.07
-0.24, -0.57, -0.79, -32.23, -20.22, 10.83
-0.36, -0.63, -0.87, -18.77, 0.23, 1.58
-0.23, -0.61, -0.88, -12.65, 7.89, -18.50
-0.12, -0.62, -0.80, -9.67, 21.86, -20.53
0.06, -0.60, -0.79, -4.75, 13.80, -20.66
0.19, -0.57, -0.80, 0.84, 3.12, -21.80
0.20, -0.57, -0.81, 4.08, -7.45, -23.63
0.15, -0.58, -0.80, 4.53, -8.38, -26.35
0.09, -0.57, -0.78, 3.82, 6.74, -27.74
0.12, -0.54, -0.74, 1.27, 32.18, -23.87
0.20, -0.53, -0.67, -10.48, 42.17, -19.28
0.32, -0.52, -0.55, -26.59, 29.46, -3.31
0.58, -0.53, -0.51, -35.80, 13.96, 28.64
0.80, -0.54, -0.61, -37.66, -7.71, 44.71
0.64, -0.53, -0.68, -40.35, -11.19, 53.35
0.28, -0.51, -0.72, -46.51, 8.90, 53.54
-0.01, -0.52, -0.68, -51.47, -19.77, 33.03
-0.19, -0.63, -0.76, -32.21, -40.58, 18.70
-0.20, -0.69, -1.14, 0.49, -54.07, -13.56
-0.51, -0.66, -1.11, -4.00, -34.64, -37.55
-0.44, -0.61, -0.81, 9.01, 30.40, -36.97
-0.00, -0.54, -0.77, 16.13, 21.96, -55.43
0.07, -0.59, -0.88, 15.63, 11.85, -52.58
0.06, -0.67, -0.81, 10.54, -1.20, -48.89
0.30, -0.67, -0.70, 11.08, 2.53, -39.69
0.62, -0.56, -0.71, 9.04, 7.39, -14.36
0.74, -0.42, -0.60, -4.89, 8.96, 7.51
0.63, -0.39, -0.47, -23.04, 12.02, 28.45
0.48, -0.45, -0.50, -34.06, 16.86, 39.97
0.34, -0.51, -0.58, -40.17, 11.10, 41.23
0.16, -0.51, -0.64, -43.33, 6.13, 39.17
0.12, -0.48, -0.64, -46.17, -1.37, 40.18
0.22, -0.50, -0.66, -43.39, -11.89, 49.74
0.37, -0.53, -0.79, -29.51, 3.02, 56.76
0.21, -0.58, -0.77, -40.35, -25.80, 30.27
-0.26, -0.66, -0.79, -35.59, -11.84, 21.38
-0.32, -0.65, -0.91, -18.87, -7.99, 1.43
-0.25, -0.63, -0.97, -2.34, -2.16, -21.24
-0.22, -0.67, -0.92, -0.62, 14.42, -29.35
-0.04, -0.71, -0.84, 3.14, 26.18, -35.48
0.13, -0.65, -0.84, 7.53, 39.21, -38.78
0.16, -0.60, -0.81, 2.47, 50.12, -37.09
0.15, -0.64, -0.64, -15.19, 20.10, -41.00
0.35, -0.66, -0.63, -8.74, 8.18, -19.59
0.62, -0.59, -0.77, -2.71, -29.00, -17.13
0.47, -0.52, -0.79, -3.17, -28.25, -13.38
0.18, -0.51, -0.74, -4.27, -7.91, -12.36
0.07, -0.54, -0.71, -4.05, 9.07, -15.59
0.09, -0.56, -0.72, -4.86, 12.50, -16.00
0.15, -0.57, -0.72, -3.28, 4.98, -14.64
0.21, -0.56, -0.72, -1.09, -1.14, -11.74
0.24, -0.56, -0.71, -0.99, -1.88, -9.22
0.22, -0.56, -0.68, -4.32, 1.02, -5.91
0.22, -0.56, -0.64, -8.84, 8.31, 1.54
0.29, -0.55, -0.62, -15.71, 10.46, 10.40
0.36, -0.54, -0.61, -21.15, 12.91, 23.80
0.41, -0.52, -0.58, -28.28, 9.45, 32.21
0.40, -0.50, -0.59, -34.37, 0.12, 41.78
0.38, -0.48, -0.62, -37.12, -10.79, 49.89
0.37, -0.50, -0.65, -36.95, -15.80, 51.72
0.26, -0.57, -0.67, -40.21, -10.34, 47.79
0.10, -0.61, -0.70, -44.03, 2.61, 45.40
0.02, -0.59, -0.77, -37.78, 7.02, 37.36
0.00, -0.58, -0.84, -30.98, -0.99, 23.73
-0.06, -0.63, -0.87, -21.70, -13.72, 9.81
-0.11, -0.68, -0.92, -9.35, -13.67, -3.95
-0.14, -0.71, -0.92, -5.05, -4.50, -16.28
-0.10, -0.71, -0.83, -1.94, 5.68, -26.06
0.01, -0.65, -0.80, 3.01, 1.10, -34.48
0.08, -0.60, -0.82, 7.44, -6.72, -37.67
0.11, -0.59, -0.84, 15.45, -4.14, -41.28
0.10, -0.60, -0.85, 18.25, 12.91, -41.50
0.13, -0.60, -0.76, 11.22, 36.53, -34.63
0.31, -0.59, -0.55, -6.18, 38.02, -19.27
0.62, -0.54, -0.49, -18.51, 30.30, 9.69
0.84, -0.48, -0.49, -30.55, 5.43, 36.56
0.78, -0.46, -0.51, -40.77, -10.15, 53.97
0.47, -0.47, -0.59, -48.00, -14.76, 59.07
0.22, -0.45, -0.62, -54.96, -4.75, 61.35
0.14, -0.43, -0.63, -53.40, 0.69, 64.00
0.14, -0.48, -0.73, -42.23, -7.35, 55.73
-0.07, -0.59, -0.80, -42.41, -37.48, 30.03
-0.40, -0.68, -0.94, -21.73, -35.66, 12.20
-0.48, -0.63, -1.06, -1.08, -27.89, -18.38
-0.49, -0.65, -0.98, 1.49, -2.00, -35.81
-0.31, -0.73, -0.83, 5.63, 11.70, -43.68
0.03, -0.68, -0.83, 14.49, 4.06, -45.27
0.20, -0.61, -0.89, 20.22, -8.89, -43.90
0.23, -0.63, -0.90, 23.95, -0.03, -38.77
0.27, -0.63, -0.79, 17.99, 20.36, -34.03
0.32, -0.58, -0.63, 6.95, 25.93, -27.41
0.39, -0.52, -0.56, -4.73, 25.74, -10.54
0.53, -0.49, -0.54, -18.29, 25.32, 12.28
0.66, -0.48, -0.47, -32.47, 19.17, 31.46
0.60, -0.48, -0.48, -43.81, 10.40, 47.18
0.46, -0.49, -0.56, -49.43, -2.96, 54.41
0.29, -0.48, -0.61, -54.35, -8.70, 60.56
0.29, -0.47, -0.68, -47.35, 5.51, 64.00
0.19, -0.52, -0.74, -45.29, -16.14, 50.06
-0.17, -0.64, -0.77, -45.68, -14.26, 40.17
-0.29, -0.63, -0.88, -28.76, -21.46, 22.82
-0.27, -0.58, -0.98, -5.87, -21.56, -0.06
-0.33, -0.66, -0.96, -0.68, -18.74, -23.54
-0.31, -0.80, -0.86, -2.97, 1.54, -31.76
-0.09, -0.75, -0.80, 2.69, -1.00, -41.52
0.09, -0.61, -0.84, 12.85, -7.92, -41.68
0.15, -0.58, -0.86, 16.70, -7.54, -40.53
0.22, -0.62, -0.85, 17.96, 9.44, -35.46
0.30, -0.62, -0.71, 7.36, 22.77, -28.03
0.36, -0.57, -0.58, -1.84, 29.69, -13.97
0.46, -0.51, -0.55, -13.21, 33.41, 8.24
0.59, -0.49, -0.48, -29.79, 26.66, 27.79
0.62, -0.50, -0.48, -38.98, 7.55, 44.21
0.47, -0.52, -0.57, -46.91, -6.51, 53.15
0.30, -0.50, -0.61, -53.08, -5.10, 61.73
0.26, -0.47, -0.67, -43.76, 10.57, 64.00
0.10, -0.52, -0.76, -42.30, -12.99, 43.08
-0.33, -0.62, -0.83, -39.11, -19.52, 22.27
-0.52, -0.65, -0.96, -17.76, -24.74, -1.25
-0.49, -0.62, -1.06, 4.07, -19.59, -28.39
-0.45, -0.65, -0.95, 8.79, -2.13, -46.64
-0.24, -0.66, -0.84, 17.07, 8.81, -51.59
0.04, -0.61, -0.83, 22.19, 0.14, -53.85
0.22, -0.61, -0.82, 19.85, 7.47, -38.47
0.44, -0.61, -0.73, 11.13, 25.59, -20.66
0.57, -0.56, -0.51, -6.33, 30.12, -3.72
0.66, -0.51, -0.43, -23.51, 29.01, 21.70
0.76, -0.50, -0.48, -39.69, 17.91, 45.17
0.64, -0.55, -0.53, -51.92, -6.69, 53.72
0.35, -0.55, -0.59, -60.28, -11.64, 60.79
0.19, -0.50, -0.65, -55.93, 3.27, 64.00
0.11, -0.49, -0.79, -41.80, -7.77, 44.42
-0.25, -0.59, -0.84, -40.13, -23.50, 20.18
-0.51, -0.66, -0.94, -24.50, -29.12, -1.55
-0.57, -0.62, -1.04, -0.04, -31.32, -28.20
-0.47, -0.62, -0.99, 11.02, -8.28, -45.63
-0.29, -0.66, -0.89, 18.42, 5.72, -55.79
-0.04, -0.64, -0.81, 20.89, 11.98, -55.29
0.16, -0.64, -0.81, 21.00, 6.76, -45.25
0.34, -0.62, -0.76, 14.21, 11.58, -28.69
0.52, -0.56, -0.66, 7.95, 14.66, -8.64
0.58, -0.47, -0.55, -6.88, 8.85, 7.20
0.55, -0.44, -0.47, -24.86, 9.46, 31.05
0.47, -0.45, -0.49, -34.69, -3.19, 40.12
0.27, -0.44, -0.55, -40.27, -18.24, 43.24
0.02, -0.41, -0.60, -39.23, -40.73, 39.91
-0.11, -0.39, -0.65, -32.61, -62.12, 36.45
-0.15, -0.41, -0.71, -20.33, -63.54, 28.46
-0.26, -0.46, -0.71, -16.36, -51.45, 9.42
-0.44, -0.55, -0.66, -20.68, -39.41, -7.16
-0.40, -0.61, -0.66, -19.21, -22.28, -4.79
-0.11, -0.63, -0.69, -16.01, -27.53, -1.55
0.11, -0.62, -0.68, -13.85, -39.94, 9.06
0.18, -0.59, -0.63, -12.30, -59.85, 13.76
0.16, -0.57, -0.66, -7.36, -64.00, 21.27
0.13, -0.57, -0.72, -6.12, -64.00, 21.39
0.05, -0.62, -0.75, -1.12, -64.00, 22.04
-0.03, -0.64, -0.78, 2.91, -60.26, 18.75
-0.04, -0.66, -0.82, 10.45, -47.12, 15.06
-0.04, -0.70, -0.85, 14.79, -39.38, 6.58
-0.05, -0.76, -0.88, 15.15, -27.61, 1.73
-0.05, -0.79, -0.88, 17.09, -18.97, 0.54
-0.01, -0.80, -0.84, 17.31, -12.47, 0.08
0.03, -0.81, -0.80, 16.61, -13.65, -4.56
0.07, -0.79, -0.80, 10.24, -18.01, -7.15
0.05, -0.76, -0.80, 8.54, -17.52, -9.10
0.01, -0.71, -0.79, 8.71, -9.98, -9.76
-0.03, -0.67, -0.75, 4.12, -0.02, -10.14
-0.04, -0.66, -0.72, -0.57, 4.21, -8.16
-0.03, -0.65, -0.70, -6.64, 5.35, -6.37
-0.03, -0.61, -0.70, -8.91, 3.17, -5.27
-0.05, -0.57, -0.69, -10.35, 1.79, -2.99
-0.08, -0.55, -0.67, -12.40, -1.51, -4.64
-0.09, -0.56, -0.65, -14.92, -3.43, -3.56
-0.08, -0.58, -0.64, -19.69, -3.63, -0.26
-0.08, -0.60, -0.63, -22.06, 0.44, 1.46
-0.10, -0.59, -0.63, -21.29, 4.19, 4.13
-0.12, -0.58, -0.64, -19.15, 5.05, 4.93
-0.12, -0.60, -0.65, -16.92, 1.73, 5.53
-0.11, -0.63, -0.66, -15.38, -3.49, 4.63
-0.11, -0.64, -0.66, -16.63, -5.26, 4.26
-0.12, -0.64, -0.66, -16.61, -5.20, 3.77
-0.11, -0.64, -0.66, -17.58, -5.22, 3.41
-0.10, -0.63, -0.67, -15.88, -2.41, 3.90
-0.09, -0.63, -0.66, -16.53, -2.84, 5.62
-0.08, -0.63, -0.66, -17.53, -4.60, 8.10
-0.07, -0.64, -0.67, -12.77, -9.26, 7.86
-0.08, -0.62, -0.67, -12.44, -12.24, 9.78
-0.08, -0.62, -0.67, -11.98, -13.82, 13.38
-0.09, -0.62, -0.66, -10.14, -9.66, 16.47
-0.11, -0.59, -0.66, -8.66, -2.63, 20.04
-0.12, -0.57, -0.65, -9.25, 0.45, 23.51
-0.11, -0.58, -0.63, -8.66, -1.66, 26.48
-0.10, -0.60, -0.63, -6.61, -9.93, 26.13
-0.10, -0.62, -0.63, -8.50, -21.32, 27.72
-0.13, -0.63, -0.63, -8.38, -28.43, 26.06
-0.17, -0.62, -0.65, -9.46, -29.62, 22.26
-0.23, -0.62, -0.65, -9.23, -24.82, 17.06
-0.27, -0.64, -0.65, -11.00, -20.71, 12.38
-0.27, -0.67, -0.66, -10.70, -19.19, 7.74
-0.24, -0.69, -0.66, -8.97, -22.69, 5.45
-0.20, -0.70, -0.67, -6.48, -29.35, 4.75
-0.19, -0.68, -0.67, -1.65, -36.67, 4.29
-0.21, -0.66, -0.67, 5.82, -38.87, 1.36
-0.24, -0.69, -0.66, 11.91, -39.42, -3.36
-0.26, -0.75, -0.66, 15.11, -38.63, -8.24
-0.27, -0.76, -0.69, 19.46, -30.86, -9.79
-0.24, -0.71, -0.70, 24.89, -20.40, -11.24
-0.16, -0.66, -0.66, 23.69, -8.91, -4.12
-0.07, -0.65, -0.61, 18.47, -2.47, 7.12
0.01, -0.65, -0.55, 8.68, 6.56, 24.06
0.12, -0.64, -0.48, -0.55, 20.36, 37.11
0.25, -0.63, -0.45, -17.00, 15.87, 47.36
0.25, -0.66, -0.46, -38.57, 2.69, 56.17
0.13, -0.69, -0.50, -50.46, -9.71, 60.64
-0.04, -0.69, -0.58, -48.10, -40.35, 49.78
-0.33, -0.74, -0.74, -34.69, -63.62, 24.46
-0.68, -0.82, -0.89, -18.41, -63.49, -7.69
-1.00, -0.83, -0.91, 2.69, -39.41, -41.69
-1.04, -0.80, -0.84, 12.69, 3.99, -53.90
-0.87, -0.79, -0.76, 16.74, 34.09, -63.73
-0.57, -0.77, -0.67, 17.26, 52.93, -60.72
-0.23, -0.69, -0.60, 14.58, 57.03, -41.52
0.05, -0.58, -0.52, 10.28, 36.09, -24.52
0.16, -0.50, -0.48, 7.73, 4.42, -12.01
0.19, -0.48, -0.46, -2.78, -5.46, 6.29
0.24, -0.49, -0.39, -24.59, -2.72, 28.59
0.20, -0.52, -0.35, -42.31, 10.08, 43.67
0.04, -0.51, -0.38, -51.44, 17.18, 48.92
-0.10, -0.47, -0.42, -58.91, 20.10, 57.28
-0.20, -0.54, -0.48, -58.09, -0.44, 55.27
-0.32, -0.70, -0.62, -44.30, -28.71, 39.70
-0.53, -0.83, -0.79, -27.75, -53.25, 6.57
-0.85, -0.84, -0.87, -10.86, -48.78, -24.86
-0.96, -0.81, -0.84, 6.98, -10.86, -43.32
-0.79, -0.80, -0.75, 10.09, 22.82, -50.81
-0.54, -0.84, -0.65, 7.22, 29.29, -55.62
-0.29, -0.83, -0.62, 4.51, 33.85, -44.74
-0.00, -0.73, -0.59, 1.26, 25.57, -27.84
0.15, -0.59, -0.58, 2.21, 9.30, -18.89
0.12, -0.50, -0.52, -7.69, -6.99, -11.97
0.08, -0.51, -0.48, -17.38, -8.91, 4.97
0.10, -0.53, -0.47, -30.59, -0.18, 22.52
0.07, -0.54, -0.47, -38.25, 12.43, 30.65
-0.05, -0.52, -0.49, -41.80, 18.56, 33.69
-0.16, -0.53, -0.53, -45.67, 17.55, 39.97
-0.21, -0.64, -0.54, -40.55, -4.63, 35.33
-0.32, -0.79, -0.67, -25.23, -32.14, 16.31
-0.58, -0.87, -0.81, -11.18, -41.98, -7.64
-0.82, -0.89, -0.81, 0.81, -21.86, -31.57
-0.83, -0.83, -0.74, 8.08, 9.08, -39.78
-0.62, -0.76, -0.66, 9.88, 27.68, -47.56
-0.39, -0.72, -0.59, 7.38, 33.90, -42.91
-0.11, -0.65, -0.55, 1.96, 36.62, -22.34
0.13, -0.55, -0.49, -3.85, 25.88, -1.30
0.22, -0.45, -0.47, -8.87, 2.81, 6.47
0.19, -0.42, -0.45, -23.32, 4.20, 28.93
0.17, -0.47, -0.42, -33.46, 6.64, 37.77
0.09, -0.49, -0.45, -38.50, 4.73, 43.97
-0.04, -0.52, -0.49, -46.05, 8.81, 57.11
-0.12, -0.60, -0.51, -49.45, -0.88, 57.69
-0.18, -0.71, -0.61, -37.64, -13.36, 47.91
-0.36, -0.79, -0.76, -26.25, -25.99, 26.27
-0.71, -0.84, -0.81, -16.01, -26.66, 4.09
-0.90, -0.83, -0.85, 8.08, -12.83, -21.49
-0.86, -0.80, -0.83, 20.31, 7.61, -37.93
-0.70, -0.80, -0.71, 21.09, 17.61, -51.91
-0.53, -0.79, -0.59, 17.17, 18.77, -56.06
-0.24, -0.74, -0.56, 7.76, 23.97, -41.96
0.07, -0.62, -0.51, -0.13, 23.80, -17.19
0.27, -0.49, -0.45, -8.89, 8.62, 0.15
0.30, -0.44, -0.42, -22.12, 12.06, 26.19
0.29, -0.48, -0.41, -36.49, 12.77, 40.44
0.16, -0.53, -0.43, -43.63, 8.59, 42.04
-0.05, -0.53, -0.49, -52.47, 8.03, 55.35
-0.14, -0.58, -0.53, -52.40, -6.94, 56.19
-0.23, -0.69, -0.66, -32.59, -23.27, 38.11
-0.50, -0.79, -0.79, -25.07, -45.21, 5.28
-0.90, -0.83, -0.83, -6.90, -44.09, -15.37
-0.98, -0.80, -0.84, 16.74, -8.58, -32.78
-0.83, -0.78, -0.78, 20.44, 11.78, -50.39
-0.68, -0.79, -0.66, 18.39, 24.82, -61.33
-0.39, -0.75, -0.62, 13.87, 29.65, -50.41
-0.04, -0.64, -0.53, 0.36, 42.01, -17.45
0.28, -0.50, -0.46, -3.71, 15.99, -2.99
0.27, -0.40, -0.45, -16.24, 6.22, 13.04
0.23, -0.41, -0.45, -28.51, 15.71, 34.93
0.14, -0.47, -0.43, -35.79, 13.77, 39.30
-0.01, -0.53, -0.45, -43.47, 19.22, 52.11
-0.11, -0.60, -0.51, -49.42, 11.06, 60.35
-0.16, -0.67, -0.59, -37.27, -13.91, 46.74
-0.39, -0.76, -0.74, -21.86, -31.39, 24.38
-0.71, -0.82, -0.82, -10.87, -38.48, -2.73
-0.96, -0.81, -0.83, 8.76, -11.10, -18.41
-0.86, -0.78, -0.76, 18.74, 16.68, -37.37
-0.64, -0.75, -0.65, 14.80, 22.34, -46.65
-0.40, -0.75, -0.59, 11.74, 19.79, -43.09
-0.10, -0.71, -0.55, -0.35, 30.20, -19.65
0.20, -0.61, -0.49, -7.28, 30.68, 8.15
0.31, -0.50, -0.41, -21.63, 12.36, 17.14
0.24, -0.53, -0.41, -34.50, 12.04, 35.87
0.14, -0.57, -0.46, -41.92, -0.08, 39.86
0.02, -0.58, -0.50, -43.37, -8.05, 53.76
-0.09, -0.57, -0.59, -34.68, -18.22, 51.16
-0.31, -0.63, -0.71, -19.70, -21.63, 29.89
-0.69, -0.74, -0.73, -13.91, -36.00, -1.71
-0.95, -0.81, -0.77, 1.04, -12.15, -15.55
-0.82, -0.80, -0.75, 10.56, 7.96, -27.92
-0.62, -0.78, -0.65, 10.90, 3.81, -43.84
-0.47, -0.77, -0.63, 13.10, -2.48, -46.86
-0.26, -0.74, -0.63, 13.69, -2.39, -38.26
-0.07, -0.66, -0.61, 11.89, 5.02, -18.25
0.06, -0.55, -0.51, 4.21, 6.04, -5.40
0.08, -0.48, -0.43, -1.85, 5.25, 7.37
0.07, -0.48, -0.42, -13.30, 14.47, 31.88
0.06, -0.53, -0.42, -21.47, 18.18, 40.23
-0.01, -0.55, -0.41, -32.93, 10.45, 43.54
-0.07, -0.57, -0.46, -39.50, -3.21, 49.62
-0.13, -0.62, -0.57, -35.19, -18.96, 47.21
-0.30, -0.70, -0.68, -25.01, -31.34, 27.57
-0.64, -0.82, -0.72, -17.13, -40.87, -1.82
-0.91, -0.87, -0.80, 1.68, -21.89, -25.46
-0.86, -0.84, -0.79, 14.65, 5.13, -36.01
-0.66, -0.81, -0.69, 17.43, 11.44, -51.03
-0.47, -0.81, -0.64, 17.06, 6.41, -52.08
-0.22, -0.77, -0.63, 14.88, 21.19, -27.30
0.04, -0.64, -0.57, 14.69, 6.18, -20.69
0.05, -0.55, -0.46, 3.93, 8.93, -5.85
0.06, -0.50, -0.36, -9.35, 11.14, 17.57
0.12, -0.48, -0.30, -28.50, 10.72, 36.70
0.09, -0.50, -0.33, -38.02, 4.86, 38.85
-0.06, -0.52, -0.41, -44.78, -4.13, 40.89
-0.13, -0.55, -0.49, -48.25, -3.63, 52.56
-0.17, -0.64, -0.59, -43.29, -16.12, 47.46
-0.33, -0.73, -0.70, -29.78, -27.31, 26.74
-0.63, -0.83, -0.74, -16.19, -42.54, -2.19
-0.89, -0.89, -0.81, 3.69, -24.32, -23.96
-0.91, -0.90, -0.80, 18.09, 9.14, -41.25
-0.76, -0.88, -0.69, 18.70, 16.18, -59.66
-0.54, -0.88, -0.62, 16.99, 15.33, -62.42
-0.20, -0.81, -0.59, 8.67, 37.71, -31.30
0.15, -0.65, -0.48, 0.75, 17.26, -20.18
0.12, -0.53, -0.39, -7.20, 0.67, -17.66
0.04, -0.48, -0.44, -14.96, 8.28, 3.95
0.09, -0.45, -0.42, -32.91, 8.88, 23.68
0.08, -0.48, -0.38, -39.51, 12.51, 31.72
-0.04, -0.51, -0.42, -43.35, 14.64, 36.15
-0.15, -0.53, -0.47, -46.91, 19.97, 50.27
-0.17, -0.60, -0.52, -43.60, 5.06, 53.22
-0.25, -0.69, -0.61, -29.85, -27.13, 36.19
-0.50, -0.80, -0.77, -13.34, -42.45, 8.17
-0.87, -0.88, -0.81, 2.13, -35.48, -22.83
-1.04, -0.88, -0.75, 17.04, 10.94, -38.06
-0.84, -0.83, -0.66, 20.12, 23.41, -51.05
-0.54, -0.83, -0.59, 19.15, 21.12, -58.78
-0.27, -0.80, -0.57, 11.02, 22.66, -44.63
0.06, -0.70, -0.47, 1.91, 17.03, -21.05
0.21, -0.57, -0.38, -10.20, 4.07, -6.50
0.20, -0.47, -0.36, -22.38, 3.64, 10.10
0.17, -0.41, -0.35, -38.54, 5.41, 28.77
0.08, -0.46, -0.37, -42.35, 7.12, 31.79
-0.08, -0.54, -0.41, -48.89, 8.87, 45.31
-0.17, -0.61, -0.44, -55.97, -2.12, 53.87
-0.17, -0.66, -0.51, -49.34, -17.35, 52.23
-0.24, -0.71, -0.63, -40.22, -23.63, 39.28
-0.50, -0.77, -0.64, -36.30, -32.87, 15.58
-0.77, -0.80, -0.67, -23.21, -23.19, 0.25
-0.80, -0.82, -0.76, -7.49, -18.22, -23.37
-0.73, -0.86, -0.77, 2.04, -5.08, -36.30
-0.63, -0.86, -0.72, 4.61, -3.98, -51.39
-0.52, -0.82, -0.65, 5.38, -0.11, -53.04
-0.32, -0.77, -0.59, 3.28, -1.13, -46.99
-0.09, -0.68, -0.56, -1.70, 1.01, -32.87
0.06, -0.56, -0.49, -11.59, 16.48, -5.29
0.18, -0.47, -0.41, -22.37, 14.97, 9.40
0.20, -0.44, -0.37, -36.36, 10.36, 26.51
0.12, -0.49, -0.42, -42.51, 5.24, 31.98
-0.08, -0.53, -0.47, -47.14, 0.24, 40.40
-0.20, -0.57, -0.52, -48.06, -1.86, 48.35
-0.29, -0.66, -0.58, -35.79, -31.77, 33.37
-0.49, -0.77, -0.70, -17.32, -44.26, 9.70
-0.80, -0.87, -0.78, -4.66, -42.39, -21.96
-0.99, -0.90, -0.74, 6.52, -8.61, -36.43
-0.83, -0.87, -0.70, 13.40, 18.91, -47.77
-0.59, -0.83, -0.64, 11.73, 21.08, -57.75
-0.36, -0.78, -0.57, 6.75, 17.57, -51.38
-0.11, -0.69, -0.52, 4.33, 8.83, -32.89
0.06, -0.56, -0.51, 1.50, -1.56, -21.47
0.06, -0.45, -0.46, -5.44, 2.96, -6.84
0.10, -0.40, -0.36, -26.25, 13.38, 19.24
0.20, -0.44, -0.31, -43.04, 21.22, 44.40
0.18, -0.49, -0.34, -49.47, 16.10, 47.79
0.02, -0.52, -0.40, -59.07, 0.21, 57.31
-0.13, -0.62, -0.47, -56.26, -14.63, 61.86
-0.24, -0.77, -0.60, -45.79, -41.91, 37.64
-0.61, -0.84, -0.72, -37.54, -59.00, 5.32
-0.92, -0.83, -0.77, -14.70, -45.86, -10.17
-0.97, -0.84, -0.80, 4.43, -22.02, -33.55
-0.86, -0.88, -0.79, 9.54, 15.98, -44.91
-0.68, -0.85, -0.71, 8.86, 26.10, -58.21
-0.41, -0.77, -0.63, 7.42, 32.15, -50.42
-0.13, -0.72, -0.56, -0.43, 31.97, -33.20
0.08, -0.64, -0.51, -0.47, 4.58, -27.04
0.04, -0.55, -0.49, -11.58, -7.50, -24.25
-0.01, -0.50, -0.41, -22.02, -6.10, -1.66
0.07, -0.47, -0.35, -35.61, -2.88, 24.76
0.10, -0.47, -0.38, -42.65, 9.42, 38.60
-0.02, -0.47, -0.41, -50.40, 15.77, 39.98
-0.17, -0.50, -0.43, -54.04, 5.15, 50.18
-0.21, -0.60, -0.52, -39.60, -27.63, 43.09
-0.44, -0.74, -0.74, -20.75, -60.80, 9.32
-0.84, -0.79, -0.85, -5.91, -54.10, -22.26
-1.01, -0.85, -0.77, 9.40, -15.56, -35.29
-0.85, -0.93, -0.73, 15.03, 10.41, -49.71
-0.64, -0.94, -0.70, 9.60, 21.02, -59.71
-0.40, -0.88, -0.62, 8.11, 35.29, -50.04
-0.06, -0.75, -0.59, 6.37, 32.43, -37.12
0.05, -0.64, -0.57, 5.11, 5.04, -44.36
-0.04, -0.57, -0.53, -1.40, 4.38, -32.59
0.02, -0.53, -0.46, -11.43, 12.77, -2.35
0.17, -0.45, -0.39, -26.61, 16.50, 22.43
0.19, -0.42, -0.33, -43.44, 26.53, 42.77
0.09, -0.45, -0.33, -45.99, 25.62, 45.09
-0.08, -0.46, -0.41, -50.92, 10.03, 53.70
-0.23, -0.54, -0.48, -48.83, -17.21, 54.55
-0.39, -0.67, -0.60, -30.68, -45.48, 36.46
-0.59, -0.75, -0.73, -14.94, -47.65, 8.04
-0.88, -0.80, -0.75, -3.24, -38.20, -15.07
-0.96, -0.84, -0.73, 9.47, 5.88, -20.72
-0.71, -0.83, -0.69, 15.58, 14.31, -32.30
-0.50, -0.81, -0.63, 12.73, 10.31, -42.94
-0.34, -0.80, -0.60, 8.94, 3.61, -42.51
-0.15, -0.76, -0.57, 7.57, 5.49, -30.31
0.01, -0.67, -0.55, 3.82, -6.46, -27.85
0.01, -0.60, -0.50, -4.02, -0.32, -12.49
0.09, -0.57, -0.44, -13.43, 19.65, 10.41
0.20, -0.57, -0.37, -32.23, 26.80, 33.68
0.17, -0.60, -0.31, -45.58, 31.28, 42.83
0.05, -0.59, -0.36, -52.11, 19.18, 48.03
-0.09, -0.58, -0.44, -56.56, 1.95, 54.90
-0.23, -0.64, -0.50, -47.31, -31.85, 47.64
-0.43, -0.75, -0.65, -29.56, -47.32, 24.65
-0.75, -0.80, -0.77, -18.28, -44.71, -12.03
-1.02, -0.82, -0.75, -1.34, -12.97, -28.91
-0.89, -0.87, -0.71, 4.23, 19.33, -33.66
-0.57, -0.90, -0.66, -1.37, 20.69, -45.40
-0.40, -0.87, -0.62, -2.69, 21.77, -48.71
-0.23, -0.79, -0.61, -1.13, 12.56, -45.24
-0.12, -0.69, -0.60, -0.16, 8.52, -35.24
-0.04, -0.59, -0.58, 3.54, 1.57, -31.27
-0.07, -0.50, -0.55, -3.14, -3.34, -30.10
-0.10, -0.46, -0.49, -6.54, 3.13, -8.22
-0.01, -0.41, -0.46, -18.38, 13.79, 15.83
0.07, -0.42, -0.41, -32.18, 25.75, 39.03
0.04, -0.46, -0.36, -35.08, 28.93, 41.84
-0.02, -0.50, -0.39, -44.24, 18.59, 51.94
-0.10, -0.62, -0.47, -49.09, -4.25, 55.75
-0.23, -0.74, -0.57, -38.03, -33.31, 43.71
-0.48, -0.81, -0.70, -23.46, -51.02, 15.70
-0.84, -0.87, -0.78, -7.99, -35.39, -13.30
-0.97, -0.94, -0.76, 4.24, -1.12, -31.46
-0.82, -0.93, -0.70, 5.36, 24.12, -36.57
-0.57, -0.88, -0.63, 5.59, 24.04, -47.51
-0.33, -0.83, -0.59, 6.66, 14.08, -47.38
-0.15, -0.77, -0.57, 5.09, 12.37, -34.76
0.01, -0.65, -0.54, 3.02, 3.26, -26.97
0.03, -0.51, -0.45, -6.38, -11.18, -20.20
0.03, -0.46, -0.44, -12.09, -0.04, -1.94
0.09, -0.42, -0.43, -28.53, 3.00, 22.70
0.08, -0.47, -0.40, -33.50, 12.53, 33.89
0.01, -0.51, -0.41, -38.74, 19.65, 44.70
-0.05, -0.56, -0.46, -46.26, 8.78, 54.74
-0.09, -0.64, -0.53, -45.97, -3.31, 60.49
-0.18, -0.70, -0.59, -36.73, -19.90, 48.04
-0.46, -0.78, -0.66, -28.29, -35.93, 18.87
-0.81, -0.84, -0.75, -13.61, -27.46, -0.32
-0.97, -0.88, -0.78, 4.01, -13.77, -23.08
-0.89, -0.90, -0.73, 11.32, 6.14, -38.89
-0.70, -0.87, -0.65, 10.99, 10.43, -55.68
-0.49, -0.80, -0.60, 8.77, 16.48, -52.61
-0.19, -0.72, -0.56, 6.58, 18.61, -37.83
0.06, -0.63, -0.53, 0.28, 11.54, -22.47
0.16, -0.51, -0.50, -10.15, 11.16, -6.03
0.21, -0.44, -0.43, -19.12, 11.15, 18.44
0.24, -0.43, -0.39, -33.81, 16.87, 36.90
0.15, -0.48, -0.38, -38.98, 17.16, 47.39
-0.02, -0.52, -0.40, -48.57, 12.72, 58.30
-0.14, -0.58, -0.48, -49.39, 1.94, 64.00
-0.25, -0.62, -0.57, -37.30, -8.91, 57.29
-0.47, -0.68, -0.65, -29.69, -27.83, 27.61
-0.81, -0.75, -0.70, -14.67, -27.82, 7.63
-0.97, -0.80, -0.75, 0.55, -11.36, -4.94
-0.88, -0.86, -0.74, 6.30, 14.38, -24.16
-0.66, -0.84, -0.64, 7.31, 21.99, -31.51
-0.41, -0.78, -0.58, 1.51, 21.37, -28.01
-0.14, -0.72, -0.55, -5.02, 18.07, -16.64
0.03, -0.64, -0.51, -11.65, 16.04, 1.58
0.13, -0.53, -0.45, -21.38, 12.97, 17.57
0.13, -0.50, -0.42, -33.01, 8.66, 33.09
0.03, -0.55, -0.42, -37.22, 5.15, 34.28
-0.07, -0.58, -0.47, -39.13, -3.00, 46.39
-0.16, -0.60, -0.58, -34.27, -14.94, 44.86
-0.31, -0.63, -0.67, -25.20, -19.29, 29.79
-0.59, -0.72, -0.68, -17.29, -23.41, 7.56
-0.81, -0.80, -0.73, -5.58, -15.77, -10.22
-0.82, -0.82, -0.75, 5.90, 7.01, -22.21
-0.69, -0.82, -0.66, 6.09, 11.99, -35.49
-0.54, -0.81, -0.62, 5.49, 11.60, -42.77
-0.35, -0.75, -0.64, 11.21, 11.13, -39.47
-0.16, -0.67, -0.61, 2.82, 22.00, -22.09
-0.02, -0.58, -0.48, -5.34, 18.86, -8.65
0.01, -0.50, -0.42, -16.03, 6.64, -4.02
-0.01, -0.47, -0.43, -24.75, 11.44, 19.65
0.00, -0.49, -0.42, -30.06, 7.73, 25.82
-0.08, -0.56, -0.40, -38.44, 6.47, 33.41
-0.14, -0.63, -0.45, -43.39, -3.39, 42.35
-0.14, -0.65, -0.59, -33.39, -16.76, 42.94
-0.29, -0.67, -0.70, -20.44, -27.62, 18.11
-0.69, -0.75, -0.74, -10.22, -25.14, -8.43
-0.96, -0.82, -0.76, 1.72, -3.65, -25.53
-0.86, -0.83, -0.73, 13.16, 9.41, -34.14
-0.64, -0.83, -0.67, 12.02, 7.22, -53.13
-0.48, -0.83, -0.61, 10.58, 3.77, -55.01
-0.24, -0.75, -0.57, 8.02, 18.18, -34.29
-0.01, -0.62, -0.52, 5.04, -7.09, -36.10
-0.04, -0.55, -0.51, 0.43, -0.04, -21.41
-0.02, -0.52, -0.52, -4.80, 13.79, -3.93
0.07, -0.51, -0.44, -17.19, 25.72, 16.10
0.12, -0.54, -0.37, -33.30, 28.28, 31.59
0.09, -0.60, -0.36, -44.88, 25.68, 40.35
-0.01, -0.62, -0.42, -47.34, 14.90, 45.62
-0.09, -0.62, -0.53, -42.30, 4.16, 53.21
-0.25, -0.66, -0.65, -31.72, -11.05, 38.38
-0.61, -0.73, -0.70, -19.06, -23.58, 6.56
-0.93, -0.77, -0.73, -3.83, -21.16, -19.11
-0.98, -0.78, -0.76, 12.94, 6.61, -28.00
-0.78, -0.77, -0.70, 21.09, 10.69, -46.82
-0.55, -0.78, -0.63, 20.00, 3.62, -54.00
-0.31, -0.78, -0.60, 18.87, 14.70, -40.86
-0.03, -0.73, -0.55, 11.50, 8.95, -32.80
0.05, -0.67, -0.50, 4.83, 9.59, -26.66
0.03, -0.60, -0.46, -9.36, 19.22, -9.87
0.07, -0.57, -0.39, -21.11, 27.89, 8.16
0.18, -0.55, -0.35, -38.07, 25.40, 29.22
0.19, -0.57, -0.36, -45.57, 19.89, 39.40
0.04, -0.58, -0.40, -48.54, 12.18, 43.73
-0.12, -0.59, -0.46, -49.80, 12.85, 55.76
-0.17, -0.62, -0.54, -45.96, 7.50, 56.05
-0.33, -0.66, -0.62, -37.81, -9.85, 39.66
-0.59, -0.71, -0.65, -24.38, -32.00, 12.11
-0.87, -0.75, -0.76, -2.37, -35.52, -12.12
-0.95, -0.80, -0.79, 8.65, -12.43, -28.25
-0.79, -0.82, -0.67, 13.40, 1.30, -43.01
-0.59, -0.79, -0.60, 12.83, 4.94, -51.76
-0.34, -0.77, -0.58, 8.83, 7.85, -45.81
-0.10, -0.74, -0.57, 2.26, 13.08, -29.04
0.11, -0.67, -0.53, -3.53, 13.44, -14.33
0.19, -0.59, -0.47, -15.62, 13.34, 2.73
0.21, -0.55, -0.43, -28.44, 18.04, 21.45
0.16, -0.55, -0.42, -41.85, 14.19, 31.03
-0.01, -0.58, -0.44, -47.51, 14.46, 38.92
-0.13, -0.58, -0.48, -49.87, 19.28, 47.04
-0.21, -0.61, -0.52, -48.32, -0.47, 39.24
-0.37, -0.65, -0.62, -34.76, -27.03, 27.67
-0.58, -0.71, -0.71, -19.80, -44.47, 9.43
-0.79, -0.78, -0.76, -3.28, -37.79, -20.19
-0.92, -0.80, -0.74, 6.43, -2.75, -33.46
-0.78, -0.79, -0.65, 6.25, 17.09, -45.48
-0.53, -0.77, -0.60, 6.55, 15.99, -53.93
-0.32, -0.75, -0.60, 2.67, -2.57, -55.60
-0.14, -0.72, -0.57, -3.10, -2.89, -33.94
0.15, -0.64, -0.53, -9.71, 10.96, -5.18
0.32, -0.53, -0.44, -25.65, 8.87, 7.30
0.25, -0.46, -0.34, -42.91, 10.78, 24.53
0.12, -0.49, -0.39, -47.59, 16.96, 33.26
-0.05, -0.54, -0.44, -58.51, 16.69, 46.20
-0.16, -0.58, -0.45, -64.00, 4.48, 52.70
-0.21, -0.65, -0.48, -60.51, -18.34, 46.01
-0.28, -0.72, -0.59, -50.87, -31.44, 31.65
-0.49, -0.77, -0.69, -44.91, -41.84, 10.16
-0.78, -0.74, -0.73, -33.46, -24.73, -6.39
-0.83, -0.71, -0.73, -23.28, -13.84, -26.20
-0.69, -0.76, -0.72, -21.67, 2.32, -33.29
-0.47, -0.79, -0.67, -28.23, 9.96, -38.84
-0.31, -0.77, -0.60, -33.67, 9.18, -35.25
-0.17, -0.72, -0.58, -32.89, 3.15, -30.47
-0.08, -0.65, -0.62, -29.34, -9.84, -28.04
-0.08, -0.61, -0.65, -25.65, -23.60, -28.52
-0.18, -0.60, -0.65, -21.57, -27.83, -27.71
-0.23, -0.61, -0.64, -19.61, -22.14, -24.54
-0.26, -0.61, -0.60, -23.38, -7.62, -13.31
-0.21, -0.57, -0.54, -24.35, 3.79, -1.02
-0.12, -0.52, -0.53, -21.80, 4.45, 5.63
-0.09, -0.53, -0.55, -25.59, 8.06, 15.03
-0.12, -0.60, -0.54, -32.92, 16.53, 22.20
-0.15, -0.64, -0.55, -36.22, 15.95, 25.13
-0.19, -0.64, -0.59, -34.70, -7.20, 20.71
-0.31, -0.68, -0.70, -23.77, -28.12, 8.34
-0.57, -0.73, -0.80, -8.59, -39.96, -20.30
-0.79, -0.77, -0.81, 3.21, -19.43, -35.42
-0.79, -0.79, -0.76, 10.00, 5.81, -47.04
-0.66, -0.76, -0.69, 9.75, 22.76, -57.07
-0.42, -0.70, -0.59, 6.26, 37.26, -45.69
-0.12, -0.62, -0.53, 9.80, 20.55, -40.84
-0.01, -0.54, -0.53, -2.19, 3.15, -38.14
-0.02, -0.49, -0.50, -8.21, 0.20, -21.45
0.07, -0.47, -0.46, -19.68, -2.00, -0.54
0.19, -0.46, -0.44, -33.00, 0.97, 20.88
0.23, -0.49, -0.47, -39.67, 11.06, 34.07
0.13, -0.52, -0.49, -42.89, 17.15, 41.61
-0.03, -0.57, -0.54, -46.69, 10.02, 50.76
-0.18, -0.70, -0.61, -38.25, -15.61, 42.03
-0.42, -0.83, -0.75, -22.72, -51.60, 10.79
-0.82, -0.85, -0.83, -2.80, -58.31, -22.65
-1.03, -0.82, -0.79, 11.89, -23.66, -44.26
-0.92, -0.80, -0.71, 15.21, 2.46, -59.09
-0.66, -0.80, -0.63, 10.80, 18.36, -64.00
-0.34, -0.76, -0.58, 6.90, 25.44, -52.45
-0.02, -0.67, -0.56, 7.60, 8.72, -40.36
0.10, -0.56, -0.59, 5.86, -11.51, -36.74
0.07, -0.49, -0.57, -2.23, -12.65, -18.30
0.12, -0.43, -0.52, -11.36, -0.41, 7.03
0.22, -0.38, -0.46, -30.70, 10.28, 28.33
0.20, -0.40, -0.46, -41.16, 21.87, 38.55
0.04, -0.43, -0.48, -47.21, 23.39, 44.83
-0.09, -0.52, -0.51, -51.92, 14.68, 55.58
-0.18, -0.65, -0.57, -45.40, -11.67, 52.89
-0.31, -0.80, -0.67, -26.47, -51.40, 29.57
-0.57, -0.86, -0.83, -6.83, -55.37, 0.76
-0.92, -0.87, -0.84, 4.65, -37.98, -31.90
-1.00, -0.88, -0.73, 12.53, 13.55, -39.23
-0.70, -0.84, -0.66, 7.75, 30.52, -53.38
-0.42, -0.80, -0.62, 4.24, 28.33, -54.25
-0.12, -0.74, -0.58, -1.59, 30.17, -34.80
0.16, -0.64, -0.57, -3.65, 13.13, -19.03
0.24, -0.50, -0.57, -10.58, 4.47, -8.17
0.19, -0.42, -0.48, -22.10, 4.04, 13.82
0.20, -0.42, -0.44, -34.67, 5.59, 28.84
0.15, -0.48, -0.47, -39.44, 10.26, 38.84
0.02, -0.53, -0.50, -47.87, 14.61, 52.42
-0.08, -0.58, -0.51, -48.32, 7.46, 59.25
-0.17, -0.67, -0.56, -40.84, -3.87, 56.07
-0.35, -0.76, -0.67, -28.29, -35.49, 31.84
-0.74, -0.81, -0.78, -12.04, -46.74, 2.50
-1.00, -0.80, -0.82, 11.75, -26.53, -25.50
-0.95, -0.81, -0.76, 16.70, 7.49, -37.79
-0.75, -0.79, -0.67, 15.26, 17.85, -57.05
-0.49, -0.74, -0.64, 15.53, 23.40, -57.40
-0.21, -0.70, -0.61, 5.30, 32.92, -39.74
0.10, -0.62, -0.55, -1.72, 31.34, -17.58
0.29, -0.51, -0.48, -14.74, 20.12, 3.38
0.36, -0.44, -0.46, -28.04, 18.73, 27.41
0.32, -0.44, -0.44, -38.31, 12.25, 37.95
0.21, -0.49, -0.45, -44.67, 7.16, 53.05
0.04, -0.55, -0.49, -51.34, 6.61, 64.00
-0.08, -0.60, -0.51, -49.41, 3.13, 64.00
-0.21, -0.65, -0.61, -37.58, -13.39, 60.94
-0.53, -0.70, -0.72, -26.67, -44.94, 29.26
-0.91, -0.71, -0.83, -1.89, -50.02, 5.52
-1.03, -0.72, -0.87, 17.66, -17.83, -21.02
-0.97, -0.79, -0.75, 16.74, 21.38, -40.04
-0.74, -0.80, -0.59, 10.51, 28.85, -46.70
-0.31, -0.75, -0.59, 7.50, 31.28, -37.82
-0.01, -0.70, -0.61, -3.06, 26.75, -24.38
0.16, -0.64, -0.55, -12.63, 30.65, -2.91
0.27, -0.57, -0.45, -23.31, 18.55, 11.94
0.28, -0.56, -0.42, -38.04, 20.28, 31.42
0.22, -0.59, -0.45, -46.82, 13.50, 40.51
0.04, -0.57, -0.50, -48.27, 7.85, 47.38
-0.15, -0.52, -0.57, -46.39, -9.69, 50.55
-0.33, -0.54, -0.67, -25.55, -35.09, 34.83
-0.61, -0.65, -0.81, -7.12, -53.24, -1.67
-0.99, -0.74, -0.83, 6.42, -32.02, -25.80
-1.05, -0.77, -0.75, 17.89, 10.71, -36.14
-0.75, -0.72, -0.66, 22.16, 14.40, -48.00
-0.40, -0.75, -0.62, 16.47, 22.66, -39.91
-0.07, -0.74, -0.60, 9.88, 30.92, -23.12
0.11, -0.63, -0.51, -2.58, 13.85, -14.95
0.16, -0.56, -0.44, -11.17, 6.44, 2.85
0.24, -0.56, -0.46, -26.48, 17.38, 30.57
0.25, -0.59, -0.45, -39.62, 18.42, 35.99
0.09, -0.58, -0.42, -48.33, 16.64, 46.03
-0.05, -0.55, -0.48, -50.49, 7.95, 59.23
-0.11, -0.58, -0.58, -41.56, -8.02, 56.69
-0.32, -0.66, -0.70, -30.23, -29.96, 28.61
-0.77, -0.71, -0.76, -21.58, -48.79, -3.48
-1.08, -0.68, -0.83, 5.63, -29.35, -20.51
-0.97, -0.64, -0.84, 19.59, -5.18, -37.62
-0.77, -0.74, -0.74, 24.46, 2.72, -56.81
-0.55, -0.77, -0.66, 21.52, 8.50, -53.81
-0.19, -0.74, -0.62, 14.91, 32.72, -26.23
0.17, -0.63, -0.56, 8.72, 7.82, -22.63
0.17, -0.55, -0.50, -0.38, 0.13, -8.91
0.15, -0.55, -0.50, -10.76, 4.22, 12.61
0.18, -0.60, -0.49, -26.53, 25.90, 33.03
0.11, -0.61, -0.44, -38.48, 29.42, 37.84
-0.06, -0.59, -0.39, -48.05, 23.73, 49.80
-0.08, -0.60, -0.48, -45.19, 5.36, 56.06
-0.23, -0.64, -0.64, -34.35, -28.42, 35.09
-0.61, -0.66, -0.71, -21.09, -55.25, 2.28
-1.01, -0.68, -0.76, -0.92, -47.53, -23.02
-1.05, -0.72, -0.77, 14.67, -11.94, -40.66
-0.83, -0.74, -0.69, 18.60, 1.99, -55.94
-0.60, -0.77, -0.63, 18.63, 8.65, -56.77
-0.23, -0.76, -0.63, 15.85, 20.14, -42.89
0.06, -0.71, -0.60, 11.94, 10.65, -32.71
0.15, -0.66, -0.56, 5.03, 14.56, -18.95
0.16, -0.62, -0.50, -7.38, 20.31, -0.02
0.21, -0.59, -0.41, -26.09, 33.26, 23.88
0.27, -0.61, -0.36, -42.24, 24.79, 40.00
0.16, -0.62, -0.39, -50.16, 16.37, 43.92
-0.05, -0.58, -0.47, -52.78, 17.67, 53.07
-0.20, -0.59, -0.52, -49.27, 6.02, 54.58
-0.34, -0.65, -0.64, -36.93, -23.27, 34.55
-0.64, -0.68, -0.74, -19.79, -46.56, 7.48
-0.91, -0.70, -0.81, 0.99, -36.22, -21.48
-1.01, -0.74, -0.81, 12.50, -0.98, -37.10
-0.87, -0.74, -0.70, 17.30, 15.51, -53.56
-0.56, -0.72, -0.62, 20.38, 15.14, -57.41
-0.21, -0.73, -0.59, 11.77, 17.66, -42.53
0.10, -0.71, -0.58, 9.49, 22.83, -21.11
0.27, -0.62, -0.50, -5.86, 13.25, -6.27
0.28, -0.59, -0.39, -20.01, 23.42, 17.42
0.31, -0.60, -0.37, -37.04, 16.70, 33.59
0.20, -0.63, -0.41, -48.75, 13.22, 40.17
-0.03, -0.60, -0.47, -53.77, 5.15, 47.10
-0.20, -0.54, -0.54, -47.37, -10.48, 47.22
-0.36, -0.57, -0.66, -30.52, -32.70, 32.64
-0.59, -0.66, -0.74, -18.42, -42.67, 4.59
-0.90, -0.71, -0.75, -2.64, -35.21, -18.46
-1.02, -0.73, -0.75, 11.44, -2.81, -33.07
-0.84, -0.74, -0.70, 15.70, 15.05, -42.67
-0.55, -0.75, -0.61, 14.86, 14.25, -51.24
-0.32, -0.77, -0.57, 11.68, 0.86, -50.82
-0.09, -0.76, -0.57, 5.95, 5.71, -29.25
0.18, -0.67, -0.58, 1.46, 13.57, -7.11
0.27, -0.58, -0.46, -17.37, 12.29, 2.86
0.25, -0.58, -0.37, -31.60, 21.81, 26.98
0.26, -0.61, -0.41, -46.82, 19.15, 34.35
0.13, -0.62, -0.47, -53.89, 16.82, 43.42
-0.07, -0.57, -0.49, -54.00, 13.53, 50.21
-0.17, -0.57, -0.55, -47.70, -1.36, 50.29
-0.29, -0.67, -0.64, -40.94, -23.34, 35.61
-0.59, -0.72, -0.72, -24.82, -41.71, 6.82
-0.90, -0.70, -0.77, -4.40, -37.15, -20.29
-1.02, -0.74, -0.76, 10.33, -2.76, -37.01
-0.84, -0.79, -0.68, 10.71, 21.06, -48.33
-0.55, -0.80, -0.60, 9.61, 9.05, -61.68
-0.31, -0.77, -0.57, 8.41, -10.44, -56.24
-0.03, -0.72, -0.61, 6.58, -8.94, -36.59
0.17, -0.64, -0.62, 5.16, -1.09, -21.78
0.16, -0.56, -0.50, -9.23, 4.20, -15.96
0.10, -0.56, -0.37, -26.37, 20.11, 9.72
0.18, -0.56, -0.40, -42.14, 19.55, 25.55
0.13, -0.55, -0.47, -50.92, 15.00, 31.76
-0.07, -0.54, -0.49, -56.53, 10.25, 35.71
-0.17, -0.54, -0.50, -59.16, 0.22, 41.75
-0.15, -0.62, -0.53, -57.19, -16.53, 40.43
-0.19, -0.72, -0.61, -57.36, -18.06, 35.01
-0.39, -0.73, -0.65, -59.19, -14.77, 20.14
-0.59, -0.67, -0.66, -50.84, -12.02, 7.02
-0.68, -0.65, -0.69, -39.82, -7.43, -5.93
-0.62, -0.71, -0.72, -30.09, -3.38, -21.00
-0.53, -0.75, -0.72, -26.76, -2.36, -27.75
-0.40, -0.74, -0.71, -22.77, -1.78, -27.89
-0.29, -0.71, -0.70, -18.77, -2.36, -29.17
-0.25, -0.67, -0.68, -14.17, -3.38, -27.60
-0.23, -0.64, -0.64, -12.35, -0.79, -23.93
-0.20, -0.63, -0.60, -11.84, -1.43, -22.11
-0.16, -0.60, -0.58, -13.41, -2.55, -15.51
-0.14, -0.58, -0.57, -12.04, -0.74, -8.11
-0.11, -0.56, -0.57, -13.27, 1.38, 2.87
-0.08, -0.57, -0.54, -14.97, 2.80, 11.91
-0.11, -0.60, -0.54, -19.40, 12.47, 16.30
-0.15, -0.63, -0.55, -25.16, 14.92, 21.87
-0.16, -0.64, -0.57, -27.25, 7.21, 21.09
-0.22, -0.65, -0.63, -23.24, -5.52, 13.92
-0.35, -0.66, -0.72, -15.02, -19.22, 3.18
-0.53, -0.66, -0.77, -6.44, -19.87, -12.96
-0.64, -0.65, -0.74, 5.27, -11.12, -25.47
-0.61, -0.67, -0.72, 11.93, 1.11, -33.07
-0.51, -0.72, -0.67, 8.95, 8.44, -37.19
-0.36, -0.71, -0.58, 4.47, 20.95, -29.63
-0.15, -0.63, -0.56, 4.68, 12.87, -31.59
-0.10, -0.56, -0.58, -5.35, 7.30, -25.97
-0.06, -0.56, -0.54, -10.72, 7.09, -11.34
0.06, -0.59, -0.50, -24.99, 8.08, 3.32
0.19, -0.61, -0.49, -35.76, 9.92, 19.46
0.22, -0.62, -0.54, -41.93, 12.61, 28.09
0.09, -0.62, -0.58, -43.39, 7.91, 33.34
-0.09, -0.64, -0.63, -39.16, -6.25, 33.03
-0.32, -0.71, -0.73, -23.77, -29.73, 18.36
-0.54, -0.76, -0.81, -6.20, -42.97, -9.33
-0.80, -0.78, -0.81, 10.50, -25.17, -34.28
-0.85, -0.78, -0.72, 15.66, 2.70, -47.64
-0.69, -0.78, -0.63, 13.31, 12.65, -56.42
-0.41, -0.77, -0.57, 10.73, 19.37, -50.81
-0.11, -0.69, -0.55, 10.70, 15.17, -39.45
0.04, -0.58, -0.57, 9.09, -6.64, -39.50
0.02, -0.53, -0.55, 3.27, -1.38, -24.55
0.06, -0.51, -0.49, -6.11, 5.38, -7.87
0.15, -0.50, -0.45, -22.99, 12.90, 13.74
0.23, -0.53, -0.43, -37.51, 16.64, 30.14
0.21, -0.55, -0.45, -42.32, 18.98, 40.64
0.05, -0.55, -0.52, -45.91, 12.36, 46.00
-0.12, -0.61, -0.58, -44.17, 0.35, 48.90
-0.29, -0.71, -0.64, -33.06, -24.98, 36.54
-0.50, -0.78, -0.74, -13.69, -52.56, 8.54
-0.79, -0.80, -0.86, 7.11, -43.78, -21.77
-0.94, -0.81, -0.83, 18.95, -8.64, -43.62
-0.82, -0.79, -0.70, 18.09, 23.19, -47.95
-0.52, -0.76, -0.60, 12.59, 28.82, -51.91
-0.16, -0.73, -0.56, 4.30, 23.78, -35.47
0.11, -0.67, -0.58, 6.29, 12.93, -19.49
0.23, -0.57, -0.56, -2.28, 5.50, -6.07
0.24, -0.48, -0.47, -20.15, 3.46, 13.29
0.25, -0.47, -0.41, -37.17, 10.05, 33.91
0.24, -0.49, -0.39, -49.34, 16.89, 46.69
0.14, -0.50, -0.44, -58.21, 16.38, 58.69
-0.02, -0.54, -0.47, -62.97, 18.25, 64.00
-0.12, -0.62, -0.49, -57.07, 2.79, 64.00
-0.29, -0.69, -0.62, -43.08, -25.52, 56.45
-0.58, -0.71, -0.77, -25.98, -48.05, 27.43
-0.90, -0.67, -0.86, 3.65, -42.57, 2.33
-1.01, -0.70, -0.85, 18.37, -5.36, -21.56
-0.86, -0.81, -0.72, 20.03, 25.76, -32.14
-0.55, -0.83, -0.62, 14.39, 32.47, -36.33
-0.21, -0.78, -0.59, 6.04, 19.47, -32.03
0.01, -0.73, -0.57, -1.66, 12.62, -13.88
0.23, -0.67, -0.57, -6.58, 14.74, 8.40
0.33, -0.58, -0.52, -19.87, 10.02, 22.73
0.26, -0.57, -0.44, -36.20, 20.29, 40.91
0.14, -0.61, -0.44, -45.31, 14.67, 42.17
-0.01, -0.58, -0.52, -46.62, 0.02, 48.15
-0.19, -0.52, -0.64, -35.53, -22.04, 47.99
-0.38, -0.55, -0.74, -18.11, -35.64, 26.21
-0.69, -0.68, -0.76, -8.94, -39.57, -2.77
-0.90, -0.74, -0.74, -0.15, -9.20, -18.26
-0.81, -0.70, -0.68, 6.43, 20.83, -22.07
-0.52, -0.67, -0.57, 7.75, 23.06, -24.62
-0.23, -0.70, -0.58, 3.32, 17.06, -17.49
-0.04, -0.71, -0.59, -3.12, 6.26, -6.31
0.07, -0.66, -0.57, -9.30, 11.22, 10.34
0.09, -0.61, -0.51, -19.89, 14.80, 19.86
0.01, -0.61, -0.46, -32.31, 18.53, 26.13
-0.09, -0.61, -0.48, -35.89, 6.87, 25.27
-0.19, -0.57, -0.57, -31.10, -9.63, 23.68
-0.28, -0.58, -0.64, -25.52, -19.53, 15.23
-0.42, -0.66, -0.66, -18.42, -18.95, 4.18
-0.54, -0.71, -0.67, -10.75, -4.91, -4.32
-0.54, -0.71, -0.67, -6.77, 8.18, -8.43
-0.43, -0.71, -0.64, -2.29, 10.41, -10.13
-0.30, -0.72, -0.62, -2.04, 2.89, -10.89
-0.20, -0.73, -0.61, -5.52, -6.93, -10.63
-0.17, -0.72, -0.60, -9.09, -15.12, -12.30
-0.19, -0.69, -0.60, -13.02, -16.39, -10.94
-0.24, -0.66, -0.66, -11.69, -15.15, -12.87
-0.29, -0.63, -0.64, -10.01, -13.24, -13.84
-0.31, -0.62, -0.63, -6.68, -10.60, -15.47
-0.29, -0.65, -0.62, -7.59, -5.09, -10.65
-0.26, -0.67, -0.60, -6.12, -1.86, -12.05
-0.24, -0.64, -0.57, -5.97, -1.57, -10.03
-0.23, -0.65, -0.55, -10.79, -2.73, -7.86
-0.19, -0.68, -0.54, -12.81, -8.49, -4.54
-0.20, -0.67, -0.55, -15.33, -17.64, -6.26
-0.28, -0.64, -0.58, -9.03, -21.04, -10.00
-0.36, -0.64, -0.61, -4.21, -19.98, -16.70
-0.45, -0.67, -0.64, -1.21, -14.54, -23.81
-0.46, -0.70, -0.64, 0.30, -3.60, -25.31
-0.41, -0.71, -0.62, 0.92, 5.67, -25.78
-0.33, -0.69, -0.61, 5.66, 3.31, -31.67
-0.29, -0.69, -0.60, 3.31, 13.64, -22.50
-0.12, -0.69, -0.57, 0.26, 25.82, -5.84
0.06, -0.64, -0.49, -11.88, 27.71, 12.49
0.18, -0.62, -0.43, -22.63, 27.67, 30.75
0.21, -0.62, -0.42, -36.49, 15.82, 40.24
0.10, -0.62, -0.44, -42.39, 1.25, 45.35
-0.07, -0.62, -0.48, -45.88, -15.74, 46.41
-0.27, -0.63, -0.57, -38.47, -38.65, 32.67
-0.50, -0.68, -0.70, -17.98, -50.37, 3.40
-0.77, -0.77, -0.74, -4.20, -39.37, -23.49
-0.95, -0.87, -0.69, 3.35, 2.47, -38.11
-0.84, -0.85, -0.64, 6.94, 25.17, -46.24
-0.54, -0.78, -0.60, 8.37, 29.07, -50.17
-0.27, -0.72, -0.56, 6.84, 23.26, -40.68
-0.00, -0.66, -0.52, 0.43, 20.73, -17.45
0.21, -0.56, -0.46, -6.52, 14.40, 7.57
0.31, -0.48, -0.37, -22.11, 2.24, 26.09
0.27, -0.50, -0.37, -37.66, -4.96, 31.07
0.07, -0.53, -0.45, -42.65, -7.62, 37.61
-0.13, -0.51, -0.51, -43.92, -1.32, 50.31
-0.22, -0.55, -0.54, -39.19, 0.60, 52.86
-0.27, -0.67, -0.62, -32.01, -11.05, 41.02
-0.43, -0.80, -0.65, -29.06, -25.87, 24.02
-0.66, -0.83, -0.68, -14.92, -35.47, -0.40
-0.86, -0.80, -0.73, 5.71, -20.71, -21.04
-0.87, -0.80, -0.70, 13.32, 11.89, -33.23
-0.69, -0.79, -0.63, 12.62, 24.00, -44.11
-0.47, -0.77, -0.58, 10.65, 31.06, -45.23
-0.26, -0.74, -0.55, 3.24, 7.99, -47.16
-0.12, -0.70, -0.52, -4.11, 18.36, -17.40
0.20, -0.61, -0.56, -5.30, 26.04, 4.86
0.32, -0.52, -0.45, -19.69, 7.50, 8.17
0.18, -0.55, -0.40, -31.71, 0.68, 17.13
-0.02, -0.60, -0.50, -34.73, -3.50, 19.57
-0.27, -0.59, -0.58, -31.15, 0.12, 19.39
-0.41, -0.56, -0.61, -22.42, 3.33, 17.34
-0.44, -0.62, -0.61, -16.85, 2.32, 11.29
-0.42, -0.71, -0.59, -11.72, -4.04, 4.60
-0.41, -0.74, -0.58, -10.56, -1.52, 2.55
-0.39, -0.74, -0.57, -8.51, 4.28, -1.33
-0.34, -0.72, -0.56, -8.61, 10.02, -3.31
-0.27, -0.70, -0.56, -10.84, 7.94, -3.12
-0.21, -0.71, -0.56, -14.26, 3.22, -2.44
-0.19, -0.71, -0.57, -16.76, -1.60, -0.00
-0.20, -0.70, -0.57, -19.08, -1.79, -0.24
-0.23, -0.69, -0.58, -20.02, 1.48, -0.52
-0.25, -0.69, -0.58, -21.28, 3.66, -2.19
-0.25, -0.69, -0.58, -19.85, 1.89, -5.13
-0.24, -0.70, -0.59, -15.87, -0.79, -6.89
-0.26, -0.70, -0.61, -13.66, 2.29, -9.32
-0.29, -0.70, -0.62, -9.81, 3.71, -13.25
-0.29, -0.71, -0.61, -7.79, 5.75, -14.80
-0.26, -0.73, -0.60, -7.74, 0.82, -18.68
-0.23, -0.77, -0.60, -5.00, -3.48, -23.05
-0.23, -0.77, -0.61, -3.89, -4.83, -23.15
-0.25, -0.78, -0.62, -2.54, 0.37, -28.78
-0.29, -0.77, -0.63, -0.57, 4.09, -30.37
-0.29, -0.75, -0.61, 2.37, 2.11, -34.60
-0.24, -0.77, -0.60, 3.09, -2.66, -36.63
-0.19, -0.78, -0.60, 4.69, -7.80, -39.83
-0.20, -0.74, -0.61, 9.47, -4.16, -42.03
-0.24, -0.72, -0.59, 9.70, 2.98, -46.35
-0.29, -0.72, -0.57, 10.12, 5.40, -50.23
-0.27, -0.71, -0.53, 14.45, -1.05, -51.52
-0.19, -0.70, -0.55, 13.79, -3.37, -49.58
-0.12, -0.70, -0.52, 14.23, 1.20, -47.81
-0.12, -0.69, -0.46, 12.97, 12.32, -46.15
-0.14, -0.69, -0.43, 9.53, 28.00, -38.38
-0.07, -0.67, -0.43, 7.28, 35.62, -27.77
0.07, -0.65, -0.40, 1.84, 40.01, -9.61
0.23, -0.69, -0.36, -6.27, 32.71, 7.31
0.25, -0.74, -0.36, -20.22, 17.32, 21.40
0.20, -0.78, -0.38, -32.97, 7.82, 34.47
0.06, -0.76, -0.41, -37.88, -6.59, 41.42
-0.01, -0.72, -0.47, -36.73, -27.51, 39.62
-0.14, -0.72, -0.56, -27.54, -48.17, 30.39
-0.32, -0.76, -0.62, -18.69, -50.99, 12.75
-0.58, -0.83, -0.63, -10.04, -44.42, -13.59
-0.76, -0.87, -0.60, -4.87, -23.79, -32.55
-0.69, -0.89, -0.59, -3.37, 8.70, -40.79
-0.49, -0.86, -0.57, 2.99, 19.83, -51.49
-0.29, -0.77, -0.54, 7.00, 14.25, -54.28
-0.14, -0.74, -0.52, 10.49, -1.30, -54.20
-0.05, -0.74, -0.52, 10.72, -15.10, -50.43
-0.01, -0.71, -0.51, 10.55, -17.24, -44.53
0.07, -0.70, -0.44, 1.28, 1.13, -28.97
0.20, -0.69, -0.42, -2.17, 18.96, -8.61
0.30, -0.66, -0.46, -5.32, 35.35, 10.71
0.34, -0.66, -0.46, -14.25, 39.76, 29.09
0.30, -0.78, -0.45, -28.43, 28.86, 39.54
0.21, -0.84, -0.47, -32.41, 11.58, 51.35
0.13, -0.81, -0.50, -32.41, -15.65, 53.23
-0.01, -0.80, -0.58, -18.97, -50.33, 39.94
-0.37, -0.81, -0.62, -6.88, -53.10, 13.40
-0.77, -0.83, -0.60, 6.45, -43.44, -25.52
-1.04, -0.87, -0.57, 3.14, 2.62, -45.16
-0.95, -0.87, -0.52, 8.79, 44.97, -62.03
-0.62, -0.79, -0.46, 13.63, 59.88, -64.00
-0.28, -0.75, -0.41, 10.76, 51.30, -64.00
-0.02, -0.74, -0.37, 5.87, 40.16, -52.61
0.27, -0.70, -0.38, -0.51, 22.50, -31.85
0.41, -0.64, -0.37, -6.20, 8.57, -10.67
0.49, -0.61, -0.35, -18.13, 12.92, 15.96
0.57, -0.64, -0.36, -33.14, 14.36, 42.81
0.53, -0.68, -0.39, -41.49, 6.87, 58.68
0.30, -0.67, -0.41, -49.62, -1.50, 64.00
0.09, -0.71, -0.43, -48.24, -15.13, 64.00
-0.06, -0.80, -0.54, -36.52, -46.33, 63.07
-0.27, -0.86, -0.65, -20.35, -61.34, 40.45
-0.64, -0.89, -0.58, -5.98, -60.29, 1.47
-1.01, -0.95, -0.53, 3.28, -25.93, -37.71
-1.11, -0.98, -0.50, 6.56, 40.39, -55.08
-0.80, -0.91, -0.47, 13.16, 64.00, -64.00
-0.35, -0.86, -0.43, 15.05, 61.71, -64.00
-0.00, -0.86, -0.42, 7.07, 41.60, -55.16
0.28, -0.78, -0.44, 2.21, 20.02, -30.37
0.38, -0.62, -0.43, 1.79, -0.32, -16.18
0.38, -0.54, -0.40, -8.44, 2.38, 2.74
0.45, -0.55, -0.39, -23.66, 18.58, 35.48
0.52, -0.56, -0.41, -27.65, 22.17, 53.76
0.43, -0.56, -0.41, -35.52, 9.56, 64.00
0.21, -0.65, -0.40, -42.18, -5.06, 64.00
0.04, -0.79, -0.47, -33.98, -39.89, 64.00
-0.14, -0.89, -0.62, -17.93, -56.22, 57.92
-0.48, -0.95, -0.59, -7.40, -64.00, 16.62
-0.90, -1.05, -0.51, 1.66, -41.00, -22.38
-1.10, -1.12, -0.48, 1.23, 26.37, -46.12
-0.87, -1.07, -0.46, 7.01, 64.00, -63.95
-0.44, -0.98, -0.44, 9.28, 55.91, -64.00
-0.14, -0.96, -0.39, 0.29, 29.88, -64.00
0.16, -0.92, -0.41, -4.85, 11.35, -49.05
0.34, -0.74, -0.46, -1.15, -13.55, -34.29
0.29, -0.54, -0.45, -5.78, -15.85, -24.01
0.26, -0.48, -0.41, -14.13, -1.38, 3.55
0.36, -0.45, -0.40, -25.86, 22.09, 32.94
0.42, -0.44, -0.40, -28.13, 25.73, 49.88
0.31, -0.48, -0.37, -36.26, 19.40, 62.78
0.17, -0.60, -0.36, -43.69, 2.16, 64.00
0.06, -0.74, -0.42, -39.15, -42.22, 64.00
-0.04, -0.82, -0.62, -15.37, -58.23, 64.00
-0.32, -0.89, -0.64, 4.01, -64.00, 30.18
-0.83, -1.05, -0.45, 5.24, -58.67, -13.76
-1.11, -1.24, -0.45, 3.54, 10.17, -30.24
-0.89, -1.20, -0.46, 5.82, 58.93, -54.87
-0.49, -1.05, -0.45, 8.91, 63.47, -64.00
-0.18, -1.01, -0.43, 5.90, 33.35, -64.00
0.00, -1.05, -0.43, -2.39, 8.50, -64.00
0.18, -0.97, -0.49, -6.29, -0.78, -46.90
0.29, -0.74, -0.50, -4.86, -6.83, -32.40
0.25, -0.54, -0.41, -14.42, -6.05, -23.79
0.26, -0.47, -0.37, -23.38, 10.95, 6.04
0.38, -0.42, -0.40, -31.03, 20.62, 34.04
0.36, -0.43, -0.39, -31.14, 20.51, 43.48
0.19, -0.50, -0.34, -37.90, 20.03, 56.87
0.09, -0.65, -0.35, -43.12, 0.10, 64.00
0.07, -0.74, -0.41, -35.23, -35.27, 64.00
0.01, -0.84, -0.52, -19.56, -58.96, 57.64
-0.24, -0.94, -0.53, -9.54, -64.00, 35.78
-0.64, -1.07, -0.45, -6.11, -58.38, 2.50
-0.92, -1.18, -0.46, -0.03, -10.99, -24.08
-0.91, -1.18, -0.47, -4.13, 34.20, -40.68
-0.59, -1.08, -0.46, 0.50, 52.28, -50.71
-0.19, -0.99, -0.46, 5.13, 27.35, -61.47
-0.08, -0.98, -0.45, -1.37, -6.02, -64.00
-0.04, -0.94, -0.46, -2.53, -7.64, -61.00
0.12, -0.77, -0.52, -2.52, 3.71, -41.55
0.20, -0.59, -0.47, -5.84, -2.05, -39.44
0.15, -0.50, -0.42, -11.57, 2.90, -25.55
0.24, -0.49, -0.46, -16.29, 24.52, 7.52
0.43, -0.50, -0.44, -24.02, 40.56, 36.14
0.41, -0.55, -0.34, -28.81, 37.27, 47.04
0.27, -0.65, -0.29, -40.64, 25.98, 61.02
0.14, -0.76, -0.32, -49.34, -7.10, 64.00
0.04, -0.85, -0.40, -37.07, -62.96, 64.00
-0.07, -0.91, -0.50, -26.87, -64.00, 60.42
-0.29, -0.95, -0.59, -1.32, -64.00, 17.46
-0.91, -0.99, -0.45, -9.04, -48.47, -23.39
-1.14, -1.09, -0.49, 7.80, 36.81, -39.21
-0.86, -1.07, -0.50, 11.22, 60.02, -64.00
-0.49, -1.06, -0.44, 8.80, 63.69, -64.00
-0.16, -1.05, -0.44, 6.80, 49.70, -64.00
0.09, -0.96, -0.44, 4.97, 18.33, -64.00
0.34, -0.83, -0.48, 0.06, 53.64, -23.67
0.53, -0.63, -0.51, 1.21, 44.95, -15.05
0.46, -0.47, -0.30, -22.23, 46.46, -0.91
0.50, -0.50, -0.24, -36.92, 27.59, 32.63
0.52, -0.55, -0.32, -53.26, -1.65, 50.78
0.31, -0.58, -0.33, -56.92, -19.64, 60.84
0.05, -0.58, -0.33, -56.62, -14.93, 64.00
-0.07, -0.64, -0.40, -49.94, -23.74, 62.24
-0.23, -0.72, -0.48, -38.22, -19.64, 53.08
-0.38, -0.82, -0.51, -26.54, -11.93, 36.73
-0.51, -0.97, -0.46, -28.39, -1.39, 21.41
-0.53, -1.08, -0.47, -23.88, 4.03, 4.67
-0.47, -1.07, -0.52, -14.67, 5.83, -11.99
-0.37, -1.02, -0.54, -6.46, 11.36, -22.84
-0.27, -0.99, -0.54, -2.51, 15.74, -32.07
-0.19, -0.95, -0.53, -4.07, 20.52, -36.91
-0.13, -0.90, -0.52, -3.21, 18.03, -41.78
-0.09, -0.84, -0.49, -5.07, 18.05, -44.16
-0.02, -0.80, -0.45, -9.76, 20.07, -38.66
0.09, -0.75, -0.42, -13.19, 16.37, -30.38
0.18, -0.68, -0.38, -18.86, 11.76, -14.58
0.31, -0.62, -0.37, -24.57, 5.45, 9.04
0.38, -0.60, -0.36, -32.83, 4.37, 33.35
0.40, -0.62, -0.35, -35.99, -5.41, 48.06
0.31, -0.64, -0.34, -41.12, -15.07, 59.75
0.15, -0.69, -0.36, -42.19, -30.57, 64.00
0.05, -0.78, -0.44, -36.03, -50.88, 64.00
-0.07, -0.86, -0.56, -20.18, -62.78, 53.78
-0.44, -0.90, -0.57, -14.16, -58.00, 17.62
-0.90, -0.95, -0.52, -7.40, -32.06, -16.92
-0.98, -0.98, -0.55, 2.58, 17.54, -35.75
-0.73, -0.94, -0.56, 9.19, 43.15, -51.21
-0.41, -0.89, -0.51, 10.27, 40.73, -57.07
-0.10, -0.89, -0.46, 6.19, 28.04, -52.35
0.12, -0.87, -0.44, -3.29, 10.05, -40.16
0.27, -0.77, -0.44, -4.76, 1.58, -18.74
0.35, -0.63, -0.43, -8.99, -8.34, -3.09
0.34, -0.56, -0.37, -20.56, -6.16, 15.76
0.33, -0.58, -0.36, -32.72, 1.35, 31.59
0.24, -0.61, -0.36, -37.48, 5.71, 37.73
0.06, -0.65, -0.36, -47.57, 10.56, 46.68
0.01, -0.74, -0.40, -48.75, -0.53, 55.76
0.04, -0.82, -0.50, -38.59, -36.92, 54.61
-0.04, -0.90, -0.67, -18.83, -57.93, 40.40
-0.40, -0.94, -0.67, -7.74, -59.62, 6.55
-0.86, -1.00, -0.58, 1.03, -25.32, -25.58
-0.97, -1.04, -0.58, 7.96, 22.45, -43.73
-0.73, -1.02, -0.53, 8.88, 43.79, -61.37
-0.38, -0.97, -0.48, 10.23, 38.08, -64.00
-0.13, -0.94, -0.44, 4.64, 20.49, -64.00
0.06, -0.89, -0.42, -4.52, 10.32, -54.43
0.23, -0.75, -0.45, -5.05, 4.22, -36.40
0.29, -0.60, -0.42, -13.14, 0.15, -24.54
0.29, -0.53, -0.40, -22.99, 15.71, 0.14
0.38, -0.51, -0.42, -30.39, 29.54, 27.51
0.43, -0.51, -0.40, -40.42, 32.88, 46.71
0.29, -0.57, -0.35, -47.48, 28.14, 58.53
0.15, -0.65, -0.35, -52.77, 14.29, 64.00
0.14, -0.73, -0.44, -44.18, -18.29, 64.00
0.04, -0.82, -0.57, -29.85, -51.70, 60.16
-0.38, -0.89, -0.51, -27.46, -64.00, 21.75
-0.82, -0.99, -0.46, -16.81, -46.02, -4.65
-0.91, -1.06, -0.53, -6.38, -5.86, -33.77
-0.82, -1.08, -0.48, -8.38, 40.51, -54.68
-0.53, -1.02, -0.44, -3.02, 57.07, -61.83
-0.17, -0.94, -0.44, 0.04, 38.02, -64.00
0.01, -0.92, -0.44, -1.58, 20.32, -63.30
0.17, -0.87, -0.44, -8.62, 7.72, -48.06
0.30, -0.75, -0.43, -10.85, 5.63, -25.09
0.38, -0.61, -0.37, -18.14, 7.22, -5.10
0.40, -0.54, -0.31, -30.36, 19.74, 23.25
0.43, -0.54, -0.33, -41.12, 16.12, 42.04
0.33, -0.60, -0.33, -49.08, 7.98, 53.15
0.15, -0.66, -0.35, -56.23, 6.90, 61.85
0.08, -0.73, -0.44, -55.43, -21.41, 64.00
0.04, -0.78, -0.59, -41.64, -44.18, 64.00
-0.12, -0.81, -0.71, -19.34, -61.29, 44.19
-0.62, -0.86, -0.63, -6.24, -58.84, 5.97
-1.02, -0.97, -0.63, 10.99, -15.49, -27.62
-1.08, -1.02, -0.63, 12.90, 31.00, -50.03
-0.81, -0.99, -0.55, 17.15, 64.00, -64.00
-0.41, -0.94, -0.48, 16.28, 63.66, -64.00
-0.09, -0.91, -0.46, 13.47, 34.95, -64.00
0.08, -0.87, -0.47, 7.99, 16.54, -64.00
0.26, -0.78, -0.51, 6.72, 7.44, -45.25
0.34, -0.66, -0.51, 2.90, 7.58, -26.66
0.30, -0.55, -0.41, -9.84, 19.07, -12.47
0.33, -0.52, -0.35, -23.22, 31.03, 15.77
0.46, -0.54, -0.37, -33.69, 29.19, 39.25
0.42, -0.58, -0.36, -44.52, 21.30, 49.95
0.25, -0.64, -0.35, -46.39, 12.21, 62.92
0.15, -0.69, -0.40, -44.91, -18.51, 64.00
0.09, -0.77, -0.54, -32.76, -48.38, 64.00
-0.03, -0.84, -0.67, -13.26, -58.62, 57.54
-0.43, -0.91, -0.56, -14.15, -64.00, 15.43
-0.87, -1.00, -0.49, -8.43, -37.99, -19.44
-1.04, -1.02, -0.56, -0.14, 1.78, -47.52
-0.88, -1.00, -0.55, 0.61, 43.00, -64.00
-0.43, -0.95, -0.54, 11.27, 49.99, -64.00
-0.08, -0.87, -0.53, 8.11, 22.01, -64.00
0.06, -0.85, -0.52, 10.18, 6.24, -64.00
0.22, -0.80, -0.55, 10.85, 11.24, -55.00
0.27, -0.72, -0.50, 4.99, 12.13, -43.68
0.31, -0.63, -0.39, -7.30, 24.79, -23.85
0.40, -0.58, -0.35, -16.84, 34.96, 4.78
0.56, -0.56, -0.32, -31.13, 35.15, 33.89
0.57, -0.61, -0.29, -42.10, 22.97, 55.15
0.40, -0.68, -0.27, -51.32, 9.91, 64.00
0.26, -0.70, -0.34, -54.74, -9.05, 64.00
0.19, -0.74, -0.44, -45.96, -35.94, 64.00
0.03, -0.81, -0.51, -33.43, -59.75, 64.00
-0.36, -0.91, -0.48, -25.02, -64.00, 31.29
-0.83, -1.00, -0.48, -17.97, -64.00, -12.49
-1.08, -1.01, -0.55, -1.02, -14.97, -39.06
-0.91, -0.99, -0.57, 6.44, 33.24, -61.83
-0.54, -0.94, -0.54, 16.12, 48.87, -64.00
-0.18, -0.88, -0.52, 17.30, 38.60, -64.00
0.07, -0.85, -0.50, 16.44, 13.36, -64.00
0.19, -0.82, -0.51, 13.37, 7.57, -53.23
0.31, -0.74, -0.52, 10.39, 10.67, -33.18
0.36, -0.64, -0.44, 0.88, 14.67, -16.02
0.41, -0.60, -0.34, -17.44, 25.76, 9.79
0.54, -0.60, -0.33, -32.57, 24.70, 41.56
0.50, -0.60, -0.33, -40.81, 16.08, 53.00
0.31, -0.60, -0.30, -50.44, 13.76, 64.00
0.17, -0.63, -0.33, -55.29, 6.84, 64.00
0.14, -0.72, -0.40, -48.32, -13.13, 64.00
0.06, -0.82, -0.49, -39.40, -34.00, 64.00
-0.21, -0.90, -0.52, -32.55, -55.77, 50.86
-0.60, -0.94, -0.53, -21.69, -64.00, 13.70
-0.92, -0.97, -0.60, 0.74, -36.22, -24.97
-0.99, -1.00, -0.63, 6.41, 9.63, -48.08
-0.81, -1.00, -0.59, 16.68, 49.84, -64.00
-0.48, -0.97, -0.56, 20.11, 56.54, -64.00
-0.13, -0.94, -0.53, 17.40, 39.58, -64.00
0.12, -0.91, -0.48, 13.05, 18.63, -62.44
0.30, -0.85, -0.49, 8.20, 17.42, -41.57
0.40, -0.74, -0.47, 2.76, 11.54, -27.05
0.40, -0.65, -0.38, -9.64, 16.70, -5.28
0.48, -0.61, -0.32, -24.54, 20.64, 21.31
0.54, -0.59, -0.35, -34.94, 15.28, 40.28
0.36, -0.61, -0.34, -44.74, 14.12, 52.00
0.14, -0.64, -0.32, -51.27, 24.60, 64.00
0.08, -0.67, -0.34, -52.25, 8.34, 64.00
0.06, -0.72, -0.41, -45.53, -37.99, 64.00
-0.03, -0.79, -0.55, -25.27, -54.70, 63.54
-0.24, -0.88, -0.57, -19.62, -63.61, 25.70
-0.76, -1.00, -0.43, -21.22, -57.01, -15.38
-0.99, -1.05, -0.51, -12.43, -3.95, -31.55
-0.73, -1.01, -0.59, -3.90, 25.50, -51.69
-0.43, -0.97, -0.55, 4.16, 36.85, -60.71
-0.17, -0.96, -0.54, 7.89, 25.51, -64.00
-0.03, -0.94, -0.57, 13.77, 9.05, -64.00
0.10, -0.85, -0.59, 15.13, 16.53, -52.56
0.24, -0.75, -0.58, 15.46, 18.34, -37.18
0.31, -0.64, -0.46, 5.13, 19.03, -24.73
0.35, -0.60, -0.33, -7.68, 18.81, -3.26
0.44, -0.57, -0.32, -19.72, 25.04, 21.81
0.47, -0.58, -0.33, -35.05, 30.58, 38.80
0.39, -0.63, -0.29, -44.57, 25.74, 50.83
0.25, -0.71, -0.27, -54.55, 12.82, 59.88
0.17, -0.79, -0.33, -56.65, -24.22, 64.00
0.07, -0.83, -0.50, -44.95, -54.91, 64.00
-0.15, -0.84, -0.60, -28.48, -64.00, 37.40
-0.61, -0.90, -0.57, -11.98, -64.00, -4.03
-0.98, -0.98, -0.56, -2.10, -20.83, -40.69
-0.98, -1.00, -0.55, 3.35, 49.29, -52.83
-0.58, -0.91, -0.56, 14.88, 64.00, -63.12
-0.19, -0.88, -0.50, 17.85, 49.01, -64.00
0.02, -0.93, -0.44, 11.66, 25.84, -63.70
0.32, -0.89, -0.47, 12.68, 23.10, -41.05
0.50, -0.73, -0.44, 12.55, -5.70, -33.95
0.38, -0.70, -0.34, 0.61, -10.29, -21.30
0.32, -0.71, -0.32, -16.99, 15.67, 9.64
0.44, -0.66, -0.30, -30.04, 30.04, 33.65
0.47, -0.65, -0.24, -42.05, 21.64, 45.34
0.32, -0.70, -0.24, -53.72, 9.54, 53.37
0.17, -0.75, -0.29, -62.44, -10.14, 61.01
0.10, -0.76, -0.36, -60.23, -46.57, 61.92
0.05, -0.77, -0.50, -37.73, -64.00, 62.27
-0.20, -0.82, -0.53, -31.14, -64.00, 31.58
-0.62, -0.92, -0.57, -14.04, -60.09, 5.29
-0.90, -0.95, -0.59, -11.57, -20.95, -29.88
-0.91, -0.95, -0.53, -7.44, 36.39, -42.52
-0.55, -0.88, -0.55, 3.54, 60.35, -44.27
-0.13, -0.81, -0.57, 12.39, 46.31, -53.82
-0.04, -0.84, -0.51, 10.34, 21.40, -61.01
0.02, -0.90, -0.49, 3.01, 21.72, -44.44
0.27, -0.87, -0.49, -0.38, 13.58, -27.96
0.38, -0.78, -0.42, -9.87, 2.30, -20.26
0.41, -0.73, -0.37, -23.79, 9.36, 2.76
0.47, -0.70, -0.36, -31.13, 11.42, 28.02
0.42, -0.69, -0.37, -39.14, 8.21, 37.63
0.23, -0.74, -0.36, -46.53, 8.73, 45.71
0.02, -0.80, -0.36, -49.32, -0.11, 44.65
-0.09, -0.80, -0.41, -41.88, -19.76, 36.93
-0.16, -0.81, -0.47, -29.90, -34.39, 26.70
-0.30, -0.87, -0.51, -15.11, -36.18, 5.73
-0.49, -0.94, -0.46, -8.31, -17.43, -12.42
-0.52, -0.98, -0.45, -3.07, 21.12, -21.43
-0.33, -0.90, -0.46, -0.39, 31.29, -27.49
-0.13, -0.83, -0.46, 1.90, 19.84, -34.88
-0.11, -0.83, -0.44, 2.60, -1.08, -42.89
-0.06, -0.86, -0.43, 1.00, -13.56, -45.67
-0.00, -0.87, -0.45, -1.69, -18.04, -41.77
0.15, -0.80, -0.49, -2.05, -13.92, -29.81
0.30, -0.71, -0.51, -2.80, 1.33, -5.38
0.42, -0.64, -0.45, -9.15, 14.74, 15.58
0.43, -0.65, -0.39, -21.02, 19.35, 30.54
0.33, -0.72, -0.37, -34.05, 22.02, 40.32
0.21, -0.76, -0.37, -44.04, 15.85, 46.96
0.17, -0.77, -0.40, -48.94, -4.24, 52.75
0.14, -0.80, -0.49, -43.71, -51.22, 48.78
0.02, -0.85, -0.61, -25.52, -64.00, 41.92
-0.28, -0.90, -0.66, -14.84, -64.00, 10.26
-0.77, -0.91, -0.67, 0.77, -44.74, -28.78
-0.97, -0.92, -0.58, -1.87, 36.19, -43.23
-0.63, -0.89, -0.56, 8.42, 64.00, -47.95
-0.22, -0.82, -0.52, 10.88, 64.00, -61.80
-0.07, -0.85, -0.45, 3.02, 33.18, -62.29
0.08, -0.90, -0.45, -1.56, 11.17, -45.73
0.31, -0.84, -0.50, -3.57, -1.89, -27.42
0.48, -0.69, -0.47, -3.53, 7.55, -3.52
0.50, -0.59, -0.36, -15.34, 13.11, 11.16
0.43, -0.63, -0.30, -32.12, 26.12, 29.02
0.32, -0.73, -0.35, -44.67, 28.24, 37.40
0.13, -0.78, -0.36, -54.24, 31.99, 43.65
0.09, -0.76, -0.39, -54.27, 19.56, 48.26
0.12, -0.79, -0.44, -47.50, -14.59, 45.82
0.03, -0.84, -0.53, -35.76, -47.99, 37.94
-0.22, -0.88, -0.59, -19.47, -53.78, 17.89
-0.56, -0.90, -0.60, -6.08, -45.23, -19.84
-0.81, -0.91, -0.58, 2.52, 2.38, -35.88
-0.63, -0.87, -0.56, 12.91, 46.28, -43.53
-0.24, -0.82, -0.50, 16.77, 57.35, -46.56
-0.03, -0.81, -0.43, 16.59, 32.90, -51.47
0.06, -0.84, -0.40, 6.13, 16.04, -41.95
0.22, -0.84, -0.44, 2.76, 12.06, -23.67
0.40, -0.75, -0.41, -4.92, 11.75, -2.76
0.56, -0.67, -0.33, -14.03, 12.11, 19.11
0.58, -0.67, -0.30, -26.79, 4.23, 33.22
0.39, -0.73, -0.31, -45.21, 10.21, 46.07
0.20, -0.77, -0.32, -53.81, 14.11, 54.78
0.09, -0.75, -0.36, -57.73, -1.56, 56.11
0.05, -0.76, -0.48, -44.65, -39.40, 51.94
-0.09, -0.78, -0.63, -25.15, -57.44, 36.53
-0.46, -0.83, -0.63, -10.69, -64.00, -2.12
-0.84, -0.92, -0.60, 1.88, -31.63, -28.95
-0.81, -0.96, -0.61, 9.78, 32.51, -42.37
-0.46, -0.86, -0.56, 17.91, 64.00, -45.46
-0.08, -0.80, -0.47, 20.82, 60.27, -52.26
0.07, -0.86, -0.40, 8.70, 36.12, -47.97
0.24, -0.90, -0.39, -0.28, 15.69, -30.52
0.42, -0.83, -0.42, -3.38, 11.38, -8.31
0.54, -0.72, -0.35, -18.00, 4.65, 13.47
0.59, -0.70, -0.28, -27.25, 9.49, 34.92
0.52, -0.76, -0.28, -46.43, 2.19, 47.18
0.30, -0.79, -0.30, -56.58, 7.00, 59.95
0.15, -0.76, -0.33, -60.09, -11.71, 63.11
0.07, -0.74, -0.46, -48.60, -37.91, 63.17
-0.11, -0.75, -0.61, -26.55, -58.92, 42.58
-0.48, -0.80, -0.57, -20.56, -64.00, 6.59
-0.84, -0.89, -0.56, -5.57, -47.51, -27.30
-0.90, -0.91, -0.63, 2.56, 17.48, -43.36
-0.65, -0.83, -0.61, 17.05, 62.58, -47.74
-0.26, -0.76, -0.51, 20.21, 64.00, -52.10
0.04, -0.83, -0.42, 8.53, 52.09, -43.15
0.30, -0.90, -0.40, -2.12, 31.07, -16.52
0.53, -0.82, -0.40, -10.98, 16.42, 11.19
0.67, -0.72, -0.35, -20.87, 1.47, 33.13
0.60, -0.73, -0.30, -32.38, -11.58, 40.02
0.33, -0.80, -0.28, -54.40, -7.35, 51.77
0.12, -0.81, -0.32, -60.90, -2.86, 61.05
0.07, -0.75, -0.40, -53.42, -22.94, 60.69
0.03, -0.75, -0.58, -37.17, -37.85, 52.18
-0.32, -0.77, -0.65, -30.10, -52.99, 18.32
-0.79, -0.78, -0.57, -14.25, -42.27, -13.04
-0.88, -0.81, -0.67, 9.75, 4.54, -32.02
-0.72, -0.86, -0.65, 16.51, 48.97, -47.24
-0.43, -0.86, -0.53, 23.35, 64.00, -48.58
-0.11, -0.85, -0.45, 18.83, 57.00, -48.56
0.11, -0.89, -0.41, 9.69, 20.81, -45.61
0.24, -0.89, -0.45, 1.76, 12.55, -20.06
0.45, -0.77, -0.46, -2.21, 11.20, 7.51
0.58, -0.67, -0.33, -14.49, 6.01, 24.61
0.53, -0.71, -0.25, -31.21, 1.19, 37.13
0.34, -0.79, -0.27, -50.15, 3.18, 48.72
0.13, -0.80, -0.31, -60.58, 1.30, 54.85
0.04, -0.75, -0.37, -61.45, -20.23, 55.08
-0.03, -0.73, -0.50, -44.95, -41.84, 47.40
-0.18, -0.76, -0.65, -25.61, -54.72, 28.45
-0.55, -0.83, -0.61, -17.81, -50.19, -6.25
-0.86, -0.87, -0.63, 0.03, -10.57, -28.73
-0.82, -0.85, -0.65, 14.28, 38.20, -42.88
-0.52, -0.81, -0.57, 24.83, 63.67, -51.57
-0.21, -0.83, -0.47, 20.29, 56.41, -54.63
0.04, -0.91, -0.40, 10.96, 21.94, -52.04
0.21, -0.91, -0.43, 4.55, 8.01, -30.66
0.41, -0.81, -0.44, 1.38, -1.38, -12.10
0.52, -0.73, -0.36, -10.77, 8.70, 14.08
0.57, -0.70, -0.28, -27.17, 9.13, 34.02
0.48, -0.74, -0.26, -43.62, 5.59, 43.35
0.23, -0.80, -0.29, -56.45, 3.98, 51.86
0.07, -0.77, -0.34, -58.13, -0.84, 57.60
0.00, -0.74, -0.42, -48.37, -32.08, 54.22
-0.09, -0.75, -0.57, -27.86, -52.34, 43.53
-0.30, -0.80, -0.65, -13.16, -60.32, 18.98
-0.67, -0.86, -0.56, -5.38, -48.39, -21.52
-0.91, -0.89, -0.57, 6.49, 2.65, -35.39
-0.73, -0.83, -0.60, 19.13, 38.68, -48.78
-0.40, -0.78, -0.53, 25.61, 46.78, -55.99
-0.15, -0.85, -0.44, 18.20, 29.56, -60.46
0.07, -0.93, -0.41, 7.46, 17.15, -49.71
0.29, -0.87, -0.44, 0.72, 16.66, -22.56
0.51, -0.73, -0.40, -3.46, 16.94, 0.79
0.62, -0.69, -0.34, -20.78, 18.84, 26.57
0.61, -0.73, -0.30, -37.79, 8.20, 42.68
0.39, -0.76, -0.29, -56.01, -1.93, 51.84
0.15, -0.76, -0.31, -63.51, -0.15, 57.78
0.02, -0.74, -0.38, -64.00, -18.29, 57.53
-0.09, -0.71, -0.51, -48.36, -52.99, 52.79
-0.21, -0.71, -0.67, -15.94, -54.61, 42.30
-0.48, -0.79, -0.62, -9.48, -54.29, 1.50
-0.90, -0.92, -0.53, -2.59, -20.12, -26.69
-0.92, -0.91, -0.60, 10.19, 40.61, -35.52
-0.56, -0.81, -0.59, 25.28, 61.36, -50.03
-0.29, -0.83, -0.49, 24.44, 54.56, -58.86
-0.07, -0.96, -0.41, 11.78, 32.88, -53.77
0.18, -0.98, -0.43, 5.40, 25.70, -28.92
0.48, -0.83, -0.40, -3.65, 16.29, -6.14
0.61, -0.72, -0.29, -19.21, 8.10, 18.54
0.63, -0.73, -0.26, -31.30, 0.60, 36.90
0.43, -0.79, -0.27, -51.48, -13.15, 42.57
0.11, -0.82, -0.31, -61.61, -9.41, 48.57
-0.07, -0.76, -0.40, -57.19, -20.76, 50.48
-0.11, -0.70, -0.50, -43.31, -39.61, 42.17
-0.23, -0.73, -0.59, -20.65, -59.30, 22.95
-0.55, -0.77, -0.62, -11.97, -50.03, -8.85
-0.85, -0.80, -0.62, 3.48, -10.42, -25.91
-0.79, -0.80, -0.60, 14.85, 33.39, -35.71
-0.49, -0.78, -0.53, 21.98, 37.07, -46.80
-0.27, -0.78, -0.48, 22.49, 22.18, -51.12
-0.04, -0.85, -0.43, 16.34, 10.30, -45.33
0.20, -0.89, -0.42, 9.86, 10.12, -27.17
0.41, -0.82, -0.40, 0.15, 17.44, -5.71
0.52, -0.77, -0.30, -16.10, 25.98, 23.69
0.58, -0.80, -0.27, -28.54, 22.86, 39.00
0.45, -0.87, -0.26, -48.99, 4.03, 46.98
0.19, -0.89, -0.29, -59.35, -1.68, 51.89
0.05, -0.84, -0.37, -60.25, -30.27, 47.59
-0.08, -0.80, -0.47, -47.23, -55.85, 37.80
-0.26, -0.79, -0.62, -22.64, -61.36, 19.35
-0.63, -0.84, -0.64, -14.54, -63.42, -21.72
-1.01, -0.86, -0.59, -2.56, -3.56, -40.40
-0.87, -0.81, -0.61, 14.98, 49.54, -51.75
-0.53, -0.77, -0.55, 23.88, 55.51, -64.00
-0.30, -0.85, -0.45, 20.38, 33.55, -64.00
-0.01, -0.94, -0.45, 10.16, 34.77, -53.21
0.35, -0.85, -0.51, 15.15, 20.54, -36.36
0.44, -0.70, -0.41, 8.45, -8.70, -33.70
0.35, -0.73, -0.33, -3.60, 9.45, -6.58
0.39, -0.77, -0.30, -25.80, 26.68, 14.72
0.44, -0.73, -0.27, -37.13, 24.89, 30.94
0.34, -0.74, -0.28, -51.79, 12.55, 35.72
0.14, -0.79, -0.29, -57.59, 10.64, 41.98
0.03, -0.79, -0.36, -57.18, -0.48, 43.38
-0.03, -0.78, -0.45, -48.68, -32.04, 37.80
-0.14, -0.77, -0.57, -27.43, -51.04, 32.04
-0.31, -0.80, -0.64, -8.53, -53.98, 5.16
-0.62, -0.89, -0.60, 2.58, -30.15, -25.04
-0.77, -0.93, -0.55, 8.61, 19.56, -39.77
-0.58, -0.84, -0.53, 21.77, 52.19, -48.81
-0.31, -0.77, -0.44, 22.43, 33.94, -64.00
-0.18, -0.90, -0.35, 12.71, 13.15, -64.00
0.13, -0.96, -0.47, 14.58, 42.16, -24.51
0.56, -0.80, -0.44, 11.03, 17.79, -11.46
0.64, -0.73, -0.23, -3.04, 18.74, 15.46
0.67, -0.80, -0.19, -23.72, 9.68, 36.19
0.57, -0.85, -0.21, -48.96, 5.60, 50.90
0.30, -0.83, -0.23, -63.26, -2.04, 59.29
0.10, -0.73, -0.32, -61.73, -30.18, 60.70
-0.07, -0.67, -0.46, -48.28, -64.00, 49.01
-0.28, -0.74, -0.63, -23.48, -64.00, 23.62
-0.68, -0.84, -0.58, -20.86, -64.00, -22.25
-1.03, -0.90, -0.59, -1.40, -16.33, -38.21
-0.83, -0.83, -0.69, 22.67, 41.01, -49.31
-0.43, -0.76, -0.60, 32.79, 64.00, -56.09
-0.15, -0.85, -0.47, 27.56, 48.54, -64.00
0.01, -0.97, -0.40, 14.92, 22.04, -56.45
0.27, -0.96, -0.46, 10.29, 39.39, -18.35
0.60, -0.79, -0.44, 6.30, 23.76, -3.14
0.60, -0.72, -0.23, -12.03, 26.24, 15.06
0.60, -0.81, -0.17, -31.52, 18.54, 34.20
0.50, -0.89, -0.22, -56.91, 4.75, 45.13
0.23, -0.87, -0.25, -64.00, -5.11, 51.45
0.03, -0.80, -0.34, -64.00, -37.78, 45.56
-0.18, -0.76, -0.47, -50.10, -64.00, 27.47
-0.43, -0.77, -0.63, -22.30, -64.00, -7.37
-0.79, -0.85, -0.63, -6.96, -55.68, -41.81
-0.95, -0.90, -0.54, 0.46, 26.92, -52.67
-0.66, -0.81, -0.55, 20.36, 58.37, -64.00
-0.38, -0.78, -0.46, 22.37, 32.56, -64.00
-0.12, -0.92, -0.42, 12.62, 46.59, -58.01
0.39, -0.89, -0.54, 26.32, 26.18, -34.84
0.56, -0.74, -0.41, 14.29, -15.27, -36.30
0.47, -0.76, -0.31, 4.53, 7.46, -3.51
0.53, -0.77, -0.31, -12.71, 18.23, 16.04
0.52, -0.76, -0.23, -35.19, 31.25, 36.87
0.41, -0.79, -0.22, -53.10, 25.98, 44.61
0.24, -0.79, -0.25, -64.00, 25.15, 52.22
0.15, -0.76, -0.32, -64.00, 8.36, 57.61
0.13, -0.74, -0.41, -57.36, -25.45, 61.63
0.07, -0.77, -0.55, -39.07, -43.40, 55.79
-0.22, -0.81, -0.53, -28.01, -54.14, 27.29
-0.56, -0.94, -0.50, -17.09, -42.73, -1.74
-0.80, -0.96, -0.59, -2.69, -23.46, -33.09
-0.80, -0.92, -0.60, 11.02, 27.49, -44.86
-0.48, -0.85, -0.56, 23.38, 44.67, -56.27
-0.23, -0.87, -0.46, 23.01, 25.65, -64.00
-0.11, -0.96, -0.38, 15.79, 12.63, -64.00
0.16, -0.91, -0.45, 19.00, 17.12, -46.95
0.40, -0.82, -0.44, 12.97, 2.76, -37.96
0.47, -0.74, -0.32, -1.41, 11.44, -12.52
0.60, -0.70, -0.27, -16.88, 24.13, 23.78
0.67, -0.66, -0.22, -39.08, 27.53, 45.18
0.52, -0.67, -0.19, -57.25, 20.03, 54.81
0.27, -0.68, -0.23, -64.00, 12.81, 63.63
0.15, -0.69, -0.33, -64.00, -18.85, 64.00
0.12, -0.73, -0.46, -54.78, -43.24, 64.00
0.03, -0.79, -0.56, -37.10, -64.00, 49.58
-0.40, -0.89, -0.54, -27.11, -64.00, 21.98
-0.78, -0.97, -0.59, -9.02, -39.62, -13.78
-0.95, -0.98, -0.60, 1.60, 8.90, -37.00
-0.72, -0.96, -0.59, 17.71, 52.44, -46.80
-0.31, -0.91, -0.56, 26.13, 52.96, -58.47
-0.09, -0.93, -0.43, 21.24, 24.42, -64.00
0.05, -0.98, -0.38, 9.72, 15.92, -54.04
0.32, -0.91, -0.44, 9.92, 6.89, -35.73
0.39, -0.75, -0.39, -0.51, -15.81, -35.92
0.35, -0.72, -0.32, -14.43, 13.34, -7.06
0.50, -0.69, -0.32, -25.73, 21.66, 22.19
0.56, -0.64, -0.26, -44.02, 24.15, 39.43
0.43, -0.68, -0.23, -52.82, 17.21, 50.73
0.23, -0.71, -0.28, -60.88, 9.77, 58.49
0.14, -0.72, -0.36, -58.71, -14.99, 64.00
0.11, -0.77, -0.50, -43.74, -33.18, 64.00
-0.06, -0.83, -0.54, -34.60, -58.19, 37.72
-0.44, -0.94, -0.47, -26.32, -53.22, 16.87
-0.65, -1.03, -0.59, -10.78, -32.96, -15.49
-0.81, -1.01, -0.61, -2.86, 7.31, -37.16
-0.67, -0.96, -0.56, 8.07, 56.65, -41.83
-0.25, -0.90, -0.53, 14.58, 48.88, -57.03
-0.09, -0.94, -0.43, 10.64, 22.47, -64.00
0.03, -0.93, -0.41, 5.87, 22.42, -48.48
0.30, -0.84, -0.45, 5.69, 10.54, -31.89
0.40, -0.68, -0.39, -4.69, -6.01, -26.26
0.35, -0.61, -0.31, -14.77, 6.96, -1.28
0.42, -0.60, -0.31, -31.02, 18.17, 26.20
0.44, -0.62, -0.28, -40.27, 19.35, 41.03
0.33, -0.65, -0.26, -47.61, 16.76, 52.54
0.22, -0.71, -0.31, -55.90, 1.73, 60.48
0.17, -0.77, -0.40, -55.18, -26.20, 64.00
0.10, -0.82, -0.53, -38.48, -48.05, 64.00
-0.09, -0.89, -0.57, -28.74, -64.00, 38.10
-0.51, -1.03, -0.54, -22.21, -48.98, 5.87
-0.79, -1.09, -0.57, -10.71, -24.40, -24.07
-0.83, -1.02, -0.63, 3.64, 34.80, -37.93
-0.54, -0.92, -0.62, 16.54, 58.89, -49.92
-0.21, -0.90, -0.51, 16.43, 53.04, -60.08
-0.00, -0.93, -0.40, 11.25, 33.49, -53.59
0.23, -0.88, -0.39, 0.99, 24.56, -33.27
0.44, -0.75, -0.38, -6.63, 16.01, -8.48
0.55, -0.61, -0.30, -18.65, 12.13, 11.36
0.56, -0.57, -0.28, -32.55, 4.87, 28.18
0.41, -0.62, -0.27, -49.20, 3.05, 36.44
0.19, -0.70, -0.27, -61.08, 11.27, 53.29
0.10, -0.71, -0.32, -62.71, 0.87, 63.05
0.15, -0.70, -0.44, -52.58, -31.49, 64.00
0.15, -0.74, -0.61, -31.77, -55.01, 60.08
-0.26, -0.80, -0.56, -33.87, -64.00, 20.93
-0.71, -0.91, -0.52, -21.36, -44.56, 8.35
-0.74, -0.96, -0.64, -3.35, -20.44, -21.98
-0.72, -0.94, -0.64, 3.30, 21.21, -37.03
-0.56, -0.87, -0.58, 13.64, 54.62, -43.38
-0.20, -0.83, -0.51, 16.99, 52.46, -46.15
0.04, -0.89, -0.43, 7.72, 36.45, -41.81
0.22, -0.94, -0.39, 0.81, 17.35, -30.36
0.35, -0.87, -0.37, -9.79, 10.81, -9.61
0.48, -0.78, -0.37, -16.16, 13.93, 11.74
0.52, -0.70, -0.32, -30.01, 8.54, 27.03
0.42, -0.73, -0.26, -45.56, 4.04, 36.59
0.22, -0.80, -0.25, -59.03, 2.93, 45.07
0.13, -0.81, -0.30, -64.00, -3.54, 52.66
0.08, -0.79, -0.39, -56.61, -39.31, 54.77
-0.03, -0.77, -0.56, -33.89, -64.00, 43.22
-0.28, -0.81, -0.70, -10.03, -64.00, 16.05
-0.75, -0.90, -0.63, -3.30, -64.00, -33.68
-1.12, -0.92, -0.60, 11.59, 1.78, -44.96
-0.88, -0.86, -0.62, 24.42, 63.40, -55.35
-0.44, -0.83, -0.51, 25.07, 64.00, -64.00
-0.13, -0.88, -0.40, 15.74, 49.51, -59.90
0.25, -0.88, -0.42, 8.50, 26.99, -40.42
0.48, -0.78, -0.40, -0.31, 7.01, -16.25
0.53, -0.65, -0.33, -10.99, -5.76, -2.65
0.50, -0.62, -0.27, -29.31, -0.10, 22.61
0.47, -0.66, -0.29, -42.63, -1.17, 35.17
0.30, -0.71, -0.30, -56.17, 3.59, 43.37
0.10, -0.71, -0.33, -60.81, 13.52, 55.76
0.06, -0.70, -0.42, -59.27, -6.88, 58.89
0.05, -0.74, -0.50, -43.49, -42.69, 59.10
-0.01, -0.82, -0.65, -16.12, -62.97, 46.65
-0.39, -0.89, -0.66, -13.78, -64.00, 7.11
-0.92, -0.94, -0.54, -7.20, -33.40, -21.82
-0.95, -0.94, -0.62, 8.18, 27.48, -28.07
-0.59, -0.89, -0.62, 15.80, 47.30, -43.73
-0.32, -0.88, -0.52, 20.12, 42.10, -54.21
-0.13, -0.91, -0.46, 13.18, 26.82, -54.90
0.06, -0.95, -0.45, 6.46, 18.52, -42.96
0.24, -0.88, -0.48, 6.90, 5.50, -36.15
0.30, -0.79, -0.46, 2.61, 5.13, -22.67
0.33, -0.77, -0.41, -5.60, 10.50, -8.37
0.33, -0.74, -0.32, -21.38, 21.90, 10.30
0.30, -0.71, -0.30, -29.18, 21.40, 17.84
0.19, -0.72, -0.30, -41.74, 13.50, 21.57
0.03, -0.78, -0.32, -47.12, 7.21, 23.72
-0.06, -0.82, -0.38, -45.57, -17.22, 17.79
-0.17, -0.81, -0.49, -32.07, -43.21, 6.75
-0.32, -0.79, -0.60, -13.29, -57.27, -10.73
-0.50, -0.81, -0.65, 6.17, -38.32, -32.93
-0.59, -0.86, -0.62, 20.80, -3.21, -48.36
-0.46, -0.89, -0.58, 23.72, 44.30, -44.29
-0.09, -0.85, -0.51, 27.07, 43.81, -44.27
0.11, -0.80, -0.42, 19.51, 29.20, -39.00
0.23, -0.77, -0.39, 8.34, 26.73, -19.42
0.33, -0.73, -0.33, -4.82, 12.25, -10.47
0.39, -0.72, -0.23, -25.53, 5.34, 8.19
0.47, -0.73, -0.23, -37.34, 1.23, 31.35
0.47, -0.72, -0.28, -47.60, -5.18, 42.57
0.33, -0.78, -0.29, -57.68, -12.22, 54.81
0.18, -0.81, -0.36, -58.82, -16.52, 60.15
0.10, -0.84, -0.47, -51.91, -31.70, 55.77
-0.08, -0.87, -0.57, -36.61, -44.82, 40.79
-0.37, -0.92, -0.62, -22.01, -56.15, 7.75
-0.78, -0.99, -0.58, -9.96, -48.45, -33.71
-0.91, -1.01, -0.58, 0.76, 7.89, -47.53
-0.60, -0.98, -0.60, 8.88, 37.21, -63.03
-0.31, -0.92, -0.50, 12.21, 21.10, -64.00
-0.19, -0.91, -0.41, 6.81, 18.70, -64.00
0.20, -0.86, -0.51, 9.64, 34.26, -43.36
0.50, -0.70, -0.53, 8.78, 8.84, -35.93
0.43, -0.60, -0.34, -4.63, -0.83, -23.64
0.47, -0.63, -0.30, -18.29, 24.24, 18.67
0.62, -0.63, -0.30, -38.17, 19.25, 39.34
0.50, -0.63, -0.24, -50.22, 13.69, 51.97
0.28, -0.68, -0.26, -58.49, 4.47, 62.90
0.16, -0.74, -0.35, -61.23, -19.70, 64.00
0.09, -0.81, -0.50, -47.70, -45.21, 64.00
-0.14, -0.84, -0.60, -30.36, -64.00, 38.72
-0.60, -0.90, -0.59, -14.04, -64.00, 3.15
-0.91, -0.96, -0.59, -0.97, -27.96, -27.99
-0.91, -0.98, -0.61, 6.24, 31.81, -36.66
-0.59, -0.91, -0.58, 16.40, 57.66, -51.52
-0.29, -0.85, -0.48, 16.70, 44.40, -64.00
-0.03, -0.91, -0.41, 8.35, 33.12, -56.48
0.31, -0.93, -0.45, 5.69, 32.45, -24.49
0.58, -0.80, -0.46, 1.73, 12.59, -11.49
0.58, -0.67, -0.33, -15.36, 4.56, 3.49
0.54, -0.66, -0.27, -31.14, 9.99, 31.19
0.51, -0.70, -0.28, -52.42, 1.18, 44.59
0.31, -0.73, -0.27, -63.54, 4.51, 57.69
0.18, -0.68, -0.31, -64.00, 3.33, 64.00
0.11, -0.64, -0.44, -60.18, -14.82, 64.00
-0.01, -0.62, -0.63, -41.74, -28.78, 61.94
-0.24, -0.65, -0.67, -36.98, -32.67, 44.48
-0.56, -0.72, -0.56, -39.98, -9.57, 22.17
-0.59, -0.76, -0.55, -33.91, 31.02, 14.59
-0.40, -0.76, -0.58, -36.00, 52.72, 1.70
-0.28, -0.78, -0.55, -38.60, 62.46, 0.14
-0.13, -0.81, -0.51, -45.88, 53.87, 5.32
0.04, -0.84, -0.50, -52.22, 36.63, 13.89
0.15, -0.83, -0.50, -61.23, 10.15, 15.89
0.15, -0.78, -0.50, -64.00, -0.82, 20.27
0.10, -0.73, -0.55, -63.94, 0.02, 23.87
0.00, -0.74, -0.58, -61.14, 10.63, 25.05
-0.11, -0.78, -0.58, -56.52, 19.38, 22.21
-0.18, -0.82, -0.59, -52.12, 15.18, 17.95
-0.19, -0.81, -0.61, -41.77, 7.71, 14.26
-0.16, -0.77, -0.64, -31.52, 2.86, 11.40
-0.11, -0.75, -0.63, -24.03, 5.75, 9.76
-0.11, -0.76, -0.59, -20.36, 16.13, 9.49
-0.12, -0.78, -0.54, -20.75, 22.11, 9.85
-0.09, -0.80, -0.50, -21.62, 19.46, 11.23
-0.02, -0.81, -0.50, -21.38, 11.79, 13.38
0.02, -0.79, -0.50, -24.38, 1.32, 13.24
0.01, -0.77, -0.51, -24.99, -2.82, 13.74
-0.03, -0.74, -0.52, -25.57, -4.33, 12.75
-0.05, -0.73, -0.53, -26.32, -0.99, 13.44
-0.06, -0.72, -0.55, -25.55, -2.33, 11.99
-0.08, -0.72, -0.57, -23.46, -4.39, 12.04
-0.08, -0.72, -0.59, -22.14, -7.64, 11.03
-0.09, -0.73, -0.59, -19.95, -6.58, 8.62
-0.12, -0.75, -0.59, -17.79, -4.40, 7.09
-0.13, -0.75, -0.58, -16.44, -2.42, 5.96
-0.13, -0.74, -0.57, -12.82, 2.39, 7.17
-0.11, -0.72, -0.58, -11.97, 3.57, 8.41
-0.09, -0.71, -0.57, -11.08, 0.54, 7.32
-0.09, -0.72, -0.56, -12.14, -1.65, 7.96
-0.09, -0.74, -0.56, -13.51, -4.53, 6.88
-0.10, -0.74, -0.56, -14.68, -4.86, 6.60
-0.11, -0.74, -0.56, -14.53, -4.25, 6.36
-0.12, -0.72, -0.58, -14.64, -3.56, 6.42
-0.12, -0.72, -0.58, -14.35, -3.67, 5.39
-0.12, -0.73, -0.58, -13.46, -5.87, 4.34
-0.12, -0.76, -0.57, -12.36, -9.73, 2.44
-0.14, -0.78, -0.59, -11.16, -10.51, -0.02
-0.15, -0.78, -0.61, -9.08, -8.68, -2.45
-0.15, -0.76, -0.61, -8.59, -2.70, -4.22
-0.15, -0.74, -0.61, -9.31, 2.52, -5.18
-0.13, -0.75, -0.60, -10.43, 5.80, -5.72
-0.10, -0.75, -0.60, -10.61, 2.53, -6.55
-0.09, -0.74, -0.60, -10.90, -0.88, -6.41
-0.07, -0.74, -0.59, -10.86, -5.44, -5.16
-0.07, -0.73, -0.60, -10.38, -7.37, -4.63
-0.08, -0.72, -0.60, -10.26, -3.18, -2.00
-0.10, -0.70, -0.60, -10.87, 6.68, -1.02
-0.12, -0.69, -0.58, -12.95, 12.25, -0.54
-0.12, -0.70, -0.57, -15.22, 13.98, -0.23
-0.10, -0.70, -0.56, -17.19, 7.72, 1.79
-0.07, -0.70, -0.57, -18.42, 0.14, 2.49
-0.08, -0.70, -0.57, -16.64, -2.92, 3.37
-0.11, -0.70, -0.57, -17.32, -1.38, 3.67
-0.14, -0.70, -0.57, -16.80, 1.78, 2.95
-0.16, -0.70, -0.57, -15.04, 6.09, 3.30
-0.16, -0.71, -0.56, -16.10, 6.78, 2.44
-0.14, -0.72, -0.56, -15.55, 5.66, 3.66
-0.11, -0.71, -0.56, -15.46, 2.53, 3.35
-0.11, -0.71, -0.56, -14.65, -1.61, 2.88
-0.12, -0.71, -0.57, -14.82, -2.25, 3.44
-0.12, -0.71, -0.57, -15.36, -1.72, 3.69
-0.12, -0.72, -0.57, -17.71, 0.15, 4.55
-0.11, -0.72, -0.58, -15.41, 1.98, 4.35
-0.09, -0.71, -0.58, -15.41, 3.08, 4.41
-0.08, -0.71, -0.57, -14.87, 2.41, 5.35
-0.08, -0.72, -0.57, -15.37, 1.84, 5.31
-0.09, -0.71, -0.57, -16.53, 0.19, 6.52
-0.09, -0.72, -0.57, -16.18, -1.63, 6.01
-0.08, -0.72, -0.57, -14.54, -4.28, 7.93
-0.08, -0.71, -0.57, -14.08, -5.91, 8.22
-0.10, -0.71, -0.57, -13.66, -5.85, 7.82
-0.12, -0.71, -0.58, -12.87, -5.32, 8.37
-0.12, -0.72, -0.58, -13.14, -2.95, 8.90
-0.12, -0.73, -0.58, -14.61, -2.39, 8.46
-0.12, -0.72, -0.59, -14.94, 0.98, 8.64
-0.13, -0.71, -0.59, -16.95, 2.06, 7.08
-0.14, -0.70, -0.59, -19.43, 3.72, 6.31
-0.14, -0.70, -0.59, -21.09, 4.16, 6.86
-0.12, -0.71, -0.59, -21.60, 2.80, 6.83
-0.11, -0.71, -0.59, -22.86, 1.36, 7.77
-0.10, -0.69, -0.58, -22.84, 2.55, 9.34
-0.10, -0.68, -0.57, -23.24, 3.09, 10.31
-0.10, -0.68, -0.55, -24.22, 3.08, 11.94
-0.11, -0.68, -0.54, -23.31, 0.24, 14.03
-0.12, -0.68, -0.53, -23.24, -3.29, 14.87
-0.13, -0.69, -0.52, -22.17, -7.72, 17.22
-0.13, -0.69, -0.52, -19.22, -12.70, 18.54
-0.13, -0.68, -0.53, -17.55, -14.17, 21.97
-0.14, -0.67, -0.53, -16.86, -13.11, 20.37
-0.17, -0.67, -0.53, -16.51, -8.44, 19.98
-0.19, -0.66, -0.53, -16.70, -5.24, 19.41
-0.19, -0.67, -0.53, -17.60, -3.72, 21.90
-0.17, -0.67, -0.53, -18.69, -4.54, 22.65
-0.15, -0.66, -0.54, -18.80, -7.84, 23.07
-0.14, -0.66, -0.53, -20.53, -9.14, 25.28
-0.14, -0.67, -0.53, -20.93, -10.93, 28.89
-0.14, -0.68, -0.53, -23.03, -13.99, 30.70
-0.16, -0.69, -0.53, -25.03, -19.56, 31.16
-0.17, -0.69, -0.54, -25.74, -24.94, 32.80
-0.18, -0.69, -0.56, -26.91, -27.74, 33.96
-0.19, -0.69, -0.57, -25.88, -27.41, 35.58
-0.22, -0.69, -0.59, -26.20, -25.04, 33.25
-0.25, -0.68, -0.60, -25.36, -21.95, 31.87
-0.30, -0.68, -0.61, -25.54, -17.46, 29.88
-0.32, -0.69, -0.62, -26.67, -13.96, 28.26
-0.33, -0.69, -0.63, -26.58, -11.10, 28.20
-0.32, -0.68, -0.64, -24.88, -11.24, 27.08
-0.31, -0.66, -0.64, -23.86, -9.89, 27.03
-0.31, -0.66, -0.64, -23.89, -9.32, 26.75
-0.30, -0.65, -0.64, -22.09, -10.08, 26.37
-0.30, -0.64, -0.63, -20.27, -9.55, 25.57
-0.30, -0.64, -0.62, -20.41, -10.65, 25.78
-0.31, -0.64, -0.61, -19.83, -10.22, 25.75
-0.32, -0.64, -0.61, -20.40, -9.79, 26.87
-0.32, -0.63, -0.60, -20.04, -9.66, 27.30
-0.33, -0.61, -0.59, -19.60, -8.47, 26.77
-0.33, -0.60, -0.57, -19.33, -7.95, 28.10
-0.32, -0.59, -0.55, -19.15, -8.27, 29.70
-0.31, -0.59, -0.55, -19.47, -9.12, 31.99
-0.34, -0.58, -0.55, -20.27, -9.47, 33.38
-0.37, -0.57, -0.55, -20.57, -10.89, 33.86
-0.40, -0.57, -0.54, -20.69, -13.56, 33.52
-0.41, -0.57, -0.53, -20.39, -18.67, 31.64
-0.41, -0.58, -0.53, -20.36, -20.43, 32.43
-0.41, -0.58, -0.53, -19.54, -22.70, 33.06
-0.44, -0.58, -0.54, -19.97, -20.81, 31.95
-0.46, -0.58, -0.53, -19.22, -19.30, 29.89
-0.48, -0.59, -0.52, -19.80, -18.62, 28.47
-0.48, -0.61, -0.51, -19.89, -20.88, 27.01
-0.47, -0.62, -0.51, -19.40, -22.32, 25.99
-0.47, -0.62, -0.51, -18.67, -24.70, 23.72
-0.49, -0.61, -0.51, -16.70, -26.39, 20.89
-0.51, -0.61, -0.51, -15.43, -26.33, 20.55
-0.52, -0.61, -0.51, -14.13, -25.02, 19.73
-0.52, -0.60, -0.51, -13.05, -21.83, 18.68
-0.51, -0.59, -0.49, -12.97, -18.99, 19.24
-0.50, -0.58, -0.48, -11.92, -18.58, 19.17
-0.49, -0.58, -0.48, -12.76, -18.23, 21.04
-0.48, -0.56, -0.48, -14.35, -21.68, 21.83
-0.49, -0.55, -0.49, -16.26, -24.95, 24.24
-0.51, -0.54, -0.50, -18.08, -25.89, 24.43
-0.53, -0.52, -0.52, -19.48, -24.65, 25.25
-0.56, -0.51, -0.54, -22.83, -19.87, 22.93
-0.60, -0.51, -0.55, -24.11, -15.22, 18.81
-0.63, -0.51, -0.55, -25.84, -13.74, 16.35
-0.64, -0.51, -0.56, -29.52, -13.34, 15.35
-0.63, -0.52, -0.58, -30.53, -13.46, 12.50
-0.63, -0.53, -0.60, -30.31, -15.67, 10.52
-0.64, -0.52, -0.62, -28.86, -15.49, 9.54
-0.65, -0.51, -0.62, -28.72, -10.98, 5.99
-0.66, -0.51, -0.62, -27.16, -3.62, 2.90
-0.65, -0.52, -0.61, -24.52, 1.81, 1.28
-0.62, -0.52, -0.61, -23.33, 1.76, 1.59
-0.59, -0.52, -0.59, -19.82, 0.12, 0.30
-0.57, -0.51, -0.58, -16.55, -2.42, 0.34
-0.56, -0.50, -0.57, -15.12, -4.78, 1.10
-0.55, -0.51, -0.55, -13.36, -6.92, 2.25
-0.56, -0.50, -0.54, -12.62, -7.90, 2.59
-0.57, -0.49, -0.53, -11.45, -8.01, 3.16
-0.58, -0.49, -0.52, -10.68, -7.84, 3.43
-0.59, -0.49, -0.50, -11.64, -6.29, 3.54
-0.59, -0.49, -0.49, -11.03, -7.15, 1.67
-0.59, -0.49, -0.49, -11.62, -7.98, 1.46
-0.59, -0.49, -0.48, -13.09, -9.14, 1.04
-0.60, -0.50, -0.48, -14.83, -7.51, 1.35
-0.61, -0.50, -0.47, -15.25, -6.41, 0.76
-0.61, -0.49, -0.47, -15.68, -4.72, -0.05
-0.61, -0.50, -0.47, -15.81, -2.16, -0.75
-0.61, -0.50, -0.47, -15.87, -0.43, -0.96
-0.60, -0.50, -0.48, -16.54, 1.56, -0.82
-0.60, -0.50, -0.48, -16.94, 2.11, -1.07
-0.60, -0.50, -0.48, -17.27, 2.54, -1.31
-0.60, -0.50, -0.48, -17.49, 2.89, -1.83
-0.59, -0.50, -0.48, -16.66, 2.00, -1.94
-0.59, -0.50, -0.49, -17.24, 2.06, -2.74
-0.59, -0.50, -0.50, -17.16, 1.97, -1.83
-0.59, -0.50, -0.50, -15.53, 2.39, -1.98
-0.59, -0.50, -0.50, -16.10, 1.60, -1.37
-0.58, -0.50, -0.50, -15.30, 1.80, -1.41
-0.58, -0.50, -0.50, -15.05, 1.72, -1.32
-0.58, -0.50, -0.50, -14.23, 1.64, -0.77
-0.58, -0.50, -0.50, -15.29, 1.59, 0.14
-0.58, -0.49, -0.50, -13.61, 1.80, -0.86
-0.58, -0.49, -0.50, -13.66, 1.62, -0.91
-0.57, -0.49, -0.49, -13.93, 0.55, -0.65
-0.57, -0.50, -0.49, -14.25, -0.10, -0.78
-0.58, -0.50, -0.50, -14.21, 1.24, -0.82
-0.59, -0.49, -0.50, -13.47, 2.58, -0.71
-0.58, -0.49, -0.49, -13.45, 3.71, -0.20
-0.58, -0.50, -0.49, -13.97, 2.24, 0.62
-0.57, -0.50, -0.49, -13.58, 2.52, 0.79
-0.57, -0.49, -0.49, -13.13, 2.17, -1.12
-0.57, -0.49, -0.49, -13.49, 1.77, 0.72
-0.57, -0.50, -0.49, -13.42, 1.05, -0.01
-0.58, -0.50, -0.49, -13.57, 1.61, 1.08
-0.57, -0.50, -0.49, -14.20, 1.38, 2.08
-0.57, -0.51, -0.49, -13.79, 1.13, 1.29
-0.57, -0.51, -0.49, -14.05, 0.23, 0.01
-0.57, -0.51, -0.49, -13.55, -0.40, 1.70
-0.57, -0.52, -0.49, -13.47, -0.63, 0.65
-0.58, -0.52, -0.48, -13.75, 0.67, -0.06
-0.59, -0.51, -0.48, -14.19, 0.20, -0.10
-0.59, -0.51, -0.48, -14.64, -0.95, -0.36
-0.59, -0.50, -0.49, -14.88, -1.40, -0.66
-0.58, -0.50, -0.49, -15.43, -0.81, -0.56
-0.58, -0.50, -0.49, -16.14, 1.26, -0.18
-0.58, -0.51, -0.49, -16.26, 1.24, -0.45
-0.58, -0.50, -0.49, -16.80, 1.06, -1.27
-0.58, -0.50, -0.49, -17.23, 1.13, -0.22
-0.58, -0.49, -0.50, -17.18, 1.10, -0.89
-0.58, -0.49, -0.50, -16.54, 1.16, 0.16
-0.58, -0.49, -0.50, -16.01, 0.97, 0.06
-0.57, -0.50, -0.50, -15.84, 1.12, -0.13
-0.58, -0.50, -0.50, -14.77, 0.78, -0.32
-0.58, -0.50, -0.50, -14.81, 0.77, -0.26
-0.58, -0.50, -0.50, -13.74, 1.59, -0.11
-0.58, -0.50, -0.50, -13.27, 0.69, 0.44
-0.58, -0.51, -0.50, -13.31, -0.39, 0.67
-0.58, -0.51, -0.49, -13.35, 0.07, -0.54
-0.58, -0.51, -0.48, -14.02, 0.91, -0.06
-0.58, -0.51, -0.48, -14.64, 0.15, -1.25
-0.58, -0.51, -0.48, -15.38, -0.18, -1.15
-0.58, -0.51, -0.48, -15.27, 0.62, -1.82
-0.58, -0.51, -0.49, -15.79, 0.47, -1.26
-0.58, -0.51, -0.49, -15.60, 0.98, -0.44
-0.58, -0.51, -0.49, -15.06, 1.02, -0.78
-0.58, -0.50, -0.49, -15.71, 1.70, -1.37
-0.58, -0.50, -0.49, -15.57, 1.55, -1.15
-0.58, -0.50, -0.49, -14.66, 0.77, -0.33
-0.58, -0.50, -0.49, -15.04, 0.60, -1.53
-0.58, -0.50, -0.50, -15.06, 1.40, -0.35
-0.57, -0.50, -0.50, -14.69, 0.69, 0.10
-0.57, -0.50, -0.49, -14.09, 0.54, 0.03
-0.57, -0.51, -0.49, -14.66, 0.13, 0.30
-0.57, -0.50, -0.49, -14.93, -0.76, 1.17
-0.57, -0.50, -0.49, -15.00, -1.13, 0.74
-0.58, -0.50, -0.48, -15.17, -0.75, 0.95
-0.58, -0.51, -0.49, -13.87, 0.85, 0.98
-0.59, -0.51, -0.49, -15.60, 1.41, 0.71
-0.59, -0.51, -0.48, -15.28, 2.69, 0.96
-0.58, -0.51, -0.48, -14.90, 1.71, 0.94
-0.58, -0.51, -0.48, -14.85, 0.18, 0.38
-0.58, -0.51, -0.49, -15.12, -0.30, -0.37
-0.58, -0.51, -0.49, -13.83, 0.62, 0.00
-0.57, -0.51, -0.49, -14.06, 0.83, 0.27
-0.57, -0.51, -0.48, -14.61, 0.59, 0.67
-0.57, -0.51, -0.48, -14.38, 0.74, 0.72
-0.57, -0.50, -0.49, -14.37, -0.21, 0.65
-0.58, -0.50, -0.49, -14.10, -1.72, 1.19
-0.58, -0.50, -0.49, -14.91, -2.51, 0.88
-0.58, -0.50, -0.49, -13.12, -1.79, 0.53
-0.58, -0.50, -0.49, -14.12, -0.92, 0.99
-0.58, -0.50, -0.49, -14.55, -0.03, -0.04
-0.59, -0.51, -0.49, -14.71, 1.09, -0.26
-0.59, -0.51, -0.49, -14.99, 0.88, 0.39
-0.58, -0.51, -0.49, -15.05, 0.75, -0.05
-0.58, -0.51, -0.49, -14.88, 0.59, -0.20
-0.58, -0.51, -0.49, -14.45, 0.75, -0.46
-0.58, -0.51, -0.48, -15.05, 0.05, -0.06
-0.58, -0.51, -0.48, -14.53, -0.37, -0.48
-0.58, -0.51, -0.49, -14.79, 0.03, 0.36
-0.58, -0.51, -0.49, -15.32, 0.07, 0.67
-0.58, -0.51, -0.49, -14.39, 0.07, -0.02
-0.58, -0.50, -0.49, -14.06, 1.40, 0.61
-0.58, -0.51, -0.48, -13.74, 0.53, 0.77
-0.58, -0.51, -0.48, -14.86, 1.09, 0.82
-0.57, -0.51, -0.48, -14.57, -1.19, 1.18
-0.57, -0.51, -0.47, -15.32, -0.52, 0.76
-0.58, -0.51, -0.47, -16.34, -0.46, 1.00
-0.59, -0.51, -0.47, -16.69, 0.95, -0.22
-0.59, -0.51, -0.47, -16.89, 1.60, 0.59
-0.59, -0.51, -0.47, -16.48, 0.80, 0.42
-0.59, -0.51, -0.48, -17.21, 1.27, 0.51
-0.59, -0.51, -0.49, -16.90, 0.67, 0.34
-0.59, -0.51, -0.49, -16.50, 1.30, 0.73
-0.59, -0.50, -0.50, -15.84, 1.64, -0.13
-0.58, -0.50, -0.50, -16.59, 2.58, 0.73
-0.58, -0.50, -0.50, -16.12, 2.42, 0.53
-0.57, -0.50, -0.50, -14.17, 2.13, 1.15
-0.57, -0.50, -0.51, -14.16, 1.47, 1.24
-0.56, -0.50, -0.52, -13.46, 1.96, 2.69
-0.56, -0.50, -0.52, -12.96, 1.73, 3.81
-0.56, -0.49, -0.52, -11.50, 0.93, 2.57
-0.56, -0.48, -0.52, -11.45, 0.12, 3.23
-0.57, -0.49, -0.50, -10.51, -0.27, 3.68
-0.58, -0.50, -0.49, -10.93, -2.07, 5.89
-0.58, -0.51, -0.48, -11.90, -3.59, 5.73
-0.58, -0.50, -0.46, -11.05, -3.24, 6.07
-0.59, -0.51, -0.45, -11.63, -1.44, 4.94
-0.60, -0.52, -0.44, -12.12, 0.05, 6.01
-0.60, -0.52, -0.44, -11.99, 0.49, 5.10
-0.60, -0.51, -0.44, -13.56, 0.58, 5.69
-0.60, -0.50, -0.44, -14.58, -1.29, 4.76
-0.60, -0.50, -0.45, -14.56, -1.56, 3.36
-0.61, -0.50, -0.45, -14.55, -0.84, 2.98
-0.60, -0.50, -0.46, -15.51, -1.02, 2.82
-0.59, -0.50, -0.47, -16.08, -1.41, 3.31
-0.58, -0.50, -0.47, -15.90, -0.23, 2.98
-0.58, -0.50, -0.48, -16.06, -1.56, 3.08
-0.57, -0.50, -0.48, -15.70, -2.19, 2.83
-0.57, -0.50, -0.48, -14.82, -3.41, 3.74
-0.58, -0.51, -0.47, -13.51, -6.08, 3.08
-0.59, -0.51, -0.47, -13.27, -7.77, 3.00
-0.60, -0.50, -0.47, -12.40, -8.14, 3.62
-0.61, -0.49, -0.47, -11.94, -6.88, 3.66
-0.62, -0.49, -0.47, -13.34, -4.61, 4.16
-0.63, -0.49, -0.47, -13.78, -2.96, 4.25
-0.63, -0.48, -0.47, -13.24, -2.66, 3.59
-0.63, -0.49, -0.47, -15.11, -1.76, 4.38
-0.63, -0.49, -0.47, -16.03, -0.96, 2.57
-0.63, -0.49, -0.46, -18.48, -0.17, 2.88
-0.63, -0.49, -0.46, -17.74, 0.83, 1.75
-0.62, -0.49, -0.47, -18.28, 1.55, 1.11
-0.62, -0.49, -0.47, -18.49, 1.04, 0.76
-0.62, -0.49, -0.47, -17.99, 1.33, -0.47
-0.62, -0.50, -0.46, -19.56, 0.39, 0.52
-0.61, -0.50, -0.46, -19.55, 0.48, 0.22
-0.61, -0.50, -0.46, -19.75, -1.10, -0.37
-0.60, -0.50, -0.46, -18.53, -1.11, -0.66
-0.61, -0.50, -0.47, -17.55, -0.22, -0.47
-0.62, -0.49, -0.46, -17.99, 0.42, -0.68
-0.62, -0.49, -0.46, -16.96, 1.04, -0.72
-0.61, -0.50, -0.46, -17.22, -0.09, -1.47
-0.61, -0.49, -0.47, -16.69, -1.35, -0.33
-0.61, -0.49, -0.47, -16.49, 0.08, -0.08
-0.61, -0.48, -0.47, -14.63, 0.73, -0.85
-0.61, -0.48, -0.47, -15.79, 1.46, -1.03
-0.61, -0.48, -0.47, -15.69, 1.85, 0.14
-0.61, -0.48, -0.47, -15.72, 2.01, -0.64
-0.61, -0.48, -0.47, -16.21, 0.81, 0.09
-0.61, -0.48, -0.46, -14.95, 0.39, 0.16
