ax,ay,az,gx,gy,gz
-0.53, 0.69, -0.67, 20.84, -2.41, -64.00
-0.53, 0.68, -0.67, 21.62, -12.31, -64.00
-0.54, 0.65, -0.65, 22.49, -30.29, -64.00
-0.53, 0.56, -0.62, 18.54, -49.70, -64.00
-0.53, 0.44, -0.60, 14.11, -64.00, -64.00
-0.55, 0.32, -0.60, 6.58, -64.00, -64.00
-0.57, 0.25, -0.61, -0.32, -64.00, -64.00
-0.56, 0.22, -0.61, -4.17, -64.00, -64.00
-0.52, 0.16, -0.60, -9.35, -64.00, -64.00
-0.48, 0.10, -0.60, -15.97, -64.00, -64.00
-0.45, -0.02, -0.58, -19.36, -64.00, -64.00
-0.44, -0.12, -0.56, -26.38, -64.00, -64.00
-0.44, -0.18, -0.57, -29.12, -64.00, -64.00
-0.45, -0.21, -0.61, -29.58, -64.00, -64.00
-0.44, -0.25, -0.64, -31.46, -64.00, -64.00
-0.41, -0.31, -0.65, -36.53, -64.00, -64.00
-0.39, -0.35, -0.65, -39.86, -64.00, -61.79
-0.40, -0.35, -0.66, -31.61, -64.00, -49.55
-0.46, -0.31, -0.68, -23.31, -64.00, -44.45
-0.52, -0.30, -0.70, -22.42, -64.00, -37.70
-0.53, -0.37, -0.71, -25.01, -64.00, -29.56
-0.55, -0.44, -0.68, -24.84, -64.00, -25.55
-0.60, -0.46, -0.60, -24.52, -64.00, -22.13
-0.67, -0.45, -0.55, -25.82, -64.00, -23.43
-0.74, -0.44, -0.55, -26.49, -64.00, -25.61
-0.77, -0.46, -0.58, -26.80, -64.00, -24.87
-0.77, -0.50, -0.59, -30.20, -64.00, -21.65
-0.77, -0.52, -0.58, -30.59, -64.00, -22.32
-0.77, -0.52, -0.53, -28.60, -64.00, -20.12
-0.78, -0.52, -0.49, -31.07, -64.00, -14.59
-0.77, -0.51, -0.49, -29.30, -64.00, -6.74
-0.73, -0.50, -0.49, -27.67, -64.00, 11.29
-0.70, -0.50, -0.48, -31.80, -64.00, 24.72
-0.73, -0.50, -0.44, -28.88, -64.00, 32.54
-0.77, -0.46, -0.39, -23.67, -63.61, 39.26
-0.82, -0.43, -0.36, -21.37, -45.89, 34.12
-0.92, -0.42, -0.34, -23.75, -17.30, 23.55
-1.00, -0.39, -0.33, -30.46, 13.83, 14.05
-1.03, -0.38, -0.31, -39.99, 31.55, 3.85
-1.01, -0.35, -0.31, -43.65, 41.91, 0.45
-0.95, -0.31, -0.32, -43.87, 33.17, -3.00
-0.87, -0.28, -0.32, -38.54, 8.18, -3.56
-0.81, -0.25, -0.32, -31.35, -12.13, -2.73
-0.82, -0.25, -0.31, -33.76, -23.56, -5.05
-0.88, -0.28, -0.29, -44.13, -21.04, -8.95
-0.89, -0.26, -0.26, -53.27, -26.38, -8.55
-0.89, -0.20, -0.22, -55.15, -34.57, -11.98
-0.89, -0.18, -0.21, -53.61, -34.06, -13.99
-0.87, -0.21, -0.22, -55.91, -25.06, -14.97
-0.88, -0.23, -0.24, -57.96, -6.15, -12.76
-0.89, -0.22, -0.26, -55.40, 13.28, -13.89
-0.91, -0.22, -0.28, -52.65, 36.64, -4.65
-0.92, -0.24, -0.28, -57.38, 47.82, -5.03
-0.86, -0.26, -0.30, -59.61, 48.88, -6.22
-0.84, -0.23, -0.29, -47.83, 44.35, -7.69
-0.88, -0.16, -0.28, -33.85, 40.54, -5.93
-0.91, -0.16, -0.31, -32.02, 52.66, 0.38
-0.90, -0.18, -0.39, -28.10, 64.00, 3.86
-0.90, -0.19, -0.37, -31.41, 64.00, -0.59
-0.88, -0.18, -0.35, -26.14, 64.00, -0.38
-0.81, -0.17, -0.43, -19.04, 64.00, 3.89
-0.74, -0.17, -0.46, -12.79, 56.35, 1.71
-0.72, -0.17, -0.45, -7.59, 41.41, 8.38
-0.74, -0.20, -0.44, -5.48, 39.66, 6.86
-0.78, -0.22, -0.44, -2.99, 46.86, 3.74
-0.79, -0.20, -0.47, 1.73, 47.98, 5.99
-0.80, -0.17, -0.48, 3.10, 46.75, 7.37
-0.83, -0.17, -0.47, 1.83, 42.68, 4.03
-0.85, -0.19, -0.47, -1.88, 47.41, 2.45
-0.83, -0.22, -0.49, -0.27, 53.65, 2.87
-0.81, -0.22, -0.53, -0.80, 59.06, 3.29
-0.84, -0.22, -0.54, -3.04, 61.77, 3.05
-0.84, -0.21, -0.57, 4.69, 62.86, -8.12
-0.76, -0.18, -0.59, 10.41, 53.76, -4.81
-0.75, -0.17, -0.57, 16.82, 46.40, -13.94
-0.79, -0.18, -0.58, 19.62, 55.52, -10.55
-0.80, -0.20, -0.62, 21.90, 64.00, -3.13
-0.79, -0.22, -0.62, 22.20, 64.00, -6.28
-0.78, -0.22, -0.59, 21.16, 64.00, 2.20
-0.73, -0.22, -0.58, 13.04, 64.00, 17.83
-0.71, -0.27, -0.57, -24.40, 64.00, 64.00
-0.81, -0.33, -0.53, -24.40, 64.00, 54.81
-0.80, -0.18, -0.54, -2.12, 64.00, 32.29
-0.62, -0.04, -0.56, 18.48, 64.00, 34.31
-0.46, -0.06, -0.59, 26.80, 64.00, 38.60
-0.43, -0.11, -0.63, 26.42, 64.00, 30.24
-0.47, -0.12, -0.64, 27.93, 33.68, 23.29
-0.54, -0.08, -0.64, 35.28, 12.73, 14.79
-0.64, -0.02, -0.62, 41.53, 1.79, 5.93
-0.74, 0.00, -0.57, 42.92, 2.02, -5.32
-0.84, 0.00, -0.51, 41.95, 9.37, -18.45
-0.89, 0.01, -0.50, 43.38, 24.27, -31.95
-0.89, 0.03, -0.51, 46.57, 40.28, -44.72
-0.87, 0.05, -0.51, 49.24, 60.99, -56.65
-0.85, 0.04, -0.50, 53.02, 64.00, -64.00
-0.83, -0.00, -0.50, 56.22, 64.00, -64.00
-0.79, -0.05, -0.51, 57.68, 64.00, -64.00
-0.74, -0.10, -0.50, 59.46, 64.00, -64.00
-0.69, -0.14, -0.53, 62.71, 64.00, -64.00
-0.65, -0.18, -0.58, 64.00, 64.00, -64.00
-0.58, -0.24, -0.64, 64.00, 64.00, -64.00
-0.52, -0.31, -0.66, 61.14, 64.00, -64.00
-0.49, -0.38, -0.70, 63.45, 64.00, -64.00
-0.47, -0.44, -0.74, 64.00, 64.00, -64.00
-0.41, -0.49, -0.75, 64.00, 64.00, -64.00
-0.32, -0.55, -0.76, 61.42, 64.00, -64.00
-0.24, -0.59, -0.78, 59.71, 64.00, -64.00
-0.13, -0.61, -0.76, 62.48, 64.00, -64.00
-0.06, -0.61, -0.76, 64.00, 64.00, -64.00
0.01, -0.61, -0.77, 64.00, 64.00, -64.00
0.10, -0.61, -0.75, 64.00, 64.00, -64.00
0.18, -0.66, -0.71, 64.00, 47.47, -64.00
0.23, -0.68, -0.69, 64.00, 27.95, -64.00
0.25, -0.67, -0.66, 60.64, 21.88, -64.00
0.25, -0.67, -0.64, 57.13, 20.52, -64.00
0.22, -0.66, -0.60, 46.92, 25.59, -64.00
0.20, -0.67, -0.53, 32.22, 33.26, -61.07
0.19, -0.70, -0.45, 12.62, 48.45, -54.75
0.18, -0.72, -0.45, 6.42, 61.72, -48.25
0.18, -0.69, -0.51, 5.27, 64.00, -41.29
0.21, -0.67, -0.54, -6.18, 64.00, -29.31
0.22, -0.73, -0.52, -18.26, 64.00, -18.16
0.19, -0.72, -0.48, -4.88, 64.00, -17.88
0.20, -0.65, -0.46, -1.96, 64.00, -19.04
0.26, -0.65, -0.46, 0.64, 64.00, -23.49
0.33, -0.69, -0.46, 7.12, 64.00, -26.35
0.36, -0.72, -0.46, 11.07, 53.96, -30.82
0.36, -0.74, -0.47, 9.35, 50.16, -29.62
0.33, -0.77, -0.46, 4.50, 53.54, -25.19
0.33, -0.77, -0.47, 6.64, 57.13, -25.80
0.36, -0.75, -0.45, 5.92, 52.54, -25.13
0.40, -0.75, -0.43, 2.44, 46.17, -23.43
0.44, -0.76, -0.41, -0.82, 38.62, -20.71
0.47, -0.77, -0.41, -3.57, 29.51, -18.96
0.47, -0.76, -0.43, -5.15, 18.15, -17.82
0.46, -0.76, -0.43, -6.87, 12.45, -18.12
0.45, -0.75, -0.44, -7.55, 9.38, -19.06
0.43, -0.75, -0.44, -8.80, 12.21, -18.74
0.40, -0.75, -0.44, -3.43, 18.15, -16.39
0.40, -0.73, -0.40, 3.39, 18.00, -14.57
0.42, -0.70, -0.37, -3.69, 13.51, -14.32
0.43, -0.74, -0.38, -9.16, 4.27, -13.94
0.42, -0.77, -0.39, -5.19, -5.85, -15.59
0.38, -0.74, -0.39, -6.79, -1.70, -16.75
0.33, -0.74, -0.29, -20.18, 7.35, -13.94
0.34, -0.76, -0.25, -24.38, -1.71, -17.82
0.41, -0.73, -0.36, -23.50, -9.82, -15.57
0.43, -0.66, -0.42, -19.79, -19.32, -14.23
0.42, -0.62, -0.50, -10.36, -17.81, -12.63
0.41, -0.60, -0.58, -1.63, -6.38, -6.42
0.42, -0.61, -0.59, 5.70, 0.44, -4.29
0.46, -0.62, -0.63, 18.22, 15.13, 6.09
0.49, -0.63, -0.62, 23.50, 26.28, 10.94
0.46, -0.66, -0.53, 25.17, 30.87, 16.26
0.47, -0.71, -0.50, 26.67, 23.47, 21.08
0.46, -0.78, -0.46, 21.99, 5.10, 17.86
0.40, -0.85, -0.32, 7.44, -6.88, 16.70
0.36, -0.89, -0.20, -9.48, -33.13, 6.54
0.32, -0.89, -0.18, -30.68, -49.70, -5.88
0.25, -0.89, -0.14, -59.34, -61.85, -15.02
0.27, -0.84, -0.22, -64.00, -62.69, -14.95
0.36, -0.79, -0.43, -64.00, -64.00, -13.70
0.42, -0.70, -0.65, -60.03, -59.29, -8.43
0.44, -0.62, -0.80, -38.23, -57.95, -8.95
0.38, -0.60, -0.84, -22.94, -25.30, -3.46
0.35, -0.62, -0.88, 8.32, 13.13, 0.91
0.36, -0.65, -0.92, 28.64, 51.04, 8.40
0.38, -0.71, -0.79, 40.23, 51.98, 11.79
0.38, -0.78, -0.65, 38.90, 47.58, 12.70
0.29, -0.84, -0.37, 15.91, 37.90, 3.63
0.25, -0.89, -0.16, -5.10, 38.01, -2.90
0.34, -0.89, -0.21, -17.81, 8.03, -5.94
0.34, -0.87, -0.17, -51.53, -42.41, -18.81
0.31, -0.83, -0.15, -64.00, -51.09, -15.55
0.39, -0.72, -0.38, -58.55, -50.31, -10.21
0.43, -0.62, -0.62, -45.25, -50.40, -11.61
0.42, -0.58, -0.75, -28.21, -39.23, -7.94
0.39, -0.58, -0.81, -11.48, -11.69, -0.81
0.36, -0.61, -0.84, 5.71, 32.56, 6.02
0.35, -0.65, -0.79, 16.41, 58.36, 11.12
0.39, -0.71, -0.64, 17.17, 64.00, 19.86
0.46, -0.76, -0.51, 24.44, 49.10, 23.79
0.47, -0.79, -0.51, 28.34, 12.58, 16.05
0.30, -0.85, -0.28, -0.44, -12.60, 0.30
0.20, -0.92, -0.04, -27.29, -25.43, -7.58
0.20, -0.90, -0.07, -46.01, -30.56, -18.44
0.18, -0.83, -0.13, -64.00, -24.34, -25.02
0.31, -0.73, -0.34, -60.06, -24.60, -22.81
0.46, -0.63, -0.59, -47.61, -30.58, -20.65
0.51, -0.59, -0.76, -24.70, -23.72, -13.45
0.49, -0.60, -0.85, -7.84, -5.26, -6.96
0.43, -0.63, -0.81, 12.48, 31.13, -0.85
0.45, -0.66, -0.81, 27.61, 58.47, 13.30
0.48, -0.71, -0.66, 29.76, 52.08, 17.91
0.48, -0.77, -0.49, 29.26, 44.46, 25.93
0.45, -0.83, -0.33, 18.09, 18.86, 13.69
0.31, -0.87, -0.20, -4.72, 6.97, 4.07
0.25, -0.89, -0.09, -22.81, -12.60, -3.59
0.27, -0.86, -0.16, -34.69, -25.45, -12.84
0.27, -0.79, -0.22, -44.15, -21.19, -14.79
0.32, -0.73, -0.39, -36.81, -15.21, -16.76
0.39, -0.67, -0.59, -30.16, -13.39, -16.07
0.45, -0.65, -0.64, -22.63, -15.76, -13.06
0.47, -0.66, -0.68, -10.36, -0.47, -8.30
0.48, -0.66, -0.75, 0.61, 24.50, -1.55
0.48, -0.67, -0.72, 9.86, 39.47, 3.56
0.49, -0.70, -0.64, 11.93, 47.15, 13.65
0.52, -0.74, -0.49, 17.26, 47.52, 23.27
0.53, -0.79, -0.48, 34.96, 27.97, 19.02
0.39, -0.83, -0.46, 31.29, 19.70, 9.82
0.26, -0.90, -0.12, 9.70, 13.54, 2.68
0.29, -0.93, -0.07, -1.48, -8.52, -14.38
0.23, -0.93, -0.04, -34.55, -19.67, -32.87
0.19, -0.93, 0.02, -62.29, -12.22, -41.33
0.32, -0.84, -0.23, -64.00, -6.32, -37.82
0.49, -0.70, -0.53, -57.50, -12.38, -32.38
0.59, -0.62, -0.71, -36.04, -15.35, -25.93
0.64, -0.55, -0.83, -10.90, -8.25, -14.95
0.61, -0.56, -0.84, 8.26, 15.24, -4.13
0.55, -0.61, -0.81, 23.26, 39.29, 7.34
0.53, -0.68, -0.65, 21.99, 45.20, 17.54
0.53, -0.74, -0.45, 23.53, 32.52, 25.39
0.51, -0.78, -0.43, 27.76, 4.64, 18.58
0.33, -0.84, -0.25, 2.87, 0.08, 10.35
0.24, -0.91, -0.03, -15.12, -15.90, -4.93
0.23, -0.89, -0.10, -31.53, -25.94, -20.53
0.20, -0.87, -0.06, -59.84, -29.35, -33.57
0.28, -0.82, -0.16, -64.00, -21.49, -32.20
0.44, -0.71, -0.46, -58.02, -27.07, -30.02
0.54, -0.63, -0.67, -44.17, -23.20, -21.10
0.60, -0.58, -0.77, -22.52, -15.81, -13.26
0.59, -0.57, -0.83, -5.84, 9.89, -3.58
0.57, -0.60, -0.84, 14.11, 36.62, 7.34
0.56, -0.65, -0.73, 20.59, 53.38, 19.05
0.57, -0.71, -0.54, 23.74, 51.01, 28.51
0.58, -0.75, -0.47, 34.84, 23.33, 25.72
0.45, -0.80, -0.35, 17.93, 4.89, 17.01
0.31, -0.88, 0.02, -9.21, -12.83, 0.03
0.26, -0.92, 0.03, -28.69, -21.98, -19.73
0.20, -0.89, 0.01, -59.50, -16.99, -33.18
0.25, -0.82, -0.07, -64.00, -0.41, -33.06
0.43, -0.69, -0.37, -61.34, -3.08, -28.83
0.59, -0.60, -0.61, -47.28, -15.70, -19.87
0.69, -0.57, -0.71, -26.96, -20.31, -5.47
0.71, -0.56, -0.78, -6.18, -13.49, 5.25
0.64, -0.62, -0.79, 9.99, 7.66, 14.49
0.55, -0.64, -0.73, 22.90, 30.74, 22.69
0.49, -0.69, -0.58, 28.75, 42.22, 30.44
0.48, -0.74, -0.48, 37.01, 27.71, 30.46
0.43, -0.79, -0.35, 26.79, 9.14, 19.75
0.33, -0.87, -0.09, 3.21, -11.63, 2.93
0.26, -0.94, 0.04, -23.29, -26.91, -15.79
0.21, -0.94, 0.07, -52.88, -20.81, -26.57
0.26, -0.86, -0.01, -64.00, -8.93, -26.58
0.42, -0.74, -0.23, -64.00, -17.61, -26.06
0.55, -0.64, -0.51, -56.90, -36.79, -17.49
0.64, -0.59, -0.66, -42.18, -39.26, -3.51
0.66, -0.56, -0.75, -21.82, -45.87, 0.96
0.58, -0.57, -0.80, -5.32, -18.78, 10.91
0.51, -0.60, -0.81, 17.13, 16.63, 14.73
0.44, -0.62, -0.79, 26.91, 54.36, 23.72
0.45, -0.69, -0.59, 30.47, 64.00, 32.35
0.53, -0.73, -0.50, 41.78, 47.33, 40.49
0.53, -0.75, -0.49, 42.70, 5.28, 31.30
0.37, -0.83, -0.12, 12.66, -13.82, 17.66
0.30, -0.95, 0.14, -16.94, -34.52, -1.90
0.24, -0.99, 0.06, -49.16, -36.29, -20.10
0.23, -0.94, 0.05, -64.00, -24.37, -23.36
0.38, -0.80, -0.19, -64.00, -21.99, -18.52
0.54, -0.66, -0.54, -62.38, -32.53, -9.53
0.61, -0.59, -0.73, -41.69, -30.86, 1.37
0.64, -0.57, -0.76, -22.68, -43.63, 5.58
0.58, -0.61, -0.80, -4.53, -20.67, 17.60
0.48, -0.66, -0.76, 11.99, 7.31, 20.39
0.41, -0.68, -0.69, 18.88, 34.13, 24.62
0.38, -0.72, -0.55, 18.51, 37.56, 29.00
0.43, -0.78, -0.49, 26.83, 17.79, 30.33
0.40, -0.78, -0.41, 18.45, -6.28, 16.59
0.27, -0.86, -0.10, -10.79, -7.91, 2.67
0.25, -0.93, -0.02, -26.75, -13.98, -10.76
0.26, -0.94, -0.10, -51.63, -16.65, -18.46
0.33, -0.88, -0.13, -64.00, -20.99, -15.75
0.49, -0.78, -0.32, -64.00, -30.92, -11.66
0.55, -0.69, -0.52, -56.34, -41.56, -6.67
0.56, -0.63, -0.65, -42.14, -49.42, -1.99
0.54, -0.62, -0.74, -27.10, -43.50, 6.27
0.48, -0.66, -0.77, -12.30, -29.32, 6.70
0.39, -0.69, -0.79, 9.13, 12.05, 11.82
0.35, -0.69, -0.77, 20.30, 50.87, 14.29
0.36, -0.72, -0.63, 26.11, 60.95, 18.40
0.42, -0.76, -0.56, 37.18, 49.06, 22.42
0.42, -0.78, -0.49, 30.99, 37.90, 17.31
0.35, -0.84, -0.23, 12.79, 23.94, 10.69
0.33, -0.89, -0.09, -5.55, -7.70, -6.51
0.29, -0.93, -0.02, -39.71, -23.86, -18.72
0.27, -0.95, 0.02, -64.00, -28.77, -23.65
0.34, -0.86, -0.13, -64.00, -26.98, -21.92
0.45, -0.69, -0.43, -64.00, -31.19, -19.16
0.52, -0.62, -0.62, -55.14, -42.20, -12.71
0.54, -0.58, -0.74, -36.57, -41.64, -3.16
0.52, -0.61, -0.77, -21.05, -33.79, 1.75
0.43, -0.65, -0.77, 1.92, 1.68, 5.56
0.38, -0.66, -0.79, 18.52, 38.85, 12.02
0.38, -0.69, -0.69, 23.82, 54.44, 17.10
0.42, -0.72, -0.58, 31.87, 42.48, 22.19
0.43, -0.76, -0.48, 27.57, 36.01, 19.10
0.36, -0.82, -0.23, 8.79, 27.26, 11.91
0.34, -0.88, -0.11, -9.97, -2.52, 0.52
0.32, -0.91, -0.08, -37.47, -29.75, -11.23
0.29, -0.90, -0.02, -63.67, -40.71, -17.01
0.32, -0.84, -0.13, -64.00, -40.35, -17.99
0.40, -0.72, -0.38, -64.00, -42.38, -16.34
0.46, -0.64, -0.56, -55.22, -45.85, -13.12
0.48, -0.60, -0.71, -36.40, -42.04, -5.51
0.44, -0.60, -0.78, -20.72, -29.24, -0.26
0.40, -0.62, -0.82, 6.54, 10.18, 7.32
0.41, -0.62, -0.87, 25.29, 42.52, 13.75
0.42, -0.65, -0.75, 31.08, 54.59, 21.66
0.45, -0.71, -0.59, 36.86, 41.74, 27.05
0.45, -0.76, -0.52, 38.27, 31.36, 27.38
0.35, -0.84, -0.27, 18.64, 25.68, 17.66
0.28, -0.89, -0.05, -9.33, -2.72, 4.90
0.28, -0.95, -0.00, -40.54, -38.67, -10.99
0.28, -0.97, -0.00, -64.00, -54.26, -20.94
0.31, -0.88, -0.16, -64.00, -54.12, -22.76
0.39, -0.74, -0.48, -64.00, -46.28, -21.66
0.45, -0.62, -0.73, -46.42, -44.90, -19.39
0.42, -0.59, -0.82, -29.10, -31.92, -14.20
0.40, -0.61, -0.83, -2.45, 7.16, -5.29
0.42, -0.62, -0.92, 23.88, 42.16, 4.44
0.44, -0.65, -0.83, 31.32, 58.58, 13.41
0.47, -0.70, -0.60, 30.69, 52.97, 22.77
0.50, -0.75, -0.44, 28.53, 40.00, 28.65
0.44, -0.79, -0.31, 15.93, 15.08, 17.82
0.31, -0.85, -0.14, -11.39, -9.34, 6.49
0.26, -0.92, 0.02, -43.03, -34.04, -6.00
0.24, -0.92, -0.04, -64.00, -49.30, -14.23
0.26, -0.83, -0.17, -64.00, -47.13, -15.28
0.35, -0.70, -0.42, -61.98, -45.68, -13.48
0.42, -0.62, -0.61, -49.19, -48.40, -12.78
0.41, -0.59, -0.73, -31.67, -38.37, -10.03
0.40, -0.60, -0.83, -10.50, -13.34, -2.58
0.38, -0.62, -0.89, 11.34, 25.23, 3.34
0.41, -0.64, -0.88, 26.46, 54.95, 17.31
0.44, -0.68, -0.73, 29.73, 59.47, 24.20
0.47, -0.74, -0.53, 32.14, 47.87, 33.47
0.47, -0.79, -0.45, 31.51, 16.60, 23.18
0.35, -0.85, -0.22, 2.40, 0.90, 13.41
0.26, -0.95, -0.01, -27.49, -32.70, -2.15
0.22, -0.97, -0.03, -55.51, -46.16, -13.85
0.21, -0.90, -0.09, -64.00, -41.00, -18.68
0.30, -0.77, -0.33, -64.00, -35.99, -17.55
0.41, -0.66, -0.57, -54.61, -34.28, -13.59
0.44, -0.61, -0.70, -36.97, -38.19, -13.59
0.43, -0.60, -0.81, -14.81, -14.20, -4.23
0.41, -0.63, -0.87, 6.07, 9.11, -1.10
0.38, -0.65, -0.86, 19.52, 41.95, 11.99
0.41, -0.69, -0.72, 21.70, 44.21, 16.70
0.43, -0.73, -0.58, 27.18, 37.84, 19.11
0.39, -0.77, -0.47, 19.02, 27.66, 17.94
0.33, -0.82, -0.28, 4.81, 9.26, 11.66
0.30, -0.86, -0.19, -10.89, -16.68, 1.72
0.25, -0.90, -0.07, -41.86, -39.66, -10.87
0.23, -0.90, -0.07, -62.43, -44.28, -15.47
0.29, -0.81, -0.27, -64.00, -39.48, -10.77
0.39, -0.70, -0.49, -57.19, -43.46, -10.86
0.42, -0.63, -0.65, -45.56, -46.18, -8.12
0.40, -0.62, -0.77, -27.30, -30.75, -2.92
0.39, -0.62, -0.86, -10.03, -11.80, 1.08
0.35, -0.65, -0.88, 7.89, 20.24, 9.05
0.37, -0.67, -0.83, 19.86, 39.48, 15.24
0.37, -0.70, -0.70, 24.33, 41.98, 18.09
0.38, -0.75, -0.60, 26.65, 34.10, 20.71
0.33, -0.79, -0.44, 18.19, 27.45, 17.02
0.29, -0.83, -0.27, 6.48, 15.29, 12.12
0.28, -0.84, -0.20, -11.50, -11.57, -0.92
0.25, -0.87, -0.09, -44.92, -32.04, -11.21
0.24, -0.89, -0.09, -64.00, -34.10, -13.51
0.30, -0.81, -0.26, -64.00, -32.43, -11.60
0.37, -0.70, -0.52, -61.87, -34.10, -11.54
0.41, -0.63, -0.65, -49.08, -38.00, -8.71
0.38, -0.62, -0.73, -31.00, -23.62, -5.84
0.35, -0.64, -0.80, -12.45, 0.64, 0.18
0.32, -0.67, -0.80, 0.37, 23.00, -0.04
0.35, -0.69, -0.77, 10.06, 37.92, 9.31
0.40, -0.72, -0.65, 11.47, 34.66, 10.37
0.41, -0.75, -0.57, 14.19, 23.75, 11.73
0.38, -0.78, -0.51, 10.79, 15.39, 6.62
0.31, -0.81, -0.42, 4.72, 15.75, 1.44
0.28, -0.82, -0.38, -1.27, 13.75, -3.76
0.28, -0.81, -0.38, -7.48, 13.90, -7.83
0.30, -0.80, -0.37, -15.47, 10.88, -10.43
0.32, -0.79, -0.37, -22.33, 10.22, -11.16
0.34, -0.79, -0.38, -28.01, 6.71, -12.74
0.37, -0.77, -0.41, -31.75, -1.04, -12.11
0.40, -0.74, -0.46, -35.68, -13.62, -11.12
0.41, -0.72, -0.51, -36.12, -23.38, -7.34
0.41, -0.70, -0.54, -34.60, -28.38, -5.07
0.38, -0.68, -0.55, -30.64, -24.41, -4.07
0.33, -0.68, -0.57, -24.68, -13.07, -3.89
0.32, -0.68, -0.60, -18.62, -1.10, -0.34
0.34, -0.68, -0.61, -12.64, 6.18, 2.58
0.37, -0.68, -0.60, -7.31, 11.23, 5.89
0.39, -0.69, -0.59, -3.72, 13.30, 6.84
0.39, -0.71, -0.56, -2.97, 16.91, 7.95
0.39, -0.74, -0.53, -1.98, 19.17, 9.04
0.40, -0.75, -0.53, 0.15, 16.07, 9.99
0.39, -0.76, -0.52, 0.99, 12.48, 9.05
0.36, -0.79, -0.46, -2.50, 11.66, 4.95
0.31, -0.82, -0.39, -9.42, 9.63, -1.06
0.29, -0.84, -0.35, -16.27, 5.40, -6.93
0.30, -0.82, -0.34, -23.99, -3.30, -11.47
0.32, -0.79, -0.32, -31.84, -7.81, -12.13
0.36, -0.76, -0.34, -35.57, -16.78, -10.90
0.40, -0.72, -0.41, -39.45, -30.03, -7.11
0.42, -0.69, -0.45, -41.40, -41.63, -2.27
0.44, -0.66, -0.49, -41.37, -49.85, 1.72
0.42, -0.64, -0.57, -35.55, -50.71, 4.09
0.39, -0.62, -0.63, -29.61, -43.68, 9.33
0.33, -0.62, -0.65, -21.35, -26.42, 9.79
0.31, -0.62, -0.73, -3.48, 7.26, 18.67
0.33, -0.62, -0.78, 8.62, 27.90, 23.19
0.34, -0.65, -0.74, 15.05, 32.46, 28.08
0.37, -0.70, -0.66, 19.36, 24.74, 32.15
0.38, -0.74, -0.63, 23.49, 15.78, 31.58
0.30, -0.75, -0.55, 20.03, 21.55, 27.37
0.24, -0.76, -0.44, 15.77, 27.51, 21.39
0.24, -0.81, -0.41, 9.14, 26.09, 14.69
0.23, -0.85, -0.31, -9.19, 12.64, 8.34
0.26, -0.92, -0.21, -26.34, -1.11, 4.34
0.28, -0.92, -0.18, -40.06, -12.41, -1.24
0.30, -0.87, -0.21, -50.19, -21.85, -2.77
0.36, -0.80, -0.30, -51.31, -40.49, -0.84
0.40, -0.75, -0.38, -55.92, -62.15, 1.25
0.40, -0.73, -0.43, -56.57, -64.00, 3.13
0.35, -0.70, -0.53, -49.20, -64.00, 4.57
0.28, -0.66, -0.62, -41.06, -56.35, 2.99
0.21, -0.65, -0.71, -30.91, -31.88, 5.84
0.23, -0.66, -0.77, -18.52, -20.45, 10.38
0.28, -0.66, -0.86, -0.73, -4.91, 15.88
0.31, -0.64, -0.88, 13.24, 3.57, 18.71
0.27, -0.65, -0.80, 22.00, 15.27, 18.71
0.24, -0.69, -0.73, 27.09, 25.05, 17.68
0.22, -0.75, -0.65, 27.21, 35.62, 15.77
0.22, -0.81, -0.54, 22.33, 36.17, 14.17
0.19, -0.83, -0.48, 14.39, 36.30, 10.05
0.21, -0.85, -0.40, 8.69, 33.14, 7.68
0.23, -0.88, -0.32, -1.06, 21.65, 2.16
0.24, -0.93, -0.24, -13.94, -1.44, -4.82
0.24, -0.97, -0.20, -29.67, -21.28, -10.47
0.22, -0.96, -0.17, -45.15, -32.78, -14.03
0.22, -0.91, -0.18, -55.95, -41.09, -16.14
0.25, -0.82, -0.29, -62.71, -55.24, -16.57
0.30, -0.74, -0.40, -64.00, -64.00, -15.21
0.30, -0.67, -0.52, -59.75, -64.00, -12.54
0.26, -0.61, -0.65, -47.70, -57.97, -10.70
0.20, -0.58, -0.75, -34.63, -34.40, -9.71
0.18, -0.58, -0.84, -14.53, -4.83, -5.90
0.25, -0.57, -0.99, 13.60, 24.64, 5.14
0.28, -0.56, -1.01, 29.14, 42.02, 8.89
0.25, -0.61, -0.90, 39.97, 55.63, 13.23
0.24, -0.71, -0.75, 45.24, 62.51, 17.27
0.26, -0.76, -0.64, 46.03, 60.83, 19.35
0.27, -0.80, -0.53, 43.81, 47.16, 15.43
0.23, -0.85, -0.43, 32.93, 38.61, 8.79
0.19, -0.93, -0.27, 16.44, 30.23, 3.29
0.19, -0.96, -0.20, -0.91, 11.89, -6.72
0.18, -0.99, -0.19, -19.89, 0.06, -15.76
0.16, -0.98, -0.10, -47.69, -6.70, -24.54
0.18, -0.93, -0.11, -64.00, -9.33, -26.94
0.27, -0.83, -0.26, -64.00, -21.05, -26.13
0.33, -0.73, -0.42, -64.00, -41.50, -24.72
0.38, -0.67, -0.53, -64.00, -57.11, -18.18
0.37, -0.62, -0.66, -52.60, -51.36, -12.64
0.33, -0.60, -0.71, -42.24, -45.53, -9.03
0.24, -0.61, -0.73, -31.83, -26.65, -9.61
0.26, -0.61, -0.84, -6.62, 10.34, 4.84
0.30, -0.59, -0.91, 12.29, 29.67, 5.13
0.25, -0.62, -0.83, 20.62, 46.24, 9.57
0.26, -0.69, -0.69, 25.15, 53.06, 14.15
0.31, -0.74, -0.56, 28.33, 49.20, 13.22
0.33, -0.79, -0.58, 30.96, 37.06, 9.11
0.27, -0.83, -0.46, 20.24, 32.47, 3.53
0.22, -0.88, -0.30, 6.20, 24.06, -2.68
0.22, -0.92, -0.27, -5.23, 20.57, -11.48
0.21, -0.94, -0.23, -23.56, 16.71, -19.22
0.23, -0.93, -0.19, -40.87, 8.25, -26.54
0.28, -0.87, -0.23, -53.52, 0.17, -23.96
0.36, -0.79, -0.34, -60.22, -17.69, -20.58
0.41, -0.72, -0.45, -59.76, -36.68, -17.78
0.42, -0.67, -0.54, -54.20, -50.70, -11.61
0.39, -0.63, -0.62, -44.72, -45.28, -7.60
0.35, -0.61, -0.70, -33.05, -31.61, -3.80
0.28, -0.62, -0.74, -23.69, -14.00, -0.36
0.26, -0.63, -0.75, -13.22, 6.99, 3.96
0.29, -0.63, -0.75, -2.96, 24.52, 7.94
0.31, -0.66, -0.70, 3.40, 30.85, 8.41
0.32, -0.70, -0.64, 7.23, 33.48, 10.44
0.34, -0.73, -0.59, 10.67, 33.03, 11.72
0.35, -0.75, -0.59, 14.73, 27.90, 9.23
0.30, -0.78, -0.56, 10.79, 26.03, 4.11
0.24, -0.82, -0.44, 3.24, 33.29, 1.28
0.24, -0.85, -0.38, -0.38, 33.88, -3.01
0.26, -0.87, -0.37, -6.78, 28.12, -10.95
0.26, -0.88, -0.28, -20.83, 21.97, -15.04
0.29, -0.89, -0.23, -34.34, 5.23, -22.32
0.32, -0.86, -0.25, -47.52, -4.04, -22.57
0.37, -0.80, -0.29, -56.47, -17.13, -23.86
0.40, -0.74, -0.37, -61.07, -34.06, -21.12
0.42, -0.68, -0.46, -61.44, -47.07, -17.64
0.43, -0.63, -0.58, -54.42, -48.54, -11.81
0.41, -0.58, -0.71, -39.85, -40.48, -7.07
0.37, -0.56, -0.78, -26.17, -26.10, -3.85
0.32, -0.57, -0.81, -9.46, -1.19, -1.36
0.30, -0.59, -0.84, 7.55, 27.77, 2.18
0.31, -0.62, -0.82, 19.53, 50.24, 3.79
0.33, -0.67, -0.69, 25.98, 56.19, 6.64
0.35, -0.73, -0.63, 32.77, 55.34, 8.22
0.36, -0.78, -0.57, 32.33, 53.90, 7.49
0.33, -0.83, -0.43, 24.16, 53.23, 7.33
0.34, -0.85, -0.32, 18.18, 28.50, -2.73
0.30, -0.87, -0.27, -0.45, 16.24, -11.12
0.29, -0.90, -0.13, -22.39, -1.28, -19.56
0.29, -0.91, -0.11, -45.73, -14.06, -29.84
0.30, -0.86, -0.14, -64.00, -15.39, -31.52
0.39, -0.77, -0.27, -64.00, -25.90, -30.75
0.49, -0.69, -0.45, -64.00, -35.20, -27.70
0.52, -0.63, -0.63, -61.59, -42.39, -19.34
0.51, -0.58, -0.75, -45.56, -40.95, -12.78
0.45, -0.57, -0.83, -27.31, -25.36, -7.36
0.42, -0.57, -0.86, -8.82, -0.46, -0.43
0.39, -0.59, -0.84, 10.46, 22.93, -0.07
0.38, -0.61, -0.83, 25.89, 51.45, 7.65
0.39, -0.65, -0.70, 27.23, 56.39, 10.19
0.41, -0.70, -0.59, 37.10, 52.40, 11.99
0.44, -0.73, -0.60, 42.14, 45.14, 12.08
0.36, -0.77, -0.44, 26.55, 37.58, 4.27
0.27, -0.82, -0.19, 10.53, 36.18, -1.71
0.31, -0.84, -0.17, -1.00, 18.36, -10.68
0.32, -0.85, -0.14, -23.20, -4.12, -25.05
0.30, -0.87, -0.03, -54.82, -13.08, -31.68
0.37, -0.84, -0.09, -64.00, -17.09, -30.49
0.47, -0.72, -0.33, -64.00, -25.86, -28.34
0.52, -0.62, -0.56, -63.61, -37.85, -21.54
0.57, -0.54, -0.73, -45.17, -35.45, -5.58
0.58, -0.52, -0.80, -28.36, -33.22, 4.94
0.52, -0.54, -0.84, -8.81, -22.95, 10.24
0.44, -0.58, -0.82, 9.42, 11.63, 15.07
0.42, -0.60, -0.78, 25.26, 39.33, 19.49
0.38, -0.65, -0.65, 27.46, 52.46, 21.61
0.40, -0.71, -0.55, 35.11, 43.30, 22.16
0.42, -0.77, -0.51, 32.60, 28.96, 16.51
0.36, -0.83, -0.28, 12.73, 16.86, 6.62
0.32, -0.89, -0.12, -5.58, 3.83, -7.65
0.32, -0.90, -0.11, -22.12, -6.87, -21.02
0.31, -0.89, -0.09, -48.20, -11.44, -30.72
0.36, -0.84, -0.13, -64.00, -11.68, -29.98
0.48, -0.75, -0.32, -64.00, -19.72, -27.18
0.56, -0.65, -0.55, -63.03, -33.88, -19.44
0.59, -0.58, -0.68, -47.88, -41.50, -10.72
0.60, -0.55, -0.81, -26.71, -32.40, 1.26
0.56, -0.55, -0.85, -7.72, -15.44, 8.57
0.46, -0.57, -0.85, 12.72, 15.94, 11.33
0.42, -0.59, -0.84, 28.36, 44.31, 18.46
0.42, -0.64, -0.70, 31.83, 54.20, 19.97
0.42, -0.71, -0.57, 40.49, 49.35, 22.07
0.43, -0.75, -0.53, 41.38, 33.89, 17.10
0.38, -0.80, -0.33, 22.81, 24.33, 8.20
0.32, -0.87, -0.11, 1.40, 6.17, -8.19
0.30, -0.91, -0.08, -18.82, -2.13, -18.46
0.32, -0.89, -0.04, -46.69, -11.40, -28.80
0.37, -0.84, -0.06, -64.00, -13.97, -29.24
0.45, -0.74, -0.22, -64.00, -22.00, -28.14
0.53, -0.66, -0.44, -64.00, -35.78, -22.13
0.59, -0.59, -0.63, -58.91, -52.57, -11.23
0.60, -0.55, -0.75, -41.30, -52.88, -0.85
0.57, -0.53, -0.85, -19.99, -35.55, 8.61
0.46, -0.56, -0.84, -4.14, -11.02, 9.93
0.40, -0.59, -0.85, 20.31, 26.18, 14.71
0.40, -0.61, -0.81, 29.71, 54.19, 17.51
0.41, -0.67, -0.65, 34.45, 60.40, 20.91
0.44, -0.72, -0.57, 43.67, 49.91, 21.12
0.44, -0.76, -0.51, 41.19, 38.93, 17.21
0.40, -0.82, -0.27, 23.14, 22.33, 6.14
0.35, -0.88, -0.10, 1.29, 4.71, -9.32
0.33, -0.91, -0.04, -25.06, -4.58, -21.71
0.34, -0.91, 0.00, -55.61, -11.81, -32.47
0.39, -0.81, -0.08, -64.00, -11.12, -32.57
0.51, -0.72, -0.30, -64.00, -18.57, -27.90
0.60, -0.63, -0.55, -64.00, -37.01, -18.86
0.65, -0.57, -0.71, -50.09, -50.98, -6.05
0.65, -0.53, -0.82, -24.85, -44.21, 5.56
0.56, -0.54, -0.86, -5.63, -20.82, 11.80
0.45, -0.57, -0.84, 17.82, 15.71, 15.25
0.41, -0.59, -0.81, 31.64, 47.57, 19.98
0.41, -0.65, -0.64, 35.87, 56.41, 23.65
0.43, -0.71, -0.54, 43.47, 44.15, 23.44
0.41, -0.75, -0.46, 36.66, 30.15, 20.67
0.38, -0.81, -0.20, 14.64, 10.93, 6.86
0.32, -0.87, -0.04, -10.11, -5.35, -8.83
0.32, -0.89, -0.02, -35.11, -12.66, -22.21
0.33, -0.87, -0.01, -64.00, -16.57, -29.59
0.41, -0.80, -0.13, -64.00, -15.23, -28.33
0.54, -0.69, -0.41, -64.00, -23.03, -21.69
0.62, -0.61, -0.61, -59.57, -38.23, -12.50
0.64, -0.56, -0.75, -39.92, -44.47, -0.51
0.62, -0.54, -0.84, -17.92, -30.08, 10.25
0.55, -0.55, -0.88, 5.12, -4.77, 16.33
0.47, -0.58, -0.86, 25.45, 28.20, 21.72
0.44, -0.62, -0.76, 34.50, 51.44, 27.17
0.44, -0.72, -0.58, 39.45, 52.38, 28.85
0.44, -0.74, -0.51, 42.30, 37.42, 27.57
0.40, -0.80, -0.30, 23.27, 18.46, 16.03
0.34, -0.87, -0.07, -0.01, -3.91, -0.84
0.30, -0.91, -0.01, -27.68, -15.83, -15.83
0.30, -0.90, 0.02, -56.73, -19.91, -24.80
0.36, -0.83, -0.03, -64.00, -20.58, -25.06
0.49, -0.73, -0.26, -64.00, -29.90, -20.27
0.58, -0.63, -0.52, -64.00, -49.14, -11.40
0.63, -0.57, -0.67, -52.32, -59.07, 2.26
0.62, -0.53, -0.78, -30.53, -59.91, 10.86
0.52, -0.53, -0.83, -11.65, -39.96, 17.34
0.41, -0.56, -0.84, 13.03, 1.47, 22.24
0.37, -0.58, -0.84, 27.99, 33.20, 26.50
0.35, -0.63, -0.68, 30.43, 49.05, 30.08
0.40, -0.69, -0.53, 36.38, 40.82, 34.79
0.45, -0.73, -0.54, 41.61, 7.78, 28.42
0.36, -0.78, -0.34, 19.52, 0.04, 17.63
0.29, -0.88, -0.03, -9.61, -8.88, 1.76
0.30, -0.92, -0.07, -26.79, -17.62, -10.94
0.31, -0.91, -0.09, -57.88, -17.22, -17.73
0.40, -0.86, -0.13, -64.00, -20.84, -14.94
0.51, -0.77, -0.39, -64.00, -34.95, -10.91
0.57, -0.68, -0.63, -57.30, -49.10, -2.84
0.58, -0.60, -0.75, -36.80, -49.14, 6.83
0.52, -0.59, -0.80, -19.81, -43.66, 8.32
0.43, -0.61, -0.86, 4.13, -3.80, 21.04
0.39, -0.64, -0.86, 22.71, 27.78, 21.91
0.33, -0.67, -0.78, 29.35, 51.96, 24.23
0.34, -0.71, -0.58, 30.58, 55.80, 29.45
0.43, -0.73, -0.56, 40.17, 28.64, 27.33
0.39, -0.77, -0.44, 23.95, 7.27, 15.88
0.26, -0.88, -0.09, -9.71, -3.62, 1.76
0.24, -0.97, -0.01, -33.58, -11.71, -13.43
0.25, -0.94, -0.06, -61.73, -12.34, -21.92
0.31, -0.86, -0.10, -64.00, -14.88, -21.63
0.45, -0.76, -0.31, -64.00, -30.88, -15.95
0.54, -0.67, -0.55, -64.00, -56.55, -8.27
0.56, -0.61, -0.68, -58.22, -63.91, 1.23
0.53, -0.57, -0.77, -37.24, -60.42, 5.73
0.44, -0.57, -0.83, -17.39, -39.87, 12.39
0.31, -0.60, -0.85, 2.97, 0.16, 12.71
0.27, -0.61, -0.87, 23.34, 48.54, 22.18
0.31, -0.62, -0.75, 26.25, 64.00, 23.36
0.36, -0.66, -0.58, 29.80, 56.75, 31.02
0.45, -0.69, -0.53, 31.17, 29.56, 31.90
0.40, -0.74, -0.29, 6.10, -0.73, 19.06
0.30, -0.83, -0.06, -23.98, -13.46, 12.09
0.30, -0.86, -0.04, -46.60, -26.13, 4.73
0.30, -0.82, -0.10, -64.00, -29.03, 5.81
0.38, -0.76, -0.24, -64.00, -41.30, 13.27
0.48, -0.70, -0.43, -64.00, -60.66, 18.99
0.50, -0.65, -0.62, -64.00, -64.00, 23.64
0.43, -0.59, -0.78, -50.97, -64.00, 28.34
0.30, -0.56, -0.87, -30.59, -43.76, 28.17
0.22, -0.56, -0.97, -4.23, -7.99, 33.19
0.20, -0.60, -1.00, 11.18, 19.99, 33.85
0.22, -0.66, -0.86, 20.14, 29.56, 36.45
0.24, -0.77, -0.70, 29.47, 26.30, 34.75
0.21, -0.87, -0.62, 35.90, 21.48, 27.62
0.13, -0.95, -0.43, 26.83, 18.64, 12.85
0.09, -1.01, -0.22, 3.58, 8.58, -2.26
0.13, -1.06, -0.15, -23.24, -14.91, -15.70
0.19, -1.02, -0.18, -45.65, -28.40, -21.52
0.26, -0.91, -0.21, -61.38, -36.57, -23.18
0.30, -0.81, -0.36, -64.00, -43.58, -24.74
0.29, -0.72, -0.48, -64.00, -60.20, -27.36
0.31, -0.65, -0.63, -57.02, -56.30, -20.78
0.34, -0.57, -0.79, -37.08, -45.88, -13.33
0.32, -0.51, -0.88, -18.29, -22.42, -7.83
0.30, -0.50, -0.91, -1.15, 6.15, 2.03
0.32, -0.52, -0.91, 15.92, 28.73, 12.75
0.32, -0.56, -0.85, 23.27, 43.05, 19.06
0.28, -0.65, -0.68, 24.03, 43.33, 23.46
0.29, -0.68, -0.62, 32.27, 35.05, 26.67
0.29, -0.72, -0.55, 34.66, 24.01, 22.80
0.21, -0.78, -0.33, 20.60, 12.28, 11.43
0.14, -0.89, -0.22, 6.39, -3.01, -0.35
0.12, -0.95, -0.18, -14.31, -13.60, -7.73
0.11, -0.97, -0.09, -47.32, -28.04, -18.80
0.14, -0.91, -0.13, -64.00, -33.76, -20.47
0.26, -0.84, -0.27, -64.00, -52.64, -20.59
0.34, -0.69, -0.43, -64.00, -64.00, -17.55
0.37, -0.62, -0.60, -64.00, -64.00, -13.56
0.36, -0.52, -0.83, -39.21, -60.07, -8.28
0.30, -0.49, -0.95, -17.00, -35.88, -4.28
0.23, -0.52, -1.09, 16.85, 13.07, 5.87
0.26, -0.54, -1.12, 39.11, 45.38, 16.82
0.24, -0.61, -0.93, 44.75, 62.76, 19.56
0.23, -0.69, -0.74, 48.58, 61.86, 23.82
0.25, -0.75, -0.63, 51.52, 47.45, 19.58
0.18, -0.81, -0.45, 38.91, 37.05, 8.46
0.12, -0.89, -0.23, 14.48, 30.25, 1.60
0.17, -0.95, -0.20, -5.31, 5.74, -6.61
0.19, -0.94, -0.15, -37.17, -22.25, -13.13
0.20, -0.91, -0.08, -64.00, -36.15, -12.64
0.28, -0.83, -0.20, -64.00, -49.76, -9.59
0.34, -0.74, -0.39, -64.00, -64.00, -6.92
0.35, -0.66, -0.56, -64.00, -64.00, -3.85
0.32, -0.57, -0.77, -54.37, -64.00, 1.86
0.27, -0.48, -0.95, -24.85, -36.20, 8.78
0.20, -0.48, -0.99, -3.91, 0.69, 11.48
0.12, -0.55, -0.97, 17.78, 33.62, 16.27
0.15, -0.63, -0.91, 28.89, 53.40, 24.07
0.20, -0.70, -0.77, 30.98, 49.35, 24.24
0.21, -0.73, -0.65, 33.57, 37.06, 23.08
0.19, -0.76, -0.54, 31.82, 28.73, 18.07
0.13, -0.84, -0.37, 23.03, 23.62, 12.27
0.11, -0.94, -0.25, 6.08, 4.42, 2.40
0.10, -1.02, -0.14, -25.74, -22.12, -10.86
0.11, -1.04, -0.05, -63.86, -38.39, -19.81
0.18, -0.97, -0.11, -64.00, -47.85, -20.23
0.26, -0.83, -0.30, -64.00, -62.77, -20.63
0.29, -0.69, -0.49, -64.00, -64.00, -19.62
0.28, -0.60, -0.68, -64.00, -64.00, -15.08
0.27, -0.51, -0.92, -35.58, -45.83, -4.17
0.23, -0.47, -1.05, -8.73, -10.40, -0.34
0.18, -0.50, -1.06, 18.36, 27.96, 6.65
0.21, -0.54, -1.05, 38.67, 54.35, 18.95
0.22, -0.60, -0.89, 46.36, 58.82, 19.71
0.20, -0.67, -0.76, 53.43, 60.68, 21.85
0.19, -0.74, -0.54, 47.79, 45.06, 15.46
0.13, -0.84, -0.29, 31.41, 28.33, 2.26
0.13, -0.96, -0.19, 9.50, 6.84, -4.02
0.15, -1.03, -0.14, -14.89, -19.90, -12.73
0.13, -1.02, -0.06, -51.84, -37.77, -16.58
0.18, -0.94, -0.15, -64.00, -51.03, -16.27
0.25, -0.79, -0.34, -64.00, -64.00, -14.27
0.24, -0.69, -0.46, -64.00, -64.00, -12.84
0.24, -0.62, -0.63, -57.05, -60.92, -5.40
0.22, -0.54, -0.83, -36.54, -47.95, -1.03
0.17, -0.50, -0.92, -17.04, -26.48, 1.89
0.13, -0.51, -0.95, 2.74, -2.83, 3.93
0.14, -0.55, -0.97, 17.82, 27.69, 11.14
0.14, -0.61, -0.86, 22.63, 45.56, 9.16
0.13, -0.67, -0.76, 27.43, 56.16, 13.38
0.17, -0.72, -0.69, 31.60, 53.72, 15.09
0.20, -0.77, -0.59, 31.06, 44.54, 9.51
0.16, -0.87, -0.46, 25.33, 25.81, -0.76
0.10, -0.96, -0.31, 5.95, 15.29, -11.11
0.11, -1.03, -0.23, -15.53, 1.00, -16.55
0.14, -1.03, -0.17, -42.76, -10.37, -23.90
0.19, -0.97, -0.16, -64.00, -22.69, -24.61
0.26, -0.86, -0.34, -64.00, -42.26, -20.97
0.31, -0.73, -0.54, -64.00, -55.67, -17.22
0.32, -0.63, -0.71, -56.60, -56.43, -14.25
0.30, -0.54, -0.86, -30.69, -36.55, -7.41
0.21, -0.50, -0.95, -9.08, -8.14, -8.19
0.12, -0.52, -1.01, 12.14, 34.04, -2.63
0.11, -0.55, -0.98, 24.89, 64.00, 0.93
0.13, -0.60, -0.85, 29.75, 64.00, 4.38
0.17, -0.69, -0.71, 34.40, 64.00, 8.41
0.23, -0.71, -0.67, 41.03, 64.00, 10.98
0.20, -0.77, -0.56, 38.05, 59.44, 4.56
0.11, -0.85, -0.38, 28.02, 53.78, -1.96
0.11, -0.95, -0.25, 16.59, 37.87, -8.58
0.14, -1.01, -0.19, -3.38, 13.10, -23.06
0.12, -1.03, -0.08, -42.53, -7.92, -32.48
0.14, -1.00, -0.06, -64.00, -12.24, -37.64
0.25, -0.87, -0.18, -64.00, -14.11, -36.17
0.35, -0.72, -0.41, -64.00, -24.10, -34.83
0.38, -0.61, -0.67, -64.00, -25.25, -29.84
0.38, -0.51, -0.92, -43.96, -3.96, -19.24
0.37, -0.48, -1.03, -16.50, 18.56, -13.56
0.33, -0.49, -1.08, 14.45, 64.00, -0.85
0.35, -0.53, -1.00, 30.23, 64.00, 6.31
0.34, -0.62, -0.76, 36.11, 64.00, 12.15
0.34, -0.73, -0.58, 40.71, 64.00, 15.14
0.33, -0.83, -0.41, 33.09, 64.00, 8.53
0.26, -0.91, -0.20, 10.94, 52.28, -4.14
0.23, -0.94, -0.09, -14.05, 17.18, -18.94
0.24, -0.92, -0.03, -43.57, -5.48, -29.04
0.27, -0.87, 0.01, -64.00, -16.78, -35.12
0.35, -0.80, -0.13, -64.00, -15.26, -29.67
0.47, -0.68, -0.42, -64.00, -27.56, -25.23
0.51, -0.58, -0.66, -62.92, -40.73, -17.80
0.50, -0.51, -0.81, -36.40, -31.63, -7.89
0.47, -0.48, -0.97, -8.62, -0.33, 2.46
0.37, -0.51, -0.93, 12.60, 32.89, 3.77
0.34, -0.57, -0.89, 28.04, 60.70, 14.77
0.36, -0.64, -0.74, 31.33, 63.22, 17.47
0.36, -0.69, -0.59, 36.18, 56.82, 18.63
0.34, -0.75, -0.47, 35.01, 55.19, 19.30
0.30, -0.84, -0.28, 24.54, 34.62, 6.02
0.26, -0.88, -0.15, 6.71, 18.54, -2.91
0.28, -0.91, -0.08, -16.23, -16.42, -20.21
0.25, -0.93, -0.03, -53.57, -27.77, -30.61
0.29, -0.87, -0.08, -64.00, -25.26, -29.86
0.42, -0.73, -0.34, -64.00, -25.85, -27.79
0.50, -0.60, -0.62, -58.37, -29.76, -19.56
0.56, -0.52, -0.80, -38.30, -28.88, -8.38
0.56, -0.50, -0.91, -14.00, -19.15, 0.96
0.49, -0.54, -0.94, 5.18, 4.27, 6.69
0.43, -0.61, -0.88, 24.08, 41.19, 14.20
0.42, -0.66, -0.78, 31.61, 53.84, 18.45
0.41, -0.72, -0.65, 37.93, 51.47, 20.51
0.41, -0.76, -0.54, 40.92, 46.22, 18.35
0.34, -0.82, -0.35, 27.60, 40.90, 11.71
0.29, -0.88, -0.16, 9.29, 20.96, -3.96
0.27, -0.91, -0.08, -17.05, 0.98, -17.56
0.29, -0.92, -0.00, -48.45, -18.12, -28.53
0.34, -0.87, -0.05, -64.00, -21.54, -28.41
0.43, -0.75, -0.27, -64.00, -28.28, -22.66
0.51, -0.63, -0.49, -64.00, -41.09, -16.13
0.56, -0.54, -0.67, -51.76, -48.72, -2.92
0.55, -0.50, -0.81, -30.21, -42.91, 5.19
0.49, -0.51, -0.89, -7.73, -20.15, 13.69
0.41, -0.55, -0.90, 11.72, 13.25, 16.90
0.37, -0.59, -0.84, 25.81, 42.15, 21.13
0.34, -0.65, -0.71, 29.95, 57.35, 21.59
0.36, -0.71, -0.57, 36.91, 60.35, 24.35
0.38, -0.76, -0.54, 41.12, 44.67, 18.29
0.33, -0.84, -0.32, 23.65, 35.83, 8.14
0.29, -0.93, -0.07, 1.83, 18.45, -4.66
0.33, -0.99, -0.04, -21.70, -12.59, -21.04
0.33, -0.99, -0.00, -56.37, -27.28, -31.20
0.38, -0.92, -0.02, -64.00, -31.97, -31.46
0.47, -0.78, -0.26, -64.00, -38.49, -26.01
0.55, -0.65, -0.53, -64.00, -50.29, -20.42
0.60, -0.55, -0.75, -47.07, -45.12, -6.66
0.59, -0.51, -0.89, -24.69, -41.16, -1.88
0.49, -0.55, -0.92, -1.24, -10.88, 3.82
0.41, -0.59, -0.93, 26.47, 36.29, 9.81
0.38, -0.63, -0.84, 35.06, 64.00, 10.69
0.38, -0.68, -0.64, 36.93, 64.00, 18.89
0.47, -0.73, -0.51, 43.35, 49.02, 16.91
0.45, -0.78, -0.47, 36.13, 29.09, 12.05
0.33, -0.86, -0.15, 6.83, 15.22, -1.11
0.28, -0.91, -0.01, -13.57, 1.26, -16.01
0.30, -0.91, -0.04, -40.23, -18.90, -30.87
0.33, -0.89, -0.02, -64.00, -25.62, -34.36
0.42, -0.81, -0.15, -64.00, -33.11, -28.48
0.52, -0.69, -0.41, -64.00, -45.29, -23.24
0.57, -0.58, -0.63, -64.00, -56.43, -15.34
0.58, -0.52, -0.79, -41.84, -51.19, -4.93
0.54, -0.51, -0.91, -15.89, -24.41, 3.79
0.45, -0.55, -0.93, 7.24, 6.85, 8.96
0.38, -0.60, -0.92, 28.48, 50.30, 14.55
0.39, -0.64, -0.77, 32.43, 64.00, 21.48
0.46, -0.70, -0.57, 40.25, 64.00, 25.40
0.49, -0.73, -0.59, 47.41, 40.74, 22.76
0.41, -0.79, -0.37, 25.66, 30.14, 16.95
0.33, -0.88, -0.04, -0.51, 4.39, -3.16
0.30, -0.92, -0.04, -23.61, -12.34, -19.07
0.30, -0.93, -0.00, -59.29, -21.36, -31.23
0.36, -0.89, -0.01, -64.00, -21.60, -32.84
0.48, -0.77, -0.28, -64.00, -26.81, -25.04
0.58, -0.63, -0.53, -64.00, -46.50, -18.01
0.62, -0.55, -0.71, -59.25, -59.62, -6.90
0.62, -0.51, -0.85, -32.75, -45.07, 3.57
0.53, -0.53, -0.89, -12.21, -17.42, 7.64
0.40, -0.57, -0.90, 12.30, 19.95, 12.09
0.36, -0.60, -0.84, 23.64, 60.17, 18.65
0.39, -0.65, -0.64, 25.14, 64.00, 20.61
0.45, -0.70, -0.53, 34.09, 48.10, 22.07
0.47, -0.73, -0.53, 33.70, 24.74, 19.40
0.39, -0.80, -0.26, 11.85, 12.84, 8.61
0.31, -0.86, -0.07, -6.56, 4.45, -5.19
0.30, -0.86, -0.06, -28.49, -2.36, -18.96
0.33, -0.87, -0.04, -54.72, -11.63, -27.87
0.41, -0.83, -0.09, -64.00, -18.64, -24.61
0.51, -0.73, -0.30, -64.00, -35.56, -17.40
0.57, -0.63, -0.51, -64.00, -56.07, -9.11
0.60, -0.50, -0.73, -58.20, -64.00, 2.80
0.58, -0.47, -0.84, -37.28, -63.54, 8.13
0.49, -0.47, -0.91, -13.62, -31.55, 13.42
0.41, -0.50, -0.94, 9.62, 13.78, 17.82
0.38, -0.57, -0.91, 22.35, 47.06, 21.98
0.39, -0.64, -0.79, 30.04, 59.79, 26.33
0.43, -0.71, -0.65, 33.82, 49.04, 24.30
0.42, -0.77, -0.49, 28.43, 42.91, 20.02
0.37, -0.83, -0.26, 14.50, 47.20, 11.85
0.38, -0.85, -0.14, 1.77, 39.51, 0.44
0.43, -0.86, -0.19, -12.90, 9.30, -10.04
0.43, -0.87, -0.12, -44.31, -20.54, -18.29
0.44, -0.87, -0.04, -64.00, -31.10, -18.68
0.48, -0.79, -0.24, -64.00, -32.26, -18.21
0.51, -0.67, -0.46, -64.00, -40.65, -16.27
0.53, -0.60, -0.60, -57.66, -49.74, -7.86
0.54, -0.57, -0.72, -36.85, -51.51, -0.63
0.49, -0.56, -0.84, -14.73, -28.57, 2.78
0.40, -0.56, -0.88, 13.28, 14.60, 3.99
0.36, -0.57, -0.86, 28.29, 49.12, 8.27
0.39, -0.63, -0.71, 34.38, 57.84, 10.05
0.43, -0.69, -0.60, 37.80, 59.06, 15.66
0.48, -0.74, -0.49, 33.70, 47.09, 14.64
0.43, -0.78, -0.38, 25.11, 33.05, 8.47
0.39, -0.82, -0.26, 14.02, 29.63, 5.33
0.39, -0.85, -0.17, -5.65, 1.52, -8.24
0.37, -0.88, -0.11, -30.83, -19.68, -18.04
0.38, -0.88, -0.08, -55.70, -25.31, -21.53
0.43, -0.80, -0.20, -64.00, -24.24, -18.75
0.50, -0.68, -0.43, -64.00, -34.37, -14.66
0.54, -0.61, -0.62, -56.19, -50.47, -6.74
0.55, -0.57, -0.74, -35.84, -49.43, -0.38
0.50, -0.56, -0.82, -18.32, -30.92, 1.34
0.43, -0.56, -0.87, 4.30, 4.03, 5.95
0.39, -0.57, -0.86, 18.28, 35.27, 7.35
0.40, -0.62, -0.74, 25.17, 58.83, 10.06
0.45, -0.72, -0.63, 31.40, 59.48, 11.31
0.51, -0.76, -0.55, 31.79, 52.56, 11.39
0.49, -0.82, -0.40, 24.52, 40.37, 5.49
0.46, -0.85, -0.28, 16.88, 36.59, 2.24
0.45, -0.86, -0.19, 1.06, 14.57, -9.78
0.43, -0.87, -0.12, -21.36, -6.50, -19.99
0.42, -0.87, -0.05, -48.90, -18.14, -27.64
0.46, -0.82, -0.10, -63.42, -18.82, -25.65
0.53, -0.70, -0.31, -64.00, -28.63, -20.20
0.57, -0.60, -0.49, -61.84, -43.46, -12.50
0.60, -0.53, -0.64, -45.12, -47.34, -1.42
0.58, -0.51, -0.74, -28.04, -42.20, 5.01
0.48, -0.53, -0.78, -8.83, -17.81, 6.93
0.42, -0.55, -0.83, 13.72, 21.88, 13.00
0.39, -0.58, -0.79, 24.37, 47.41, 12.73
0.37, -0.64, -0.61, 26.45, 59.44, 16.81
0.46, -0.71, -0.49, 33.76, 49.15, 17.80
0.50, -0.75, -0.47, 35.03, 23.21, 11.64
0.41, -0.81, -0.27, 17.46, 15.10, 3.63
0.37, -0.87, -0.08, 2.39, 7.18, -7.27
0.38, -0.88, -0.08, -16.66, -6.10, -19.20
0.40, -0.88, -0.03, -45.85, -14.85, -26.75
0.48, -0.84, -0.07, -62.42, -23.93, -25.19
0.58, -0.74, -0.28, -64.00, -45.49, -19.70
0.62, -0.66, -0.44, -64.00, -64.00, -14.81
0.64, -0.59, -0.64, -51.70, -64.00, -4.98
0.62, -0.52, -0.82, -28.53, -64.00, -0.32
0.52, -0.53, -0.94, -0.72, -33.86, 3.04
0.41, -0.56, -0.97, 22.92, 16.22, 6.03
0.37, -0.60, -0.92, 39.19, 63.78, 10.16
0.39, -0.66, -0.72, 40.17, 64.00, 11.03
0.49, -0.72, -0.55, 44.81, 64.00, 12.10
0.53, -0.77, -0.46, 39.26, 45.23, 10.70
0.44, -0.84, -0.24, 18.66, 26.60, 2.54
0.40, -0.87, -0.07, -3.31, 10.04, -6.93
0.39, -0.87, 0.02, -32.45, -19.19, -20.40
0.40, -0.87, 0.05, -64.00, -33.22, -25.17
0.47, -0.81, -0.01, -64.00, -39.72, -22.94
0.51, -0.70, -0.28, -64.00, -54.73, -15.95
0.56, -0.58, -0.51, -64.00, -64.00, -6.37
0.58, -0.49, -0.74, -49.22, -64.00, 5.48
0.54, -0.43, -0.89, -21.21, -52.07, 10.00
0.42, -0.47, -0.95, 5.10, -12.17, 11.42
0.35, -0.52, -0.99, 30.38, 45.85, 22.46
0.37, -0.58, -0.83, 37.76, 64.00, 23.24
0.40, -0.66, -0.66, 42.38, 64.00, 26.52
0.48, -0.72, -0.48, 39.94, 55.80, 28.48
0.46, -0.81, -0.29, 28.13, 31.11, 16.33
0.40, -0.89, -0.08, 11.48, 21.12, 6.08
0.41, -0.94, 0.01, -14.27, -4.02, -8.33
0.43, -0.96, 0.03, -44.47, -30.73, -19.34
0.47, -0.91, -0.02, -64.00, -33.77, -17.62
0.55, -0.80, -0.22, -64.00, -43.93, -14.48
0.59, -0.69, -0.46, -64.00, -59.17, -10.62
0.59, -0.61, -0.64, -53.91, -64.00, -6.27
0.57, -0.55, -0.82, -26.72, -49.13, 2.46
0.52, -0.52, -0.96, 2.69, -18.04, 3.82
0.39, -0.55, -0.98, 24.02, 25.79, 6.54
0.41, -0.61, -0.87, 39.78, 64.00, 14.35
0.41, -0.67, -0.70, 45.84, 64.00, 17.96
0.45, -0.74, -0.52, 47.66, 63.77, 18.12
0.44, -0.79, -0.35, 38.49, 47.40, 10.76
0.40, -0.86, -0.12, 16.69, 33.29, 1.76
0.40, -0.90, -0.02, -6.54, 0.90, -12.88
0.39, -0.91, 0.04, -42.95, -30.07, -24.32
0.41, -0.89, 0.07, -64.00, -35.04, -22.26
0.50, -0.79, -0.10, -64.00, -45.09, -18.43
0.54, -0.68, -0.40, -64.00, -60.22, -11.86
0.57, -0.56, -0.61, -64.00, -64.00, 1.96
0.58, -0.49, -0.75, -45.76, -64.00, 10.34
0.50, -0.47, -0.87, -18.55, -40.28, 16.85
0.42, -0.50, -0.90, 5.00, 1.95, 19.39
0.35, -0.56, -0.86, 22.49, 46.38, 28.92
0.37, -0.63, -0.68, 27.54, 59.90, 31.54
0.42, -0.68, -0.58, 37.01, 50.29, 35.29
0.46, -0.70, -0.44, 32.44, 35.46, 35.27
0.40, -0.76, -0.17, 13.48, 15.67, 24.36
0.37, -0.81, -0.05, -2.49, 3.51, 17.33
0.40, -0.83, -0.01, -24.21, -23.56, 8.70
0.40, -0.81, 0.03, -46.78, -32.28, 11.28
0.47, -0.74, -0.10, -52.01, -40.58, 21.33
0.49, -0.67, -0.31, -53.95, -62.19, 25.91
0.48, -0.64, -0.39, -50.63, -64.00, 31.85
0.48, -0.59, -0.51, -36.82, -64.00, 36.27
0.42, -0.56, -0.60, -24.84, -61.63, 37.36
0.35, -0.56, -0.67, -12.90, -22.15, 44.69
0.31, -0.59, -0.60, -14.63, -8.64, 45.92
0.29, -0.65, -0.59, -11.28, -0.47, 49.79
0.37, -0.67, -0.61, -11.99, -13.67, 52.26
0.39, -0.70, -0.56, -9.72, -44.11, 50.96
0.32, -0.78, -0.45, -14.09, -61.92, 48.42
0.27, -0.93, -0.39, -19.58, -64.00, 43.28
0.23, -1.01, -0.40, -27.80, -64.00, 35.06
0.16, -1.00, -0.47, -27.68, -64.00, 27.77
0.11, -0.93, -0.52, -25.41, -54.73, 22.35
0.08, -0.89, -0.57, -23.74, -37.57, 16.58
0.08, -0.88, -0.61, -23.39, -24.98, 8.84
0.12, -0.86, -0.66, -16.97, -17.07, 4.86
0.17, -0.82, -0.71, -11.43, -13.44, 2.94
0.21, -0.79, -0.70, -5.50, -16.32, -0.57
0.20, -0.77, -0.68, 0.21, -11.04, -1.79
0.17, -0.76, -0.67, 5.64, -0.33, -4.43
0.14, -0.76, -0.63, 6.90, 12.94, -5.31
0.13, -0.76, -0.60, 6.07, 18.98, -3.63
0.15, -0.77, -0.59, 5.12, 21.57, -4.60
0.18, -0.77, -0.58, 4.54, 19.80, -6.04
0.19, -0.78, -0.57, 2.16, 18.38, -6.70
0.20, -0.79, -0.54, 0.45, 17.05, -5.23
0.20, -0.79, -0.52, -1.63, 18.54, -3.58
0.21, -0.79, -0.52, -5.48, 20.05, -3.58
0.22, -0.78, -0.54, -7.91, 21.93, -2.94
0.23, -0.77, -0.54, -9.32, 26.77, -1.96
0.23, -0.77, -0.54, -9.52, 31.07, -1.47
0.23, -0.78, -0.55, -10.19, 35.08, -2.30
0.23, -0.79, -0.55, -8.67, 37.78, -1.00
0.25, -0.79, -0.53, -8.20, 41.16, 1.42
0.25, -0.79, -0.52, -6.20, 43.36, 0.51
0.23, -0.78, -0.51, -3.85, 46.52, -0.59
0.23, -0.78, -0.48, -3.45, 52.44, -0.07
0.23, -0.79, -0.46, -5.13, 55.95, -1.46
0.24, -0.80, -0.41, -10.21, 53.96, -1.65
0.27, -0.82, -0.34, -14.49, 48.87, -0.22
0.30, -0.83, -0.35, -18.64, 38.35, 1.04
0.32, -0.82, -0.35, -22.50, 23.46, -1.16
0.32, -0.80, -0.37, -24.26, 11.24, 1.75
0.34, -0.80, -0.37, -27.09, -0.85, 3.28
0.38, -0.81, -0.34, -33.49, -12.75, 7.86
0.42, -0.81, -0.31, -39.17, -23.21, 12.81
0.43, -0.78, -0.34, -38.37, -21.49, 17.72
0.39, -0.74, -0.40, -38.33, -23.79, 21.50
0.32, -0.72, -0.41, -37.39, -13.74, 23.21
0.29, -0.73, -0.44, -36.68, -13.43, 23.37
0.30, -0.73, -0.47, -38.98, -18.12, 24.20
0.35, -0.73, -0.45, -39.17, -29.80, 28.31
0.32, -0.73, -0.45, -38.48, -47.82, 27.85
0.23, -0.71, -0.50, -35.05, -54.10, 23.86
0.16, -0.70, -0.50, -32.28, -52.57, 22.68
0.10, -0.76, -0.45, -34.81, -45.45, 17.69
0.06, -0.80, -0.43, -33.87, -30.64, 16.69
0.11, -0.78, -0.47, -34.67, -34.49, 18.51
0.15, -0.76, -0.49, -32.07, -47.32, 16.05
0.16, -0.77, -0.52, -20.15, -62.93, 14.35
0.15, -0.79, -0.55, -13.20, -64.00, 12.70
0.10, -0.83, -0.52, -12.27, -53.78, 10.38
0.05, -0.86, -0.49, -15.72, -37.91, 7.29
0.03, -0.85, -0.50, -19.11, -24.57, 8.55
0.08, -0.83, -0.51, -17.89, -26.37, 5.91
0.14, -0.79, -0.54, -12.81, -40.64, 2.58
0.15, -0.78, -0.57, -8.04, -54.56, -0.09
0.16, -0.78, -0.58, -5.80, -63.29, 2.95
0.16, -0.79, -0.57, -5.42, -64.00, 1.83
0.15, -0.79, -0.54, -8.24, -58.36, 1.94
0.13, -0.78, -0.52, -14.78, -53.63, 0.09
0.09, -0.78, -0.53, -20.71, -52.25, 1.25
0.09, -0.78, -0.57, -23.06, -59.67, 2.62
0.13, -0.77, -0.55, -25.78, -58.34, 3.82
0.14, -0.78, -0.55, -27.20, -54.54, 2.42
0.07, -0.80, -0.54, -36.45, -39.67, 6.43
0.01, -0.83, -0.53, -47.22, -36.03, 2.57
-0.01, -0.83, -0.56, -43.56, -37.94, 2.99
-0.02, -0.77, -0.58, -33.33, -47.89, 9.55
-0.04, -0.74, -0.59, -32.27, -46.81, -4.16
-0.07, -0.78, -0.61, -36.69, -46.20, -9.09
-0.10, -0.82, -0.61, -35.44, -38.71, -8.22
-0.10, -0.81, -0.62, -28.90, -32.22, -11.69
-0.08, -0.76, -0.62, -25.12, -28.27, -13.04
-0.06, -0.74, -0.62, -22.86, -26.26, -18.38
-0.08, -0.75, -0.62, -21.95, -19.77, -20.91
-0.05, -0.76, -0.63, -20.16, -20.65, -19.82
-0.02, -0.76, -0.62, -17.90, -28.53, -19.62
0.01, -0.75, -0.61, -17.00, -30.81, -17.70
0.02, -0.74, -0.61, -15.98, -31.39, -15.90
0.00, -0.73, -0.61, -14.61, -27.07, -15.05
-0.02, -0.72, -0.61, -15.10, -24.94, -15.01
-0.02, -0.73, -0.61, -14.81, -24.58, -13.52
-0.02, -0.74, -0.59, -12.79, -26.48, -12.10
-0.02, -0.74, -0.57, -14.66, -29.56, -11.99
-0.03, -0.75, -0.58, -12.99, -26.44, -11.15
-0.05, -0.74, -0.57, -11.69, -26.62, -14.30
-0.08, -0.75, -0.56, -13.42, -16.49, -13.08
-0.08, -0.76, -0.55, -12.66, -9.58, -12.44
-0.13, -0.76, -0.49, -16.67, -27.30, -24.35
-0.16, -0.79, -0.47, -23.45, -31.44, -25.83
0.00, -0.80, -0.56, -9.92, -37.61, -24.66
-0.04, -0.74, -0.55, -13.46, -50.42, -35.30
-0.13, -0.74, -0.54, -12.66, -29.60, -34.15
-0.08, -0.75, -0.57, -10.97, -33.14, -35.15
-0.06, -0.75, -0.57, -8.16, -25.14, -35.60
-0.04, -0.75, -0.58, -5.15, -27.47, -39.48
-0.05, -0.77, -0.57, -3.22, -32.45, -42.97
-0.07, -0.80, -0.56, 0.60, -36.96, -45.69
-0.07, -0.81, -0.55, 2.03, -34.69, -45.34
-0.04, -0.77, -0.57, 6.99, -40.47, -45.71
-0.03, -0.69, -0.57, 12.73, -33.90, -40.95
-0.01, -0.65, -0.52, 12.68, -29.49, -37.83
-0.01, -0.64, -0.48, 5.34, -29.37, -37.90
0.01, -0.65, -0.48, -3.21, -22.71, -26.06
0.12, -0.63, -0.54, -1.19, -25.97, -12.55
0.15, -0.57, -0.59, -2.22, -22.01, 0.69
0.17, -0.56, -0.63, 1.30, -11.12, 13.31
0.15, -0.56, -0.61, 1.70, -10.41, 14.11
0.08, -0.60, -0.60, -5.89, -3.28, 18.14
0.06, -0.69, -0.62, -11.43, 12.84, 26.72
0.08, -0.71, -0.64, -10.70, 18.88, 35.67
0.07, -0.73, -0.62, -9.87, 19.69, 40.24
0.06, -0.80, -0.61, -3.33, 4.71, 37.21
-0.00, -0.93, -0.60, 1.10, -20.85, 25.22
-0.09, -1.05, -0.57, 5.03, -36.03, 14.59
-0.18, -1.11, -0.52, 10.35, -43.29, -1.66
-0.33, -1.12, -0.49, 8.95, -29.92, -22.59
-0.44, -1.12, -0.38, -10.31, -2.72, -38.02
-0.37, -1.08, -0.33, -21.51, 16.14, -45.17
-0.16, -0.91, -0.36, -26.30, 15.67, -41.25
0.00, -0.73, -0.37, -31.51, 1.14, -30.41
0.09, -0.59, -0.41, -37.54, -17.04, -20.07
0.16, -0.47, -0.50, -32.89, -28.57, -0.98
0.25, -0.36, -0.60, -21.82, -28.79, 19.59
0.28, -0.32, -0.70, -10.12, -30.53, 29.36
0.11, -0.36, -0.70, -0.33, -19.05, 27.22
-0.06, -0.48, -0.67, 1.17, 13.56, 31.67
-0.15, -0.65, -0.66, 4.14, 37.52, 31.50
-0.17, -0.82, -0.60, 14.34, 43.77, 24.89
-0.12, -1.03, -0.54, 24.19, 24.58, 16.88
-0.09, -1.20, -0.48, 24.07, -2.54, 11.86
-0.12, -1.23, -0.40, 16.82, -21.60, -3.56
-0.21, -1.12, -0.34, 2.55, -20.68, -25.13
-0.30, -1.04, -0.25, -18.32, -7.55, -40.21
-0.24, -0.96, -0.24, -33.82, 7.26, -39.85
-0.06, -0.83, -0.32, -43.26, 0.90, -29.23
0.07, -0.68, -0.36, -49.16, -22.27, -17.36
0.15, -0.57, -0.43, -51.68, -39.20, -4.28
0.24, -0.48, -0.60, -37.83, -46.06, 13.21
0.27, -0.42, -0.75, -20.72, -41.39, 23.06
0.13, -0.44, -0.82, -0.02, -18.72, 24.99
-0.01, -0.54, -0.76, 5.51, 14.04, 28.42
-0.14, -0.73, -0.71, 12.66, 41.17, 26.91
-0.16, -0.88, -0.63, 16.66, 54.26, 22.96
-0.12, -1.05, -0.54, 23.73, 40.20, 13.12
-0.13, -1.16, -0.47, 25.97, 21.80, -0.17
-0.20, -1.16, -0.41, 24.47, 7.85, -15.31
-0.28, -1.12, -0.34, 10.66, 8.27, -35.56
-0.32, -1.07, -0.18, -15.39, 14.36, -44.83
-0.22, -0.98, -0.14, -31.28, 14.44, -41.74
-0.04, -0.81, -0.19, -47.79, 3.56, -30.13
0.08, -0.66, -0.28, -58.59, -21.22, -18.31
0.14, -0.53, -0.39, -56.76, -41.84, -3.67
0.20, -0.44, -0.53, -47.35, -51.04, 13.59
0.27, -0.35, -0.67, -27.39, -52.21, 28.20
0.21, -0.32, -0.79, -3.81, -45.17, 28.01
0.03, -0.40, -0.76, 7.73, -16.03, 29.63
-0.13, -0.60, -0.73, 11.24, 21.04, 29.29
-0.21, -0.80, -0.69, 14.77, 47.19, 26.74
-0.18, -0.98, -0.60, 24.55, 59.74, 20.50
-0.11, -1.15, -0.56, 33.03, 44.97, 12.08
-0.13, -1.26, -0.47, 35.50, 24.77, 1.30
-0.20, -1.24, -0.38, 28.69, 14.38, -17.87
-0.30, -1.18, -0.25, 3.11, 18.62, -34.67
-0.29, -1.10, -0.13, -23.58, 27.51, -41.42
-0.13, -0.97, -0.15, -42.28, 21.44, -35.81
0.03, -0.81, -0.19, -59.67, 0.92, -22.68
0.15, -0.64, -0.28, -64.00, -23.29, -8.50
0.20, -0.49, -0.45, -58.05, -44.53, 5.37
0.18, -0.39, -0.60, -40.02, -47.46, 13.92
0.16, -0.34, -0.73, -15.85, -34.61, 24.11
0.10, -0.39, -0.79, 1.40, -9.12, 29.09
-0.02, -0.55, -0.74, 4.07, 24.16, 30.13
-0.12, -0.73, -0.70, 6.44, 53.83, 33.28
-0.10, -0.85, -0.65, 17.73, 64.00, 32.83
-0.08, -0.96, -0.60, 32.05, 53.99, 20.79
-0.12, -1.14, -0.53, 44.69, 35.09, 7.64
-0.21, -1.25, -0.41, 42.12, 23.76, -8.30
-0.34, -1.25, -0.23, 20.48, 25.45, -27.33
-0.35, -1.20, -0.13, -2.66, 38.10, -42.22
-0.19, -1.07, -0.10, -24.44, 39.94, -41.70
-0.02, -0.92, -0.13, -40.55, 25.99, -33.38
0.12, -0.75, -0.19, -57.90, -0.87, -23.47
0.22, -0.60, -0.34, -63.52, -22.14, -2.89
0.29, -0.44, -0.52, -53.31, -32.99, 11.39
0.29, -0.34, -0.70, -37.00, -34.44, 21.00
0.20, -0.33, -0.81, -11.52, -20.30, 27.44
0.08, -0.46, -0.80, 1.06, 5.31, 33.28
-0.07, -0.65, -0.70, 1.24, 30.78, 32.20
-0.10, -0.86, -0.61, 9.53, 50.16, 32.75
-0.05, -0.99, -0.56, 27.79, 40.91, 23.09
-0.09, -1.15, -0.52, 43.23, 27.93, 3.27
-0.25, -1.29, -0.28, 27.99, 29.33, -5.18
-0.36, -1.33, -0.13, 9.17, 25.95, -26.78
-0.31, -1.23, -0.12, -7.22, 30.91, -38.87
-0.14, -1.04, -0.06, -28.19, 17.21, -41.06
0.02, -0.89, -0.11, -44.54, -1.81, -36.89
0.16, -0.72, -0.21, -55.97, -26.82, -25.02
0.19, -0.56, -0.33, -63.31, -46.56, -10.32
0.24, -0.41, -0.53, -54.50, -41.86, 10.45
0.27, -0.31, -0.70, -35.71, -33.93, 24.64
0.23, -0.26, -0.85, -7.19, -16.04, 28.08
0.13, -0.34, -0.86, 7.75, 6.30, 35.98
0.00, -0.59, -0.76, 5.31, 29.87, 38.65
-0.05, -0.82, -0.68, 10.00, 43.97, 42.38
-0.03, -0.94, -0.64, 32.27, 36.44, 31.41
-0.10, -1.08, -0.52, 42.69, 36.01, 12.90
-0.23, -1.29, -0.28, 27.46, 25.04, 6.80
-0.33, -1.41, -0.21, 19.79, 24.90, -8.95
-0.31, -1.32, -0.17, 3.25, 18.90, -30.79
-0.25, -1.16, -0.07, -19.77, 18.25, -45.28
-0.12, -1.03, -0.08, -38.46, 16.57, -42.31
0.06, -0.87, -0.19, -55.13, 2.40, -33.05
0.17, -0.71, -0.29, -64.00, -10.79, -21.86
0.24, -0.54, -0.42, -61.95, -29.45, -10.94
0.27, -0.41, -0.65, -46.51, -31.80, 1.33
0.26, -0.34, -0.77, -31.00, -22.62, 13.95
0.23, -0.39, -0.81, -8.89, 0.18, 28.56
0.16, -0.52, -0.77, 3.41, 20.85, 37.52
0.08, -0.70, -0.63, 5.50, 37.63, 43.46
0.01, -0.90, -0.51, 19.78, 22.74, 34.43
-0.08, -1.06, -0.43, 32.29, 5.59, 15.11
-0.19, -1.24, -0.29, 23.74, -1.45, 3.14
-0.33, -1.31, -0.12, 6.34, -3.04, -15.27
-0.40, -1.22, -0.09, -5.23, 2.11, -37.04
-0.29, -1.11, -0.06, -21.03, 11.31, -43.33
-0.08, -1.02, -0.08, -35.48, -2.54, -43.62
0.08, -0.88, -0.18, -42.19, -25.80, -35.90
0.20, -0.75, -0.22, -50.67, -54.16, -24.32
0.20, -0.62, -0.30, -56.54, -64.00, -11.01
0.17, -0.51, -0.42, -58.22, -64.00, 6.76
0.19, -0.38, -0.61, -40.61, -61.88, 20.30
0.17, -0.30, -0.73, -24.73, -46.54, 26.87
0.11, -0.32, -0.77, -4.79, -23.08, 35.73
0.05, -0.48, -0.71, 0.81, -4.00, 40.29
-0.04, -0.79, -0.59, 9.22, 5.75, 33.78
-0.11, -1.04, -0.54, 10.76, -4.03, 28.42
-0.14, -1.21, -0.49, 8.00, -19.09, 23.63
-0.19, -1.22, -0.40, 12.18, -35.72, -1.61
-0.34, -1.19, -0.28, -0.12, -23.49, -26.89
-0.43, -1.21, -0.22, -25.75, 11.42, -43.12
-0.36, -1.18, -0.27, -41.85, 30.71, -54.03
-0.23, -1.02, -0.34, -45.68, 21.41, -51.52
-0.03, -0.83, -0.45, -48.21, 6.94, -39.72
0.20, -0.69, -0.62, -36.38, -6.26, -17.77
0.35, -0.56, -0.64, -26.75, -18.50, 0.24
0.43, -0.48, -0.67, -14.29, -30.52, 10.58
0.32, -0.47, -0.64, -15.96, -48.21, 14.40
0.04, -0.61, -0.53, -16.76, -41.42, 9.08
-0.22, -0.78, -0.47, -14.91, -21.81, 0.44
-0.29, -0.88, -0.42, -23.14, -5.39, -4.51
-0.21, -0.95, -0.38, -22.79, -3.04, -11.34
-0.11, -0.95, -0.37, -16.41, -17.50, -13.57
-0.05, -0.93, -0.38, -17.09, -28.50, -13.37
-0.04, -0.94, -0.40, -17.10, -35.78, -14.50
-0.03, -0.91, -0.40, -15.64, -35.49, -14.76
-0.00, -0.81, -0.44, -14.48, -31.66, -14.54
0.00, -0.79, -0.40, -21.85, -30.01, -9.37
0.03, -0.77, -0.39, -24.71, -26.59, -5.32
0.08, -0.75, -0.43, -26.42, -25.75, 0.33
0.10, -0.71, -0.49, -21.51, -25.90, 7.22
0.08, -0.67, -0.53, -20.96, -27.71, 9.96
0.02, -0.67, -0.52, -21.47, -19.47, 12.78
-0.01, -0.69, -0.51, -22.39, -7.91, 18.15
0.01, -0.71, -0.53, -23.89, -0.12, 22.45
0.04, -0.73, -0.59, -23.41, -3.32, 28.78
0.05, -0.75, -0.58, -21.54, -16.70, 30.04
0.03, -0.78, -0.58, -17.82, -25.46, 25.67
-0.04, -0.87, -0.54, -10.63, -22.95, 16.60
-0.16, -1.03, -0.56, -7.11, -10.75, 0.89
-0.29, -1.16, -0.55, -10.29, 2.85, -8.30
-0.32, -1.17, -0.50, -15.50, 15.55, -19.51
-0.27, -1.09, -0.46, -20.45, 25.74, -29.35
-0.21, -0.96, -0.41, -21.59, 28.82, -33.77
-0.14, -0.82, -0.38, -25.16, 25.12, -32.46
-0.08, -0.71, -0.31, -37.21, 13.01, -22.75
-0.02, -0.62, -0.29, -45.86, -4.53, -9.57
0.06, -0.50, -0.34, -43.58, -12.61, 12.84
0.14, -0.38, -0.42, -34.80, -25.34, 27.35
0.14, -0.33, -0.51, -23.11, -32.61, 34.21
0.04, -0.38, -0.58, -7.65, -28.78, 38.09
-0.12, -0.55, -0.66, -0.31, -3.60, 37.11
-0.19, -0.72, -0.69, 9.03, 17.16, 31.61
-0.23, -0.88, -0.69, 19.80, 38.38, 22.57
-0.19, -1.04, -0.70, 38.44, 54.96, 17.58
-0.20, -1.18, -0.59, 39.26, 58.45, 8.01
-0.27, -1.24, -0.46, 34.84, 59.55, -7.71
-0.26, -1.18, -0.34, 22.30, 49.45, -26.31
-0.23, -1.11, -0.21, -1.94, 42.81, -38.08
-0.16, -1.04, -0.16, -19.37, 36.03, -36.06
-0.06, -0.91, -0.17, -34.21, 23.84, -25.53
0.04, -0.75, -0.19, -51.04, 3.78, -12.49
0.08, -0.62, -0.27, -58.05, -20.06, -3.24
0.11, -0.49, -0.37, -52.46, -35.61, 4.38
0.12, -0.40, -0.51, -40.72, -40.98, 13.45
0.09, -0.38, -0.65, -17.13, -22.73, 19.34
0.07, -0.41, -0.77, 3.58, 1.73, 25.48
0.01, -0.55, -0.76, 13.58, 26.14, 26.46
-0.05, -0.77, -0.69, 13.64, 48.31, 29.14
-0.06, -0.91, -0.61, 18.91, 60.98, 30.99
-0.05, -1.03, -0.54, 28.65, 53.74, 27.03
-0.05, -1.14, -0.48, 32.72, 33.78, 15.32
-0.10, -1.23, -0.42, 36.43, 17.61, -1.64
-0.24, -1.21, -0.31, 26.66, 10.01, -21.32
-0.40, -1.16, -0.20, 3.96, 27.01, -38.70
-0.33, -1.09, -0.12, -14.42, 42.69, -41.24
-0.14, -0.95, -0.12, -28.79, 35.69, -33.18
0.01, -0.81, -0.14, -42.73, 11.45, -19.32
0.12, -0.67, -0.20, -47.47, -16.16, -1.70
0.16, -0.52, -0.32, -36.29, -38.70, 8.45
0.13, -0.37, -0.50, -22.38, -37.14, 12.92
0.11, -0.33, -0.64, -3.67, -19.91, 22.30
0.09, -0.35, -0.74, 19.35, -0.70, 25.62
0.04, -0.45, -0.72, 23.20, 13.67, 31.68
-0.03, -0.71, -0.61, 21.09, 29.54, 29.23
-0.03, -0.94, -0.57, 24.05, 40.36, 31.55
0.01, -1.11, -0.50, 28.14, 24.46, 29.12
-0.04, -1.22, -0.38, 29.50, 8.03, 18.70
-0.16, -1.27, -0.37, 32.71, -8.13, -4.59
-0.34, -1.26, -0.20, 7.47, -7.51, -23.82
-0.42, -1.24, -0.09, -24.06, 9.97, -36.61
-0.26, -1.14, -0.13, -37.47, 16.17, -36.83
-0.06, -0.96, -0.19, -48.16, 4.05, -32.64
0.07, -0.82, -0.27, -57.65, -17.19, -19.20
0.15, -0.67, -0.37, -58.04, -30.90, -4.93
0.18, -0.50, -0.51, -44.48, -39.33, 3.49
0.15, -0.41, -0.59, -29.47, -33.70, 7.68
0.12, -0.41, -0.69, -18.66, -11.43, 14.36
0.09, -0.50, -0.71, -4.62, 5.78, 19.26
0.01, -0.63, -0.63, 0.59, 27.08, 24.04
-0.01, -0.78, -0.58, 0.71, 36.49, 27.07
0.01, -0.91, -0.52, 5.66, 28.25, 23.54
0.00, -1.04, -0.47, 17.78, 13.72, 13.21
-0.12, -1.20, -0.37, 24.90, 0.84, 2.08
-0.24, -1.29, -0.23, 15.58, 4.70, -7.45
-0.35, -1.30, -0.15, -7.43, 10.36, -27.12
-0.34, -1.20, -0.13, -18.56, 17.11, -36.88
-0.19, -1.03, -0.15, -27.79, 8.86, -38.47
-0.06, -0.90, -0.20, -39.97, -1.87, -34.10
0.06, -0.77, -0.26, -54.09, -13.84, -22.60
0.13, -0.62, -0.32, -63.14, -24.60, -1.81
0.18, -0.46, -0.43, -58.78, -25.89, 15.19
0.22, -0.32, -0.53, -50.45, -32.34, 20.11
0.17, -0.28, -0.60, -37.31, -31.20, 25.44
0.09, -0.34, -0.68, -14.19, -14.29, 33.06
-0.01, -0.51, -0.68, -8.48, 6.79, 32.94
-0.08, -0.75, -0.62, -0.54, 21.80, 34.89
-0.06, -0.94, -0.58, 19.75, 14.87, 28.65
-0.02, -1.15, -0.56, 38.44, 7.09, 23.89
-0.11, -1.33, -0.39, 34.22, -6.64, 14.42
-0.36, -1.37, -0.24, 21.14, 6.71, -5.61
-0.49, -1.28, -0.20, 11.82, 22.54, -32.15
-0.47, -1.15, -0.18, 1.30, 41.13, -42.46
-0.31, -1.04, -0.14, -9.27, 36.77, -40.01
-0.08, -0.90, -0.19, -21.41, 20.49, -31.17
0.05, -0.73, -0.22, -36.87, 2.27, -18.62
0.14, -0.58, -0.26, -49.60, -12.21, -2.59
0.22, -0.41, -0.41, -47.58, -17.09, 15.78
0.30, -0.31, -0.56, -35.66, -15.89, 28.86
0.29, -0.30, -0.65, -18.66, -16.79, 32.17
0.18, -0.39, -0.69, -2.87, -9.56, 34.05
0.06, -0.61, -0.62, 0.60, 0.10, 32.68
-0.04, -0.83, -0.54, -2.64, 3.44, 34.83
-0.06, -1.06, -0.49, 6.04, 4.29, 36.09
-0.03, -1.21, -0.50, 27.82, -11.29, 27.88
-0.13, -1.32, -0.45, 38.56, -18.46, 13.41
-0.37, -1.36, -0.19, 16.32, -10.43, -11.41
-0.55, -1.34, -0.12, -3.34, 12.04, -35.56
-0.49, -1.20, -0.14, -16.03, 37.18, -45.11
-0.25, -1.06, -0.15, -29.19, 36.36, -46.43
-0.03, -0.93, -0.22, -42.79, 16.02, -38.12
0.09, -0.76, -0.27, -53.68, -10.35, -27.51
0.13, -0.59, -0.33, -57.71, -29.16, -10.65
0.17, -0.43, -0.41, -55.14, -32.51, 6.04
0.22, -0.31, -0.54, -44.47, -24.37, 22.97
0.19, -0.28, -0.62, -26.51, -18.26, 27.46
0.09, -0.34, -0.65, -5.51, -6.84, 28.53
-0.05, -0.52, -0.63, -2.33, 7.19, 29.01
-0.12, -0.75, -0.59, -10.22, 21.38, 31.62
-0.09, -0.91, -0.55, 0.20, 27.14, 35.73
-0.03, -1.07, -0.53, 20.33, 8.27, 27.89
-0.06, -1.25, -0.49, 37.04, -8.44, 16.68
-0.22, -1.38, -0.30, 29.69, -19.39, 0.64
-0.43, -1.39, -0.15, 7.43, -2.29, -18.37
-0.44, -1.29, -0.15, -4.11, 19.63, -42.61
-0.36, -1.10, -0.19, -12.45, 39.19, -48.40
-0.19, -0.93, -0.20, -29.92, 42.06, -46.37
-0.01, -0.80, -0.24, -43.84, 32.97, -33.70
0.15, -0.64, -0.28, -54.24, 8.46, -19.84
0.25, -0.52, -0.36, -56.54, -12.56, 0.16
0.32, -0.42, -0.49, -47.44, -24.71, 19.41
0.32, -0.37, -0.58, -35.28, -28.59, 30.33
0.21, -0.41, -0.63, -15.17, -18.89, 30.02
0.05, -0.56, -0.61, -11.43, -0.95, 32.88
-0.10, -0.78, -0.57, -13.43, 15.32, 31.54
-0.13, -0.94, -0.51, -2.32, 17.51, 29.51
-0.08, -1.09, -0.48, 17.71, -1.29, 21.57
-0.11, -1.23, -0.45, 31.52, -18.48, 6.08
-0.27, -1.31, -0.29, 26.20, -18.68, -10.75
-0.48, -1.29, -0.16, 8.70, 0.75, -37.74
-0.52, -1.19, -0.15, -1.74, 38.26, -49.39
-0.33, -1.06, -0.16, -5.27, 47.85, -54.87
-0.10, -0.93, -0.19, -16.71, 36.94, -51.17
0.07, -0.81, -0.19, -33.96, 10.25, -34.65
0.17, -0.68, -0.23, -46.73, -14.20, -17.80
0.20, -0.53, -0.30, -55.91, -34.37, 2.08
0.25, -0.39, -0.43, -48.66, -34.41, 18.75
0.26, -0.30, -0.53, -44.81, -37.11, 27.64
0.18, -0.31, -0.61, -24.29, -29.58, 30.25
0.08, -0.38, -0.65, -9.80, -11.79, 34.67
-0.05, -0.59, -0.61, -7.28, 2.90, 31.23
-0.13, -0.86, -0.55, 1.04, 7.13, 28.88
-0.10, -1.09, -0.53, 14.40, 5.71, 32.55
-0.02, -1.31, -0.49, 33.81, -21.45, 25.47
-0.14, -1.37, -0.38, 35.12, -29.08, 10.07
-0.38, -1.34, -0.17, 8.31, -19.31, -18.08
-0.52, -1.29, -0.17, -8.81, 12.76, -39.86
-0.43, -1.16, -0.18, -21.88, 41.35, -47.72
-0.21, -1.02, -0.23, -30.02, 40.26, -48.21
-0.00, -0.89, -0.29, -40.15, 17.99, -39.40
0.12, -0.76, -0.32, -49.04, -4.22, -23.20
0.15, -0.60, -0.36, -55.12, -24.28, -4.19
0.18, -0.45, -0.45, -46.45, -21.68, 13.98
0.21, -0.31, -0.53, -37.30, -21.88, 24.37
0.16, -0.29, -0.58, -25.64, -17.64, 26.44
0.06, -0.37, -0.61, -7.47, -2.45, 34.64
-0.04, -0.54, -0.58, -5.10, 14.69, 32.09
-0.12, -0.78, -0.52, -4.37, 24.31, 31.83
-0.09, -0.98, -0.49, 8.88, 19.70, 31.07
-0.01, -1.18, -0.50, 33.53, -4.04, 27.47
-0.07, -1.31, -0.42, 40.35, -22.71, 14.93
-0.30, -1.34, -0.22, 23.49, -16.01, -5.88
-0.48, -1.30, -0.13, 7.08, 5.29, -33.22
-0.49, -1.20, -0.14, -10.18, 33.19, -47.04
-0.29, -1.07, -0.12, -29.25, 42.88, -49.58
-0.07, -0.97, -0.19, -43.73, 27.82, -40.59
0.13, -0.82, -0.27, -53.76, 0.51, -28.84
0.21, -0.67, -0.34, -59.62, -29.20, -18.84
0.23, -0.54, -0.45, -56.13, -38.11, -0.58
0.24, -0.42, -0.59, -37.06, -29.73, 15.53
0.21, -0.36, -0.69, -22.35, -16.85, 20.28
0.10, -0.41, -0.68, -7.74, -0.82, 22.86
-0.04, -0.56, -0.62, -1.31, 24.17, 27.74
-0.13, -0.73, -0.53, -9.53, 43.21, 30.27
-0.11, -0.88, -0.47, -6.08, 42.74, 31.47
-0.02, -0.98, -0.47, 18.78, 18.25, 21.62
-0.04, -1.11, -0.45, 36.98, -5.85, 11.53
-0.21, -1.26, -0.24, 25.22, -15.33, 1.02
-0.40, -1.31, -0.13, 9.10, -6.71, -15.61
-0.46, -1.21, -0.11, -4.00, 14.52, -35.91
-0.35, -1.06, -0.11, -17.70, 29.85, -40.86
-0.16, -0.95, -0.13, -37.34, 21.05, -37.81
0.04, -0.85, -0.20, -49.35, 4.09, -26.41
0.15, -0.71, -0.29, -56.27, -22.04, -15.09
0.19, -0.58, -0.41, -53.50, -36.03, -3.93
0.20, -0.48, -0.55, -39.48, -37.12, 5.16
0.14, -0.44, -0.63, -30.04, -20.39, 11.73
0.11, -0.48, -0.72, -10.96, 9.47, 18.97
0.07, -0.56, -0.72, 4.19, 31.23, 27.46
0.01, -0.72, -0.62, 1.32, 46.53, 30.33
0.01, -0.89, -0.51, 3.74, 43.72, 35.83
0.04, -1.02, -0.44, 17.72, 12.63, 23.56
-0.00, -1.15, -0.41, 31.55, -10.16, 10.15
-0.19, -1.26, -0.23, 20.92, -21.31, -0.21
-0.40, -1.29, -0.07, -1.64, -15.63, -22.12
-0.46, -1.21, -0.12, -10.96, 7.31, -39.52
-0.36, -1.05, -0.06, -26.99, 21.32, -44.86
-0.17, -0.93, -0.13, -43.18, 21.50, -43.24
0.00, -0.83, -0.24, -48.19, 11.93, -29.81
0.14, -0.69, -0.28, -54.77, -15.70, -20.52
0.17, -0.58, -0.37, -58.36, -36.36, -10.94
0.21, -0.49, -0.53, -44.60, -38.70, 3.62
0.17, -0.44, -0.62, -37.09, -30.84, 7.38
0.13, -0.47, -0.69, -16.63, -1.63, 18.46
0.13, -0.54, -0.76, 6.28, 24.17, 30.29
0.05, -0.69, -0.67, 10.60, 38.92, 31.08
-0.02, -0.92, -0.52, 11.05, 41.99, 31.87
-0.00, -1.09, -0.44, 20.72, 22.67, 29.15
-0.00, -1.20, -0.39, 29.01, -12.70, 16.61
-0.17, -1.24, -0.27, 21.43, -21.43, -1.84
-0.43, -1.21, -0.07, -4.29, -13.37, -25.42
-0.47, -1.16, -0.07, -20.27, 9.25, -40.47
-0.31, -1.04, -0.13, -31.19, 27.58, -43.51
-0.10, -0.92, -0.17, -42.15, 19.16, -41.92
0.06, -0.81, -0.26, -49.44, 2.58, -27.06
0.15, -0.70, -0.34, -49.44, -14.34, -15.30
0.18, -0.57, -0.44, -45.12, -30.69, -6.10
0.17, -0.49, -0.54, -36.35, -24.91, 7.85
0.21, -0.44, -0.66, -23.18, -7.11, 20.34
0.18, -0.45, -0.70, -3.83, 5.62, 25.29
0.09, -0.52, -0.65, 7.56, 21.87, 35.10
0.03, -0.70, -0.55, -0.91, 26.17, 38.54
0.04, -0.88, -0.48, -3.46, 17.19, 40.53
0.10, -1.00, -0.45, 10.34, -7.81, 32.86
0.05, -1.12, -0.43, 25.59, -37.45, 18.93
-0.12, -1.25, -0.31, 22.75, -31.51, 14.28
-0.29, -1.31, -0.17, 4.89, -19.22, 5.45
-0.42, -1.24, -0.19, -1.13, 5.65, -22.96
-0.44, -1.09, -0.19, -10.98, 31.32, -36.86
-0.30, -0.98, -0.15, -26.06, 43.74, -42.12
-0.10, -0.92, -0.18, -39.78, 34.51, -35.96
0.09, -0.82, -0.23, -53.58, 9.53, -24.15
0.19, -0.70, -0.27, -62.77, -18.48, -13.55
0.24, -0.57, -0.34, -62.11, -43.98, -3.25
0.24, -0.47, -0.48, -48.76, -46.04, 8.14
0.19, -0.42, -0.61, -33.55, -38.91, 13.84
0.08, -0.46, -0.66, -16.26, -21.93, 18.64
-0.00, -0.55, -0.70, 3.60, 12.11, 28.46
-0.01, -0.67, -0.63, 11.83, 27.75, 33.75
-0.04, -0.82, -0.52, 15.95, 19.83, 28.27
-0.03, -0.98, -0.42, 26.68, 2.08, 22.58
-0.00, -1.17, -0.36, 37.23, -25.25, 18.58
-0.13, -1.29, -0.23, 26.57, -49.12, 6.66
-0.34, -1.27, -0.10, 8.26, -35.19, -6.64
-0.45, -1.11, -0.04, -11.36, -9.43, -29.57
-0.41, -1.00, -0.11, -28.67, 22.41, -36.07
-0.23, -0.91, -0.22, -39.78, 29.96, -33.10
-0.04, -0.82, -0.30, -48.25, 19.20, -27.73
0.09, -0.73, -0.38, -54.96, -0.10, -14.16
0.17, -0.62, -0.47, -53.71, -17.33, -4.85
0.20, -0.50, -0.61, -41.77, -13.34, 11.77
0.22, -0.48, -0.69, -25.54, -5.50, 17.68
0.15, -0.49, -0.70, -4.21, 7.89, 21.30
0.07, -0.56, -0.68, 5.41, 23.36, 29.61
0.02, -0.73, -0.60, 5.78, 33.39, 31.56
-0.02, -0.90, -0.49, 10.02, 31.14, 24.10
-0.06, -1.07, -0.40, 19.88, 15.76, 18.82
-0.12, -1.22, -0.32, 22.93, 9.04, 11.81
-0.23, -1.30, -0.16, 10.36, -0.76, 3.76
-0.34, -1.25, -0.10, 3.67, -2.73, -21.77
-0.37, -1.13, -0.12, -9.81, 9.04, -34.67
-0.30, -1.04, -0.09, -27.70, 23.74, -42.29
-0.15, -0.96, -0.16, -41.59, 23.25, -41.80
-0.01, -0.82, -0.26, -52.65, 7.57, -33.14
0.10, -0.72, -0.34, -58.52, -15.72, -24.52
0.16, -0.61, -0.44, -57.58, -28.40, -11.14
0.22, -0.49, -0.57, -44.82, -25.29, 2.65
0.24, -0.41, -0.70, -27.86, -16.73, 12.54
0.20, -0.41, -0.76, -5.04, 7.24, 20.62
0.15, -0.50, -0.73, 14.11, 24.94, 31.71
0.05, -0.66, -0.62, 18.28, 34.37, 31.38
-0.00, -0.88, -0.50, 24.20, 28.38, 25.34
-0.03, -1.05, -0.39, 29.23, 7.33, 16.90
-0.11, -1.23, -0.25, 23.25, -12.95, 8.60
-0.23, -1.31, -0.15, 15.34, -18.45, -2.60
-0.36, -1.26, -0.07, 2.52, -14.97, -21.70
-0.42, -1.16, -0.03, -16.75, 1.56, -35.52
-0.28, -1.07, -0.07, -32.29, 13.68, -37.53
-0.12, -0.98, -0.17, -42.56, 6.91, -33.81
0.02, -0.86, -0.25, -49.24, -5.45, -26.91
0.10, -0.74, -0.31, -53.38, -29.18, -14.39
0.15, -0.61, -0.39, -49.19, -40.29, -1.55
0.18, -0.50, -0.50, -35.37, -41.32, 10.04
0.19, -0.41, -0.60, -26.26, -40.08, 14.85
0.14, -0.43, -0.65, -16.69, -20.91, 26.50
0.15, -0.45, -0.70, 4.97, -2.10, 40.20
0.11, -0.52, -0.67, 13.12, 13.62, 40.97
0.00, -0.69, -0.54, 13.00, 13.36, 41.35
-0.03, -0.89, -0.45, 18.34, -5.61, 34.08
-0.04, -1.10, -0.39, 19.78, -27.72, 21.92
-0.14, -1.30, -0.27, 12.00, -30.84, 18.41
-0.33, -1.35, -0.10, -6.63, -27.80, 4.84
-0.47, -1.29, -0.13, -11.78, -14.17, -21.23
-0.45, -1.18, -0.18, -25.22, 13.01, -33.69
-0.33, -1.11, -0.20, -35.90, 34.58, -38.65
-0.16, -1.03, -0.30, -36.00, 38.46, -35.80
-0.01, -0.90, -0.37, -37.88, 21.42, -31.29
0.06, -0.78, -0.39, -39.22, 3.43, -25.97
0.11, -0.66, -0.44, -40.96, -9.95, -14.03
0.19, -0.55, -0.54, -33.26, -4.76, 0.76
0.27, -0.43, -0.62, -17.20, 1.29, 9.86
0.22, -0.40, -0.64, -16.50, 13.51, 14.67
0.15, -0.47, -0.63, -0.36, 28.32, 26.19
0.08, -0.58, -0.56, -1.51, 40.07, 30.33
0.02, -0.75, -0.48, -7.32, 31.24, 29.85
0.01, -0.91, -0.42, -1.11, 7.71, 18.62
-0.00, -1.08, -0.38, 11.92, -21.00, 9.07
-0.11, -1.29, -0.28, 10.17, -41.18, 2.17
-0.27, -1.38, -0.18, 0.61, -31.50, -6.04
-0.45, -1.30, -0.11, -10.06, -8.79, -23.47
-0.53, -1.15, -0.13, -16.54, 27.50, -40.67
-0.37, -0.99, -0.17, -22.36, 47.60, -43.98
-0.14, -0.91, -0.22, -33.80, 44.57, -40.23
0.08, -0.82, -0.28, -42.29, 21.24, -26.56
0.17, -0.70, -0.33, -46.85, -4.89, -15.69
0.23, -0.55, -0.39, -48.66, -20.36, -3.65
0.25, -0.44, -0.48, -41.19, -26.44, 6.73
0.24, -0.37, -0.57, -31.69, -17.93, 18.27
0.19, -0.38, -0.61, -14.09, -8.68, 24.34
0.10, -0.46, -0.61, -6.03, 12.14, 29.66
0.00, -0.65, -0.55, -6.23, 20.96, 32.29
-0.05, -0.83, -0.50, -2.69, 17.02, 31.98
-0.02, -0.98, -0.48, 18.18, 7.00, 23.53
-0.04, -1.18, -0.39, 23.35, -22.79, 13.23
-0.16, -1.36, -0.27, 12.68, -23.46, 5.29
-0.30, -1.39, -0.13, 2.62, -20.21, -5.38
-0.41, -1.25, -0.12, -1.05, -0.42, -28.08
-0.39, -1.11, -0.14, -18.74, 23.66, -40.03
-0.23, -1.06, -0.18, -28.86, 30.81, -42.43
-0.06, -0.99, -0.24, -31.08, 24.35, -41.62
0.08, -0.86, -0.28, -34.47, 0.19, -35.51
0.16, -0.76, -0.31, -34.83, -19.62, -25.17
0.20, -0.64, -0.35, -29.90, -33.72, -14.13
0.21, -0.54, -0.43, -19.02, -40.88, -3.45
0.19, -0.46, -0.48, -13.72, -36.43, 10.82
0.20, -0.44, -0.55, -11.50, -19.67, 27.70
0.16, -0.44, -0.58, 1.11, -12.88, 31.00
0.04, -0.45, -0.53, 8.77, -1.75, 32.28
-0.03, -0.57, -0.46, 3.93, 4.90, 31.73
-0.04, -0.80, -0.42, 4.24, -7.07, 28.16
-0.06, -1.04, -0.38, 9.60, -35.12, 19.61
-0.10, -1.25, -0.32, 11.43, -53.90, 16.39
-0.20, -1.32, -0.22, -1.21, -53.27, 9.23
-0.33, -1.33, -0.21, -8.89, -44.17, -12.30
-0.42, -1.22, -0.25, -15.60, -8.50, -23.84
-0.36, -1.12, -0.26, -23.41, 14.78, -33.72
-0.24, -1.07, -0.33, -29.21, 21.78, -35.81
-0.10, -0.99, -0.34, -36.87, 9.13, -29.12
0.04, -0.86, -0.37, -39.80, -3.59, -24.10
0.12, -0.70, -0.44, -37.70, -15.10, -17.31
0.18, -0.58, -0.51, -35.58, -7.64, -5.95
0.24, -0.50, -0.61, -25.00, 6.74, 4.67
0.23, -0.46, -0.67, -20.01, 11.62, 7.47
0.15, -0.55, -0.69, -13.44, 30.40, 14.86
0.07, -0.66, -0.62, -5.79, 41.73, 19.44
-0.02, -0.76, -0.50, -8.05, 41.93, 18.84
-0.06, -0.90, -0.35, -7.75, 28.09, 18.23
-0.04, -1.05, -0.28, -0.62, -5.65, 16.06
-0.06, -1.16, -0.19, 4.27, -43.96, 4.91
-0.24, -1.20, -0.09, -2.80, -59.61, -13.12
-0.47, -1.18, 0.06, -30.24, -42.40, -25.59
-0.49, -1.11, -0.02, -44.02, -0.96, -35.30
-0.29, -0.98, -0.18, -46.54, 13.52, -35.41
-0.07, -0.83, -0.28, -49.31, 6.83, -25.63
0.08, -0.72, -0.34, -54.88, -6.17, -10.91
0.23, -0.64, -0.45, -45.60, -13.18, 3.38
0.27, -0.51, -0.57, -27.86, -31.84, 6.09
0.22, -0.46, -0.60, -27.03, -33.68, 13.62
0.20, -0.56, -0.63, -21.56, -20.85, 21.78
0.11, -0.58, -0.64, -4.84, -2.42, 22.45
-0.02, -0.69, -0.56, -1.66, 20.06, 20.48
-0.07, -0.84, -0.46, -2.65, 26.52, 13.48
-0.05, -1.08, -0.38, -0.27, 6.49, 11.65
-0.04, -1.22, -0.35, 0.82, -20.05, 14.27
-0.06, -1.24, -0.30, 5.73, -45.97, -1.40
-0.22, -1.17, -0.26, 5.44, -51.33, -23.50
-0.42, -1.12, -0.17, -17.99, -30.23, -41.05
-0.44, -1.10, -0.18, -31.47, 4.55, -48.23
-0.27, -0.98, -0.29, -38.69, 26.24, -40.73
-0.09, -0.82, -0.38, -43.70, 28.38, -31.65
0.05, -0.67, -0.44, -43.44, 13.88, -21.20
0.17, -0.56, -0.51, -42.38, 3.89, -2.04
0.38, -0.43, -0.64, -29.20, 10.91, 29.74
0.46, -0.33, -0.76, -12.84, -11.51, 35.23
0.18, -0.34, -0.68, -0.23, -7.00, 26.38
-0.06, -0.49, -0.56, 0.55, 23.25, 24.81
-0.15, -0.73, -0.54, -6.25, 43.00, 23.16
-0.17, -0.89, -0.47, -9.93, 50.63, 25.83
-0.13, -1.02, -0.43, 3.42, 38.82, 18.92
-0.06, -1.15, -0.41, 20.06, 13.29, 15.97
-0.10, -1.22, -0.33, 22.36, -10.92, 8.90
-0.24, -1.24, -0.20, 12.25, -16.77, -10.82
-0.38, -1.18, -0.12, -5.54, -1.57, -26.21
-0.38, -1.09, -0.09, -27.07, 20.25, -35.52
-0.22, -1.00, -0.14, -40.18, 25.06, -34.94
-0.01, -0.88, -0.22, -52.46, 16.99, -27.97
0.10, -0.77, -0.29, -57.27, -4.97, -21.68
0.12, -0.64, -0.38, -59.41, -34.15, -14.82
0.20, -0.53, -0.53, -48.71, -20.65, 11.27
0.38, -0.41, -0.70, -27.91, -11.59, 34.79
0.35, -0.38, -0.76, -5.54, -8.77, 31.21
0.14, -0.45, -0.65, 7.43, 8.14, 30.92
-0.02, -0.64, -0.53, 5.21, 26.98, 28.11
-0.10, -0.86, -0.51, 1.24, 32.30, 22.88
-0.10, -1.00, -0.44, 5.59, 30.69, 19.59
-0.02, -1.13, -0.40, 17.16, 7.38, 17.98
-0.07, -1.20, -0.34, 21.82, -15.59, 8.17
-0.19, -1.21, -0.26, 24.27, -21.22, -8.10
-0.33, -1.17, -0.17, 13.78, -8.85, -24.00
-0.40, -1.12, -0.11, -9.17, 15.51, -33.46
-0.29, -1.05, -0.13, -21.63, 28.60, -34.65
-0.08, -0.93, -0.19, -33.03, 24.88, -27.97
0.07, -0.81, -0.24, -46.60, 1.18, -18.64
0.16, -0.70, -0.29, -51.19, -26.09, -9.96
0.19, -0.58, -0.36, -50.55, -51.53, -2.60
0.17, -0.48, -0.44, -46.19, -60.60, 8.62
0.14, -0.44, -0.55, -39.87, -45.56, 17.24
0.11, -0.44, -0.66, -12.44, -20.13, 23.90
0.05, -0.46, -0.71, 8.34, 8.38, 25.60
-0.03, -0.62, -0.67, 10.64, 29.74, 21.70
-0.08, -0.88, -0.60, 14.54, 39.90, 20.18
-0.02, -1.07, -0.52, 23.04, 25.05, 22.46
0.01, -1.21, -0.47, 29.29, 3.61, 23.84
-0.07, -1.24, -0.38, 29.74, -18.90, 8.31
-0.28, -1.20, -0.29, 30.69, -14.24, -17.20
-0.49, -1.16, -0.11, 5.75, 8.17, -35.48
-0.47, -1.18, -0.08, -21.72, 41.58, -39.30
-0.22, -1.07, -0.14, -35.27, 43.75, -30.19
0.01, -0.91, -0.18, -49.53, 27.90, -19.90
0.15, -0.74, -0.24, -60.29, -1.93, -11.54
0.23, -0.61, -0.32, -61.18, -33.72, -3.92
0.21, -0.49, -0.39, -62.90, -58.55, 2.95
0.15, -0.43, -0.49, -57.68, -56.50, 13.73
0.11, -0.41, -0.60, -38.83, -38.22, 19.00
0.03, -0.42, -0.67, -15.29, -11.34, 19.06
-0.05, -0.55, -0.68, -3.15, 23.62, 21.42
-0.09, -0.75, -0.65, 1.32, 43.91, 21.05
-0.06, -0.94, -0.59, 18.65, 47.72, 19.81
0.02, -1.11, -0.53, 30.62, 28.46, 19.70
0.05, -1.27, -0.42, 28.08, 1.87, 24.74
-0.07, -1.29, -0.32, 30.22, -15.14, 7.55
-0.33, -1.16, -0.20, 26.53, -7.40, -17.21
-0.48, -1.10, -0.08, 2.08, 10.22, -32.64
-0.41, -1.10, -0.10, -17.66, 26.88, -34.70
-0.22, -0.98, -0.15, -31.17, 19.07, -27.88
-0.02, -0.81, -0.21, -39.38, 8.99, -17.23
0.12, -0.68, -0.28, -43.88, -12.22, -10.30
0.17, -0.57, -0.31, -48.28, -27.18, -0.66
0.22, -0.50, -0.42, -47.87, -29.32, 17.63
0.25, -0.47, -0.53, -42.50, -25.19, 27.28
0.19, -0.47, -0.63, -20.29, -14.89, 26.89
0.07, -0.52, -0.66, -0.33, 7.00, 27.48
-0.04, -0.71, -0.66, 4.95, 32.59, 21.12
-0.10, -0.89, -0.60, 12.38, 38.46, 19.64
-0.09, -1.04, -0.52, 22.18, 31.28, 21.48
-0.01, -1.18, -0.46, 32.76, 13.36, 22.20
-0.03, -1.25, -0.37, 39.63, -7.00, 8.03
-0.22, -1.22, -0.23, 29.81, -10.48, -12.75
-0.38, -1.18, -0.12, 7.54, 10.58, -25.97
-0.39, -1.14, -0.09, -13.52, 32.51, -32.42
-0.25, -1.05, -0.09, -33.04, 33.04, -30.54
-0.07, -0.95, -0.13, -48.07, 13.92, -23.07
0.08, -0.83, -0.19, -60.67, -12.96, -13.18
0.14, -0.69, -0.24, -64.00, -43.67, -6.12
0.13, -0.55, -0.30, -64.00, -61.78, 1.97
0.14, -0.45, -0.44, -64.00, -59.92, 15.15
0.15, -0.41, -0.58, -48.01, -37.59, 21.72
0.08, -0.42, -0.71, -15.28, -9.62, 20.72
-0.05, -0.49, -0.75, 8.73, 22.49, 19.84
-0.14, -0.72, -0.70, 16.38, 51.70, 21.23
-0.10, -0.92, -0.63, 26.26, 64.00, 23.92
-0.01, -1.08, -0.50, 33.55, 47.46, 29.64
0.02, -1.20, -0.43, 42.69, 12.19, 22.11
-0.09, -1.23, -0.35, 49.43, -12.55, 4.16
-0.35, -1.19, -0.17, 40.15, -6.46, -22.33
-0.55, -1.17, 0.01, 3.49, 18.44, -38.65
-0.47, -1.15, 0.01, -22.25, 49.80, -41.38
-0.22, -1.02, -0.05, -41.22, 51.35, -27.47
0.01, -0.85, -0.11, -56.85, 32.66, -14.79
0.18, -0.69, -0.19, -64.00, 0.26, -6.73
0.25, -0.57, -0.30, -64.00, -33.96, -1.59
0.29, -0.48, -0.47, -57.29, -53.93, 4.66
0.26, -0.47, -0.59, -48.57, -48.39, 14.85
0.18, -0.50, -0.70, -18.11, -24.04, 19.91
0.08, -0.56, -0.75, 3.95, 6.97, 23.97
-0.01, -0.71, -0.69, 14.00, 28.41, 27.09
-0.04, -0.88, -0.59, 19.79, 30.26, 29.30
-0.02, -1.04, -0.51, 30.69, 5.60, 26.24
-0.03, -1.15, -0.44, 46.75, -14.03, 13.88
-0.19, -1.20, -0.28, 41.38, -10.09, -2.75
-0.45, -1.22, -0.04, 12.53, 2.30, -26.23
-0.53, -1.21, -0.05, -8.18, 26.34, -39.83
-0.37, -1.10, -0.05, -28.74, 42.09, -37.95
-0.17, -0.99, -0.05, -50.38, 35.24, -30.16
0.04, -0.87, -0.19, -60.90, 17.37, -17.70
0.17, -0.72, -0.28, -62.97, -9.42, -7.98
0.21, -0.58, -0.33, -64.00, -44.35, -5.05
0.24, -0.51, -0.45, -61.56, -51.30, 5.01
0.24, -0.49, -0.60, -50.24, -44.63, 12.55
0.14, -0.52, -0.70, -31.22, -19.24, 12.48
0.04, -0.60, -0.77, -8.13, 22.59, 21.45
-0.00, -0.73, -0.74, 0.95, 49.13, 27.68
-0.04, -0.86, -0.64, 6.98, 54.65, 30.28
-0.02, -0.99, -0.51, 20.29, 28.28, 23.00
-0.01, -1.10, -0.44, 42.29, 4.30, 13.10
-0.16, -1.24, -0.24, 31.27, -13.62, 1.90
-0.41, -1.26, -0.04, 1.49, -11.93, -18.83
-0.52, -1.18, -0.02, -15.61, 6.98, -37.00
-0.43, -1.02, -0.03, -34.06, 31.00, -40.92
-0.21, -0.90, -0.10, -49.23, 38.18, -34.07
0.02, -0.82, -0.20, -58.60, 27.45, -21.87
0.14, -0.70, -0.27, -63.03, -0.72, -12.56
0.22, -0.59, -0.37, -57.70, -21.20, 0.14
0.26, -0.50, -0.50, -44.26, -30.86, 12.32
0.26, -0.46, -0.61, -31.96, -29.10, 21.32
0.20, -0.47, -0.67, -6.21, -10.22, 28.25
0.13, -0.51, -0.66, 9.18, 8.91, 34.57
0.02, -0.66, -0.58, 10.05, 24.97, 34.50
-0.04, -0.84, -0.51, 5.99, 25.71, 28.72
-0.05, -1.01, -0.48, 17.15, 12.60, 20.93
-0.07, -1.13, -0.43, 28.49, -8.43, 9.72
-0.17, -1.25, -0.30, 21.61, -10.02, -0.87
-0.32, -1.31, -0.15, 5.04, -11.63, -17.90
-0.40, -1.23, -0.15, -6.36, 5.18, -33.53
-0.32, -1.11, -0.17, -16.60, 25.89, -42.01
-0.17, -1.00, -0.20, -25.87, 29.04, -42.17
-0.03, -0.89, -0.27, -36.44, 25.05, -30.73
0.09, -0.78, -0.31, -45.13, 3.82, -23.40
0.15, -0.66, -0.38, -48.46, -10.40, -10.68
0.24, -0.53, -0.48, -38.29, -12.44, 2.20
0.27, -0.44, -0.56, -33.65, -18.07, 7.37
0.25, -0.46, -0.64, -23.50, -3.25, 17.24
0.23, -0.52, -0.67, -2.97, 13.23, 26.21
0.14, -0.63, -0.63, 2.90, 25.25, 29.84
0.03, -0.81, -0.55, 2.85, 28.34, 26.94
0.01, -0.99, -0.48, 10.50, 7.42, 21.02
-0.01, -1.16, -0.43, 21.78, -19.83, 14.56
-0.11, -1.25, -0.33, 23.49, -34.09, 0.33
-0.32, -1.25, -0.21, 15.26, -23.32, -20.44
-0.51, -1.19, -0.13, -7.37, 3.89, -42.87
-0.48, -1.11, -0.15, -22.70, 43.95, -51.59
-0.24, -0.99, -0.19, -33.48, 54.50, -48.18
-0.00, -0.86, -0.24, -44.00, 50.15, -34.47
0.14, -0.74, -0.29, -52.38, 27.61, -23.87
0.23, -0.62, -0.34, -51.81, 7.54, -12.05
0.29, -0.51, -0.43, -45.81, -10.49, -0.25
0.33, -0.44, -0.56, -35.75, -12.63, 14.00
0.31, -0.45, -0.64, -15.72, -0.16, 26.21
0.21, -0.50, -0.63, -2.59, 6.72, 30.82
0.08, -0.65, -0.56, -5.48, 24.49, 34.65
0.03, -0.84, -0.50, -3.59, 22.32, 32.72
0.02, -0.99, -0.48, 17.51, 10.22, 16.42
-0.04, -1.13, -0.42, 26.18, -0.43, 7.38
-0.18, -1.28, -0.28, 15.04, 1.72, 3.34
-0.31, -1.29, -0.19, 4.86, 9.25, -18.08
-0.36, -1.19, -0.18, -1.50, 14.93, -36.78
-0.29, -1.09, -0.15, -13.73, 30.07, -45.03
-0.13, -1.04, -0.13, -28.18, 26.39, -46.69
0.02, -0.95, -0.19, -39.87, 16.27, -40.65
0.16, -0.81, -0.24, -50.46, -2.69, -29.74
0.21, -0.67, -0.29, -57.82, -17.72, -19.37
0.27, -0.54, -0.40, -51.62, -20.33, -3.28
0.30, -0.44, -0.53, -40.28, -24.53, 6.90
0.25, -0.41, -0.61, -31.85, -14.34, 16.50
0.22, -0.45, -0.66, -12.83, 1.83, 23.86
0.15, -0.54, -0.67, 2.04, 17.13, 31.37
0.06, -0.69, -0.59, 5.73, 29.25, 33.90
0.04, -0.84, -0.54, 16.09, 26.35, 27.36
0.04, -1.02, -0.47, 35.59, 19.38, 14.35
-0.04, -1.20, -0.32, 31.75, 6.61, 7.49
-0.14, -1.35, -0.19, 15.55, -1.04, 1.76
-0.22, -1.32, -0.14, 7.41, -3.58, -13.25
-0.24, -1.15, -0.12, -4.95, 2.19, -31.91
-0.18, -1.05, -0.10, -16.84, 5.63, -38.51
-0.03, -0.98, -0.17, -28.26, 4.02, -35.63
0.09, -0.86, -0.26, -37.62, -1.02, -22.02
0.14, -0.71, -0.32, -48.40, -12.92, -17.92
0.18, -0.58, -0.42, -47.91, -12.73, -6.06
0.27, -0.46, -0.56, -40.75, -10.48, 7.19
0.28, -0.42, -0.62, -41.66, -7.91, 12.96
0.29, -0.47, -0.65, -21.75, 6.68, 22.39
0.27, -0.55, -0.60, -15.07, 8.63, 30.02
0.17, -0.73, -0.56, -10.98, 15.23, 31.37
0.12, -0.92, -0.44, 1.39, 10.02, 25.95
0.10, -1.13, -0.38, 17.12, -12.34, 19.17
0.03, -1.31, -0.31, 23.56, -30.65, 17.13
-0.16, -1.36, -0.12, 7.68, -40.13, -0.42
-0.36, -1.30, -0.02, -6.29, -31.64, -22.79
-0.37, -1.17, -0.09, -17.61, -7.81, -39.08
-0.24, -1.05, -0.15, -28.11, 0.62, -49.22
-0.06, -0.94, -0.23, -31.98, 0.64, -44.75
0.08, -0.83, -0.27, -39.49, -17.10, -32.11
0.16, -0.69, -0.32, -38.97, -21.40, -17.73
0.21, -0.54, -0.33, -45.38, -41.32, -2.47
0.24, -0.46, -0.38, -49.40, -54.30, 13.38
0.29, -0.38, -0.46, -48.00, -63.68, 27.63
0.31, -0.33, -0.50, -37.43, -64.00, 34.48
0.26, -0.34, -0.52, -29.32, -61.60, 46.13
0.17, -0.49, -0.52, -20.33, -53.16, 45.29
0.01, -0.71, -0.49, -8.51, -53.41, 39.12
-0.06, -0.93, -0.51, 4.57, -51.36, 33.11
-0.15, -1.16, -0.52, 15.78, -62.02, 26.60
-0.26, -1.30, -0.44, 13.60, -50.87, 17.34
-0.40, -1.34, -0.31, 0.37, -48.28, -6.06
-0.44, -1.29, -0.29, -7.23, -29.41, -25.38
-0.36, -1.21, -0.31, -19.66, -6.56, -36.96
-0.23, -1.16, -0.34, -25.99, 0.97, -37.64
-0.11, -1.04, -0.38, -31.17, 4.62, -34.28
-0.03, -0.89, -0.39, -37.96, -1.76, -26.76
0.08, -0.73, -0.46, -35.41, 0.62, -14.16
0.20, -0.57, -0.52, -29.48, -5.24, -5.11
0.28, -0.45, -0.57, -26.91, -6.97, 8.09
0.32, -0.42, -0.61, -29.51, -1.58, 23.26
0.27, -0.48, -0.60, -24.51, 0.00, 28.85
0.14, -0.56, -0.54, -16.03, 6.68, 33.61
0.01, -0.72, -0.46, -15.59, 1.57, 27.81
-0.05, -0.93, -0.43, -11.63, -16.31, 22.52
-0.10, -1.11, -0.38, -7.70, -33.22, 19.14
-0.18, -1.20, -0.29, -9.61, -55.33, 7.21
-0.31, -1.20, -0.29, -1.98, -53.05, -11.69
-0.46, -1.13, -0.27, -6.02, -35.09, -29.96
-0.55, -1.10, -0.24, -24.26, -0.94, -43.72
-0.41, -1.05, -0.29, -29.61, 25.70, -44.62
-0.18, -0.91, -0.37, -33.62, 33.86, -34.95
0.04, -0.76, -0.38, -37.84, 31.18, -19.70
0.19, -0.64, -0.43, -34.12, 14.79, -4.45
0.26, -0.51, -0.46, -29.41, -8.40, 7.69
0.29, -0.43, -0.49, -29.54, -22.40, 24.10
0.29, -0.41, -0.53, -24.66, -31.14, 30.50
0.15, -0.43, -0.52, -17.99, -29.84, 28.75
-0.00, -0.54, -0.44, -16.04, -15.10, 30.10
-0.06, -0.75, -0.47, -12.05, -15.19, 24.24
-0.09, -0.97, -0.45, -7.11, -20.58, 17.53
-0.09, -1.18, -0.39, -3.88, -34.68, 18.94
-0.14, -1.27, -0.34, -6.31, -41.67, 14.74
-0.25, -1.21, -0.31, -3.86, -40.21, -4.10
-0.36, -1.09, -0.35, -2.02, -24.70, -21.03
-0.46, -1.04, -0.31, -19.54, -5.96, -35.12
-0.42, -1.02, -0.28, -30.54, 15.38, -38.54
-0.25, -0.93, -0.33, -35.63, 20.62, -34.41
-0.11, -0.79, -0.38, -40.31, 13.90, -28.46
0.00, -0.67, -0.41, -40.00, 5.42, -18.45
0.11, -0.55, -0.49, -32.05, -1.26, -3.18
0.23, -0.46, -0.58, -23.76, -0.05, 14.29
0.30, -0.42, -0.64, -17.31, -2.46, 27.95
0.22, -0.45, -0.63, -4.65, -3.26, 24.41
0.04, -0.55, -0.54, -3.85, 10.04, 26.70
-0.08, -0.74, -0.52, -3.84, 16.79, 21.07
-0.15, -0.94, -0.48, -3.77, 16.49, 16.94
-0.17, -1.08, -0.43, -0.29, 8.42, 14.40
-0.17, -1.17, -0.42, 2.98, -8.84, 5.91
-0.25, -1.17, -0.38, 7.02, -15.54, -8.68
-0.36, -1.11, -0.32, 3.92, -4.60, -23.69
-0.41, -1.07, -0.29, -9.69, 18.06, -36.14
-0.34, -1.04, -0.27, -19.46, 33.01, -40.27
-0.21, -0.94, -0.26, -29.20, 29.12, -36.18
-0.07, -0.81, -0.28, -40.71, 16.00, -27.12
0.08, -0.68, -0.36, -41.21, 8.99, -7.07
0.25, -0.54, -0.45, -33.45, -0.49, 11.92
0.32, -0.40, -0.50, -23.80, -12.55, 30.87
0.26, -0.36, -0.53, -16.58, -22.76, 31.61
0.07, -0.41, -0.50, -9.08, -18.78, 32.65
-0.06, -0.54, -0.47, -9.61, -5.83, 30.08
-0.11, -0.73, -0.50, -10.31, 1.34, 26.89
-0.12, -0.89, -0.49, -7.78, -1.47, 20.76
-0.10, -1.05, -0.49, 5.23, -4.02, 17.25
-0.08, -1.18, -0.48, 10.16, -19.74, 14.29
-0.19, -1.26, -0.44, 10.91, -19.65, 2.14
-0.34, -1.22, -0.37, 10.46, -5.42, -18.65
-0.46, -1.15, -0.32, -4.98, 21.34, -32.19
-0.42, -1.11, -0.29, -16.38, 40.91, -40.76
-0.27, -1.02, -0.28, -24.44, 40.34, -40.76
-0.14, -0.88, -0.29, -32.95, 32.85, -37.71
-0.02, -0.81, -0.30, -42.12, 9.66, -33.80
0.06, -0.68, -0.35, -43.35, -12.67, -20.91
0.16, -0.55, -0.46, -34.20, -8.54, -1.10
0.27, -0.41, -0.53, -21.81, -7.31, 21.88
0.26, -0.36, -0.54, -18.55, -15.74, 25.88
0.11, -0.41, -0.49, -12.92, -10.21, 28.34
-0.03, -0.54, -0.45, -15.32, -0.52, 31.85
-0.09, -0.74, -0.46, -19.18, 7.26, 28.01
-0.08, -0.89, -0.45, -15.81, -1.14, 25.61
-0.06, -1.02, -0.47, -3.98, -15.51, 23.77
-0.04, -1.13, -0.51, 8.71, -29.77, 20.37
-0.16, -1.19, -0.46, 14.65, -31.63, 4.17
-0.35, -1.20, -0.37, 14.25, -12.71, -15.25
-0.47, -1.16, -0.35, 1.37, 21.93, -27.43
-0.42, -1.11, -0.33, -10.33, 48.32, -38.35
-0.25, -1.01, -0.32, -16.81, 52.70, -41.13
-0.10, -0.90, -0.31, -28.75, 38.38, -37.96
0.04, -0.81, -0.30, -40.25, 14.48, -26.96
0.15, -0.68, -0.35, -44.20, -0.77, -11.49
0.25, -0.53, -0.42, -39.26, -11.63, 5.22
0.29, -0.42, -0.47, -33.83, -22.84, 22.73
0.22, -0.39, -0.52, -25.25, -25.15, 25.17
0.08, -0.44, -0.54, -14.04, -12.49, 32.66
-0.07, -0.56, -0.52, -12.35, 4.06, 33.97
-0.11, -0.71, -0.54, -8.44, 13.09, 30.93
-0.10, -0.84, -0.53, -0.13, 11.56, 25.62
-0.08, -1.00, -0.53, 19.20, 4.21, 20.36
-0.16, -1.14, -0.48, 24.80, -5.42, 11.11
-0.28, -1.24, -0.41, 24.67, 6.79, 0.50
-0.38, -1.22, -0.35, 26.67, 18.56, -17.01
-0.41, -1.11, -0.27, 9.42, 36.66, -35.44
-0.35, -1.07, -0.22, -5.53, 47.44, -38.59
-0.17, -1.00, -0.22, -16.62, 45.77, -32.99
-0.01, -0.88, -0.23, -32.77, 37.03, -24.01
0.11, -0.74, -0.23, -46.69, 11.43, -18.66
0.13, -0.62, -0.26, -59.31, -19.66, -10.72
0.18, -0.52, -0.37, -57.87, -35.76, 3.41
0.23, -0.45, -0.49, -49.71, -40.25, 17.52
0.17, -0.44, -0.58, -30.52, -33.26, 19.61
0.06, -0.49, -0.64, -11.34, -10.17, 26.04
-0.03, -0.63, -0.62, -1.12, 13.06, 28.68
-0.10, -0.80, -0.59, 4.02, 23.87, 21.57
-0.07, -0.97, -0.57, 16.67, 19.90, 23.12
-0.05, -1.09, -0.52, 23.28, 4.03, 19.55
-0.12, -1.16, -0.42, 25.63, -5.31, 7.79
-0.27, -1.18, -0.35, 25.50, -3.20, -13.53
-0.42, -1.14, -0.28, 12.98, 13.72, -23.57
-0.41, -1.11, -0.22, -5.88, 39.53, -33.21
-0.24, -1.03, -0.23, -17.78, 43.92, -29.53
-0.08, -0.90, -0.24, -27.52, 33.59, -19.80
0.04, -0.77, -0.24, -41.15, 17.56, -11.36
0.13, -0.65, -0.26, -48.48, -7.20, -5.62
0.15, -0.55, -0.32, -52.31, -31.66, 3.93
0.16, -0.48, -0.44, -50.23, -37.25, 17.55
0.15, -0.47, -0.57, -31.58, -29.10, 23.21
0.07, -0.47, -0.62, -6.22, -9.04, 22.33
-0.03, -0.58, -0.61, 3.60, 15.97, 23.86
-0.08, -0.80, -0.59, 5.24, 32.82, 19.82
-0.06, -0.98, -0.55, 10.85, 39.72, 22.68
0.03, -1.09, -0.51, 20.12, 25.89, 24.68
0.01, -1.15, -0.45, 23.15, 2.94, 13.30
-0.15, -1.19, -0.36, 25.38, -1.63, -6.10
-0.34, -1.20, -0.20, 11.40, -1.32, -21.98
-0.42, -1.22, -0.18, -10.25, 17.75, -30.36
-0.31, -1.13, -0.20, -18.29, 24.81, -37.37
-0.16, -0.95, -0.22, -30.18, 21.78, -34.94
-0.02, -0.81, -0.25, -41.97, 12.52, -25.27
0.10, -0.67, -0.28, -53.96, -1.47, -16.13
0.18, -0.51, -0.33, -58.07, -17.02, -1.66
0.24, -0.42, -0.41, -59.25, -28.52, 15.81
0.27, -0.36, -0.55, -45.44, -31.46, 29.27
0.20, -0.38, -0.60, -19.85, -30.18, 28.29
0.05, -0.51, -0.60, -7.10, -12.37, 30.61
-0.08, -0.72, -0.61, -4.13, 1.26, 26.49
-0.12, -0.92, -0.60, 7.88, 10.10, 26.39
-0.09, -1.03, -0.58, 26.47, 2.52, 20.95
-0.11, -1.17, -0.52, 39.12, -5.83, 8.89
-0.27, -1.27, -0.37, 30.15, 1.71, -6.09
-0.48, -1.30, -0.19, 12.47, 15.08, -23.36
-0.49, -1.23, -0.17, -3.78, 42.45, -33.20
-0.29, -1.10, -0.17, -19.22, 43.61, -38.16
-0.10, -0.97, -0.20, -31.84, 29.18, -33.20
0.07, -0.84, -0.23, -44.43, 10.86, -23.24
0.15, -0.71, -0.26, -53.85, -16.26, -21.37
0.14, -0.56, -0.32, -64.00, -34.52, -9.94
0.17, -0.45, -0.45, -58.90, -27.70, 14.42
0.24, -0.35, -0.59, -44.83, -21.41, 24.34
0.17, -0.36, -0.65, -18.18, -14.62, 22.00
0.04, -0.47, -0.67, 0.27, 7.61, 27.33
-0.05, -0.71, -0.66, -0.35, 22.59, 27.77
-0.09, -0.89, -0.60, 4.07, 33.40, 29.32
-0.01, -1.03, -0.55, 20.12, 19.28, 25.92
0.00, -1.13, -0.53, 35.79, -6.64, 12.49
-0.16, -1.26, -0.42, 35.72, -1.93, 0.38
-0.41, -1.32, -0.20, 17.55, 4.42, -19.67
-0.54, -1.27, -0.14, -3.59, 33.45, -32.98
-0.40, -1.16, -0.16, -15.02, 52.63, -38.15
-0.14, -1.01, -0.17, -29.53, 41.62, -37.37
0.02, -0.87, -0.19, -45.33, 21.76, -27.12
0.15, -0.72, -0.23, -59.12, -5.24, -21.54
0.17, -0.58, -0.30, -64.00, -29.17, -15.74
0.19, -0.44, -0.44, -60.06, -32.19, 2.02
0.21, -0.34, -0.55, -50.95, -22.92, 14.27
0.19, -0.32, -0.67, -25.45, -5.30, 17.27
0.14, -0.38, -0.73, -2.35, 12.59, 25.67
0.06, -0.58, -0.70, 2.94, 29.69, 31.30
0.02, -0.79, -0.63, 2.25, 39.17, 38.42
0.06, -0.96, -0.57, 20.78, 21.35, 28.85
0.04, -1.10, -0.54, 39.24, 7.26, 22.78
-0.10, -1.26, -0.36, 27.44, -1.62, 16.19
-0.36, -1.35, -0.15, 6.29, -0.34, -2.60
-0.48, -1.29, -0.13, -1.20, 12.86, -19.76
-0.44, -1.13, -0.15, -18.50, 22.73, -37.31
-0.28, -1.05, -0.12, -41.69, 28.43, -39.96
-0.07, -0.94, -0.21, -51.16, 19.55, -31.71
0.09, -0.75, -0.29, -61.41, 2.65, -24.96
0.15, -0.60, -0.34, -64.00, -13.67, -21.13
0.24, -0.50, -0.46, -64.00, -16.15, -5.13
0.30, -0.40, -0.64, -43.37, -12.00, 8.33
0.25, -0.39, -0.75, -25.75, -4.23, 10.78
0.18, -0.49, -0.76, -4.98, 17.07, 24.13
0.14, -0.63, -0.72, 6.82, 27.88, 32.94
0.05, -0.80, -0.59, 3.26, 29.14, 33.21
-0.00, -0.96, -0.51, 17.57, 28.13, 28.68
-0.04, -1.09, -0.46, 35.60, 12.22, 13.17
-0.19, -1.20, -0.35, 33.80, 13.04, 5.86
-0.37, -1.27, -0.12, 15.15, 6.54, -11.20
-0.45, -1.23, -0.12, 11.40, 11.99, -30.48
-0.39, -1.08, -0.10, -3.91, 23.22, -40.04
-0.24, -0.96, -0.04, -22.57, 19.87, -42.71
-0.03, -0.84, -0.11, -36.98, 11.82, -32.44
0.12, -0.70, -0.15, -57.37, -15.13, -24.88
0.21, -0.59, -0.25, -64.00, -33.55, -12.31
0.30, -0.47, -0.44, -62.22, -41.70, 7.41
0.33, -0.36, -0.70, -40.06, -37.35, 16.47
0.29, -0.35, -0.82, -16.72, -20.96, 21.37
0.24, -0.46, -0.85, 5.62, 4.11, 36.08
0.17, -0.66, -0.79, 14.63, 21.84, 43.46
0.06, -0.87, -0.67, 15.42, 23.48, 41.41
-0.01, -1.02, -0.54, 29.58, 11.58, 28.21
-0.09, -1.16, -0.46, 44.77, 7.58, 16.48
-0.26, -1.29, -0.22, 27.27, 0.29, 4.37
-0.44, -1.36, -0.12, 15.79, 4.07, -14.41
-0.47, -1.22, -0.12, 5.93, 12.95, -35.66
-0.37, -1.09, -0.09, -18.19, 23.62, -47.99
-0.17, -0.97, -0.12, -37.73, 23.88, -44.90
0.05, -0.87, -0.22, -52.54, 18.54, -31.63
0.19, -0.70, -0.30, -64.00, -6.42, -20.84
0.26, -0.56, -0.39, -64.00, -15.88, -8.11
0.31, -0.43, -0.53, -58.79, -29.83, 4.71
0.28, -0.36, -0.65, -47.56, -30.86, 12.97
0.25, -0.41, -0.75, -23.40, -11.21, 25.47
0.20, -0.51, -0.76, -4.47, 4.40, 36.47
0.08, -0.67, -0.68, 4.73, 16.60, 38.01
-0.02, -0.84, -0.57, 14.97, 22.79, 31.35
-0.04, -1.04, -0.47, 31.88, 10.46, 17.45
-0.10, -1.21, -0.41, 33.65, 6.75, 11.23
-0.26, -1.31, -0.19, 13.56, 6.39, -1.37
-0.40, -1.29, -0.09, 1.44, 5.07, -26.92
-0.38, -1.16, -0.13, -6.25, 21.74, -34.93
-0.22, -1.06, -0.10, -21.84, 18.40, -41.82
-0.04, -0.96, -0.16, -33.97, 7.62, -38.68
0.08, -0.82, -0.25, -46.05, -6.44, -27.77
0.15, -0.66, -0.35, -56.49, -18.60, -21.30
0.20, -0.54, -0.49, -55.01, -20.27, -7.08
0.26, -0.42, -0.64, -41.18, -12.64, 4.40
0.27, -0.37, -0.78, -27.50, 5.31, 13.45
0.27, -0.41, -0.81, -2.37, 23.39, 24.68
0.23, -0.53, -0.75, 4.99, 34.29, 37.67
0.14, -0.73, -0.64, 5.76, 34.46, 41.23
0.09, -0.89, -0.54, 18.59, 27.72, 35.73
0.00, -1.06, -0.45, 37.23, 19.03, 17.73
-0.15, -1.27, -0.22, 21.85, 7.36, 17.72
-0.29, -1.38, -0.10, 4.56, -5.44, 9.06
-0.35, -1.28, -0.12, 4.82, -6.86, -12.27
-0.38, -1.10, -0.09, -11.20, -9.40, -33.65
-0.36, -1.02, -0.06, -33.94, 8.62, -44.09
-0.18, -0.95, -0.16, -46.13, 14.50, -43.47
0.01, -0.79, -0.30, -56.36, 10.62, -34.38
0.15, -0.64, -0.37, -64.00, -5.99, -22.32
0.25, -0.51, -0.53, -58.37, -1.04, -1.16
0.36, -0.38, -0.66, -43.79, -5.49, 10.75
0.35, -0.35, -0.73, -28.76, -4.74, 12.81
0.33, -0.43, -0.77, -6.52, 5.96, 25.74
0.26, -0.58, -0.72, 1.76, 12.16, 33.70
0.13, -0.80, -0.61, 11.22, 20.07, 38.80
0.08, -0.97, -0.51, 24.42, 12.23, 29.58
-0.03, -1.13, -0.41, 36.37, 15.43, 19.82
-0.17, -1.25, -0.22, 22.12, 3.72, 12.07
-0.30, -1.30, -0.12, 12.85, -0.29, -7.19
-0.37, -1.21, -0.11, 5.26, -4.07, -28.17
-0.32, -1.08, -0.09, -15.47, 6.22, -42.06
-0.17, -1.00, -0.10, -32.68, 7.64, -45.43
0.03, -0.89, -0.23, -38.86, 3.21, -38.30
0.16, -0.75, -0.31, -53.74, -16.07, -28.87
0.23, -0.62, -0.44, -57.34, -16.63, -10.17
0.33, -0.48, -0.65, -43.99, -12.36, 9.93
0.34, -0.37, -0.72, -33.44, -10.19, 15.34
0.31, -0.39, -0.76, -12.39, 7.70, 25.38
0.25, -0.51, -0.72, 0.79, 12.85, 33.15
0.14, -0.69, -0.62, -0.04, 24.06, 36.91
0.07, -0.87, -0.53, 8.42, 21.07, 35.79
0.01, -1.02, -0.45, 26.69, 14.63, 20.04
-0.11, -1.19, -0.32, 26.18, 0.72, 12.00
-0.25, -1.32, -0.15, 12.39, -7.06, 2.42
-0.34, -1.31, -0.09, 1.72, -9.18, -16.23
-0.37, -1.18, -0.08, -10.56, -1.29, -34.95
-0.29, -1.05, -0.09, -27.77, 11.85, -43.38
-0.11, -0.93, -0.19, -38.57, 14.23, -44.64
0.06, -0.81, -0.31, -48.36, 1.71, -35.66
0.18, -0.67, -0.41, -56.52, -10.88, -22.00
0.29, -0.53, -0.53, -50.11, -10.59, -1.97
0.36, -0.38, -0.64, -39.17, -12.79, 16.51
0.34, -0.34, -0.68, -26.63, -5.99, 23.89
0.28, -0.41, -0.65, -6.84, 0.88, 36.44
0.17, -0.56, -0.55, -6.86, 1.37, 46.00
0.02, -0.75, -0.42, -8.83, -1.33, 47.19
-0.05, -0.87, -0.35, -5.57, -0.07, 46.31
-0.07, -0.95, -0.29, -7.46, -20.01, 37.01
-0.16, -1.00, -0.26, -17.07, -23.33, 26.57
-0.21, -1.01, -0.21, -30.63, -28.39, 21.88
-0.18, -0.98, -0.34, -24.07, -17.95, 16.31
-0.11, -0.91, -0.38, -17.75, -6.59, 15.89
-0.08, -0.90, -0.39, -15.53, -5.68, 9.59
-0.03, -0.91, -0.46, -10.36, 1.03, 12.72
0.04, -0.90, -0.47, -11.34, -2.53, 14.48
0.09, -0.88, -0.46, -10.56, -11.33, 13.57
0.09, -0.84, -0.45, -11.35, -20.21, 12.95
0.06, -0.81, -0.44, -12.82, -20.40, 12.07
0.03, -0.80, -0.44, -15.79, -14.34, 14.80
0.02, -0.80, -0.43, -17.81, -12.12, 21.18
0.02, -0.77, -0.43, -18.47, -15.03, 25.58
0.04, -0.74, -0.45, -13.62, -17.34, 30.27
-0.03, -0.74, -0.43, -7.33, -17.93, 29.55
-0.10, -0.81, -0.39, -8.28, -14.39, 27.46
-0.15, -0.92, -0.35, -15.04, -15.39, 28.39
-0.15, -0.97, -0.34, -20.37, -27.04, 27.96
-0.14, -0.92, -0.38, -16.10, -37.53, 24.05
-0.16, -0.84, -0.44, -10.54, -38.95, 17.67
-0.21, -0.79, -0.46, -6.86, -28.12, 14.25
-0.24, -0.79, -0.44, -6.99, -13.53, 11.78
-0.22, -0.82, -0.41, -11.25, -3.87, 13.77
-0.16, -0.83, -0.41, -14.16, -4.34, 17.90
-0.08, -0.82, -0.43, -15.98, -15.84, 22.47
-0.06, -0.78, -0.43, -13.82, -27.83, 23.52
-0.09, -0.75, -0.44, -9.36, -37.08, 24.37
-0.14, -0.76, -0.42, -7.22, -38.52, 27.75
-0.18, -0.82, -0.39, -10.17, -41.82, 28.54
-0.20, -0.85, -0.36, -14.10, -41.49, 29.30
-0.21, -0.84, -0.35, -15.09, -46.82, 26.84
-0.23, -0.82, -0.37, -16.59, -43.06, 25.03
-0.22, -0.81, -0.35, -15.90, -49.59, 23.77
-0.23, -0.81, -0.37, -14.74, -53.45, 20.98
-0.24, -0.82, -0.38, -14.88, -52.04, 22.50
-0.22, -0.84, -0.37, -14.15, -52.99, 25.66
-0.21, -0.85, -0.37, -13.21, -57.63, 23.95
-0.21, -0.83, -0.38, -11.65, -57.52, 25.26
-0.19, -0.83, -0.38, -8.21, -64.00, 27.85
-0.19, -0.84, -0.39, -2.65, -64.00, 25.61
-0.23, -0.84, -0.37, -5.24, -64.00, 21.07
-0.27, -0.84, -0.34, -3.13, -64.00, 22.04
-0.28, -0.84, -0.33, -0.71, -64.00, 22.46
-0.29, -0.83, -0.32, 2.14, -64.00, 20.63
-0.30, -0.84, -0.27, -0.45, -64.00, 17.04
-0.37, -0.85, -0.24, -4.51, -64.00, 14.29
-0.40, -0.85, -0.24, -6.03, -64.00, 12.94
-0.39, -0.84, -0.23, -5.31, -64.00, 11.96
-0.39, -0.83, -0.20, -6.45, -64.00, 10.44
-0.42, -0.83, -0.19, -7.74, -63.72, 6.47
-0.43, -0.83, -0.24, -5.68, -52.02, 6.38
-0.44, -0.82, -0.22, -6.12, -44.78, 6.31
-0.43, -0.81, -0.19, -7.37, -46.84, 8.61
-0.38, -0.82, -0.20, -7.56, -58.77, 9.86
-0.36, -0.81, -0.22, -6.61, -64.00, 5.70
-0.37, -0.80, -0.19, -6.63, -64.00, 5.86
-0.42, -0.79, -0.16, -7.81, -64.00, 4.78
-0.47, -0.80, -0.17, -8.06, -52.16, 6.02
-0.49, -0.80, -0.16, -7.98, -39.77, 7.99
-0.47, -0.80, -0.14, -9.19, -33.62, 10.82
-0.46, -0.80, -0.14, -12.09, -33.27, 11.03
-0.45, -0.80, -0.15, -10.61, -33.36, 9.32
-0.46, -0.78, -0.14, -12.14, -37.91, 8.27
-0.47, -0.78, -0.12, -11.46, -37.87, 6.60
-0.48, -0.79, -0.12, -11.53, -38.48, 5.53
-0.49, -0.80, -0.12, -12.17, -39.02, 2.42
-0.49, -0.80, -0.12, -14.19, -39.06, 1.84
-0.49, -0.81, -0.11, -14.03, -38.95, 0.41
-0.49, -0.82, -0.12, -11.68, -33.77, -0.86
-0.50, -0.81, -0.12, -10.05, -28.60, -0.94
-0.50, -0.81, -0.11, -8.90, -21.54, -5.15
-0.50, -0.81, -0.11, -10.41, -10.94, -8.10
-0.54, -0.80, -0.06, -13.72, 3.89, -11.08
-0.55, -0.80, -0.03, -16.28, 15.37, -8.75
-0.47, -0.81, -0.06, -16.51, 13.11, -7.13
-0.44, -0.81, -0.11, -16.85, 6.39, -5.75
-0.42, -0.80, -0.09, -16.20, -1.62, -8.99
-0.43, -0.78, -0.07, -17.21, -8.91, -9.49
-0.42, -0.79, -0.08, -16.94, -17.10, -9.24
-0.42, -0.80, -0.08, -17.26, -22.12, -9.43
-0.43, -0.80, -0.08, -17.32, -22.21, -9.19
-0.44, -0.80, -0.09, -14.32, -21.56, -7.30
-0.44, -0.80, -0.10, -12.94, -19.43, -8.78
-0.44, -0.80, -0.09, -13.38, -17.28, -6.44
-0.45, -0.81, -0.08, -13.40, -12.57, -6.16
-0.44, -0.80, -0.08, -13.86, -13.20, -6.13
-0.43, -0.80, -0.06, -16.56, -20.04, -6.26
-0.43, -0.82, -0.05, -16.25, -20.72, -7.66
-0.46, -0.82, -0.04, -17.81, -19.82, -8.81
-0.45, -0.81, -0.05, -17.96, -22.42, -9.37
-0.43, -0.81, -0.06, -20.51, -27.00, -8.42
-0.43, -0.83, -0.06, -17.71, -24.05, -8.92
-0.46, -0.81, -0.05, -16.40, -19.75, -11.04
-0.47, -0.81, -0.04, -19.03, -14.53, -11.80
-0.46, -0.84, -0.04, -18.91, -13.84, -11.60
-0.44, -0.83, -0.03, -21.00, -17.17, -10.90
-0.43, -0.82, -0.02, -20.35, -21.73, -13.62
-0.44, -0.80, -0.01, -18.73, -17.71, -15.07
-0.46, -0.80, -0.00, -19.10, -6.89, -15.62
-0.47, -0.83, 0.01, -23.17, -1.93, -13.18
-0.45, -0.85, 0.01, -25.46, -0.57, -16.21
-0.43, -0.85, 0.01, -26.80, -5.45, -16.04
-0.41, -0.85, 0.02, -28.33, -12.40, -16.96
-0.39, -0.85, 0.01, -29.88, -23.34, -20.11
-0.38, -0.86, -0.01, -29.21, -31.09, -21.31
-0.39, -0.86, -0.03, -31.54, -24.68, -24.62
-0.42, -0.84, -0.02, -34.40, -18.53, -25.41
-0.45, -0.84, 0.01, -38.11, -16.49, -25.10
-0.40, -0.86, -0.01, -39.55, -22.12, -23.79
-0.33, -0.85, -0.08, -37.78, -24.63, -17.26
-0.22, -0.80, -0.18, -28.61, -23.29, -4.41
-0.10, -0.72, -0.25, -12.18, -35.38, 3.84
-0.17, -0.70, -0.18, -12.00, -54.44, -5.69
-0.37, -0.76, 0.02, -24.03, -64.00, -3.06
-0.43, -0.86, 0.10, -37.64, -64.00, -0.58
-0.36, -0.91, 0.09, -46.85, -64.00, 4.35
-0.33, -0.79, -0.01, -24.33, -64.00, -20.39
-0.56, -0.68, -0.07, -19.78, -62.82, -12.00
-0.60, -0.77, -0.07, -20.79, -16.28, -5.02
-0.48, -0.92, -0.04, -27.75, -1.62, 0.55
-0.37, -0.94, 0.00, -27.23, -8.90, 4.71
-0.32, -0.91, 0.00, -23.27, -19.45, -1.35
-0.38, -0.90, -0.02, -19.76, -20.94, -6.85
-0.46, -0.90, -0.01, -18.63, -12.97, -14.48
-0.54, -0.91, 0.03, -22.32, -2.78, -22.39
-0.55, -0.93, 0.06, -28.95, 2.25, -24.37
-0.50, -0.93, 0.07, -34.06, 1.33, -28.15
-0.44, -0.89, 0.05, -37.60, -4.89, -27.12
-0.37, -0.83, -0.02, -36.99, -8.18, -24.67
-0.30, -0.76, -0.10, -31.92, -10.41, -17.82
-0.24, -0.71, -0.18, -24.55, -6.66, -8.88
-0.21, -0.69, -0.26, -15.04, 5.74, 5.33
-0.14, -0.68, -0.32, -7.57, 5.06, 21.22
-0.12, -0.71, -0.37, 5.38, -0.10, 30.62
-0.20, -0.66, -0.41, 28.10, 8.50, 37.10
-0.25, -0.65, -0.34, 41.19, 9.85, 42.55
-0.31, -0.80, -0.11, 38.94, 20.76, 29.05
-0.47, -0.98, 0.24, 22.09, 23.29, 21.94
-0.60, -1.14, 0.35, 6.60, 22.56, 4.19
-0.61, -1.18, 0.35, -3.43, 13.48, -16.39
-0.60, -1.14, 0.37, -25.36, 11.38, -35.32
-0.58, -1.11, 0.37, -45.02, 5.26, -40.93
-0.44, -1.01, 0.26, -50.49, 2.02, -39.49
-0.27, -0.86, 0.06, -49.44, -9.82, -26.69
-0.14, -0.72, -0.05, -46.04, -30.33, -16.76
-0.12, -0.59, -0.11, -37.71, -40.76, -0.12
-0.11, -0.51, -0.20, -28.22, -46.78, 16.88
-0.14, -0.50, -0.28, -15.05, -46.62, 28.27
-0.23, -0.52, -0.35, 7.60, -39.88, 36.29
-0.39, -0.53, -0.42, 31.67, -15.94, 36.87
-0.49, -0.60, -0.39, 50.20, 18.62, 35.39
-0.54, -0.81, -0.11, 48.81, 51.83, 28.17
-0.61, -1.07, 0.26, 28.13, 58.31, 17.01
-0.64, -1.27, 0.39, 12.16, 46.04, 0.01
-0.63, -1.22, 0.37, 0.58, 28.87, -25.29
-0.62, -1.08, 0.38, -18.93, 16.79, -41.21
-0.54, -1.05, 0.37, -37.28, -0.29, -41.79
-0.39, -1.01, 0.24, -46.52, -5.94, -40.89
-0.28, -0.89, 0.04, -49.01, -6.19, -24.82
-0.21, -0.76, -0.06, -49.31, -10.93, -12.08
-0.15, -0.67, -0.15, -43.23, -18.05, 7.36
-0.08, -0.60, -0.26, -29.35, -26.90, 20.84
-0.12, -0.57, -0.34, -12.68, -28.41, 29.29
-0.24, -0.60, -0.41, 9.57, -17.47, 32.08
-0.39, -0.63, -0.37, 28.67, 15.51, 28.56
-0.52, -0.73, -0.14, 30.16, 46.21, 26.79
-0.56, -0.91, 0.14, 28.26, 64.00, 19.66
-0.57, -1.05, 0.27, 20.60, 64.00, 4.36
-0.57, -1.14, 0.37, 3.31, 44.50, -15.65
-0.62, -1.14, 0.42, -15.21, 29.10, -39.62
-0.61, -1.04, 0.44, -35.91, 18.20, -42.59
-0.44, -0.99, 0.38, -49.16, 0.66, -40.45
-0.20, -0.91, 0.13, -50.23, -13.71, -27.50
-0.10, -0.79, -0.03, -49.50, -27.30, -14.04
-0.11, -0.68, -0.09, -49.13, -38.86, -4.82
-0.15, -0.62, -0.20, -38.68, -36.69, 17.86
-0.11, -0.59, -0.35, -21.47, -37.15, 27.10
-0.17, -0.59, -0.40, -1.11, -33.27, 33.95
-0.30, -0.63, -0.39, 20.46, -15.01, 28.51
-0.47, -0.71, -0.27, 26.98, 17.82, 20.32
-0.62, -0.83, -0.06, 34.75, 62.38, 18.71
-0.63, -0.93, 0.10, 30.72, 64.00, 14.33
-0.55, -1.09, 0.28, 15.05, 64.00, -0.14
-0.53, -1.19, 0.43, -4.36, 31.69, -28.23
-0.59, -1.12, 0.50, -28.04, 13.15, -43.40
-0.56, -1.03, 0.47, -45.61, -2.14, -41.91
-0.38, -0.98, 0.29, -56.65, -13.04, -42.75
-0.22, -0.88, 0.03, -58.45, -20.57, -24.22
-0.11, -0.74, -0.08, -56.39, -38.01, -15.04
-0.13, -0.64, -0.18, -49.42, -38.52, -2.22
-0.14, -0.57, -0.33, -28.91, -35.26, 14.96
-0.17, -0.54, -0.44, -6.92, -21.18, 18.49
-0.25, -0.57, -0.45, 19.94, -7.07, 25.65
-0.32, -0.68, -0.38, 35.26, 13.91, 24.35
-0.43, -0.75, -0.26, 39.46, 43.54, 21.43
-0.51, -0.83, -0.04, 40.28, 64.00, 28.52
-0.50, -0.92, 0.18, 35.96, 64.00, 17.70
-0.49, -1.09, 0.33, 15.21, 47.31, 5.25
-0.53, -1.19, 0.47, -2.91, 15.62, -23.12
-0.63, -1.15, 0.52, -24.48, 5.23, -39.87
-0.61, -1.06, 0.48, -46.79, -7.79, -42.59
-0.43, -1.01, 0.31, -55.49, -15.43, -40.32
-0.24, -0.93, 0.03, -60.06, -24.57, -28.90
-0.12, -0.80, -0.13, -54.87, -35.35, -14.33
-0.13, -0.67, -0.21, -45.06, -37.72, -3.28
-0.13, -0.62, -0.35, -28.46, -31.30, 20.81
-0.11, -0.62, -0.48, -8.57, -22.81, 25.08
-0.19, -0.65, -0.44, 10.04, -12.59, 34.27
-0.26, -0.72, -0.40, 26.28, 3.81, 29.84
-0.40, -0.80, -0.22, 32.76, 32.86, 27.03
-0.51, -0.88, 0.06, 31.56, 60.85, 32.37
-0.53, -0.98, 0.29, 17.79, 54.25, 13.44
-0.56, -1.09, 0.40, -4.58, 28.39, -4.23
-0.63, -1.10, 0.49, -25.63, 6.30, -32.23
-0.67, -1.02, 0.54, -50.59, -5.78, -36.54
-0.51, -0.99, 0.39, -58.09, -20.67, -38.85
-0.29, -0.93, 0.11, -59.72, -27.10, -32.66
-0.16, -0.82, -0.09, -55.73, -37.07, -22.00
-0.15, -0.71, -0.16, -46.02, -38.06, -11.51
-0.14, -0.65, -0.30, -31.97, -33.94, 8.14
-0.14, -0.63, -0.40, -17.40, -22.47, 20.46
-0.18, -0.65, -0.43, -0.49, -14.86, 30.81
-0.22, -0.67, -0.43, 19.04, -2.27, 30.83
-0.34, -0.71, -0.31, 29.40, 22.23, 27.33
-0.47, -0.80, -0.08, 31.23, 48.96, 34.28
-0.49, -0.93, 0.17, 26.20, 52.94, 25.13
-0.52, -1.04, 0.29, 9.21, 45.44, 9.55
-0.57, -1.13, 0.43, -13.16, 10.74, -16.79
-0.69, -1.10, 0.52, -38.15, -0.58, -37.72
-0.67, -1.02, 0.47, -54.06, -12.95, -38.73
-0.45, -0.96, 0.24, -56.41, -17.92, -42.38
-0.25, -0.88, -0.02, -58.52, -24.17, -31.38
-0.16, -0.79, -0.13, -53.34, -30.89, -23.19
-0.16, -0.69, -0.22, -43.18, -27.34, -2.78
-0.13, -0.64, -0.35, -27.81, -23.79, 8.52
-0.15, -0.62, -0.42, -12.62, -14.23, 25.46
-0.15, -0.65, -0.43, 8.66, -9.18, 30.83
-0.22, -0.70, -0.39, 23.16, 5.28, 30.74
-0.35, -0.78, -0.24, 28.78, 27.25, 32.89
-0.44, -0.86, -0.00, 29.00, 47.00, 35.75
-0.47, -0.93, 0.20, 23.29, 43.99, 23.43
-0.54, -1.01, 0.30, 4.55, 38.65, 6.79
-0.64, -1.08, 0.43, -13.09, 11.52, -22.75
-0.75, -1.06, 0.51, -38.85, 5.52, -39.76
-0.68, -1.02, 0.45, -55.11, -9.04, -43.65
-0.43, -0.96, 0.21, -56.17, -13.26, -45.12
-0.24, -0.87, -0.03, -58.07, -21.56, -32.92
-0.14, -0.78, -0.14, -52.74, -29.36, -21.97
-0.11, -0.70, -0.27, -38.92, -30.64, -7.59
-0.11, -0.66, -0.40, -25.52, -17.52, 10.32
-0.10, -0.67, -0.47, -7.76, -9.01, 27.88
-0.10, -0.69, -0.48, 10.35, -5.65, 34.93
-0.20, -0.72, -0.43, 27.41, 14.06, 34.64
-0.34, -0.75, -0.25, 32.87, 40.75, 42.24
-0.44, -0.85, 0.04, 29.32, 51.07, 37.37
-0.52, -0.95, 0.21, 22.27, 49.69, 22.32
-0.63, -1.01, 0.34, 0.93, 37.10, 3.82
-0.74, -1.03, 0.53, -17.14, 17.62, -31.87
-0.81, -1.01, 0.54, -39.08, 9.92, -44.50
-0.66, -0.99, 0.41, -50.89, -4.94, -51.39
-0.39, -0.95, 0.18, -51.43, -9.86, -51.88
-0.22, -0.87, -0.06, -51.36, -15.87, -37.93
-0.12, -0.77, -0.17, -42.82, -22.87, -26.79
-0.09, -0.70, -0.29, -31.07, -25.16, -10.13
-0.09, -0.68, -0.40, -19.46, -17.93, 6.28
-0.10, -0.70, -0.45, -9.32, -5.82, 29.04
-0.08, -0.72, -0.44, 7.33, -7.84, 36.82
-0.15, -0.73, -0.39, 20.49, -1.39, 36.89
-0.31, -0.78, -0.25, 27.19, 21.55, 38.14
-0.43, -0.86, -0.00, 25.10, 46.99, 33.10
-0.54, -0.94, 0.22, 19.66, 49.25, 21.46
-0.63, -1.01, 0.38, 0.23, 35.62, 0.60
-0.69, -1.07, 0.47, -20.92, 9.44, -31.96
-0.74, -1.03, 0.48, -44.71, 9.30, -47.56
-0.60, -0.98, 0.39, -52.92, -2.56, -48.08
-0.36, -0.93, 0.11, -52.78, -6.61, -51.26
-0.23, -0.87, -0.10, -53.29, -5.36, -39.86
-0.14, -0.79, -0.19, -46.77, -6.86, -23.07
-0.07, -0.72, -0.27, -34.76, -13.57, -14.54
-0.09, -0.69, -0.36, -25.76, -8.04, 5.38
-0.08, -0.70, -0.40, -10.84, -1.52, 22.68
-0.08, -0.71, -0.41, 5.33, -4.71, 28.36
-0.14, -0.74, -0.37, 13.48, -2.21, 33.71
-0.22, -0.80, -0.22, 18.70, 7.21, 36.56
-0.35, -0.82, -0.05, 21.47, 31.17, 33.42
-0.46, -0.87, 0.07, 18.49, 39.44, 33.40
-0.47, -0.98, 0.20, 10.88, 12.56, 19.13
-0.54, -1.02, 0.29, -1.93, -3.82, -5.73
-0.66, -1.00, 0.39, -17.06, -12.51, -28.22
-0.71, -0.99, 0.38, -33.29, -9.03, -41.45
-0.63, -0.98, 0.31, -51.98, -12.65, -47.70
-0.45, -0.94, 0.13, -52.81, -7.73, -46.82
-0.29, -0.86, -0.08, -54.18, -6.00, -39.50
-0.18, -0.81, -0.20, -46.09, -4.91, -20.51
-0.08, -0.74, -0.31, -31.42, -3.86, -6.60
-0.01, -0.70, -0.44, -17.37, -4.31, 12.38
0.04, -0.72, -0.45, 0.02, -4.07, 28.69
-0.02, -0.76, -0.40, 12.30, -6.06, 30.17
-0.20, -0.81, -0.25, 16.50, 7.63, 32.73
-0.36, -0.86, -0.03, 14.49, 27.59, 27.67
-0.49, -0.92, 0.07, 9.06, 34.62, 24.21
-0.57, -0.98, 0.16, 2.66, 33.24, 4.36
-0.64, -1.00, 0.30, -17.08, 14.40, -16.16
-0.68, -1.01, 0.41, -35.21, 2.58, -37.08
-0.60, -0.99, 0.35, -49.74, -4.38, -42.41
-0.46, -0.91, 0.15, -49.54, -2.73, -49.77
-0.35, -0.85, -0.05, -45.80, 9.38, -42.86
-0.18, -0.77, -0.21, -36.19, 9.07, -23.28
-0.03, -0.72, -0.27, -26.69, -6.56, -17.82
-0.07, -0.70, -0.31, -19.16, -3.54, 0.64
-0.05, -0.72, -0.37, -5.12, 6.72, 23.70
0.04, -0.72, -0.36, 10.19, -8.70, 26.45
-0.08, -0.78, -0.29, 12.71, -14.49, 28.79
-0.23, -0.86, -0.18, 11.25, -1.11, 33.69
-0.33, -0.89, -0.06, 11.51, 10.52, 35.39
-0.42, -0.93, 0.06, 10.36, 19.14, 20.51
-0.54, -0.99, 0.17, 3.43, 17.87, 6.18
-0.63, -1.04, 0.25, -12.87, 20.65, -14.92
-0.65, -1.06, 0.28, -26.71, 14.18, -33.74
-0.61, -1.02, 0.26, -43.21, 10.82, -42.64
-0.48, -0.96, 0.13, -44.30, 12.93, -45.82
-0.30, -0.88, -0.05, -44.09, 14.03, -39.71
-0.15, -0.82, -0.15, -39.54, 1.22, -27.70
-0.05, -0.79, -0.23, -32.45, -7.76, -15.90
0.01, -0.76, -0.37, -20.85, -9.28, 3.60
0.06, -0.73, -0.42, -5.31, -3.32, 27.03
0.07, -0.73, -0.42, 8.28, -12.09, 32.81
-0.08, -0.78, -0.33, 12.94, -9.00, 33.87
-0.24, -0.83, -0.18, 12.96, 8.38, 38.34
-0.34, -0.87, -0.05, 14.46, 18.47, 40.55
-0.44, -0.91, 0.04, 15.25, 24.35, 29.80
-0.49, -0.95, 0.14, 7.15, 17.26, 11.02
-0.61, -0.97, 0.27, -3.73, 9.49, -8.80
-0.69, -0.99, 0.37, -22.54, 5.08, -36.20
-0.68, -1.00, 0.35, -39.83, -1.26, -46.41
-0.55, -0.96, 0.21, -46.65, 0.63, -50.28
-0.32, -0.88, 0.01, -44.50, -0.15, -43.74
-0.15, -0.82, -0.10, -43.73, -12.82, -35.71
-0.08, -0.81, -0.17, -42.41, -14.70, -25.24
-0.04, -0.75, -0.32, -28.26, -5.68, 3.45
0.12, -0.72, -0.49, -5.25, 2.08, 32.91
0.19, -0.69, -0.52, 11.86, -19.19, 34.64
-0.00, -0.75, -0.43, 14.89, -23.31, 37.52
-0.17, -0.86, -0.27, 16.99, -7.58, 46.08
-0.27, -0.92, -0.08, 15.53, 2.50, 49.13
-0.39, -0.94, 0.08, 14.74, 18.65, 37.30
-0.54, -0.95, 0.16, 11.33, 21.22, 23.83
-0.65, -0.97, 0.26, -1.00, 15.48, 0.79
-0.69, -1.00, 0.32, -16.29, 2.77, -26.11
-0.71, -1.00, 0.37, -36.81, -4.16, -42.43
-0.63, -0.98, 0.33, -48.96, -6.71, -45.17
-0.42, -0.92, 0.09, -44.43, -3.05, -45.37
-0.24, -0.85, -0.13, -42.10, -2.03, -31.87
-0.08, -0.80, -0.21, -36.97, -16.88, -22.76
-0.07, -0.78, -0.22, -32.04, -17.88, -18.56
-0.13, -0.78, -0.28, -25.33, -5.03, 5.06
-0.06, -0.78, -0.38, -11.73, 6.59, 23.76
0.02, -0.77, -0.44, 3.45, 0.13, 34.24
-0.03, -0.77, -0.41, 13.33, -4.37, 36.14
-0.13, -0.78, -0.29, 16.79, 2.68, 44.98
-0.20, -0.82, -0.10, 19.68, 2.81, 47.33
-0.31, -0.88, 0.07, 18.27, 12.54, 36.53
-0.48, -0.93, 0.20, 10.89, 13.01, 24.56
-0.60, -0.96, 0.30, -1.56, 3.99, 7.32
-0.67, -0.98, 0.34, -18.77, -9.66, -24.60
-0.71, -0.98, 0.36, -38.95, -16.00, -37.59
-0.59, -0.98, 0.30, -47.96, -21.38, -41.95
-0.40, -0.96, 0.08, -44.06, -17.75, -45.52
-0.27, -0.90, -0.11, -41.78, -11.88, -36.89
-0.15, -0.83, -0.24, -34.76, -5.80, -19.82
-0.02, -0.78, -0.31, -23.70, -14.37, -10.64
-0.04, -0.77, -0.35, -15.55, -6.64, 7.37
-0.03, -0.80, -0.36, -8.08, -3.67, 28.04
-0.01, -0.83, -0.39, 5.70, -8.95, 37.81
-0.10, -0.79, -0.37, 15.98, -6.42, 46.43
-0.18, -0.76, -0.23, 22.33, -1.19, 49.88
-0.26, -0.81, -0.01, 20.19, 4.30, 44.80
-0.44, -0.91, 0.21, 8.59, 7.22, 29.31
-0.62, -0.95, 0.36, -1.12, 7.78, 19.18
-0.69, -0.97, 0.40, -14.54, -5.91, -11.25
-0.75, -0.95, 0.39, -29.63, -5.67, -31.93
-0.69, -0.93, 0.34, -43.87, -12.18, -37.26
-0.50, -0.93, 0.21, -46.84, -22.28, -46.42
-0.38, -0.90, 0.02, -45.65, -20.29, -45.96
-0.26, -0.85, -0.12, -44.88, -14.01, -31.38
-0.13, -0.81, -0.22, -34.13, -13.78, -19.01
-0.07, -0.77, -0.30, -23.94, -12.41, -8.16
-0.10, -0.78, -0.34, -17.28, 0.94, 11.56
-0.06, -0.82, -0.36, -4.40, 3.87, 32.21
-0.00, -0.81, -0.39, 9.62, -2.26, 40.01
-0.08, -0.79, -0.34, 17.94, -2.65, 48.90
-0.17, -0.80, -0.16, 21.98, 6.66, 48.71
-0.32, -0.84, 0.07, 18.17, 23.36, 43.67
-0.48, -0.94, 0.27, 7.40, 15.34, 41.25
-0.55, -0.95, 0.34, -5.96, -11.25, 14.90
-0.65, -0.92, 0.33, -19.98, -20.08, -11.28
-0.69, -0.92, 0.32, -29.57, -25.60, -26.91
-0.64, -0.93, 0.30, -44.79, -27.82, -34.02
-0.47, -0.91, 0.17, -43.55, -29.59, -35.09
-0.28, -0.86, -0.06, -38.51, -25.53, -29.08
-0.22, -0.83, -0.18, -32.63, -19.00, -20.32
-0.17, -0.80, -0.25, -24.47, -13.01, -6.71
-0.12, -0.80, -0.30, -14.60, -8.37, 9.74
-0.09, -0.83, -0.33, -6.54, -8.18, 21.53
-0.12, -0.83, -0.32, 4.28, -9.94, 29.26
-0.20, -0.81, -0.26, 14.31, -6.74, 35.12
-0.29, -0.80, -0.14, 17.52, 3.44, 33.87
-0.38, -0.83, 0.03, 15.21, 13.76, 33.39
-0.50, -0.88, 0.24, 2.54, 14.17, 21.35
-0.58, -0.94, 0.33, -13.17, -0.83, 10.29
-0.63, -0.93, 0.35, -23.05, -11.04, -14.08
-0.65, -0.89, 0.32, -31.41, -12.61, -21.48
-0.58, -0.89, 0.26, -40.27, -18.88, -28.50
-0.44, -0.88, 0.13, -39.39, -20.35, -34.83
-0.36, -0.85, -0.02, -39.20, -14.60, -29.99
-0.27, -0.83, -0.12, -33.05, -6.77, -18.27
-0.17, -0.80, -0.20, -23.24, -6.58, -4.52
-0.10, -0.78, -0.27, -14.59, -6.31, 8.45
-0.08, -0.80, -0.31, -4.43, -6.50, 24.13
-0.10, -0.82, -0.33, 8.22, -9.22, 29.56
-0.18, -0.81, -0.29, 15.48, -1.98, 39.95
-0.24, -0.82, -0.17, 19.87, 2.83, 43.64
-0.33, -0.84, 0.02, 17.40, 6.78, 38.75
-0.48, -0.88, 0.22, 5.44, 9.34, 26.14
-0.64, -0.91, 0.37, -7.15, 9.78, 9.75
-0.73, -0.91, 0.44, -19.06, 4.20, -15.71
-0.77, -0.93, 0.41, -37.20, -2.02, -31.80
-0.68, -0.93, 0.34, -47.11, -8.44, -41.10
-0.47, -0.90, 0.18, -45.07, -16.50, -42.90
-0.31, -0.88, -0.03, -43.12, -23.12, -44.24
-0.27, -0.83, -0.14, -37.33, -12.36, -40.21
-0.26, -0.79, -0.19, -32.58, 4.15, -13.56
-0.11, -0.81, -0.27, -21.24, 0.14, -2.37
-0.06, -0.81, -0.33, -16.19, -1.67, 14.55
-0.09, -0.82, -0.30, -10.98, 0.28, 29.98
-0.10, -0.81, -0.26, 4.42, 6.58, 35.66
-0.19, -0.78, -0.20, 15.10, 18.95, 40.18
-0.30, -0.83, -0.05, 16.15, 18.49, 43.18
-0.39, -0.89, 0.12, 11.94, 3.64, 34.80
-0.50, -0.84, 0.23, 8.65, -3.65, 7.30
-0.69, -0.81, 0.32, -2.66, 5.16, -4.85
-0.75, -0.91, 0.42, -21.83, -5.06, -29.04
-0.71, -0.94, 0.37, -37.60, -0.58, -40.22
-0.54, -0.89, 0.25, -46.65, -6.52, -35.68
-0.33, -0.85, 0.09, -41.48, -10.47, -34.37
-0.20, -0.81, -0.07, -38.09, -18.07, -26.40
-0.18, -0.79, -0.14, -31.19, -20.71, -19.14
-0.21, -0.80, -0.22, -24.23, -5.97, -6.38
-0.18, -0.82, -0.31, -14.79, 3.66, 11.46
-0.11, -0.84, -0.35, -2.56, 9.14, 23.45
-0.11, -0.84, -0.31, 8.21, 6.93, 28.73
-0.22, -0.84, -0.19, 15.11, 17.17, 31.87
-0.32, -0.86, -0.06, 20.30, 24.49, 27.92
-0.44, -0.90, 0.09, 14.29, 28.85, 20.57
-0.56, -0.95, 0.30, -2.88, 17.78, 3.14
-0.68, -0.96, 0.41, -19.41, 9.08, -19.31
-0.72, -0.93, 0.43, -35.48, 8.02, -31.09
-0.60, -0.95, 0.38, -48.54, -1.94, -39.35
-0.43, -0.95, 0.24, -50.31, -3.40, -47.36
-0.30, -0.87, 0.05, -48.19, -2.40, -37.81
-0.16, -0.80, -0.07, -41.60, -6.48, -24.40
-0.04, -0.75, -0.17, -33.23, -18.12, -11.42
0.00, -0.74, -0.27, -23.70, -29.29, 1.00
-0.03, -0.73, -0.32, -12.13, -26.82, 20.46
-0.04, -0.75, -0.34, 1.54, -31.61, 34.91
-0.11, -0.75, -0.33, 14.99, -31.28, 34.80
-0.28, -0.73, -0.24, 20.90, -12.90, 38.15
-0.42, -0.77, -0.10, 25.50, 12.31, 37.12
-0.51, -0.85, 0.08, 25.83, 39.48, 32.64
-0.59, -0.94, 0.26, 12.84, 35.92, 24.54
-0.61, -1.03, 0.40, -5.04, 9.36, -4.33
-0.75, -1.00, 0.48, -28.98, 5.93, -32.58
-0.76, -0.97, 0.48, -48.22, -0.66, -41.20
-0.59, -0.96, 0.34, -55.18, -9.54, -49.27
-0.38, -0.92, 0.06, -51.42, -12.35, -46.61
-0.26, -0.86, -0.11, -47.68, -10.38, -39.78
-0.21, -0.80, -0.19, -41.97, -3.10, -23.39
-0.13, -0.78, -0.30, -30.22, -0.58, -11.24
-0.09, -0.78, -0.40, -19.95, 5.98, 4.47
-0.08, -0.79, -0.40, -8.59, 8.14, 24.83
-0.04, -0.81, -0.37, 9.18, 1.09, 31.23
-0.12, -0.80, -0.25, 16.93, 3.80, 36.05
-0.24, -0.81, -0.11, 20.08, 11.24, 37.08
-0.36, -0.84, 0.07, 19.18, 27.29, 35.03
-0.49, -0.87, 0.21, 12.82, 36.47, 27.38
-0.56, -0.94, 0.36, 0.32, 21.33, 4.33
-0.67, -0.98, 0.48, -20.33, 3.76, -20.76
-0.81, -0.95, 0.53, -46.48, 5.36, -38.00
-0.68, -0.94, 0.44, -56.58, -2.04, -40.96
-0.43, -0.91, 0.22, -55.90, -10.36, -49.03
-0.32, -0.84, 0.03, -55.03, -9.46, -41.18
-0.19, -0.79, -0.12, -51.42, -2.29, -23.20
-0.04, -0.77, -0.23, -41.45, -19.79, -12.25
-0.02, -0.75, -0.35, -28.16, -15.29, 4.10
-0.02, -0.74, -0.41, -14.33, -12.63, 25.73
0.01, -0.77, -0.43, 6.01, -17.57, 34.45
-0.11, -0.76, -0.39, 19.70, -10.03, 37.87
-0.28, -0.76, -0.25, 27.92, 5.42, 41.14
-0.40, -0.84, -0.04, 30.26, 23.21, 36.17
-0.52, -0.91, 0.16, 18.73, 30.47, 30.01
-0.61, -1.01, 0.34, 1.37, 21.91, 4.34
-0.74, -1.02, 0.47, -17.31, 11.27, -17.12
-0.80, -0.97, 0.53, -44.96, 4.84, -42.04
-0.69, -0.97, 0.41, -58.15, -3.88, -48.33
-0.49, -0.95, 0.18, -55.28, -5.69, -53.57
-0.32, -0.88, -0.07, -50.78, -3.88, -48.73
-0.19, -0.81, -0.22, -43.46, 1.71, -31.21
-0.07, -0.79, -0.29, -33.92, -1.61, -15.75
-0.01, -0.79, -0.37, -22.58, 0.41, 6.11
0.06, -0.78, -0.43, -8.35, 1.03, 32.61
0.11, -0.79, -0.45, 5.44, -8.88, 39.63
-0.01, -0.78, -0.37, 16.30, -6.77, 48.83
-0.17, -0.77, -0.22, 22.79, 3.37, 53.72
-0.31, -0.78, -0.01, 23.43, 16.83, 47.54
-0.52, -0.85, 0.19, 13.48, 27.15, 39.28
-0.70, -0.93, 0.38, -1.58, 13.23, 6.42
-0.87, -0.95, 0.47, -22.50, 15.93, -21.39
-0.87, -0.95, 0.48, -41.22, 3.75, -39.53
-0.64, -0.95, 0.37, -51.03, -12.22, -46.01
-0.36, -0.93, 0.14, -46.25, -21.72, -48.56
-0.22, -0.87, -0.10, -40.98, -18.19, -40.92
-0.14, -0.79, -0.25, -32.99, -6.61, -21.95
-0.04, -0.77, -0.34, -21.85, -2.60, -2.05
0.01, -0.78, -0.40, -12.49, 2.59, 17.76
0.03, -0.82, -0.41, -2.04, -0.67, 38.89
0.02, -0.83, -0.39, 12.64, -8.52, 42.45
-0.11, -0.80, -0.25, 17.49, -6.92, 47.92
-0.28, -0.81, -0.05, 19.62, -1.73, 41.67
-0.47, -0.86, 0.17, 12.79, 6.95, 31.92
-0.66, -0.94, 0.31, -1.42, 6.95, 10.36
-0.78, -0.97, 0.42, -20.43, 4.42, -14.12
-0.81, -0.95, 0.46, -40.19, -4.18, -31.60
-0.67, -0.93, 0.36, -51.94, -14.46, -34.50
-0.42, -0.91, 0.16, -47.58, -24.15, -40.72
-0.29, -0.81, -0.07, -42.44, -21.89, -35.24
-0.21, -0.79, -0.20, -37.46, -12.95, -22.42
-0.13, -0.77, -0.30, -24.83, -7.27, -2.34
-0.06, -0.77, -0.38, -14.30, -2.12, 12.71
-0.05, -0.81, -0.42, -4.79, -0.77, 34.04
-0.05, -0.83, -0.42, 11.69, -5.79, 41.07
-0.14, -0.79, -0.35, 20.18, -0.68, 42.43
-0.29, -0.78, -0.16, 22.12, 12.92, 44.19
-0.45, -0.83, 0.10, 20.74, 24.26, 37.13
-0.57, -0.91, 0.27, 10.10, 20.38, 23.21
-0.70, -0.97, 0.39, -10.79, 4.95, -7.25
-0.81, -0.94, 0.50, -28.80, 3.61, -27.82
-0.75, -0.92, 0.46, -46.48, -7.71, -37.76
-0.53, -0.92, 0.30, -49.04, -18.59, -43.30
-0.33, -0.88, 0.04, -43.56, -17.05, -40.25
-0.22, -0.82, -0.13, -39.42, -12.23, -26.96
-0.11, -0.78, -0.23, -29.81, -9.65, -12.80
-0.04, -0.75, -0.34, -17.54, -7.91, 7.71
-0.01, -0.76, -0.41, -5.43, -5.21, 26.55
-0.03, -0.79, -0.42, 8.74, -12.17, 36.58
-0.14, -0.78, -0.35, 19.66, -10.23, 39.90
-0.27, -0.76, -0.21, 24.62, 5.29, 41.96
-0.40, -0.79, -0.01, 24.31, 21.32, 40.94
-0.52, -0.84, 0.26, 15.38, 23.98, 33.81
-0.65, -0.89, 0.42, 1.91, 13.40, 5.55
-0.78, -0.91, 0.46, -18.35, 7.79, -17.39
-0.81, -0.94, 0.44, -33.61, 1.35, -37.25
-0.67, -0.92, 0.37, -42.93, -14.50, -42.07
-0.43, -0.90, 0.21, -42.34, -26.24, -49.49
-0.33, -0.88, -0.02, -40.07, -20.64, -48.33
-0.30, -0.84, -0.14, -34.86, -3.35, -36.91
-0.21, -0.80, -0.18, -25.76, -4.81, -24.21
-0.18, -0.79, -0.23, -19.75, 0.19, -17.96
-0.18, -0.81, -0.30, -14.86, 7.99, 8.20
-0.08, -0.83, -0.35, -3.48, 9.05, 16.16
-0.06, -0.80, -0.32, 10.00, 2.77, 27.65
-0.13, -0.78, -0.25, 20.55, 7.06, 31.94
-0.24, -0.80, -0.12, 24.63, 10.66, 37.63
-0.34, -0.84, 0.02, 23.24, 19.57, 31.66
-0.48, -0.88, 0.20, 12.90, 22.28, 23.13
-0.60, -0.94, 0.38, -5.75, 9.89, -0.18
-0.75, -0.96, 0.50, -23.71, 5.96, -24.75
-0.80, -0.93, 0.48, -44.00, 1.33, -37.01
-0.62, -0.95, 0.36, -55.07, -13.10, -47.04
-0.41, -0.95, 0.08, -52.43, -17.14, -50.67
-0.26, -0.89, -0.12, -48.44, -9.28, -35.61
-0.11, -0.83, -0.23, -36.10, -13.40, -23.11
-0.05, -0.80, -0.33, -24.58, -8.11, -8.04
-0.06, -0.80, -0.40, -14.46, 3.15, 13.80
-0.03, -0.81, -0.41, -4.83, 8.13, 33.46
-0.01, -0.81, -0.38, 9.18, -1.34, 40.77
-0.13, -0.75, -0.28, 21.23, 1.09, 43.52
-0.29, -0.70, -0.08, 27.90, 15.63, 40.69
-0.51, -0.74, 0.14, 25.89, 31.85, 32.80
-0.64, -0.90, 0.33, 11.36, 26.43, 19.78
-0.73, -0.98, 0.44, -10.03, 11.14, -17.13
-0.82, -0.96, 0.50, -30.68, 12.54, -32.25
-0.71, -0.93, 0.49, -46.70, 1.29, -40.20
-0.45, -0.94, 0.29, -49.40, -12.98, -46.37
-0.25, -0.91, 0.03, -46.90, -19.57, -40.64
-0.17, -0.84, -0.14, -40.38, -15.55, -29.85
-0.11, -0.79, -0.24, -29.74, -8.46, -13.49
-0.07, -0.80, -0.34, -19.38, -3.18, -0.12
-0.09, -0.83, -0.38, -12.45, 9.62, 19.91
-0.06, -0.86, -0.38, 1.32, 5.24, 34.39
-0.06, -0.84, -0.36, 16.47, 4.97, 33.83
-0.20, -0.80, -0.23, 23.47, 8.66, 35.85
-0.35, -0.81, -0.03, 28.30, 20.97, 26.17
-0.54, -0.85, 0.19, 23.51, 31.42, 14.88
-0.67, -0.93, 0.34, 4.13, 29.53, -7.37
-0.76, -0.98, 0.48, -18.72, 10.74, -32.16
-0.76, -0.94, 0.51, -41.22, 10.51, -39.88
-0.54, -0.93, 0.40, -47.65, -6.13, -44.96
-0.32, -0.90, 0.19, -48.22, -12.52, -43.13
-0.18, -0.83, -0.02, -42.39, -20.51, -33.28
-0.10, -0.76, -0.13, -33.74, -25.37, -21.13
-0.09, -0.76, -0.20, -26.16, -30.94, -14.34
-0.14, -0.78, -0.27, -19.97, -16.12, 6.35
-0.11, -0.80, -0.33, -9.73, -4.95, 22.49
-0.05, -0.79, -0.38, 7.05, -10.52, 33.30
-0.10, -0.77, -0.37, 19.27, -7.60, 36.11
-0.22, -0.77, -0.24, 25.35, 9.65, 40.79
-0.34, -0.82, -0.04, 30.12, 21.99, 40.26
-0.44, -0.87, 0.13, 28.95, 24.62, 29.78
-0.54, -0.92, 0.22, 20.84, 28.08, 18.67
-0.61, -0.98, 0.39, 1.43, 7.61, 0.31
-0.68, -1.02, 0.50, -21.10, -0.31, -29.95
-0.71, -1.01, 0.47, -41.49, -1.25, -37.93
-0.61, -0.99, 0.35, -56.29, -8.71, -43.69
-0.39, -0.96, 0.16, -56.15, -11.18, -41.23
-0.23, -0.89, -0.08, -53.91, -17.21, -34.48
-0.16, -0.83, -0.17, -47.03, -16.29, -23.83
-0.11, -0.79, -0.29, -34.44, -12.80, -6.89
-0.06, -0.80, -0.39, -21.47, -5.20, 6.79
-0.04, -0.80, -0.40, -7.56, 1.82, 32.09
-0.01, -0.79, -0.37, 7.20, 0.20, 40.02
-0.08, -0.78, -0.31, 20.48, 7.84, 43.68
-0.24, -0.74, -0.16, 25.63, 23.27, 45.48
-0.37, -0.78, 0.09, 24.95, 30.07, 41.16
-0.49, -0.88, 0.29, 15.05, 20.56, 29.75
-0.60, -0.93, 0.43, -1.33, 3.66, -1.01
-0.76, -0.92, 0.51, -18.63, 5.90, -20.59
-0.78, -0.94, 0.53, -45.85, -2.84, -39.80
-0.62, -0.96, 0.46, -58.24, -17.79, -44.13
-0.39, -0.93, 0.20, -58.04, -25.43, -42.69
-0.22, -0.87, -0.05, -52.51, -26.52, -35.65
-0.16, -0.81, -0.19, -43.82, -23.14, -22.91
-0.12, -0.79, -0.30, -30.59, -15.73, -9.98
-0.09, -0.80, -0.41, -15.62, -5.90, 7.07
-0.07, -0.82, -0.42, -4.64, 2.57, 24.95
-0.03, -0.83, -0.40, 13.47, 0.82, 35.89
-0.09, -0.80, -0.35, 24.63, 7.65, 35.70
-0.26, -0.76, -0.18, 29.31, 20.26, 38.60
-0.40, -0.79, 0.06, 30.20, 33.19, 35.31
-0.51, -0.87, 0.25, 17.60, 32.53, 28.76
-0.59, -0.96, 0.42, -2.91, 8.16, -1.10
-0.75, -0.96, 0.52, -23.51, 3.96, -25.54
-0.78, -0.94, 0.54, -47.50, -0.82, -35.25
-0.58, -0.97, 0.42, -58.58, -16.64, -42.19
-0.36, -0.93, 0.14, -57.67, -23.58, -43.21
-0.23, -0.87, -0.07, -52.85, -23.41, -34.27
-0.17, -0.81, -0.20, -42.38, -17.18, -23.10
-0.14, -0.80, -0.32, -31.12, -11.07, -11.27
-0.10, -0.82, -0.40, -19.46, 3.71, 9.44
-0.07, -0.82, -0.40, -7.38, 10.45, 24.12
-0.03, -0.82, -0.37, 9.56, 8.75, 34.43
-0.13, -0.79, -0.29, 20.67, 13.51, 34.72
-0.29, -0.77, -0.11, 24.96, 28.21, 34.56
-0.43, -0.82, 0.08, 21.36, 35.13, 29.11
-0.55, -0.91, 0.30, 4.32, 22.22, 11.02
-0.69, -0.95, 0.46, -15.34, 13.44, -16.24
-0.78, -0.96, 0.52, -38.13, 5.41, -32.38
-0.68, -0.95, 0.46, -53.09, -1.05, -41.06
-0.44, -0.93, 0.26, -54.37, -11.85, -44.77
-0.27, -0.88, 0.01, -51.01, -16.44, -42.83
-0.19, -0.83, -0.11, -47.43, -13.71, -34.05
-0.14, -0.80, -0.22, -38.77, -6.36, -17.37
-0.07, -0.80, -0.34, -24.77, -4.16, -0.05
-0.01, -0.79, -0.44, -10.68, 6.63, 22.13
0.07, -0.79, -0.45, 8.46, -0.66, 32.23
-0.03, -0.80, -0.37, 21.13, 3.89, 29.87
-0.26, -0.80, -0.24, 24.88, 26.92, 37.91
-0.37, -0.84, -0.04, 28.42, 35.05, 34.97
-0.46, -0.89, 0.13, 19.79, 30.51, 22.47
-0.58, -0.92, 0.32, 5.82, 15.38, -2.09
-0.70, -0.94, 0.42, -6.96, 21.99, -23.70
-0.74, -0.97, 0.46, -28.60, 15.30, -38.82
-0.67, -0.98, 0.41, -48.64, 10.55, -44.93
-0.40, -0.95, 0.27, -50.79, -2.58, -43.81
-0.19, -0.88, 0.05, -52.54, -11.01, -35.80
-0.08, -0.83, -0.12, -46.83, -16.77, -22.23
-0.03, -0.80, -0.25, -33.37, -19.47, -9.53
-0.02, -0.77, -0.37, -18.26, -12.41, 10.64
0.01, -0.78, -0.43, -5.41, -5.21, 23.16
-0.02, -0.81, -0.39, 9.70, -7.88, 29.62
-0.16, -0.80, -0.28, 18.91, 7.22, 28.42
-0.36, -0.79, -0.12, 25.40, 29.88, 25.69
-0.50, -0.83, 0.06, 21.03, 43.73, 21.65
-0.55, -0.93, 0.19, 8.58, 32.68, 8.42
-0.59, -0.98, 0.34, -7.98, 18.77, -22.19
-0.66, -0.97, 0.45, -26.13, 19.83, -33.48
-0.61, -0.99, 0.47, -45.12, 6.92, -40.97
-0.43, -0.98, 0.31, -52.90, -7.51, -42.53
-0.23, -0.91, 0.06, -52.33, -17.16, -36.39
-0.13, -0.84, -0.12, -45.91, -17.25, -24.33
-0.04, -0.78, -0.26, -33.73, -24.40, -11.58
-0.08, -0.78, -0.33, -26.55, -14.63, -9.09
-0.15, -0.81, -0.34, -15.38, 8.38, 12.23
-0.05, -0.84, -0.37, 3.40, 11.88, 23.02
-0.07, -0.83, -0.41, 19.84, 14.44, 16.35
-0.24, -0.83, -0.30, 25.53, 34.90, 23.21
-0.33, -0.87, -0.04, 26.77, 41.91, 21.09
-0.38, -0.93, 0.17, 15.99, 29.30, 4.88
-0.54, -1.00, 0.33, -6.66, 15.21, -11.73
-0.61, -1.02, 0.42, -24.32, 4.64, -27.70
-0.53, -0.99, 0.35, -38.48, -1.30, -37.19
-0.42, -0.97, 0.24, -51.80, -4.00, -37.27
-0.27, -0.93, 0.14, -54.12, -12.03, -30.13
-0.15, -0.86, -0.05, -50.10, -17.05, -24.22
-0.07, -0.82, -0.19, -41.84, -21.96, -13.31
-0.06, -0.81, -0.33, -28.54, -15.62, -4.90
-0.06, -0.80, -0.41, -12.81, -2.87, 12.18
0.00, -0.79, -0.40, 2.84, 1.08, 19.12
-0.07, -0.83, -0.32, 10.68, 3.62, 19.67
-0.24, -0.86, -0.19, 12.35, 25.19, 18.62
-0.36, -0.87, 0.00, 11.83, 36.73, 17.30
-0.43, -0.91, 0.13, 6.98, 33.79, 3.10
-0.52, -0.98, 0.24, -9.18, 25.20, -12.94
-0.56, -1.01, 0.36, -29.14, 18.05, -29.48
-0.50, -0.99, 0.33, -45.05, 10.16, -32.12
-0.34, -0.97, 0.18, -49.81, 3.69, -32.45
-0.16, -0.91, 0.03, -46.40, -5.79, -22.47
-0.07, -0.83, -0.11, -40.15, -18.42, -15.27
-0.03, -0.79, -0.27, -27.23, -20.74, -3.63
0.01, -0.75, -0.44, -9.12, -7.44, 19.05
0.09, -0.72, -0.48, 9.97, -10.80, 27.54
-0.01, -0.77, -0.35, 14.62, -13.22, 24.47
-0.22, -0.88, -0.19, 10.70, 5.33, 31.87
-0.31, -0.94, -0.07, 12.13, 26.21, 30.06
-0.37, -0.93, -0.02, 15.54, 34.99, 26.95
-0.42, -0.95, 0.09, 9.77, 23.43, 7.47
-0.51, -1.00, 0.24, -5.91, 20.88, -11.56
-0.60, -1.05, 0.38, -24.96, 13.41, -28.85
-0.58, -1.04, 0.32, -41.54, 13.39, -35.90
-0.40, -1.00, 0.19, -45.81, 7.55, -35.94
-0.23, -0.93, 0.04, -48.84, -1.15, -28.60
-0.10, -0.84, -0.08, -46.44, -14.91, -13.77
-0.01, -0.78, -0.24, -35.05, -27.63, -9.76
-0.03, -0.74, -0.35, -22.37, -21.53, 8.88
0.03, -0.73, -0.46, -4.88, -12.12, 25.66
0.04, -0.75, -0.46, 15.04, -18.86, 26.54
-0.12, -0.82, -0.33, 17.69, -1.39, 31.90
-0.23, -0.90, -0.15, 17.29, 18.20, 33.68
-0.31, -0.92, -0.04, 19.62, 36.69, 30.83
-0.38, -0.94, 0.04, 17.32, 39.73, 25.27
-0.42, -0.98, 0.14, 8.50, 35.92, 12.34
-0.48, -1.01, 0.27, -6.07, 12.52, -10.77
-0.56, -1.01, 0.36, -20.02, -0.13, -30.85
-0.60, -1.00, 0.37, -38.02, 4.04, -38.83
-0.48, -1.01, 0.28, -50.12, 3.22, -39.46
-0.29, -0.97, 0.12, -53.05, -5.45, -37.86
-0.17, -0.89, 0.03, -57.60, -19.46, -25.03
-0.01, -0.82, -0.16, -44.60, -28.16, -13.83
-0.00, -0.74, -0.34, -31.25, -31.12, -5.08
-0.03, -0.70, -0.46, -11.90, -9.51, 19.82
0.08, -0.69, -0.52, 10.18, -7.42, 30.97
-0.00, -0.73, -0.43, 18.70, -10.22, 29.56
-0.18, -0.82, -0.22, 19.16, 7.86, 39.37
-0.26, -0.86, -0.08, 20.16, 26.49, 40.68
-0.32, -0.89, 0.04, 20.18, 24.39, 38.24
-0.39, -0.94, 0.16, 14.51, 9.11, 16.47
-0.53, -0.95, 0.26, 2.28, 16.22, 1.09
-0.60, -0.98, 0.38, -14.46, 6.60, -17.85
-0.58, -1.01, 0.36, -28.09, 0.83, -30.63
-0.46, -1.01, 0.27, -45.44, -8.52, -32.84
-0.32, -0.98, 0.13, -49.62, -15.60, -31.03
-0.15, -0.91, -0.05, -43.92, -23.50, -22.49
-0.06, -0.85, -0.18, -37.71, -33.47, -16.21
-0.07, -0.82, -0.25, -28.16, -27.76, -5.33
-0.09, -0.80, -0.31, -17.91, -18.71, 5.66
-0.09, -0.80, -0.37, -7.88, -9.34, 17.96
-0.08, -0.81, -0.38, 9.59, -9.60, 27.42
-0.15, -0.80, -0.34, 15.44, -2.09, 29.85
-0.21, -0.82, -0.18, 11.56, 13.45, 32.86
-0.29, -0.86, 0.08, 6.12, 21.63, 32.70
-0.38, -0.92, 0.20, 4.91, 14.50, 19.26
-0.50, -0.95, 0.16, 0.94, 27.35, 4.09
-0.57, -0.98, 0.22, -10.10, 22.39, -9.38
-0.58, -1.00, 0.30, -24.19, 8.73, -29.81
-0.51, -0.97, 0.28, -37.15, 2.04, -30.41
-0.35, -0.97, 0.13, -39.03, -0.66, -37.71
-0.27, -0.97, 0.02, -41.77, -4.19, -33.94
-0.19, -0.93, -0.09, -40.64, -8.37, -17.29
-0.03, -0.86, -0.23, -28.55, -17.69, -16.86
-0.06, -0.79, -0.29, -25.25, -16.92, -5.34
-0.09, -0.81, -0.30, -15.08, -6.50, 12.80
-0.01, -0.83, -0.33, -6.39, -2.17, 23.51
-0.04, -0.84, -0.28, 0.05, -7.00, 27.61
-0.19, -0.85, -0.13, 1.79, 2.32, 28.65
-0.31, -0.86, -0.03, 2.91, 14.10, 27.27
-0.38, -0.89, 0.07, 3.19, 20.77, 15.56
-0.49, -0.93, 0.20, -5.67, 23.17, -0.63
-0.59, -0.99, 0.30, -17.83, 14.28, -26.42
-0.65, -1.00, 0.30, -33.59, 24.12, -37.10
-0.51, -0.98, 0.20, -40.31, 21.32, -36.15
-0.27, -0.93, 0.07, -39.07, 2.72, -40.66
-0.21, -0.87, -0.04, -41.04, -2.69, -36.96
-0.12, -0.84, -0.16, -37.23, 1.86, -20.75
0.01, -0.77, -0.35, -19.24, 6.93, -3.90
0.08, -0.70, -0.45, -6.06, 10.53, 21.86
0.10, -0.71, -0.43, 8.41, -3.44, 26.14
-0.05, -0.82, -0.25, 0.14, -8.17, 30.41
-0.16, -0.95, -0.03, -10.64, -6.99, 36.99
-0.24, -0.96, 0.01, -6.66, 1.19, 32.03
-0.36, -0.90, -0.04, 3.08, 16.20, 29.50
-0.40, -0.90, 0.03, 5.84, 21.76, 17.62
-0.43, -0.97, 0.12, -3.36, 15.12, 1.30
-0.51, -1.01, 0.25, -15.83, 7.95, -20.03
-0.59, -1.01, 0.28, -29.54, 14.11, -31.99
-0.52, -0.98, 0.20, -35.41, 18.16, -37.79
-0.36, -0.95, 0.08, -36.39, 11.84, -39.72
-0.24, -0.91, -0.02, -38.14, -1.08, -38.52
-0.13, -0.85, -0.14, -34.21, 6.14, -25.69
-0.00, -0.75, -0.29, -22.54, 9.21, -5.46
0.12, -0.71, -0.42, -7.04, 11.09, 15.04
0.16, -0.70, -0.41, 3.85, -3.69, 29.84
0.06, -0.78, -0.29, 4.85, -14.28, 34.30
-0.08, -0.88, -0.17, 1.21, -15.24, 41.68
-0.21, -0.93, -0.09, 0.87, -8.03, 41.25
-0.31, -0.92, -0.04, 8.56, 0.01, 32.53
-0.42, -0.92, 0.05, 7.46, 9.59, 20.14
-0.56, -0.96, 0.21, -2.88, 4.49, 1.11
-0.62, -1.02, 0.30, -17.31, 1.82, -16.93
-0.60, -1.04, 0.25, -28.89, 1.92, -28.37
-0.49, -1.00, 0.15, -35.03, 1.62, -35.00
-0.37, -0.94, 0.07, -40.39, -0.87, -38.23
-0.27, -0.91, -0.02, -41.03, -3.60, -28.30
-0.12, -0.87, -0.16, -37.42, -5.73, -18.06
0.01, -0.81, -0.33, -26.35, -7.20, 0.36
0.10, -0.74, -0.43, -10.38, -8.16, 18.99
0.13, -0.74, -0.43, -0.67, -15.35, 31.95
0.03, -0.82, -0.34, 6.88, -15.89, 39.10
-0.12, -0.86, -0.18, 5.47, -9.36, 44.62
-0.23, -0.87, -0.09, 6.23, -4.27, 44.98
-0.33, -0.87, 0.01, 8.98, 0.59, 37.11
-0.46, -0.90, 0.18, 0.57, -9.64, 20.11
-0.62, -0.95, 0.33, -14.45, -11.43, -4.65
-0.71, -0.99, 0.36, -29.92, -9.76, -24.18
-0.67, -0.99, 0.29, -43.13, -1.59, -28.13
-0.44, -0.94, 0.12, -42.08, -2.15, -32.47
-0.29, -0.87, -0.03, -43.22, -5.91, -30.88
-0.20, -0.84, -0.08, -39.55, -15.15, -20.95
-0.11, -0.83, -0.20, -30.54, -13.58, -11.59
-0.05, -0.81, -0.37, -16.98, -8.88, 6.93
0.02, -0.77, -0.46, -2.16, -2.78, 22.28
0.05, -0.78, -0.43, 10.85, -11.29, 29.62
-0.08, -0.83, -0.31, 12.58, -6.18, 36.34
-0.19, -0.89, -0.13, 8.52, -2.35, 41.20
-0.27, -0.91, -0.04, 12.59, 7.96, 38.51
-0.36, -0.89, 0.07, 9.16, 11.85, 35.55
-0.42, -0.92, 0.18, 2.86, -3.82, 17.84
-0.53, -0.97, 0.30, -13.82, -25.75, -5.40
-0.67, -0.98, 0.41, -28.71, -24.27, -24.18
-0.67, -0.96, 0.35, -40.48, -12.05, -30.46
-0.50, -0.96, 0.17, -44.23, -9.73, -34.52
-0.34, -0.92, -0.01, -44.42, -11.48, -30.77
-0.22, -0.85, -0.10, -40.37, -17.26, -28.28
-0.16, -0.80, -0.20, -34.08, -14.08, -9.21
-0.03, -0.79, -0.36, -14.86, -14.35, 4.20
0.02, -0.76, -0.48, -2.99, -8.05, 20.45
0.01, -0.78, -0.46, 10.02, -12.35, 30.40
-0.09, -0.81, -0.36, 15.34, -5.95, 39.15
-0.18, -0.80, -0.20, 17.99, -4.25, 44.53
-0.29, -0.79, -0.01, 17.33, 1.60, 41.94
-0.40, -0.83, 0.17, 13.40, -2.87, 34.08
-0.50, -0.90, 0.27, 6.24, -9.44, 12.94
-0.66, -0.93, 0.36, -7.41, -7.45, -13.39
-0.77, -0.97, 0.43, -25.90, -4.88, -30.22
-0.69, -1.00, 0.40, -40.88, -1.94, -36.17
-0.46, -0.98, 0.22, -47.22, -10.66, -40.62
-0.30, -0.94, 0.00, -48.97, -14.07, -36.71
-0.17, -0.88, -0.14, -41.51, -19.10, -26.13
-0.09, -0.84, -0.27, -33.17, -14.18, -11.16
-0.03, -0.82, -0.38, -18.41, -6.53, 11.08
0.09, -0.80, -0.50, 0.54, -8.28, 32.21
0.07, -0.80, -0.49, 12.71, -15.32, 31.06
-0.15, -0.81, -0.33, 20.27, -1.14, 42.85
-0.29, -0.78, -0.13, 25.92, 17.06, 43.64
-0.38, -0.77, 0.12, 22.89, 27.11, 40.50
-0.46, -0.87, 0.29, 8.66, -6.13, 25.92
-0.58, -0.92, 0.38, -5.60, -17.84, -5.81
-0.71, -0.89, 0.44, -17.85, -15.53, -19.57
-0.69, -0.91, 0.37, -25.32, -2.57, -35.00
-0.55, -0.92, 0.27, -36.95, -2.31, -29.77
-0.34, -0.91, 0.11, -39.68, -8.49, -26.35
-0.15, -0.87, -0.06, -35.27, -18.00, -17.08
-0.07, -0.83, -0.19, -26.95, -21.84, -0.82
-0.04, -0.83, -0.28, -16.36, -22.07, 7.17
-0.09, -0.85, -0.33, -5.65, -12.53, 22.95
-0.11, -0.87, -0.34, 5.50, -8.68, 30.12
-0.19, -0.85, -0.28, 16.29, 3.40, 34.27
-0.31, -0.82, -0.13, 17.81, 18.15, 32.48
-0.42, -0.85, 0.03, 18.75, 30.70, 25.10
-0.52, -0.90, 0.16, 9.94, 34.65, 10.89
-0.62, -0.96, 0.36, -10.06, 17.92, -4.72
-0.66, -0.96, 0.43, -19.64, 7.18, -27.03
-0.64, -0.91, 0.40, -34.38, 5.99, -30.98
-0.51, -0.91, 0.31, -40.10, 2.07, -36.95
-0.35, -0.88, 0.12, -41.66, -3.89, -34.07
-0.22, -0.83, -0.02, -38.38, -8.81, -23.65
-0.09, -0.78, -0.13, -29.43, -18.17, -8.34
-0.04, -0.76, -0.23, -22.42, -24.11, 5.38
-0.08, -0.78, -0.28, -13.64, -20.35, 15.02
-0.14, -0.82, -0.30, -3.44, -15.40, 28.03
-0.18, -0.83, -0.29, 11.04, -8.74, 27.27
-0.28, -0.81, -0.20, 16.33, 8.67, 31.33
-0.37, -0.84, -0.08, 20.20, 28.73, 30.30
-0.43, -0.90, 0.09, 15.87, 34.71, 22.75
-0.54, -0.96, 0.28, -0.67, 30.60, 7.84
-0.61, -0.97, 0.45, -15.90, 5.28, -10.49
-0.66, -0.93, 0.45, -30.79, -0.36, -30.64
-0.62, -0.93, 0.37, -42.95, -6.22, -35.40
-0.46, -0.93, 0.25, -47.47, -11.83, -42.68
-0.34, -0.89, 0.05, -44.53, -11.99, -35.75
-0.24, -0.84, -0.08, -42.61, -6.97, -26.22
-0.12, -0.81, -0.20, -34.87, -9.36, -14.18
-0.06, -0.80, -0.28, -24.96, -16.02, -6.91
-0.11, -0.82, -0.31, -14.42, -3.67, 11.45
-0.09, -0.84, -0.34, -2.67, 0.84, 23.72
-0.09, -0.85, -0.32, 8.81, 3.18, 26.18
-0.18, -0.82, -0.20, 16.49, 16.23, 31.36
-0.32, -0.81, -0.04, 21.66, 31.97, 27.89
-0.43, -0.86, 0.11, 17.68, 42.87, 27.54
-0.53, -0.93, 0.29, 3.39, 31.54, 1.92
-0.69, -0.94, 0.48, -20.40, 18.81, -23.78
-0.78, -0.94, 0.54, -41.27, 11.31, -39.94
-0.66, -0.96, 0.44, -55.21, 4.10, -47.35
-0.40, -0.94, 0.22, -52.92, -2.30, -47.63
-0.21, -0.86, -0.03, -48.27, -2.00, -35.32
-0.04, -0.79, -0.15, -41.31, -16.74, -26.33
-0.03, -0.77, -0.26, -28.69, -14.37, -17.43
-0.04, -0.79, -0.37, -15.81, -2.04, 16.16
0.06, -0.81, -0.45, -0.72, -4.52, 24.89
0.03, -0.82, -0.40, 6.01, -9.65, 33.64
-0.13, -0.83, -0.26, 13.17, 1.25, 36.46
-0.31, -0.81, -0.12, 20.07, 24.62, 40.48
-0.40, -0.84, 0.05, 15.84, 23.72, 35.13
-0.50, -0.93, 0.24, 2.99, 17.07, 12.42
-0.65, -0.95, 0.39, -12.22, 9.95, -5.22
-0.70, -0.96, 0.43, -23.84, 8.93, -27.28
-0.67, -0.97, 0.38, -41.26, 2.32, -38.77
-0.53, -0.96, 0.31, -48.08, -7.29, -42.82
-0.35, -0.92, 0.09, -44.57, -4.20, -44.24
-0.21, -0.86, -0.09, -44.20, -1.63, -27.64
-0.07, -0.83, -0.16, -36.27, -12.11, -17.19
-0.02, -0.80, -0.31, -24.37, -12.85, -0.82
0.03, -0.80, -0.43, -11.24, -10.62, 23.68
0.06, -0.82, -0.44, 2.23, -11.71, 31.04
-0.04, -0.85, -0.35, 8.31, -12.14, 34.64
-0.24, -0.84, -0.20, 14.76, 12.56, 38.18
-0.34, -0.83, -0.05, 18.74, 29.04, 46.16
-0.42, -0.89, 0.13, 8.98, 24.93, 26.50
-0.59, -0.93, 0.29, -4.04, 17.93, 8.50
-0.71, -0.91, 0.43, -17.64, 13.45, -15.26
-0.75, -0.92, 0.44, -31.34, 7.41, -35.56
-0.66, -0.94, 0.41, -46.76, -2.82, -40.39
-0.44, -0.92, 0.19, -44.68, -8.46, -48.21
-0.25, -0.85, -0.02, -43.46, -5.23, -36.13
-0.11, -0.80, -0.11, -39.84, -16.42, -20.89
-0.02, -0.77, -0.22, -27.06, -20.07, -11.59
-0.02, -0.78, -0.35, -18.62, -8.62, 15.44
0.03, -0.81, -0.41, -3.96, -4.72, 27.85
0.02, -0.82, -0.42, 7.03, -14.48, 35.79
-0.12, -0.83, -0.33, 15.84, -7.22, 39.11
-0.27, -0.82, -0.17, 20.35, 16.82, 43.64
-0.36, -0.85, 0.01, 19.98, 16.62, 38.45
-0.49, -0.92, 0.18, 10.13, 23.35, 18.44
-0.65, -0.97, 0.36, -7.82, 17.45, 0.01
-0.76, -0.98, 0.47, -24.32, 12.13, -26.58
-0.75, -0.97, 0.42, -38.48, 3.86, -40.35
-0.58, -0.97, 0.30, -47.87, -7.30, -51.91
-0.37, -0.95, 0.10, -48.40, -6.27, -50.28
-0.22, -0.88, -0.08, -44.86, -7.45, -39.58
-0.09, -0.82, -0.20, -36.09, -3.24, -21.61
0.02, -0.79, -0.33, -21.19, -5.41, -2.25
0.09, -0.77, -0.45, -7.41, 7.66, 28.77
0.16, -0.79, -0.46, 5.64, -10.27, 37.18
0.02, -0.83, -0.32, 8.25, -9.52, 38.69
-0.22, -0.81, -0.16, 14.79, 6.06, 47.76
-0.34, -0.79, 0.02, 19.80, 10.35, 43.69
-0.49, -0.84, 0.11, 13.87, 14.38, 21.47
-0.68, -0.89, 0.33, -3.00, 16.21, 2.80
-0.80, -0.95, 0.49, -19.90, 14.80, -24.76
-0.77, -0.98, 0.44, -35.23, 6.41, -39.26
-0.56, -0.98, 0.32, -42.10, -7.96, -45.89
-0.33, -0.91, 0.10, -42.40, -12.77, -50.98
-0.21, -0.86, -0.06, -41.25, -7.79, -36.31
-0.08, -0.78, -0.17, -32.04, -14.14, -16.46
0.03, -0.79, -0.34, -17.91, -10.55, -1.56
0.08, -0.79, -0.48, -3.60, 0.60, 29.01
0.12, -0.81, -0.48, 7.97, -7.96, 36.22
-0.04, -0.84, -0.35, 15.58, 0.27, 39.54
-0.25, -0.82, -0.17, 15.39, 22.19, 45.90
-0.36, -0.83, 0.04, 13.12, 23.72, 43.55
-0.51, -0.89, 0.20, 0.93, 19.20, 24.02
-0.72, -0.90, 0.37, -11.51, 18.46, 0.82
-0.79, -0.90, 0.46, -26.58, 17.36, -20.71
-0.78, -0.93, 0.43, -43.44, 8.18, -40.30
-0.59, -0.91, 0.29, -44.59, 8.28, -43.75
-0.32, -0.85, 0.05, -37.83, 13.70, -41.02
-0.18, -0.80, -0.14, -29.32, 17.74, -30.03
-0.07, -0.76, -0.27, -17.55, 20.92, -9.81
0.03, -0.79, -0.34, -7.64, 16.39, 7.91
0.00, -0.81, -0.31, -2.61, 10.62, 17.45
-0.10, -0.83, -0.25, 2.10, 2.00, 20.08
-0.25, -0.86, -0.13, -5.15, 1.51, 18.36
-0.39, -0.88, -0.01, -6.90, 10.12, 17.47
-0.48, -0.88, 0.04, -12.03, 17.89, 13.71
-0.50, -0.88, 0.04, -14.59, 22.91, 10.09
-0.46, -0.88, 0.03, -20.57, 23.77, 7.07
-0.41, -0.87, 0.04, -23.25, 25.53, 4.17
-0.38, -0.86, 0.03, -23.81, 25.53, 3.64
-0.35, -0.85, -0.05, -18.43, 26.96, 5.73
-0.29, -0.86, -0.11, -15.01, 21.23, 5.81
-0.26, -0.88, -0.11, -13.65, 18.88, 6.17
-0.28, -0.87, -0.09, -11.58, 21.76, 7.61
-0.32, -0.81, -0.08, -11.63, 32.96, 7.78
-0.35, -0.85, -0.05, -13.53, 41.72, 12.79
-0.34, -0.87, -0.06, -15.14, 41.79, 13.00
-0.32, -0.87, -0.07, -15.15, 32.98, 13.91
-0.29, -0.85, -0.07, -11.94, 19.18, 9.91
-0.31, -0.85, -0.04, -11.54, 21.60, 5.66
-0.37, -0.88, -0.00, -12.06, 35.72, 6.74
-0.38, -0.91, -0.03, -15.43, 47.29, 12.38
-0.32, -0.91, -0.06, -15.10, 42.64, 12.77
-0.27, -0.88, -0.07, -16.28, 31.22, 11.93
-0.25, -0.86, -0.06, -13.99, 17.95, 8.02
-0.30, -0.87, -0.04, -13.92, 17.68, 3.72
-0.37, -0.88, -0.03, -14.47, 29.16, 1.04
-0.42, -0.90, -0.04, -18.00, 47.38, -0.18
-0.39, -0.90, -0.07, -23.00, 49.13, 5.33
-0.29, -0.88, -0.13, -20.81, 40.16, 6.35
-0.24, -0.83, -0.15, -15.53, 31.38, 4.56
-0.26, -0.80, -0.13, -14.62, 35.59, 4.87
-0.32, -0.83, -0.09, -18.53, 49.20, 7.61
-0.36, -0.87, -0.08, -24.64, 60.26, 12.08
-0.36, -0.87, -0.12, -27.86, 64.00, 14.07
-0.33, -0.84, -0.17, -28.12, 55.70, 18.26
-0.26, -0.83, -0.15, -21.97, 32.10, 16.01
-0.24, -0.84, -0.11, -17.61, 11.14, 9.34
-0.32, -0.90, -0.05, -23.71, 9.71, 3.35
-0.42, -0.94, -0.04, -28.13, 33.01, -2.13
-0.49, -0.93, -0.06, -29.51, 63.16, -3.70
-0.47, -0.89, -0.08, -33.74, 64.00, -5.78
-0.38, -0.88, -0.12, -39.80, 64.00, -4.14
-0.28, -0.88, -0.17, -42.32, 64.00, -2.64
-0.20, -0.85, -0.21, -39.18, 48.47, -3.71
-0.18, -0.78, -0.23, -35.81, 40.83, -6.66
-0.24, -0.81, -0.22, -37.45, 48.71, -3.41
-0.30, -0.83, -0.23, -41.22, 63.88, 0.86
-0.30, -0.83, -0.26, -46.36, 64.00, 6.14
-0.24, -0.82, -0.29, -47.96, 56.89, 13.53
-0.16, -0.82, -0.28, -47.34, 32.08, 14.02
-0.14, -0.82, -0.27, -44.50, 12.46, 11.07
-0.21, -0.82, -0.26, -44.81, 15.23, 7.45
-0.31, -0.84, -0.27, -46.59, 33.02, 7.87
-0.38, -0.85, -0.28, -51.56, 53.83, 5.32
-0.37, -0.86, -0.29, -54.69, 64.00, 4.50
-0.33, -0.84, -0.29, -54.69, 64.00, 0.19
-0.31, -0.83, -0.28, -56.82, 64.00, -3.37
-0.30, -0.83, -0.31, -57.02, 64.00, -5.72
-0.26, -0.84, -0.34, -56.12, 64.00, -5.98
-0.23, -0.85, -0.34, -56.38, 63.34, -7.54
-0.23, -0.85, -0.36, -56.55, 60.75, -7.47
-0.21, -0.85, -0.39, -55.48, 61.42, -7.19
-0.21, -0.82, -0.40, -55.12, 64.00, -8.11
-0.23, -0.81, -0.36, -60.30, 64.00, -9.61
-0.23, -0.82, -0.35, -64.00, 64.00, -9.72
-0.18, -0.82, -0.41, -64.00, 59.86, -4.71
-0.10, -0.80, -0.48, -57.92, 44.38, -3.80
-0.08, -0.76, -0.49, -53.10, 35.09, -6.52
-0.14, -0.77, -0.48, -53.78, 38.52, -4.27
-0.17, -0.79, -0.49, -52.53, 59.08, -3.10
-0.19, -0.78, -0.51, -52.54, 64.00, -2.27
-0.20, -0.76, -0.51, -52.77, 64.00, -0.18
-0.16, -0.76, -0.47, -56.34, 64.00, 0.03
-0.10, -0.77, -0.48, -54.37, 64.00, 1.81
-0.04, -0.77, -0.50, -52.29, 64.00, 5.17
-0.05, -0.76, -0.54, -50.00, 64.00, 8.05
-0.10, -0.75, -0.54, -49.81, 64.00, 4.66
-0.13, -0.73, -0.52, -47.14, 64.00, 2.32
-0.12, -0.72, -0.52, -45.59, 51.43, 1.47
-0.06, -0.74, -0.53, -41.26, 23.56, 1.90
0.02, -0.74, -0.59, -31.08, -5.81, 1.77
-0.01, -0.71, -0.66, -22.87, -16.51, 2.52
-0.11, -0.70, -0.65, -16.28, -7.09, -2.56
-0.17, -0.71, -0.59, -16.34, 12.92, -5.28
-0.17, -0.72, -0.57, -18.29, 22.54, -8.24
-0.14, -0.72, -0.60, -17.55, 19.81, -8.16
-0.09, -0.69, -0.66, -11.55, 14.27, -3.81
-0.05, -0.68, -0.62, -9.34, 5.62, -6.61
-0.06, -0.70, -0.61, -9.54, 4.25, -10.01
-0.09, -0.73, -0.61, -12.96, 2.75, -11.23
-0.08, -0.75, -0.59, -14.24, 0.24, -12.34
-0.06, -0.75, -0.60, -17.26, -2.96, -13.01
-0.04, -0.75, -0.64, -19.34, -6.54, -13.91
-0.04, -0.74, -0.67, -16.90, -10.91, -12.33
-0.04, -0.73, -0.66, -15.84, -11.18, -15.40
-0.05, -0.76, -0.64, -17.31, -7.12, -16.73
-0.06, -0.78, -0.62, -21.98, -3.78, -20.10
-0.07, -0.76, -0.65, -20.29, -2.67, -22.16
-0.07, -0.72, -0.68, -16.93, -3.75, -22.77
-0.05, -0.70, -0.68, -12.22, -6.30, -25.75
-0.04, -0.72, -0.65, -11.19, -8.61, -27.79
-0.02, -0.75, -0.64, -9.87, -9.26, -28.43
-0.01, -0.76, -0.64, -8.25, -9.79, -28.44
-0.03, -0.74, -0.64, -7.09, -6.34, -30.98
-0.05, -0.71, -0.64, -3.45, -0.27, -31.01
-0.05, -0.70, -0.63, -0.56, 0.15, -33.19
-0.01, -0.72, -0.62, 1.38, -2.30, -32.18
0.03, -0.74, -0.60, -0.13, -5.92, -32.25
0.04, -0.74, -0.58, 1.16, -6.79, -29.10
0.03, -0.73, -0.57, -0.27, -2.72, -27.57
0.01, -0.73, -0.53, -2.58, -1.75, -29.34
0.02, -0.73, -0.50, -4.88, -8.71, -30.66
0.04, -0.72, -0.51, -2.67, -13.54, -30.50
0.04, -0.70, -0.55, 1.62, -17.44, -29.28
0.03, -0.71, -0.55, 3.06, -10.43, -26.25
0.03, -0.72, -0.52, 2.17, -9.75, -23.99
0.06, -0.72, -0.52, 0.75, -7.50, -18.28
0.09, -0.68, -0.54, 2.57, 1.82, -8.70
0.16, -0.61, -0.51, 0.42, 8.50, -0.84
0.25, -0.60, -0.48, -4.07, 13.25, 17.22
0.36, -0.64, -0.48, -18.36, 19.76, 35.39
0.39, -0.69, -0.49, -25.11, 18.15, 46.26
0.30, -0.70, -0.49, -28.46, 12.14, 49.42
0.19, -0.72, -0.53, -29.74, -16.73, 49.36
0.02, -0.80, -0.59, -29.31, -55.75, 40.11
-0.12, -0.86, -0.66, -19.36, -64.00, 25.98
-0.30, -0.88, -0.71, -0.49, -64.00, -0.38
-0.55, -0.85, -0.73, 12.23, -64.00, -30.75
-0.75, -0.83, -0.67, 7.37, -21.01, -54.37
-0.72, -0.83, -0.61, 4.93, 36.09, -64.00
-0.41, -0.78, -0.58, 4.95, 64.00, -63.20
0.05, -0.69, -0.54, -2.69, 64.00, -36.65
0.46, -0.62, -0.50, -6.59, 64.00, -1.73
0.68, -0.55, -0.48, -9.70, 50.21, 25.31
0.75, -0.51, -0.47, -18.81, 35.84, 51.11
0.66, -0.56, -0.46, -23.86, 12.12, 59.74
0.43, -0.65, -0.47, -32.24, 2.38, 64.00
0.12, -0.77, -0.46, -42.54, -6.90, 63.29
-0.07, -0.88, -0.52, -45.06, -38.27, 49.31
-0.27, -0.93, -0.68, -21.90, -64.00, 24.01
-0.54, -0.91, -0.77, 0.12, -64.00, -13.98
-0.79, -0.91, -0.66, 4.05, -54.38, -46.03
-0.78, -0.92, -0.57, -1.49, 8.64, -63.62
-0.54, -0.85, -0.60, 4.94, 46.99, -64.00
-0.22, -0.75, -0.61, 7.93, 64.00, -64.00
0.18, -0.67, -0.54, 2.09, 64.00, -38.87
0.51, -0.60, -0.47, -2.14, 61.68, -4.48
0.69, -0.53, -0.44, -7.15, 41.71, 19.86
0.75, -0.50, -0.43, -21.96, 29.97, 46.30
0.70, -0.53, -0.41, -27.14, 13.32, 54.90
0.47, -0.62, -0.40, -38.19, 0.34, 64.00
0.17, -0.73, -0.42, -44.48, -15.28, 64.00
-0.07, -0.84, -0.52, -38.78, -45.79, 51.77
-0.28, -0.91, -0.64, -19.53, -64.00, 23.38
-0.58, -0.98, -0.67, -2.64, -64.00, -22.00
-0.83, -1.04, -0.62, -3.55, -53.98, -46.78
-0.75, -0.99, -0.59, -2.56, 7.90, -58.29
-0.43, -0.87, -0.60, 5.72, 35.97, -64.00
-0.13, -0.77, -0.60, 6.93, 54.29, -63.26
0.20, -0.70, -0.57, 3.51, 64.00, -33.40
0.49, -0.61, -0.52, -0.92, 59.06, -6.72
0.61, -0.53, -0.47, -9.21, 40.31, 15.37
0.67, -0.50, -0.45, -22.02, 33.23, 42.49
0.68, -0.51, -0.44, -27.73, 14.46, 53.58
0.48, -0.55, -0.42, -35.93, -5.00, 60.89
0.17, -0.67, -0.43, -42.74, -11.18, 63.64
-0.04, -0.80, -0.49, -41.79, -29.42, 55.98
-0.26, -0.92, -0.59, -26.81, -59.69, 30.32
-0.52, -0.99, -0.68, -9.46, -64.00, -7.21
-0.80, -1.01, -0.70, 1.61, -56.79, -39.81
-0.83, -0.95, -0.65, 6.65, 0.56, -54.32
-0.55, -0.84, -0.61, 13.33, 36.39, -64.00
-0.22, -0.78, -0.59, 15.45, 57.34, -64.00
0.15, -0.73, -0.55, 8.90, 64.00, -41.22
0.47, -0.66, -0.49, -0.71, 62.83, -2.74
0.68, -0.56, -0.43, -11.00, 43.21, 20.88
0.74, -0.53, -0.39, -26.39, 31.95, 46.70
0.72, -0.57, -0.37, -37.21, 15.30, 58.73
0.51, -0.65, -0.39, -46.69, -7.87, 64.00
0.21, -0.76, -0.43, -54.99, -16.93, 64.00
0.00, -0.89, -0.51, -49.32, -39.62, 53.93
-0.30, -0.97, -0.63, -31.44, -61.07, 22.12
-0.65, -1.00, -0.70, -13.80, -64.00, -14.14
-0.89, -0.96, -0.74, 5.25, -37.83, -43.00
-0.81, -0.90, -0.69, 7.85, 17.16, -59.44
-0.51, -0.86, -0.61, 12.62, 43.94, -64.00
-0.20, -0.78, -0.58, 13.35, 64.00, -64.00
0.21, -0.69, -0.52, 6.24, 64.00, -38.62
0.54, -0.60, -0.44, -5.47, 64.00, -5.12
0.71, -0.53, -0.39, -18.85, 50.69, 19.03
0.76, -0.51, -0.35, -36.72, 35.80, 47.02
0.71, -0.56, -0.36, -41.86, 12.28, 60.25
0.45, -0.64, -0.41, -51.43, -9.43, 64.00
0.19, -0.74, -0.45, -50.35, -24.75, 64.00
-0.08, -0.86, -0.54, -40.11, -60.22, 46.38
-0.42, -0.94, -0.69, -16.76, -64.00, 10.72
-0.79, -0.97, -0.74, 1.61, -64.00, -26.12
-0.93, -0.95, -0.66, 8.90, -19.16, -48.87
-0.73, -0.88, -0.62, 14.28, 34.08, -64.00
-0.42, -0.80, -0.60, 15.61, 57.83, -64.00
-0.02, -0.74, -0.56, 11.63, 64.00, -53.84
0.41, -0.67, -0.49, 3.31, 64.00, -23.02
0.70, -0.60, -0.44, -9.78, 50.19, 8.50
0.82, -0.54, -0.39, -27.28, 35.89, 43.95
0.82, -0.55, -0.36, -34.98, 16.56, 53.80
0.62, -0.61, -0.35, -44.23, -8.29, 63.43
0.28, -0.74, -0.40, -54.08, -24.96, 64.00
-0.00, -0.86, -0.49, -52.75, -51.35, 53.38
-0.32, -0.92, -0.62, -31.26, -64.00, 24.12
-0.65, -0.93, -0.72, -8.09, -64.00, -19.81
-0.90, -0.95, -0.69, 2.22, -40.81, -46.16
-0.82, -0.92, -0.63, 6.23, 21.05, -59.31
-0.48, -0.83, -0.60, 10.08, 49.00, -64.00
-0.11, -0.76, -0.57, 9.31, 64.00, -54.17
0.33, -0.69, -0.53, 4.74, 64.00, -22.90
0.67, -0.59, -0.47, -2.76, 46.26, 5.76
0.76, -0.53, -0.42, -18.92, 27.71, 36.41
0.73, -0.55, -0.36, -29.08, 12.30, 48.74
0.57, -0.61, -0.36, -38.66, -7.74, 55.94
0.27, -0.72, -0.41, -48.17, -22.98, 58.41
0.00, -0.82, -0.47, -45.71, -44.46, 47.32
-0.29, -0.91, -0.60, -28.18, -64.00, 23.37
-0.57, -0.96, -0.67, -12.63, -64.00, -11.62
-0.80, -0.98, -0.70, 3.02, -43.15, -41.06
-0.75, -0.93, -0.68, 9.38, 16.19, -52.12
-0.46, -0.86, -0.63, 17.41, 38.28, -64.00
-0.18, -0.82, -0.59, 15.71, 54.16, -61.60
0.22, -0.76, -0.54, 8.24, 63.98, -32.43
0.55, -0.65, -0.47, 1.42, 49.18, -1.98
0.69, -0.53, -0.41, -14.48, 31.79, 22.71
0.69, -0.49, -0.35, -29.95, 18.03, 41.14
0.60, -0.54, -0.33, -38.93, -0.85, 50.38
0.39, -0.63, -0.36, -50.66, -11.08, 55.83
0.16, -0.75, -0.41, -55.02, -13.55, 61.27
0.02, -0.86, -0.46, -49.06, -26.33, 52.69
-0.20, -0.97, -0.55, -39.59, -42.62, 33.35
-0.45, -1.01, -0.68, -20.97, -55.77, 4.18
-0.69, -0.95, -0.76, 5.33, -49.73, -27.35
-0.73, -0.89, -0.76, 18.00, -7.98, -46.20
-0.54, -0.87, -0.70, 23.24, 25.79, -60.80
-0.31, -0.84, -0.65, 26.29, 36.53, -64.00
-0.09, -0.77, -0.61, 20.87, 57.72, -56.49
0.29, -0.66, -0.53, 7.58, 64.00, -24.02
0.59, -0.56, -0.42, -9.78, 63.70, 11.05
0.75, -0.48, -0.35, -29.28, 45.96, 33.88
0.77, -0.50, -0.32, -34.18, 17.85, 46.04
0.59, -0.63, -0.34, -42.94, -8.52, 54.15
0.28, -0.82, -0.40, -54.30, -24.30, 56.79
-0.01, -0.95, -0.46, -54.46, -40.78, 47.63
-0.26, -0.99, -0.58, -37.61, -56.70, 22.86
-0.57, -0.93, -0.72, -12.12, -61.87, -10.79
-0.81, -0.88, -0.78, 8.45, -38.67, -39.38
-0.77, -0.87, -0.72, 13.15, 14.32, -52.19
-0.48, -0.84, -0.64, 18.97, 45.76, -64.00
-0.17, -0.77, -0.56, 17.90, 56.37, -62.59
0.19, -0.69, -0.56, 13.82, 60.14, -40.24
0.50, -0.60, -0.52, 3.39, 57.13, -5.46
0.69, -0.52, -0.41, -14.42, 40.07, 22.09
0.72, -0.50, -0.33, -28.33, 18.00, 39.53
0.64, -0.56, -0.33, -30.95, -0.80, 49.18
0.42, -0.69, -0.33, -43.89, -15.91, 54.80
0.14, -0.85, -0.37, -54.65, -27.71, 53.45
-0.04, -0.92, -0.48, -50.53, -40.88, 45.96
-0.20, -0.93, -0.58, -33.78, -53.06, 27.90
-0.40, -0.92, -0.67, -15.92, -54.08, -0.65
-0.61, -0.94, -0.69, 2.53, -45.52, -29.92
-0.68, -0.91, -0.68, 10.31, -0.15, -43.55
-0.52, -0.90, -0.65, 16.79, 30.97, -55.57
-0.28, -0.84, -0.60, 17.64, 45.26, -61.09
0.00, -0.78, -0.54, 15.23, 47.65, -50.39
0.29, -0.71, -0.50, 8.36, 35.83, -33.96
0.46, -0.64, -0.48, -1.44, 26.81, -9.55
0.59, -0.56, -0.43, -16.54, 28.64, 19.15
0.65, -0.52, -0.35, -28.64, 17.02, 35.43
0.53, -0.58, -0.33, -36.14, 4.11, 41.56
0.34, -0.71, -0.33, -48.76, -5.49, 51.63
0.17, -0.84, -0.39, -54.69, -20.55, 52.95
0.03, -0.91, -0.48, -49.18, -42.16, 44.83
-0.19, -0.92, -0.60, -32.24, -62.64, 24.26
-0.44, -0.92, -0.69, -11.38, -64.00, -8.68
-0.69, -0.94, -0.69, 6.98, -48.50, -37.30
-0.73, -0.95, -0.67, 8.48, 1.87, -48.14
-0.50, -0.90, -0.64, 16.31, 31.54, -62.01
-0.22, -0.79, -0.58, 16.10, 40.79, -62.99
0.11, -0.72, -0.52, 11.43, 43.37, -48.26
0.42, -0.66, -0.48, 3.74, 28.50, -24.87
0.54, -0.58, -0.46, -8.52, 17.53, -0.29
0.63, -0.51, -0.39, -25.78, 16.21, 31.83
0.65, -0.50, -0.35, -34.48, 4.18, 40.49
0.48, -0.58, -0.34, -42.08, -5.68, 49.49
0.24, -0.71, -0.37, -51.28, -10.20, 56.05
0.04, -0.83, -0.44, -52.56, -20.58, 55.17
-0.08, -0.90, -0.52, -44.40, -42.71, 39.21
-0.26, -0.93, -0.61, -27.80, -55.22, 21.44
-0.44, -0.94, -0.69, -7.80, -48.14, -6.02
-0.64, -0.97, -0.70, 5.50, -29.54, -31.12
-0.66, -0.95, -0.68, 12.94, 20.67, -42.24
-0.43, -0.88, -0.65, 15.47, 41.73, -56.83
-0.16, -0.80, -0.59, 17.19, 49.50, -55.39
0.14, -0.75, -0.53, 10.47, 47.65, -40.69
0.43, -0.69, -0.48, 1.33, 37.39, -19.69
0.55, -0.61, -0.45, -8.57, 22.94, -2.03
0.59, -0.57, -0.39, -27.12, 16.75, 24.26
0.59, -0.60, -0.36, -35.88, 10.99, 36.45
0.44, -0.66, -0.36, -46.58, -0.87, 47.83
0.26, -0.74, -0.38, -55.19, -10.43, 54.16
0.10, -0.79, -0.43, -53.94, -21.05, 55.42
-0.02, -0.83, -0.52, -43.89, -40.54, 42.45
-0.25, -0.87, -0.64, -28.49, -45.43, 23.69
-0.48, -0.89, -0.70, -13.57, -44.15, -6.34
-0.67, -0.89, -0.69, 0.41, -22.99, -30.08
-0.62, -0.90, -0.65, 3.95, 18.60, -37.75
-0.36, -0.87, -0.61, 6.09, 34.44, -48.48
-0.12, -0.82, -0.56, 6.24, 28.04, -49.87
0.11, -0.76, -0.54, 0.87, 18.18, -37.06
0.33, -0.70, -0.53, -4.88, 17.18, -10.86
0.54, -0.60, -0.47, -12.66, 13.62, 13.07
0.60, -0.53, -0.40, -24.12, 9.49, 27.64
0.51, -0.56, -0.37, -31.98, 3.40, 38.29
0.33, -0.65, -0.37, -44.21, 1.76, 45.35
0.15, -0.76, -0.39, -57.08, -5.68, 52.02
0.04, -0.83, -0.43, -59.27, -27.91, 48.20
-0.09, -0.85, -0.55, -41.77, -58.87, 34.75
-0.28, -0.90, -0.70, -18.04, -64.00, 6.37
-0.53, -0.92, -0.73, -1.19, -64.00, -15.85
-0.65, -0.96, -0.70, 12.85, -31.95, -35.45
-0.69, -0.92, -0.63, 14.07, 11.27, -56.34
-0.58, -0.85, -0.57, 12.93, 40.75, -64.00
-0.24, -0.80, -0.56, 14.67, 48.78, -64.00
0.10, -0.73, -0.54, 10.88, 44.23, -47.15
0.37, -0.66, -0.47, 2.64, 36.58, -28.46
0.49, -0.60, -0.40, -7.29, 17.02, -10.37
0.56, -0.58, -0.37, -24.97, 11.65, 15.42
0.63, -0.62, -0.36, -37.62, 10.66, 39.95
0.56, -0.65, -0.36, -43.10, -3.49, 48.48
0.30, -0.72, -0.39, -47.03, -14.83, 50.35
0.03, -0.79, -0.48, -44.99, -31.63, 45.14
-0.21, -0.84, -0.62, -29.12, -51.67, 30.03
-0.42, -0.87, -0.68, -7.23, -64.00, -4.40
-0.67, -0.92, -0.69, 7.53, -62.88, -35.58
-0.74, -0.94, -0.65, 13.65, -22.08, -51.26
-0.54, -0.89, -0.60, 14.75, 16.71, -64.00
-0.28, -0.84, -0.58, 16.36, 29.83, -64.00
0.04, -0.78, -0.56, 11.95, 48.54, -47.90
0.34, -0.71, -0.48, 3.89, 40.11, -23.70
0.56, -0.64, -0.41, -8.61, 24.64, -2.38
0.64, -0.59, -0.38, -20.14, 9.43, 21.77
0.66, -0.59, -0.37, -35.02, 5.06, 40.45
0.55, -0.64, -0.35, -45.18, -9.88, 47.02
0.30, -0.69, -0.39, -51.55, -15.52, 51.87
0.04, -0.74, -0.47, -50.88, -20.37, 50.08
-0.15, -0.80, -0.54, -41.93, -34.51, 35.42
-0.34, -0.88, -0.63, -25.46, -58.18, 13.40
-0.54, -0.92, -0.71, -4.30, -64.00, -24.43
-0.69, -0.94, -0.72, 8.84, -36.93, -41.84
-0.60, -0.92, -0.63, 10.18, 8.49, -51.25
-0.37, -0.86, -0.59, 14.62, 20.60, -64.00
-0.16, -0.81, -0.56, 18.08, 26.54, -60.06
0.12, -0.78, -0.55, 10.46, 31.95, -39.14
0.39, -0.72, -0.46, -0.30, 21.34, -15.67
0.56, -0.64, -0.40, -15.46, 10.55, 10.84
0.62, -0.58, -0.36, -29.99, 6.51, 34.43
0.57, -0.57, -0.36, -39.55, -0.89, 41.01
0.38, -0.62, -0.39, -46.00, -4.73, 47.91
0.11, -0.71, -0.45, -50.05, -1.59, 49.38
-0.09, -0.80, -0.51, -49.63, -10.07, 42.72
-0.25, -0.88, -0.57, -37.95, -32.83, 25.54
-0.39, -0.92, -0.66, -16.36, -60.15, -3.85
-0.57, -0.93, -0.72, 3.09, -57.47, -33.39
-0.60, -0.92, -0.70, 14.85, -11.76, -40.09
-0.45, -0.89, -0.62, 14.10, 19.05, -54.76
-0.27, -0.85, -0.59, 18.06, 36.09, -61.33
-0.03, -0.80, -0.56, 13.82, 40.86, -48.98
0.30, -0.74, -0.49, 0.27, 43.52, -18.59
0.58, -0.67, -0.41, -12.14, 36.55, 13.69
0.70, -0.56, -0.36, -26.23, 16.09, 33.54
0.62, -0.54, -0.34, -37.29, 0.08, 39.60
0.39, -0.61, -0.37, -44.08, -9.22, 45.62
0.13, -0.71, -0.43, -52.43, -0.12, 49.46
-0.05, -0.81, -0.44, -59.30, 2.92, 45.71
-0.17, -0.88, -0.49, -51.02, -22.31, 30.04
-0.32, -0.89, -0.62, -30.43, -53.59, 12.00
-0.48, -0.87, -0.74, -5.33, -64.00, -20.36
-0.64, -0.86, -0.76, 13.13, -37.58, -39.72
-0.59, -0.85, -0.67, 18.67, 6.10, -47.21
-0.38, -0.84, -0.60, 19.86, 31.93, -58.99
-0.15, -0.81, -0.58, 19.60, 45.89, -52.06
0.15, -0.74, -0.53, 11.04, 44.32, -34.11
0.38, -0.70, -0.44, -0.58, 29.79, -11.72
0.55, -0.65, -0.39, -15.99, 28.15, 17.51
0.66, -0.60, -0.34, -33.79, 23.04, 39.36
0.60, -0.61, -0.33, -43.63, 7.24, 44.03
0.40, -0.71, -0.38, -51.23, -1.28, 50.89
0.12, -0.78, -0.44, -59.01, -8.57, 51.57
-0.10, -0.87, -0.50, -54.48, -31.98, 41.30
-0.31, -0.91, -0.61, -32.86, -61.43, 16.05
-0.55, -0.90, -0.73, -2.46, -64.00, -25.65
-0.79, -0.91, -0.75, 13.61, -47.93, -49.36
-0.77, -0.89, -0.68, 18.99, 10.11, -60.80
-0.53, -0.88, -0.63, 25.16, 39.01, -64.00
-0.21, -0.83, -0.60, 22.07, 57.45, -64.00
0.16, -0.77, -0.55, 14.79, 59.08, -44.87
0.51, -0.67, -0.48, 3.35, 45.69, -15.37
0.58, -0.58, -0.44, -6.37, 12.79, -2.79
0.52, -0.53, -0.39, -20.72, 12.68, 15.25
0.51, -0.54, -0.34, -34.77, 10.28, 31.61
0.36, -0.63, -0.34, -41.13, -3.37, 34.55
0.12, -0.73, -0.39, -45.18, -9.06, 34.41
-0.06, -0.81, -0.45, -48.88, -6.50, 34.66
-0.13, -0.82, -0.49, -42.39, -6.02, 29.56
-0.18, -0.80, -0.53, -31.61, -9.47, 19.30
-0.23, -0.82, -0.58, -15.29, -24.48, 2.34
-0.33, -0.89, -0.64, -0.64, -34.31, -16.23
-0.39, -0.97, -0.65, 14.03, -17.20, -28.86
-0.33, -0.96, -0.60, 17.65, -5.22, -44.83
-0.23, -0.92, -0.55, 15.80, 4.77, -54.32
-0.06, -0.89, -0.52, 9.17, 8.45, -51.76
0.18, -0.81, -0.49, -1.10, 15.91, -31.01
0.46, -0.68, -0.49, -8.51, 13.37, -11.51
0.58, -0.56, -0.47, -21.33, 2.32, 10.54
0.60, -0.53, -0.42, -38.34, 4.67, 33.64
0.53, -0.59, -0.39, -40.83, 2.99, 43.60
0.33, -0.69, -0.43, -46.04, 3.90, 49.19
0.11, -0.82, -0.47, -50.90, 2.62, 49.06
-0.06, -0.90, -0.48, -50.02, -13.15, 43.24
-0.20, -0.92, -0.54, -34.51, -48.25, 24.01
-0.39, -0.89, -0.69, -7.33, -64.00, -9.75
-0.63, -0.88, -0.74, 10.45, -57.82, -40.43
-0.69, -0.89, -0.65, 9.49, -2.66, -52.32
-0.50, -0.86, -0.59, 10.43, 29.65, -64.00
-0.24, -0.79, -0.57, 9.95, 47.11, -61.70
0.15, -0.73, -0.53, 0.80, 55.37, -36.10
0.51, -0.63, -0.47, -4.44, 41.57, -3.07
0.67, -0.57, -0.45, -14.29, 15.73, 17.92
0.63, -0.56, -0.39, -26.91, 3.96, 36.52
0.49, -0.61, -0.35, -31.81, -6.59, 43.26
0.28, -0.72, -0.38, -43.41, -5.75, 45.46
0.05, -0.83, -0.41, -50.26, -4.81, 45.05
-0.10, -0.88, -0.44, -48.55, -11.07, 36.64
-0.23, -0.90, -0.51, -36.60, -30.81, 16.55
-0.36, -0.93, -0.66, -16.24, -49.42, -11.12
-0.53, -0.94, -0.75, 1.08, -41.12, -34.42
-0.56, -0.90, -0.71, 9.25, -7.27, -48.23
-0.41, -0.87, -0.65, 17.62, 14.80, -62.68
-0.19, -0.84, -0.61, 20.40, 27.68, -64.00
0.08, -0.80, -0.54, 10.89, 46.68, -42.44
0.47, -0.70, -0.46, 3.53, 46.24, -10.10
0.63, -0.57, -0.43, -5.57, 25.33, 11.20
0.61, -0.49, -0.39, -21.04, 21.85, 36.22
0.54, -0.50, -0.33, -31.18, 14.65, 43.21
0.33, -0.62, -0.34, -39.94, 7.08, 45.30
0.12, -0.74, -0.39, -52.13, 10.10, 49.26
-0.01, -0.84, -0.43, -54.97, 1.31, 46.09
-0.12, -0.88, -0.50, -46.50, -25.21, 30.60
-0.29, -0.92, -0.63, -26.65, -49.58, 7.83
-0.47, -0.97, -0.74, -7.07, -56.06, -21.61
-0.61, -0.96, -0.76, 9.91, -28.39, -38.10
-0.53, -0.91, -0.70, 16.29, 15.22, -54.30
-0.32, -0.84, -0.65, 22.51, 35.70, -64.00
-0.09, -0.80, -0.59, 17.97, 48.21, -54.78
0.28, -0.76, -0.50, 6.86, 57.03, -25.00
0.61, -0.63, -0.44, -4.07, 40.77, 6.87
0.72, -0.55, -0.39, -21.03, 24.90, 31.80
0.68, -0.52, -0.32, -34.94, 10.88, 43.96
0.51, -0.58, -0.30, -45.21, -5.03, 51.68
0.27, -0.72, -0.37, -59.10, -7.76, 54.09
0.06, -0.82, -0.41, -63.53, -1.79, 56.28
-0.07, -0.86, -0.46, -57.10, -20.66, 42.25
-0.24, -0.88, -0.60, -39.15, -44.06, 23.66
-0.43, -0.88, -0.76, -9.76, -53.42, -5.79
-0.67, -0.89, -0.80, 11.07, -45.48, -33.93
-0.66, -0.90, -0.71, 17.57, 8.15, -44.23
-0.44, -0.87, -0.62, 21.09, 41.46, -57.60
-0.16, -0.80, -0.57, 18.54, 49.68, -60.90
0.14, -0.76, -0.49, 5.61, 57.43, -33.75
0.53, -0.71, -0.42, -6.49, 54.46, 0.82
0.76, -0.62, -0.39, -17.07, 31.21, 24.18
0.76, -0.55, -0.35, -34.71, 13.20, 41.27
0.63, -0.57, -0.32, -44.98, -5.15, 49.58
0.44, -0.64, -0.37, -52.66, -14.95, 55.92
0.15, -0.74, -0.44, -62.19, -16.96, 56.34
-0.05, -0.80, -0.49, -57.64, -32.62, 46.55
-0.22, -0.85, -0.60, -40.10, -41.89, 29.40
-0.40, -0.88, -0.72, -22.09, -43.69, 3.92
-0.63, -0.88, -0.76, -2.81, -37.34, -22.20
-0.70, -0.86, -0.75, 11.34, 7.09, -33.27
-0.47, -0.83, -0.66, 18.18, 37.76, -44.27
-0.22, -0.80, -0.58, 17.78, 45.41, -49.81
0.03, -0.78, -0.52, 11.69, 47.87, -36.76
0.31, -0.74, -0.45, 0.23, 47.57, -6.78
0.59, -0.68, -0.39, -9.84, 40.76, 16.29
0.69, -0.62, -0.36, -24.91, 28.89, 36.45
0.61, -0.65, -0.34, -38.34, 17.93, 47.83
0.40, -0.71, -0.39, -48.33, 7.26, 54.43
0.17, -0.74, -0.47, -51.11, 2.41, 55.78
-0.01, -0.78, -0.53, -44.92, -17.56, 44.31
-0.22, -0.85, -0.62, -33.43, -37.63, 26.97
-0.46, -0.85, -0.73, -13.22, -44.94, 2.31
-0.61, -0.82, -0.74, 2.97, -30.89, -22.44
-0.64, -0.82, -0.66, 8.01, 8.96, -36.88
-0.47, -0.79, -0.57, 10.51, 32.55, -47.60
-0.19, -0.74, -0.54, 9.27, 48.42, -43.03
0.13, -0.73, -0.49, 4.09, 55.96, -24.21
0.42, -0.71, -0.42, -6.67, 36.51, -4.23
0.55, -0.69, -0.37, -20.60, 18.69, 18.95
0.60, -0.70, -0.34, -32.85, 5.01, 33.85
0.54, -0.73, -0.36, -41.39, -9.23, 43.05
0.33, -0.75, -0.42, -50.05, -21.00, 47.70
0.12, -0.77, -0.48, -49.72, -28.25, 44.68
-0.09, -0.81, -0.58, -39.47, -44.88, 31.02
-0.34, -0.83, -0.67, -26.56, -49.03, 9.47
-0.59, -0.82, -0.76, -7.00, -47.37, -18.25
-0.72, -0.80, -0.72, 7.93, -11.55, -36.92
-0.58, -0.78, -0.66, 12.74, 20.64, -46.49
-0.33, -0.78, -0.60, 16.16, 27.07, -53.61
-0.05, -0.77, -0.59, 16.54, 34.35, -45.41
0.20, -0.75, -0.52, 8.66, 33.50, -27.47
0.41, -0.72, -0.41, -4.85, 26.77, -8.35
0.52, -0.69, -0.36, -18.21, 10.17, 8.71
0.56, -0.68, -0.35, -36.65, 13.13, 30.29
0.55, -0.71, -0.37, -47.59, 3.96, 43.15
0.41, -0.73, -0.42, -55.82, -5.15, 51.14
0.22, -0.72, -0.47, -60.16, -7.67, 54.52
0.03, -0.73, -0.54, -53.75, -19.47, 46.10
-0.21, -0.79, -0.68, -37.21, -39.11, 21.12
-0.54, -0.83, -0.79, -14.98, -57.18, -7.54
-0.79, -0.86, -0.82, 5.81, -39.53, -37.02
-0.77, -0.85, -0.74, 15.07, 3.31, -47.93
-0.47, -0.83, -0.64, 20.46, 24.94, -64.00
-0.22, -0.81, -0.61, 23.80, 30.08, -63.90
0.11, -0.78, -0.58, 18.75, 46.25, -39.84
0.39, -0.72, -0.47, 8.52, 41.44, -18.33
0.51, -0.65, -0.37, -5.88, 18.67, -4.85
0.54, -0.61, -0.33, -19.31, 11.11, 17.98
0.60, -0.63, -0.33, -38.10, 14.05, 39.45
0.55, -0.67, -0.34, -47.94, 1.04, 46.99
0.32, -0.69, -0.38, -58.31, 1.48, 53.60
0.12, -0.71, -0.44, -59.23, -2.84, 51.65
-0.10, -0.77, -0.55, -49.94, -25.69, 38.56
-0.31, -0.82, -0.70, -31.06, -49.45, 17.21
-0.57, -0.83, -0.81, -1.37, -64.00, -14.38
-0.77, -0.84, -0.81, 14.18, -33.18, -39.29
-0.70, -0.83, -0.71, 23.39, 9.29, -53.13
-0.44, -0.79, -0.63, 27.95, 30.89, -64.00
-0.10, -0.77, -0.60, 24.30, 51.20, -52.75
0.26, -0.76, -0.53, 15.10, 56.37, -30.22
0.52, -0.72, -0.41, 1.24, 41.09, -7.40
0.64, -0.67, -0.34, -15.52, 21.44, 15.08
0.72, -0.68, -0.31, -35.79, 18.61, 40.42
0.68, -0.73, -0.32, -50.39, -0.32, 51.73
0.44, -0.74, -0.37, -61.43, -8.81, 57.50
0.14, -0.73, -0.45, -64.00, -14.12, 57.39
-0.11, -0.72, -0.55, -58.21, -33.40, 41.92
-0.37, -0.75, -0.69, -35.88, -48.54, 19.22
-0.60, -0.79, -0.77, -11.16, -54.87, -13.42
-0.80, -0.85, -0.79, 5.32, -29.15, -38.31
-0.73, -0.85, -0.71, 13.15, 21.07, -44.86
-0.38, -0.79, -0.62, 18.90, 38.76, -52.34
-0.07, -0.77, -0.58, 18.37, 40.51, -44.94
0.24, -0.77, -0.52, 9.56, 37.92, -23.99
0.47, -0.72, -0.44, -0.71, 27.87, -1.00
0.60, -0.67, -0.36, -19.74, 15.46, 18.75
0.63, -0.68, -0.33, -36.92, 6.48, 35.47
0.54, -0.72, -0.36, -48.64, -6.20, 44.06
0.32, -0.74, -0.43, -58.87, -11.44, 50.17
0.08, -0.72, -0.49, -61.34, -13.01, 49.64
-0.10, -0.73, -0.59, -47.90, -34.85, 29.77
-0.38, -0.78, -0.72, -28.70, -51.71, 6.39
-0.65, -0.83, -0.81, -7.57, -54.71, -24.36
-0.77, -0.82, -0.80, 11.16, -19.46, -40.87
-0.62, -0.79, -0.71, 20.04, 20.53, -54.23
-0.35, -0.78, -0.64, 23.41, 34.16, -61.32
-0.09, -0.78, -0.60, 20.77, 42.78, -51.75
0.23, -0.76, -0.52, 13.57, 40.80, -32.01
0.44, -0.71, -0.45, 1.52, 21.83, -15.05
0.53, -0.67, -0.40, -10.72, 12.63, 3.13
0.56, -0.66, -0.36, -30.82, 6.14, 19.89
0.51, -0.71, -0.34, -46.02, 4.75, 32.73
0.32, -0.76, -0.38, -53.40, -6.87, 34.87
0.10, -0.77, -0.50, -53.65, -18.69, 28.56
-0.18, -0.77, -0.60, -42.20, -42.88, 12.25
-0.39, -0.78, -0.72, -21.13, -61.35, -13.50
-0.58, -0.85, -0.74, 2.57, -53.55, -38.79
-0.63, -0.93, -0.70, 9.76, -17.65, -58.39
-0.53, -0.93, -0.67, 14.16, 13.07, -64.00
-0.29, -0.86, -0.62, 13.97, 41.28, -63.61
0.14, -0.77, -0.56, 18.57, 40.99, -52.51
0.34, -0.68, -0.56, 17.63, 4.77, -49.36
0.34, -0.65, -0.51, 6.16, -0.06, -28.57
0.40, -0.60, -0.47, -0.60, -6.29, -11.72
0.42, -0.55, -0.44, -12.86, 1.28, 5.12
0.44, -0.55, -0.35, -31.05, 14.70, 26.23
0.45, -0.58, -0.32, -37.10, 16.33, 39.05
0.34, -0.64, -0.38, -45.13, 14.59, 46.08
0.14, -0.71, -0.44, -52.85, 13.09, 49.74
-0.01, -0.78, -0.48, -52.05, -0.98, 45.32
-0.11, -0.83, -0.55, -40.32, -33.07, 29.52
-0.24, -0.87, -0.69, -15.78, -58.21, 7.22
-0.41, -0.91, -0.78, 4.91, -63.72, -21.85
-0.56, -0.98, -0.75, 15.05, -28.27, -39.12
-0.46, -0.97, -0.68, 20.61, 14.91, -51.24
-0.23, -0.90, -0.63, 22.82, 31.36, -62.94
-0.02, -0.85, -0.59, 18.04, 37.50, -54.77
0.27, -0.79, -0.50, 12.97, 33.14, -32.83
0.51, -0.70, -0.45, 4.63, 18.25, -11.18
0.60, -0.60, -0.41, -6.09, 5.26, 10.33
0.59, -0.55, -0.35, -20.60, 0.53, 28.04
0.50, -0.56, -0.32, -31.13, -5.65, 30.26
0.28, -0.64, -0.35, -43.69, -9.46, 34.62
0.06, -0.72, -0.41, -48.08, -4.05, 36.81
-0.06, -0.75, -0.46, -50.71, -2.71, 34.24
-0.10, -0.78, -0.51, -44.69, -11.63, 27.05
-0.15, -0.81, -0.59, -29.56, -37.71, 16.41
-0.23, -0.85, -0.68, -12.64, -53.75, -3.36
-0.37, -0.90, -0.75, 5.05, -44.51, -22.90
-0.45, -0.90, -0.73, 17.42, -17.25, -39.08
-0.35, -0.86, -0.65, 21.29, 8.14, -50.27
-0.18, -0.87, -0.60, 20.54, 15.07, -54.94
0.01, -0.87, -0.55, 15.89, 13.62, -48.89
0.27, -0.81, -0.51, 5.50, 23.37, -23.80
0.51, -0.70, -0.45, -0.35, 25.39, -0.14
0.61, -0.61, -0.39, -11.95, 12.43, 16.56
0.57, -0.62, -0.34, -33.20, 19.47, 35.98
0.49, -0.69, -0.30, -50.87, 20.18, 46.58
0.33, -0.72, -0.34, -61.90, 17.85, 53.40
0.16, -0.74, -0.42, -64.00, 4.73, 54.73
0.02, -0.78, -0.50, -61.00, -17.72, 43.56
-0.17, -0.83, -0.62, -42.21, -54.50, 22.46
-0.38, -0.86, -0.78, -17.97, -64.00, -2.71
-0.60, -0.89, -0.79, 2.15, -53.15, -33.13
-0.67, -0.88, -0.75, 11.97, -3.62, -42.67
-0.45, -0.82, -0.67, 19.94, 40.25, -52.46
-0.21, -0.78, -0.61, 23.90, 47.21, -56.62
0.02, -0.77, -0.55, 18.61, 43.33, -47.38
0.30, -0.77, -0.46, 5.44, 37.14, -21.56
0.55, -0.71, -0.39, -6.45, 28.69, 7.21
0.67, -0.61, -0.33, -24.13, 12.96, 29.13
0.63, -0.59, -0.29, -37.72, 3.98, 41.87
0.45, -0.63, -0.33, -51.49, -4.15, 50.04
0.25, -0.70, -0.40, -61.20, 1.78, 53.15
0.06, -0.76, -0.45, -64.00, 2.14, 53.49
-0.08, -0.80, -0.51, -59.36, -21.57, 39.75
-0.21, -0.85, -0.67, -38.22, -40.77, 21.93
-0.38, -0.88, -0.80, -17.92, -44.36, -6.67
-0.63, -0.89, -0.82, 0.35, -44.63, -37.35
-0.67, -0.87, -0.78, 9.51, 4.78, -47.17
-0.42, -0.83, -0.73, 19.58, 26.40, -63.57
-0.22, -0.80, -0.69, 21.87, 27.08, -64.00
0.01, -0.81, -0.61, 14.71, 33.57, -61.69
0.35, -0.75, -0.49, 6.85, 41.27, -30.30
0.62, -0.68, -0.43, -2.88, 31.15, -10.80
0.66, -0.60, -0.36, -18.81, 27.66, 16.86
0.67, -0.59, -0.29, -37.09, 29.68, 42.63
0.59, -0.64, -0.29, -52.86, 17.71, 53.34
0.32, -0.71, -0.36, -62.35, 12.49, 55.12
0.09, -0.74, -0.43, -64.00, 9.26, 56.53
-0.09, -0.75, -0.50, -62.26, -20.62, 41.31
-0.25, -0.79, -0.66, -36.61, -53.73, 16.32
-0.47, -0.84, -0.81, -10.10, -60.57, -13.86
-0.70, -0.88, -0.81, 4.63, -46.96, -41.76
-0.71, -0.86, -0.72, 13.65, 1.65, -49.24
-0.44, -0.79, -0.65, 24.44, 33.39, -60.96
-0.20, -0.74, -0.62, 26.37, 40.36, -61.98
0.08, -0.74, -0.54, 16.29, 48.87, -42.21
0.49, -0.72, -0.42, 6.65, 48.85, -5.05
0.77, -0.63, -0.38, -3.08, 28.59, 20.00
0.83, -0.58, -0.33, -22.50, 17.00, 45.22
0.73, -0.62, -0.29, -37.21, 4.29, 58.28
0.48, -0.71, -0.36, -55.75, -0.70, 63.83
0.21, -0.77, -0.41, -64.00, 1.77, 64.00
0.02, -0.81, -0.47, -64.00, -17.49, 57.09
-0.14, -0.83, -0.61, -50.78, -35.35, 37.10
-0.36, -0.81, -0.78, -26.97, -55.33, 11.88
-0.63, -0.79, -0.86, -1.67, -62.08, -19.27
-0.75, -0.81, -0.86, 19.37, -19.22, -40.06
-0.60, -0.82, -0.73, 24.36, 20.63, -49.48
-0.34, -0.79, -0.64, 26.45, 42.85, -58.66
-0.06, -0.76, -0.60, 24.71, 54.27, -51.85
0.24, -0.73, -0.51, 13.40, 50.07, -33.19
0.49, -0.71, -0.40, -2.65, 35.18, -4.15
0.69, -0.69, -0.36, -17.20, 22.05, 21.67
0.76, -0.67, -0.33, -37.19, 11.78, 42.65
0.65, -0.69, -0.32, -52.04, -0.42, 52.21
0.38, -0.73, -0.37, -64.00, 1.38, 57.33
0.14, -0.74, -0.44, -64.00, 4.23, 58.66
-0.07, -0.76, -0.54, -62.20, -18.88, 42.98
-0.29, -0.77, -0.71, -42.54, -52.14, 18.25
-0.52, -0.78, -0.82, -11.53, -64.00, -8.27
-0.73, -0.84, -0.85, 6.33, -42.42, -38.51
-0.74, -0.84, -0.74, 14.96, 6.24, -49.38
-0.50, -0.80, -0.65, 22.39, 38.75, -63.13
-0.17, -0.75, -0.64, 25.41, 53.17, -59.05
0.14, -0.73, -0.57, 17.07, 60.98, -38.84
0.45, -0.72, -0.45, 5.89, 44.21, -17.45
0.63, -0.68, -0.38, -6.35, 29.54, 11.21
0.76, -0.64, -0.35, -19.85, 23.58, 35.48
0.73, -0.66, -0.34, -32.81, 8.25, 48.60
0.49, -0.72, -0.37, -44.37, 1.85, 54.10
0.17, -0.77, -0.41, -54.94, 8.40, 58.41
-0.00, -0.79, -0.44, -55.46, 2.51, 49.61
-0.18, -0.82, -0.54, -46.83, -27.50, 30.32
-0.38, -0.83, -0.69, -26.74, -56.07, 4.45
-0.61, -0.80, -0.80, -1.09, -59.52, -27.97
-0.71, -0.81, -0.76, 8.28, -23.03, -45.08
-0.58, -0.82, -0.64, 15.44, 13.42, -59.93
-0.35, -0.79, -0.61, 18.75, 26.60, -64.00
-0.07, -0.76, -0.60, 18.51, 40.58, -57.09
0.27, -0.73, -0.54, 12.94, 41.50, -32.04
0.55, -0.66, -0.46, 5.29, 29.05, -9.18
0.68, -0.61, -0.40, -6.81, 14.94, 15.15
0.71, -0.61, -0.36, -26.16, 10.77, 35.84
0.63, -0.65, -0.36, -34.14, 2.68, 47.62
0.42, -0.70, -0.39, -48.51, 2.07, 50.51
0.19, -0.74, -0.43, -57.85, 3.87, 52.64
0.01, -0.77, -0.48, -58.50, -5.14, 46.54
-0.14, -0.81, -0.57, -48.63, -31.75, 32.18
-0.29, -0.84, -0.68, -32.41, -49.24, 10.18
-0.50, -0.84, -0.76, -10.59, -54.82, -16.90
-0.64, -0.84, -0.77, 3.79, -26.79, -38.51
-0.56, -0.84, -0.71, 14.91, 8.13, -52.11
-0.35, -0.83, -0.65, 16.76, 17.18, -64.00
-0.11, -0.81, -0.61, 16.09, 23.41, -57.76
0.19, -0.77, -0.55, 12.74, 26.91, -37.44
0.46, -0.69, -0.48, 6.63, 18.75, -17.53
0.58, -0.62, -0.42, -4.64, 7.29, 5.87
0.63, -0.59, -0.36, -24.30, 8.97, 30.58
0.63, -0.61, -0.34, -36.13, 4.09, 45.61
0.47, -0.65, -0.37, -48.21, 0.91, 52.76
0.26, -0.69, -0.42, -61.29, 3.75, 59.26
0.08, -0.72, -0.46, -61.80, 0.75, 59.17
-0.05, -0.77, -0.53, -55.24, -25.62, 46.94
-0.22, -0.82, -0.67, -39.78, -43.60, 31.04
-0.44, -0.82, -0.79, -15.47, -55.24, 4.63
-0.61, -0.82, -0.82, 5.62, -45.63, -23.36
-0.66, -0.87, -0.77, 18.45, -1.81, -40.24
-0.49, -0.88, -0.70, 25.55, 21.75, -54.21
-0.27, -0.85, -0.65, 25.30, 23.89, -63.81
-0.05, -0.83, -0.63, 24.86, 28.52, -53.88
0.27, -0.76, -0.56, 16.20, 39.33, -29.64
0.49, -0.68, -0.46, 6.44, 26.27, -13.94
0.60, -0.62, -0.38, -8.62, 16.43, 7.56
0.65, -0.60, -0.35, -26.28, 16.34, 34.80
0.61, -0.63, -0.34, -42.34, 6.78, 46.28
0.40, -0.67, -0.37, -52.32, -1.78, 54.33
0.15, -0.69, -0.42, -58.66, -1.11, 56.57
-0.01, -0.71, -0.48, -54.57, -14.03, 48.56
-0.20, -0.77, -0.57, -44.62, -38.75, 29.55
-0.38, -0.82, -0.70, -26.89, -48.45, 8.87
-0.56, -0.82, -0.76, -5.67, -44.87, -15.24
-0.65, -0.84, -0.74, 7.13, -14.95, -34.96
-0.54, -0.84, -0.68, 16.64, 19.69, -44.50
-0.30, -0.79, -0.64, 19.87, 24.74, -54.41
-0.05, -0.78, -0.61, 20.31, 31.73, -45.67
0.22, -0.75, -0.57, 15.10, 33.22, -29.18
0.39, -0.69, -0.48, 4.14, 24.89, -10.91
0.49, -0.66, -0.40, -11.18, 14.46, 6.12
0.57, -0.67, -0.38, -26.61, 17.43, 31.22
0.58, -0.70, -0.38, -37.66, 12.09, 43.74
0.44, -0.72, -0.38, -50.57, 4.42, 51.53
0.25, -0.75, -0.42, -60.04, 3.40, 57.79
0.11, -0.77, -0.47, -58.52, -7.38, 54.39
-0.06, -0.78, -0.56, -50.40, -33.38, 39.93
-0.27, -0.81, -0.68, -30.90, -52.71, 19.30
-0.52, -0.82, -0.77, -8.09, -55.18, -9.24
-0.71, -0.83, -0.79, 7.73, -31.40, -36.84
-0.67, -0.84, -0.72, 15.70, 10.28, -44.37
-0.41, -0.81, -0.64, 20.07, 29.63, -60.41
-0.18, -0.79, -0.61, 22.53, 38.24, -58.29
0.12, -0.76, -0.58, 18.44, 39.26, -43.17
0.31, -0.73, -0.51, 10.45, 33.97, -24.38
0.45, -0.67, -0.44, -0.24, 18.87, -12.50
0.46, -0.63, -0.40, -14.07, 11.62, 4.23
0.48, -0.63, -0.38, -31.08, 14.05, 23.65
0.45, -0.66, -0.40, -40.77, 10.16, 35.20
0.28, -0.69, -0.41, -48.38, 5.33, 39.10
0.12, -0.71, -0.45, -51.31, 4.49, 40.78
-0.00, -0.75, -0.51, -48.52, -4.84, 35.46
-0.12, -0.82, -0.61, -35.26, -23.00, 20.27
-0.33, -0.87, -0.69, -17.90, -39.57, -2.21
-0.54, -0.92, -0.70, -0.26, -40.12, -32.41
-0.63, -0.97, -0.68, 4.35, -11.12, -48.34
-0.49, -0.94, -0.66, 10.58, 12.47, -64.00
-0.26, -0.87, -0.64, 15.38, 24.72, -64.00
0.03, -0.81, -0.60, 12.18, 36.52, -64.00
0.25, -0.75, -0.55, 4.96, 33.17, -54.60
0.41, -0.67, -0.49, -8.21, 26.00, -31.34
0.56, -0.57, -0.47, -16.22, 15.34, -6.40
0.63, -0.48, -0.45, -24.92, 1.22, 16.96
0.57, -0.48, -0.39, -34.16, -8.64, 34.90
0.43, -0.57, -0.37, -42.07, -9.53, 46.20
0.26, -0.65, -0.42, -48.43, -1.19, 55.92
0.06, -0.68, -0.47, -51.73, -3.48, 53.73
-0.09, -0.71, -0.49, -48.64, -16.16, 45.33
-0.19, -0.79, -0.55, -34.38, -31.61, 31.79
-0.26, -0.86, -0.66, -22.24, -38.29, 13.79
-0.40, -0.91, -0.70, -8.40, -40.11, -6.35
-0.48, -0.95, -0.70, 4.51, -21.28, -26.39
-0.38, -0.98, -0.68, 12.77, -3.79, -39.38
-0.22, -0.96, -0.66, 14.51, -1.39, -52.36
-0.07, -0.91, -0.63, 12.19, 4.59, -55.88
0.08, -0.84, -0.58, 8.10, 8.34, -49.14
0.26, -0.74, -0.55, 1.51, 14.29, -35.54
0.40, -0.64, -0.53, -2.02, 10.73, -21.02
0.45, -0.55, -0.50, -12.80, 5.37, -9.15
0.47, -0.53, -0.45, -26.36, 6.37, 17.69
0.50, -0.57, -0.42, -39.12, 13.62, 37.22
0.43, -0.64, -0.38, -45.40, 15.93, 47.38
0.26, -0.69, -0.38, -53.37, 10.21, 54.07
0.09, -0.75, -0.43, -54.53, -8.32, 52.30
-0.07, -0.81, -0.52, -44.05, -38.74, 38.61
-0.28, -0.83, -0.68, -22.48, -58.78, 15.04
-0.52, -0.86, -0.76, -4.06, -60.32, -19.74
-0.70, -0.92, -0.73, 8.57, -28.16, -42.46
-0.62, -0.94, -0.67, 12.10, 14.13, -57.54
-0.35, -0.90, -0.64, 12.70, 30.58, -64.00
-0.08, -0.83, -0.61, 10.74, 35.85, -64.00
0.19, -0.75, -0.57, 5.74, 38.56, -50.12
0.41, -0.68, -0.52, 0.44, 27.68, -33.72
0.54, -0.59, -0.51, -4.85, 8.81, -19.53
0.60, -0.54, -0.50, -17.37, 1.16, 8.78
0.63, -0.55, -0.46, -31.36, 2.82, 32.08
0.55, -0.60, -0.40, -43.25, 12.15, 55.03
0.43, -0.66, -0.36, -54.52, 11.83, 64.00
0.26, -0.72, -0.38, -60.56, 11.02, 64.00
0.10, -0.77, -0.42, -60.37, -8.59, 60.70
-0.14, -0.82, -0.56, -49.86, -37.44, 41.25
-0.38, -0.84, -0.70, -32.53, -44.92, 18.75
-0.59, -0.84, -0.77, -12.75, -47.35, -11.39
-0.69, -0.86, -0.79, 4.16, -23.04, -35.60
-0.55, -0.88, -0.72, 10.35, 16.00, -46.46
-0.30, -0.87, -0.65, 11.93, 30.06, -54.96
-0.05, -0.81, -0.62, 10.95, 36.05, -51.05
0.18, -0.74, -0.58, 6.85, 36.88, -35.91
0.39, -0.66, -0.54, -0.35, 31.32, -19.21
0.50, -0.59, -0.49, -11.69, 20.43, 0.28
0.57, -0.57, -0.44, -26.13, 9.57, 20.99
0.60, -0.58, -0.41, -38.05, 6.71, 43.13
0.53, -0.61, -0.42, -47.33, -0.85, 57.13
0.35, -0.63, -0.45, -53.10, -5.93, 62.94
0.12, -0.68, -0.49, -51.43, -14.13, 63.57
-0.08, -0.77, -0.58, -42.01, -29.89, 48.38
-0.33, -0.83, -0.70, -26.78, -44.47, 26.38
-0.55, -0.84, -0.78, -5.33, -42.53, -2.46
-0.69, -0.87, -0.79, 10.34, -25.81, -30.90
-0.63, -0.90, -0.73, 17.65, 10.51, -46.44
-0.43, -0.88, -0.64, 16.36, 26.84, -59.55
-0.14, -0.84, -0.61, 16.00, 33.74, -59.65
0.12, -0.77, -0.58, 9.82, 43.78, -44.99
0.35, -0.68, -0.50, 2.33, 30.09, -29.87
0.48, -0.62, -0.45, -6.49, 24.02, -7.33
0.59, -0.59, -0.42, -21.52, 17.31, 15.60
0.62, -0.59, -0.39, -39.36, 17.07, 38.94
0.56, -0.63, -0.37, -50.88, 13.38, 55.31
0.43, -0.64, -0.39, -61.67, 5.34, 64.00
0.24, -0.67, -0.43, -61.83, -7.67, 64.00
0.06, -0.71, -0.56, -55.94, -35.08, 58.79
-0.22, -0.74, -0.68, -37.92, -60.12, 39.65
-0.50, -0.75, -0.79, -14.80, -64.00, 10.19
-0.74, -0.79, -0.83, 7.85, -45.03, -22.81
-0.79, -0.87, -0.78, 16.44, 1.28, -44.47
-0.59, -0.91, -0.68, 18.15, 34.29, -53.62
-0.28, -0.86, -0.64, 17.91, 45.85, -59.80
0.02, -0.80, -0.63, 17.27, 46.93, -51.57
0.28, -0.74, -0.59, 11.29, 43.58, -35.57
0.41, -0.69, -0.52, 4.58, 29.71, -21.98
0.46, -0.65, -0.47, -5.00, 18.55, -5.66
0.49, -0.64, -0.44, -17.55, 12.38, 11.75
0.48, -0.66, -0.43, -34.11, 12.01, 29.73
0.43, -0.67, -0.41, -42.85, 10.91, 42.69
0.30, -0.66, -0.42, -48.89, 3.64, 49.81
0.16, -0.67, -0.46, -47.18, -10.84, 50.47
-0.00, -0.71, -0.53, -40.87, -30.31, 41.06
-0.18, -0.77, -0.63, -30.13, -48.16, 20.98
-0.42, -0.82, -0.73, -12.81, -49.07, -1.18
-0.60, -0.84, -0.75, 2.03, -36.43, -27.96
-0.64, -0.86, -0.72, 10.77, -1.83, -43.30
-0.50, -0.86, -0.66, 12.91, 21.89, -55.98
-0.23, -0.83, -0.63, 16.03, 29.07, -59.38
0.00, -0.79, -0.60, 15.99, 33.81, -55.03
0.20, -0.74, -0.55, 8.00, 37.51, -42.32
0.34, -0.71, -0.47, -1.40, 29.99, -29.71
0.41, -0.68, -0.46, -9.52, 19.42, -17.37
0.44, -0.67, -0.45, -22.87, 23.53, 4.01
0.52, -0.64, -0.40, -38.48, 22.24, 27.96
0.55, -0.60, -0.40, -51.38, 17.68, 45.58
0.46, -0.58, -0.42, -54.80, 8.42, 56.96
0.28, -0.60, -0.43, -57.52, -13.98, 60.59
0.12, -0.69, -0.49, -54.58, -40.78, 54.25
-0.08, -0.78, -0.65, -39.54, -63.43, 39.78
-0.34, -0.80, -0.76, -20.07, -64.00, 14.83
-0.62, -0.80, -0.80, 0.78, -54.70, -16.20
-0.77, -0.86, -0.78, 13.36, -21.30, -44.87
-0.67, -0.90, -0.72, 21.79, 18.60, -58.12
-0.38, -0.89, -0.67, 23.37, 27.92, -64.00
-0.09, -0.87, -0.66, 24.99, 31.12, -64.00
0.15, -0.81, -0.61, 21.17, 30.39, -57.54
0.33, -0.72, -0.53, 16.47, 16.04, -50.13
0.38, -0.66, -0.52, 12.05, 6.65, -41.82
0.38, -0.62, -0.50, 2.51, 3.65, -25.11
0.42, -0.59, -0.47, -7.33, 8.03, -2.94
0.48, -0.57, -0.45, -19.26, 18.05, 16.33
0.47, -0.57, -0.40, -30.43, 32.35, 32.70
0.41, -0.61, -0.35, -43.90, 39.71, 50.13
0.36, -0.68, -0.33, -56.84, 37.10, 63.16
0.31, -0.76, -0.35, -64.00, 18.61, 64.00
0.20, -0.83, -0.41, -64.00, -25.43, 62.58
0.04, -0.86, -0.56, -57.76, -61.51, 49.46
-0.19, -0.84, -0.70, -36.89, -64.00, 28.04
-0.46, -0.81, -0.84, -14.92, -64.00, -3.56
-0.71, -0.85, -0.84, 2.51, -35.41, -31.81
-0.75, -0.87, -0.80, 13.42, 17.98, -48.88
-0.51, -0.85, -0.73, 19.43, 47.53, -64.00
-0.21, -0.82, -0.70, 22.57, 54.41, -64.00
0.08, -0.76, -0.65, 22.20, 51.58, -58.14
0.30, -0.70, -0.55, 16.64, 35.02, -41.36
0.47, -0.66, -0.48, 9.76, 22.71, -25.31
0.52, -0.64, -0.44, -2.64, 10.70, -11.73
0.49, -0.64, -0.39, -18.90, 12.60, 7.04
0.52, -0.66, -0.36, -36.26, 20.03, 31.74
0.53, -0.67, -0.35, -48.67, 22.29, 45.20
0.38, -0.67, -0.35, -56.63, 17.70, 56.73
0.25, -0.68, -0.37, -62.28, -2.42, 56.86
0.12, -0.75, -0.46, -60.09, -29.92, 52.30
-0.02, -0.80, -0.59, -49.25, -48.96, 41.37
-0.21, -0.81, -0.71, -30.65, -57.17, 23.00
-0.43, -0.79, -0.79, -12.14, -52.41, -3.70
-0.64, -0.80, -0.80, 2.85, -24.27, -27.46
-0.64, -0.83, -0.75, 13.83, 14.72, -44.44
-0.42, -0.84, -0.71, 17.70, 34.20, -56.01
-0.12, -0.82, -0.66, 19.39, 40.83, -55.19
0.11, -0.77, -0.61, 18.33, 39.72, -46.61
0.30, -0.71, -0.54, 11.20, 36.01, -33.66
0.39, -0.66, -0.49, 3.39, 30.88, -20.48
0.44, -0.64, -0.44, -13.51, 22.29, -7.54
0.49, -0.65, -0.40, -28.01, 22.31, 19.02
0.59, -0.65, -0.38, -43.38, 14.68, 36.64
0.56, -0.66, -0.39, -49.92, 7.04, 50.20
0.41, -0.67, -0.40, -58.81, 4.30, 59.88
0.26, -0.71, -0.41, -64.00, -7.61, 62.56
0.10, -0.77, -0.50, -59.79, -33.60, 54.22
-0.06, -0.78, -0.64, -47.79, -54.27, 39.47
-0.30, -0.76, -0.76, -25.25, -63.46, 17.20
-0.53, -0.77, -0.84, -2.18, -50.19, -9.89
-0.70, -0.80, -0.83, 12.84, -19.54, -35.42
-0.67, -0.84, -0.74, 20.00, 17.42, -51.59
-0.40, -0.84, -0.68, 22.95, 32.98, -63.34
-0.12, -0.83, -0.64, 21.61, 35.09, -63.12
0.17, -0.77, -0.58, 17.40, 40.74, -47.36
0.40, -0.70, -0.51, 14.82, 27.18, -35.40
0.46, -0.65, -0.47, 7.73, 17.68, -22.61
0.46, -0.65, -0.42, -9.39, 17.72, -3.95
0.52, -0.68, -0.37, -24.07, 22.79, 22.34
0.60, -0.69, -0.37, -39.37, 22.63, 39.52
0.54, -0.68, -0.38, -52.08, 24.69, 52.74
0.37, -0.66, -0.38, -60.33, 19.59, 59.40
0.21, -0.68, -0.42, -62.91, 2.90, 62.40
0.07, -0.75, -0.54, -55.40, -28.66, 53.54
-0.09, -0.78, -0.69, -42.03, -56.66, 33.60
-0.33, -0.77, -0.79, -19.37, -64.00, 9.90
-0.57, -0.77, -0.84, 1.19, -53.71, -19.76
-0.70, -0.82, -0.82, 16.66, -10.14, -40.97
-0.59, -0.85, -0.73, 21.19, 28.74, -56.59
-0.33, -0.84, -0.68, 23.82, 41.11, -63.29
-0.02, -0.80, -0.63, 22.79, 36.10, -59.79
0.25, -0.76, -0.57, 18.48, 29.56, -42.20
0.48, -0.69, -0.48, 12.26, 16.70, -23.99
0.56, -0.65, -0.43, 2.38, 1.20, -7.66
0.54, -0.63, -0.40, -12.92, -1.28, 10.70
0.52, -0.66, -0.37, -33.65, 9.78, 29.25
0.46, -0.68, -0.36, -49.24, 11.19, 41.00
0.36, -0.66, -0.38, -57.96, 10.10, 52.20
0.25, -0.64, -0.42, -61.53, -6.33, 55.51
0.13, -0.69, -0.51, -55.68, -30.93, 50.84
-0.03, -0.78, -0.62, -45.84, -55.59, 37.46
-0.22, -0.83, -0.70, -33.79, -64.00, 16.75
-0.44, -0.85, -0.77, -14.70, -59.08, -5.97
-0.57, -0.83, -0.79, 4.39, -28.15, -29.00
-0.54, -0.83, -0.76, 15.41, 12.84, -40.96
-0.35, -0.84, -0.70, 18.56, 36.44, -53.06
-0.10, -0.83, -0.64, 17.53, 35.48, -53.48
0.10, -0.78, -0.59, 12.98, 27.48, -43.42
0.31, -0.72, -0.53, 6.31, 25.54, -25.86
0.50, -0.65, -0.47, -2.14, 12.12, -7.71
0.53, -0.62, -0.42, -14.43, 6.78, 9.23
0.55, -0.63, -0.39, -32.41, 10.98, 30.27
0.51, -0.66, -0.39, -47.38, 9.64, 41.68
0.37, -0.66, -0.41, -55.65, 6.42, 51.98
0.23, -0.65, -0.46, -55.40, -7.09, 54.90
0.06, -0.70, -0.55, -48.44, -33.62, 44.29
-0.14, -0.77, -0.68, -38.76, -54.26, 28.24
-0.36, -0.82, -0.74, -21.11, -64.00, 8.70
-0.56, -0.82, -0.80, -1.32, -57.10, -20.35
-0.68, -0.83, -0.77, 12.57, -15.12, -40.70
-0.59, -0.82, -0.69, 16.39, 29.73, -56.16
-0.34, -0.82, -0.65, 20.23, 44.75, -64.00
-0.08, -0.81, -0.62, 17.76, 43.18, -60.36
0.21, -0.78, -0.58, 13.71, 39.52, -43.17
0.46, -0.70, -0.52, 7.56, 28.22, -20.71
0.60, -0.63, -0.47, 0.10, 13.45, -4.64
0.62, -0.61, -0.42, -15.78, 14.28, 16.82
0.63, -0.64, -0.38, -34.65, 16.24, 37.22
0.53, -0.68, -0.38, -49.75, 12.88, 46.93
0.34, -0.68, -0.41, -56.38, 6.26, 54.00
0.15, -0.67, -0.47, -55.72, -11.69, 52.88
-0.02, -0.74, -0.55, -47.69, -34.77, 38.70
-0.23, -0.82, -0.66, -34.42, -54.43, 18.41
-0.44, -0.84, -0.73, -17.51, -59.17, -6.06
-0.60, -0.82, -0.76, 2.17, -41.46, -31.14
-0.61, -0.80, -0.74, 12.53, 1.85, -45.17
-0.44, -0.79, -0.70, 19.04, 22.39, -60.28
-0.20, -0.75, -0.64, 20.42, 31.30, -61.09
0.11, -0.77, -0.59, 16.49, 33.85, -48.04
0.39, -0.73, -0.54, 12.37, 26.24, -26.15
0.57, -0.67, -0.50, 3.85, 13.50, -6.75
0.63, -0.63, -0.44, -10.30, 11.59, 16.35
0.65, -0.64, -0.39, -29.44, 15.10, 37.54
0.57, -0.68, -0.38, -44.54, 13.13, 47.81
0.37, -0.69, -0.42, -53.79, 9.47, 56.13
0.20, -0.68, -0.48, -55.16, -1.08, 58.39
0.04, -0.73, -0.54, -49.10, -25.63, 50.71
-0.16, -0.81, -0.64, -38.58, -50.80, 31.12
-0.38, -0.82, -0.69, -24.80, -52.12, 10.13
-0.56, -0.82, -0.72, -6.99, -43.02, -19.11
-0.63, -0.83, -0.73, 5.00, -10.41, -36.88
-0.50, -0.81, -0.68, 11.38, 24.43, -49.33
-0.31, -0.79, -0.63, 14.09, 31.30, -60.74
-0.08, -0.79, -0.59, 13.82, 29.89, -57.70
0.15, -0.77, -0.57, 10.17, 20.17, -46.10
0.35, -0.72, -0.54, 4.90, 11.62, -30.57
0.49, -0.66, -0.50, -0.77, 5.35, -8.32
0.58, -0.60, -0.47, -10.34, 3.07, 14.18
0.60, -0.60, -0.44, -25.75, 9.31, 37.07
0.54, -0.64, -0.42, -39.10, 12.62, 48.10
0.36, -0.65, -0.43, -49.19, 14.94, 55.84
0.20, -0.65, -0.46, -55.12, 9.65, 61.12
0.12, -0.72, -0.51, -50.83, -13.43, 55.89
-0.05, -0.81, -0.60, -42.42, -37.86, 42.17
-0.28, -0.84, -0.69, -28.74, -59.44, 18.44
-0.51, -0.83, -0.75, -10.13, -60.93, -5.88
-0.64, -0.84, -0.75, 4.56, -36.79, -34.02
-0.64, -0.86, -0.69, 10.50, 6.02, -51.05
-0.47, -0.83, -0.65, 13.42, 36.13, -63.72
-0.19, -0.80, -0.62, 13.07, 40.20, -64.00
0.08, -0.78, -0.59, 9.11, 37.30, -51.76
0.36, -0.73, -0.55, 6.96, 23.69, -33.71
0.51, -0.67, -0.52, -0.66, 11.72, -14.22
0.59, -0.63, -0.47, -10.80, 10.94, 7.62
0.63, -0.62, -0.42, -26.53, 13.97, 30.18
0.56, -0.65, -0.40, -42.34, 17.08, 41.56
0.35, -0.69, -0.40, -53.82, 18.15, 49.72
0.20, -0.67, -0.44, -55.93, 9.77, 53.21
0.07, -0.69, -0.52, -51.38, -14.44, 49.45
-0.07, -0.76, -0.62, -38.84, -38.81, 38.33
-0.23, -0.81, -0.67, -26.57, -50.55, 17.71
-0.43, -0.83, -0.70, -12.81, -56.26, -10.47
-0.58, -0.85, -0.73, 4.06, -34.76, -32.05
-0.59, -0.84, -0.72, 12.71, -1.65, -49.73
-0.45, -0.83, -0.67, 17.71, 23.65, -64.00
-0.24, -0.84, -0.61, 16.89, 25.88, -64.00
0.03, -0.82, -0.59, 14.29, 23.49, -62.16
0.27, -0.76, -0.57, 14.30, 14.82, -46.13
0.43, -0.66, -0.53, 6.44, 9.42, -28.73
0.55, -0.60, -0.46, -7.54, 23.27, 6.63
0.73, -0.54, -0.37, -26.36, 29.72, 36.16
0.74, -0.52, -0.38, -35.67, 8.51, 45.88
0.48, -0.59, -0.42, -46.82, 5.92, 57.35
0.23, -0.65, -0.44, -60.02, 9.03, 63.60
0.06, -0.70, -0.48, -61.53, -4.07, 62.06
-0.01, -0.73, -0.58, -48.88, -28.13, 55.62
-0.13, -0.76, -0.66, -33.88, -48.82, 38.72
-0.32, -0.81, -0.73, -17.21, -64.00, 13.85
-0.57, -0.87, -0.79, 0.17, -56.39, -13.89
-0.71, -0.88, -0.78, 11.25, -11.78, -37.08
-0.61, -0.84, -0.71, 21.35, 31.62, -52.91
-0.36, -0.80, -0.65, 19.84, 45.85, -64.00
-0.06, -0.81, -0.61, 16.58, 51.32, -58.06
0.25, -0.78, -0.56, 10.90, 43.38, -36.93
0.50, -0.71, -0.52, 4.20, 26.11, -19.36
0.59, -0.65, -0.47, -7.82, 14.80, 2.69
0.64, -0.63, -0.42, -19.67, 15.10, 27.40
0.64, -0.66, -0.40, -34.33, 10.33, 41.91
0.48, -0.69, -0.40, -45.97, 5.11, 51.46
0.28, -0.69, -0.41, -51.95, 3.67, 58.55
0.13, -0.69, -0.46, -51.34, -11.67, 55.87
-0.04, -0.74, -0.57, -41.94, -30.64, 45.41
-0.22, -0.78, -0.64, -30.50, -47.71, 25.65
-0.45, -0.80, -0.68, -14.47, -54.88, 0.79
-0.61, -0.83, -0.70, -2.15, -36.06, -24.06
-0.63, -0.86, -0.66, 3.70, 5.58, -40.09
-0.46, -0.82, -0.61, 8.63, 33.70, -51.24
-0.19, -0.77, -0.59, 9.67, 36.56, -54.88
0.04, -0.77, -0.55, 5.92, 29.44, -45.98
0.28, -0.75, -0.53, -0.66, 20.43, -29.33
0.46, -0.68, -0.53, -2.99, 6.19, -12.24
0.50, -0.63, -0.52, -11.10, -2.47, 2.48
0.50, -0.65, -0.48, -27.24, 7.57, 25.50
0.51, -0.68, -0.48, -34.16, 9.78, 38.94
0.40, -0.66, -0.50, -40.03, 10.08, 45.57
0.22, -0.65, -0.50, -46.70, 13.26, 52.22
0.11, -0.70, -0.53, -45.30, -7.17, 50.68
-0.03, -0.76, -0.60, -35.11, -38.08, 40.79
-0.20, -0.82, -0.70, -17.17, -61.34, 21.03
-0.45, -0.85, -0.75, -3.08, -56.56, -9.62
-0.71, -0.89, -0.72, 4.92, -31.64, -38.30
-0.73, -0.87, -0.66, 9.51, 18.51, -52.87
-0.47, -0.81, -0.63, 14.30, 40.80, -64.00
-0.23, -0.78, -0.62, 14.01, 41.46, -64.00
0.04, -0.77, -0.58, 9.94, 41.35, -55.13
0.34, -0.71, -0.54, 6.34, 40.98, -28.56
0.58, -0.62, -0.51, 4.53, 24.46, -13.20
0.62, -0.57, -0.46, -8.82, 10.40, 4.51
0.61, -0.58, -0.42, -25.93, 10.92, 32.95
0.57, -0.63, -0.42, -37.29, 7.01, 46.57
0.41, -0.64, -0.43, -44.54, 2.54, 55.69
0.20, -0.65, -0.44, -49.17, -5.15, 58.22
0.06, -0.70, -0.53, -47.22, -23.36, 53.00
-0.07, -0.80, -0.58, -36.97, -39.39, 43.34
-0.25, -0.87, -0.64, -25.06, -56.85, 18.73
-0.52, -0.89, -0.69, -11.38, -58.95, -9.00
-0.69, -0.89, -0.71, 3.80, -30.29, -32.79
-0.64, -0.88, -0.65, 9.42, 9.12, -48.33
-0.43, -0.85, -0.60, 12.23, 24.74, -64.00
-0.19, -0.83, -0.58, 10.39, 23.46, -64.00
0.05, -0.81, -0.54, 4.21, 21.86, -55.45
0.35, -0.72, -0.53, 2.08, 13.92, -37.43
0.48, -0.62, -0.53, -2.63, 1.59, -22.22
0.52, -0.58, -0.48, -13.83, 1.15, -1.17
0.57, -0.58, -0.44, -31.09, 7.79, 25.80
0.58, -0.63, -0.41, -44.56, 7.99, 39.86
0.44, -0.66, -0.43, -49.15, 4.45, 50.02
0.28, -0.66, -0.45, -55.19, 5.69, 58.96
0.11, -0.70, -0.52, -51.15, -11.76, 53.96
-0.09, -0.75, -0.62, -42.95, -27.63, 41.10
-0.31, -0.80, -0.70, -28.19, -48.08, 21.09
-0.49, -0.82, -0.76, -10.92, -59.88, -4.19
-0.64, -0.84, -0.77, 6.15, -40.33, -28.30
-0.62, -0.87, -0.70, 11.89, 8.77, -43.81
-0.45, -0.85, -0.63, 14.24, 34.76, -57.54
-0.25, -0.81, -0.61, 15.51, 39.38, -64.00
-0.00, -0.78, -0.60, 13.14, 34.48, -55.10
0.26, -0.72, -0.56, 9.46, 24.18, -36.69
0.49, -0.69, -0.51, 1.01, 18.18, -14.90
0.61, -0.63, -0.43, -11.18, 6.23, 4.58
0.63, -0.62, -0.39, -27.35, 9.77, 27.48
0.57, -0.64, -0.39, -38.89, 11.81, 41.12
0.37, -0.67, -0.42, -49.83, 11.75, 46.86
0.16, -0.69, -0.46, -55.76, 16.69, 53.20
0.05, -0.71, -0.50, -52.01, 6.23, 49.21
-0.06, -0.77, -0.60, -40.74, -21.34, 35.83
-0.23, -0.82, -0.68, -30.24, -36.06, 20.75
-0.38, -0.82, -0.72, -10.02, -41.67, -3.58
-0.52, -0.82, -0.75, 3.10, -29.62, -26.47
-0.52, -0.84, -0.71, 10.15, 5.16, -36.97
-0.37, -0.84, -0.64, 12.54, 21.33, -52.28
-0.20, -0.80, -0.61, 13.03, 20.84, -57.09
-0.01, -0.77, -0.59, 12.17, 21.96, -48.87
0.26, -0.72, -0.56, 10.28, 27.18, -28.34
0.49, -0.65, -0.49, 1.89, 25.12, -7.12
0.59, -0.61, -0.41, -12.67, 14.53, 12.88
0.62, -0.62, -0.37, -27.72, 16.17, 38.56
0.56, -0.66, -0.39, -38.82, 9.41, 50.05
0.37, -0.67, -0.43, -49.53, 3.58, 56.64
0.17, -0.68, -0.45, -57.25, 5.94, 59.36
0.06, -0.73, -0.51, -53.67, -12.24, 52.03
-0.10, -0.79, -0.61, -44.22, -35.21, 40.73
-0.29, -0.79, -0.73, -27.10, -53.41, 17.62
-0.53, -0.78, -0.80, -1.70, -60.65, -11.68
-0.72, -0.81, -0.81, 9.11, -27.45, -37.92
-0.67, -0.83, -0.72, 15.43, 23.21, -47.25
-0.39, -0.80, -0.62, 18.25, 49.80, -60.04
-0.08, -0.78, -0.58, 14.38, 49.56, -57.69
0.20, -0.78, -0.55, 7.23, 42.51, -36.61
0.52, -0.75, -0.51, -1.24, 39.65, -4.51
0.74, -0.68, -0.43, -14.44, 20.90, 19.70
0.77, -0.65, -0.37, -30.02, 10.48, 38.56
0.64, -0.70, -0.37, -46.17, 0.04, 48.24
0.35, -0.72, -0.42, -59.74, -4.00, 55.40
0.07, -0.69, -0.48, -61.03, -8.99, 55.27
-0.09, -0.66, -0.58, -49.72, -30.02, 41.79
-0.29, -0.67, -0.71, -30.11, -50.04, 20.51
-0.52, -0.72, -0.79, -8.10, -59.85, -6.37
-0.74, -0.77, -0.79, 7.34, -31.47, -30.92
-0.69, -0.80, -0.70, 13.62, 22.18, -42.28
-0.39, -0.76, -0.60, 17.30, 47.82, -48.88
-0.07, -0.75, -0.56, 15.81, 46.56, -45.20
0.24, -0.77, -0.55, 8.68, 38.06, -27.88
0.48, -0.77, -0.51, 0.77, 28.29, -3.93
0.61, -0.73, -0.43, -14.59, 16.73, 15.57
0.65, -0.72, -0.35, -30.92, 12.43, 34.17
0.59, -0.75, -0.37, -45.71, 4.81, 45.96
0.42, -0.77, -0.42, -60.44, 0.44, 54.15
0.19, -0.74, -0.47, -61.98, -9.20, 55.66
-0.02, -0.69, -0.58, -52.27, -33.27, 42.67
-0.28, -0.69, -0.70, -32.82, -56.71, 19.81
-0.58, -0.72, -0.81, -11.65, -64.00, -15.29
-0.81, -0.74, -0.81, 7.76, -33.48, -35.42
-0.74, -0.76, -0.72, 16.71, 22.27, -48.69
-0.43, -0.76, -0.64, 22.01, 38.32, -59.66
-0.13, -0.76, -0.61, 23.00, 37.89, -54.61
0.21, -0.78, -0.58, 17.76, 41.09, -33.90
0.47, -0.76, -0.50, 8.51, 23.51, -13.88
0.57, -0.71, -0.43, -7.36, 11.47, 5.65
0.59, -0.69, -0.36, -26.31, 13.87, 27.11
0.56, -0.70, -0.35, -42.58, 8.10, 37.22
0.38, -0.71, -0.40, -59.39, -4.22, 43.53
0.13, -0.68, -0.47, -64.00, -11.41, 44.92
-0.06, -0.61, -0.57, -52.71, -27.22, 36.16
-0.27, -0.58, -0.69, -37.30, -44.75, 15.79
-0.50, -0.65, -0.76, -20.46, -44.01, -7.57
-0.56, -0.73, -0.74, -14.58, -16.34, -22.26
-0.41, -0.78, -0.68, -13.86, 19.87, -25.66
-0.16, -0.79, -0.64, -11.11, 35.39, -25.28
0.08, -0.76, -0.61, -9.45, 34.71, -16.80
0.23, -0.74, -0.60, -11.14, 20.69, -7.54
0.29, -0.76, -0.58, -12.60, 3.32, 0.61
0.27, -0.76, -0.56, -15.61, -13.51, 4.26
0.16, -0.75, -0.57, -16.54, -24.58, 1.52
0.06, -0.72, -0.58, -16.71, -21.89, 2.16
-0.02, -0.71, -0.58, -20.80, -17.90, -3.24
-0.09, -0.73, -0.59, -19.24, -8.18, -6.65
-0.11, -0.72, -0.60, -19.65, 0.62, -9.23
-0.08, -0.72, -0.61, -20.64, 6.33, -10.49
-0.02, -0.72, -0.59, -18.43, 4.00, -12.21
0.02, -0.71, -0.58, -20.33, -0.36, -11.81
0.07, -0.71, -0.58, -21.86, -6.20, -8.79
0.12, -0.69, -0.59, -20.74, -11.00, -3.25
0.12, -0.66, -0.60, -21.04, -15.27, -1.06
0.13, -0.67, -0.60, -18.44, -16.65, 3.77
0.10, -0.69, -0.59, -17.42, -15.44, 9.41
0.07, -0.72, -0.56, -22.09, -13.65, 12.84
0.05, -0.75, -0.53, -24.94, -10.71, 16.03
0.03, -0.73, -0.53, -26.05, -12.92, 18.85
0.03, -0.71, -0.55, -25.28, -15.27, 20.07
0.00, -0.69, -0.56, -21.38, -15.83, 19.12
-0.04, -0.70, -0.57, -18.20, -13.69, 18.39
-0.08, -0.73, -0.57, -18.69, -10.01, 14.38
-0.10, -0.76, -0.55, -22.15, -10.02, 12.70
-0.10, -0.77, -0.54, -24.05, -11.99, 11.88
-0.06, -0.75, -0.55, -23.95, -12.44, 11.79
-0.03, -0.73, -0.55, -22.66, -16.63, 9.94
-0.03, -0.72, -0.58, -19.01, -16.18, 11.08
-0.04, -0.71, -0.60, -17.68, -16.42, 11.67
-0.04, -0.71, -0.59, -18.73, -19.44, 12.11
-0.06, -0.72, -0.57, -20.23, -24.41, 10.37
-0.06, -0.72, -0.57, -17.57, -27.86, 9.94
-0.07, -0.72, -0.59, -16.07, -29.45, 5.92
-0.10, -0.72, -0.63, -12.07, -32.77, 4.58
-0.13, -0.72, -0.64, -9.75, -29.67, 4.68
-0.12, -0.73, -0.62, -10.27, -26.24, 3.96
-0.12, -0.75, -0.61, -10.77, -21.00, 2.30
-0.12, -0.75, -0.60, -11.50, -14.60, 1.00
-0.13, -0.75, -0.60, -11.31, -12.27, -2.41
-0.14, -0.74, -0.63, -11.08, -11.63, -3.75
-0.12, -0.74, -0.65, -9.85, -11.64, -2.80
-0.07, -0.74, -0.65, -6.48, -13.11, -3.26
-0.06, -0.74, -0.64, -9.22, -11.20, -4.05
-0.07, -0.75, -0.62, -9.45, -8.08, -2.96
-0.09, -0.75, -0.62, -10.38, -6.06, -2.69
-0.08, -0.73, -0.62, -10.95, -5.38, -0.55
-0.05, -0.72, -0.61, -11.60, -8.02, -0.18
-0.05, -0.71, -0.61, -13.07, -9.77, 0.01
-0.07, -0.70, -0.62, -14.00, -7.12, 0.61
-0.09, -0.70, -0.61, -14.61, -2.62, -0.51
-0.11, -0.70, -0.60, -16.82, 0.71, -0.01
-0.10, -0.70, -0.59, -18.79, 1.79, 0.52
-0.08, -0.71, -0.59, -19.17, -1.44, 1.00
-0.06, -0.71, -0.60, -20.28, -4.45, 3.15
-0.08, -0.70, -0.60, -18.46, -5.57, 4.04
-0.10, -0.70, -0.61, -17.35, -4.17, 4.09
-0.12, -0.70, -0.60, -18.06, -2.25, 5.35
-0.12, -0.71, -0.60, -17.71, -2.54, 4.58
-0.13, -0.70, -0.60, -16.00, -3.79, 5.09
-0.13, -0.69, -0.61, -16.92, -5.20, 2.12
-0.14, -0.70, -0.62, -15.94, -4.34, 3.25
-0.14, -0.71, -0.63, -15.35, -2.34, 2.75
-0.13, -0.70, -0.63, -12.22, -0.76, 1.46
-0.13, -0.70, -0.64, -13.45, 1.29, 0.60
-0.14, -0.71, -0.63, -12.24, 6.85, 0.71
-0.14, -0.71, -0.64, -10.74, 11.62, 1.39
-0.13, -0.70, -0.65, -9.26, 13.34, 1.43
-0.11, -0.71, -0.63, -9.88, 12.87, 1.43
-0.09, -0.72, -0.61, -10.14, 9.48, 1.31
-0.08, -0.71, -0.61, -9.03, 9.87, 4.12
-0.08, -0.70, -0.60, -8.23, 13.48, 7.03
-0.10, -0.68, -0.59, -7.64, 13.70, 4.99
-0.13, -0.69, -0.58, -7.04, 11.44, 4.57
-0.14, -0.72, -0.58, -6.73, 12.11, 4.76
-0.12, -0.75, -0.59, -6.50, 11.55, 4.63
-0.12, -0.75, -0.57, -5.75, 12.23, 1.50
-0.14, -0.73, -0.54, -7.66, 7.38, -2.71
-0.18, -0.73, -0.55, -5.28, 3.13, -7.22
-0.17, -0.73, -0.59, -0.61, 1.37, -8.54
-0.15, -0.72, -0.61, 2.68, 4.79, -7.35
-0.14, -0.73, -0.59, 3.10, 11.89, -7.96
-0.14, -0.74, -0.55, 1.11, 17.36, -9.50
-0.12, -0.74, -0.52, -1.13, 22.05, -9.07
-0.10, -0.73, -0.53, -1.57, 21.04, -7.70
-0.08, -0.72, -0.54, -3.90, 18.43, -6.17
-0.05, -0.73, -0.53, -5.51, 11.69, -2.71
-0.02, -0.74, -0.51, -7.18, 6.03, 0.54
0.00, -0.74, -0.51, -9.01, 0.72, 2.01
-0.01, -0.74, -0.52, -10.60, -4.04, 0.50
-0.06, -0.74, -0.55, -7.59, -1.42, 1.62
-0.10, -0.72, -0.56, -6.40, 2.46, 0.39
-0.12, -0.74, -0.56, -7.54, 6.44, -0.57
-0.10, -0.77, -0.55, -7.56, 5.48, -1.60
-0.06, -0.78, -0.56, -5.27, 3.37, -1.69
-0.03, -0.77, -0.57, -5.42, -1.37, -3.98
-0.05, -0.77, -0.57, -2.66, -3.08, -4.54
-0.07, -0.79, -0.58, -1.80, -1.26, -6.19
-0.10, -0.81, -0.59, -3.11, -0.76, -8.73
-0.11, -0.83, -0.60, -2.40, 0.39, -9.23
-0.08, -0.82, -0.60, -1.74, 1.17, -10.87
-0.07, -0.79, -0.58, 2.33, 1.11, -13.44
-0.09, -0.78, -0.56, 7.10, 1.10, -16.14
-0.12, -0.80, -0.54, 8.63, 2.65, -17.60
-0.12, -0.82, -0.53, 9.35, 1.06, -18.32
-0.10, -0.81, -0.52, 8.80, 1.19, -21.03
-0.07, -0.77, -0.50, 9.38, 0.09, -21.92
-0.04, -0.75, -0.48, 8.79, 3.42, -22.58
-0.04, -0.74, -0.48, 5.04, 8.14, -22.16
-0.01, -0.74, -0.46, 1.49, 21.70, -8.94
0.11, -0.71, -0.43, -5.47, 24.54, 3.71
0.22, -0.67, -0.41, -13.01, 26.63, 20.77
0.31, -0.65, -0.42, -26.88, 17.53, 32.46
0.30, -0.67, -0.43, -33.47, 7.93, 42.39
0.21, -0.71, -0.42, -34.04, 1.62, 47.03
0.07, -0.76, -0.48, -35.86, -13.75, 39.60
-0.14, -0.83, -0.57, -33.57, -29.64, 29.01
-0.31, -0.90, -0.64, -18.59, -45.85, 12.10
-0.45, -0.94, -0.66, -4.27, -52.58, -11.98
-0.56, -0.95, -0.67, 2.99, -41.32, -30.95
-0.62, -0.93, -0.63, 4.77, -7.45, -45.03
-0.53, -0.85, -0.55, 8.55, 28.27, -55.56
-0.31, -0.77, -0.50, 6.79, 37.69, -54.90
-0.02, -0.72, -0.47, -0.54, 43.85, -34.91
0.28, -0.66, -0.42, -8.73, 40.69, -8.22
0.53, -0.58, -0.40, -12.61, 23.01, 13.38
0.59, -0.57, -0.39, -23.86, 11.80, 35.21
0.51, -0.63, -0.42, -39.78, -6.99, 43.04
0.27, -0.67, -0.47, -44.25, -16.80, 50.16
0.06, -0.69, -0.48, -41.86, -11.41, 53.61
-0.07, -0.79, -0.52, -40.06, -21.23, 44.29
-0.32, -0.89, -0.61, -34.16, -43.34, 25.55
-0.57, -0.87, -0.66, -16.71, -51.94, -0.62
-0.76, -0.82, -0.70, 7.05, -42.63, -32.35
-0.82, -0.83, -0.63, 11.45, -9.25, -49.75
-0.69, -0.86, -0.55, 11.66, 27.69, -63.45
-0.43, -0.84, -0.50, 12.61, 34.86, -64.00
-0.12, -0.79, -0.50, 9.73, 27.72, -61.81
0.18, -0.73, -0.46, 2.81, 36.04, -27.78
0.51, -0.66, -0.42, -2.82, 22.58, -6.56
0.62, -0.61, -0.42, -8.97, 4.44, 12.95
0.64, -0.62, -0.42, -25.40, 10.62, 39.81
0.60, -0.68, -0.41, -38.94, 8.48, 50.56
0.34, -0.72, -0.42, -45.60, 4.98, 55.98
0.07, -0.75, -0.46, -45.20, 0.51, 52.18
-0.15, -0.83, -0.53, -44.03, -16.61, 43.00
-0.39, -0.90, -0.63, -34.75, -51.63, 15.97
-0.69, -0.87, -0.68, -10.62, -64.00, -12.33
-0.91, -0.82, -0.67, 9.22, -41.95, -44.34
-0.85, -0.84, -0.58, 5.93, 6.13, -60.91
-0.65, -0.87, -0.50, 3.98, 38.81, -64.00
-0.36, -0.81, -0.49, 4.28, 43.12, -64.00
0.01, -0.72, -0.47, 0.66, 45.16, -47.28
0.38, -0.66, -0.45, -2.23, 40.32, -16.02
0.60, -0.62, -0.44, -3.69, 16.55, 3.83
0.62, -0.60, -0.42, -16.70, 6.79, 31.54
0.62, -0.63, -0.40, -31.07, 2.86, 47.78
0.52, -0.67, -0.42, -38.62, -7.81, 58.48
0.25, -0.68, -0.45, -45.25, -15.26, 62.45
-0.03, -0.71, -0.47, -42.41, -23.49, 55.22
-0.22, -0.82, -0.55, -37.59, -36.43, 33.72
-0.54, -0.91, -0.65, -26.52, -60.10, 1.53
-0.82, -0.90, -0.65, -7.93, -56.81, -33.43
-0.90, -0.90, -0.59, 0.37, -13.76, -49.97
-0.71, -0.93, -0.53, 1.60, 21.60, -63.92
-0.39, -0.91, -0.53, 2.11, 24.16, -64.00
-0.10, -0.86, -0.55, 2.88, 24.14, -57.30
0.22, -0.78, -0.54, 4.47, 25.76, -37.74
0.43, -0.68, -0.52, 3.51, 19.18, -17.77
0.51, -0.63, -0.45, -4.16, 17.52, 3.45
0.56, -0.64, -0.39, -17.88, 25.57, 30.79
0.58, -0.66, -0.38, -33.85, 25.31, 48.43
0.45, -0.68, -0.40, -42.07, 9.24, 54.55
0.17, -0.67, -0.42, -46.71, -3.63, 56.84
-0.10, -0.72, -0.49, -40.76, -27.38, 43.46
-0.36, -0.81, -0.59, -27.77, -53.32, 23.20
-0.64, -0.87, -0.66, -11.25, -64.00, -8.83
-0.87, -0.90, -0.62, 3.65, -52.73, -41.73
-0.85, -0.92, -0.55, 6.71, 1.20, -56.74
-0.61, -0.90, -0.52, 11.85, 26.63, -64.00
-0.31, -0.86, -0.54, 12.95, 34.43, -64.00
0.01, -0.82, -0.55, 14.08, 31.46, -58.33
0.28, -0.75, -0.55, 13.24, 27.99, -37.81
0.46, -0.69, -0.48, 3.96, 26.77, -9.30
0.57, -0.63, -0.42, -7.27, 25.43, 12.27
0.63, -0.61, -0.38, -22.03, 26.43, 34.81
0.65, -0.64, -0.36, -36.62, 20.92, 49.99
0.52, -0.68, -0.39, -46.45, 9.41, 62.92
0.26, -0.71, -0.39, -57.27, 6.07, 64.00
-0.01, -0.76, -0.44, -55.29, -20.41, 58.82
-0.28, -0.81, -0.58, -36.44, -57.40, 35.46
-0.60, -0.84, -0.69, -11.76, -64.00, 1.28
-0.85, -0.87, -0.63, 2.27, -64.00, -39.17
-0.95, -0.94, -0.57, 3.48, -27.30, -53.86
-0.75, -0.93, -0.49, 5.50, 35.26, -64.00
-0.37, -0.86, -0.51, 9.42, 53.51, -64.00
-0.02, -0.81, -0.52, 6.21, 55.02, -59.00
0.33, -0.78, -0.51, 4.37, 40.01, -33.50
0.56, -0.71, -0.48, -1.06, 26.80, -3.47
0.61, -0.66, -0.43, -9.14, 24.00, 17.50
0.62, -0.64, -0.37, -23.77, 20.70, 36.58
0.57, -0.68, -0.36, -39.21, 12.86, 51.89
0.37, -0.72, -0.37, -50.34, 0.07, 60.26
0.13, -0.71, -0.38, -56.43, -12.46, 60.42
-0.10, -0.73, -0.46, -48.23, -42.42, 45.04
-0.34, -0.79, -0.59, -27.21, -64.00, 22.61
-0.65, -0.86, -0.66, -9.23, -64.00, -15.77
-0.97, -0.92, -0.62, 1.49, -64.00, -53.71
-0.93, -0.94, -0.54, 3.41, -3.09, -64.00
-0.62, -0.90, -0.51, 7.32, 27.71, -64.00
-0.26, -0.83, -0.55, 9.72, 41.16, -64.00
0.14, -0.78, -0.54, 8.48, 53.36, -52.68
0.52, -0.72, -0.52, 5.79, 45.46, -21.92
0.66, -0.65, -0.45, -4.02, 44.29, 9.29
0.72, -0.62, -0.37, -16.99, 32.26, 32.33
0.70, -0.65, -0.33, -32.69, 11.02, 51.19
0.51, -0.70, -0.36, -40.93, -11.43, 62.13
0.17, -0.72, -0.41, -49.08, -35.28, 60.54
-0.11, -0.73, -0.46, -46.76, -53.79, 49.85
-0.38, -0.77, -0.57, -26.89, -61.96, 27.74
-0.60, -0.83, -0.63, -10.24, -62.75, -7.97
-0.86, -0.91, -0.63, -1.67, -43.15, -40.15
-0.85, -0.95, -0.61, 5.57, 12.06, -51.90
-0.49, -0.90, -0.58, 11.81, 50.69, -59.67
-0.15, -0.85, -0.56, 12.96, 46.29, -62.69
0.14, -0.84, -0.52, 6.66, 38.55, -45.77
0.43, -0.79, -0.48, -0.16, 36.17, -13.70
0.65, -0.70, -0.45, -7.73, 25.39, 12.39
0.66, -0.67, -0.39, -20.75, 14.39, 33.75
0.59, -0.69, -0.35, -38.17, 8.26, 51.63
0.43, -0.73, -0.36, -50.93, -1.08, 57.87
0.16, -0.74, -0.39, -57.34, -5.03, 61.33
-0.02, -0.74, -0.43, -54.18, -17.25, 53.81
-0.24, -0.78, -0.52, -42.80, -40.50, 35.37
-0.51, -0.83, -0.61, -22.72, -63.53, 1.01
-0.80, -0.86, -0.67, -4.29, -64.00, -35.74
-0.88, -0.89, -0.63, 7.03, -17.30, -52.47
-0.66, -0.87, -0.56, 12.75, 28.86, -64.00
-0.34, -0.84, -0.53, 13.08, 43.63, -64.00
0.01, -0.81, -0.52, 9.91, 50.51, -56.91
0.33, -0.76, -0.50, 6.19, 43.49, -32.44
0.55, -0.70, -0.47, -0.99, 37.40, 1.79
0.65, -0.65, -0.40, -11.29, 26.79, 24.48
0.65, -0.67, -0.34, -29.04, 17.62, 46.23
0.56, -0.73, -0.34, -42.06, 1.53, 56.28
0.33, -0.76, -0.40, -52.72, -18.07, 58.82
0.02, -0.76, -0.42, -51.95, -36.08, 55.01
-0.24, -0.77, -0.53, -39.26, -61.40, 32.58
-0.56, -0.81, -0.63, -17.92, -64.00, -0.28
-0.83, -0.85, -0.65, -2.74, -64.00, -39.25
-0.94, -0.89, -0.60, 3.13, -16.66, -55.92
-0.72, -0.89, -0.54, 8.79, 40.03, -64.00
-0.33, -0.84, -0.54, 13.70, 47.58, -64.00
0.02, -0.82, -0.54, 11.25, 44.18, -59.73
0.36, -0.79, -0.52, 4.84, 51.23, -21.52
0.66, -0.70, -0.47, 1.09, 33.15, 2.78
0.70, -0.65, -0.40, -10.50, 16.19, 24.97
0.68, -0.70, -0.33, -29.26, 12.97, 49.29
0.58, -0.76, -0.35, -42.16, 0.25, 58.23
0.26, -0.77, -0.39, -51.92, -15.37, 59.39
-0.04, -0.75, -0.42, -51.50, -30.70, 52.19
-0.29, -0.78, -0.51, -39.59, -49.88, 30.65
-0.54, -0.83, -0.62, -19.71, -64.00, -6.41
-0.82, -0.86, -0.62, -6.98, -56.13, -39.11
-0.85, -0.87, -0.58, -0.00, -2.70, -53.23
-0.53, -0.84, -0.54, 8.75, 39.89, -62.63
-0.18, -0.81, -0.53, 12.12, 47.08, -58.99
0.16, -0.80, -0.50, 5.89, 50.52, -36.76
0.48, -0.77, -0.45, -2.44, 49.27, 0.35
0.70, -0.69, -0.41, -8.18, 27.67, 25.38
0.70, -0.67, -0.36, -22.80, 12.13, 46.20
0.59, -0.72, -0.35, -35.96, -4.59, 56.53
0.35, -0.75, -0.40, -47.90, -19.10, 58.66
0.05, -0.75, -0.42, -55.29, -22.95, 58.53
-0.15, -0.77, -0.50, -43.43, -35.53, 42.83
-0.40, -0.81, -0.58, -30.32, -51.04, 16.87
-0.68, -0.85, -0.63, -13.28, -57.02, -22.26
-0.85, -0.87, -0.65, -1.38, -24.42, -41.74
-0.69, -0.87, -0.61, 8.54, 24.23, -50.95
-0.39, -0.83, -0.56, 13.66, 41.99, -60.05
-0.05, -0.81, -0.52, 13.41, 40.98, -51.83
0.22, -0.81, -0.50, 7.60, 39.06, -30.08
0.45, -0.77, -0.47, 0.57, 31.58, -2.09
0.58, -0.72, -0.41, -11.03, 25.27, 21.33
0.63, -0.71, -0.34, -27.61, 18.46, 40.00
0.57, -0.75, -0.35, -39.14, 4.61, 48.95
0.35, -0.77, -0.39, -53.69, -3.09, 55.45
0.09, -0.77, -0.40, -58.15, -4.89, 57.00
-0.11, -0.76, -0.45, -50.55, -20.39, 43.36
-0.33, -0.80, -0.57, -37.61, -41.98, 22.79
-0.56, -0.83, -0.66, -21.02, -53.72, -6.04
-0.80, -0.82, -0.66, -2.45, -43.41, -36.96
-0.79, -0.82, -0.61, 5.65, 7.91, -48.25
-0.51, -0.82, -0.55, 10.97, 38.99, -59.05
-0.21, -0.79, -0.52, 12.02, 43.69, -56.47
0.10, -0.78, -0.50, 10.40, 41.27, -39.67
0.38, -0.76, -0.47, 2.69, 36.28, -7.90
0.58, -0.72, -0.43, -4.51, 29.10, 16.17
0.66, -0.68, -0.36, -18.27, 14.53, 35.38
0.60, -0.72, -0.35, -33.63, 3.47, 47.23
0.41, -0.77, -0.38, -47.81, -6.56, 54.88
0.14, -0.75, -0.41, -54.34, -6.35, 58.71
-0.09, -0.74, -0.47, -49.27, -23.29, 46.81
-0.27, -0.80, -0.55, -36.99, -35.46, 31.05
-0.55, -0.84, -0.61, -25.02, -51.89, -2.13
-0.78, -0.83, -0.65, -8.02, -46.55, -33.22
-0.79, -0.82, -0.65, 7.77, 2.68, -46.34
-0.54, -0.80, -0.58, 13.22, 34.12, -59.35
-0.24, -0.81, -0.53, 12.91, 41.16, -61.55
0.02, -0.82, -0.52, 9.29, 37.09, -47.20
0.31, -0.79, -0.51, 4.75, 29.29, -24.59
0.48, -0.74, -0.47, 0.13, 17.45, -0.27
0.55, -0.69, -0.42, -10.61, 14.88, 19.09
0.56, -0.70, -0.37, -27.18, 11.84, 34.72
0.46, -0.76, -0.36, -43.72, 5.53, 43.18
0.26, -0.79, -0.38, -54.33, 1.91, 49.96
0.06, -0.76, -0.42, -55.35, -8.65, 47.77
-0.12, -0.76, -0.51, -46.75, -29.88, 33.82
-0.35, -0.81, -0.61, -31.93, -51.24, 10.79
-0.58, -0.83, -0.65, -14.33, -56.11, -19.29
-0.75, -0.84, -0.65, 0.70, -31.91, -43.12
-0.67, -0.84, -0.62, 6.90, 18.51, -53.84
-0.39, -0.83, -0.56, 10.72, 37.89, -61.60
-0.11, -0.81, -0.53, 10.35, 39.90, -59.52
0.10, -0.79, -0.52, 9.56, 32.57, -46.49
0.29, -0.77, -0.49, 2.65, 24.42, -25.11
0.46, -0.75, -0.41, -10.27, 24.19, 2.81
0.60, -0.72, -0.36, -20.40, 19.14, 23.23
0.63, -0.72, -0.33, -34.60, 9.19, 38.78
0.47, -0.79, -0.33, -54.97, -0.25, 49.77
0.24, -0.82, -0.36, -64.00, -1.54, 55.82
0.02, -0.77, -0.42, -61.36, -13.06, 52.12
-0.17, -0.73, -0.52, -52.20, -38.14, 30.82
-0.44, -0.75, -0.62, -35.22, -58.93, 3.81
-0.67, -0.76, -0.68, -12.66, -57.23, -26.86
-0.77, -0.77, -0.67, 0.17, -20.51, -43.86
-0.60, -0.80, -0.62, 6.56, 24.71, -54.41
-0.29, -0.80, -0.58, 9.78, 33.44, -59.33
-0.04, -0.79, -0.55, 8.30, 27.15, -52.01
0.20, -0.77, -0.55, 8.09, 15.79, -37.37
0.35, -0.73, -0.54, 6.43, 9.98, -17.46
0.43, -0.71, -0.47, -4.46, 6.66, -2.23
0.48, -0.72, -0.40, -18.88, 8.35, 20.43
0.51, -0.75, -0.37, -36.31, 12.71, 34.44
0.45, -0.79, -0.37, -48.30, 8.42, 44.22
0.29, -0.79, -0.39, -55.79, 3.09, 50.44
0.08, -0.76, -0.44, -58.11, -7.12, 48.98
-0.09, -0.76, -0.52, -51.67, -32.00, 33.55
-0.32, -0.78, -0.62, -34.12, -56.73, 13.15
-0.53, -0.79, -0.69, -12.71, -63.49, -17.33
-0.70, -0.80, -0.69, -1.10, -33.69, -41.63
-0.65, -0.82, -0.64, 2.78, 17.04, -53.31
-0.38, -0.80, -0.60, 7.88, 41.83, -57.80
-0.11, -0.77, -0.57, 9.86, 44.16, -52.65
0.16, -0.76, -0.56, 9.56, 32.29, -40.38
0.34, -0.74, -0.55, 7.65, 24.89, -19.22
0.44, -0.73, -0.50, 2.78, 12.53, -6.71
0.48, -0.75, -0.46, -7.66, 13.88, 12.06
0.49, -0.80, -0.42, -26.74, 16.03, 23.92
0.44, -0.82, -0.41, -40.65, 8.06, 31.96
0.28, -0.79, -0.42, -52.38, 5.15, 39.90
0.13, -0.72, -0.45, -53.10, 2.00, 42.06
-0.03, -0.72, -0.50, -46.88, -15.68, 34.32
-0.20, -0.72, -0.58, -35.32, -35.10, 17.28
-0.37, -0.76, -0.63, -21.12, -38.83, -1.29
-0.49, -0.77, -0.63, -8.15, -30.34, -24.83
-0.54, -0.77, -0.62, -5.67, -3.94, -33.57
-0.41, -0.76, -0.60, 0.26, 19.53, -35.56
-0.22, -0.71, -0.57, 4.28, 21.02, -36.70
-0.05, -0.69, -0.54, 6.64, 8.74, -36.25
0.05, -0.69, -0.55, 7.67, -0.97, -28.68
0.13, -0.68, -0.53, 6.19, -1.10, -16.63
0.20, -0.68, -0.47, -4.23, 9.18, -0.98
0.29, -0.69, -0.41, -12.70, 16.06, 14.27
0.37, -0.70, -0.39, -18.88, 21.04, 31.76
0.41, -0.72, -0.39, -27.36, 18.90, 40.15
0.35, -0.78, -0.40, -40.93, 11.27, 48.53
0.22, -0.86, -0.43, -52.43, 4.13, 52.04
0.11, -0.87, -0.49, -51.11, -13.17, 48.37
-0.04, -0.84, -0.57, -40.68, -40.29, 33.08
-0.23, -0.83, -0.68, -22.41, -59.52, 10.64
-0.46, -0.85, -0.73, -8.03, -61.26, -16.46
-0.62, -0.88, -0.72, 6.01, -29.64, -35.88
-0.57, -0.85, -0.67, 12.74, 12.34, -46.54
-0.38, -0.82, -0.61, 14.91, 26.57, -61.87
-0.15, -0.80, -0.58, 15.33, 25.93, -57.97
0.08, -0.76, -0.56, 14.37, 22.13, -44.08
0.33, -0.71, -0.52, 7.96, 23.40, -21.15
0.48, -0.67, -0.45, -0.45, 13.69, -1.46
0.53, -0.66, -0.40, -13.44, 8.57, 20.13
0.53, -0.69, -0.36, -33.70, 17.65, 42.30
0.46, -0.72, -0.37, -45.61, 13.87, 52.38
0.27, -0.71, -0.39, -55.05, 11.95, 57.48
0.09, -0.70, -0.42, -61.38, 9.67, 61.15
-0.05, -0.73, -0.49, -57.90, -16.58, 50.86
-0.21, -0.76, -0.58, -48.90, -46.98, 34.74
-0.46, -0.74, -0.66, -29.56, -64.00, 7.84
-0.66, -0.73, -0.70, -9.59, -64.00, -21.93
-0.75, -0.78, -0.70, -0.21, -22.84, -40.74
-0.60, -0.81, -0.66, 10.06, 25.72, -51.78
-0.33, -0.77, -0.63, 16.58, 42.87, -58.27
-0.06, -0.77, -0.60, 16.46, 45.10, -49.29
0.21, -0.80, -0.57, 12.95, 37.16, -33.64
0.40, -0.79, -0.56, 13.05, 29.03, -8.95
0.53, -0.73, -0.52, 8.32, 23.40, 9.22
0.55, -0.75, -0.45, -7.64, 22.10, 28.89
0.51, -0.80, -0.40, -22.09, 18.03, 43.35
0.37, -0.80, -0.40, -32.67, 3.17, 49.18
0.16, -0.76, -0.42, -36.08, -7.85, 50.96
-0.03, -0.74, -0.47, -36.10, -29.05, 36.53
-0.25, -0.78, -0.55, -29.64, -50.47, 18.61
-0.47, -0.82, -0.60, -18.05, -60.35, -9.87
-0.68, -0.81, -0.61, -6.29, -52.55, -34.83
-0.70, -0.78, -0.59, -3.51, -12.09, -51.03
-0.51, -0.76, -0.56, 2.68, 5.68, -62.71
-0.28, -0.76, -0.56, 9.57, 6.77, -64.00
-0.03, -0.77, -0.59, 14.22, 7.29, -55.27
0.21, -0.74, -0.60, 16.53, 13.87, -36.74
0.38, -0.70, -0.55, 16.71, 5.83, -21.57
0.44, -0.70, -0.49, 6.40, 9.19, -1.43
0.50, -0.72, -0.43, -8.12, 22.71, 24.36
0.57, -0.75, -0.38, -22.02, 34.69, 43.84
0.51, -0.75, -0.38, -30.84, 33.02, 55.35
0.30, -0.75, -0.37, -45.60, 32.57, 61.41
0.13, -0.77, -0.37, -55.28, 21.78, 62.74
-0.01, -0.81, -0.44, -56.48, -0.72, 56.07
-0.15, -0.82, -0.54, -46.21, -27.13, 41.24
-0.33, -0.81, -0.60, -33.88, -54.73, 13.43
-0.58, -0.81, -0.64, -13.66, -64.00, -18.96
-0.73, -0.84, -0.67, -2.31, -43.26, -41.44
-0.66, -0.85, -0.64, 8.11, 9.28, -50.77
-0.43, -0.80, -0.61, 16.33, 37.09, -59.41
-0.16, -0.78, -0.57, 19.28, 42.14, -58.80
0.09, -0.78, -0.57, 20.68, 33.07, -48.10
0.30, -0.76, -0.55, 17.26, 28.23, -24.61
0.47, -0.72, -0.44, 10.75, 29.90, 2.21
0.60, -0.69, -0.40, -2.12, 20.32, 21.79
0.60, -0.72, -0.36, -21.70, 17.28, 41.48
0.49, -0.76, -0.35, -36.79, 10.10, 51.46
0.27, -0.74, -0.35, -44.34, 2.21, 56.97
0.02, -0.73, -0.38, -54.18, -7.02, 50.90
-0.15, -0.79, -0.47, -52.49, -28.57, 35.47
-0.36, -0.82, -0.58, -36.95, -51.22, 10.84
-0.57, -0.81, -0.65, -19.03, -64.00, -19.71
-0.74, -0.83, -0.64, -5.66, -41.89, -43.74
-0.68, -0.84, -0.60, 5.93, 6.60, -54.61
-0.42, -0.82, -0.59, 11.75, 23.42, -64.00
-0.17, -0.82, -0.59, 19.33, 20.84, -64.00
0.10, -0.82, -0.58, 19.66, 25.20, -45.99
0.40, -0.78, -0.50, 13.19, 26.54, -18.62
0.58, -0.72, -0.45, 10.28, 10.13, -5.76
0.57, -0.69, -0.41, -5.27, 13.59, 20.60
0.56, -0.73, -0.36, -23.78, 20.32, 41.01
0.45, -0.77, -0.34, -36.51, 17.87, 49.75
0.25, -0.76, -0.35, -47.02, 7.37, 54.71
0.04, -0.75, -0.40, -54.93, -7.54, 48.84
-0.12, -0.77, -0.47, -46.94, -34.05, 31.41
-0.37, -0.80, -0.58, -27.90, -61.69, 6.79
-0.61, -0.84, -0.64, -13.62, -64.00, -23.96
-0.76, -0.87, -0.61, -4.80, -39.70, -47.10
-0.65, -0.84, -0.57, 4.34, 4.61, -57.22
-0.37, -0.79, -0.57, 16.65, 20.71, -64.00
-0.14, -0.80, -0.58, 19.83, 18.37, -64.00
0.12, -0.82, -0.55, 17.08, 25.10, -46.48
0.38, -0.77, -0.47, 14.92, 32.20, -18.98
0.55, -0.68, -0.43, 7.80, 30.11, -0.74
0.58, -0.66, -0.37, -7.86, 24.25, 23.71
0.59, -0.74, -0.32, -28.14, 20.19, 42.29
0.53, -0.78, -0.33, -37.94, 6.47, 56.22
0.32, -0.77, -0.35, -54.90, -5.55, 60.80
0.11, -0.78, -0.38, -60.89, -14.91, 58.90
-0.07, -0.79, -0.44, -55.61, -28.39, 47.10
-0.25, -0.81, -0.54, -42.04, -40.91, 27.47
-0.45, -0.84, -0.60, -29.88, -52.59, -1.51
-0.69, -0.87, -0.64, -12.91, -54.02, -31.25
-0.74, -0.88, -0.66, 1.78, -6.66, -46.40
-0.50, -0.84, -0.62, 11.83, 31.49, -55.35
-0.23, -0.82, -0.58, 18.00, 37.00, -61.05
0.02, -0.82, -0.56, 19.69, 33.00, -51.34
0.26, -0.79, -0.50, 15.85, 31.46, -27.81
0.48, -0.74, -0.43, 7.48, 32.41, -4.49
0.59, -0.69, -0.36, -6.58, 24.83, 21.64
0.61, -0.70, -0.32, -22.98, 16.31, 40.93
0.54, -0.75, -0.31, -37.39, 4.53, 53.72
0.34, -0.76, -0.33, -49.95, -4.90, 59.19
0.10, -0.76, -0.34, -63.30, -9.77, 60.05
-0.07, -0.78, -0.40, -59.03, -28.91, 48.26
-0.26, -0.80, -0.53, -43.64, -44.23, 27.31
-0.50, -0.82, -0.61, -28.40, -58.51, -0.66
-0.72, -0.85, -0.62, -16.48, -49.00, -29.09
-0.73, -0.86, -0.63, -4.61, -9.58, -43.73
-0.50, -0.81, -0.62, 9.54, 23.27, -53.01
-0.24, -0.77, -0.61, 17.05, 27.40, -59.66
-0.02, -0.79, -0.59, 20.49, 23.41, -53.13
0.20, -0.81, -0.55, 17.91, 25.20, -31.24
0.44, -0.78, -0.49, 9.37, 31.22, -6.80
0.57, -0.74, -0.42, -2.67, 33.56, 17.99
0.61, -0.73, -0.36, -19.61, 31.22, 38.66
0.58, -0.77, -0.34, -30.74, 20.83, 52.87
0.39, -0.80, -0.36, -47.16, 4.93, 57.59
0.15, -0.80, -0.39, -54.12, -7.27, 55.78
-0.09, -0.78, -0.43, -52.46, -27.89, 40.28
-0.37, -0.78, -0.56, -34.41, -58.56, 12.88
-0.63, -0.80, -0.65, -13.76, -64.00, -21.59
-0.83, -0.85, -0.62, -2.30, -46.81, -47.02
-0.76, -0.86, -0.55, 1.27, 9.73, -58.58
-0.43, -0.82, -0.52, 10.30, 41.06, -64.00
-0.13, -0.80, -0.54, 14.50, 47.17, -63.44
0.18, -0.79, -0.52, 11.34, 50.15, -38.87
0.48, -0.74, -0.45, 3.52, 53.84, -3.30
0.67, -0.68, -0.40, -1.59, 32.21, 16.61
0.67, -0.68, -0.36, -17.39, 22.38, 42.11
0.63, -0.75, -0.33, -32.59, 6.51, 55.98
0.43, -0.78, -0.36, -45.31, -15.10, 58.81
0.11, -0.77, -0.40, -51.09, -34.86, 54.74
-0.14, -0.77, -0.47, -44.00, -50.20, 40.22
-0.40, -0.82, -0.58, -24.10, -64.00, 11.47
-0.70, -0.87, -0.63, -10.20, -64.00, -29.32
-0.87, -0.90, -0.59, -1.75, -28.89, -49.21
-0.67, -0.88, -0.56, 5.49, 30.76, -60.91
-0.32, -0.84, -0.57, 12.81, 51.38, -64.00
0.03, -0.82, -0.55, 13.58, 53.51, -52.58
0.34, -0.80, -0.49, 5.78, 56.98, -22.50
0.62, -0.75, -0.42, -1.55, 44.64, 4.50
0.72, -0.70, -0.38, -10.15, 24.68, 26.00
0.72, -0.73, -0.34, -26.50, 14.67, 50.29
0.62, -0.77, -0.35, -39.87, -3.19, 60.87
0.34, -0.78, -0.38, -52.58, -10.77, 64.00
0.08, -0.76, -0.40, -54.47, -18.38, 62.55
-0.14, -0.75, -0.46, -47.08, -30.15, 45.04
-0.37, -0.80, -0.56, -34.15, -42.71, 19.40
-0.66, -0.83, -0.60, -20.52, -54.57, -12.44
-0.81, -0.83, -0.64, -3.47, -25.45, -36.44
-0.67, -0.82, -0.60, 6.33, 20.87, -45.76
-0.37, -0.78, -0.53, 8.06, 43.74, -51.10
-0.05, -0.78, -0.50, 7.65, 44.44, -42.03
0.27, -0.78, -0.47, 3.48, 42.88, -17.63
0.52, -0.75, -0.44, -2.05, 34.38, 9.51
0.64, -0.73, -0.40, -16.51, 24.23, 35.17
0.63, -0.76, -0.36, -26.52, 11.94, 52.27
0.49, -0.77, -0.37, -38.05, -5.86, 58.11
0.24, -0.76, -0.41, -46.30, -13.57, 61.06
0.00, -0.78, -0.45, -49.09, -23.10, 51.72
-0.23, -0.82, -0.53, -39.45, -39.23, 33.10
-0.50, -0.82, -0.60, -29.46, -42.47, 10.18
-0.71, -0.80, -0.63, -12.44, -41.26, -23.90
-0.79, -0.80, -0.65, 3.76, -6.68, -38.51
-0.59, -0.81, -0.59, 9.72, 33.15, -46.49
-0.28, -0.81, -0.53, 10.72, 40.60, -52.13
-0.04, -0.82, -0.51, 8.29, 37.70, -43.41
0.23, -0.80, -0.49, 5.55, 31.25, -23.86
0.42, -0.77, -0.46, -0.16, 22.71, -1.45
0.56, -0.75, -0.42, -10.64, 16.65, 22.58
0.59, -0.75, -0.38, -26.21, 10.11, 38.47
0.50, -0.78, -0.37, -34.97, -1.99, 49.86
0.29, -0.78, -0.39, -45.67, -8.06, 55.95
0.05, -0.75, -0.43, -47.77, -12.15, 54.02
-0.16, -0.76, -0.53, -37.28, -33.73, 37.12
-0.45, -0.77, -0.61, -23.18, -56.98, 13.04
-0.69, -0.79, -0.63, -5.11, -59.20, -19.93
-0.82, -0.81, -0.61, 4.44, -25.95, -39.78
-0.67, -0.80, -0.55, 10.31, 18.03, -51.45
-0.44, -0.76, -0.52, 13.68, 32.11, -61.41
-0.15, -0.77, -0.51, 13.59, 36.68, -54.39
0.16, -0.80, -0.48, 7.91, 46.21, -26.97
0.50, -0.79, -0.42, -3.50, 43.17, 0.88
0.67, -0.76, -0.37, -13.93, 31.56, 25.37
0.70, -0.76, -0.34, -29.12, 23.75, 42.67
0.61, -0.79, -0.34, -37.69, 13.49, 57.86
0.35, -0.81, -0.38, -52.28, 5.95, 63.69
0.09, -0.80, -0.42, -57.22, -10.85, 59.30
-0.18, -0.76, -0.53, -39.62, -40.64, 41.61
-0.45, -0.75, -0.63, -18.60, -64.00, 10.02
-0.77, -0.77, -0.65, 2.33, -64.00, -29.12
-0.93, -0.83, -0.59, 7.48, -20.04, -45.95
-0.72, -0.87, -0.51, 11.22, 37.07, -57.61
-0.40, -0.84, -0.48, 12.47, 46.02, -64.00
-0.07, -0.82, -0.49, 9.45, 39.99, -58.07
0.22, -0.81, -0.52, 9.66, 27.39, -36.41
0.44, -0.78, -0.49, 4.85, 19.19, -10.31
0.57, -0.74, -0.41, -9.18, 21.48, 15.51
0.63, -0.74, -0.34, -22.20, 22.27, 36.12
0.59, -0.77, -0.33, -35.48, 14.02, 48.67
0.40, -0.79, -0.37, -48.61, 6.60, 59.87
0.13, -0.78, -0.38, -59.79, 4.32, 63.43
-0.07, -0.76, -0.44, -58.45, -15.73, 53.12
-0.30, -0.74, -0.55, -40.53, -49.10, 31.76
-0.54, -0.74, -0.63, -19.27, -64.00, -0.23
-0.79, -0.78, -0.63, -4.17, -63.15, -34.12
-0.84, -0.84, -0.58, -1.39, -9.39, -44.51
-0.60, -0.84, -0.55, 9.25, 40.35, -55.70
-0.30, -0.79, -0.54, 11.02, 48.11, -61.68
-0.01, -0.81, -0.52, 10.30, 41.79, -49.51
0.24, -0.82, -0.54, 10.18, 32.57, -26.72
0.45, -0.77, -0.50, 3.15, 31.35, -0.40
0.55, -0.73, -0.40, -5.82, 15.92, 15.57
0.57, -0.76, -0.34, -25.45, 17.19, 36.66
0.55, -0.81, -0.33, -39.54, 9.01, 50.06
0.36, -0.81, -0.37, -52.07, 3.28, 57.76
0.12, -0.77, -0.39, -58.76, -2.86, 58.95
-0.09, -0.75, -0.44, -54.22, -26.70, 47.57
-0.30, -0.76, -0.57, -38.78, -55.27, 26.19
-0.57, -0.77, -0.65, -16.80, -64.00, -4.06
-0.81, -0.78, -0.65, -2.02, -58.37, -36.02
-0.86, -0.81, -0.60, 6.53, -1.70, -50.21
-0.60, -0.81, -0.55, 15.19, 39.49, -63.24
-0.35, -0.80, -0.56, 18.66, 42.61, -64.00
-0.05, -0.80, -0.55, 19.88, 34.46, -57.20
0.20, -0.78, -0.56, 19.73, 30.71, -35.00
0.36, -0.71, -0.53, 20.03, 22.33, -19.82
0.39, -0.68, -0.45, 16.47, 15.49, -7.60
0.43, -0.72, -0.35, -2.80, 28.53, 14.87
0.53, -0.80, -0.29, -24.38, 41.85, 38.98
0.57, -0.83, -0.29, -41.12, 37.75, 58.27
0.47, -0.80, -0.31, -55.50, 17.82, 64.00
0.26, -0.79, -0.32, -64.00, -4.23, 64.00
0.08, -0.81, -0.41, -62.89, -42.25, 64.00
-0.19, -0.81, -0.54, -46.48, -64.00, 42.61
-0.53, -0.79, -0.63, -22.26, -64.00, 3.19
-0.90, -0.80, -0.64, -4.82, -64.00, -37.46
-1.01, -0.86, -0.62, 6.67, -17.05, -55.72
-0.80, -0.85, -0.59, 12.56, 54.46, -64.00
-0.42, -0.81, -0.56, 15.39, 64.00, -64.00
-0.07, -0.81, -0.52, 14.21, 64.00, -64.00
0.29, -0.82, -0.49, 11.65, 43.02, -41.04
0.53, -0.78, -0.50, 9.59, 29.37, -9.52
0.64, -0.72, -0.44, 3.77, 12.72, 5.44
0.60, -0.71, -0.38, -10.25, 8.12, 27.89
0.54, -0.76, -0.33, -28.84, 15.99, 44.89
0.39, -0.81, -0.32, -43.45, 8.46, 51.71
0.11, -0.79, -0.35, -53.14, 1.15, 52.03
-0.09, -0.74, -0.40, -51.47, -9.59, 44.87
-0.24, -0.73, -0.48, -40.33, -32.92, 27.27
-0.40, -0.78, -0.56, -25.74, -57.47, 0.42
-0.62, -0.82, -0.60, -11.31, -62.34, -24.47
-0.72, -0.83, -0.58, -3.70, -17.29, -41.03
-0.56, -0.81, -0.53, 7.63, 30.86, -49.32
-0.29, -0.78, -0.52, 11.02, 51.93, -52.75
0.01, -0.81, -0.52, 10.02, 50.47, -44.48
0.25, -0.83, -0.51, 7.05, 41.51, -22.42
0.46, -0.82, -0.46, -0.95, 35.85, 2.22
0.58, -0.78, -0.41, -8.54, 25.82, 25.47
0.60, -0.78, -0.38, -20.20, 16.11, 39.12
0.50, -0.83, -0.35, -34.52, 1.37, 50.65
0.28, -0.84, -0.35, -44.51, -6.91, 56.09
0.08, -0.80, -0.39, -49.51, -19.99, 53.17
-0.12, -0.78, -0.45, -44.98, -36.10, 38.46
-0.36, -0.80, -0.53, -32.45, -51.54, 14.96
-0.57, -0.81, -0.59, -20.27, -54.10, -9.99
-0.78, -0.79, -0.60, -7.04, -33.79, -35.77
-0.70, -0.78, -0.58, 3.11, 11.38, -43.60
-0.46, -0.77, -0.55, 9.37, 34.55, -56.55
-0.22, -0.78, -0.53, 13.21, 36.19, -55.51
0.05, -0.80, -0.50, 12.91, 37.93, -41.13
0.32, -0.80, -0.48, 8.22, 36.21, -16.57
0.50, -0.77, -0.45, 2.35, 27.26, 2.63
0.58, -0.75, -0.39, -9.98, 19.45, 28.86
0.61, -0.79, -0.34, -26.31, 13.00, 45.07
0.52, -0.83, -0.33, -36.81, 3.70, 55.77
0.31, -0.82, -0.35, -48.24, -1.09, 60.12
0.06, -0.80, -0.38, -54.04, -13.48, 52.78
-0.14, -0.79, -0.46, -51.48, -31.06, 40.24
-0.36, -0.80, -0.55, -40.00, -52.55, 20.72
-0.59, -0.79, -0.61, -22.07, -64.00, -9.88
-0.77, -0.80, -0.63, -6.30, -58.26, -38.57
-0.83, -0.82, -0.62, 4.28, -11.93, -51.28
-0.68, -0.80, -0.58, 11.98, 37.06, -64.00
-0.38, -0.78, -0.56, 19.04, 53.63, -64.00
-0.09, -0.79, -0.54, 22.01, 48.66, -64.00
0.18, -0.80, -0.50, 19.02, 31.80, -45.95
0.44, -0.80, -0.47, 13.54, 26.61, -19.17
0.59, -0.76, -0.42, 6.32, 18.21, 3.68
0.62, -0.75, -0.37, -7.90, 18.38, 26.93
0.61, -0.77, -0.30, -28.64, 26.18, 46.50
0.49, -0.81, -0.28, -45.64, 20.97, 56.06
0.26, -0.81, -0.30, -59.37, 14.30, 61.68
0.04, -0.79, -0.34, -63.36, -3.92, 56.71
-0.13, -0.79, -0.44, -56.47, -41.67, 40.80
-0.37, -0.79, -0.55, -35.74, -64.00, 17.41
-0.63, -0.78, -0.61, -15.55, -64.00, -19.00
-0.82, -0.81, -0.61, -0.54, -59.40, -41.36
-0.75, -0.83, -0.58, 8.53, 5.14, -54.06
-0.46, -0.80, -0.56, 16.39, 37.41, -64.00
-0.14, -0.78, -0.53, 18.97, 45.06, -62.10
0.15, -0.80, -0.50, 15.54, 47.72, -40.50
0.48, -0.80, -0.47, 10.84, 46.03, -10.85
0.63, -0.78, -0.45, 3.53, 41.04, 15.41
0.68, -0.76, -0.39, -11.70, 38.46, 36.66
0.64, -0.79, -0.33, -28.20, 28.03, 48.16
0.44, -0.81, -0.31, -42.46, 11.19, 56.35
0.19, -0.81, -0.33, -55.57, -4.65, 58.22
0.01, -0.79, -0.38, -55.13, -23.23, 52.71
-0.21, -0.80, -0.47, -46.24, -40.94, 33.47
-0.45, -0.80, -0.54, -34.51, -55.51, 3.55
-0.73, -0.79, -0.61, -10.93, -56.12, -26.21
-0.84, -0.81, -0.62, -0.56, -12.80, -43.33
-0.65, -0.83, -0.55, 11.30, 35.70, -53.69
-0.35, -0.79, -0.52, 18.66, 46.56, -61.38
-0.06, -0.79, -0.51, 21.89, 33.42, -58.09
0.21, -0.82, -0.47, 17.33, 24.94, -32.44
0.52, -0.81, -0.42, 6.69, 17.61, -6.48
0.64, -0.77, -0.40, 1.07, 1.35, 10.98
0.60, -0.76, -0.38, -18.06, 1.19, 30.29
0.53, -0.81, -0.32, -33.89, 7.22, 45.26
0.37, -0.83, -0.32, -48.97, 5.09, 51.79
0.17, -0.82, -0.35, -62.35, -4.35, 50.00
-0.02, -0.80, -0.40, -61.64, -21.73, 44.13
-0.18, -0.79, -0.51, -48.15, -39.45, 30.93
-0.36, -0.80, -0.59, -33.98, -53.20, 8.54
-0.64, -0.82, -0.62, -18.55, -61.65, -25.32
-0.79, -0.84, -0.63, 0.07, -31.18, -41.52
-0.68, -0.81, -0.60, 9.63, 15.55, -50.83
-0.38, -0.79, -0.55, 15.19, 41.13, -58.95
-0.12, -0.81, -0.51, 15.37, 40.14, -54.78
0.17, -0.81, -0.47, 10.50, 37.34, -33.44
0.46, -0.78, -0.42, 3.40, 30.37, -4.56
0.62, -0.74, -0.38, -6.13, 17.87, 17.71
0.64, -0.75, -0.32, -25.29, 14.50, 38.60
0.56, -0.80, -0.30, -39.91, 4.60, 49.26
0.36, -0.79, -0.32, -53.40, -3.22, 56.13
0.13, -0.77, -0.36, -62.79, -9.27, 57.62
-0.07, -0.78, -0.44, -58.67, -29.19, 46.50
-0.29, -0.79, -0.54, -45.36, -51.90, 29.41
-0.51, -0.79, -0.63, -23.46, -62.80, 0.67
-0.75, -0.79, -0.67, -0.56, -56.48, -31.25
-0.84, -0.84, -0.62, 9.23, 0.80, -47.81
-0.61, -0.82, -0.55, 19.33, 44.38, -55.53
-0.27, -0.81, -0.54, 21.29, 59.10, -57.59
0.03, -0.82, -0.53, 20.13, 49.33, -48.28
0.24, -0.80, -0.49, 17.26, 24.96, -30.88
0.39, -0.76, -0.46, 12.87, 14.57, -9.48
0.47, -0.72, -0.43, 8.75, 16.29, 10.96
0.49, -0.72, -0.35, -8.46, 26.84, 27.48
0.48, -0.79, -0.28, -25.79, 28.91, 43.29
0.42, -0.81, -0.30, -39.86, 20.44, 51.84
0.27, -0.79, -0.34, -51.36, 15.59, 59.48
0.11, -0.80, -0.35, -59.76, 0.09, 55.40
-0.09, -0.83, -0.41, -54.77, -34.80, 40.73
-0.30, -0.83, -0.56, -38.54, -64.00, 20.72
-0.55, -0.80, -0.62, -12.62, -64.00, -10.32
-0.75, -0.82, -0.63, -0.59, -36.81, -35.95
-0.74, -0.86, -0.57, 4.38, 27.24, -45.27
-0.46, -0.82, -0.53, 12.36, 64.00, -48.39
-0.09, -0.78, -0.50, 8.91, 64.00, -41.54
0.22, -0.84, -0.41, -0.32, 63.61, -25.74
0.47, -0.83, -0.38, -10.93, 33.08, -2.72
0.57, -0.80, -0.39, -21.04, 14.08, 24.79
0.56, -0.77, -0.38, -29.79, -1.42, 35.03
0.39, -0.74, -0.38, -37.08, -17.79, 37.12
0.11, -0.72, -0.41, -44.86, -22.33, 35.78
-0.09, -0.70, -0.45, -48.57, -16.28, 31.14
-0.23, -0.71, -0.50, -45.91, -6.11, 24.19
-0.29, -0.72, -0.53, -41.94, 20.00, 19.91
-0.30, -0.74, -0.53, -40.25, 34.39, 10.41
-0.26, -0.74, -0.51, -38.93, 52.32, 7.22
-0.12, -0.75, -0.51, -34.21, 47.60, 7.86
-0.01, -0.75, -0.52, -28.71, 38.79, 12.80
0.04, -0.76, -0.53, -22.89, 25.79, 14.54
0.02, -0.79, -0.53, -20.18, 9.44, 15.65
-0.01, -0.81, -0.52, -21.01, -1.87, 16.35
-0.00, -0.83, -0.53, -18.67, -12.80, 15.71
-0.00, -0.81, -0.54, -18.96, -13.50, 13.96
-0.03, -0.79, -0.55, -17.89, -4.78, 11.60
-0.06, -0.79, -0.54, -19.99, 5.27, 8.01
-0.09, -0.81, -0.52, -23.25, 14.28, 7.20
-0.09, -0.83, -0.52, -25.85, 12.61, 4.76
-0.04, -0.83, -0.53, -26.75, 3.83, 3.64
0.01, -0.83, -0.54, -24.49, -6.21, 5.05
0.03, -0.81, -0.54, -25.20, -11.69, 4.35
0.01, -0.80, -0.55, -24.22, -7.73, 4.64
-0.02, -0.77, -0.54, -23.60, -0.00, 3.94
-0.04, -0.78, -0.51, -24.74, 4.42, 5.12
-0.04, -0.81, -0.51, -27.71, 1.69, 6.32
-0.02, -0.82, -0.52, -26.49, -5.41, 7.66
-0.00, -0.78, -0.53, -22.54, -12.66, 8.95
-0.01, -0.76, -0.53, -19.95, -16.59, 7.77
-0.05, -0.75, -0.52, -20.40, -13.68, 5.31
-0.10, -0.76, -0.52, -21.55, -7.78, 5.62
-0.12, -0.76, -0.52, -23.31, -2.14, 6.10
-0.10, -0.76, -0.52, -24.40, 0.18, 4.92
-0.08, -0.76, -0.51, -24.46, -4.65, 3.46
-0.06, -0.75, -0.52, -25.34, -11.70, 3.67
-0.05, -0.75, -0.53, -25.88, -16.30, 4.60
-0.05, -0.75, -0.53, -26.03, -17.12, 7.06
-0.05, -0.74, -0.53, -27.24, -16.71, 6.74
-0.06, -0.74, -0.53, -26.71, -17.23, 7.84
-0.09, -0.75, -0.54, -27.47, -17.39, 7.16
-0.10, -0.76, -0.55, -27.33, -17.09, 7.06
-0.10, -0.77, -0.56, -26.38, -18.08, 6.33
-0.11, -0.77, -0.57, -26.75, -18.71, 4.52
-0.12, -0.75, -0.59, -24.05, -15.92, 2.95
-0.14, -0.74, -0.59, -22.05, -11.59, -0.30
-0.15, -0.73, -0.59, -20.66, -7.84, -2.88
-0.14, -0.74, -0.58, -21.88, -6.32, -5.31
-0.13, -0.75, -0.58, -23.26, -6.47, -5.82
-0.11, -0.75, -0.57, -24.63, -9.41, -7.20
-0.10, -0.73, -0.57, -24.70, -11.44, -6.99
-0.09, -0.72, -0.57, -25.89, -11.85, -7.14
-0.08, -0.72, -0.56, -27.17, -11.35, -6.85
-0.07, -0.73, -0.55, -28.91, -7.42, -6.00
-0.06, -0.72, -0.55, -30.93, -4.38, -5.07
-0.07, -0.72, -0.56, -32.68, -3.31, -2.80
-0.07, -0.72, -0.56, -36.92, -2.82, -0.60
-0.07, -0.72, -0.56, -35.30, -5.85, -0.35
-0.07, -0.72, -0.57, -34.23, -11.93, 0.27
-0.08, -0.72, -0.58, -34.02, -17.18, 0.30
-0.10, -0.74, -0.58, -32.21, -22.25, 0.43
-0.13, -0.73, -0.58, -29.41, -21.09, 0.16
-0.15, -0.72, -0.58, -30.35, -18.63, -0.71
-0.15, -0.72, -0.59, -28.07, -15.70, -3.52
-0.15, -0.71, -0.61, -23.19, -13.61, -6.53
-0.16, -0.71, -0.61, -22.20, -12.36, -8.59
-0.18, -0.72, -0.61, -20.20, -9.30, -10.74
-0.18, -0.73, -0.61, -20.95, -7.36, -10.10
-0.16, -0.72, -0.62, -17.63, -10.01, -11.31
-0.13, -0.70, -0.62, -15.54, -12.70, -13.10
-0.10, -0.71, -0.63, -15.54, -16.64, -12.67
-0.09, -0.72, -0.63, -13.11, -17.91, -12.80
-0.10, -0.71, -0.63, -12.21, -12.82, -12.44
-0.12, -0.70, -0.63, -12.74, -5.49, -12.09
-0.13, -0.71, -0.61, -15.80, 0.82, -11.01
-0.12, -0.72, -0.60, -19.87, 3.32, -8.92
-0.10, -0.72, -0.61, -20.10, 2.15, -8.87
-0.09, -0.70, -0.62, -20.00, -3.00, -8.48
-0.08, -0.70, -0.62, -18.83, -3.13, -7.29
-0.08, -0.71, -0.62, -20.24, -0.85, -6.56
-0.10, -0.71, -0.62, -22.63, 2.56, -5.78
-0.12, -0.71, -0.62, -24.57, 8.18, -6.11
-0.13, -0.70, -0.61, -24.58, 11.06, -7.46
-0.12, -0.70, -0.60, -26.71, 11.12, -8.28
-0.11, -0.72, -0.61, -27.23, 7.45, -9.05
-0.09, -0.73, -0.61, -25.74, 2.21, -9.76
-0.09, -0.72, -0.61, -24.83, 2.01, -12.36
-0.09, -0.72, -0.59, -25.95, 6.53, -11.46
-0.10, -0.73, -0.58, -26.46, 13.53, -14.64
-0.11, -0.72, -0.58, -27.44, 20.62, -14.33
-0.10, -0.71, -0.59, -25.56, 23.25, -15.95
-0.07, -0.70, -0.59, -24.58, 18.21, -17.23
-0.03, -0.70, -0.59, -21.68, 10.84, -15.71
-0.01, -0.70, -0.59, -20.05, 5.67, -14.61
-0.01, -0.70, -0.60, -18.35, 3.38, -14.07
-0.03, -0.69, -0.62, -16.78, 2.62, -12.88
-0.05, -0.69, -0.64, -14.09, -0.01, -12.50
-0.04, -0.69, -0.65, -10.69, -1.42, -10.80
-0.03, -0.68, -0.66, -7.88, -4.62, -9.88
-0.04, -0.69, -0.67, -5.08, -2.15, -8.55
-0.07, -0.69, -0.66, -4.47, 1.12, -9.87
-0.10, -0.69, -0.66, -4.52, 4.80, -11.60
-0.10, -0.70, -0.67, -5.30, 4.79, -13.00
-0.09, -0.70, -0.67, -3.11, 6.16, -13.85
-0.07, -0.71, -0.65, -4.07, 1.21, -16.74
-0.08, -0.73, -0.65, -3.42, -1.94, -18.26
-0.08, -0.74, -0.67, -0.83, -0.42, -19.20
-0.07, -0.74, -0.66, -1.47, 4.17, -22.96
-0.07, -0.74, -0.63, -2.24, 7.72, -26.27
-0.06, -0.74, -0.61, -2.44, 11.43, -28.49
-0.04, -0.74, -0.60, -3.75, 15.21, -29.17
-0.02, -0.75, -0.60, -3.79, 14.91, -29.16
-0.00, -0.75, -0.59, -4.39, 13.33, -30.03
0.03, -0.75, -0.58, -4.52, 10.18, -30.26
0.06, -0.74, -0.57, -4.38, 5.54, -30.06
0.07, -0.73, -0.56, -4.59, 3.61, -28.89
0.06, -0.72, -0.55, -4.60, 4.11, -28.24
0.06, -0.73, -0.55, -4.79, 4.40, -27.06
0.07, -0.74, -0.55, -3.70, 2.79, -26.38
0.08, -0.74, -0.56, -3.17, -0.49, -26.62
0.08, -0.73, -0.57, -1.75, -2.90, -27.37
0.05, -0.71, -0.57, -0.46, -4.55, -28.38
0.01, -0.72, -0.56, -0.64, -1.60, -29.32
0.01, -0.74, -0.56, 0.83, 1.04, -29.67
0.05, -0.76, -0.53, -1.75, -2.31, -32.49
0.08, -0.75, -0.55, 1.55, -8.60, -31.58
0.08, -0.72, -0.59, 5.97, -6.80, -29.60
0.05, -0.69, -0.57, 5.89, 1.36, -28.87
0.04, -0.69, -0.55, 4.78, 12.01, -26.89
0.08, -0.69, -0.53, 2.82, 18.31, -22.53
0.15, -0.68, -0.53, -1.21, 17.36, -15.77
0.24, -0.66, -0.53, -3.72, 17.30, -4.94
0.32, -0.65, -0.52, -9.07, 14.54, 5.56
0.35, -0.65, -0.50, -18.08, 17.34, 18.03
0.34, -0.66, -0.50, -28.45, 22.79, 27.59
0.31, -0.68, -0.51, -34.80, 27.89, 37.01
0.28, -0.70, -0.52, -36.12, 24.57, 41.74
0.24, -0.74, -0.56, -38.11, 5.64, 43.67
0.18, -0.79, -0.62, -30.12, -15.32, 41.40
0.08, -0.83, -0.66, -20.47, -38.97, 24.91
-0.14, -0.89, -0.66, -12.55, -44.55, 1.54
-0.34, -0.94, -0.68, -4.96, -24.12, -17.24
-0.42, -0.92, -0.68, -6.21, 4.70, -37.68
-0.37, -0.84, -0.62, -3.76, 33.33, -48.71
-0.17, -0.76, -0.62, 4.73, 50.63, -51.74
0.07, -0.70, -0.62, 11.26, 56.21, -48.02
0.22, -0.67, -0.59, 10.92, 64.00, -38.19
0.35, -0.64, -0.47, -1.63, 64.00, -24.99
0.45, -0.64, -0.35, -21.67, 50.73, -9.12
0.65, -0.64, -0.39, -26.34, 36.54, 23.06
0.80, -0.60, -0.46, -35.12, 10.50, 42.22
0.65, -0.64, -0.42, -46.21, -14.57, 50.79
0.38, -0.74, -0.43, -52.11, -13.41, 56.59
0.17, -0.80, -0.48, -51.03, -13.05, 50.43
-0.06, -0.80, -0.56, -46.12, -32.26, 31.02
-0.26, -0.82, -0.64, -31.51, -53.81, 5.29
-0.41, -0.84, -0.75, -7.91, -57.84, -21.67
-0.50, -0.83, -0.75, 1.79, -29.29, -39.21
-0.41, -0.79, -0.66, 8.05, 2.35, -52.85
-0.20, -0.73, -0.62, 15.16, 18.11, -58.98
0.03, -0.69, -0.64, 20.31, 26.28, -51.95
0.24, -0.63, -0.60, 18.86, 34.86, -33.50
0.44, -0.62, -0.47, 4.13, 31.32, -15.03
0.62, -0.60, -0.40, -4.96, 25.73, 12.39
0.78, -0.59, -0.44, -22.20, 23.64, 43.05
0.74, -0.62, -0.41, -38.69, 18.51, 53.59
0.52, -0.65, -0.41, -47.79, 2.77, 56.17
0.33, -0.68, -0.49, -56.76, -6.57, 64.00
0.20, -0.74, -0.56, -55.54, -20.10, 60.95
0.03, -0.81, -0.64, -40.19, -47.07, 34.92
-0.30, -0.89, -0.73, -25.09, -64.00, 2.96
-0.59, -0.96, -0.80, -8.98, -51.57, -26.51
-0.62, -0.94, -0.79, -0.65, -9.11, -43.41
-0.44, -0.87, -0.71, 8.26, 27.47, -59.64
-0.17, -0.80, -0.67, 15.70, 41.88, -63.48
0.10, -0.75, -0.67, 21.47, 49.79, -54.58
0.30, -0.70, -0.62, 19.73, 50.08, -39.46
0.44, -0.65, -0.48, 7.87, 50.29, -20.86
0.56, -0.56, -0.37, -5.46, 39.32, 1.98
0.70, -0.56, -0.35, -21.12, 34.14, 27.57
0.76, -0.54, -0.36, -40.15, 16.81, 48.52
0.60, -0.57, -0.38, -53.76, 1.53, 56.14
0.35, -0.60, -0.43, -60.04, -1.76, 63.51
0.18, -0.64, -0.47, -60.56, -6.99, 63.71
0.04, -0.77, -0.55, -51.34, -38.47, 41.57
-0.19, -0.88, -0.67, -33.86, -62.99, 16.02
-0.46, -0.97, -0.79, -13.43, -64.00, -11.27
-0.61, -0.95, -0.81, 2.22, -33.96, -38.53
-0.52, -0.88, -0.75, 11.50, 15.93, -52.21
-0.25, -0.82, -0.71, 21.95, 39.04, -62.29
0.02, -0.78, -0.69, 26.70, 46.52, -62.39
0.19, -0.75, -0.65, 24.19, 45.42, -51.69
0.38, -0.70, -0.53, 11.26, 44.01, -30.31
0.61, -0.63, -0.41, 1.58, 30.54, -2.56
0.80, -0.55, -0.39, -9.28, 18.07, 17.30
0.84, -0.54, -0.36, -31.23, 9.57, 41.65
0.69, -0.59, -0.34, -47.83, 1.54, 52.33
0.45, -0.65, -0.38, -61.18, 0.23, 59.44
0.23, -0.68, -0.44, -64.00, 5.03, 63.76
0.12, -0.73, -0.52, -59.46, -13.50, 52.95
-0.07, -0.82, -0.61, -45.54, -54.21, 27.24
-0.35, -0.93, -0.77, -20.08, -64.00, 0.03
-0.58, -0.94, -0.85, -0.21, -62.77, -29.32
-0.63, -0.90, -0.79, 11.22, -7.86, -47.49
-0.40, -0.84, -0.70, 20.65, 30.54, -62.38
-0.11, -0.78, -0.68, 26.81, 42.42, -64.00
0.10, -0.76, -0.66, 24.27, 42.34, -59.06
0.36, -0.72, -0.56, 14.07, 46.85, -33.46
0.62, -0.63, -0.43, 4.30, 34.13, -7.65
0.79, -0.54, -0.39, -7.23, 16.99, 13.23
0.84, -0.51, -0.36, -27.32, 13.16, 39.67
0.72, -0.55, -0.33, -49.29, 3.83, 53.25
0.48, -0.61, -0.36, -61.02, 1.00, 61.96
0.26, -0.66, -0.42, -64.00, 2.07, 64.00
0.12, -0.71, -0.51, -63.58, -17.89, 57.88
-0.08, -0.81, -0.61, -46.41, -57.96, 31.91
-0.34, -0.92, -0.77, -20.84, -64.00, -0.74
-0.62, -0.96, -0.86, 6.49, -64.00, -31.24
-0.69, -0.95, -0.82, 14.43, -10.80, -51.34
-0.45, -0.89, -0.72, 25.20, 31.99, -64.00
-0.16, -0.82, -0.70, 31.31, 46.76, -64.00
0.11, -0.78, -0.68, 27.47, 51.88, -64.00
0.39, -0.73, -0.54, 13.50, 55.71, -35.81
0.70, -0.63, -0.44, 6.59, 32.62, -14.11
0.83, -0.52, -0.42, -6.94, 16.03, 11.10
0.83, -0.50, -0.38, -26.79, 8.35, 35.12
0.72, -0.54, -0.33, -46.02, 4.43, 49.12
0.50, -0.60, -0.34, -59.13, 2.80, 57.76
0.29, -0.66, -0.40, -64.00, 4.50, 61.91
0.16, -0.70, -0.47, -62.72, -10.98, 57.58
-0.02, -0.76, -0.53, -50.50, -40.33, 38.08
-0.24, -0.89, -0.66, -33.04, -63.95, 15.00
-0.45, -0.94, -0.77, -12.54, -64.00, -15.32
-0.62, -0.92, -0.81, 4.24, -32.22, -37.42
-0.50, -0.86, -0.74, 13.66, 15.37, -48.90
-0.21, -0.78, -0.69, 23.38, 34.69, -62.92
0.00, -0.74, -0.68, 25.42, 35.59, -64.00
0.24, -0.73, -0.61, 18.94, 40.70, -45.08
0.52, -0.69, -0.49, 8.37, 36.72, -15.83
0.76, -0.59, -0.44, 0.42, 17.25, 4.85
0.83, -0.54, -0.38, -18.93, 15.25, 31.70
0.77, -0.58, -0.35, -39.70, 8.75, 47.12
0.57, -0.66, -0.35, -51.61, 5.70, 57.20
0.32, -0.73, -0.40, -60.81, 3.76, 61.03
0.16, -0.76, -0.48, -61.81, -7.32, 57.60
-0.00, -0.80, -0.57, -49.41, -40.62, 38.48
-0.21, -0.86, -0.68, -30.72, -64.00, 9.72
-0.49, -0.90, -0.79, -5.96, -64.00, -23.18
-0.68, -0.90, -0.81, 8.18, -31.50, -43.19
-0.53, -0.85, -0.71, 16.31, 18.61, -56.30
-0.22, -0.78, -0.66, 23.07, 36.67, -64.00
0.05, -0.74, -0.65, 23.38, 43.64, -62.89
0.32, -0.71, -0.56, 13.96, 55.30, -34.28
0.64, -0.65, -0.42, -1.68, 46.81, -6.36
0.84, -0.57, -0.36, -14.26, 20.66, 20.60
0.91, -0.55, -0.36, -33.28, 11.29, 46.50
0.80, -0.59, -0.34, -52.75, -3.95, 61.19
0.48, -0.64, -0.38, -64.00, -7.31, 64.00
0.24, -0.66, -0.45, -64.00, -7.41, 64.00
0.06, -0.70, -0.52, -60.16, -31.99, 55.55
-0.21, -0.81, -0.65, -41.98, -63.54, 28.67
-0.45, -0.87, -0.77, -21.69, -63.98, 2.04
-0.64, -0.87, -0.86, 1.88, -45.77, -28.75
-0.65, -0.84, -0.83, 12.92, 9.00, -41.66
-0.36, -0.80, -0.69, 19.44, 47.54, -52.35
-0.04, -0.76, -0.63, 18.76, 54.45, -54.47
0.25, -0.74, -0.61, 14.64, 44.56, -41.40
0.45, -0.71, -0.55, 6.37, 42.51, -15.81
0.64, -0.67, -0.44, -6.86, 32.96, 5.26
0.73, -0.63, -0.38, -23.40, 22.22, 26.35
0.73, -0.64, -0.36, -43.67, 8.18, 41.76
0.60, -0.68, -0.38, -54.83, -2.78, 54.73
0.38, -0.68, -0.44, -60.16, -9.10, 60.55
0.21, -0.68, -0.50, -57.78, -13.86, 58.85
0.03, -0.72, -0.62, -44.14, -30.17, 42.07
-0.27, -0.78, -0.72, -30.04, -55.04, 12.23
-0.58, -0.83, -0.83, -3.47, -49.76, -14.79
-0.69, -0.84, -0.85, 11.97, -18.62, -42.03
-0.58, -0.83, -0.74, 18.15, 25.24, -53.85
-0.30, -0.75, -0.65, 21.65, 48.70, -60.24
0.03, -0.74, -0.61, 19.39, 52.18, -57.47
0.33, -0.72, -0.55, 14.49, 45.86, -39.91
0.53, -0.70, -0.49, 4.41, 37.50, -17.12
0.67, -0.66, -0.41, -13.85, 30.89, 7.63
0.75, -0.64, -0.33, -32.20, 17.58, 28.64
0.75, -0.67, -0.34, -49.15, 8.43, 45.91
0.64, -0.71, -0.38, -58.80, -1.10, 56.65
0.39, -0.70, -0.43, -64.00, -5.38, 60.95
0.19, -0.70, -0.49, -64.00, -12.85, 58.94
0.02, -0.72, -0.59, -53.62, -30.67, 43.39
-0.21, -0.75, -0.74, -31.15, -55.33, 15.00
-0.52, -0.79, -0.84, -10.48, -53.23, -13.16
-0.69, -0.79, -0.84, 5.21, -17.50, -38.88
-0.55, -0.78, -0.75, 12.75, 26.95, -48.28
-0.22, -0.75, -0.67, 16.72, 46.50, -53.70
0.10, -0.72, -0.62, 16.00, 47.68, -46.70
0.33, -0.72, -0.56, 9.77, 40.75, -29.61
0.50, -0.71, -0.49, 2.40, 24.10, -13.85
0.62, -0.69, -0.44, -11.99, 12.17, 8.18
0.67, -0.69, -0.40, -25.79, 5.89, 27.22
0.66, -0.70, -0.41, -37.72, -2.68, 40.57
0.49, -0.72, -0.43, -48.11, -4.14, 48.79
0.26, -0.72, -0.48, -51.89, -1.47, 49.43
0.10, -0.71, -0.53, -51.74, -12.85, 41.77
-0.07, -0.73, -0.63, -38.44, -40.46, 20.82
-0.28, -0.77, -0.76, -15.44, -57.59, -4.92
-0.51, -0.80, -0.85, 2.20, -49.18, -30.04
-0.58, -0.82, -0.76, 9.68, -12.83, -45.60
-0.39, -0.77, -0.69, 16.73, 23.73, -56.30
-0.10, -0.73, -0.65, 20.15, 38.20, -58.16
0.18, -0.72, -0.61, 16.51, 45.72, -43.20
0.42, -0.70, -0.50, 7.40, 38.54, -21.30
0.62, -0.66, -0.42, -4.70, 21.72, 0.49
0.75, -0.63, -0.41, -16.50, 13.68, 28.69
0.76, -0.62, -0.39, -33.91, 3.90, 42.42
0.58, -0.65, -0.38, -46.71, -2.41, 51.53
0.33, -0.68, -0.42, -55.52, -1.50, 58.63
0.18, -0.68, -0.50, -59.70, -5.91, 59.26
0.04, -0.69, -0.59, -49.63, -27.14, 42.82
-0.19, -0.76, -0.71, -29.70, -55.54, 14.88
-0.48, -0.83, -0.80, -15.36, -52.11, -8.66
-0.61, -0.85, -0.82, -2.44, -27.30, -33.04
-0.52, -0.82, -0.75, 8.37, 11.15, -45.06
-0.24, -0.78, -0.68, 16.94, 27.18, -52.50
0.04, -0.77, -0.68, 20.49, 28.16, -52.14
0.22, -0.77, -0.67, 19.98, 23.38, -42.15
0.35, -0.75, -0.60, 12.52, 29.37, -25.62
0.48, -0.70, -0.47, -1.54, 24.10, -7.51
0.60, -0.65, -0.41, -11.56, 15.67, 8.85
0.66, -0.64, -0.41, -25.51, 12.93, 26.68
0.60, -0.65, -0.42, -40.13, 4.18, 36.48
0.38, -0.69, -0.43, -52.23, 3.50, 42.25
0.21, -0.69, -0.48, -52.63, -0.89, 44.22
0.06, -0.68, -0.56, -45.98, -14.10, 36.42
-0.06, -0.71, -0.67, -28.27, -36.28, 16.65
-0.30, -0.79, -0.77, -9.30, -59.38, -15.81
-0.55, -0.87, -0.78, -0.80, -38.02, -36.13
-0.51, -0.86, -0.70, 6.95, 4.59, -44.53
-0.24, -0.79, -0.64, 15.99, 27.74, -56.32
-0.01, -0.76, -0.66, 20.57, 29.81, -60.40
0.15, -0.76, -0.63, 12.62, 39.79, -48.22
0.37, -0.73, -0.48, 2.13, 35.23, -24.43
0.60, -0.67, -0.41, -3.79, 14.16, -8.54
0.68, -0.61, -0.42, -14.09, 3.87, 12.56
0.67, -0.58, -0.40, -31.02, -3.54, 30.36
0.56, -0.60, -0.39, -44.66, -7.27, 41.98
0.37, -0.63, -0.42, -54.93, -11.88, 45.83
0.19, -0.63, -0.48, -58.97, -16.50, 46.14
0.04, -0.64, -0.56, -52.60, -30.21, 36.75
-0.10, -0.71, -0.69, -35.84, -54.88, 14.25
-0.33, -0.83, -0.80, -13.23, -64.00, -12.54
-0.53, -0.92, -0.88, 2.73, -44.36, -35.31
-0.54, -0.92, -0.82, 13.89, 5.68, -48.38
-0.31, -0.85, -0.73, 22.27, 39.07, -59.42
-0.01, -0.78, -0.71, 27.76, 46.45, -62.28
0.20, -0.79, -0.64, 22.80, 35.20, -54.53
0.38, -0.79, -0.55, 13.91, 24.09, -36.27
0.56, -0.69, -0.49, 7.12, 10.31, -15.32
0.66, -0.63, -0.45, -3.86, -1.89, -1.83
0.64, -0.61, -0.39, -19.13, -3.26, 16.45
0.56, -0.64, -0.35, -37.02, 3.26, 30.57
0.44, -0.71, -0.37, -49.52, 6.15, 35.52
0.24, -0.74, -0.44, -50.40, -2.44, 32.59
0.07, -0.72, -0.56, -41.57, -18.00, 24.77
-0.10, -0.74, -0.65, -28.64, -33.12, 8.43
-0.23, -0.83, -0.68, -8.00, -46.04, -15.32
-0.34, -0.92, -0.69, 4.90, -42.01, -34.00
-0.36, -0.94, -0.71, 13.11, -16.87, -50.60
-0.25, -0.85, -0.73, 25.85, 4.91, -64.00
-0.03, -0.74, -0.70, 29.65, 37.45, -60.33
0.27, -0.68, -0.55, 20.74, 52.84, -37.90
0.55, -0.59, -0.43, 9.59, 31.86, -21.35
0.68, -0.51, -0.43, -1.60, 18.56, 6.10
0.76, -0.45, -0.40, -21.03, 12.67, 36.46
0.71, -0.48, -0.32, -35.43, 3.43, 51.03
0.50, -0.58, -0.31, -47.87, -1.08, 57.42
0.31, -0.69, -0.38, -58.08, -9.11, 64.00
0.16, -0.77, -0.47, -60.46, -27.44, 60.82
0.01, -0.84, -0.56, -52.58, -53.46, 41.86
-0.20, -0.91, -0.68, -33.90, -64.00, 16.85
-0.44, -0.94, -0.81, -13.68, -59.21, -15.61
-0.60, -0.95, -0.86, 2.16, -27.06, -35.41
-0.49, -0.92, -0.81, 13.57, 20.52, -44.96
-0.22, -0.86, -0.73, 21.32, 37.36, -56.78
0.02, -0.81, -0.72, 27.23, 33.98, -62.86
0.18, -0.79, -0.69, 24.14, 32.96, -53.34
0.40, -0.73, -0.58, 17.01, 35.95, -31.31
0.60, -0.62, -0.44, 0.32, 27.63, -10.36
0.70, -0.53, -0.36, -16.24, 14.13, 9.76
0.75, -0.50, -0.32, -38.71, 15.21, 40.03
0.69, -0.55, -0.30, -54.23, 9.20, 52.68
0.47, -0.63, -0.34, -64.00, -0.91, 59.36
0.29, -0.68, -0.40, -64.00, 3.57, 64.00
0.16, -0.74, -0.46, -64.00, -16.79, 58.68
-0.07, -0.84, -0.57, -53.54, -50.97, 33.83
-0.36, -0.89, -0.77, -26.98, -64.00, 6.68
-0.60, -0.87, -0.91, 1.50, -63.89, -27.87
-0.71, -0.89, -0.86, 16.87, -9.62, -47.28
-0.51, -0.88, -0.74, 25.32, 35.03, -62.49
-0.16, -0.82, -0.71, 34.67, 44.66, -64.00
0.06, -0.78, -0.70, 33.79, 46.51, -64.00
0.35, -0.74, -0.57, 23.02, 58.47, -43.78
0.64, -0.67, -0.43, 12.01, 40.52, -24.46
0.79, -0.59, -0.36, -3.50, 22.45, -2.45
0.86, -0.55, -0.32, -25.91, 21.71, 36.15
0.84, -0.55, -0.28, -48.92, 9.42, 54.22
0.64, -0.60, -0.32, -63.10, 1.70, 64.00
0.38, -0.64, -0.39, -64.00, 3.56, 64.00
0.19, -0.68, -0.47, -64.00, -9.08, 64.00
-0.02, -0.73, -0.56, -61.99, -37.28, 45.86
-0.30, -0.79, -0.73, -38.71, -62.54, 20.51
-0.54, -0.82, -0.87, -8.69, -64.00, -14.10
-0.71, -0.85, -0.90, 10.95, -36.55, -39.70
-0.62, -0.88, -0.78, 19.67, 14.60, -51.22
-0.26, -0.83, -0.67, 27.30, 43.40, -60.79
0.06, -0.77, -0.65, 28.10, 42.22, -64.00
0.28, -0.77, -0.61, 20.58, 38.02, -49.09
0.50, -0.74, -0.48, 10.49, 42.45, -18.54
0.71, -0.66, -0.40, -4.34, 25.84, -1.12
0.79, -0.62, -0.35, -18.26, 13.03, 21.40
0.82, -0.64, -0.33, -40.74, 13.04, 44.65
0.72, -0.69, -0.33, -58.52, 10.32, 56.69
0.46, -0.72, -0.37, -64.00, 14.39, 62.20
0.27, -0.71, -0.43, -64.00, 11.18, 63.43
0.11, -0.74, -0.51, -64.00, -11.42, 51.40
-0.08, -0.78, -0.63, -50.31, -39.09, 27.43
-0.32, -0.80, -0.76, -28.92, -57.21, 2.42
-0.55, -0.78, -0.88, -2.03, -54.32, -23.93
-0.57, -0.76, -0.85, 13.43, -12.54, -35.05
-0.38, -0.76, -0.67, 16.10, 25.85, -46.74
-0.12, -0.74, -0.58, 16.40, 38.99, -49.12
0.19, -0.70, -0.55, 14.49, 37.34, -37.58
0.41, -0.68, -0.51, 7.07, 28.29, -17.01
0.59, -0.66, -0.45, -5.93, 21.96, 5.95
0.71, -0.64, -0.38, -24.97, 13.02, 30.22
0.74, -0.65, -0.36, -38.75, 3.33, 45.96
0.65, -0.66, -0.38, -49.42, -4.77, 57.30
0.45, -0.66, -0.43, -59.99, -7.66, 64.00
0.26, -0.67, -0.49, -62.67, -12.88, 63.67
0.06, -0.71, -0.60, -53.56, -30.77, 50.14
-0.18, -0.72, -0.72, -36.46, -58.46, 25.12
-0.45, -0.72, -0.83, -13.44, -59.48, 4.64
-0.57, -0.76, -0.83, 1.54, -32.24, -17.95
-0.53, -0.82, -0.73, 2.44, 7.70, -30.20
-0.30, -0.78, -0.63, 8.50, 30.66, -38.68
0.02, -0.70, -0.60, 10.25, 36.38, -35.56
0.28, -0.69, -0.56, 3.09, 29.94, -20.45
0.49, -0.73, -0.49, -10.13, 18.74, -0.28
0.62, -0.73, -0.43, -24.13, 9.90, 23.12
0.71, -0.68, -0.39, -35.53, 2.89, 41.29
0.68, -0.64, -0.41, -43.83, -9.98, 48.44
0.48, -0.68, -0.46, -55.09, -16.15, 57.03
0.26, -0.72, -0.51, -61.02, -15.73, 58.63
0.06, -0.73, -0.57, -58.55, -29.06, 52.37
-0.12, -0.71, -0.69, -42.97, -52.50, 33.36
-0.34, -0.71, -0.81, -22.45, -61.14, 12.46
-0.53, -0.73, -0.85, -5.77, -51.20, -13.41
-0.63, -0.74, -0.80, -1.05, -12.47, -25.67
-0.44, -0.73, -0.69, 6.14, 18.84, -34.64
-0.18, -0.70, -0.65, 8.28, 28.69, -36.15
0.07, -0.70, -0.62, 4.72, 29.45, -22.88
0.29, -0.71, -0.55, -6.12, 25.49, -4.14
0.47, -0.68, -0.45, -16.05, 11.35, 13.03
0.58, -0.65, -0.42, -26.95, -3.54, 30.88
0.61, -0.64, -0.45, -36.16, -10.96, 45.33
0.49, -0.67, -0.49, -46.74, -17.57, 53.68
0.26, -0.72, -0.54, -58.40, -9.39, 59.74
0.10, -0.71, -0.57, -60.08, -0.91, 61.62
-0.02, -0.71, -0.63, -56.25, -11.61, 50.05
-0.20, -0.74, -0.72, -44.41, -35.56, 31.72
-0.44, -0.73, -0.84, -25.13, -47.90, 10.48
-0.61, -0.70, -0.93, 2.16, -46.89, -15.15
-0.69, -0.72, -0.88, 9.05, -15.66, -30.68
-0.58, -0.75, -0.73, 13.01, 13.15, -43.02
-0.31, -0.74, -0.66, 19.09, 26.38, -48.11
-0.05, -0.70, -0.64, 20.25, 24.34, -44.09
0.16, -0.70, -0.58, 9.26, 21.60, -30.18
0.35, -0.71, -0.48, -2.17, 13.29, -13.48
0.48, -0.70, -0.44, -13.51, 1.87, 5.82
0.58, -0.68, -0.42, -26.85, 3.37, 29.76
0.60, -0.66, -0.41, -37.16, -4.52, 42.01
0.44, -0.68, -0.43, -48.85, -10.10, 49.00
0.22, -0.71, -0.49, -56.74, -11.68, 52.74
0.00, -0.71, -0.60, -50.96, -25.73, 46.04
-0.24, -0.70, -0.75, -32.69, -53.06, 20.79
-0.60, -0.71, -0.87, -11.97, -64.00, -9.73
-0.81, -0.73, -0.88, 5.30, -55.71, -32.49
-0.79, -0.75, -0.79, 9.07, -11.68, -47.05
-0.58, -0.75, -0.70, 12.71, 16.02, -59.51
-0.30, -0.72, -0.69, 17.02, 34.31, -60.69
-0.04, -0.70, -0.67, 15.20, 37.90, -54.85
0.14, -0.68, -0.62, 3.92, 32.66, -41.86
0.31, -0.67, -0.51, -6.87, 24.56, -20.51
0.49, -0.64, -0.50, -12.78, 11.33, -3.38
0.58, -0.61, -0.50, -26.28, 3.15, 18.47
0.58, -0.62, -0.48, -43.12, -1.98, 35.37
0.46, -0.67, -0.50, -52.56, -1.81, 47.73
0.25, -0.68, -0.55, -58.20, 6.68, 51.98
-0.00, -0.64, -0.63, -56.33, 6.65, 44.93
-0.24, -0.62, -0.74, -46.29, -7.49, 26.22
-0.48, -0.65, -0.85, -22.57, -34.81, 2.63
-0.68, -0.73, -0.90, 0.65, -48.06, -28.64
-0.76, -0.81, -0.84, 10.36, -12.25, -42.62
-0.61, -0.81, -0.73, 15.06, 17.00, -57.55
-0.37, -0.75, -0.69, 22.48, 34.16, -63.33
-0.14, -0.72, -0.67, 21.93, 40.86, -55.71
0.10, -0.71, -0.56, 11.18, 45.81, -39.17
0.32, -0.68, -0.49, 7.05, 39.43, -24.31
0.46, -0.64, -0.47, -3.54, 33.44, -10.14
0.51, -0.69, -0.44, -14.62, 23.11, 9.12
0.56, -0.68, -0.42, -31.98, 17.20, 29.07
0.56, -0.71, -0.43, -45.45, 10.80, 45.29
0.40, -0.72, -0.48, -50.21, 3.45, 50.43
0.16, -0.71, -0.56, -50.02, -1.86, 45.38
-0.09, -0.70, -0.63, -45.81, -14.02, 31.09
-0.33, -0.72, -0.73, -30.02, -47.35, 8.99
-0.51, -0.73, -0.85, -2.72, -64.00, -19.75
-0.67, -0.73, -0.86, 10.69, -52.32, -40.15
-0.69, -0.74, -0.72, 11.73, -12.06, -56.96
-0.53, -0.72, -0.63, 14.94, 13.64, -64.00
-0.29, -0.70, -0.63, 15.92, 19.34, -64.00
0.04, -0.69, -0.58, 8.09, 24.74, -49.23
0.37, -0.65, -0.51, 3.60, 16.86, -25.39
0.57, -0.60, -0.48, -6.50, 4.76, -7.24
0.63, -0.58, -0.43, -22.81, 7.01, 21.72
0.65, -0.61, -0.40, -43.00, 3.53, 38.55
0.55, -0.66, -0.44, -54.15, 0.95, 47.95
0.35, -0.68, -0.51, -60.15, 5.07, 56.51
0.17, -0.70, -0.55, -64.00, 2.96, 56.57
-0.01, -0.75, -0.61, -62.41, -5.23, 45.91
-0.21, -0.78, -0.76, -43.45, -28.84, 22.28
-0.40, -0.75, -0.91, -22.36, -46.19, -3.95
-0.61, -0.75, -0.99, 4.56, -54.12, -38.19
-0.73, -0.78, -0.96, 14.89, -26.84, -52.76
-0.59, -0.78, -0.79, 23.78, 16.55, -62.34
-0.29, -0.73, -0.71, 34.22, 24.14, -64.00
-0.05, -0.69, -0.70, 33.86, 27.95, -64.00
0.24, -0.69, -0.60, 23.01, 46.53, -48.28
0.56, -0.64, -0.46, 12.60, 38.02, -27.00
0.67, -0.58, -0.41, -1.78, 24.49, -3.67
0.75, -0.57, -0.36, -22.66, 25.26, 25.58
0.79, -0.59, -0.34, -41.69, 17.80, 48.04
0.62, -0.61, -0.40, -59.94, 8.53, 62.24
0.37, -0.63, -0.45, -64.00, 11.03, 64.00
0.15, -0.62, -0.48, -64.00, 7.86, 64.00
-0.03, -0.63, -0.57, -63.32, -17.36, 55.24
-0.27, -0.64, -0.71, -46.58, -49.55, 33.15
-0.50, -0.64, -0.89, -21.77, -64.00, 2.50
-0.72, -0.65, -0.98, 8.52, -64.00, -27.02
-0.78, -0.68, -0.87, 16.38, -12.93, -41.39
-0.57, -0.71, -0.68, 18.15, 35.21, -52.41
-0.24, -0.68, -0.62, 22.49, 51.08, -58.22
0.09, -0.68, -0.64, 17.97, 46.04, -50.65
0.35, -0.72, -0.59, 2.88, 43.92, -21.28
0.62, -0.73, -0.48, -12.12, 30.10, 4.59
0.75, -0.69, -0.42, -25.59, 11.29, 27.41
0.77, -0.69, -0.42, -41.54, 4.18, 46.93
0.66, -0.71, -0.45, -55.85, -2.69, 60.03
0.41, -0.70, -0.49, -64.00, 3.45, 64.00
0.19, -0.68, -0.54, -64.00, 5.33, 64.00
0.02, -0.66, -0.65, -63.32, -13.81, 59.00
-0.30, -0.64, -0.80, -45.06, -49.10, 30.62
-0.59, -0.60, -0.95, -16.66, -64.00, 3.08
-0.80, -0.60, -1.04, 15.47, -58.16, -25.31
-0.80, -0.67, -0.92, 20.54, -3.74, -40.40
-0.58, -0.73, -0.70, 21.04, 39.93, -51.18
-0.27, -0.70, -0.66, 22.08, 53.51, -55.52
0.03, -0.67, -0.67, 15.95, 58.92, -42.40
0.30, -0.69, -0.58, 4.60, 49.19, -17.93
0.52, -0.68, -0.45, -9.51, 37.79, 3.92
0.65, -0.66, -0.40, -22.32, 18.87, 23.65
0.71, -0.66, -0.41, -41.09, 15.14, 45.24
0.65, -0.67, -0.42, -52.83, 4.61, 59.30
0.42, -0.65, -0.48, -62.87, 3.95, 64.00
0.17, -0.62, -0.54, -64.00, 4.96, 64.00
-0.05, -0.61, -0.62, -64.00, -18.21, 54.82
-0.32, -0.61, -0.77, -44.15, -47.78, 33.19
-0.55, -0.60, -0.91, -14.04, -64.00, 5.48
-0.75, -0.61, -0.98, 13.52, -52.06, -21.68
-0.81, -0.70, -0.86, 14.38, -4.76, -38.46
-0.60, -0.77, -0.67, 12.92, 40.29, -45.51
-0.26, -0.72, -0.62, 16.90, 51.71, -49.57
0.06, -0.67, -0.64, 13.74, 49.10, -41.28
0.28, -0.70, -0.59, 5.08, 34.11, -25.91
0.44, -0.74, -0.51, -10.18, 24.28, -2.19
0.56, -0.72, -0.45, -21.73, 15.42, 17.42
0.61, -0.69, -0.45, -32.63, 5.89, 31.38
0.53, -0.68, -0.49, -41.69, 0.33, 42.96
0.36, -0.68, -0.53, -52.41, 3.41, 50.46
0.19, -0.66, -0.56, -58.76, 5.78, 54.71
0.03, -0.64, -0.61, -55.84, -12.65, 45.71
-0.17, -0.66, -0.75, -36.83, -46.11, 31.72
-0.39, -0.69, -0.90, -13.69, -64.00, 5.85
-0.63, -0.69, -0.97, 10.73, -58.50, -24.15
-0.79, -0.72, -0.89, 19.48, -21.41, -47.29
-0.70, -0.74, -0.73, 18.08, 29.62, -57.01
-0.39, -0.71, -0.66, 17.80, 57.10, -63.39
-0.05, -0.69, -0.66, 17.83, 54.02, -62.38
0.18, -0.68, -0.63, 11.03, 45.95, -41.79
0.43, -0.67, -0.52, 0.02, 31.15, -21.07
0.58, -0.65, -0.49, -4.35, 8.64, -4.64
0.63, -0.64, -0.48, -19.31, 4.92, 16.05
0.61, -0.66, -0.45, -33.20, 0.11, 32.77
0.47, -0.68, -0.48, -45.46, 1.58, 42.41
0.28, -0.70, -0.51, -54.88, 7.94, 48.24
0.10, -0.68, -0.55, -58.57, 2.98, 45.75
-0.04, -0.65, -0.66, -50.37, -22.82, 31.31
-0.26, -0.65, -0.81, -31.81, -50.69, 9.32
-0.50, -0.67, -0.93, -5.47, -64.00, -23.42
-0.71, -0.69, -0.92, 7.82, -45.04, -44.03
-0.67, -0.72, -0.78, 9.93, 1.19, -55.32
-0.45, -0.72, -0.69, 13.72, 26.44, -64.00
-0.16, -0.69, -0.69, 15.34, 41.42, -62.04
0.11, -0.66, -0.60, 11.03, 42.85, -46.21
0.38, -0.63, -0.55, 6.50, 28.12, -30.96
0.52, -0.62, -0.54, 2.20, 13.41, -11.84
0.58, -0.62, -0.50, -11.92, 12.57, 7.36
0.57, -0.62, -0.45, -24.57, 10.44, 20.80
0.50, -0.65, -0.45, -39.41, 17.75, 36.97
0.41, -0.68, -0.47, -49.79, 16.89, 46.16
0.26, -0.67, -0.51, -54.68, 10.29, 50.70
0.09, -0.65, -0.59, -54.23, -9.35, 43.07
-0.09, -0.64, -0.69, -44.49, -37.10, 23.92
-0.30, -0.68, -0.83, -23.01, -64.00, -0.36
-0.51, -0.74, -0.91, -3.68, -64.00, -28.00
-0.67, -0.77, -0.86, 6.13, -32.69, -46.12
-0.62, -0.74, -0.75, 10.86, 13.45, -59.96
-0.42, -0.70, -0.73, 19.70, 39.02, -64.00
-0.16, -0.70, -0.74, 21.33, 50.87, -64.00
0.13, -0.73, -0.66, 15.57, 48.95, -53.37
0.37, -0.70, -0.59, 16.43, 33.59, -37.85
0.49, -0.65, -0.55, 7.78, 19.46, -26.06
0.50, -0.62, -0.50, -2.48, 16.28, -5.74
0.54, -0.60, -0.44, -20.24, 17.68, 14.43
0.55, -0.61, -0.42, -37.15, 14.03, 32.26
0.46, -0.61, -0.46, -49.84, 11.56, 41.83
0.30, -0.61, -0.50, -57.44, 10.39, 48.34
0.15, -0.58, -0.54, -63.53, 6.85, 49.98
0.03, -0.56, -0.61, -60.72, -13.89, 43.15
-0.06, -0.59, -0.68, -46.04, -35.77, 32.06
-0.18, -0.68, -0.77, -29.61, -59.60, 13.67
-0.37, -0.74, -0.85, -13.24, -62.27, -7.67
-0.55, -0.76, -0.89, 1.62, -38.39, -26.71
-0.55, -0.76, -0.85, 9.66, 3.70, -37.53
-0.37, -0.74, -0.77, 19.68, 28.97, -46.02
-0.14, -0.72, -0.74, 27.20, 30.37, -54.42
0.05, -0.74, -0.74, 26.11, 24.95, -54.53
0.18, -0.76, -0.69, 19.49, 23.89, -45.24
0.30, -0.72, -0.60, 12.96, 24.66, -30.24
0.43, -0.64, -0.54, 5.39, 19.75, -19.28
0.51, -0.62, -0.47, -7.46, 19.58, 0.88
0.59, -0.64, -0.43, -24.84, 17.97, 21.16
0.61, -0.66, -0.41, -41.99, 14.75, 37.86
0.50, -0.70, -0.42, -56.86, 13.92, 48.34
0.34, -0.70, -0.46, -62.07, 11.15, 53.23
0.17, -0.67, -0.53, -62.83, -5.13, 48.38
0.04, -0.67, -0.63, -55.03, -33.09, 37.92
-0.10, -0.70, -0.75, -36.24, -63.48, 21.44
-0.29, -0.73, -0.85, -15.75, -64.00, -4.46
-0.52, -0.76, -0.88, -0.21, -64.00, -27.56
-0.64, -0.76, -0.82, 6.43, -13.91, -42.10
-0.50, -0.72, -0.73, 11.34, 28.61, -51.55
-0.24, -0.67, -0.69, 18.00, 36.25, -58.74
0.01, -0.66, -0.69, 21.49, 30.90, -52.89
0.26, -0.66, -0.62, 14.93, 24.80, -31.06
0.46, -0.62, -0.52, 5.54, 13.92, -11.99
0.57, -0.57, -0.46, -5.81, 3.59, 8.89
0.61, -0.56, -0.42, -24.17, 5.33, 31.78
0.59, -0.59, -0.40, -39.62, 3.48, 45.21
0.48, -0.59, -0.45, -50.26, 2.20, 55.78
0.30, -0.60, -0.51, -61.60, 7.17, 62.01
0.16, -0.62, -0.55, -62.32, 0.77, 63.26
0.03, -0.66, -0.62, -59.15, -19.44, 54.54
-0.11, -0.69, -0.74, -47.79, -46.50, 37.57
-0.30, -0.70, -0.86, -26.85, -64.00, 14.95
-0.53, -0.71, -0.96, -1.20, -64.00, -13.01
-0.69, -0.74, -0.96, 12.06, -37.41, -33.49
-0.61, -0.77, -0.83, 16.96, 22.84, -43.05
-0.34, -0.73, -0.72, 22.17, 46.59, -51.14
-0.04, -0.70, -0.70, 22.06, 42.36, -51.66
0.19, -0.71, -0.67, 19.32, 38.26, -35.15
0.42, -0.70, -0.57, 7.02, 38.40, -10.07
0.58, -0.67, -0.44, -6.01, 22.57, 7.96
0.64, -0.64, -0.43, -18.89, 13.21, 29.66
0.66, -0.65, -0.43, -37.63, 9.94, 47.76
0.53, -0.66, -0.45, -53.14, 3.86, 55.98
0.31, -0.64, -0.49, -62.66, 4.70, 62.71
0.14, -0.60, -0.54, -64.00, -5.03, 63.37
0.00, -0.62, -0.64, -56.35, -32.06, 50.50
-0.25, -0.65, -0.74, -42.24, -59.29, 29.44
-0.48, -0.63, -0.87, -17.32, -64.00, 4.09
-0.67, -0.62, -0.94, 6.74, -56.21, -19.63
-0.74, -0.71, -0.85, 11.57, -1.69, -35.29
-0.58, -0.75, -0.69, 11.14, 43.37, -42.89
-0.27, -0.70, -0.62, 11.08, 58.46, -45.76
0.05, -0.67, -0.61, 6.74, 57.27, -35.90
0.37, -0.69, -0.58, 0.47, 46.05, -14.33
0.55, -0.70, -0.53, -11.77, 27.74, 6.22
0.62, -0.69, -0.48, -26.53, 8.25, 26.00
0.61, -0.69, -0.49, -35.87, -4.34, 39.89
0.51, -0.67, -0.54, -43.33, -14.93, 48.87
0.34, -0.65, -0.57, -50.66, -15.60, 53.39
0.13, -0.64, -0.61, -51.35, -18.00, 52.27
-0.06, -0.63, -0.70, -40.59, -38.19, 35.06
-0.31, -0.64, -0.83, -25.87, -49.92, 12.08
-0.57, -0.66, -0.92, -5.19, -43.90, -11.06
-0.70, -0.65, -0.93, 9.14, -13.31, -32.66
-0.61, -0.69, -0.80, 13.45, 29.63, -42.14
-0.37, -0.71, -0.69, 12.70, 47.43, -49.41
-0.07, -0.72, -0.65, 10.02, 54.69, -42.33
0.16, -0.71, -0.59, 4.82, 52.91, -28.41
0.38, -0.68, -0.52, -7.22, 37.16, -12.06
0.52, -0.66, -0.46, -17.53, 20.79, 10.94
0.60, -0.64, -0.45, -29.44, 2.73, 27.70
0.57, -0.66, -0.48, -42.41, -12.96, 37.98
0.40, -0.68, -0.54, -49.47, -17.46, 45.17
0.16, -0.64, -0.59, -52.90, -13.46, 47.43
-0.02, -0.61, -0.66, -47.91, -20.73, 36.72
-0.26, -0.63, -0.79, -33.49, -33.35, 18.89
-0.48, -0.64, -0.90, -17.72, -42.76, -5.93
-0.66, -0.63, -0.95, 4.13, -24.83, -28.20
-0.64, -0.65, -0.86, 11.74, 6.19, -43.49
-0.44, -0.67, -0.75, 15.67, 28.96, -53.88
-0.19, -0.69, -0.72, 18.51, 38.17, -52.33
0.05, -0.69, -0.68, 16.65, 37.93, -44.80
0.23, -0.68, -0.58, 7.31, 35.62, -27.78
0.42, -0.67, -0.51, -1.28, 21.71, -13.74
0.51, -0.67, -0.51, -9.45, 5.72, 2.13
0.53, -0.67, -0.51, -23.61, 3.38, 21.51
0.52, -0.67, -0.49, -36.23, 2.63, 34.11
0.38, -0.67, -0.50, -46.94, 3.61, 40.49
0.20, -0.67, -0.53, -52.88, 5.89, 44.66
0.05, -0.64, -0.60, -51.27, 0.68, 40.86
-0.10, -0.64, -0.74, -39.67, -23.36, 22.48
-0.36, -0.65, -0.87, -17.10, -47.67, -5.55
-0.63, -0.67, -0.93, 3.54, -49.98, -35.43
-0.71, -0.70, -0.85, 12.16, -8.72, -50.58
-0.52, -0.73, -0.72, 15.58, 26.59, -62.50
-0.25, -0.73, -0.70, 22.31, 34.97, -64.00
-0.05, -0.72, -0.70, 20.23, 45.26, -61.04
0.20, -0.70, -0.60, 15.16, 44.66, -46.88
0.38, -0.65, -0.56, 15.86, 23.32, -40.24
0.41, -0.62, -0.57, 11.30, 16.41, -28.24
0.42, -0.63, -0.50, -2.87, 10.88, -11.34
0.47, -0.63, -0.43, -18.82, 10.72, 9.61
0.55, -0.61, -0.41, -34.82, 7.08, 31.32
0.54, -0.61, -0.44, -44.91, 1.17, 42.85
0.40, -0.61, -0.48, -52.31, 7.84, 51.25
0.22, -0.61, -0.50, -58.83, 14.97, 54.94
0.08, -0.63, -0.57, -60.97, 1.57, 48.32
-0.07, -0.66, -0.67, -52.40, -26.82, 33.91
-0.24, -0.68, -0.84, -29.09, -59.55, 12.41
-0.42, -0.68, -0.96, -1.45, -64.00, -17.69
-0.61, -0.72, -0.97, 17.66, -46.96, -38.25
-0.60, -0.78, -0.84, 23.61, 8.60, -49.95
-0.35, -0.77, -0.74, 28.69, 40.48, -57.93
-0.08, -0.74, -0.73, 30.02, 43.82, -62.97
0.15, -0.74, -0.70, 25.45, 40.62, -53.77
0.35, -0.72, -0.61, 18.95, 33.54, -34.19
0.52, -0.67, -0.51, 5.21, 22.62, -20.21
0.57, -0.64, -0.45, -6.78, 3.31, -5.25
0.61, -0.63, -0.43, -23.92, 3.08, 18.14
0.62, -0.63, -0.40, -43.80, 1.98, 34.11
0.50, -0.65, -0.43, -56.92, -0.60, 43.67
0.31, -0.65, -0.49, -61.59, -3.94, 48.86
0.11, -0.64, -0.55, -60.20, -20.34, 42.38
-0.04, -0.65, -0.67, -50.73, -45.56, 29.09
-0.19, -0.71, -0.81, -29.46, -64.00, 11.63
-0.41, -0.72, -0.91, -6.54, -64.00, -19.05
-0.67, -0.71, -0.91, 9.96, -45.75, -41.24
-0.66, -0.69, -0.79, 17.30, 10.38, -51.42
-0.39, -0.68, -0.71, 22.24, 36.92, -63.75
-0.11, -0.70, -0.72, 27.32, 35.49, -64.00
0.15, -0.70, -0.67, 20.56, 44.39, -42.26
0.47, -0.66, -0.52, 10.58, 37.80, -19.37
0.65, -0.61, -0.46, 1.58, 13.46, -2.55
0.71, -0.60, -0.42, -19.54, 10.18, 27.66
0.74, -0.63, -0.38, -37.97, 4.11, 47.39
0.60, -0.65, -0.41, -51.96, 2.89, 55.44
0.38, -0.65, -0.48, -63.54, 8.79, 63.53
0.17, -0.66, -0.53, -64.00, 4.65, 63.42
0.01, -0.68, -0.60, -64.00, -20.97, 53.26
-0.15, -0.70, -0.73, -51.59, -47.87, 35.34
-0.32, -0.69, -0.89, -26.61, -64.00, 6.09
-0.59, -0.69, -0.98, 2.02, -64.00, -26.24
-0.77, -0.72, -0.94, 12.71, -22.42, -45.14
-0.61, -0.73, -0.80, 23.34, 31.72, -52.51
-0.27, -0.69, -0.74, 28.41, 50.21, -63.14
0.02, -0.70, -0.73, 27.35, 51.53, -57.07
0.30, -0.71, -0.64, 16.94, 57.87, -34.03
0.56, -0.68, -0.49, 7.05, 41.37, -11.03
0.69, -0.65, -0.44, -5.19, 16.00, 7.81
0.74, -0.66, -0.42, -24.35, 9.73, 36.64
0.72, -0.67, -0.40, -43.10, -0.80, 49.48
0.52, -0.67, -0.43, -53.97, -0.34, 59.92
0.26, -0.65, -0.47, -63.46, 3.47, 62.88
0.09, -0.62, -0.56, -64.00, -6.53, 57.69
-0.09, -0.63, -0.64, -58.20, -32.68, 42.71
-0.28, -0.65, -0.78, -41.61, -53.63, 19.66
-0.50, -0.64, -0.90, -14.79, -62.68, -7.38
-0.67, -0.64, -0.94, 3.39, -37.40, -29.48
-0.63, -0.69, -0.83, 9.15, 16.44, -36.25
-0.36, -0.70, -0.69, 13.55, 46.86, -40.55
-0.00, -0.67, -0.64, 11.41, 52.90, -35.68
0.28, -0.68, -0.61, 8.00, 40.96, -21.19
0.47, -0.70, -0.56, -2.87, 29.16, -2.21
0.57, -0.70, -0.50, -15.79, 14.91, 20.00
0.61, -0.70, -0.46, -32.83, 4.54, 36.98
0.57, -0.70, -0.46, -42.62, -8.54, 47.84
0.41, -0.68, -0.50, -51.64, -14.91, 52.88
0.22, -0.65, -0.58, -52.96, -15.21, 54.06
0.02, -0.65, -0.67, -50.34, -25.70, 42.28
-0.24, -0.65, -0.77, -38.30, -48.80, 19.21
-0.47, -0.62, -0.91, -13.42, -49.22, -0.15
-0.61, -0.61, -0.95, 6.99, -34.10, -22.62
-0.65, -0.67, -0.84, 11.51, 6.65, -39.43
-0.46, -0.71, -0.72, 13.01, 35.24, -46.81
-0.15, -0.68, -0.66, 11.77, 46.16, -43.33
0.16, -0.68, -0.61, 7.29, 46.71, -32.28
0.37, -0.70, -0.56, -2.62, 32.41, -14.38
0.51, -0.71, -0.49, -18.88, 23.06, 8.19
0.61, -0.68, -0.45, -31.62, 8.81, 29.41
0.61, -0.65, -0.48, -40.56, -6.28, 39.52
0.46, -0.65, -0.53, -46.94, -14.01, 48.81
0.23, -0.64, -0.58, -51.37, -13.09, 49.80
0.03, -0.62, -0.64, -49.73, -14.82, 45.01
-0.19, -0.61, -0.76, -36.07, -36.44, 25.84
-0.17, -0.71, -0.66, 18.49, 32.33, -45.93
0.10, -0.72, -0.63, 10.70, 34.79, -35.17
0.36, -0.71, -0.54, -1.37, 30.45, -16.60
0.50, -0.68, -0.49, -9.27, 16.44, 0.06
0.56, -0.65, -0.48, -20.23, 5.01, 18.28
0.29, -0.64, -0.53, -50.95, -13.19, 50.60
0.12, -0.61, -0.57, -49.18, -15.93, 51.56
-0.02, -0.63, -0.65, -42.93, -21.64, 41.67
-0.26, -0.66, -0.77, -32.26, -39.56, 19.37
-0.51, -0.64, -0.88, -13.71, -43.07, -4.33
-0.64, -0.62, -0.93, 8.90, -32.86, -25.75
-0.44, -0.73, -0.75, 20.27, 18.87, -48.26
-0.19, -0.74, -0.68, 17.08, 28.99, -51.38
0.07, -0.74, -0.67, 15.46, 30.47, -45.73
0.24, -0.73, -0.65, 10.10, 25.41, -33.11
0.35, -0.71, -0.59, -0.85, 23.42, -17.35
0.44, -0.71, -0.50, -13.89, 19.63, 1.09
0.54, -0.70, -0.48, -26.86, 16.07, 17.81
-0.13, -0.69, -0.67, 14.37, 37.62, -64.00
0.05, -0.70, -0.64, 4.95, 33.26, -53.59
0.22, -0.70, -0.50, -2.79, 18.33, -41.28
0.38, -0.65, -0.52, -3.89, 3.14, -31.78
0.43, -0.59, -0.55, -4.59, -8.98, -20.68
-0.48, -0.73, -0.73, 25.49, 19.26, -61.36
-0.24, -0.76, -0.70, 27.95, 17.79, -64.00
-0.02, -0.75, -0.73, 28.78, 20.11, -64.00
0.19, -0.63, -0.52, -64.00, 13.24, 55.04
0.03, -0.62, -0.61, -59.03, -12.37, 48.59
-0.09, -0.65, -0.71, -42.54, -38.64, 33.02
-0.26, -0.72, -0.80, -21.56, -54.21, 8.41
-0.46, -0.77, -0.87, -3.22, -54.17, -18.60
-0.61, -0.78, -0.88, 8.69, -23.13, -36.90
-0.51, -0.72, -0.77, 15.01, 23.32, -41.83
-0.23, -0.70, -0.71, 19.20, 40.54, -50.31
-0.02, -0.68, -0.72, 21.64, 39.25, -51.61
0.63, -0.57, -0.49, -29.42, 7.99, 28.36
0.62, -0.59, -0.45, -43.42, 3.24, 43.81
0.54, -0.59, -0.47, -52.09, 1.22, 56.37
0.40, -0.60, -0.53, -59.92, 4.07, 64.00
0.25, -0.62, -0.57, -63.54, 1.84, 64.00
0.03, -0.67, -0.61, -59.28, -22.52, 51.87
-0.20, -0.72, -0.73, -44.36, -51.62, 32.64
-0.45, -0.72, -0.91, -13.96, -64.00, 4.27
-0.69, -0.69, -0.99, 14.50, -63.02, -26.71
-0.60, -0.77, -0.65, 24.66, 32.12, -62.31
-0.29, -0.74, -0.65, 31.79, 36.12, -64.00
0.01, -0.73, -0.67, 28.39, 44.82, -52.93
0.37, -0.72, -0.53, 19.48, 42.66, -29.59
0.58, -0.67, -0.42, 11.02, 16.76, -13.43
0.66, -0.67, -0.36, -7.63, 7.43, 11.11
0.72, -0.69, -0.33, -22.94, 2.23, 36.28
0.70, -0.69, -0.34, -35.79, 2.93, 53.17
0.51, -0.68, -0.40, -46.80, 1.46, 64.00
0.28, -0.69, -0.45, -54.29, -1.50, 64.00
-0.16, -0.74, -0.63, -42.10, -56.74, 38.81
-0.43, -0.74, -0.83, -9.93, -64.00, 7.80
-0.71, -0.73, -0.98, 22.75, -64.00, -28.56
-0.93, -0.77, -0.95, 33.84, -60.17, -55.88
-0.86, -0.84, -0.73, 34.21, 5.43, -64.00
-0.48, -0.81, -0.66, 33.77, 31.55, -64.00
-0.10, -0.75, -0.69, 35.47, 40.05, -64.00
0.25, -0.71, -0.65, 29.42, 46.16, -56.77
0.52, -0.68, -0.53, 16.09, 30.42, -31.66
0.69, -0.68, -0.47, 0.40, 19.04, -4.45
0.79, -0.68, -0.45, -16.33, 17.27, 22.44
0.81, -0.67, -0.44, -30.73, 9.99, 39.01
0.65, -0.65, -0.47, -46.95, 10.53, 54.78
0.39, -0.67, -0.48, -63.17, 16.65, 62.17
0.17, -0.71, -0.51, -64.00, 7.57, 55.73
-0.05, -0.70, -0.60, -64.00, -15.21, 42.95
-0.29, -0.65, -0.79, -44.61, -51.01, 17.65
-0.53, -0.62, -0.95, -15.74, -64.00, -14.80
-0.80, -0.66, -0.99, 7.81, -61.62, -42.51
-0.86, -0.75, -0.87, 11.08, -1.38, -58.12
-0.61, -0.80, -0.69, 9.24, 45.51, -64.00
-0.29, -0.76, -0.66, 14.15, 62.84, -64.00
0.08, -0.69, -0.68, 17.43, 62.49, -64.00
0.36, -0.67, -0.60, 8.90, 63.45, -41.79
0.59, -0.69, -0.47, -4.62, 50.16, -20.28
0.70, -0.70, -0.42, -15.72, 32.53, 1.19
0.77, -0.69, -0.41, -27.73, 25.04, 24.66
0.78, -0.68, -0.42, -41.67, 11.04, 42.04
0.63, -0.66, -0.42, -51.12, 5.14, 55.77
0.40, -0.68, -0.43, -62.68, 6.68, 63.28
0.19, -0.69, -0.47, -63.08, -4.48, 55.11
-0.07, -0.68, -0.60, -47.59, -32.58, 34.42
-0.32, -0.68, -0.76, -26.36, -57.04, 6.81
-0.60, -0.69, -0.88, 3.55, -64.00, -23.47
-0.75, -0.71, -0.86, 24.29, -31.25, -43.23
-0.64, -0.74, -0.69, 25.53, 17.04, -56.91
-0.37, -0.75, -0.59, 27.26, 35.68, -64.00
-0.03, -0.71, -0.62, 29.29, 35.29, -64.00
0.25, -0.66, -0.60, 24.88, 35.57, -46.61
0.48, -0.63, -0.49, 15.87, 27.59, -26.97
0.62, -0.65, -0.40, 2.18, 23.32, -3.14
0.72, -0.70, -0.38, -19.62, 19.92, 19.64
0.76, -0.71, -0.41, -40.62, 18.81, 40.91
0.69, -0.70, -0.44, -55.35, 17.44, 56.93
0.55, -0.66, -0.47, -63.48, 16.02, 64.00
0.34, -0.65, -0.51, -64.00, 4.55, 64.00
0.13, -0.67, -0.62, -64.00, -24.34, 56.73
-0.10, -0.68, -0.75, -51.45, -55.08, 37.96
-0.38, -0.70, -0.92, -23.79, -64.00, 8.86
-0.68, -0.68, -1.00, 3.86, -64.00, -20.10
-0.81, -0.69, -0.89, 15.53, -6.46, -42.10
-0.67, -0.73, -0.71, 20.34, 46.57, -57.65
-0.30, -0.71, -0.63, 25.36, 64.00, -60.53
0.07, -0.71, -0.59, 22.81, 62.49, -50.47
0.39, -0.74, -0.49, 13.21, 52.47, -25.51
0.62, -0.73, -0.39, 4.39, 33.05, -1.82
0.72, -0.70, -0.34, -11.79, 16.48, 18.86
0.73, -0.71, -0.32, -29.01, 13.71, 39.63
0.68, -0.72, -0.34, -44.59, 9.43, 53.69
0.52, -0.69, -0.38, -56.10, 9.08, 64.00
0.33, -0.68, -0.41, -64.00, 2.88, 64.00
0.15, -0.69, -0.49, -64.00, -20.32, 59.04
-0.06, -0.68, -0.63, -53.06, -53.01, 45.58
-0.28, -0.66, -0.78, -32.62, -64.00, 21.15
-0.54, -0.64, -0.90, -2.42, -64.00, -4.76
-0.73, -0.67, -0.92, 14.87, -47.79, -31.49
-0.74, -0.74, -0.81, 16.95, 7.67, -41.07
-0.48, -0.78, -0.68, 20.63, 45.61, -48.63
-0.10, -0.74, -0.64, 23.52, 52.14, -47.12
0.19, -0.72, -0.62, 21.73, 38.53, -37.81
0.40, -0.74, -0.57, 14.05, 27.11, -20.47
0.56, -0.75, -0.48, -1.96, 21.83, 1.69
0.60, -0.74, -0.44, -10.43, 7.75, 15.25
0.58, -0.75, -0.45, -23.76, 6.53, 34.95
0.51, -0.76, -0.45, -32.68, -4.01, 42.03
0.33, -0.74, -0.49, -38.22, -17.67, 42.22
0.12, -0.72, -0.55, -37.04, -32.38, 33.89
-0.10, -0.70, -0.67, -26.88, -57.95, 17.09
-0.28, -0.67, -0.79, -7.55, -64.00, -2.18
-0.48, -0.67, -0.84, 13.64, -55.45, -26.32
-0.61, -0.71, -0.76, 18.38, -11.70, -43.68
-0.50, -0.77, -0.63, 19.16, 31.32, -51.26
-0.19, -0.78, -0.57, 16.20, 48.25, -48.19
0.19, -0.78, -0.53, 6.32, 53.67, -28.31
0.52, -0.77, -0.44, -4.82, 39.91, -3.78
0.71, -0.73, -0.37, -17.13, 13.38, 13.86
0.72, -0.73, -0.37, -35.77, 5.99, 36.66
0.63, -0.76, -0.39, -50.12, 2.65, 48.50
0.44, -0.75, -0.44, -62.21, 4.52, 53.13
0.24, -0.70, -0.50, -64.00, 1.71, 53.79
0.07, -0.69, -0.62, -60.22, -15.12, 43.26
-0.20, -0.69, -0.74, -47.44, -49.86, 18.60
-0.52, -0.67, -0.90, -14.32, -64.00, -7.46
-0.74, -0.67, -0.93, 10.24, -48.78, -28.78
-0.78, -0.74, -0.81, 17.55, -2.45, -45.55
-0.57, -0.77, -0.68, 18.73, 25.04, -56.34
-0.21, -0.75, -0.64, 19.55, 32.40, -56.32
0.12, -0.74, -0.61, 14.58, 33.27, -42.12
0.42, -0.73, -0.50, 2.50, 32.70, -19.27
0.61, -0.71, -0.41, -8.01, 23.31, -1.16
0.64, -0.71, -0.41, -22.12, 18.38, 16.22
0.61, -0.73, -0.42, -39.59, 23.04, 37.98
0.56, -0.74, -0.42, -55.33, 15.63, 44.57
0.40, -0.73, -0.46, -64.00, -0.98, 50.41
0.21, -0.69, -0.53, -64.00, -20.29, 50.62
0.00, -0.64, -0.68, -48.43, -40.39, 35.07
-0.27, -0.63, -0.80, -27.97, -54.96, 11.12
-0.61, -0.66, -0.85, -8.23, -50.12, -17.40
-0.80, -0.70, -0.82, 2.04, -11.17, -35.37
-0.63, -0.72, -0.68, 8.79, 38.23, -40.46
-0.28, -0.71, -0.59, 11.85, 50.20, -41.08
0.07, -0.71, -0.56, 10.58, 37.62, -35.87
0.31, -0.72, -0.53, 4.69, 21.59, -19.59
0.49, -0.72, -0.45, -10.16, 16.02, 5.38
0.59, -0.73, -0.37, -27.18, 9.76, 26.28
0.60, -0.72, -0.37, -38.64, 2.87, 40.54
0.53, -0.68, -0.42, -48.23, -9.01, 50.09
0.34, -0.62, -0.49, -54.16, -23.61, 51.34
0.12, -0.59, -0.60, -48.06, -31.21, 47.81
-0.08, -0.61, -0.66, -43.66, -33.27, 37.57
-0.33, -0.67, -0.71, -36.53, -37.41, 14.41
-0.53, -0.68, -0.75, -26.78, -13.07, 1.07
-0.53, -0.68, -0.73, -21.71, 8.64, -11.74
-0.35, -0.70, -0.68, -19.86, 31.76, -11.89
-0.07, -0.75, -0.62, -20.06, 29.12, -9.66
0.12, -0.76, -0.59, -21.66, 16.91, -2.77
0.22, -0.75, -0.59, -19.00, 6.03, 4.50
0.20, -0.73, -0.60, -18.62, -1.52, 6.79
0.12, -0.73, -0.63, -18.68, -2.29, 7.98
0.05, -0.71, -0.66, -21.44, -3.94, 9.04
0.04, -0.69, -0.65, -19.25, -8.84, 8.98
0.05, -0.67, -0.63, -18.40, -15.09, 9.02
0.03, -0.69, -0.61, -19.93, -21.24, 8.44
-0.01, -0.70, -0.61, -17.93, -19.68, 9.22
-0.05, -0.69, -0.62, -15.06, -20.12, 7.54
-0.07, -0.69, -0.64, -12.10, -18.69, 6.69
-0.05, -0.69, -0.62, -11.24, -17.51, 7.41
-0.03, -0.69, -0.60, -13.02, -16.85, 6.68
-0.03, -0.67, -0.59, -13.03, -15.65, 6.26
-0.04, -0.64, -0.60, -14.07, -14.22, 7.33
-0.05, -0.63, -0.61, -13.96, -16.64, 7.59
-0.05, -0.62, -0.62, -14.36, -23.28, 8.31
-0.03, -0.65, -0.62, -13.72, -31.37, 8.82
-0.06, -0.68, -0.60, -16.15, -38.57, 10.41
-0.06, -0.69, -0.60, -16.86, -37.17, 9.53
-0.11, -0.70, -0.62, -19.00, -29.69, 9.46
-0.15, -0.70, -0.62, -17.16, -23.41, 6.57
-0.16, -0.70, -0.62, -16.32, -21.70, 4.18
-0.15, -0.72, -0.63, -14.96, -23.59, 3.24
-0.13, -0.72, -0.64, -12.89, -29.43, 2.45
-0.09, -0.72, -0.63, -13.63, -32.48, 1.98
-0.07, -0.70, -0.62, -13.09, -34.14, 0.38
-0.07, -0.68, -0.62, -13.15, -33.91, 0.97
-0.10, -0.65, -0.62, -12.84, -28.24, 1.60
-0.12, -0.63, -0.62, -13.63, -25.18, 3.54
-0.11, -0.63, -0.62, -14.44, -21.60, 10.38
-0.06, -0.64, -0.61, -12.92, -23.12, 11.20
-0.04, -0.65, -0.61, -14.72, -33.34, 10.94
-0.08, -0.66, -0.61, -17.23, -36.55, 11.93
-0.12, -0.66, -0.61, -18.55, -33.75, 13.93
-0.16, -0.66, -0.61, -21.10, -31.82, 15.38
-0.18, -0.66, -0.61, -23.71, -31.75, 15.05
-0.17, -0.66, -0.61, -24.33, -34.91, 13.16
-0.15, -0.67, -0.62, -24.37, -37.66, 13.31
-0.14, -0.68, -0.63, -23.35, -37.01, 13.79
-0.17, -0.67, -0.63, -25.72, -33.35, 12.96
-0.20, -0.66, -0.63, -25.93, -30.80, 15.18
-0.21, -0.66, -0.63, -25.79, -28.80, 15.87
-0.19, -0.67, -0.63, -24.73, -32.89, 14.16
-0.18, -0.69, -0.64, -24.03, -38.80, 14.32
-0.16, -0.71, -0.65, -24.10, -38.96, 15.73
-0.17, -0.69, -0.66, -20.79, -34.52, 15.98
-0.21, -0.67, -0.65, -20.50, -26.16, 13.35
-0.25, -0.69, -0.64, -20.43, -17.56, 13.23
-0.27, -0.72, -0.64, -22.69, -15.18, 10.54
-0.27, -0.75, -0.66, -21.84, -17.01, 8.96
-0.25, -0.74, -0.68, -20.14, -20.81, 9.63
-0.23, -0.71, -0.67, -16.24, -23.07, 6.87
-0.24, -0.70, -0.66, -13.57, -20.62, 4.13
-0.25, -0.70, -0.65, -12.25, -16.70, 3.25
-0.28, -0.70, -0.64, -12.50, -13.46, 0.44
-0.31, -0.71, -0.64, -14.16, -12.54, -0.03
-0.33, -0.71, -0.64, -11.54, -12.62, -6.15
-0.32, -0.69, -0.64, -9.51, -16.18, -10.99
-0.31, -0.67, -0.63, -9.28, -19.77, -12.16
-0.30, -0.68, -0.62, -9.56, -17.64, -11.32
-0.31, -0.67, -0.60, -10.34, -12.61, -12.27
-0.32, -0.66, -0.58, -11.26, -2.98, -11.04
-0.33, -0.65, -0.58, -9.69, 5.70, -11.72
-0.31, -0.64, -0.57, -9.37, 10.14, -11.95
-0.27, -0.63, -0.55, -9.74, 8.75, -11.30
-0.23, -0.64, -0.54, -8.29, 3.83, -8.39
-0.21, -0.64, -0.54, -8.97, -1.86, -6.92
-0.21, -0.66, -0.54, -11.41, -5.38, -3.54
-0.24, -0.67, -0.54, -11.19, -6.43, -1.67
-0.26, -0.67, -0.54, -12.61, -4.97, -1.63
-0.26, -0.67, -0.54, -13.48, -4.21, -1.91
-0.25, -0.67, -0.53, -13.02, -1.91, -0.54
-0.25, -0.66, -0.53, -13.61, -1.31, -0.79
-0.27, -0.65, -0.54, -13.45, -1.52, -2.13
-0.29, -0.65, -0.55, -14.26, -1.25, -1.99
-0.29, -0.66, -0.56, -13.61, -3.81, -2.39
-0.25, -0.66, -0.56, -12.87, -7.98, -3.41
-0.27, -0.66, -0.56, -13.47, -10.08, -1.54
-0.27, -0.68, -0.57, -12.24, -8.47, -1.37
-0.29, -0.68, -0.57, -11.08, -4.18, -3.45
-0.31, -0.66, -0.58, -12.27, -0.67, -3.74
-0.33, -0.68, -0.59, -11.74, 1.94, -4.69
-0.32, -0.69, -0.59, -10.55, 1.66, -5.56
-0.32, -0.69, -0.59, -6.95, -2.71, -10.29
-0.30, -0.70, -0.60, -5.17, -6.44, -13.14
-0.29, -0.70, -0.61, -2.95, -8.87, -13.64
-0.29, -0.72, -0.61, -1.54, -7.99, -14.68
-0.32, -0.72, -0.61, -1.67, -3.83, -15.81
-0.34, -0.73, -0.60, -2.42, 2.02, -17.59
-0.34, -0.74, -0.59, -1.97, 6.88, -18.47
-0.30, -0.73, -0.58, -0.71, 6.92, -20.17
-0.26, -0.71, -0.58, 1.22, 4.59, -21.47
-0.23, -0.70, -0.57, 4.78, 2.78, -22.58
-0.23, -0.71, -0.56, 7.84, -1.24, -25.50
-0.26, -0.75, -0.55, 5.23, -3.43, -26.85
-0.26, -0.77, -0.54, 5.22, 0.97, -23.12
-0.20, -0.74, -0.54, 9.38, 0.71, -23.72
-0.19, -0.71, -0.52, 11.92, 0.70, -23.94
-0.21, -0.72, -0.51, 11.29, 0.98, -24.12
-0.24, -0.74, -0.49, 10.90, 0.88, -23.15
-0.23, -0.74, -0.48, 9.70, 3.75, -18.40
-0.17, -0.70, -0.48, 8.36, 9.74, -8.59
-0.09, -0.66, -0.45, 4.85, 13.49, -1.54
-0.07, -0.64, -0.40, -3.29, 14.29, 4.11
-0.04, -0.66, -0.37, -14.01, 19.71, 13.59
0.02, -0.69, -0.38, -31.54, 25.50, 29.27
0.05, -0.70, -0.41, -41.56, 29.28, 40.83
0.03, -0.67, -0.45, -42.78, 31.58, 44.08
-0.03, -0.64, -0.52, -40.19, 19.81, 39.85
-0.16, -0.68, -0.58, -38.27, -1.58, 32.63
-0.35, -0.77, -0.61, -33.81, -34.06, 18.94
-0.51, -0.89, -0.66, -20.94, -64.00, -1.02
-0.63, -0.93, -0.77, 2.28, -63.99, -27.07
-0.74, -0.89, -0.75, 8.90, -33.81, -52.15
-0.81, -0.88, -0.63, 4.97, 4.13, -64.00
-0.66, -0.86, -0.54, 0.61, 42.91, -64.00
-0.30, -0.76, -0.52, -4.65, 64.00, -43.65
0.09, -0.63, -0.50, -5.96, 61.25, -18.64
0.25, -0.55, -0.50, -6.18, 43.67, -1.85
0.34, -0.53, -0.43, -13.62, 25.95, 11.15
0.37, -0.56, -0.39, -25.66, 13.33, 38.52
0.29, -0.59, -0.40, -37.62, 11.65, 48.45
0.09, -0.59, -0.43, -39.40, 10.62, 47.75
-0.14, -0.60, -0.45, -45.42, 18.20, 48.25
-0.27, -0.69, -0.47, -43.60, 1.57, 41.93
-0.41, -0.80, -0.55, -32.73, -28.50, 27.28
-0.55, -0.85, -0.68, -11.98, -54.46, 1.24
-0.74, -0.86, -0.73, 5.17, -45.19, -23.83
-0.84, -0.84, -0.65, 10.09, -0.30, -40.85
-0.75, -0.80, -0.54, 6.02, 29.81, -49.45
-0.52, -0.77, -0.51, 7.01, 46.89, -45.54
-0.18, -0.72, -0.49, 0.50, 40.39, -28.74
0.08, -0.68, -0.45, -7.98, 30.45, -4.92
0.30, -0.62, -0.44, -14.51, 20.30, 18.33
0.40, -0.55, -0.42, -22.49, 9.71, 39.35
0.36, -0.55, -0.43, -31.39, 3.74, 45.43
0.19, -0.57, -0.47, -36.69, 2.17, 49.76
-0.02, -0.59, -0.52, -43.49, 11.03, 55.33
-0.14, -0.65, -0.52, -43.44, 7.87, 52.54
-0.27, -0.75, -0.57, -34.90, -17.43, 33.34
-0.50, -0.85, -0.74, -15.77, -34.26, 11.72
-0.75, -0.89, -0.82, -1.29, -36.71, -16.04
-0.93, -0.87, -0.76, 13.72, -5.77, -37.14
-0.83, -0.83, -0.62, 15.04, 32.10, -45.30
-0.53, -0.80, -0.53, 11.27, 45.89, -50.93
-0.25, -0.76, -0.50, 9.05, 41.90, -38.93
0.00, -0.69, -0.48, 1.63, 29.18, -16.57
0.23, -0.64, -0.45, -6.78, 32.07, 17.62
0.42, -0.58, -0.41, -15.72, 29.99, 37.87
0.41, -0.56, -0.31, -33.46, 17.32, 49.57
0.27, -0.60, -0.30, -45.65, 5.78, 54.06
0.10, -0.62, -0.36, -54.46, -12.49, 59.01
-0.05, -0.66, -0.46, -50.49, -19.80, 57.19
-0.27, -0.72, -0.65, -31.11, -28.94, 31.80
-0.62, -0.80, -0.72, -24.60, -54.04, -0.58
-0.99, -0.86, -0.75, -6.49, -42.85, -23.11
-0.98, -0.85, -0.77, 12.92, 2.18, -40.49
-0.73, -0.81, -0.66, 15.19, 24.20, -51.39
-0.48, -0.81, -0.57, 14.25, 28.56, -51.61
-0.22, -0.78, -0.55, 11.23, 33.09, -35.86
0.12, -0.67, -0.50, 2.31, 42.80, -4.99
0.31, -0.57, -0.43, -2.72, 24.01, 11.86
0.33, -0.55, -0.40, -19.04, 13.79, 30.64
0.29, -0.61, -0.40, -30.82, 9.89, 41.34
0.16, -0.64, -0.42, -41.33, 0.04, 43.21
-0.00, -0.64, -0.46, -45.64, -1.08, 48.15
-0.13, -0.69, -0.56, -34.39, -12.72, 39.94
-0.36, -0.80, -0.67, -21.41, -23.15, 16.03
-0.72, -0.89, -0.75, -11.56, -40.58, -14.85
-0.94, -0.86, -0.77, 6.72, -21.98, -35.53
-0.83, -0.78, -0.71, 21.24, 8.18, -47.49
-0.62, -0.77, -0.61, 20.50, 14.01, -58.90
-0.40, -0.78, -0.53, 14.39, 21.58, -48.05
-0.09, -0.69, -0.47, 6.03, 45.28, -19.31
0.23, -0.61, -0.43, 4.45, 22.78, -6.81
0.27, -0.57, -0.41, -6.96, 11.90, 10.75
0.32, -0.62, -0.38, -24.55, 23.22, 42.56
0.34, -0.66, -0.36, -35.23, 17.02, 48.05
0.17, -0.64, -0.35, -47.59, 8.30, 51.50
-0.00, -0.66, -0.43, -51.39, 1.08, 55.15
-0.15, -0.72, -0.57, -41.36, -13.97, 43.07
-0.46, -0.80, -0.70, -27.03, -39.03, 13.43
-0.82, -0.85, -0.73, -13.74, -58.71, -19.56
-1.01, -0.84, -0.75, 8.50, -22.63, -36.88
-0.87, -0.79, -0.71, 20.15, 10.85, -51.05
-0.64, -0.78, -0.59, 23.12, 18.17, -62.26
-0.38, -0.79, -0.52, 16.55, 24.67, -45.74
-0.00, -0.72, -0.50, 9.88, 26.97, -24.31
0.24, -0.62, -0.46, 7.29, 19.59, -0.79
0.32, -0.56, -0.41, -3.66, 15.34, 17.09
0.32, -0.58, -0.34, -21.10, 20.00, 37.56
0.26, -0.64, -0.31, -31.94, 15.59, 42.50
0.13, -0.67, -0.37, -43.38, 5.92, 47.49
-0.07, -0.71, -0.45, -49.46, -7.95, 45.79
-0.25, -0.75, -0.56, -37.63, -27.58, 32.77
-0.52, -0.80, -0.66, -21.45, -46.73, 4.49
-0.83, -0.85, -0.70, -7.65, -59.53, -30.57
-0.99, -0.86, -0.69, 6.42, -23.19, -44.46
-0.83, -0.82, -0.61, 13.79, 8.01, -58.00
-0.56, -0.79, -0.55, 14.98, 13.32, -61.61
-0.25, -0.77, -0.53, 9.97, 30.29, -38.62
0.13, -0.69, -0.48, 3.01, 30.87, -14.39
0.29, -0.62, -0.41, 1.39, 9.42, -2.13
0.29, -0.62, -0.38, -11.33, 5.79, 18.17
0.30, -0.66, -0.36, -28.70, 14.01, 39.70
0.25, -0.66, -0.36, -38.88, 11.10, 42.77
0.09, -0.66, -0.38, -50.04, 9.28, 47.28
-0.06, -0.69, -0.43, -56.62, 5.18, 49.02
-0.17, -0.75, -0.52, -48.66, -15.08, 38.70
-0.40, -0.80, -0.63, -34.77, -38.52, 16.32
-0.71, -0.86, -0.73, -17.74, -50.69, -13.14
-0.93, -0.85, -0.76, 3.87, -35.53, -39.11
-0.91, -0.82, -0.69, 13.17, 8.62, -51.06
-0.70, -0.80, -0.59, 15.22, 25.20, -62.34
-0.39, -0.77, -0.54, 15.00, 26.16, -55.15
-0.07, -0.73, -0.51, 3.29, 39.24, -23.32
0.28, -0.65, -0.41, -7.52, 35.47, 3.93
0.41, -0.58, -0.32, -18.59, 14.64, 17.69
0.39, -0.59, -0.28, -37.82, 2.06, 34.99
0.31, -0.65, -0.34, -48.85, -7.00, 42.90
0.09, -0.65, -0.40, -60.92, -10.39, 45.62
-0.11, -0.64, -0.46, -62.33, -6.77, 46.64
-0.28, -0.66, -0.55, -50.22, -20.06, 33.27
-0.47, -0.77, -0.65, -36.04, -42.29, 11.90
-0.71, -0.86, -0.74, -20.60, -44.17, -11.78
-0.87, -0.84, -0.76, -1.90, -26.28, -34.48
-0.82, -0.78, -0.70, 14.53, 9.08, -41.72
-0.62, -0.78, -0.63, 17.95, 24.85, -51.58
-0.38, -0.80, -0.57, 14.02, 27.14, -46.60
-0.13, -0.76, -0.50, 2.85, 24.82, -26.49
0.14, -0.69, -0.45, -3.42, 19.89, -5.36
0.26, -0.63, -0.43, -10.04, 10.95, 11.05
0.29, -0.61, -0.38, -23.73, 9.11, 27.75
0.27, -0.64, -0.35, -39.35, 7.09, 37.01
0.16, -0.67, -0.39, -52.03, -2.85, 41.66
-0.02, -0.65, -0.47, -55.18, -10.38, 44.36
-0.17, -0.68, -0.57, -44.77, -24.31, 34.42
-0.42, -0.75, -0.65, -29.93, -37.18, 13.25
-0.70, -0.86, -0.70, -20.60, -39.20, -16.35
-0.90, -0.87, -0.69, -9.43, -21.37, -38.59
-0.81, -0.78, -0.65, 0.22, 13.25, -44.93
-0.55, -0.73, -0.62, 5.00, 23.57, -51.69
-0.33, -0.73, -0.55, 1.21, 28.12, -41.51
-0.06, -0.71, -0.46, -8.80, 30.12, -18.08
0.20, -0.65, -0.40, -14.35, 20.42, 5.63
0.32, -0.58, -0.42, -19.75, 5.97, 21.79
0.29, -0.58, -0.40, -33.03, -2.00, 34.57
0.17, -0.62, -0.43, -40.29, -5.66, 40.06
-0.02, -0.63, -0.49, -48.02, -7.11, 42.09
-0.18, -0.65, -0.52, -46.02, -19.15, 31.05
-0.38, -0.76, -0.61, -33.52, -40.42, 14.40
-0.63, -0.83, -0.72, -21.55, -52.43, -17.12
-0.90, -0.84, -0.76, -1.51, -51.17, -43.58
-0.89, -0.83, -0.70, 12.46, -17.17, -57.17
-0.71, -0.85, -0.64, 15.62, 2.23, -64.00
-0.55, -0.88, -0.60, 14.43, 14.35, -64.00
-0.20, -0.80, -0.51, 6.25, 35.12, -48.57
0.13, -0.66, -0.46, 5.21, 29.58, -26.93
0.27, -0.60, -0.46, -1.61, 18.27, -11.22
0.33, -0.57, -0.41, -10.98, 15.71, 10.87
0.40, -0.56, -0.38, -28.49, 15.03, 32.66
0.35, -0.58, -0.40, -43.83, 18.81, 44.89
0.17, -0.59, -0.44, -52.96, 21.71, 47.05
-0.04, -0.58, -0.46, -57.93, 13.45, 46.22
-0.24, -0.67, -0.49, -52.71, -22.29, 33.46
-0.41, -0.85, -0.64, -31.85, -58.41, 13.16
-0.69, -0.89, -0.79, -10.78, -64.00, -18.23
-1.00, -0.82, -0.78, 10.62, -49.12, -45.62
-0.95, -0.78, -0.64, 19.50, 1.68, -55.33
-0.68, -0.82, -0.55, 17.25, 23.64, -64.00
-0.41, -0.85, -0.52, 11.75, 32.55, -56.00
-0.05, -0.78, -0.47, 1.56, 36.29, -31.46
0.26, -0.68, -0.43, -6.67, 24.45, -5.41
0.38, -0.59, -0.44, -10.71, 1.26, 4.80
0.37, -0.54, -0.43, -24.22, -1.23, 26.72
0.34, -0.55, -0.40, -41.46, 9.71, 42.44
0.22, -0.58, -0.42, -50.96, 11.99, 41.86
-0.01, -0.60, -0.46, -56.72, 10.12, 43.24
-0.19, -0.67, -0.51, -50.58, -11.44, 36.15
-0.37, -0.82, -0.62, -29.19, -51.63, 14.60
-0.61, -0.94, -0.79, -4.74, -64.00, -13.62
-0.93, -0.96, -0.80, 10.02, -61.59, -46.09
-1.01, -0.85, -0.69, 11.42, -1.81, -57.97
-0.75, -0.78, -0.61, 15.38, 28.77, -64.00
-0.43, -0.71, -0.57, 9.71, 48.07, -61.36
-0.03, -0.66, -0.51, -5.47, 57.94, -26.73
0.29, -0.59, -0.47, -11.85, 44.86, 1.81
0.43, -0.53, -0.46, -19.28, 23.55, 11.89
0.50, -0.52, -0.40, -34.54, 16.09, 37.33
0.41, -0.57, -0.38, -41.58, 7.55, 45.91
0.18, -0.65, -0.40, -50.52, 1.14, 48.53
-0.10, -0.73, -0.44, -56.84, 1.38, 51.54
-0.31, -0.79, -0.48, -52.12, -21.70, 36.29
-0.48, -0.83, -0.61, -34.74, -47.89, 14.79
-0.71, -0.81, -0.78, -7.95, -53.42, -17.04
-0.96, -0.77, -0.81, 11.94, -39.68, -46.14
-0.94, -0.76, -0.69, 16.21, 13.96, -48.37
-0.65, -0.76, -0.58, 19.76, 33.92, -58.18
-0.31, -0.72, -0.55, 15.99, 36.09, -50.15
-0.03, -0.69, -0.52, 2.90, 44.10, -20.13
0.29, -0.64, -0.44, -8.95, 45.70, 10.47
0.50, -0.58, -0.41, -20.46, 30.54, 29.22
0.55, -0.58, -0.39, -36.78, 16.83, 44.47
0.44, -0.62, -0.39, -46.10, 0.66, 51.80
0.18, -0.68, -0.43, -59.15, -7.92, 58.02
-0.06, -0.73, -0.51, -55.76, -18.82, 53.52
-0.32, -0.77, -0.61, -39.91, -43.09, 30.92
-0.61, -0.81, -0.73, -20.58, -56.43, 1.81
-0.92, -0.80, -0.82, 0.98, -49.77, -32.29
-1.05, -0.78, -0.77, 14.84, -0.42, -45.76
-0.85, -0.76, -0.65, 15.78, 36.27, -50.80
-0.51, -0.75, -0.56, 15.41, 39.26, -55.45
-0.20, -0.72, -0.55, 11.51, 27.23, -45.70
0.09, -0.68, -0.52, -0.67, 35.48, -9.32
0.32, -0.62, -0.46, -7.27, 24.35, 8.72
0.37, -0.56, -0.41, -18.09, 3.85, 22.05
0.37, -0.58, -0.39, -30.78, 11.57, 44.18
0.33, -0.61, -0.39, -42.31, 4.65, 51.95
0.16, -0.64, -0.40, -52.89, -2.36, 56.26
-0.04, -0.71, -0.43, -57.96, -6.74, 58.68
-0.18, -0.77, -0.53, -47.54, -12.05, 42.90
-0.45, -0.81, -0.67, -37.98, -35.23, 17.24
-0.81, -0.78, -0.78, -17.90, -49.19, -15.08
-1.00, -0.73, -0.84, 14.23, -27.83, -37.68
-0.89, -0.73, -0.75, 24.24, 12.27, -46.28
-0.63, -0.79, -0.66, 25.29, 29.52, -57.33
-0.37, -0.80, -0.60, 20.88, 39.83, -48.97
-0.03, -0.74, -0.54, 10.21, 55.39, -25.27
0.24, -0.63, -0.47, 2.85, 41.24, -6.64
0.33, -0.62, -0.42, -9.20, 20.62, 4.88
0.34, -0.64, -0.40, -22.09, 8.53, 25.23
0.32, -0.68, -0.41, -34.28, 11.05, 37.06
0.21, -0.69, -0.42, -44.90, 5.01, 40.28
0.00, -0.67, -0.44, -51.26, 6.94, 41.35
-0.14, -0.65, -0.48, -50.29, 3.47, 42.70
-0.27, -0.69, -0.54, -39.49, -23.09, 30.21
-0.46, -0.75, -0.67, -22.85, -50.45, 8.56
-0.71, -0.78, -0.82, -5.38, -57.36, -18.52
-0.93, -0.72, -0.81, 14.53, -23.98, -37.23
-0.85, -0.68, -0.65, 21.80, 18.94, -46.19
-0.56, -0.71, -0.58, 19.66, 28.56, -50.88
-0.27, -0.73, -0.56, 16.87, 35.18, -34.92
0.07, -0.68, -0.52, 7.38, 44.70, -9.55
0.29, -0.63, -0.44, -1.20, 27.84, 7.56
0.36, -0.64, -0.39, -18.75, 12.50, 24.65
0.37, -0.71, -0.39, -32.40, 14.38, 46.71
0.31, -0.71, -0.40, -40.76, 5.65, 48.80
0.09, -0.67, -0.41, -51.77, -3.07, 54.14
-0.07, -0.67, -0.47, -51.89, -13.26, 51.15
-0.27, -0.70, -0.61, -34.37, -27.11, 36.10
-0.54, -0.74, -0.73, -22.69, -47.49, 4.21
-0.92, -0.78, -0.78, -8.43, -46.94, -24.58
-1.00, -0.76, -0.79, 12.38, -7.18, -36.93
-0.75, -0.72, -0.69, 22.78, 18.77, -47.94
-0.48, -0.76, -0.63, 22.65, 21.62, -50.65
-0.18, -0.79, -0.58, 17.57, 36.15, -33.42
0.11, -0.72, -0.51, 11.65, 34.77, -12.51
0.27, -0.65, -0.43, -1.08, 23.77, 2.51
0.33, -0.64, -0.39, -12.50, 16.11, 25.61
0.36, -0.70, -0.38, -31.24, 18.83, 41.36
0.26, -0.73, -0.37, -43.66, 11.40, 44.87
0.06, -0.69, -0.39, -52.88, 4.17, 49.55
-0.10, -0.67, -0.46, -52.17, -9.66, 45.14
-0.27, -0.70, -0.59, -39.12, -22.30, 30.33
-0.53, -0.75, -0.72, -24.11, -44.25, -1.35
-0.90, -0.74, -0.78, -9.03, -50.63, -27.88
-0.97, -0.69, -0.76, 13.04, -3.58, -33.91
-0.68, -0.68, -0.67, 22.94, 15.11, -43.50
-0.44, -0.73, -0.60, 20.56, 20.41, -44.55
-0.19, -0.76, -0.55, 15.63, 25.68, -30.63
0.11, -0.70, -0.49, 6.61, 37.89, -6.09
0.30, -0.65, -0.42, -1.23, 25.83, 8.33
0.34, -0.68, -0.38, -22.59, 18.77, 30.40
0.32, -0.74, -0.36, -34.67, 16.38, 41.25
0.22, -0.74, -0.37, -49.97, 1.35, 45.52
0.06, -0.70, -0.43, -55.27, -8.13, 48.86
-0.12, -0.69, -0.56, -44.73, -24.11, 37.51
-0.39, -0.73, -0.68, -32.60, -39.12, 10.41
-0.79, -0.75, -0.76, -18.60, -47.39, -18.04
-1.02, -0.74, -0.79, 4.17, -23.00, -35.88
-0.87, -0.69, -0.74, 18.94, 10.76, -43.24
-0.61, -0.71, -0.64, 23.49, 11.90, -55.61
-0.36, -0.76, -0.57, 21.40, 18.27, -43.97
-0.04, -0.73, -0.51, 12.83, 28.59, -19.13
0.23, -0.64, -0.44, 6.00, 20.67, -4.95
0.29, -0.61, -0.41, 3.18, -3.03, 3.74
0.24, -0.68, -0.41, -20.59, 11.56, 28.05
0.25, -0.75, -0.40, -33.72, 24.86, 41.81
0.15, -0.71, -0.37, -45.35, 19.26, 41.52
-0.00, -0.69, -0.40, -52.16, 7.01, 43.77
-0.14, -0.71, -0.53, -45.04, -17.88, 34.37
-0.39, -0.74, -0.68, -29.92, -47.96, 6.72
-0.78, -0.77, -0.77, -9.29, -64.00, -24.91
-1.00, -0.77, -0.76, 9.29, -28.99, -42.17
-0.88, -0.75, -0.66, 18.04, 5.11, -54.22
-0.60, -0.75, -0.59, 21.85, 16.56, -58.89
-0.29, -0.74, -0.56, 19.42, 31.39, -40.81
0.09, -0.69, -0.49, 14.00, 29.20, -20.81
0.26, -0.65, -0.44, 8.32, 17.69, -3.77
0.30, -0.65, -0.40, -1.98, 6.74, 7.82
0.32, -0.69, -0.36, -24.70, 12.88, 33.08
0.32, -0.73, -0.34, -41.08, 13.68, 42.33
0.21, -0.71, -0.36, -51.00, 7.22, 45.38
0.01, -0.69, -0.41, -57.34, -1.30, 45.59
-0.19, -0.73, -0.51, -51.35, -16.66, 34.11
-0.46, -0.78, -0.64, -37.78, -40.56, 11.45
-0.76, -0.78, -0.73, -14.30, -57.38, -20.76
-0.97, -0.78, -0.76, 7.21, -33.97, -42.54
-0.91, -0.76, -0.68, 14.85, 6.38, -51.19
-0.61, -0.74, -0.60, 18.61, 17.87, -55.99
-0.29, -0.72, -0.56, 15.89, 20.09, -41.35
0.08, -0.68, -0.51, 6.79, 30.62, -11.71
0.37, -0.63, -0.43, -1.98, 17.35, 5.00
0.37, -0.63, -0.37, -18.02, 5.12, 21.24
0.35, -0.71, -0.35, -39.94, 12.13, 39.93
0.29, -0.73, -0.39, -49.02, 4.53, 44.36
0.07, -0.70, -0.41, -58.53, -4.05, 45.91
-0.12, -0.73, -0.47, -58.90, -8.74, 41.26
-0.33, -0.78, -0.60, -49.57, -27.23, 21.79
-0.60, -0.79, -0.68, -34.40, -40.43, -5.03
-0.85, -0.77, -0.71, -17.94, -35.49, -28.71
-0.88, -0.72, -0.70, -0.87, -1.03, -38.00
-0.62, -0.70, -0.63, 4.09, 20.76, -42.08
-0.39, -0.72, -0.59, 4.01, 17.16, -40.54
-0.16, -0.71, -0.55, 0.67, 13.30, -24.22
0.07, -0.66, -0.49, -5.28, 11.96, -2.14
0.23, -0.63, -0.43, -13.67, 1.93, 12.51
0.26, -0.64, -0.41, -27.43, -4.76, 26.30
0.20, -0.68, -0.41, -36.54, -7.92, 33.53
0.05, -0.69, -0.45, -42.83, -8.45, 36.60
-0.13, -0.71, -0.51, -47.25, -11.16, 33.48
-0.31, -0.73, -0.58, -37.38, -30.69, 15.48
-0.54, -0.78, -0.66, -24.53, -41.36, -5.74
-0.74, -0.82, -0.69, -15.50, -33.58, -34.48
-0.79, -0.82, -0.66, -8.75, -2.29, -39.70
-0.62, -0.76, -0.65, -0.49, 21.14, -47.91
-0.41, -0.71, -0.63, 3.36, 29.28, -43.97
-0.20, -0.69, -0.55, -2.47, 32.59, -27.10
0.05, -0.67, -0.49, -5.35, 21.54, -11.62
0.21, -0.63, -0.48, -7.43, 5.34, 4.52
0.25, -0.61, -0.46, -19.67, -1.74, 21.05
0.21, -0.65, -0.41, -29.89, 0.20, 31.12
0.08, -0.68, -0.43, -37.38, 3.88, 34.17
-0.07, -0.68, -0.46, -46.74, 5.47, 35.62
-0.19, -0.70, -0.51, -46.78, 1.21, 31.99
-0.36, -0.73, -0.60, -33.62, -37.97, 10.02
-0.59, -0.78, -0.71, -14.73, -56.45, -16.12
-0.81, -0.83, -0.77, 0.23, -32.34, -37.36
-0.79, -0.80, -0.69, 5.91, 7.98, -46.46
-0.57, -0.74, -0.62, 11.86, 30.18, -51.74
-0.31, -0.73, -0.53, 5.39, 40.40, -38.92
-0.01, -0.71, -0.50, -3.57, 32.95, -22.36
0.18, -0.67, -0.45, -9.24, 16.76, -3.60
0.26, -0.62, -0.43, -15.13, 2.69, 9.94
0.27, -0.62, -0.39, -31.49, -2.10, 25.15
0.18, -0.67, -0.40, -44.67, -0.62, 32.50
0.02, -0.67, -0.45, -51.45, 2.07, 34.79
-0.14, -0.64, -0.48, -54.83, 2.98, 33.43
-0.24, -0.70, -0.54, -48.12, -27.87, 18.63
-0.40, -0.80, -0.68, -30.85, -50.78, 1.82
-0.62, -0.82, -0.82, -11.29, -49.02, -26.17
-0.82, -0.75, -0.77, 2.59, -18.71, -41.67
-0.74, -0.73, -0.69, 9.65, 19.51, -50.83
-0.49, -0.77, -0.64, 11.73, 25.08, -55.10
-0.27, -0.78, -0.58, 3.32, 30.91, -41.90
-0.02, -0.72, -0.53, 0.75, 21.22, -29.78
0.12, -0.63, -0.49, -1.98, 4.42, -19.07
0.16, -0.59, -0.47, -7.84, -7.45, -8.57
0.16, -0.60, -0.45, -18.67, -9.73, 7.00
0.17, -0.63, -0.44, -36.02, -0.92, 23.93
0.15, -0.65, -0.47, -37.81, 10.03, 38.57
0.04, -0.60, -0.48, -41.25, 17.68, 40.75
-0.12, -0.61, -0.45, -46.02, 12.27, 40.79
-0.20, -0.72, -0.49, -43.25, -5.49, 34.38
-0.32, -0.80, -0.65, -27.88, -26.21, 19.32
-0.54, -0.75, -0.76, -11.96, -39.50, -8.91
-0.79, -0.72, -0.77, 4.91, -34.74, -29.89
-0.77, -0.77, -0.73, 19.29, -2.42, -36.63
-0.56, -0.82, -0.68, 20.98, 9.34, -49.26
-0.40, -0.84, -0.61, 17.21, 16.26, -49.08
-0.18, -0.81, -0.54, 9.80, 18.03, -39.78
0.05, -0.74, -0.51, 6.03, 9.09, -27.39
0.18, -0.66, -0.54, 2.71, -0.00, -16.01
0.20, -0.61, -0.51, -5.65, -0.97, -5.09
0.19, -0.61, -0.44, -20.24, 8.67, 12.77
0.23, -0.63, -0.41, -37.14, 25.75, 32.00
0.20, -0.66, -0.42, -46.95, 29.73, 40.64
0.08, -0.63, -0.44, -52.15, 25.63, 45.75
-0.06, -0.64, -0.49, -52.81, 8.94, 45.21
-0.22, -0.71, -0.55, -43.65, -26.54, 30.52
-0.46, -0.79, -0.66, -25.76, -62.53, 6.71
-0.68, -0.83, -0.77, -7.09, -64.00, -22.06
-0.89, -0.81, -0.78, 6.95, -38.75, -44.11
-0.85, -0.75, -0.67, 8.56, 6.20, -52.95
-0.62, -0.75, -0.61, 11.58, 18.80, -60.71
-0.34, -0.76, -0.62, 15.03, 22.05, -56.36
-0.08, -0.72, -0.59, 7.68, 30.82, -33.33
0.19, -0.68, -0.47, -0.12, 22.44, -13.84
0.35, -0.63, -0.44, -5.92, 15.67, 7.17
0.43, -0.59, -0.43, -20.47, 18.17, 30.31
0.39, -0.61, -0.38, -36.24, 17.07, 41.79
0.22, -0.64, -0.39, -44.65, 16.58, 49.33
0.05, -0.63, -0.44, -53.45, 18.73, 54.66
-0.12, -0.65, -0.48, -52.34, 2.19, 48.42
-0.30, -0.73, -0.57, -40.81, -20.67, 31.64
-0.51, -0.81, -0.67, -26.58, -42.50, 10.43
-0.72, -0.80, -0.77, -9.16, -46.13, -15.69
-0.86, -0.76, -0.79, 11.05, -19.76, -32.70
-0.75, -0.72, -0.69, 16.70, 15.54, -39.27
-0.48, -0.73, -0.60, 15.12, 25.51, -44.53
-0.23, -0.72, -0.59, 13.65, 31.08, -34.76
0.02, -0.71, -0.56, 4.77, 33.35, -17.54
0.22, -0.67, -0.47, -6.65, 26.53, 6.82
0.39, -0.65, -0.42, -18.17, 21.56, 28.90
0.44, -0.67, -0.40, -32.16, 18.20, 43.42
0.31, -0.68, -0.39, -44.04, 10.36, 47.36
0.08, -0.66, -0.42, -54.78, 9.34, 55.03
-0.09, -0.67, -0.47, -57.25, 2.57, 54.56
-0.24, -0.70, -0.58, -44.38, -19.91, 38.74
-0.47, -0.73, -0.69, -29.82, -40.67, 15.33
-0.75, -0.75, -0.78, -10.97, -42.87, -11.23
-0.92, -0.75, -0.81, 6.35, -17.08, -31.10
-0.79, -0.72, -0.72, 16.46, 18.15, -39.31
-0.57, -0.72, -0.64, 16.24, 28.26, -45.54
-0.27, -0.73, -0.60, 17.05, 31.97, -39.49
-0.04, -0.71, -0.57, 10.41, 21.83, -24.49
0.18, -0.68, -0.50, 0.18, 29.22, 1.38
0.36, -0.65, -0.43, -10.16, 23.39, 20.90
0.39, -0.64, -0.36, -30.39, 14.33, 34.93
0.30, -0.69, -0.36, -40.85, 11.01, 44.45
0.14, -0.68, -0.43, -49.79, 2.37, 49.73
-0.05, -0.66, -0.47, -56.15, -8.48, 50.33
-0.19, -0.69, -0.52, -47.40, -24.73, 41.25
-0.36, -0.72, -0.70, -31.82, -35.04, 18.09
-0.70, -0.76, -0.77, -21.71, -45.01, -8.94
-0.94, -0.73, -0.82, 0.54, -20.69, -31.09
-0.87, -0.68, -0.78, 15.76, 9.22, -39.71
-0.64, -0.70, -0.68, 20.83, 13.12, -51.70
-0.38, -0.76, -0.64, 18.34, 18.73, -44.28
-0.03, -0.74, -0.58, 15.56, 31.81, -23.13
0.22, -0.66, -0.50, 5.98, 26.66, -8.46
0.30, -0.61, -0.42, -1.27, 11.14, 3.13
0.30, -0.64, -0.41, -19.28, 14.58, 25.00
0.29, -0.73, -0.41, -33.03, 17.67, 35.04
0.16, -0.73, -0.41, -42.95, 10.39, 37.57
-0.02, -0.68, -0.45, -52.81, 5.00, 40.91
-0.11, -0.66, -0.52, -46.59, -10.87, 38.23
-0.27, -0.68, -0.63, -31.50, -34.62, 18.48
-0.57, -0.75, -0.75, -19.62, -36.36, -7.59
-0.88, -0.78, -0.77, -10.66, -27.03, -30.77
-0.86, -0.70, -0.72, 3.81, 10.35, -31.85
-0.55, -0.63, -0.66, 16.61, 10.08, -42.48
-0.34, -0.68, -0.62, 16.80, 12.47, -38.16
-0.14, -0.72, -0.57, 12.37, 18.20, -25.38
0.05, -0.68, -0.50, 3.92, 22.16, -9.22
0.22, -0.64, -0.43, -5.61, 17.46, 8.08
0.31, -0.66, -0.40, -22.15, 14.56, 27.30
0.29, -0.70, -0.39, -29.04, 8.47, 34.72
0.15, -0.72, -0.43, -41.72, 2.31, 37.43
-0.02, -0.73, -0.47, -52.14, -0.36, 42.70
-0.11, -0.71, -0.54, -45.32, -12.81, 37.05
-0.26, -0.72, -0.64, -31.78, -25.05, 18.94
-0.58, -0.77, -0.75, -22.93, -32.65, -9.93
-0.89, -0.77, -0.78, -9.34, -26.89, -31.45
-0.83, -0.70, -0.75, 7.92, 11.59, -32.83
-0.55, -0.70, -0.68, 16.05, 5.25, -47.07
-0.35, -0.75, -0.62, 15.92, 6.17, -44.59
-0.14, -0.74, -0.58, 13.34, 8.35, -30.55
0.07, -0.66, -0.51, 7.96, 13.39, -14.19
0.19, -0.61, -0.45, 4.83, 3.78, -3.00
0.20, -0.62, -0.42, -8.98, 1.79, 14.94
0.21, -0.69, -0.41, -23.75, 18.91, 33.94
0.19, -0.70, -0.39, -33.14, 11.83, 36.33
0.06, -0.67, -0.43, -43.23, 3.63, 42.47
-0.03, -0.68, -0.47, -44.39, -5.44, 46.88
-0.12, -0.70, -0.59, -33.79, -12.81, 36.63
-0.38, -0.76, -0.65, -30.12, -20.00, 13.44
-0.74, -0.80, -0.68, -23.49, -33.52, -16.39
-0.94, -0.75, -0.76, -1.89, -16.69, -29.76
-0.77, -0.66, -0.75, 15.39, -1.04, -40.86
-0.53, -0.68, -0.66, 23.98, -3.24, -52.45
-0.38, -0.76, -0.62, 22.57, 2.43, -44.84
-0.11, -0.76, -0.58, 15.58, 22.01, -20.37
0.21, -0.68, -0.49, 13.38, 23.68, -9.73
0.28, -0.63, -0.46, 7.98, 8.96, 1.25
0.27, -0.68, -0.45, -12.49, 26.07, 26.96
0.29, -0.74, -0.41, -26.94, 30.80, 35.73
0.15, -0.74, -0.38, -39.95, 19.70, 36.08
0.00, -0.72, -0.43, -45.48, 7.86, 40.15
-0.11, -0.72, -0.51, -43.79, -5.04, 35.62
-0.28, -0.75, -0.59, -35.00, -20.50, 18.61
-0.56, -0.77, -0.66, -23.57, -34.24, -9.24
-0.84, -0.77, -0.71, -8.00, -33.50, -31.72
-0.86, -0.73, -0.70, 4.71, -5.64, -41.37
-0.64, -0.70, -0.63, 15.81, 2.94, -50.83
-0.42, -0.72, -0.58, 17.51, 3.17, -46.46
-0.13, -0.73, -0.54, 12.88, 13.05, -30.40
0.11, -0.68, -0.48, 10.77, 8.14, -18.35
0.19, -0.64, -0.44, 5.87, -3.73, -9.56
0.19, -0.66, -0.43, -4.37, 3.14, 13.95
0.23, -0.68, -0.40, -18.93, 16.73, 31.58
0.25, -0.68, -0.38, -26.48, 23.17, 42.28
0.18, -0.66, -0.42, -33.77, 18.88, 48.10
0.00, -0.68, -0.46, -42.52, 10.71, 49.63
-0.13, -0.73, -0.50, -39.84, -1.85, 43.82
-0.36, -0.79, -0.60, -34.10, -23.18, 20.28
-0.66, -0.84, -0.64, -27.61, -46.99, -10.49
-0.91, -0.83, -0.74, -5.29, -39.51, -38.15
-0.89, -0.77, -0.74, 7.38, -4.29, -46.26
-0.66, -0.74, -0.64, 16.44, 9.32, -56.90
-0.41, -0.75, -0.60, 21.56, 13.77, -51.17
-0.09, -0.74, -0.59, 17.97, 19.63, -31.58
0.18, -0.69, -0.47, 14.66, 19.95, -14.27
0.30, -0.65, -0.42, 5.59, 5.00, -3.94
0.28, -0.66, -0.39, -12.39, 12.02, 18.66
0.28, -0.68, -0.35, -31.32, 18.33, 31.35
0.19, -0.70, -0.36, -40.53, 15.12, 34.07
0.01, -0.70, -0.40, -54.90, 13.78, 39.45
-0.09, -0.71, -0.44, -57.67, 6.14, 40.42
-0.19, -0.73, -0.51, -51.42, -6.59, 30.38
-0.38, -0.76, -0.60, -38.47, -31.29, 7.71
-0.67, -0.83, -0.66, -28.41, -43.21, -15.73
-0.85, -0.82, -0.74, -8.09, -26.85, -35.77
-0.78, -0.73, -0.73, 7.20, 5.14, -44.08
-0.57, -0.70, -0.65, 17.38, 17.88, -51.50
-0.31, -0.72, -0.62, 20.41, 20.28, -43.93
-0.04, -0.72, -0.59, 17.86, 23.24, -26.39
0.20, -0.70, -0.51, 9.69, 27.79, -6.10
0.34, -0.67, -0.40, -6.38, 20.79, 13.51
0.38, -0.68, -0.32, -28.86, 17.59, 29.75
0.33, -0.72, -0.32, -41.43, 11.23, 39.18
0.18, -0.72, -0.37, -53.20, 6.98, 44.39
-0.01, -0.70, -0.41, -64.00, 8.39, 46.79
-0.17, -0.72, -0.43, -64.00, -8.96, 39.10
-0.29, -0.76, -0.56, -53.20, -21.99, 29.08
-0.47, -0.79, -0.68, -42.52, -31.20, 2.22
-0.77, -0.77, -0.71, -26.35, -31.37, -20.96
-0.85, -0.73, -0.76, -5.87, -2.55, -29.77
-0.61, -0.70, -0.72, 1.27, 28.67, -32.26
-0.35, -0.71, -0.62, 1.82, 27.06, -34.59
-0.13, -0.71, -0.55, -0.91, 25.69, -21.00
0.08, -0.70, -0.51, -7.33, 19.09, -4.70
0.22, -0.67, -0.48, -14.17, 6.50, 9.93
0.24, -0.66, -0.46, -24.95, 1.23, 23.33
0.19, -0.69, -0.45, -34.74, -4.22, 29.04
0.06, -0.70, -0.45, -42.58, -5.53, 31.08
-0.10, -0.72, -0.49, -46.87, -9.21, 25.69
-0.26, -0.75, -0.60, -43.40, -6.78, 18.22
-0.45, -0.74, -0.69, -34.71, -9.64, -0.03
-0.64, -0.71, -0.72, -20.11, -19.14, -23.18
-0.70, -0.72, -0.73, -6.86, -6.25, -28.80
-0.55, -0.78, -0.68, -3.84, 5.64, -41.32
-0.43, -0.75, -0.64, 0.99, 9.11, -47.06
-0.30, -0.71, -0.60, 1.77, 23.51, -39.53
-0.09, -0.69, -0.54, -1.09, 23.73, -25.16
0.12, -0.67, -0.50, -2.59, 13.57, -12.96
0.20, -0.65, -0.51, -9.82, 3.02, 1.55
0.22, -0.65, -0.46, -20.59, -0.74, 19.24
0.23, -0.68, -0.45, -29.02, -0.23, 28.69
0.13, -0.69, -0.49, -38.36, 3.58, 31.78
-0.02, -0.67, -0.50, -45.69, 8.12, 34.43
-0.14, -0.67, -0.53, -45.71, -4.04, 27.31
-0.28, -0.73, -0.61, -36.83, -23.60, 11.28
-0.48, -0.81, -0.72, -22.90, -29.07, -9.38
-0.71, -0.81, -0.77, -9.77, -26.00, -34.73
-0.75, -0.74, -0.73, 0.00, 6.42, -39.17
-0.52, -0.73, -0.68, 11.18, 18.51, -49.03
-0.33, -0.76, -0.63, 7.54, 20.91, -47.34
-0.13, -0.76, -0.54, 1.79, 22.63, -35.23
0.09, -0.71, -0.52, -0.33, 9.24, -27.29
0.15, -0.65, -0.50, -7.79, -7.53, -19.22
0.17, -0.63, -0.47, -16.60, -7.03, -4.39
0.23, -0.61, -0.44, -26.55, -2.13, 11.46
0.23, -0.63, -0.44, -40.38, 4.07, 22.16
0.14, -0.65, -0.48, -48.18, 15.30, 31.29
0.03, -0.63, -0.49, -54.66, 17.23, 35.09
-0.02, -0.66, -0.50, -49.77, 0.47, 35.28
-0.08, -0.76, -0.61, -39.22, -23.30, 24.53
-0.33, -0.83, -0.78, -22.77, -42.93, 1.36
-0.67, -0.79, -0.86, -1.28, -44.98, -26.09
-0.84, -0.76, -0.86, 15.98, -13.71, -43.11
-0.73, -0.78, -0.81, 25.26, 11.41, -59.14
-0.53, -0.80, -0.72, 28.71, 25.77, -64.00
-0.30, -0.77, -0.62, 26.24, 37.44, -57.47
0.04, -0.70, -0.55, 25.74, 32.55, -43.88
0.22, -0.63, -0.50, 19.54, 8.32, -34.28
0.22, -0.61, -0.46, 3.91, 1.12, -15.79
0.28, -0.60, -0.38, -10.61, 9.89, 9.63
0.37, -0.58, -0.32, -32.81, 18.48, 27.20
0.34, -0.59, -0.32, -48.80, 23.70, 38.59
0.20, -0.61, -0.38, -58.02, 24.91, 44.23
0.01, -0.62, -0.46, -61.70, 19.79, 44.93
-0.19, -0.66, -0.56, -55.79, -14.96, 34.83
-0.37, -0.76, -0.68, -35.20, -51.25, 16.59
-0.56, -0.80, -0.83, -7.45, -55.29, -9.25
-0.80, -0.79, -0.85, 6.91, -34.71, -36.68
-0.81, -0.77, -0.74, 17.11, 17.03, -41.32
-0.52, -0.74, -0.67, 20.37, 38.15, -46.47
-0.20, -0.75, -0.62, 16.77, 39.89, -38.50
0.08, -0.75, -0.52, 6.98, 36.94, -15.61
0.35, -0.69, -0.47, 0.78, 22.24, 5.31
0.49, -0.62, -0.45, -10.18, 7.27, 25.45
0.50, -0.60, -0.42, -23.57, 5.82, 41.74
0.38, -0.62, -0.41, -34.69, 4.40, 50.99
0.20, -0.64, -0.46, -45.75, 8.26, 59.17
0.00, -0.65, -0.50, -46.13, 7.03, 60.13
-0.11, -0.70, -0.54, -36.46, 3.54, 52.73
-0.32, -0.82, -0.59, -27.73, -11.66, 34.18
-0.57, -0.86, -0.70, -15.41, -13.96, 12.33
-0.79, -0.78, -0.82, 7.60, -19.14, -16.63
-0.85, -0.70, -0.85, 26.32, 7.75, -29.45
-0.65, -0.70, -0.68, 27.08, 24.92, -36.28
-0.40, -0.77, -0.50, 19.30, 31.80, -37.98
-0.13, -0.77, -0.48, 11.71, 33.65, -31.04
0.11, -0.71, -0.48, 1.59, 27.98, -14.66
0.32, -0.68, -0.45, -12.44, 30.77, 8.94
0.45, -0.69, -0.39, -27.50, 18.35, 25.76
0.42, -0.72, -0.36, -45.96, 10.53, 38.67
0.31, -0.75, -0.41, -56.70, 4.88, 46.78
0.12, -0.71, -0.49, -58.48, -3.46, 46.77
-0.08, -0.64, -0.60, -48.22, -22.98, 36.86
-0.30, -0.66, -0.72, -29.89, -36.16, 21.08
-0.59, -0.71, -0.85, -12.78, -42.77, -7.74
-0.89, -0.70, -0.88, 6.85, -28.12, -30.18
-0.85, -0.63, -0.78, 26.29, 3.00, -38.85
-0.59, -0.64, -0.66, 30.29, 6.67, -45.52
-0.23, -0.77, -0.57, 24.64, 24.23, -30.47
0.09, -0.77, -0.50, 13.54, 25.97, -13.74
0.31, -0.67, -0.39, -1.34, 21.86, 7.86
0.42, -0.65, -0.33, -18.33, 14.20, 28.02
0.41, -0.71, -0.33, -35.87, 8.20, 36.20
0.30, -0.74, -0.37, -49.65, -4.93, 41.75
0.14, -0.72, -0.44, -58.28, -15.59, 44.42
0.00, -0.70, -0.57, -51.71, -24.02, 41.50
-0.23, -0.72, -0.70, -35.79, -29.76, 21.86
-0.62, -0.76, -0.79, -24.88, -47.44, -14.76
-0.95, -0.74, -0.85, -1.29, -24.55, -31.34
-0.85, -0.70, -0.81, 22.11, -0.25, -43.92
-0.58, -0.72, -0.70, 29.08, -0.07, -58.33
-0.35, -0.82, -0.62, 26.78, 7.86, -47.69
0.00, -0.81, -0.56, 18.47, 17.51, -29.34
0.24, -0.66, -0.48, 17.91, -2.65, -23.64
0.25, -0.65, -0.45, 9.72, -8.13, -6.57
0.28, -0.71, -0.44, -9.65, 17.58, 18.00
0.35, -0.73, -0.37, -31.49, 29.81, 31.87
0.29, -0.72, -0.30, -49.45, 29.89, 38.55
0.18, -0.72, -0.33, -58.93, 20.38, 46.12
0.08, -0.71, -0.42, -64.00, 10.70, 49.69
-0.08, -0.72, -0.54, -58.54, -5.81, 41.57
-0.34, -0.71, -0.66, -43.18, -34.71, 16.85
-0.69, -0.70, -0.76, -21.08, -51.90, -9.64
-0.92, -0.70, -0.85, 7.20, -39.59, -34.19
-0.88, -0.70, -0.79, 27.01, -4.79, -44.71
-0.64, -0.72, -0.68, 31.86, 7.08, -56.52
-0.36, -0.76, -0.61, 29.71, 15.17, -48.47
0.01, -0.74, -0.56, 25.60, 18.31, -31.56
0.27, -0.69, -0.48, 15.41, 16.17, -14.05
0.36, -0.68, -0.41, 4.80, 8.24, -0.80
0.35, -0.72, -0.38, -17.48, 22.00, 24.91
0.39, -0.78, -0.36, -36.60, 32.46, 40.75
0.36, -0.77, -0.38, -48.19, 27.07, 45.04
0.18, -0.74, -0.42, -57.81, 13.42, 48.27
-0.04, -0.74, -0.51, -56.17, -12.12, 41.98
-0.30, -0.76, -0.66, -40.98, -43.13, 20.04
-0.61, -0.76, -0.79, -19.61, -62.90, -13.25
-0.94, -0.75, -0.83, 7.91, -42.40, -40.88
-0.99, -0.72, -0.76, 19.12, 11.56, -51.68
-0.71, -0.69, -0.65, 27.63, 31.54, -61.46
-0.36, -0.71, -0.56, 27.75, 35.39, -49.99
0.05, -0.72, -0.50, 16.30, 35.72, -24.68
0.38, -0.69, -0.41, 3.78, 18.50, 0.75
0.50, -0.65, -0.34, -10.56, 3.14, 16.03
0.44, -0.67, -0.31, -33.29, 5.61, 34.38
0.36, -0.70, -0.35, -46.80, 7.17, 39.52
0.15, -0.70, -0.40, -62.35, 12.99, 43.37
0.01, -0.67, -0.45, -64.00, 17.50, 48.09
-0.11, -0.69, -0.52, -64.00, -2.50, 39.44
-0.29, -0.74, -0.63, -51.64, -35.36, 20.78
-0.55, -0.77, -0.76, -33.62, -51.08, -2.15
-0.78, -0.77, -0.81, -11.92, -41.75, -29.57
-0.81, -0.76, -0.76, 4.62, -0.50, -38.54
-0.60, -0.75, -0.65, 6.82, 18.10, -50.36
-0.33, -0.74, -0.59, 5.80, 21.37, -47.94
-0.08, -0.73, -0.56, 2.64, 19.65, -30.84
0.21, -0.70, -0.50, -5.57, 25.20, -3.02
0.41, -0.68, -0.40, -15.72, 15.49, 14.30
0.43, -0.69, -0.36, -32.23, 5.29, 24.31
0.29, -0.73, -0.37, -43.34, 1.78, 31.87
0.05, -0.73, -0.44, -52.83, 5.01, 31.31
-0.11, -0.67, -0.56, -54.89, 0.47, 29.74
-0.23, -0.64, -0.65, -42.21, -31.39, 16.27
-0.42, -0.69, -0.75, -20.92, -54.57, -4.39
-0.65, -0.79, -0.81, -3.99, -44.66, -27.11
-0.76, -0.82, -0.76, 7.63, 0.23, -40.84
-0.63, -0.76, -0.69, 16.34, 32.19, -47.02
-0.34, -0.73, -0.63, 19.93, 36.91, -42.10
-0.08, -0.74, -0.57, 13.99, 27.83, -27.00
0.16, -0.73, -0.52, 10.42, 9.38, -8.88
0.31, -0.67, -0.48, 3.30, -0.29, 7.00
0.28, -0.64, -0.39, -16.51, 5.08, 22.12
0.24, -0.66, -0.33, -32.86, 9.42, 28.19
0.12, -0.69, -0.35, -47.43, 13.71, 32.12
0.03, -0.69, -0.41, -58.73, 10.07, 39.75
0.01, -0.67, -0.48, -58.00, 5.58, 41.68
-0.07, -0.70, -0.55, -49.80, -6.86, 29.76
-0.31, -0.79, -0.61, -47.63, -21.12, 10.99
-0.56, -0.82, -0.70, -37.26, -24.69, -8.86
-0.69, -0.75, -0.80, -11.52, -25.86, -30.63
-0.65, -0.71, -0.80, 3.76, 2.96, -36.13
-0.47, -0.75, -0.75, 8.27, 19.69, -46.04
-0.33, -0.76, -0.69, 9.04, 32.03, -46.49
-0.13, -0.73, -0.62, 3.95, 40.34, -33.80
0.09, -0.70, -0.52, -2.89, 31.87, -20.33
0.25, -0.67, -0.53, -5.79, 16.20, -10.28
0.25, -0.64, -0.52, -15.58, -1.96, -1.43
0.15, -0.66, -0.46, -26.35, -3.23, 6.73
0.05, -0.69, -0.50, -29.41, 1.56, 7.34
-0.06, -0.68, -0.58, -26.04, 16.39, 7.73
-0.17, -0.64, -0.61, -23.98, 31.22, 4.56
-0.24, -0.67, -0.59, -22.80, 35.85, 0.29
-0.24, -0.77, -0.59, -17.06, 15.35, -6.73
-0.24, -0.80, -0.64, -7.95, -10.22, -15.75
-0.25, -0.78, -0.69, 3.28, -27.08, -25.60
-0.30, -0.76, -0.70, 10.88, -24.63, -34.64
-0.30, -0.77, -0.63, 11.38, -1.87, -36.53
-0.21, -0.79, -0.55, 5.86, 15.20, -33.08
-0.04, -0.79, -0.49, -1.58, 19.98, -26.49
0.08, -0.75, -0.49, -4.31, 8.83, -21.94
0.14, -0.70, -0.52, -9.36, -1.95, -14.23
0.18, -0.67, -0.50, -14.97, -8.98, -2.85
0.23, -0.67, -0.46, -23.66, -5.51, 11.42
0.29, -0.68, -0.42, -35.60, 3.45, 27.78
0.30, -0.70, -0.43, -46.98, 8.81, 35.97
0.20, -0.69, -0.48, -47.65, 6.57, 41.58
0.02, -0.66, -0.56, -48.73, -10.38, 35.75
-0.22, -0.70, -0.66, -34.66, -47.45, 18.69
-0.47, -0.76, -0.79, -4.50, -62.06, -7.21
-0.68, -0.79, -0.88, 14.31, -41.96, -35.31
-0.75, -0.79, -0.76, 17.86, 0.64, -48.04
-0.56, -0.77, -0.62, 18.05, 31.75, -51.07
-0.21, -0.77, -0.58, 17.15, 32.32, -43.60
0.09, -0.72, -0.51, 7.54, 25.90, -21.05
0.36, -0.69, -0.43, -1.81, 8.30, 1.27
0.46, -0.62, -0.36, -15.88, -13.47, 19.61
0.43, -0.59, -0.35, -32.34, -11.83, 36.55
0.33, -0.59, -0.35, -46.85, -10.57, 44.15
0.14, -0.59, -0.41, -58.64, 0.36, 49.56
0.02, -0.59, -0.48, -64.00, 13.47, 55.18
-0.05, -0.62, -0.52, -61.89, 3.52, 54.30
-0.14, -0.70, -0.63, -49.33, -23.21, 45.74
-0.34, -0.77, -0.83, -28.11, -43.88, 25.12
-0.62, -0.75, -0.97, 1.74, -53.27, -2.12
-0.81, -0.77, -0.93, 22.36, -25.96, -25.85
-0.77, -0.82, -0.79, 29.33, 21.12, -39.62
-0.53, -0.81, -0.67, 26.46, 41.16, -45.46
-0.19, -0.81, -0.58, 22.13, 38.26, -41.36
0.07, -0.82, -0.51, 10.93, 13.32, -27.89
0.31, -0.79, -0.47, -3.36, 9.97, 0.75
0.49, -0.69, -0.44, -9.32, 1.98, 19.25
0.50, -0.61, -0.36, -28.96, -4.68, 31.36
0.38, -0.64, -0.31, -49.63, 7.80, 41.55
0.23, -0.68, -0.35, -61.36, 7.54, 45.40
0.06, -0.63, -0.44, -64.00, 4.40, 49.89
-0.07, -0.61, -0.57, -57.83, -14.54, 43.55
-0.31, -0.64, -0.76, -28.50, -48.23, 21.13
-0.66, -0.72, -0.87, -7.64, -64.00, -11.76
-0.94, -0.78, -0.91, 14.79, -31.91, -30.43
-0.86, -0.76, -0.78, 29.73, 15.46, -43.05
-0.54, -0.74, -0.62, 29.61, 32.60, -50.98
-0.21, -0.79, -0.55, 17.98, 42.68, -36.05
0.16, -0.78, -0.51, 7.82, 33.80, -15.19
0.35, -0.68, -0.43, -1.43, 7.78, -0.78
0.39, -0.64, -0.39, -14.68, -7.26, 19.54
0.40, -0.69, -0.40, -34.82, 2.10, 37.09
0.32, -0.72, -0.40, -48.46, 2.43, 39.71
0.13, -0.68, -0.42, -57.60, 5.28, 43.20
-0.04, -0.64, -0.50, -59.91, -7.45, 43.14
-0.19, -0.66, -0.67, -38.57, -30.67, 30.15
-0.46, -0.71, -0.82, -14.13, -50.59, 2.05
-0.81, -0.78, -0.87, 2.52, -48.53, -31.47
-0.95, -0.78, -0.82, 18.13, 3.54, -40.88
-0.64, -0.71, -0.70, 30.79, 25.23, -50.13
-0.33, -0.74, -0.61, 26.51, 27.53, -47.09
-0.01, -0.79, -0.54, 14.93, 30.44, -26.78
0.24, -0.73, -0.48, 9.63, 20.63, -9.40
0.36, -0.66, -0.41, -2.67, 2.09, 4.51
0.36, -0.68, -0.37, -20.86, 4.55, 25.90
0.36, -0.73, -0.39, -42.73, 17.56, 39.42
0.26, -0.71, -0.40, -52.87, 16.71, 43.38
0.06, -0.64, -0.43, -59.45, 11.87, 46.06
-0.10, -0.64, -0.52, -53.86, -3.62, 41.15
-0.29, -0.70, -0.67, -35.71, -25.34, 23.23
-0.58, -0.74, -0.77, -19.32, -51.29, -9.23
-0.87, -0.74, -0.82, 4.48, -37.45, -27.65
-0.82, -0.73, -0.73, 19.97, 1.76, -34.84
-0.54, -0.71, -0.65, 24.03, 10.97, -45.50
-0.29, -0.74, -0.58, 21.99, 16.26, -37.08
0.01, -0.75, -0.53, 13.77, 20.71, -17.65
0.26, -0.70, -0.47, 5.66, 19.39, 0.83
0.38, -0.65, -0.41, -8.34, 6.41, 16.94
0.38, -0.70, -0.37, -32.57, 11.50, 34.75
0.33, -0.75, -0.37, -47.35, 8.55, 42.20
0.18, -0.71, -0.41, -55.71, -1.69, 44.03
-0.01, -0.68, -0.50, -56.85, -12.40, 41.85
-0.20, -0.75, -0.63, -43.38, -23.32, 28.07
-0.50, -0.75, -0.74, -31.44, -37.24, 0.77
-0.79, -0.74, -0.79, -10.90, -41.56, -26.38
-0.86, -0.71, -0.81, 12.76, -10.26, -36.65
-0.68, -0.70, -0.74, 22.84, 4.19, -51.50
-0.48, -0.74, -0.68, 26.61, 9.88, -54.93
-0.21, -0.77, -0.60, 21.57, 21.52, -39.43
0.08, -0.73, -0.52, 15.71, 13.80, -25.16
0.28, -0.67, -0.45, 6.63, 11.85, -6.28
0.37, -0.64, -0.39, -6.22, 2.67, 12.19
0.38, -0.66, -0.32, -33.35, 10.71, 34.60
0.34, -0.71, -0.29, -48.85, 9.80, 46.36
0.19, -0.69, -0.32, -61.28, -2.65, 49.09
0.01, -0.67, -0.42, -64.00, -14.00, 49.93
-0.18, -0.71, -0.53, -58.12, -26.78, 37.37
-0.43, -0.76, -0.65, -50.01, -51.72, 8.71
-0.78, -0.73, -0.79, -24.35, -59.54, -18.82
-0.95, -0.67, -0.91, 8.26, -27.08, -39.98
-0.82, -0.66, -0.83, 23.54, 13.58, -46.77
-0.56, -0.71, -0.70, 30.13, 25.30, -54.00
-0.26, -0.76, -0.64, 26.89, 23.45, -43.69
0.07, -0.77, -0.52, 13.56, 27.74, -13.51
0.41, -0.73, -0.41, -1.25, 20.78, 8.02
0.52, -0.68, -0.33, -22.19, 6.86, 25.63
0.44, -0.69, -0.30, -44.89, 4.06, 35.95
0.23, -0.72, -0.36, -58.29, -0.73, 38.39
0.01, -0.68, -0.46, -64.00, -4.98, 39.31
-0.17, -0.65, -0.57, -58.18, -8.94, 32.83
-0.36, -0.68, -0.67, -41.12, -24.70, 11.42
-0.60, -0.77, -0.76, -27.81, -30.46, -8.93
-0.76, -0.81, -0.80, -5.73, -19.33, -29.27
-0.71, -0.75, -0.77, 8.24, 8.05, -37.28
-0.52, -0.73, -0.72, 16.02, 16.04, -48.14
-0.34, -0.74, -0.63, 19.56, 18.27, -45.79
-0.15, -0.74, -0.54, 11.89, 14.31, -33.01
0.11, -0.73, -0.44, -0.81, 12.37, -13.54
0.29, -0.67, -0.40, -8.86, 1.82, 3.84
0.34, -0.61, -0.37, -28.05, 1.18, 22.41
0.32, -0.64, -0.35, -42.00, 4.42, 34.97
0.19, -0.66, -0.39, -52.36, 7.24, 39.22
0.02, -0.59, -0.46, -58.66, 11.75, 44.79
-0.10, -0.63, -0.53, -57.17, 0.04, 38.95
-0.23, -0.72, -0.62, -42.43, -31.98, 23.79
-0.48, -0.78, -0.79, -25.10, -33.93, 4.60
-0.77, -0.75, -0.86, -3.20, -40.60, -28.97
-0.90, -0.73, -0.79, 17.58, -5.62, -39.38
-0.63, -0.77, -0.74, 24.11, 14.13, -52.94
-0.42, -0.82, -0.69, 21.36, 20.46, -53.41
-0.13, -0.80, -0.54, 9.85, 27.60, -36.21
0.20, -0.73, -0.46, 4.14, 13.53, -21.34
0.33, -0.64, -0.50, -4.39, -1.46, -8.14
0.31, -0.61, -0.44, -19.47, -1.18, 12.29
0.29, -0.62, -0.38, -39.00, 9.47, 28.57
0.22, -0.64, -0.42, -48.80, 15.14, 35.00
0.05, -0.61, -0.47, -55.73, 21.41, 39.36
-0.07, -0.59, -0.50, -56.99, 15.79, 43.38
-0.20, -0.68, -0.54, -45.26, -32.63, 26.88
-0.41, -0.79, -0.74, -25.11, -59.47, 5.22
-0.70, -0.80, -0.90, -3.15, -50.67, -22.27
-0.93, -0.71, -0.83, 16.79, -20.16, -42.38
-0.80, -0.70, -0.68, 26.04, 18.26, -49.28
-0.49, -0.80, -0.62, 21.54, 18.03, -53.50
-0.19, -0.86, -0.57, 16.01, 18.30, -40.94
0.11, -0.78, -0.50, 7.36, 10.90, -21.71
0.31, -0.65, -0.45, 1.29, -2.57, -9.83
0.32, -0.59, -0.42, -10.14, -5.59, 3.63
0.27, -0.62, -0.39, -33.54, 4.66, 21.60
0.23, -0.68, -0.41, -49.07, 19.19, 34.05
0.16, -0.64, -0.46, -55.71, 24.63, 38.63
0.03, -0.58, -0.51, -57.74, 22.63, 40.53
-0.12, -0.63, -0.52, -54.11, -3.50, 37.21
-0.23, -0.79, -0.64, -37.59, -40.57, 24.42
-0.44, -0.83, -0.85, -16.89, -49.77, 2.55
-0.76, -0.75, -0.89, 7.37, -39.84, -26.28
-0.85, -0.74, -0.79, 22.34, 2.75, -36.23
-0.63, -0.77, -0.69, 25.75, 12.76, -46.97
-0.41, -0.82, -0.61, 24.10, 6.37, -48.35
-0.16, -0.81, -0.57, 20.56, 0.67, -40.52
0.08, -0.74, -0.55, 12.88, -1.06, -23.74
0.24, -0.65, -0.46, 2.69, -6.16, -10.13
0.28, -0.60, -0.38, -13.13, -0.21, 11.12
0.33, -0.60, -0.34, -37.32, 23.51, 34.34
0.31, -0.62, -0.33, -57.19, 24.80, 40.09
0.14, -0.62, -0.37, -64.00, 24.93, 43.08
-0.01, -0.59, -0.50, -64.00, 3.99, 43.18
-0.22, -0.63, -0.62, -49.39, -34.25, 31.48
-0.38, -0.73, -0.77, -25.43, -52.52, 15.93
-0.66, -0.81, -0.92, 0.73, -58.06, -17.79
-0.93, -0.79, -0.88, 18.61, -7.23, -35.66
-0.80, -0.76, -0.71, 25.50, 34.75, -41.55
-0.46, -0.78, -0.60, 21.16, 31.72, -48.49
-0.16, -0.82, -0.56, 15.79, 21.76, -39.25
0.12, -0.80, -0.53, 5.80, 9.25, -19.32
0.31, -0.71, -0.49, -1.15, -5.80, -4.51
0.36, -0.63, -0.42, -13.75, 1.39, 16.29
0.35, -0.61, -0.37, -34.04, 15.06, 30.95
0.24, -0.63, -0.35, -50.24, 28.74, 41.83
0.09, -0.62, -0.41, -56.15, 30.96, 46.44
-0.02, -0.58, -0.49, -58.99, 19.97, 50.48
-0.09, -0.63, -0.56, -45.19, -8.23, 45.87
-0.24, -0.75, -0.71, -23.20, -28.21, 33.30
-0.53, -0.80, -0.83, -3.00, -38.66, 2.78
-0.88, -0.78, -0.87, 18.93, -20.04, -18.73
-0.90, -0.75, -0.79, 29.81, 14.77, -33.72
-0.66, -0.73, -0.61, 25.75, 19.02, -45.33
-0.40, -0.76, -0.52, 16.70, 8.73, -46.16
-0.12, -0.76, -0.51, 7.78, 4.11, -31.51
0.14, -0.70, -0.48, -2.06, 7.92, -14.22
0.26, -0.64, -0.41, -15.71, -5.35, -3.21
0.29, -0.63, -0.39, -28.43, 5.61, 21.88
0.33, -0.67, -0.43, -37.22, 14.81, 33.70
0.24, -0.67, -0.46, -42.20, 20.09, 40.55
0.07, -0.67, -0.49, -47.86, 22.64, 46.30
-0.05, -0.69, -0.54, -45.53, 7.66, 47.44
-0.17, -0.73, -0.63, -28.80, -19.69, 34.43
-0.41, -0.76, -0.80, -9.30, -27.73, 7.54
-0.79, -0.78, -0.86, 7.16, -29.52, -21.83
-0.93, -0.74, -0.80, 23.79, 10.70, -31.48
-0.69, -0.70, -0.66, 26.56, 15.69, -42.76
-0.40, -0.75, -0.54, 17.96, 19.00, -38.94
-0.08, -0.76, -0.49, 7.66, 14.96, -24.02
0.18, -0.68, -0.43, -4.88, 12.93, -1.54
0.37, -0.64, -0.37, -15.59, 10.02, 17.19
0.41, -0.66, -0.34, -35.33, 9.60, 32.35
0.30, -0.70, -0.35, -48.42, 12.31, 43.04
0.17, -0.69, -0.42, -55.56, 10.90, 50.70
0.03, -0.67, -0.50, -53.85, 5.13, 49.23
-0.17, -0.72, -0.62, -42.70, 4.71, 35.92
-0.48, -0.76, -0.74, -35.76, -19.91, 2.84
-0.86, -0.71, -0.84, -6.77, -30.10, -17.79
-0.89, -0.66, -0.89, 19.50, -6.94, -29.83
-0.73, -0.72, -0.75, 26.74, 0.67, -49.00
-0.60, -0.78, -0.64, 24.26, 4.80, -53.30
-0.32, -0.78, -0.57, 19.06, 9.12, -44.19
0.04, -0.73, -0.48, 5.79, 24.04, -16.98
0.35, -0.67, -0.38, -7.02, 12.95, -1.09
0.42, -0.65, -0.34, -21.50, 7.67, 18.53
0.39, -0.69, -0.35, -40.08, 15.35, 34.01
0.28, -0.73, -0.39, -53.04, 11.37, 39.77
0.06, -0.70, -0.45, -59.19, 13.35, 45.59
-0.10, -0.65, -0.58, -47.12, -8.48, 31.13
-0.35, -0.67, -0.73, -28.92, -22.33, 10.81
-0.68, -0.74, -0.84, -9.59, -28.33, -20.24
-0.96, -0.75, -0.83, 8.53, -6.80, -34.48
-0.81, -0.69, -0.72, 21.83, 16.76, -38.22
-0.45, -0.72, -0.60, 20.86, 11.29, -45.33
-0.23, -0.78, -0.53, 12.03, 1.43, -36.94
-0.00, -0.74, -0.49, 4.10, 10.34, -15.42
0.24, -0.65, -0.43, -2.83, 6.92, -2.70
0.30, -0.62, -0.37, -14.44, 1.90, 9.81
0.29, -0.69, -0.37, -35.86, 12.32, 28.51
0.27, -0.76, -0.41, -45.82, 12.63, 35.68
0.14, -0.73, -0.46, -54.95, 11.36, 40.46
0.00, -0.68, -0.55, -50.22, 2.07, 38.44
-0.17, -0.69, -0.66, -34.63, -17.92, 22.30
-0.46, -0.76, -0.79, -14.83, -30.46, -8.14
-0.86, -0.79, -0.86, 3.33, -28.61, -35.73
-0.96, -0.69, -0.79, 20.01, 8.99, -39.99
-0.65, -0.69, -0.67, 27.86, 8.57, -51.00
-0.38, -0.75, -0.56, 25.26, -1.22, -49.14
-0.09, -0.75, -0.49, 14.29, 5.79, -29.27
0.21, -0.67, -0.42, 9.12, -9.89, -19.22
0.22, -0.63, -0.41, 4.12, -21.96, -12.12
0.21, -0.68, -0.42, -12.55, 6.20, 18.34
0.32, -0.72, -0.39, -33.12, 26.24, 33.86
0.34, -0.73, -0.34, -47.64, 32.60, 44.18
0.23, -0.70, -0.38, -57.80, 26.34, 49.70
0.09, -0.68, -0.48, -62.21, 7.44, 50.33
-0.12, -0.69, -0.64, -47.17, -5.43, 38.71
-0.47, -0.71, -0.77, -29.80, -35.44, 6.48
-0.88, -0.71, -0.84, -4.16, -42.67, -23.98
-1.02, -0.71, -0.87, 19.45, -2.39, -35.08
-0.78, -0.72, -0.75, 30.27, 15.62, -46.38
-0.46, -0.77, -0.61, 28.62, 14.48, -47.74
-0.16, -0.80, -0.50, 18.40, 17.02, -28.91
0.20, -0.74, -0.47, 7.45, 20.39, -8.61
0.38, -0.66, -0.42, -2.81, 12.12, 6.73
0.39, -0.65, -0.35, -24.13, 13.81, 26.39
0.36, -0.71, -0.33, -40.18, 20.38, 38.72
0.26, -0.73, -0.38, -52.93, 14.48, 43.49
0.10, -0.69, -0.46, -56.27, 10.94, 48.28
-0.05, -0.70, -0.52, -51.26, 1.57, 44.39
-0.23, -0.78, -0.62, -46.61, -17.51, 22.76
-0.58, -0.79, -0.73, -31.24, -33.97, -4.77
-0.89, -0.73, -0.88, 1.50, -30.50, -34.88
-0.98, -0.68, -0.88, 26.70, 0.59, -50.62
-0.81, -0.74, -0.73, 33.27, 11.78, -64.00
-0.51, -0.82, -0.64, 32.16, 14.42, -63.15
-0.15, -0.78, -0.57, 25.30, 22.60, -42.73
0.23, -0.70, -0.47, 19.91, 21.06, -24.08
0.42, -0.65, -0.41, 9.92, 5.19, -13.75
0.38, -0.65, -0.37, -10.82, 13.89, 10.83
0.39, -0.68, -0.29, -36.95, 27.17, 36.90
0.42, -0.70, -0.29, -54.62, 20.18, 42.18
0.24, -0.67, -0.38, -61.12, 6.81, 46.04
-0.01, -0.60, -0.50, -60.03, -10.10, 43.40
-0.26, -0.60, -0.63, -39.96, -25.43, 31.14
-0.53, -0.72, -0.78, -18.09, -32.77, 5.81
-0.85, -0.77, -0.81, 3.63, -31.06, -20.86
-0.95, -0.78, -0.75, 18.93, 9.96, -29.57
-0.68, -0.75, -0.62, 24.76, 22.22, -36.55
-0.34, -0.74, -0.50, 21.50, 14.34, -33.42
-0.02, -0.77, -0.46, 8.07, 14.94, -14.78
0.25, -0.73, -0.39, -7.91, 11.36, 6.28
0.41, -0.69, -0.33, -25.90, 1.69, 22.40
0.41, -0.72, -0.33, -42.59, -0.96, 32.92
0.30, -0.75, -0.42, -52.43, -2.27, 38.21
0.08, -0.71, -0.52, -56.59, 0.14, 39.98
-0.10, -0.67, -0.60, -53.04, 1.19, 33.72
-0.28, -0.69, -0.70, -36.29, -11.48, 18.77
-0.52, -0.73, -0.78, -20.77, -19.09, -2.62
-0.74, -0.75, -0.79, -2.48, -10.44, -20.43
-0.71, -0.75, -0.73, 9.46, 16.85, -24.14
-0.44, -0.72, -0.60, 10.55, 25.27, -26.42
-0.20, -0.72, -0.50, 4.72, 19.93, -19.85
0.02, -0.73, -0.44, -4.57, 12.97, -8.42
0.15, -0.71, -0.42, -13.84, 6.79, 6.78
0.19, -0.70, -0.42, -26.32, -1.69, 15.19
0.15, -0.70, -0.45, -30.59, -6.87, 24.12
0.07, -0.67, -0.50, -32.45, -9.21, 24.60
-0.06, -0.65, -0.55, -33.52, -1.17, 23.72
-0.19, -0.64, -0.58, -35.79, 9.44, 19.73
-0.27, -0.62, -0.62, -35.93, 16.03, 15.31
-0.32, -0.59, -0.65, -31.84, 9.84, 12.15
-0.28, -0.60, -0.64, -31.78, 4.31, 16.79
-0.17, -0.65, -0.64, -29.41, -1.31, 19.27
-0.13, -0.66, -0.64, -27.57, -2.72, 20.09
-0.17, -0.64, -0.63, -25.19, 3.56, 20.98
-0.23, -0.67, -0.61, -24.89, 8.36, 22.50
-0.27, -0.73, -0.59, -24.89, 4.03, 20.67
-0.26, -0.76, -0.60, -23.06, -3.74, 19.10
-0.22, -0.76, -0.61, -21.58, -8.90, 18.59
-0.16, -0.74, -0.61, -21.64, -2.94, 16.42
-0.19, -0.73, -0.60, -21.45, 8.98, 14.64
-0.20, -0.70, -0.59, -23.31, 16.46, 11.65
-0.21, -0.68, -0.59, -26.00, 19.02, 8.44
-0.18, -0.67, -0.59, -31.58, 15.52, 10.12
-0.14, -0.66, -0.59, -30.27, 9.45, 12.46
-0.11, -0.67, -0.59, -31.32, 4.96, 14.87
-0.13, -0.70, -0.59, -32.63, 1.61, 16.22
-0.19, -0.71, -0.61, -31.70, -1.71, 14.29
-0.25, -0.70, -0.61, -30.33, -0.58, 11.34
-0.29, -0.69, -0.61, -27.49, 1.48, 10.02
-0.29, -0.68, -0.61, -26.72, 3.01, 7.49
-0.28, -0.70, -0.62, -24.89, 3.22, 5.13
-0.27, -0.70, -0.62, -24.78, -0.20, 4.94
-0.27, -0.70, -0.62, -21.95, -1.84, 2.86
-0.26, -0.69, -0.62, -19.71, -5.76, 0.13
-0.24, -0.69, -0.62, -17.60, -7.62, -3.01
-0.24, -0.69, -0.63, -15.54, -5.29, -3.77
-0.23, -0.67, -0.63, -15.88, -2.86, -6.76
-0.22, -0.66, -0.62, -16.58, -1.64, -8.60
-0.21, -0.66, -0.62, -17.13, -1.22, -6.62
-0.20, -0.66, -0.62, -18.58, -5.44, -7.03
-0.20, -0.65, -0.63, -19.45, -8.22, -5.37
-0.19, -0.64, -0.63, -19.50, -11.79, -5.54
-0.19, -0.63, -0.63, -18.72, -12.00, -4.56
-0.20, -0.63, -0.63, -18.46, -7.43, -3.49
-0.22, -0.63, -0.63, -18.93, -2.89, -4.73
-0.24, -0.62, -0.63, -18.67, 1.35, -3.91
-0.24, -0.63, -0.63, -18.96, 2.93, -4.12
-0.23, -0.63, -0.62, -18.84, 0.95, -3.49
-0.20, -0.63, -0.62, -18.33, -3.08, -2.52
-0.20, -0.64, -0.62, -17.91, -5.27, -1.66
-0.20, -0.63, -0.62, -17.58, -4.81, -0.20
-0.21, -0.62, -0.62, -16.97, -3.86, -0.93
-0.22, -0.62, -0.62, -17.90, -4.66, 0.20
-0.23, -0.63, -0.63, -17.41, -5.51, 1.32
-0.24, -0.62, -0.62, -14.91, -4.86, -0.99
-0.24, -0.63, -0.62, -14.28, -7.63, -2.07
-0.24, -0.64, -0.63, -14.33, -10.91, -3.15
-0.25, -0.66, -0.64, -14.30, -11.56, -3.37
-0.26, -0.65, -0.64, -12.14, -8.99, -4.93
-0.27, -0.64, -0.64, -11.71, -4.48, -7.56
-0.27, -0.64, -0.64, -10.82, 0.47, -7.53
-0.25, -0.65, -0.63, -10.47, 0.68, -9.71
-0.24, -0.65, -0.63, -10.99, 0.86, -11.00
-0.23, -0.66, -0.64, -9.18, -2.96, -11.80
-0.22, -0.66, -0.64, -8.16, -4.88, -13.09
-0.21, -0.66, -0.64, -8.56, -5.32, -11.42
-0.20, -0.67, -0.64, -8.65, -3.45, -12.78
-0.20, -0.66, -0.63, -8.73, 0.86, -12.13
-0.19, -0.67, -0.63, -7.47, 2.32, -12.02
-0.19, -0.67, -0.64, -6.20, 2.63, -11.93
-0.19, -0.68, -0.64, -5.60, 1.20, -12.07
-0.19, -0.69, -0.64, -6.23, -1.01, -11.54
-0.20, -0.69, -0.64, -5.30, -4.50, -12.74
-0.21, -0.67, -0.64, -1.88, -6.43, -14.23
-0.21, -0.66, -0.64, -0.86, -4.94, -13.62
-0.20, -0.68, -0.64, -0.50, -1.54, -14.66
-0.19, -0.69, -0.63, 0.61, 2.71, -15.12
-0.18, -0.67, -0.62, 0.37, 5.74, -13.62
-0.18, -0.68, -0.61, 0.94, 7.24, -13.03
-0.17, -0.68, -0.61, -0.91, 6.67, -11.05
-0.16, -0.68, -0.60, -2.52, 4.88, -9.20
-0.14, -0.68, -0.58, -2.52, 2.31, -10.04
-0.14, -0.68, -0.58, -3.87, 0.76, -9.38
-0.14, -0.69, -0.58, -5.44, -1.44, -9.23
-0.17, -0.69, -0.59, -5.05, -0.14, -9.39
-0.19, -0.68, -0.60, -5.12, 2.05, -10.39
-0.19, -0.70, -0.59, -7.01, 1.82, -11.27
-0.19, -0.72, -0.59, -5.87, 1.48, -13.02
-0.20, -0.72, -0.60, -6.51, 0.81, -14.34
-0.21, -0.73, -0.60, -3.40, 2.38, -18.24
-0.22, -0.71, -0.62, -1.23, 4.79, -21.19
-0.22, -0.72, -0.62, 0.38, 8.80, -22.05
-0.21, -0.75, -0.61, 1.96, 9.79, -24.86
-0.19, -0.76, -0.61, 4.41, 8.22, -26.45
-0.16, -0.76, -0.59, 6.84, 2.46, -26.84
-0.15, -0.75, -0.60, 10.93, -4.10, -30.09
-0.14, -0.74, -0.60, 14.96, -3.57, -30.01
-0.16, -0.74, -0.60, 17.06, -5.16, -35.20
-0.17, -0.74, -0.59, 17.75, -4.11, -33.99
-0.14, -0.74, -0.56, 21.60, -2.58, -34.07
-0.13, -0.74, -0.55, 23.45, -5.61, -34.77
-0.14, -0.74, -0.54, 23.50, -7.55, -35.12
-0.12, -0.72, -0.50, 22.94, -5.22, -31.57
-0.09, -0.70, -0.49, 23.05, -7.51, -33.80
-0.10, -0.71, -0.46, 17.33, -9.19, -31.52
-0.09, -0.72, -0.43, 13.07, -5.40, -26.88
-0.03, -0.73, -0.42, 8.16, -1.32, -20.40
0.04, -0.72, -0.41, 1.39, 3.71, -11.11
0.10, -0.72, -0.40, -5.09, 5.06, -0.80
0.17, -0.73, -0.38, -15.88, 15.29, 18.16
0.28, -0.76, -0.39, -28.45, 17.68, 32.60
0.29, -0.79, -0.41, -34.66, 8.54, 42.48
0.19, -0.79, -0.44, -41.28, -9.33, 46.12
0.04, -0.78, -0.51, -36.22, -34.15, 43.16
-0.16, -0.78, -0.59, -26.51, -57.21, 30.31
-0.34, -0.83, -0.66, -7.80, -63.85, 6.59
-0.55, -0.86, -0.70, 8.47, -49.99, -17.19
-0.81, -0.85, -0.70, 8.39, -11.83, -44.24
-0.83, -0.83, -0.62, 13.35, 31.07, -54.89
-0.52, -0.77, -0.55, 20.62, 50.87, -57.24
-0.16, -0.74, -0.50, 19.53, 38.92, -48.39
0.15, -0.71, -0.44, 12.02, 22.93, -24.40
0.40, -0.65, -0.40, 6.29, 16.43, 2.42
0.53, -0.62, -0.35, -7.42, 6.23, 21.71
0.53, -0.66, -0.30, -24.53, 16.08, 45.90
0.45, -0.70, -0.33, -33.23, 23.01, 51.80
0.26, -0.71, -0.37, -46.17, 21.80, 58.29
0.05, -0.77, -0.38, -52.79, 7.12, 59.00
-0.06, -0.83, -0.45, -45.82, -31.50, 46.70
-0.26, -0.86, -0.64, -27.22, -64.00, 28.52
-0.62, -0.88, -0.74, -7.72, -64.00, -10.22
-1.01, -0.90, -0.72, 8.79, -36.60, -40.80
-1.04, -0.88, -0.60, 8.24, 34.77, -55.95
-0.69, -0.85, -0.50, 13.71, 56.03, -64.00
-0.36, -0.81, -0.45, 14.70, 38.96, -64.00
-0.03, -0.81, -0.45, 10.75, 16.39, -54.84
0.25, -0.77, -0.48, 7.42, 6.97, -27.42
0.40, -0.67, -0.49, 11.45, 4.18, -13.58
0.41, -0.61, -0.40, 2.54, 3.21, 2.06
0.43, -0.64, -0.34, -16.71, 22.64, 32.81
0.46, -0.70, -0.34, -31.93, 33.74, 42.33
0.38, -0.71, -0.33, -43.70, 31.41, 50.10
0.18, -0.74, -0.32, -55.90, 21.23, 53.90
0.01, -0.82, -0.40, -62.00, -9.07, 46.97
-0.13, -0.87, -0.51, -45.16, -49.12, 37.22
-0.31, -0.90, -0.68, -27.05, -64.00, 14.85
-0.71, -0.93, -0.65, -15.41, -64.00, -23.84
-1.00, -0.93, -0.61, -3.59, -18.85, -40.89
-0.84, -0.86, -0.63, 6.81, 34.03, -52.99
-0.54, -0.81, -0.56, 16.69, 46.12, -64.00
-0.24, -0.79, -0.50, 18.62, 35.12, -59.88
0.05, -0.80, -0.49, 11.93, 24.76, -36.10
0.36, -0.72, -0.49, 7.03, 25.45, -4.51
0.50, -0.57, -0.41, 4.82, 14.81, 9.34
0.51, -0.57, -0.31, -13.04, 15.38, 30.73
0.52, -0.63, -0.29, -28.39, 25.56, 47.17
0.42, -0.67, -0.30, -49.78, 18.12, 55.56
0.18, -0.70, -0.31, -63.89, 12.91, 60.75
0.02, -0.73, -0.37, -61.82, -12.36, 57.73
-0.07, -0.81, -0.55, -42.89, -42.35, 48.05
-0.36, -0.89, -0.68, -29.91, -64.00, 17.85
-0.83, -0.94, -0.68, -13.39, -64.00, -24.02
-1.11, -0.97, -0.71, 6.51, -15.10, -41.51
-0.94, -0.94, -0.68, 14.49, 43.01, -62.32
-0.60, -0.89, -0.57, 20.93, 48.62, -64.00
-0.27, -0.87, -0.50, 24.00, 30.06, -64.00
0.06, -0.86, -0.54, 20.30, 23.69, -51.52
0.37, -0.75, -0.55, 21.79, 23.04, -26.47
0.43, -0.62, -0.44, 19.26, 10.68, -20.77
0.38, -0.60, -0.31, 1.73, 19.36, 0.20
0.46, -0.63, -0.27, -20.14, 34.27, 30.46
0.51, -0.66, -0.24, -38.86, 36.54, 40.67
0.38, -0.69, -0.22, -51.90, 24.40, 51.74
0.19, -0.74, -0.23, -63.88, 10.84, 57.17
0.07, -0.80, -0.33, -63.68, -15.70, 57.33
-0.09, -0.83, -0.51, -46.67, -49.59, 45.41
-0.36, -0.88, -0.62, -29.17, -64.00, 17.16
-0.76, -0.93, -0.66, -10.99, -64.00, -20.18
-1.06, -0.94, -0.68, 5.60, -26.89, -47.05
-0.95, -0.88, -0.66, 17.70, 32.77, -61.93
-0.60, -0.84, -0.60, 28.79, 43.36, -64.00
-0.27, -0.86, -0.52, 28.72, 24.73, -64.00
0.09, -0.87, -0.51, 21.01, 26.19, -41.30
0.46, -0.75, -0.53, 25.91, 25.21, -20.04
0.51, -0.64, -0.39, 14.83, 2.20, -14.46
0.48, -0.67, -0.27, -6.40, 23.08, 20.50
0.63, -0.69, -0.26, -26.98, 30.01, 43.02
0.56, -0.70, -0.24, -45.56, 23.99, 47.84
0.31, -0.72, -0.21, -64.00, 21.81, 59.13
0.12, -0.76, -0.22, -64.00, -8.19, 57.03
-0.03, -0.78, -0.40, -64.00, -53.99, 51.71
-0.22, -0.78, -0.65, -36.52, -64.00, 30.58
-0.63, -0.84, -0.69, -14.68, -64.00, -12.83
-1.06, -0.96, -0.64, -3.74, -63.40, -42.88
-1.08, -1.00, -0.65, 8.06, 19.02, -53.54
-0.70, -0.89, -0.63, 18.60, 54.86, -64.00
-0.33, -0.83, -0.55, 28.71, 40.37, -64.00
-0.00, -0.85, -0.51, 23.41, 29.63, -52.43
0.40, -0.82, -0.50, 20.56, 27.73, -21.85
0.58, -0.71, -0.45, 16.90, 14.01, -3.68
0.56, -0.65, -0.31, -2.50, 17.72, 18.00
0.58, -0.65, -0.25, -22.28, 33.12, 43.21
0.56, -0.68, -0.24, -41.20, 27.76, 49.08
0.33, -0.70, -0.24, -59.99, 15.95, 53.63
0.07, -0.73, -0.26, -64.00, -0.34, 54.75
-0.07, -0.75, -0.39, -63.43, -31.65, 49.16
-0.22, -0.80, -0.55, -41.09, -53.39, 31.18
-0.50, -0.90, -0.62, -25.93, -64.00, -0.19
-0.90, -0.93, -0.64, -7.34, -62.23, -33.01
-0.98, -0.95, -0.65, 4.91, 9.36, -43.26
-0.69, -0.86, -0.61, 16.48, 45.50, -57.86
-0.36, -0.81, -0.53, 24.47, 39.95, -64.00
-0.06, -0.84, -0.49, 21.09, 23.94, -49.87
0.32, -0.83, -0.49, 13.88, 30.77, -13.24
0.58, -0.73, -0.44, 9.18, 17.02, 3.92
0.62, -0.68, -0.29, -11.30, 15.00, 28.23
0.62, -0.70, -0.24, -28.35, 24.89, 44.56
0.48, -0.73, -0.25, -49.06, 15.03, 47.23
0.21, -0.76, -0.26, -64.00, 10.12, 53.60
0.00, -0.78, -0.32, -64.00, -12.61, 52.37
-0.10, -0.80, -0.46, -59.65, -41.71, 41.50
-0.30, -0.82, -0.64, -36.79, -64.00, 19.58
-0.69, -0.84, -0.69, -15.41, -64.00, -22.68
-1.04, -0.90, -0.69, 3.49, -30.63, -39.57
-0.91, -0.90, -0.65, 13.49, 36.47, -50.55
-0.53, -0.83, -0.56, 23.47, 56.68, -63.66
-0.23, -0.80, -0.49, 28.02, 38.73, -62.91
0.10, -0.83, -0.47, 18.11, 32.47, -33.49
0.45, -0.79, -0.46, 15.65, 28.97, -1.32
0.59, -0.70, -0.37, 3.99, 7.79, 10.36
0.58, -0.68, -0.23, -18.64, 20.46, 39.75
0.57, -0.73, -0.22, -38.29, 18.99, 46.12
0.37, -0.76, -0.24, -58.60, 11.23, 50.74
0.09, -0.76, -0.26, -64.00, 4.58, 55.38
-0.05, -0.77, -0.37, -64.00, -27.60, 46.48
-0.18, -0.79, -0.56, -51.10, -46.79, 37.60
-0.44, -0.80, -0.67, -30.48, -64.00, 0.02
-0.88, -0.83, -0.70, -8.71, -64.00, -32.54
-1.04, -0.88, -0.70, 9.83, 3.80, -46.16
-0.75, -0.87, -0.65, 20.87, 51.06, -55.84
-0.38, -0.84, -0.54, 25.30, 50.70, -63.29
-0.05, -0.85, -0.48, 24.22, 29.14, -52.04
0.27, -0.84, -0.48, 15.25, 29.69, -17.88
0.56, -0.75, -0.44, 11.60, 18.57, 1.19
0.58, -0.70, -0.30, -6.49, 6.10, 16.79
0.55, -0.74, -0.24, -28.60, 19.88, 39.08
0.49, -0.79, -0.26, -49.27, 14.35, 43.90
0.23, -0.77, -0.27, -64.00, 9.81, 47.55
0.03, -0.75, -0.32, -64.00, -8.79, 47.27
-0.11, -0.78, -0.46, -58.06, -34.91, 37.65
-0.33, -0.81, -0.63, -35.26, -60.00, 13.27
-0.68, -0.84, -0.69, -12.96, -64.00, -23.03
-0.99, -0.88, -0.71, 6.99, -30.56, -44.41
-0.91, -0.86, -0.67, 17.36, 29.13, -57.59
-0.55, -0.80, -0.56, 26.93, 46.70, -64.00
-0.24, -0.81, -0.48, 29.23, 27.60, -64.00
0.11, -0.83, -0.47, 19.19, 29.65, -35.95
0.44, -0.76, -0.47, 20.06, 21.96, -14.29
0.53, -0.67, -0.36, 6.56, 10.34, 2.96
0.57, -0.68, -0.25, -14.36, 30.30, 38.65
0.65, -0.73, -0.21, -35.51, 28.70, 49.66
0.50, -0.76, -0.22, -55.17, 19.35, 57.77
0.21, -0.77, -0.24, -64.00, 8.45, 64.00
0.03, -0.78, -0.33, -64.00, -14.00, 62.37
-0.11, -0.81, -0.51, -58.78, -42.19, 47.08
-0.37, -0.81, -0.66, -38.16, -64.00, 14.93
-0.81, -0.81, -0.70, -12.03, -64.00, -24.34
-1.08, -0.86, -0.73, 8.10, -20.33, -43.59
-0.90, -0.88, -0.70, 20.26, 46.38, -53.12
-0.50, -0.83, -0.59, 28.32, 63.30, -61.32
-0.12, -0.83, -0.49, 29.87, 47.54, -57.32
0.21, -0.84, -0.45, 17.13, 36.40, -26.57
0.54, -0.79, -0.42, 9.34, 32.16, 4.71
0.64, -0.70, -0.34, -1.39, 16.96, 17.24
0.59, -0.70, -0.23, -23.29, 19.13, 37.09
0.48, -0.76, -0.22, -44.97, 12.89, 46.48
0.29, -0.77, -0.26, -64.00, 8.92, 52.78
0.07, -0.74, -0.30, -64.00, -4.48, 54.80
-0.06, -0.75, -0.41, -64.00, -30.22, 43.12
-0.27, -0.80, -0.59, -48.92, -48.44, 27.24
-0.60, -0.83, -0.67, -33.01, -64.00, -10.44
-0.97, -0.83, -0.72, -10.05, -43.45, -37.89
-0.95, -0.83, -0.74, 7.84, 16.74, -46.07
-0.60, -0.78, -0.66, 19.90, 50.52, -55.57
-0.28, -0.77, -0.54, 23.21, 45.47, -60.59
0.00, -0.81, -0.50, 20.31, 26.68, -46.85
0.28, -0.80, -0.52, 14.56, 32.92, -10.60
0.53, -0.70, -0.44, 7.69, 35.19, 10.68
0.58, -0.66, -0.28, -9.91, 28.40, 29.91
0.57, -0.75, -0.18, -30.54, 27.40, 45.00
0.50, -0.81, -0.20, -53.64, 13.68, 53.69
0.29, -0.83, -0.23, -64.00, 3.94, 60.32
0.10, -0.84, -0.31, -64.00, -17.14, 61.45
-0.11, -0.80, -0.49, -63.69, -47.43, 45.46
-0.39, -0.78, -0.65, -40.59, -64.00, 17.36
-0.80, -0.80, -0.71, -17.34, -64.00, -21.64
-1.08, -0.86, -0.70, -3.99, -16.45, -45.22
-0.91, -0.86, -0.69, 10.93, 41.66, -50.23
-0.49, -0.76, -0.63, 20.89, 55.90, -58.70
-0.14, -0.75, -0.55, 24.77, 38.98, -57.50
0.10, -0.80, -0.51, 20.84, 19.95, -36.20
0.38, -0.77, -0.49, 15.55, 24.61, -3.39
0.59, -0.69, -0.40, 4.76, 25.54, 21.89
0.61, -0.67, -0.27, -17.61, 24.59, 36.75
0.50, -0.72, -0.21, -32.81, 23.91, 46.70
0.37, -0.75, -0.24, -55.64, 13.75, 55.03
0.13, -0.78, -0.26, -64.00, 0.94, 61.62
-0.02, -0.79, -0.34, -64.00, -33.45, 52.22
-0.24, -0.79, -0.53, -51.59, -56.53, 36.01
-0.56, -0.79, -0.66, -34.75, -64.00, 0.20
-0.95, -0.76, -0.70, -9.57, -56.00, -34.56
-1.01, -0.81, -0.72, 3.39, -0.26, -44.04
-0.70, -0.82, -0.66, 17.07, 41.24, -52.11
-0.33, -0.78, -0.57, 18.31, 47.45, -54.17
-0.01, -0.80, -0.51, 18.75, 30.41, -44.29
0.24, -0.82, -0.50, 13.47, 17.25, -23.08
0.47, -0.80, -0.46, 3.71, 13.27, 4.72
0.60, -0.76, -0.39, -8.96, 16.47, 30.33
0.60, -0.76, -0.30, -26.77, 15.72, 39.18
0.47, -0.80, -0.26, -46.21, 14.40, 49.94
0.26, -0.82, -0.28, -64.00, 9.47, 56.52
0.07, -0.79, -0.34, -64.00, -14.70, 55.31
-0.12, -0.77, -0.47, -59.86, -39.38, 46.12
-0.36, -0.75, -0.62, -40.62, -55.49, 20.31
-0.76, -0.75, -0.68, -24.03, -59.38, -15.62
-1.02, -0.76, -0.70, -2.92, -21.51, -38.13
-0.86, -0.77, -0.70, 13.21, 32.35, -39.18
-0.48, -0.76, -0.62, 19.51, 47.15, -46.79
-0.15, -0.76, -0.54, 21.62, 38.68, -40.28
0.09, -0.78, -0.49, 17.56, 25.96, -25.01
0.31, -0.78, -0.46, 12.31, 13.79, -8.39
0.43, -0.76, -0.42, 0.30, 9.06, 13.32
0.46, -0.76, -0.34, -21.57, 10.26, 28.88
0.42, -0.79, -0.29, -37.45, 8.75, 39.28
0.29, -0.78, -0.30, -51.41, 4.17, 45.28
0.12, -0.78, -0.33, -63.45, -5.49, 46.59
-0.08, -0.79, -0.42, -62.79, -28.67, 39.61
-0.28, -0.78, -0.60, -42.51, -50.71, 20.70
-0.54, -0.78, -0.73, -21.69, -55.33, -8.23
-0.90, -0.79, -0.75, -1.61, -39.60, -39.04
-0.96, -0.77, -0.73, 17.84, 15.09, -47.50
-0.61, -0.76, -0.68, 27.20, 47.07, -53.67
-0.28, -0.80, -0.59, 30.49, 42.63, -55.75
-0.03, -0.82, -0.50, 25.80, 23.32, -46.45
0.22, -0.80, -0.46, 17.76, 22.46, -18.59
0.48, -0.73, -0.45, 13.06, 19.17, -0.69
0.53, -0.70, -0.32, -6.73, 16.36, 19.86
0.48, -0.75, -0.25, -29.82, 21.92, 32.98
0.39, -0.79, -0.26, -44.00, 16.58, 40.82
0.20, -0.78, -0.31, -58.81, 12.29, 46.24
0.01, -0.76, -0.38, -64.00, -7.61, 43.23
-0.18, -0.74, -0.49, -51.74, -40.07, 29.56
-0.38, -0.75, -0.66, -24.48, -63.23, 7.12
-0.68, -0.79, -0.75, -1.24, -56.13, -22.12
-0.93, -0.83, -0.69, 10.60, -1.52, -41.42
-0.79, -0.80, -0.59, 21.83, 42.72, -46.88
-0.39, -0.78, -0.52, 24.91, 40.33, -50.75
-0.05, -0.82, -0.48, 20.38, 18.10, -41.16
0.21, -0.81, -0.48, 15.08, 15.54, -16.09
0.44, -0.75, -0.45, 5.67, 16.47, 3.68
0.49, -0.73, -0.32, -10.31, 9.26, 15.36
0.44, -0.79, -0.25, -28.26, 9.26, 26.34
0.36, -0.85, -0.28, -44.90, 2.87, 34.18
0.19, -0.85, -0.33, -56.22, 1.07, 39.75
0.04, -0.82, -0.35, -62.61, -1.36, 42.19
-0.01, -0.82, -0.39, -64.00, -17.71, 39.30
-0.17, -0.82, -0.52, -50.17, -43.72, 23.52
-0.42, -0.79, -0.65, -28.54, -53.70, -2.94
-0.78, -0.80, -0.73, -7.68, -49.09, -34.19
-0.93, -0.80, -0.74, 5.41, -5.34, -48.12
-0.71, -0.81, -0.68, 16.38, 18.08, -59.28
-0.40, -0.81, -0.59, 20.96, 11.18, -64.00
-0.09, -0.82, -0.54, 17.98, 5.56, -49.29
0.20, -0.77, -0.53, 13.04, 15.41, -26.35
0.41, -0.69, -0.43, 7.28, 6.73, -17.41
0.40, -0.69, -0.32, -9.65, 4.02, -1.27
0.39, -0.74, -0.29, -31.49, 17.27, 20.33
0.43, -0.75, -0.30, -47.39, 15.28, 32.73
0.29, -0.75, -0.32, -58.36, 10.98, 38.68
0.08, -0.75, -0.37, -63.56, 3.40, 40.24
-0.10, -0.73, -0.46, -59.77, -12.71, 36.79
-0.25, -0.74, -0.58, -44.51, -39.26, 19.64
-0.49, -0.77, -0.71, -19.08, -49.64, -2.09
-0.77, -0.83, -0.75, -2.28, -29.67, -30.12
-0.87, -0.84, -0.67, 7.94, 18.21, -43.14
-0.64, -0.80, -0.60, 14.73, 36.95, -57.19
-0.32, -0.80, -0.57, 20.62, 16.58, -62.90
-0.10, -0.83, -0.55, 19.04, 7.91, -47.71
0.21, -0.81, -0.53, 18.80, 15.50, -29.03
0.41, -0.75, -0.45, 7.92, 7.99, -15.44
0.42, -0.73, -0.34, -2.17, 1.43, -5.44
0.42, -0.75, -0.31, -25.05, 23.29, 22.65
0.51, -0.77, -0.31, -41.75, 29.83, 37.29
0.40, -0.78, -0.27, -59.72, 26.00, 44.61
0.16, -0.78, -0.30, -64.00, 16.85, 47.60
-0.02, -0.75, -0.42, -64.00, -8.15, 42.13
-0.16, -0.74, -0.57, -50.17, -34.06, 30.71
-0.42, -0.78, -0.69, -28.30, -47.84, 5.70
-0.73, -0.82, -0.72, -8.62, -36.52, -26.95
-0.85, -0.83, -0.69, 0.46, 14.51, -39.13
-0.62, -0.82, -0.61, 7.88, 39.28, -51.41
-0.28, -0.81, -0.55, 10.28, 26.47, -54.85
-0.05, -0.82, -0.52, 10.97, 9.31, -43.95
0.20, -0.79, -0.50, 6.31, 7.35, -23.04
0.40, -0.72, -0.47, 5.90, 1.24, -13.39
0.43, -0.69, -0.39, -6.37, -7.85, -2.35
0.42, -0.72, -0.33, -23.94, 8.75, 22.14
0.45, -0.74, -0.34, -41.60, 17.11, 34.76
0.34, -0.75, -0.36, -52.51, 18.60, 42.06
0.15, -0.74, -0.39, -59.67, 11.78, 46.38
0.02, -0.73, -0.47, -57.64, -8.15, 43.72
-0.11, -0.75, -0.60, -39.28, -24.42, 34.72
-0.33, -0.79, -0.70, -22.56, -37.30, 8.98
-0.70, -0.83, -0.71, -4.13, -40.65, -22.97
-0.85, -0.85, -0.72, 10.00, -0.72, -35.24
-0.63, -0.82, -0.66, 16.10, 25.04, -49.28
-0.35, -0.80, -0.56, 19.16, 22.55, -57.34
-0.10, -0.81, -0.50, 15.96, 9.92, -50.84
0.15, -0.79, -0.50, 9.95, 10.55, -31.64
0.38, -0.73, -0.49, 5.26, 6.98, -14.30
0.48, -0.68, -0.41, -8.69, 8.71, 11.71
0.55, -0.67, -0.33, -25.56, 20.07, 35.43
0.56, -0.69, -0.32, -39.60, 21.03, 46.20
0.39, -0.71, -0.34, -51.97, 18.65, 53.63
0.16, -0.73, -0.37, -64.00, 16.70, 60.45
0.04, -0.76, -0.44, -64.00, -5.57, 58.39
-0.12, -0.76, -0.60, -47.18, -27.58, 45.56
-0.41, -0.75, -0.71, -25.87, -51.33, 9.91
-0.82, -0.79, -0.73, -3.44, -52.67, -24.28
-1.00, -0.86, -0.73, 11.33, -5.76, -41.86
-0.76, -0.84, -0.67, 22.59, 35.79, -52.63
-0.38, -0.79, -0.56, 26.29, 33.48, -61.43
-0.08, -0.80, -0.50, 25.13, 17.12, -55.74
0.18, -0.81, -0.48, 18.54, 10.45, -31.20
0.43, -0.76, -0.47, 14.51, 6.98, -13.29
0.51, -0.71, -0.40, 2.95, 0.87, 4.93
0.51, -0.73, -0.33, -18.38, 11.54, 25.96
0.51, -0.76, -0.31, -36.27, 17.98, 38.54
0.38, -0.76, -0.33, -50.44, 16.20, 46.51
0.18, -0.74, -0.36, -61.24, 8.92, 51.89
0.01, -0.74, -0.43, -62.93, -17.69, 45.38
-0.17, -0.75, -0.61, -43.91, -56.81, 27.96
-0.49, -0.75, -0.77, -17.01, -64.00, -2.56
-0.90, -0.79, -0.75, 3.83, -63.32, -40.30
-1.03, -0.86, -0.67, 8.02, -2.86, -56.50
-0.72, -0.82, -0.63, 21.54, 30.04, -64.00
-0.37, -0.76, -0.57, 25.32, 20.83, -64.00
-0.00, -0.81, -0.52, 21.45, 24.98, -49.63
0.41, -0.80, -0.51, 21.92, 22.92, -21.14
0.66, -0.73, -0.44, 11.09, 17.11, 4.42
0.69, -0.71, -0.31, -2.18, 17.14, 26.19
0.63, -0.75, -0.27, -27.39, 26.48, 43.79
0.50, -0.80, -0.27, -46.48, 25.75, 53.10
0.22, -0.78, -0.30, -64.00, 8.87, 53.32
-0.03, -0.74, -0.37, -64.00, -17.44, 50.36
-0.20, -0.71, -0.55, -50.83, -39.96, 36.64
-0.41, -0.72, -0.73, -23.85, -53.87, 5.38
-0.79, -0.80, -0.69, -6.98, -50.36, -28.22
-0.94, -0.88, -0.63, 1.37, 4.87, -40.53
-0.63, -0.84, -0.63, 13.88, 40.81, -47.89
-0.27, -0.78, -0.57, 20.41, 31.48, -51.96
-0.02, -0.81, -0.51, 20.33, 14.04, -44.14
0.20, -0.83, -0.50, 16.68, 7.55, -21.42
0.44, -0.78, -0.44, 8.35, 9.30, 0.44
0.55, -0.73, -0.34, -7.03, 6.66, 19.38
0.56, -0.73, -0.28, -24.27, 10.50, 33.29
0.46, -0.75, -0.30, -41.48, 10.24, 40.54
0.23, -0.76, -0.32, -59.47, 6.64, 44.77
0.06, -0.76, -0.37, -64.00, -1.19, 50.35
-0.02, -0.76, -0.47, -61.05, -22.29, 45.61
-0.18, -0.76, -0.62, -41.33, -43.39, 29.40
-0.49, -0.78, -0.72, -22.49, -57.32, -0.80
-0.86, -0.80, -0.75, 0.94, -43.42, -33.90
-0.91, -0.84, -0.72, 15.68, 14.36, -44.65
-0.60, -0.82, -0.65, 25.61, 44.64, -58.55
-0.31, -0.81, -0.57, 28.94, 33.13, -63.17
-0.03, -0.84, -0.52, 24.11, 25.48, -45.03
0.30, -0.80, -0.47, 20.79, 29.01, -21.25
0.52, -0.73, -0.42, 8.90, 17.93, -0.72
0.57, -0.72, -0.29, -8.72, 17.41, 22.21
0.58, -0.75, -0.23, -34.51, 19.14, 38.62
0.49, -0.79, -0.28, -51.82, 16.20, 49.14
0.26, -0.76, -0.27, -64.00, 5.38, 53.68
0.05, -0.74, -0.33, -64.00, -13.73, 52.91
-0.10, -0.73, -0.49, -63.02, -36.07, 45.11
-0.29, -0.73, -0.67, -40.78, -55.83, 22.29
-0.66, -0.77, -0.72, -18.67, -64.00, -13.87
-0.97, -0.82, -0.72, -0.17, -31.80, -38.87
-0.88, -0.83, -0.73, 14.79, 30.64, -47.34
-0.51, -0.75, -0.65, 25.41, 44.50, -59.54
-0.18, -0.79, -0.55, 26.67, 29.01, -57.82
0.11, -0.83, -0.49, 18.38, 23.50, -30.62
0.47, -0.80, -0.46, 12.62, 23.69, -4.38
0.63, -0.73, -0.37, -1.89, 7.78, 15.21
0.61, -0.74, -0.27, -24.23, 14.51, 36.16
0.54, -0.80, -0.25, -45.82, 12.94, 46.17
0.30, -0.79, -0.27, -64.00, 6.15, 49.30
0.08, -0.74, -0.33, -64.00, -2.94, 52.94
-0.03, -0.73, -0.44, -64.00, -19.70, 47.04
-0.18, -0.75, -0.62, -53.19, -38.17, 35.27
-0.47, -0.73, -0.72, -33.87, -58.07, 2.45
-0.86, -0.72, -0.76, -5.21, -52.75, -31.45
-0.96, -0.78, -0.77, 12.87, 9.97, -41.04
-0.66, -0.81, -0.70, 24.79, 51.63, -51.94
-0.32, -0.78, -0.58, 26.19, 54.05, -53.99
-0.01, -0.79, -0.50, 25.54, 39.66, -43.64
0.27, -0.81, -0.45, 14.08, 31.03, -15.77
0.54, -0.78, -0.39, 1.26, 24.61, 13.11
0.64, -0.74, -0.31, -15.99, 16.33, 32.74
0.58, -0.76, -0.24, -33.55, 8.47, 42.40
0.43, -0.81, -0.23, -56.74, -0.49, 52.50
0.22, -0.80, -0.28, -64.00, -9.61, 58.08
0.04, -0.75, -0.39, -64.00, -29.53, 51.50
-0.19, -0.73, -0.57, -54.91, -41.25, 40.27
-0.50, -0.73, -0.70, -35.64, -54.70, 9.12
-0.87, -0.74, -0.73, -13.84, -53.81, -27.25
-1.02, -0.78, -0.76, 8.04, -1.24, -41.07
-0.73, -0.78, -0.74, 21.58, 48.80, -47.23
-0.30, -0.76, -0.63, 29.31, 52.05, -53.35
-0.05, -0.79, -0.54, 28.86, 31.91, -47.79
0.19, -0.81, -0.51, 20.45, 20.08, -25.26
0.42, -0.79, -0.48, 13.90, 23.58, 0.10
0.52, -0.75, -0.40, -0.82, 14.81, 14.33
0.48, -0.76, -0.29, -24.06, 19.12, 30.37
0.42, -0.79, -0.26, -43.85, 13.64, 38.98
0.29, -0.79, -0.28, -61.01, 8.28, 48.17
0.14, -0.76, -0.33, -64.00, -0.43, 50.21
-0.03, -0.74, -0.42, -64.00, -32.16, 38.30
-0.24, -0.75, -0.56, -49.12, -47.68, 29.09
-0.48, -0.76, -0.70, -34.24, -55.18, -1.13
-0.82, -0.74, -0.71, -14.79, -49.10, -30.12
-0.88, -0.75, -0.72, 6.56, 6.53, -39.21
-0.56, -0.74, -0.70, 17.79, 42.07, -44.17
-0.25, -0.74, -0.60, 19.70, 43.21, -46.46
-0.01, -0.78, -0.54, 21.22, 30.18, -37.38
0.20, -0.79, -0.51, 16.55, 20.19, -16.27
0.41, -0.79, -0.47, 7.43, 16.65, 7.46
0.52, -0.77, -0.41, -6.62, 18.81, 24.98
0.49, -0.79, -0.33, -24.16, 14.63, 34.25
0.32, -0.82, -0.28, -43.52, 12.70, 42.99
0.18, -0.81, -0.32, -56.57, 3.03, 44.77
0.01, -0.78, -0.40, -62.52, -17.66, 42.14
-0.15, -0.75, -0.52, -50.66, -41.54, 27.97
-0.39, -0.74, -0.66, -34.14, -51.52, 8.31
-0.68, -0.75, -0.70, -17.90, -52.61, -22.98
-0.86, -0.76, -0.71, -0.63, -14.35, -35.28
-0.68, -0.74, -0.70, 10.46, 29.53, -40.21
-0.33, -0.72, -0.64, 20.73, 44.22, -42.06
-0.09, -0.72, -0.57, 23.42, 38.17, -36.01
0.10, -0.75, -0.54, 21.93, 22.79, -24.33
0.23, -0.75, -0.54, 20.90, 16.20, -5.38
0.34, -0.72, -0.49, 17.73, 17.65, 12.20
0.37, -0.73, -0.39, 0.25, 24.24, 23.82
0.34, -0.77, -0.31, -16.80, 26.40, 30.89
0.27, -0.79, -0.30, -32.71, 22.26, 36.59
0.15, -0.80, -0.32, -50.30, 15.71, 41.00
0.05, -0.82, -0.35, -59.43, -5.49, 40.17
-0.07, -0.80, -0.42, -56.46, -34.74, 33.90
-0.18, -0.79, -0.56, -42.53, -55.54, 22.10
-0.41, -0.81, -0.67, -25.65, -60.64, -2.04
-0.69, -0.81, -0.72, -8.24, -46.49, -29.30
-0.82, -0.77, -0.73, 11.53, 6.03, -39.34
-0.59, -0.74, -0.67, 22.55, 44.90, -47.34
-0.26, -0.79, -0.59, 25.49, 47.88, -48.89
-0.02, -0.83, -0.54, 23.63, 31.62, -41.90
0.19, -0.80, -0.50, 18.26, 16.84, -26.92
0.38, -0.76, -0.45, 10.00, 13.20, -1.33
0.51, -0.74, -0.39, -0.67, 7.39, 18.18
0.47, -0.76, -0.28, -25.43, 10.63, 32.27
0.40, -0.80, -0.24, -45.70, 7.80, 41.69
0.20, -0.78, -0.27, -62.46, -0.29, 48.78
0.05, -0.74, -0.32, -64.00, -20.15, 48.41
-0.11, -0.72, -0.44, -62.02, -51.01, 40.60
-0.26, -0.72, -0.60, -45.88, -64.00, 24.00
-0.54, -0.74, -0.69, -27.56, -64.00, -4.29
-0.84, -0.77, -0.72, -9.98, -56.75, -30.61
-0.90, -0.78, -0.73, 8.39, 7.95, -41.65
-0.63, -0.74, -0.68, 22.26, 47.19, -49.71
-0.27, -0.76, -0.59, 23.35, 56.52, -48.36
0.03, -0.82, -0.53, 22.07, 40.06, -36.74
0.30, -0.83, -0.49, 12.42, 24.03, -13.93
0.49, -0.79, -0.43, 2.82, 18.77, 12.77
0.59, -0.75, -0.37, -12.42, 15.37, 30.21
0.50, -0.78, -0.28, -31.78, 13.32, 38.63
0.30, -0.81, -0.26, -52.46, 9.85, 45.84
0.12, -0.79, -0.30, -64.00, 0.40, 47.79
-0.06, -0.74, -0.36, -64.00, -31.08, 41.51
-0.22, -0.71, -0.52, -52.03, -64.00, 26.61
-0.43, -0.75, -0.69, -27.53, -64.00, 6.34
-0.76, -0.79, -0.73, -12.07, -59.87, -30.30
-1.00, -0.79, -0.67, 3.23, -2.17, -43.77
-0.77, -0.75, -0.65, 18.31, 48.04, -51.24
-0.34, -0.75, -0.60, 23.39, 50.37, -51.87
-0.06, -0.81, -0.54, 25.46, 30.39, -46.27
0.14, -0.83, -0.52, 19.06, 6.39, -32.64
0.29, -0.80, -0.50, 14.35, 3.96, -14.11
0.36, -0.74, -0.46, 11.55, -7.73, -9.26
0.25, -0.75, -0.38, -6.57, 0.98, 4.77
0.26, -0.80, -0.33, -26.92, 14.46, 19.50
0.24, -0.82, -0.31, -39.79, 15.58, 26.01
0.12, -0.79, -0.33, -46.17, 9.70, 29.61
-0.04, -0.77, -0.39, -50.08, -5.88, 24.96
-0.15, -0.77, -0.46, -47.47, -26.01, 16.63
-0.26, -0.76, -0.55, -36.92, -51.99, 5.48
-0.39, -0.77, -0.63, -17.76, -64.00, -10.99
-0.55, -0.79, -0.68, 3.18, -49.56, -28.12
-0.65, -0.80, -0.68, 15.38, -12.56, -48.23
-0.61, -0.81, -0.62, 18.99, 15.01, -62.16
-0.42, -0.81, -0.57, 20.41, 28.96, -58.78
-0.02, -0.77, -0.55, 21.81, 40.78, -41.56
0.30, -0.71, -0.51, 21.11, 30.39, -24.00
0.43, -0.70, -0.42, 9.01, 17.91, -8.62
0.45, -0.76, -0.33, -9.22, 18.72, 14.71
0.48, -0.79, -0.30, -29.12, 23.72, 30.70
0.40, -0.78, -0.29, -42.00, 17.56, 36.12
0.18, -0.79, -0.29, -56.01, 8.37, 39.12
0.01, -0.81, -0.35, -59.96, -11.25, 39.52
-0.09, -0.80, -0.45, -54.28, -35.23, 34.60
-0.23, -0.80, -0.58, -36.55, -57.05, 15.54
-0.50, -0.82, -0.64, -20.32, -64.00, -12.50
-0.74, -0.85, -0.68, -2.04, -39.33, -34.60
-0.74, -0.84, -0.66, 7.94, 11.21, -48.52
-0.53, -0.79, -0.61, 18.98, 37.01, -60.88
-0.28, -0.79, -0.56, 21.93, 33.39, -60.78
0.02, -0.81, -0.53, 18.57, 27.48, -43.61
0.32, -0.79, -0.50, 14.91, 23.09, -20.17
0.51, -0.73, -0.41, 5.11, 9.27, -0.26
0.54, -0.72, -0.31, -11.86, 11.91, 23.02
0.54, -0.75, -0.25, -33.19, 18.68, 39.07
0.43, -0.77, -0.24, -49.81, 15.05, 47.69
0.19, -0.77, -0.26, -64.00, 3.80, 51.09
0.02, -0.76, -0.33, -64.00, -19.07, 51.60
-0.10, -0.76, -0.46, -58.27, -43.73, 43.39
-0.27, -0.77, -0.60, -44.51, -64.00, 21.87
-0.60, -0.81, -0.67, -25.31, -64.00, -11.89
-0.90, -0.83, -0.73, -4.11, -51.60, -37.78
-0.89, -0.82, -0.72, 12.83, 5.27, -50.35
-0.62, -0.78, -0.65, 27.14, 36.35, -64.00
-0.32, -0.81, -0.59, 32.63, 29.40, -64.00
-0.03, -0.85, -0.54, 28.75, 26.17, -50.27
0.36, -0.82, -0.51, 23.69, 29.61, -22.07
0.58, -0.74, -0.42, 12.51, 16.75, 2.04
0.61, -0.72, -0.30, -4.67, 16.72, 25.38
0.56, -0.75, -0.22, -29.82, 23.30, 43.47
0.47, -0.80, -0.22, -51.22, 23.13, 51.44
0.20, -0.79, -0.24, -64.00, 20.93, 55.89
0.03, -0.76, -0.28, -64.00, 1.98, 55.45
-0.09, -0.75, -0.43, -64.00, -34.84, 50.40
-0.23, -0.73, -0.60, -45.50, -64.00, 31.46
-0.52, -0.75, -0.65, -24.57, -64.00, -0.21
-0.85, -0.83, -0.66, -8.99, -64.00, -30.88
-0.95, -0.87, -0.68, 4.99, 2.63, -41.32
-0.70, -0.81, -0.64, 15.29, 52.83, -53.78
-0.33, -0.77, -0.57, 22.78, 59.45, -56.58
-0.05, -0.81, -0.52, 21.39, 37.05, -46.84
0.22, -0.84, -0.51, 14.11, 23.41, -24.18
0.44, -0.78, -0.49, 10.27, 16.15, -1.61
0.51, -0.71, -0.39, 0.22, 8.94, 13.54
0.50, -0.73, -0.28, -22.30, 15.58, 33.64
0.45, -0.78, -0.28, -42.54, 16.27, 42.27
0.31, -0.76, -0.30, -58.92, 12.80, 47.20
0.11, -0.73, -0.31, -64.00, 8.20, 53.42
0.02, -0.75, -0.38, -64.00, -11.27, 52.89
-0.08, -0.79, -0.51, -59.83, -36.67, 45.36
-0.34, -0.77, -0.62, -45.03, -56.40, 22.10
-0.68, -0.75, -0.68, -25.12, -64.00, -15.74
-0.94, -0.78, -0.73, -1.79, -35.97, -37.85
-0.86, -0.84, -0.71, 10.56, 26.87, -47.45
-0.55, -0.84, -0.63, 17.34, 53.11, -60.47
-0.26, -0.83, -0.58, 20.98, 51.10, -58.89
0.02, -0.81, -0.55, 24.27, 31.68, -46.72
0.26, -0.79, -0.52, 16.78, 28.73, -21.02
0.45, -0.74, -0.48, 15.95, 20.18, -8.50
0.44, -0.73, -0.38, 0.89, 12.01, 6.10
0.40, -0.78, -0.29, -21.72, 25.95, 27.65
0.39, -0.80, -0.29, -39.53, 24.33, 35.33
0.23, -0.79, -0.28, -52.95, 11.39, 37.17
0.03, -0.77, -0.32, -60.57, -4.95, 36.71
-0.11, -0.76, -0.43, -58.61, -31.69, 28.42
-0.26, -0.74, -0.55, -43.20, -55.78, 13.13
-0.46, -0.77, -0.64, -23.45, -64.00, -9.06
-0.63, -0.82, -0.70, -3.07, -42.53, -29.39
-0.68, -0.82, -0.67, 4.23, 2.66, -41.38
-0.55, -0.79, -0.61, 14.20, 30.44, -54.36
-0.31, -0.78, -0.58, 20.24, 36.06, -51.40
-0.01, -0.78, -0.55, 18.99, 29.41, -36.33
0.27, -0.77, -0.50, 16.32, 21.88, -12.72
0.47, -0.73, -0.44, 9.66, 13.07, 6.57
0.53, -0.69, -0.31, -9.43, 12.92, 29.79
0.51, -0.73, -0.26, -31.93, 11.33, 39.45
0.38, -0.77, -0.26, -46.54, 5.90, 46.92
0.16, -0.76, -0.30, -64.00, 1.51, 48.89
0.01, -0.77, -0.36, -64.00, -9.17, 51.00
-0.09, -0.76, -0.48, -62.48, -29.72, 46.55
-0.22, -0.76, -0.60, -48.60, -48.80, 30.20
-0.48, -0.80, -0.67, -31.80, -55.45, 5.43
-0.74, -0.81, -0.73, -10.85, -42.67, -25.36
-0.82, -0.82, -0.74, 9.82, 3.13, -34.20
-0.61, -0.82, -0.71, 19.70, 42.13, -44.23
-0.31, -0.81, -0.63, 24.92, 43.15, -46.98
-0.09, -0.80, -0.56, 28.77, 31.11, -43.51
0.12, -0.79, -0.54, 25.27, 18.88, -31.74
0.26, -0.78, -0.47, 13.36, 17.82, -11.49
0.35, -0.74, -0.40, 6.44, 12.16, 0.15
0.37, -0.71, -0.34, -11.15, 14.32, 16.15
0.38, -0.74, -0.29, -32.30, 21.96, 29.38
0.32, -0.75, -0.29, -45.74, 17.29, 36.39
0.19, -0.74, -0.31, -57.92, 12.41, 43.76
0.06, -0.74, -0.36, -60.46, -2.09, 45.52
-0.03, -0.74, -0.47, -53.87, -24.53, 40.97
-0.19, -0.76, -0.59, -38.77, -44.35, 29.76
-0.42, -0.77, -0.68, -21.82, -53.31, 5.65
-0.66, -0.80, -0.72, -4.75, -46.50, -21.39
-0.80, -0.82, -0.71, 10.45, -2.37, -33.70
-0.64, -0.81, -0.65, 22.11, 44.11, -43.79
-0.35, -0.78, -0.57, 24.29, 49.87, -51.01
-0.10, -0.82, -0.50, 19.23, 39.91, -41.07
0.20, -0.83, -0.46, 10.15, 33.37, -16.13
0.46, -0.77, -0.41, 1.40, 25.27, 8.71
0.57, -0.72, -0.34, -11.06, 7.45, 22.11
0.49, -0.76, -0.30, -31.57, 8.02, 36.56
0.32, -0.79, -0.30, -49.71, 9.81, 44.04
0.15, -0.75, -0.27, -63.50, 10.24, 45.05
0.03, -0.74, -0.31, -64.00, -8.05, 46.38
-0.07, -0.73, -0.50, -61.61, -31.48, 40.80
-0.25, -0.71, -0.66, -44.44, -45.02, 30.00
-0.54, -0.70, -0.70, -26.83, -42.94, 1.19
-0.78, -0.75, -0.69, -11.74, -27.25, -22.93
-0.76, -0.80, -0.69, -1.06, 19.91, -30.58
-0.48, -0.79, -0.66, 7.97, 48.03, -33.03
-0.13, -0.76, -0.58, 9.66, 51.76, -26.96
0.12, -0.77, -0.49, 6.13, 39.65, -10.24
0.32, -0.80, -0.43, -2.62, 17.48, 6.44
0.40, -0.81, -0.40, -16.80, 6.64, 25.38
0.39, -0.81, -0.38, -25.71, -1.90, 34.07
0.28, -0.80, -0.36, -37.86, -7.41, 38.67
0.12, -0.80, -0.37, -48.01, -12.83, 37.91
-0.02, -0.81, -0.47, -47.08, -18.38, 32.03
-0.20, -0.81, -0.55, -47.02, -18.03, 24.98
-0.40, -0.76, -0.61, -36.65, -25.55, 2.64
-0.59, -0.72, -0.68, -15.26, -27.95, -16.68
-0.65, -0.74, -0.74, 3.25, -5.34, -28.37
-0.56, -0.76, -0.70, 11.17, 22.56, -37.87
-0.33, -0.77, -0.59, 13.91, 38.04, -37.92
-0.10, -0.78, -0.51, 13.76, 34.73, -31.22
0.09, -0.77, -0.47, 9.61, 20.25, -22.52
0.23, -0.77, -0.43, -1.62, 18.34, -0.66
0.37, -0.75, -0.39, -10.21, 14.65, 18.52
0.43, -0.74, -0.34, -25.49, 7.74, 32.02
0.37, -0.78, -0.30, -42.17, -0.71, 40.24
0.23, -0.78, -0.32, -55.96, -8.28, 46.45
0.06, -0.75, -0.38, -62.74, -19.99, 45.80
-0.11, -0.73, -0.50, -53.73, -40.12, 35.84
-0.32, -0.73, -0.67, -39.07, -46.54, 24.60
-0.56, -0.75, -0.72, -25.05, -49.86, -7.37
-0.83, -0.75, -0.72, -6.05, -31.87, -30.05
-0.82, -0.74, -0.75, 12.03, 17.93, -36.18
-0.54, -0.74, -0.70, 20.79, 37.87, -46.23
-0.30, -0.81, -0.60, 23.76, 34.06, -48.51
-0.08, -0.81, -0.56, 21.21, 25.69, -39.04
0.14, -0.79, -0.53, 17.00, 17.38, -24.86
0.28, -0.75, -0.49, 7.40, 7.28, -11.41
0.33, -0.73, -0.41, -3.67, 10.06, 6.45
0.37, -0.72, -0.34, -21.86, 11.97, 20.68
0.35, -0.75, -0.32, -38.63, 10.40, 27.38
0.23, -0.78, -0.35, -51.37, 8.77, 34.65
0.08, -0.76, -0.38, -59.92, 4.88, 37.38
-0.05, -0.74, -0.42, -61.11, -13.60, 34.49
-0.16, -0.73, -0.54, -51.05, -42.54, 25.02
-0.31, -0.74, -0.67, -29.58, -60.01, 11.22
-0.58, -0.76, -0.76, -8.99, -59.12, -17.98
-0.85, -0.77, -0.76, 8.04, -18.86, -37.88
-0.80, -0.76, -0.71, 20.93, 35.33, -48.27
-0.49, -0.77, -0.64, 25.65, 52.18, -54.77
-0.17, -0.82, -0.57, 27.17, 36.23, -54.13
0.03, -0.82, -0.55, 26.44, 16.38, -45.61
0.22, -0.77, -0.55, 23.29, 18.76, -25.45
0.32, -0.72, -0.51, 25.47, 5.68, -26.79
0.21, -0.73, -0.41, 4.88, 2.20, -14.04
0.19, -0.78, -0.36, -11.70, 23.63, 3.05
0.29, -0.74, -0.37, -25.23, 23.95, 14.20
0.28, -0.72, -0.33, -41.58, 16.92, 22.15
0.18, -0.76, -0.33, -47.52, 5.70, 29.58
0.05, -0.76, -0.42, -48.01, -9.07, 25.15
-0.16, -0.73, -0.51, -43.04, -37.44, 13.11
-0.36, -0.73, -0.64, -25.65, -53.48, -0.68
-0.49, -0.77, -0.69, -5.23, -46.71, -16.24
-0.55, -0.83, -0.64, 5.87, -17.04, -32.61
-0.51, -0.85, -0.59, 11.01, 7.05, -47.08
-0.39, -0.82, -0.57, 18.04, 16.81, -51.60
-0.17, -0.81, -0.55, 20.11, 18.82, -46.47
0.12, -0.80, -0.52, 14.39, 24.80, -24.48
0.32, -0.74, -0.46, 13.55, 19.76, -13.12
0.36, -0.71, -0.37, 3.08, 3.46, -4.58
0.34, -0.76, -0.29, -16.35, 10.85, 19.29
0.41, -0.81, -0.27, -35.19, 16.98, 32.94
0.38, -0.80, -0.29, -49.36, 11.03, 41.36
0.22, -0.77, -0.31, -60.07, 2.91, 46.93
0.10, -0.77, -0.37, -64.00, -15.11, 47.54
-0.05, -0.76, -0.51, -55.88, -40.63, 38.54
-0.25, -0.75, -0.67, -36.00, -56.99, 18.84
-0.58, -0.78, -0.76, -14.27, -57.58, -10.37
-0.85, -0.82, -0.74, 4.20, -26.48, -40.47
-0.83, -0.86, -0.69, 14.64, 29.70, -49.51
-0.54, -0.84, -0.63, 22.80, 50.11, -63.06
-0.23, -0.81, -0.57, 27.92, 36.10, -63.63
0.01, -0.82, -0.50, 23.83, 24.82, -47.54
0.30, -0.79, -0.46, 21.26, 12.06, -29.25
0.44, -0.74, -0.41, 11.88, 3.62, -10.75
0.46, -0.72, -0.32, -4.36, 8.82, 10.33
0.51, -0.72, -0.24, -24.74, 20.64, 32.46
0.50, -0.75, -0.23, -41.84, 16.22, 39.69
0.33, -0.76, -0.28, -59.08, 7.23, 45.52
0.11, -0.76, -0.33, -64.00, -4.75, 49.73
-0.04, -0.74, -0.44, -64.00, -30.12, 43.21
-0.19, -0.73, -0.60, -49.46, -53.28, 29.85
-0.42, -0.76, -0.73, -23.68, -64.00, 2.34
-0.76, -0.81, -0.71, -5.23, -59.19, -29.41
-0.92, -0.86, -0.68, 8.06, -1.53, -45.43
-0.70, -0.84, -0.64, 18.22, 39.65, -58.98
-0.40, -0.79, -0.59, 24.86, 37.54, -64.00
-0.11, -0.81, -0.55, 25.62, 26.62, -54.24
0.24, -0.80, -0.52, 20.41, 26.31, -28.26
0.49, -0.74, -0.47, 17.26, 19.42, -6.11
0.58, -0.69, -0.33, 2.24, 15.21, 15.57
0.58, -0.73, -0.24, -21.42, 17.99, 37.24
0.53, -0.78, -0.24, -39.87, 15.62, 46.37
0.35, -0.79, -0.25, -63.05, 10.00, 50.11
0.12, -0.79, -0.29, -64.00, -5.45, 53.06
-0.03, -0.77, -0.39, -64.00, -28.64, 49.67
-0.16, -0.74, -0.59, -52.86, -48.77, 37.89
-0.38, -0.76, -0.70, -31.40, -63.68, 9.79
-0.74, -0.82, -0.70, -11.00, -59.24, -22.95
-0.94, -0.86, -0.73, 5.88, -8.75, -40.46
-0.76, -0.82, -0.71, 22.71, 46.12, -49.86
-0.43, -0.78, -0.62, 30.97, 57.82, -61.70
-0.13, -0.81, -0.53, 31.85, 38.05, -58.21
0.15, -0.83, -0.49, 24.68, 24.68, -34.02
0.43, -0.78, -0.45, 17.98, 17.54, -12.29
0.55, -0.69, -0.36, 6.94, 12.65, 11.54
0.57, -0.71, -0.26, -17.32, 17.58, 28.96
0.56, -0.76, -0.22, -36.59, 13.87, 40.64
0.40, -0.81, -0.24, -57.90, 6.78, 45.31
0.14, -0.81, -0.28, -64.00, -5.16, 48.15
-0.02, -0.78, -0.37, -64.00, -22.68, 46.71
-0.15, -0.76, -0.52, -59.90, -41.10, 37.18
-0.31, -0.75, -0.68, -40.86, -56.92, 14.05
-0.60, -0.77, -0.71, -20.06, -64.00, -12.05
-0.85, -0.80, -0.75, 2.63, -40.39, -38.30
-0.85, -0.80, -0.76, 20.34, 23.65, -45.76
-0.54, -0.77, -0.67, 31.07, 55.69, -59.94
-0.27, -0.79, -0.57, 35.22, 49.08, -60.84
0.04, -0.82, -0.51, 30.15, 38.14, -40.79
0.37, -0.80, -0.47, 23.13, 32.17, -11.52
0.60, -0.74, -0.37, 7.36, 23.89, 11.40
0.65, -0.73, -0.27, -13.51, 18.79, 32.77
0.59, -0.76, -0.21, -34.02, 14.82, 43.83
0.43, -0.79, -0.21, -58.47, 9.38, 49.22
0.18, -0.81, -0.26, -64.00, -2.98, 52.04
-0.03, -0.78, -0.37, -64.00, -25.54, 49.09
-0.18, -0.72, -0.54, -61.13, -40.65, 39.05
-0.34, -0.73, -0.65, -42.04, -60.55, 14.54
-0.67, -0.78, -0.68, -21.43, -64.00, -15.42
-0.90, -0.83, -0.73, -1.75, -35.38, -35.72
-0.80, -0.82, -0.72, 11.13, 24.92, -45.71
-0.50, -0.77, -0.64, 25.70, 47.28, -58.46
-0.19, -0.77, -0.56, 27.69, 38.85, -54.30
0.09, -0.82, -0.52, 23.53, 33.34, -32.69
0.40, -0.81, -0.48, 18.35, 29.18, -10.54
0.59, -0.76, -0.40, 6.89, 17.00, 10.95
0.62, -0.76, -0.32, -9.84, 19.71, 32.41
0.58, -0.79, -0.25, -32.20, 17.57, 40.18
0.40, -0.82, -0.23, -53.81, 10.24, 46.40
0.14, -0.80, -0.27, -64.00, 6.19, 49.53
-0.01, -0.76, -0.36, -64.00, -14.04, 48.73
-0.13, -0.72, -0.51, -59.51, -31.03, 41.44
-0.30, -0.74, -0.63, -44.94, -51.03, 20.58
-0.61, -0.76, -0.67, -26.36, -57.76, -7.56
-0.87, -0.76, -0.73, -2.35, -36.98, -34.55
-0.84, -0.76, -0.76, 18.88, 17.38, -40.82
-0.54, -0.75, -0.67, 30.62, 50.19, -50.57
-0.22, -0.78, -0.57, 31.45, 45.77, -52.30
0.06, -0.83, -0.51, 27.46, 34.79, -38.62
0.32, -0.82, -0.47, 18.53, 29.49, -14.72
0.52, -0.78, -0.41, 8.88, 19.68, 5.10
0.55, -0.76, -0.33, -8.39, 12.85, 24.08
0.50, -0.80, -0.26, -33.93, 15.62, 37.38
0.40, -0.82, -0.26, -52.75, 5.51, 44.43
0.19, -0.79, -0.28, -64.00, -11.51, 45.53
0.00, -0.75, -0.37, -64.00, -30.94, 42.63
-0.19, -0.74, -0.55, -54.09, -50.24, 29.60
-0.46, -0.75, -0.67, -35.17, -64.00, 0.48
-0.81, -0.77, -0.73, -11.30, -62.89, -30.26
-0.93, -0.78, -0.74, 8.31, -14.64, -43.34
-0.72, -0.78, -0.69, 22.71, 39.45, -55.28
-0.45, -0.78, -0.60, 29.36, 43.02, -64.00
-0.18, -0.82, -0.55, 33.84, 27.28, -62.60
0.08, -0.84, -0.53, 28.37, 18.25, -43.40
0.33, -0.80, -0.51, 27.25, 6.00, -31.35
0.39, -0.75, -0.42, 18.52, -2.48, -17.04
0.37, -0.75, -0.34, 3.84, 7.63, -3.07
0.36, -0.77, -0.27, -11.54, 10.56, 9.05
0.30, -0.80, -0.21, -34.05, 12.26, 19.03
0.22, -0.83, -0.24, -46.29, 7.85, 26.67
0.11, -0.80, -0.30, -50.99, -4.52, 27.11
-0.05, -0.77, -0.33, -55.24, -21.43, 21.32
-0.16, -0.80, -0.38, -52.45, -35.33, 15.73
-0.20, -0.82, -0.47, -46.26, -41.83, 10.82
-0.22, -0.81, -0.54, -39.16, -38.45, 1.75
-0.25, -0.81, -0.58, -28.14, -34.04, -6.54
-0.26, -0.79, -0.60, -16.24, -21.46, -14.62
-0.22, -0.78, -0.64, -8.11, -4.46, -16.66
-0.13, -0.80, -0.65, -1.26, 8.10, -18.11
-0.05, -0.81, -0.62, 2.68, 7.51, -17.91
-0.00, -0.80, -0.59, 2.91, 3.62, -15.61
0.03, -0.79, -0.56, 1.38, 0.61, -14.52
0.03, -0.79, -0.53, -1.84, -0.40, -10.96
0.05, -0.77, -0.49, -5.48, 0.51, -6.77
0.08, -0.76, -0.44, -14.15, -0.13, 0.99
0.12, -0.77, -0.42, -24.60, 5.42, 7.81
0.13, -0.80, -0.40, -30.07, 8.41, 15.05
0.08, -0.79, -0.41, -32.64, 9.42, 17.30
0.02, -0.77, -0.44, -32.56, 3.94, 18.02
-0.05, -0.78, -0.48, -29.56, -9.94, 15.15
-0.13, -0.82, -0.52, -21.77, -23.84, 6.48
-0.25, -0.84, -0.57, -11.87, -32.48, -8.10
-0.37, -0.83, -0.61, 1.22, -23.25, -19.95
-0.41, -0.80, -0.58, 4.28, -3.09, -33.02
-0.34, -0.81, -0.54, 4.53, 8.01, -38.03
-0.17, -0.81, -0.50, 4.90, 11.10, -30.02
0.07, -0.78, -0.48, 1.64, 14.93, -15.92
0.28, -0.72, -0.45, -2.15, 14.53, 3.35
0.40, -0.71, -0.37, -16.12, 13.12, 20.79
0.43, -0.76, -0.32, -31.94, 13.26, 34.58
0.35, -0.79, -0.33, -44.47, 10.29, 41.73
0.19, -0.77, -0.36, -55.85, 2.30, 44.46
0.03, -0.77, -0.40, -59.07, -14.53, 42.38
-0.11, -0.78, -0.52, -45.94, -37.80, 32.36
-0.26, -0.80, -0.67, -24.82, -42.87, 16.12
-0.52, -0.85, -0.71, -12.57, -44.51, -13.29
-0.76, -0.89, -0.64, 0.02, -13.67, -31.66
-0.65, -0.86, -0.63, 7.18, 33.14, -40.49
-0.38, -0.82, -0.59, 13.59, 37.71, -51.20
-0.19, -0.81, -0.52, 15.28, 19.11, -52.67
-0.01, -0.82, -0.50, 15.39, 2.28, -39.88
0.24, -0.80, -0.49, 7.90, 9.37, -16.74
0.42, -0.73, -0.45, 6.34, 10.06, -1.21
0.44, -0.68, -0.34, -6.27, 7.27, 10.21
0.40, -0.73, -0.26, -28.66, 20.02, 27.25
0.36, -0.80, -0.30, -39.54, 22.38, 35.36
0.19, -0.79, -0.35, -48.46, 21.13, 39.05
0.02, -0.76, -0.37, -55.94, 16.70, 38.34
-0.07, -0.78, -0.41, -53.80, -8.79, 35.02
-0.16, -0.79, -0.55, -39.88, -38.30, 23.14
-0.30, -0.81, -0.68, -14.63, -45.96, 6.89
-0.56, -0.83, -0.70, -6.10, -50.07, -28.06
-0.78, -0.84, -0.65, 6.14, -4.50, -37.41
-0.61, -0.79, -0.63, 16.62, 34.84, -50.42
-0.34, -0.76, -0.57, 18.48, 31.59, -57.71
-0.11, -0.81, -0.50, 14.86, 20.94, -46.94
0.21, -0.82, -0.50, 11.31, 16.56, -21.29
0.47, -0.74, -0.49, 8.71, 19.37, 3.02
0.56, -0.67, -0.39, -3.42, 14.03, 17.14
0.51, -0.71, -0.27, -24.80, 21.28, 33.61
0.41, -0.78, -0.29, -41.41, 22.80, 42.70
0.24, -0.79, -0.33, -55.69, 19.03, 49.01
0.06, -0.77, -0.34, -64.00, 17.39, 51.23
-0.02, -0.77, -0.41, -63.50, -9.38, 47.34
-0.10, -0.79, -0.55, -43.95, -27.38, 42.27
-0.26, -0.83, -0.63, -31.68, -45.30, 17.29
-0.63, -0.85, -0.62, -17.15, -61.62, -18.17
-0.87, -0.83, -0.72, 5.33, -18.81, -33.33
-0.72, -0.80, -0.71, 16.57, 27.14, -46.76
-0.46, -0.78, -0.57, 21.59, 36.85, -58.58
-0.21, -0.81, -0.51, 18.43, 28.85, -53.10
0.11, -0.83, -0.50, 12.28, 22.31, -32.97
0.41, -0.78, -0.50, 9.91, 21.18, -7.94
0.55, -0.70, -0.42, 0.78, 9.43, 8.49
0.55, -0.70, -0.32, -16.01, 15.89, 30.79
0.50, -0.77, -0.29, -35.54, 18.04, 39.82
0.32, -0.79, -0.34, -50.66, 12.71, 44.54
0.08, -0.77, -0.35, -62.37, 8.21, 46.53
-0.06, -0.75, -0.41, -62.25, -16.65, 40.76
-0.17, -0.77, -0.54, -42.56, -35.59, 30.98
-0.34, -0.80, -0.67, -28.53, -49.44, 7.02
-0.67, -0.83, -0.65, -15.83, -58.09, -24.64
-0.83, -0.85, -0.65, -3.18, -11.22, -35.16
-0.61, -0.80, -0.63, 7.09, 26.13, -44.66
-0.33, -0.76, -0.56, 12.19, 26.48, -54.64
-0.11, -0.78, -0.52, 14.50, 12.86, -47.62
0.11, -0.80, -0.53, 12.75, 5.80, -24.26
0.36, -0.76, -0.50, 10.00, 7.68, -4.13
0.47, -0.70, -0.42, -1.27, 8.05, 16.42
0.50, -0.70, -0.33, -18.02, 19.47, 34.32
0.46, -0.74, -0.32, -29.77, 19.52, 41.74
0.26, -0.76, -0.33, -46.78, 12.73, 47.19
0.03, -0.77, -0.36, -61.17, -0.97, 47.36
-0.10, -0.76, -0.44, -54.72, -21.74, 42.66
-0.19, -0.76, -0.58, -34.83, -38.49, 30.36
-0.38, -0.80, -0.65, -26.31, -46.59, 3.25
-0.67, -0.85, -0.64, -13.12, -47.04, -21.92
-0.76, -0.85, -0.68, 2.48, -3.66, -32.07
-0.55, -0.79, -0.66, 15.43, 33.49, -41.08
-0.32, -0.77, -0.57, 18.63, 39.34, -47.63
-0.09, -0.82, -0.53, 18.78, 27.87, -43.94
0.14, -0.83, -0.53, 15.18, 20.64, -22.08
0.38, -0.77, -0.49, 11.14, 19.72, -1.92
0.49, -0.72, -0.40, -0.48, 14.60, 14.92
0.47, -0.74, -0.33, -19.76, 21.67, 30.92
0.38, -0.78, -0.31, -34.97, 19.83, 37.90
0.18, -0.78, -0.31, -50.22, 17.49, 42.70
0.01, -0.77, -0.35, -60.08, 5.13, 42.63
-0.09, -0.77, -0.41, -56.07, -15.32, 36.71
-0.21, -0.79, -0.53, -40.84, -33.45, 26.84
-0.35, -0.82, -0.60, -32.59, -45.94, 3.75
-0.60, -0.82, -0.63, -16.55, -45.32, -21.38
-0.71, -0.79, -0.68, -1.62, -4.70, -28.62
-0.52, -0.75, -0.66, 12.09, 30.39, -37.13
-0.31, -0.74, -0.59, 17.55, 39.03, -40.82
-0.08, -0.77, -0.53, 18.91, 34.40, -34.91
0.13, -0.79, -0.52, 17.39, 19.36, -20.71
0.30, -0.76, -0.51, 14.35, 12.24, -4.28
0.35, -0.73, -0.46, 5.58, 9.09, 13.67
0.34, -0.73, -0.37, -8.09, 22.04, 27.64
0.33, -0.75, -0.31, -21.14, 20.33, 34.97
0.24, -0.78, -0.31, -38.93, 15.31, 42.45
0.13, -0.80, -0.35, -51.17, 7.51, 45.46
0.02, -0.80, -0.39, -53.71, -12.47, 42.46
-0.10, -0.81, -0.48, -47.77, -35.15, 33.21
-0.29, -0.82, -0.58, -33.12, -47.94, 16.02
-0.50, -0.84, -0.65, -22.35, -46.77, -8.57
-0.71, -0.84, -0.66, -7.36, -29.02, -28.61
-0.68, -0.82, -0.66, 4.78, 16.91, -36.80
-0.45, -0.78, -0.63, 11.71, 37.71, -47.09
-0.24, -0.78, -0.56, 16.20, 38.52, -46.66
-0.01, -0.80, -0.52, 14.77, 28.07, -35.75
0.25, -0.79, -0.50, 12.60, 20.28, -15.99
0.40, -0.74, -0.46, 6.98, 9.91, 0.96
0.43, -0.72, -0.37, -9.58, 7.64, 17.21
0.40, -0.75, -0.32, -24.36, 14.18, 30.06
0.30, -0.76, -0.31, -41.34, 12.22, 36.32
0.14, -0.76, -0.31, -51.26, 7.61, 41.56
0.01, -0.76, -0.37, -56.25, -4.46, 40.68
-0.09, -0.78, -0.44, -51.01, -29.46, 30.17
-0.25, -0.82, -0.54, -38.28, -50.05, 18.31
-0.45, -0.85, -0.61, -26.65, -53.30, -4.17
-0.67, -0.85, -0.65, -10.97, -34.12, -25.06
-0.70, -0.79, -0.66, 3.40, 8.36, -33.56
-0.48, -0.74, -0.63, 14.64, 33.13, -42.30
-0.24, -0.75, -0.57, 17.65, 32.78, -42.50
-0.03, -0.79, -0.52, 15.56, 20.39, -34.22
0.16, -0.79, -0.50, 12.75, 15.92, -15.98
0.33, -0.75, -0.49, 7.81, 12.92, -0.35
0.41, -0.72, -0.42, -5.64, 11.67, 14.79
0.41, -0.75, -0.33, -19.90, 19.82, 29.39
0.36, -0.79, -0.30, -36.98, 16.07, 37.14
0.22, -0.79, -0.32, -49.85, 9.76, 43.24
0.06, -0.79, -0.36, -57.60, -3.41, 42.85
-0.07, -0.80, -0.41, -55.28, -26.69, 34.97
-0.24, -0.82, -0.52, -40.75, -47.42, 19.83
-0.45, -0.85, -0.61, -28.90, -50.62, -0.09
-0.69, -0.86, -0.63, -17.67, -39.06, -28.21
-0.73, -0.81, -0.65, -2.88, -0.37, -34.19
-0.49, -0.75, -0.65, 10.52, 28.48, -42.96
-0.27, -0.74, -0.56, 17.69, 32.90, -43.95
-0.07, -0.78, -0.54, 19.04, 26.44, -36.70
0.12, -0.79, -0.51, 14.69, 20.07, -20.24
0.33, -0.76, -0.47, 7.31, 16.25, -1.90
0.44, -0.73, -0.39, -6.26, 12.66, 17.80
0.45, -0.74, -0.32, -23.59, 11.56, 29.94
0.35, -0.78, -0.31, -39.65, 7.33, 40.15
0.18, -0.78, -0.33, -55.33, 5.73, 45.03
0.03, -0.76, -0.38, -60.07, -9.43, 43.10
-0.11, -0.75, -0.45, -54.20, -27.64, 35.86
-0.25, -0.79, -0.56, -41.71, -45.62, 22.23
-0.48, -0.82, -0.63, -30.11, -49.23, -0.01
-0.72, -0.81, -0.66, -13.80, -40.21, -26.50
-0.77, -0.77, -0.69, 4.60, 5.32, -33.32
-0.54, -0.73, -0.67, 17.08, 36.09, -43.63
-0.27, -0.76, -0.58, 19.43, 39.89, -45.17
-0.05, -0.80, -0.53, 19.14, 31.79, -35.15
0.15, -0.80, -0.51, 15.77, 18.86, -21.46
0.32, -0.78, -0.49, 10.28, 13.51, -4.50
0.40, -0.75, -0.42, -4.69, 16.54, 16.98
0.45, -0.75, -0.32, -22.57, 18.05, 27.49
0.38, -0.80, -0.29, -40.12, 10.91, 36.83
0.20, -0.81, -0.32, -55.93, 5.63, 41.37
0.03, -0.77, -0.37, -61.53, -4.96, 41.61
-0.10, -0.76, -0.44, -58.42, -24.39, 35.01
-0.25, -0.78, -0.56, -42.18, -49.06, 16.94
-0.51, -0.80, -0.69, -23.60, -52.56, -5.51
-0.78, -0.79, -0.70, -7.13, -37.49, -33.24
-0.81, -0.76, -0.68, 6.24, 13.70, -36.89
-0.53, -0.74, -0.65, 18.71, 44.40, -43.60
-0.22, -0.74, -0.57, 22.75, 42.20, -43.36
-0.03, -0.77, -0.51, 21.49, 27.71, -35.85
0.19, -0.79, -0.49, 17.11, 21.76, -16.81
0.38, -0.77, -0.45, 8.51, 14.93, 2.27
0.45, -0.75, -0.37, -8.98, 12.09, 21.02
0.46, -0.77, -0.30, -27.24, 13.70, 32.97
0.38, -0.79, -0.29, -44.59, 6.22, 41.12
0.19, -0.79, -0.33, -59.41, 3.31, 48.18
0.01, -0.76, -0.37, -64.00, -11.03, 44.23
-0.15, -0.75, -0.46, -56.21, -35.34, 32.85
-0.31, -0.77, -0.61, -41.26, -50.90, 18.59
-0.57, -0.78, -0.70, -25.64, -55.77, -8.81
-0.85, -0.76, -0.71, -6.17, -33.38, -33.35
-0.83, -0.75, -0.69, 11.52, 17.15, -39.22
-0.51, -0.75, -0.64, 23.16, 42.30, -48.80
-0.22, -0.77, -0.57, 24.54, 36.66, -50.04
-0.01, -0.81, -0.53, 24.41, 18.51, -39.98
0.20, -0.81, -0.52, 17.45, 17.07, -17.08
0.40, -0.76, -0.46, 11.48, 20.15, 1.62
0.47, -0.72, -0.36, -5.56, 15.10, 15.77
0.45, -0.77, -0.28, -28.77, 21.10, 32.79
0.40, -0.81, -0.29, -45.75, 12.01, 40.94
0.19, -0.79, -0.32, -58.83, 3.86, 46.14
0.02, -0.76, -0.37, -63.33, -7.02, 43.68
-0.11, -0.77, -0.44, -60.20, -34.12, 33.17
-0.29, -0.79, -0.56, -43.23, -47.65, 20.32
-0.53, -0.80, -0.66, -30.36, -49.55, -4.73
-0.79, -0.79, -0.68, -12.59, -37.20, -31.93
-0.82, -0.75, -0.71, 9.25, 12.06, -36.80
-0.55, -0.72, -0.68, 21.38, 38.26, -47.49
-0.26, -0.75, -0.59, 26.49, 37.77, -47.57
-0.06, -0.80, -0.54, 28.47, 19.41, -44.76
0.12, -0.80, -0.52, 23.00, 11.94, -24.97
0.31, -0.77, -0.49, 17.44, 18.59, -3.23
0.44, -0.72, -0.39, 0.02, 22.50, 18.35
0.49, -0.72, -0.26, -21.56, 26.74, 35.56
0.47, -0.77, -0.22, -40.70, 13.40, 45.38
0.30, -0.79, -0.25, -61.02, -4.42, 50.24
0.06, -0.79, -0.33, -64.00, -21.65, 49.46
-0.12, -0.76, -0.47, -64.00, -46.37, 39.79
-0.40, -0.70, -0.66, -39.06, -60.83, 14.37
-0.73, -0.72, -0.76, -13.06, -56.71, -17.88
-0.98, -0.81, -0.72, -0.73, -24.00, -44.38
-0.86, -0.86, -0.69, 17.28, 45.18, -46.77
-0.43, -0.81, -0.66, 28.22, 64.00, -54.69
-0.09, -0.82, -0.57, 32.44, 40.45, -55.01
0.12, -0.88, -0.50, 23.00, 24.28, -30.16
0.44, -0.86, -0.47, 14.85, 32.08, -1.30
0.60, -0.78, -0.39, 3.96, 13.33, 10.39
0.52, -0.76, -0.25, -19.12, 14.43, 26.00
0.45, -0.80, -0.22, -42.98, 11.37, 36.72
0.27, -0.81, -0.27, -64.00, 8.37, 42.34
0.07, -0.77, -0.28, -64.00, -4.60, 40.62
-0.08, -0.72, -0.38, -64.00, -33.84, 37.56
-0.21, -0.70, -0.59, -51.62, -50.60, 26.35
-0.47, -0.72, -0.71, -28.43, -59.10, 1.08
-0.80, -0.76, -0.70, -8.81, -44.86, -31.64
-0.92, -0.78, -0.70, 8.08, 8.21, -40.54
-0.62, -0.75, -0.66, 18.89, 49.46, -44.74
-0.24, -0.74, -0.58, 25.10, 44.38, -47.66
-0.04, -0.79, -0.51, 23.09, 20.59, -42.15
0.14, -0.82, -0.50, 15.41, 12.17, -23.42
0.34, -0.78, -0.46, 7.93, 12.40, -0.42
0.45, -0.74, -0.38, -7.21, 14.30, 15.49
0.47, -0.74, -0.28, -27.47, 15.44, 27.94
0.41, -0.79, -0.28, -43.51, 11.86, 37.64
0.25, -0.81, -0.32, -61.28, 9.16, 45.45
0.07, -0.79, -0.36, -64.00, 2.50, 46.86
-0.03, -0.77, -0.44, -64.00, -22.21, 41.07
-0.17, -0.79, -0.56, -50.80, -37.13, 31.52
-0.38, -0.80, -0.67, -36.31, -43.12, 8.24
-0.69, -0.77, -0.68, -19.85, -45.82, -22.69
-0.81, -0.76, -0.73, 6.80, -8.38, -31.20
-0.62, -0.76, -0.73, 17.61, 28.07, -40.46
-0.36, -0.77, -0.62, 22.72, 41.84, -46.03
-0.16, -0.78, -0.54, 23.63, 35.54, -45.53
0.04, -0.80, -0.50, 17.77, 21.20, -34.34
0.24, -0.79, -0.47, 10.47, 18.16, -12.80
0.41, -0.74, -0.44, 1.21, 15.69, 6.80
0.46, -0.72, -0.35, -15.62, 16.61, 23.57
0.43, -0.75, -0.28, -34.85, 12.92, 32.72
0.32, -0.79, -0.30, -52.80, 6.08, 42.40
0.14, -0.77, -0.35, -64.00, 3.07, 46.64
-0.01, -0.72, -0.40, -64.00, -20.11, 41.90
-0.15, -0.72, -0.53, -51.22, -39.35, 33.74
-0.31, -0.75, -0.69, -38.34, -49.73, 15.76
-0.64, -0.75, -0.69, -20.54, -57.64, -18.52
-0.88, -0.76, -0.74, 1.90, -18.20, -30.72
-0.74, -0.75, -0.74, 16.00, 32.73, -39.32
-0.43, -0.75, -0.61, 22.18, 46.62, -47.19
-0.16, -0.79, -0.52, 20.75, 32.94, -47.46
0.04, -0.83, -0.49, 17.88, 8.39, -40.06
0.24, -0.82, -0.48, 7.51, 8.93, -14.77
0.43, -0.76, -0.47, 3.58, 20.05, 6.68
0.50, -0.70, -0.37, -10.43, 16.26, 21.65
0.46, -0.77, -0.28, -29.99, 23.10, 36.68
0.37, -0.83, -0.31, -48.21, 16.35, 44.89
0.19, -0.79, -0.34, -63.74, 5.77, 46.89
-0.00, -0.74, -0.39, -64.00, -13.66, 48.26
-0.10, -0.72, -0.54, -54.25, -36.23, 39.58
-0.28, -0.74, -0.68, -38.16, -47.70, 19.56
-0.62, -0.78, -0.69, -25.83, -56.85, -15.20
-0.91, -0.80, -0.70, -7.83, -37.05, -38.92
-0.85, -0.74, -0.76, 14.45, 24.43, -44.49
-0.53, -0.71, -0.71, 28.19, 53.22, -53.14
-0.23, -0.76, -0.58, 29.14, 53.48, -50.77
0.01, -0.82, -0.53, 28.58, 32.14, -43.75
0.23, -0.80, -0.51, 17.99, 28.66, -17.87
0.43, -0.73, -0.44, 17.14, 27.18, -1.63
0.46, -0.72, -0.37, 1.95, 9.88, 9.33
0.40, -0.79, -0.27, -22.37, 24.61, 31.30
0.39, -0.82, -0.28, -40.07, 17.27, 37.12
0.25, -0.78, -0.28, -55.31, 6.19, 40.22
0.08, -0.77, -0.32, -63.98, -3.81, 44.90
-0.04, -0.76, -0.42, -64.00, -27.54, 38.06
-0.21, -0.74, -0.52, -52.56, -45.95, 25.87
-0.38, -0.75, -0.63, -35.12, -52.17, 7.62
-0.61, -0.80, -0.68, -19.21, -51.50, -18.76
-0.77, -0.79, -0.71, -2.76, -12.47, -34.14
-0.61, -0.73, -0.73, 17.67, 29.84, -36.48
-0.30, -0.71, -0.67, 24.81, 46.10, -37.19
-0.04, -0.77, -0.58, 26.28, 43.54, -31.42
0.15, -0.79, -0.50, 21.10, 30.01, -18.23
0.32, -0.78, -0.45, 11.84, 23.38, 2.57
0.47, -0.77, -0.39, -6.15, 27.67, 27.80
0.54, -0.78, -0.34, -21.50, 16.26, 34.92
0.36, -0.80, -0.29, -41.55, 4.54, 41.80
0.18, -0.80, -0.31, -59.26, -2.33, 46.75
-0.02, -0.76, -0.40, -64.00, -33.91, 40.60
-0.18, -0.72, -0.56, -44.69, -61.19, 27.94
-0.40, -0.75, -0.73, -26.04, -61.33, 10.54
-0.74, -0.80, -0.70, -16.85, -57.46, -32.29
-0.99, -0.77, -0.68, -0.50, 2.62, -40.50
-0.71, -0.70, -0.68, 15.63, 54.14, -44.28
-0.28, -0.70, -0.62, 20.56, 57.52, -44.86
-0.05, -0.78, -0.52, 18.62, 48.82, -34.36
0.18, -0.80, -0.48, 15.71, 30.96, -20.42
0.35, -0.78, -0.45, 8.24, 17.60, -1.90
0.43, -0.77, -0.41, -0.97, 12.55, 15.59
0.42, -0.77, -0.37, -17.29, 12.56, 23.82
0.29, -0.81, -0.33, -32.83, 8.86, 28.90
0.14, -0.82, -0.34, -46.15, 5.44, 30.88
-0.00, -0.79, -0.41, -53.31, -4.37, 28.93
-0.13, -0.76, -0.49, -51.88, -27.27, 18.27
-0.28, -0.73, -0.59, -34.10, -53.32, 2.97
-0.47, -0.74, -0.71, -12.22, -55.53, -17.40
-0.67, -0.79, -0.72, 0.59, -21.32, -33.64
-0.70, -0.78, -0.64, 11.99, 22.38, -51.31
-0.52, -0.77, -0.58, 20.68, 39.45, -56.94
-0.22, -0.80, -0.55, 24.63, 36.30, -49.73
0.12, -0.82, -0.54, 23.42, 31.88, -31.72
0.35, -0.77, -0.52, 29.39, 19.61, -20.45
0.36, -0.73, -0.44, 22.55, -1.32, -17.70
0.26, -0.79, -0.34, 3.96, 15.95, 0.65
0.34, -0.82, -0.32, -13.05, 32.14, 17.69
0.42, -0.80, -0.27, -33.39, 28.38, 27.53
0.37, -0.80, -0.27, -46.36, 17.64, 39.40
0.27, -0.80, -0.30, -56.96, 4.62, 45.94
0.13, -0.79, -0.34, -64.00, -17.42, 46.24
-0.09, -0.78, -0.46, -58.93, -49.76, 36.76
-0.29, -0.75, -0.64, -41.21, -64.00, 17.98
-0.59, -0.74, -0.72, -16.15, -64.00, -13.80
-0.85, -0.78, -0.71, 0.03, -37.84, -37.54
-0.81, -0.81, -0.65, 10.07, 30.63, -44.92
-0.48, -0.77, -0.63, 20.47, 59.56, -52.35
-0.15, -0.75, -0.57, 26.85, 46.87, -53.25
0.07, -0.79, -0.51, 22.42, 28.98, -33.20
0.31, -0.81, -0.48, 19.84, 21.06, -11.44
0.50, -0.77, -0.41, 11.67, 14.46, 9.89
0.52, -0.74, -0.32, -7.62, 11.57, 23.46
0.44, -0.77, -0.22, -29.06, 13.23, 32.02
0.32, -0.79, -0.24, -48.68, 9.13, 38.62
0.18, -0.79, -0.27, -64.00, 3.83, 44.13
0.05, -0.77, -0.34, -64.00, -13.79, 42.63
-0.08, -0.75, -0.48, -64.00, -42.02, 34.46
-0.25, -0.74, -0.63, -45.62, -54.81, 20.65
-0.51, -0.79, -0.66, -31.72, -63.32, -10.86
-0.78, -0.82, -0.68, -12.63, -38.64, -33.33
-0.75, -0.81, -0.71, 5.64, 15.42, -39.97
-0.45, -0.77, -0.68, 20.12, 42.86, -46.78
-0.20, -0.79, -0.61, 26.64, 35.10, -51.03
-0.02, -0.84, -0.56, 26.45, 18.85, -43.91
0.17, -0.84, -0.54, 26.39, 8.38, -28.43
0.33, -0.79, -0.52, 22.81, 6.07, -13.06
0.36, -0.75, -0.42, 11.94, 7.07, -4.98
0.32, -0.76, -0.33, -9.87, 21.13, 10.72
0.36, -0.78, -0.28, -30.95, 27.91, 22.86
0.35, -0.80, -0.28, -46.08, 22.29, 33.00
0.20, -0.81, -0.29, -60.23, 10.77, 38.70
0.09, -0.80, -0.34, -64.00, -7.22, 38.40
-0.02, -0.77, -0.45, -62.43, -35.82, 33.88
-0.16, -0.75, -0.58, -47.02, -58.93, 17.41
-0.43, -0.77, -0.70, -19.23, -64.00, -6.61
-0.72, -0.80, -0.72, -5.51, -48.12, -33.68
-0.81, -0.83, -0.68, 8.34, 14.22, -44.30
-0.56, -0.79, -0.65, 21.04, 49.74, -55.03
-0.24, -0.79, -0.58, 27.05, 42.68, -59.35
-0.02, -0.84, -0.53, 24.26, 29.76, -45.98
0.26, -0.83, -0.52, 22.89, 28.72, -25.88
0.45, -0.77, -0.44, 19.21, 16.04, -12.96
0.44, -0.74, -0.35, 5.47, 12.86, 0.12
0.42, -0.78, -0.27, -16.32, 21.50, 20.25
0.44, -0.80, -0.25, -37.96, 20.45, 32.09
0.35, -0.80, -0.25, -56.69, 11.71, 41.07
0.20, -0.78, -0.27, -64.00, 6.18, 48.32
0.11, -0.72, -0.35, -64.00, -20.51, 44.72
-0.05, -0.74, -0.46, -60.26, -42.22, 36.67
-0.25, -0.75, -0.59, -46.02, -58.73, 17.37
-0.55, -0.77, -0.64, -30.74, -64.00, -12.79
-0.81, -0.78, -0.71, -5.16, -48.85, -37.63
-0.79, -0.77, -0.73, 12.64, 7.93, -45.51
-0.51, -0.75, -0.68, 26.47, 43.38, -55.50
-0.22, -0.77, -0.59, 30.41, 40.18, -57.97
0.03, -0.83, -0.52, 28.57, 29.35, -41.89
0.35, -0.83, -0.50, 25.43, 26.01, -16.96
0.54, -0.76, -0.46, 19.85, 12.90, -2.08
0.52, -0.76, -0.35, 2.13, 14.16, 15.60
0.49, -0.82, -0.27, -24.27, 23.42, 32.12
0.43, -0.84, -0.26, -42.44, 18.66, 38.24
0.26, -0.81, -0.25, -59.08, 9.67, 43.67
0.11, -0.78, -0.31, -64.00, -7.27, 46.10
-0.03, -0.75, -0.45, -63.03, -38.05, 36.29
-0.21, -0.73, -0.59, -47.21, -57.64, 20.46
-0.50, -0.75, -0.69, -28.41, -64.00, -8.96
-0.77, -0.78, -0.70, -10.52, -49.94, -34.72
-0.80, -0.79, -0.69, 7.76, 14.54, -40.95
-0.50, -0.76, -0.65, 19.91, 49.93, -48.51
-0.17, -0.77, -0.58, 27.09, 46.49, -49.79
0.08, -0.83, -0.51, 24.96, 29.63, -34.68
0.37, -0.85, -0.47, 18.13, 27.50, -7.19
0.59, -0.80, -0.44, 13.45, 22.83, 14.13
0.60, -0.78, -0.32, -7.57, 19.83, 28.50
0.50, -0.84, -0.22, -30.10, 18.50, 40.70
0.37, -0.86, -0.23, -53.30, 10.49, 45.85
0.22, -0.81, -0.27, -64.00, 2.95, 51.27
0.06, -0.75, -0.35, -64.00, -25.49, 43.95
-0.13, -0.74, -0.51, -61.30, -48.94, 31.85
-0.39, -0.75, -0.67, -41.63, -63.91, 5.79
-0.74, -0.74, -0.73, -16.22, -64.00, -33.58
-0.98, -0.76, -0.74, 4.17, -17.33, -46.70
-0.76, -0.77, -0.69, 21.20, 47.07, -52.93
-0.33, -0.77, -0.63, 28.16, 57.42, -59.26
-0.03, -0.82, -0.54, 30.58, 39.65, -50.09
0.29, -0.84, -0.48, 26.43, 34.29, -21.74
0.62, -0.81, -0.44, 20.76, 24.08, -0.28
0.64, -0.79, -0.35, 4.33, 12.49, 16.65
0.53, -0.82, -0.23, -22.76, 22.67, 37.32
0.49, -0.85, -0.21, -45.92, 16.70, 41.90
0.30, -0.82, -0.22, -64.00, 2.60, 45.90
0.12, -0.76, -0.28, -64.00, -12.56, 46.94
-0.04, -0.70, -0.46, -64.00, -38.59, 38.04
-0.26, -0.67, -0.65, -51.69, -59.74, 15.40
-0.62, -0.71, -0.74, -24.14, -64.00, -13.19
-0.90, -0.76, -0.73, -5.60, -38.46, -39.46
-0.86, -0.81, -0.70, 10.08, 30.47, -44.97
-0.49, -0.78, -0.64, 21.89, 56.36, -52.78
-0.10, -0.78, -0.55, 25.35, 42.25, -52.05
0.17, -0.83, -0.48, 22.34, 24.66, -28.77
0.49, -0.85, -0.45, 13.07, 27.16, 1.06
0.68, -0.80, -0.40, 5.21, 10.09, 15.64
0.59, -0.78, -0.30, -18.09, 11.86, 32.14
0.47, -0.84, -0.23, -38.36, 11.47, 41.50
0.32, -0.84, -0.24, -59.92, 2.85, 45.76
0.16, -0.79, -0.29, -64.00, -11.74, 47.26
-0.01, -0.73, -0.42, -64.00, -35.25, 38.78
-0.21, -0.70, -0.60, -55.18, -50.30, 22.35
-0.51, -0.73, -0.69, -35.92, -60.11, -4.91
-0.84, -0.76, -0.73, -15.55, -48.53, -36.95
-0.92, -0.78, -0.71, 5.24, 10.47, -44.90
-0.57, -0.78, -0.67, 22.74, 48.12, -51.55
-0.17, -0.80, -0.61, 25.31, 39.23, -55.18
0.06, -0.86, -0.55, 24.91, 20.22, -42.63
0.31, -0.84, -0.53, 24.88, 19.30, -21.22
0.48, -0.78, -0.48, 18.67, 19.39, -6.95
0.48, -0.77, -0.36, 2.91, 18.95, 7.98
0.45, -0.81, -0.27, -20.22, 27.97, 25.46
0.44, -0.84, -0.26, -42.70, 21.88, 32.70
0.29, -0.82, -0.27, -61.32, 16.09, 40.74
0.15, -0.77, -0.28, -64.00, 5.89, 43.48
0.02, -0.74, -0.37, -64.00, -22.46, 34.88
-0.12, -0.74, -0.50, -59.68, -42.21, 25.14
-0.30, -0.76, -0.64, -44.01, -51.54, 10.76
-0.53, -0.76, -0.69, -25.05, -47.45, -16.36
-0.72, -0.76, -0.72, -7.11, -19.35, -31.92
-0.61, -0.76, -0.73, 12.41, 22.79, -32.01
-0.27, -0.75, -0.66, 21.32, 45.67, -33.17
-0.01, -0.77, -0.57, 23.55, 40.19, -28.31
0.19, -0.80, -0.50, 20.15, 29.28, -13.15
0.36, -0.80, -0.43, 11.51, 20.36, 5.33
0.48, -0.79, -0.37, -3.79, 15.70, 24.23
0.50, -0.79, -0.32, -21.11, 9.07, 35.23
0.40, -0.80, -0.30, -40.71, -0.94, 40.51
0.22, -0.77, -0.32, -56.65, -8.55, 45.54
0.06, -0.75, -0.38, -61.91, -23.05, 37.90
-0.09, -0.75, -0.53, -53.09, -25.89, 32.34
-0.30, -0.77, -0.66, -48.24, -27.01, 15.11
-0.57, -0.74, -0.69, -31.45, -31.42, -13.72
-0.70, -0.73, -0.70, -8.61, -17.19, -26.70
-0.57, -0.78, -0.72, 6.23, 15.95, -31.67
-0.32, -0.78, -0.67, 13.73, 31.98, -34.64
-0.11, -0.77, -0.57, 17.56, 36.85, -31.21
0.10, -0.78, -0.52, 16.67, 30.95, -23.64
0.26, -0.80, -0.46, 7.39, 22.58, -6.18
0.40, -0.79, -0.43, -0.30, 23.09, 13.33
0.48, -0.78, -0.36, -17.95, 17.74, 27.06
0.42, -0.80, -0.31, -33.81, 6.25, 33.59
0.23, -0.82, -0.32, -49.47, 0.10, 37.49
0.08, -0.78, -0.37, -60.34, -7.00, 34.54
-0.12, -0.74, -0.46, -54.70, -31.53, 21.79
-0.29, -0.75, -0.61, -38.72, -45.08, 9.05
-0.47, -0.78, -0.75, -23.00, -48.30, -11.70
-0.70, -0.74, -0.77, -4.13, -32.38, -37.37
-0.72, -0.71, -0.73, 14.82, 22.56, -41.96
-0.44, -0.73, -0.63, 23.04, 49.25, -49.89
-0.13, -0.79, -0.57, 23.08, 51.76, -43.08
0.13, -0.83, -0.48, 18.41, 37.90, -30.76
0.39, -0.82, -0.41, 11.33, 25.50, -8.03
0.57, -0.80, -0.37, 1.49, 19.34, 16.86
0.61, -0.78, -0.32, -15.85, 7.29, 29.70
0.48, -0.80, -0.28, -34.22, 3.67, 40.29
0.29, -0.80, -0.29, -54.44, 2.12, 45.23
0.12, -0.77, -0.34, -64.00, -9.68, 41.53
-0.04, -0.72, -0.42, -62.02, -25.46, 34.34
-0.16, -0.73, -0.58, -46.03, -46.97, 22.94
-0.42, -0.73, -0.73, -27.96, -47.13, 1.20
-0.72, -0.70, -0.76, -7.82, -39.30, -26.80
-0.80, -0.73, -0.72, 9.74, 6.63, -33.55
-0.51, -0.77, -0.67, 21.84, 38.72, -40.17
-0.17, -0.80, -0.59, 23.52, 34.59, -42.44
0.02, -0.82, -0.55, 23.56, 19.37, -38.04
0.18, -0.82, -0.52, 21.48, 8.74, -26.31
0.31, -0.81, -0.49, 17.57, 5.79, -10.66
0.39, -0.79, -0.47, 7.98, 15.40, 7.15
0.41, -0.78, -0.38, -10.05, 20.12, 18.28
0.38, -0.81, -0.27, -32.88, 21.83, 27.42
0.31, -0.83, -0.27, -51.00, 16.22, 38.96
0.24, -0.79, -0.31, -63.12, 8.64, 43.43
0.07, -0.73, -0.37, -64.00, -10.82, 39.27
-0.09, -0.72, -0.47, -62.70, -35.54, 28.07
-0.24, -0.74, -0.66, -41.13, -55.54, 16.69
-0.46, -0.74, -0.77, -19.67, -61.80, -11.06
-0.78, -0.73, -0.76, -1.09, -34.42, -36.80
-0.79, -0.73, -0.73, 18.08, 22.25, -44.12
-0.44, -0.75, -0.68, 30.49, 51.10, -47.81
-0.12, -0.81, -0.60, 30.20, 45.81, -45.35
0.13, -0.84, -0.52, 28.58, 24.57, -33.64
0.34, -0.82, -0.46, 21.48, 17.99, -7.58
0.53, -0.78, -0.42, 13.20, 15.78, 10.70
0.54, -0.76, -0.34, -4.78, 16.47, 27.63
0.45, -0.79, -0.25, -30.28, 23.04, 37.72
0.34, -0.81, -0.23, -48.95, 18.91, 44.41
0.20, -0.78, -0.27, -64.00, 9.48, 45.46
0.09, -0.74, -0.34, -64.00, -7.93, 49.79
-0.02, -0.70, -0.48, -64.00, -34.46, 39.10
-0.21, -0.70, -0.64, -43.50, -42.86, 26.00
-0.48, -0.75, -0.68, -29.78, -49.46, 2.31
-0.76, -0.77, -0.67, -16.62, -32.75, -26.94
-0.75, -0.77, -0.70, 0.96, 14.99, -28.45
-0.43, -0.77, -0.68, 11.00, 38.20, -35.18
-0.10, -0.79, -0.60, 12.13, 32.23, -33.59
0.12, -0.82, -0.53, 7.69, 18.43, -24.50
0.26, -0.81, -0.50, 1.29, 0.96, -16.62
0.29, -0.80, -0.47, -8.91, -12.52, -5.88
0.29, -0.80, -0.43, -19.35, -23.38, 4.02
0.27, -0.82, -0.40, -31.34, -42.50, 10.78
0.16, -0.81, -0.42, -40.14, -56.71, 12.28
-0.02, -0.76, -0.50, -44.71, -64.00, 6.08
-0.19, -0.73, -0.57, -39.85, -62.59, -9.68
-0.28, -0.71, -0.60, -33.91, -64.00, -18.23
-0.31, -0.74, -0.61, -34.95, -64.00, -27.63
-0.28, -0.79, -0.57, -42.66, -64.00, -32.28
-0.23, -0.79, -0.53, -46.29, -64.00, -34.03
-0.18, -0.74, -0.57, -45.63, -56.68, -38.51
-0.13, -0.73, -0.58, -48.02, -44.04, -40.38
-0.09, -0.78, -0.54, -51.30, -38.62, -36.71
-0.09, -0.81, -0.52, -54.65, -38.09, -35.64
-0.08, -0.81, -0.52, -58.59, -47.92, -32.38
-0.05, -0.77, -0.58, -52.59, -47.43, -31.12
0.01, -0.72, -0.60, -46.38, -49.39, -27.28
0.02, -0.69, -0.63, -38.35, -40.88, -21.38
0.04, -0.67, -0.60, -35.91, -26.57, -17.68
0.03, -0.69, -0.54, -37.59, -9.35, -10.42
0.01, -0.73, -0.52, -41.55, -5.89, -2.82
0.02, -0.72, -0.55, -41.08, -10.62, 5.10
0.02, -0.71, -0.56, -39.38, -21.70, 7.12
0.01, -0.71, -0.56, -35.83, -32.72, 9.24
-0.02, -0.72, -0.55, -31.43, -35.22, 9.66
-0.07, -0.75, -0.53, -30.85, -36.09, 7.17
-0.13, -0.76, -0.53, -26.71, -27.31, 6.21
-0.16, -0.75, -0.54, -23.51, -15.96, 6.72
-0.16, -0.74, -0.56, -20.84, -9.00, 5.19
-0.16, -0.72, -0.58, -15.16, -2.50, 2.38
-0.14, -0.70, -0.57, -11.33, -0.69, 0.08
-0.10, -0.72, -0.54, -10.05, 0.34, 2.51
-0.07, -0.74, -0.52, -14.26, 1.25, 6.94
-0.05, -0.74, -0.49, -16.67, -1.23, 10.02
-0.06, -0.70, -0.50, -16.92, -1.09, 14.36
-0.06, -0.68, -0.53, -19.70, 0.11, 15.65
-0.08, -0.68, -0.55, -18.38, -0.81, 17.97
-0.10, -0.68, -0.57, -17.06, -2.91, 18.50
-0.13, -0.69, -0.60, -14.92, -9.47, 17.27
-0.18, -0.69, -0.61, -14.44, -15.27, 14.41
-0.21, -0.69, -0.62, -12.78, -18.64, 12.34
-0.22, -0.71, -0.62, -11.22, -20.44, 8.71
-0.23, -0.72, -0.62, -9.71, -18.51, 7.44
-0.25, -0.72, -0.61, -8.78, -13.56, 3.62
-0.27, -0.72, -0.60, -8.37, -5.10, -0.01
-0.26, -0.72, -0.60, -8.04, -1.14, -3.60
-0.23, -0.72, -0.60, -8.93, -0.78, -3.67
-0.19, -0.73, -0.60, -7.62, -2.95, -2.54
-0.16, -0.72, -0.60, -5.63, -5.59, -2.96
-0.14, -0.71, -0.58, -9.15, -8.43, -2.43
-0.14, -0.72, -0.56, -11.56, -7.81, -0.72
-0.15, -0.71, -0.57, -12.13, -6.22, 0.63
-0.16, -0.66, -0.57, -12.66, -3.49, 1.40
-0.17, -0.68, -0.57, -13.64, -1.17, 2.32
-0.16, -0.70, -0.57, -15.75, -0.66, 3.65
-0.16, -0.70, -0.57, -16.80, -0.98, 6.98
-0.16, -0.69, -0.57, -17.76, -1.74, 7.05
-0.17, -0.68, -0.57, -17.42, -3.97, 7.02
-0.18, -0.68, -0.59, -16.37, -4.89, 6.45
-0.20, -0.67, -0.59, -14.35, -1.89, 8.41
-0.20, -0.68, -0.58, -14.97, -0.56, 7.63
-0.21, -0.70, -0.58, -14.74, 2.02, 7.30
-0.21, -0.69, -0.59, -13.78, 3.71, 7.17
-0.21, -0.69, -0.59, -11.83, 7.40, 5.73
-0.21, -0.70, -0.58, -11.50, 10.83, 4.41
-0.21, -0.72, -0.58, -13.05, 12.27, 3.14
-0.19, -0.73, -0.59, -13.09, 9.78, 3.25
-0.18, -0.72, -0.59, -12.38, 8.40, 4.97
-0.17, -0.70, -0.57, -12.44, 9.59, 5.74
-0.17, -0.69, -0.57, -11.76, 11.65, 5.59
-0.16, -0.69, -0.57, -10.22, 11.67, 6.51
-0.15, -0.69, -0.53, -10.56, 10.65, 7.51
-0.14, -0.69, -0.56, -9.69, 7.85, 9.30
-0.14, -0.69, -0.56, -10.38, 2.43, 11.19
-0.15, -0.69, -0.57, -10.85, 1.24, 13.44
-0.15, -0.69, -0.58, -10.76, -2.31, 13.99
-0.16, -0.69, -0.57, -9.82, -4.25, 14.28
-0.17, -0.70, -0.56, -10.50, -8.00, 14.88
-0.18, -0.70, -0.56, -10.52, -8.27, 13.99
-0.20, -0.71, -0.57, -12.03, -6.93, 14.71
-0.22, -0.70, -0.58, -10.17, -6.48, 14.42
-0.23, -0.70, -0.59, -9.85, -3.12, 13.47
-0.23, -0.70, -0.59, -9.18, -2.63, 12.01
-0.23, -0.71, -0.59, -9.21, -4.12, 12.01
-0.21, -0.71, -0.58, -9.32, -5.92, 11.91
-0.20, -0.72, -0.58, -10.18, -8.12, 11.63
-0.21, -0.72, -0.58, -10.94, -6.89, 10.86
-0.23, -0.71, -0.58, -11.05, -2.39, 10.26
-0.24, -0.71, -0.57, -11.38, 1.38, 9.22
-0.24, -0.72, -0.57, -12.90, 2.79, 8.47
-0.22, -0.73, -0.57, -15.41, 1.23, 9.90
-0.21, -0.73, -0.57, -15.09, 0.98, 10.63
-0.20, -0.71, -0.58, -17.38, 1.35, 10.17
-0.21, -0.70, -0.58, -18.28, 2.89, 9.79
-0.22, -0.70, -0.58, -19.31, 5.67, 10.35
-0.22, -0.70, -0.59, -22.18, 8.71, 10.37
-0.22, -0.70, -0.58, -22.90, 8.61, 11.49
-0.21, -0.70, -0.58, -24.57, 7.10, 13.02
-0.20, -0.70, -0.58, -25.23, 4.38, 13.95
-0.20, -0.69, -0.59, -23.87, 2.09, 12.86
-0.22, -0.68, -0.59, -25.49, 1.33, 12.51
-0.24, -0.67, -0.58, -22.86, 4.23, 12.98
-0.24, -0.68, -0.56, -24.35, 0.80, 12.76
-0.24, -0.69, -0.56, -24.26, -0.95, 13.38
-0.24, -0.68, -0.55, -22.99, -3.93, 13.72
-0.24, -0.67, -0.54, -24.18, -5.78, 13.06
-0.26, -0.68, -0.52, -24.85, -4.14, 13.44
-0.28, -0.68, -0.52, -24.40, 0.47, 12.89
-0.28, -0.68, -0.53, -25.73, 3.79, 13.13
-0.28, -0.67, -0.54, -21.91, 3.77, 12.23
-0.28, -0.65, -0.55, -22.82, 3.88, 11.70
-0.28, -0.66, -0.56, -19.07, 0.68, 10.54
-0.28, -0.66, -0.56, -19.83, -1.15, 9.72
-0.28, -0.67, -0.57, -18.62, -1.62, 9.81
-0.27, -0.67, -0.57, -18.33, -2.47, 9.71
-0.27, -0.66, -0.58, -18.25, -1.36, 10.14
-0.26, -0.66, -0.58, -17.65, -1.17, 9.38
-0.26, -0.66, -0.58, -19.04, -0.52, 9.24
-0.26, -0.66, -0.58, -19.48, 0.15, 9.71
-0.26, -0.67, -0.58, -20.80, -1.34, 9.97
-0.27, -0.67, -0.59, -21.38, -1.25, 11.98
-0.27, -0.66, -0.59, -22.82, -1.84, 11.16
-0.27, -0.65, -0.60, -22.53, -2.27, 12.47
-0.27, -0.64, -0.60, -23.88, -2.62, 12.68
-0.29, -0.64, -0.60, -24.59, -0.03, 12.68
-0.29, -0.64, -0.60, -24.64, 1.48, 13.87
-0.30, -0.63, -0.60, -24.60, 4.33, 13.96
-0.29, -0.62, -0.60, -24.46, 4.85, 15.51
-0.29, -0.61, -0.60, -23.14, 4.66, 16.20
-0.28, -0.60, -0.60, -22.90, 2.69, 16.76
-0.29, -0.60, -0.60, -21.43, -0.17, 18.48
-0.29, -0.60, -0.61, -19.42, -2.75, 18.77
-0.29, -0.60, -0.60, -17.91, -5.87, 20.17
-0.30, -0.60, -0.60, -15.66, -6.61, 20.85
-0.30, -0.60, -0.59, -15.81, -7.03, 21.31
-0.30, -0.60, -0.57, -14.86, -8.95, 23.06
-0.30, -0.60, -0.57, -15.58, -10.75, 24.62
-0.30, -0.61, -0.56, -15.48, -14.11, 25.10
-0.31, -0.61, -0.55, -13.59, -18.45, 24.76
-0.31, -0.61, -0.55, -13.64, -21.01, 24.83
-0.31, -0.60, -0.55, -13.72, -23.56, 26.49
-0.33, -0.60, -0.54, -14.46, -23.71, 27.25
-0.36, -0.59, -0.54, -14.52, -22.26, 28.05
-0.37, -0.58, -0.55, -15.46, -21.63, 28.55
-0.39, -0.58, -0.55, -15.32, -20.80, 28.80
-0.40, -0.57, -0.56, -16.39, -19.03, 27.98
-0.40, -0.57, -0.56, -15.21, -17.34, 28.07
-0.41, -0.56, -0.56, -15.44, -15.50, 28.36
-0.42, -0.57, -0.56, -16.09, -13.09, 27.94
-0.42, -0.57, -0.56, -16.89, -11.61, 28.97
-0.41, -0.57, -0.56, -16.80, -10.11, 30.79
-0.39, -0.56, -0.57, -17.84, -10.05, 32.82
-0.38, -0.56, -0.57, -18.14, -10.12, 35.55
-0.37, -0.56, -0.56, -19.14, -9.65, 38.04
-0.36, -0.56, -0.56, -19.90, -8.92, 43.52
-0.35, -0.55, -0.55, -21.87, -7.43, 48.03
-0.34, -0.54, -0.54, -23.86, -2.32, 53.99
-0.35, -0.51, -0.54, -25.46, -0.33, 59.20
-0.38, -0.48, -0.55, -25.45, 2.40, 63.73
-0.40, -0.44, -0.55, -26.89, 0.76, 64.00
-0.43, -0.43, -0.54, -28.41, -4.88, 64.00
-0.44, -0.43, -0.53, -29.77, -14.61, 64.00
-0.45, -0.44, -0.52, -31.17, -26.47, 64.00
-0.49, -0.43, -0.52, -31.73, -33.81, 64.00
-0.55, -0.41, -0.54, -31.43, -39.01, 64.00
-0.59, -0.40, -0.54, -30.42, -37.37, 64.00
-0.64, -0.39, -0.54, -29.53, -32.52, 64.00
-0.68, -0.39, -0.53, -29.84, -26.27, 63.35
-0.71, -0.41, -0.53, -31.45, -20.46, 63.79
-0.74, -0.41, -0.53, -31.55, -16.49, 58.83
-0.74, -0.39, -0.53, -29.50, -17.64, 54.11
-0.72, -0.37, -0.54, -27.69, -22.61, 48.71
-0.73, -0.37, -0.54, -25.92, -26.42, 44.33
-0.74, -0.37, -0.54, -23.48, -27.07, 42.91
-0.75, -0.36, -0.53, -21.68, -25.15, 41.24
-0.75, -0.37, -0.52, -21.56, -23.33, 41.33
-0.74, -0.37, -0.52, -21.78, -21.46, 41.12
-0.73, -0.36, -0.52, -20.90, -21.12, 38.55
-0.72, -0.35, -0.52, -19.59, -22.01, 36.97
-0.72, -0.34, -0.52, -20.26, -22.12, 35.64
-0.72, -0.33, -0.52, -20.17, -23.67, 34.28
-0.73, -0.33, -0.52, -18.36, -24.64, 31.58
-0.73, -0.32, -0.51, -20.14, -25.05, 28.85
-0.74, -0.32, -0.51, -19.37, -24.98, 28.13
-0.74, -0.32, -0.50, -19.20, -25.11, 27.36
-0.75, -0.32, -0.50, -17.59, -23.09, 22.91
-0.77, -0.31, -0.51, -20.91, -20.36, 21.70
-0.78, -0.30, -0.51, -18.34, -16.30, 19.65
-0.78, -0.30, -0.50, -18.29, -12.50, 18.21
-0.79, -0.29, -0.49, -17.08, -10.65, 16.23
-0.79, -0.28, -0.49, -17.19, -9.63, 15.22
-0.78, -0.27, -0.49, -17.89, -10.36, 14.69
-0.78, -0.27, -0.49, -17.75, -10.43, 11.24
-0.78, -0.27, -0.49, -17.84, -10.86, 10.96
-0.79, -0.26, -0.49, -17.05, -8.90, 7.83
-0.79, -0.25, -0.49, -17.16, -8.18, 4.59
-0.78, -0.25, -0.48, -16.00, -7.65, 6.17
-0.78, -0.24, -0.48, -16.93, -5.68, 6.30
-0.78, -0.24, -0.47, -18.99, -4.67, 4.32
-0.77, -0.24, -0.47, -17.24, -3.70, 4.84
-0.76, -0.23, -0.47, -17.94, -4.24, 3.64
