ax,ay,az,gx,gy,gz
-0.85, -0.23, -0.13, -12.99, 2.70, -0.20
-0.85, -0.23, -0.13, -12.79, 3.46, 0.68
-0.85, -0.23, -0.13, -12.93, 3.62, -0.40
-0.85, -0.23, -0.13, -13.13, 3.64, -1.10
-0.85, -0.23, -0.13, -13.19, 3.61, 0.44
-0.85, -0.23, -0.13, -13.25, 3.08, 0.15
-0.85, -0.23, -0.13, -12.62, 3.11, 0.48
-0.85, -0.23, -0.13, -13.06, 2.60, -0.74
-0.85, -0.23, -0.13, -12.46, 2.82, -0.17
-0.85, -0.23, -0.13, -12.56, 2.94, -0.96
-0.85, -0.23, -0.13, -12.68, 3.04, -0.83
-0.85, -0.23, -0.13, -12.53, 4.02, -0.19
-0.85, -0.23, -0.13, -12.79, 2.87, -0.09
-0.85, -0.23, -0.13, -12.59, 3.61, -0.03
-0.84, -0.23, -0.14, -11.64, 2.67, -0.59
-0.84, -0.22, -0.14, -10.89, 1.76, -0.84
-0.84, -0.22, -0.14, -10.93, 0.45, -0.66
-0.85, -0.22, -0.14, -10.13, 0.42, -1.40
-0.86, -0.22, -0.14, -9.21, 0.38, -4.40
-0.88, -0.22, -0.14, -7.20, 1.95, -6.15
-0.89, -0.22, -0.14, -6.05, 2.68, -7.80
-0.89, -0.23, -0.14, -4.90, 4.95, -9.66
-0.88, -0.24, -0.14, -4.63, 4.85, -10.08
-0.86, -0.25, -0.14, -4.89, 3.77, -8.21
-0.84, -0.25, -0.13, -4.89, 2.97, -7.15
-0.83, -0.25, -0.13, -3.61, 1.04, -5.46
-0.83, -0.24, -0.12, -3.96, -0.54, -5.53
-0.83, -0.24, -0.12, -3.35, -1.21, -4.39
-0.84, -0.24, -0.12, -2.05, 0.43, -5.06
-0.85, -0.24, -0.12, -1.76, 3.05, -6.48
-0.86, -0.24, -0.12, 0.00, 9.81, -6.76
-0.86, -0.24, -0.11, 1.02, 20.75, -6.13
-0.86, -0.25, -0.11, 1.61, 28.17, -6.87
-0.86, -0.25, -0.11, 0.38, 34.54, -7.78
-0.86, -0.25, -0.12, -0.86, 36.21, -8.00
-0.86, -0.26, -0.11, -2.70, 42.68, -6.50
-0.87, -0.27, -0.11, -5.48, 45.94, -7.24
-0.87, -0.27, -0.12, -7.67, 49.97, -9.81
-0.85, -0.26, -0.14, -7.68, 49.87, -9.00
-0.85, -0.27, -0.15, -8.13, 51.42, -11.03
-0.85, -0.28, -0.17, -11.30, 55.21, -12.57
-0.84, -0.29, -0.19, -11.47, 58.37, -9.00
-0.83, -0.30, -0.19, -14.56, 62.93, -10.05
-0.81, -0.30, -0.19, -15.91, 62.64, -7.34
-0.79, -0.30, -0.19, -17.71, 64.00, -8.17
-0.80, -0.31, -0.21, -18.85, 64.00, -7.59
-0.81, -0.31, -0.24, -21.71, 64.00, -8.67
-0.79, -0.30, -0.26, -19.80, 64.00, -7.18
-0.78, -0.28, -0.28, -19.94, 64.00, -6.59
-0.78, -0.27, -0.30, -18.52, 60.47, -6.01
-0.77, -0.27, -0.31, -17.03, 56.84, -7.07
-0.75, -0.27, -0.32, -16.13, 50.97, -7.91
-0.74, -0.29, -0.33, -17.11, 49.05, -7.42
-0.73, -0.29, -0.33, -17.44, 47.37, -5.55
-0.72, -0.29, -0.34, -20.13, 43.06, -2.57
-0.71, -0.29, -0.36, -20.93, 35.66, -1.59
-0.70, -0.29, -0.39, -19.66, 30.10, -0.34
-0.70, -0.29, -0.41, -18.62, 20.65, -2.54
-0.71, -0.30, -0.41, -16.53, 11.47, -0.76
-0.71, -0.30, -0.41, -14.49, 6.57, 0.21
-0.72, -0.29, -0.40, -12.68, 6.82, 0.77
-0.74, -0.30, -0.40, -11.69, 10.83, 0.09
-0.76, -0.30, -0.39, -13.27, 17.58, -2.15
-0.78, -0.29, -0.40, -11.20, 24.82, -5.17
-0.81, -0.29, -0.41, -12.61, 34.81, -6.94
-0.81, -0.31, -0.43, -12.42, 45.04, -2.97
-0.80, -0.32, -0.46, -12.07, 54.22, -5.07
-0.80, -0.31, -0.49, -10.61, 60.21, -10.29
-0.79, -0.30, -0.52, -11.82, 64.00, -13.67
-0.77, -0.31, -0.56, -11.97, 64.00, -16.75
-0.75, -0.33, -0.59, -12.42, 64.00, -16.78
-0.75, -0.34, -0.64, -11.23, 64.00, -21.23
-0.74, -0.34, -0.69, -7.39, 56.43, -24.85
-0.71, -0.33, -0.73, -0.83, 44.81, -25.75
-0.71, -0.34, -0.75, 3.33, 39.62, -32.55
-0.74, -0.36, -0.74, 2.56, 42.93, -38.73
-0.79, -0.37, -0.73, -3.25, 53.45, -46.09
-0.84, -0.37, -0.72, -7.29, 61.82, -53.62
-0.85, -0.37, -0.76, -10.63, 64.00, -60.28
-0.81, -0.38, -0.83, -13.64, 64.00, -64.00
-0.79, -0.41, -0.86, -15.40, 64.00, -64.00
-0.80, -0.45, -0.82, -19.25, 64.00, -64.00
-0.82, -0.46, -0.73, -20.06, 64.00, -64.00
-0.84, -0.44, -0.68, -18.96, 64.00, -64.00
-0.80, -0.42, -0.70, -16.36, 64.00, -64.00
-0.71, -0.45, -0.72, -9.61, 64.00, -64.00
-0.61, -0.47, -0.76, -3.33, 64.00, -64.00
-0.55, -0.49, -0.75, 3.74, 64.00, -64.00
-0.56, -0.50, -0.70, 7.42, 64.00, -64.00
-0.58, -0.50, -0.63, 8.89, 64.00, -64.00
-0.56, -0.48, -0.58, 9.58, 64.00, -64.00
-0.50, -0.47, -0.53, 11.33, 64.00, -64.00
-0.42, -0.47, -0.50, 14.68, 64.00, -64.00
-0.33, -0.49, -0.50, 16.81, 64.00, -64.00
-0.25, -0.49, -0.49, 19.22, 64.00, -64.00
-0.17, -0.49, -0.50, 22.04, 64.00, -64.00
-0.11, -0.49, -0.49, 23.30, 64.00, -64.00
-0.08, -0.51, -0.47, 21.77, 64.00, -64.00
-0.06, -0.53, -0.45, 19.90, 64.00, -64.00
-0.03, -0.54, -0.44, 18.52, 64.00, -64.00
0.01, -0.54, -0.46, 18.33, 64.00, -64.00
0.06, -0.54, -0.49, 17.93, 64.00, -64.00
0.11, -0.55, -0.50, 17.52, 64.00, -64.00
0.16, -0.56, -0.50, 17.35, 64.00, -64.00
0.19, -0.57, -0.49, 15.66, 64.00, -64.00
0.22, -0.58, -0.50, 14.10, 64.00, -64.00
0.24, -0.59, -0.51, 12.60, 63.27, -64.00
0.26, -0.60, -0.51, 11.46, 58.71, -64.00
0.27, -0.61, -0.51, 9.96, 54.37, -61.63
0.29, -0.62, -0.53, 8.43, 50.19, -59.76
0.29, -0.63, -0.54, 6.88, 46.82, -58.38
0.31, -0.64, -0.55, 4.75, 46.45, -54.54
0.32, -0.63, -0.55, 2.71, 46.03, -53.38
0.33, -0.63, -0.56, -0.99, 44.33, -51.75
0.35, -0.63, -0.56, -1.84, 41.03, -49.94
0.37, -0.63, -0.56, -3.71, 38.60, -47.47
0.37, -0.63, -0.56, -4.72, 37.91, -45.55
0.37, -0.63, -0.55, -5.72, 38.68, -44.17
0.39, -0.62, -0.55, -6.78, 37.24, -42.90
0.42, -0.63, -0.56, -6.63, 31.94, -39.45
0.45, -0.62, -0.57, -6.92, 25.31, -35.89
0.45, -0.62, -0.57, -6.30, 21.06, -33.34
0.44, -0.61, -0.57, -5.39, 22.29, -32.46
0.42, -0.60, -0.57, -4.40, 27.31, -31.46
0.42, -0.61, -0.57, -5.88, 32.37, -30.66
0.43, -0.62, -0.57, -6.77, 34.09, -29.41
0.45, -0.63, -0.57, -8.64, 33.05, -28.04
0.46, -0.62, -0.55, -9.59, 32.36, -27.62
0.48, -0.62, -0.54, -10.06, 32.67, -26.84
0.50, -0.62, -0.54, -9.23, 30.24, -27.37
0.50, -0.62, -0.55, -8.43, 27.50, -28.48
0.50, -0.63, -0.56, -6.76, 26.31, -26.57
0.52, -0.63, -0.54, -6.85, 26.63, -25.09
0.52, -0.63, -0.53, -6.53, 27.10, -25.85
0.52, -0.63, -0.50, -5.97, 26.10, -26.13
0.53, -0.63, -0.48, -5.52, 25.39, -26.77
0.55, -0.63, -0.46, -5.09, 23.00, -26.88
0.55, -0.62, -0.46, -3.35, 22.08, -27.48
0.53, -0.60, -0.47, -7.88, 32.92, -28.06
0.52, -0.59, -0.40, -12.07, 34.19, -23.14
0.56, -0.57, -0.38, -12.87, 23.73, -21.46
0.63, -0.54, -0.44, -13.02, 15.00, -20.21
0.64, -0.52, -0.45, -15.49, 10.84, -18.51
0.61, -0.51, -0.43, -14.74, 8.75, -15.83
0.61, -0.50, -0.48, -16.40, 9.75, -11.16
0.62, -0.50, -0.50, -15.18, 10.82, -8.31
0.62, -0.50, -0.52, -13.59, 10.84, -5.78
0.62, -0.50, -0.55, -11.70, 11.37, -2.73
0.63, -0.52, -0.57, -8.97, 5.20, -1.26
0.63, -0.55, -0.57, -7.41, 2.10, 2.23
0.62, -0.59, -0.56, -5.89, 5.48, 2.82
0.60, -0.61, -0.56, -4.59, 13.08, 2.64
0.59, -0.61, -0.56, -1.37, 19.74, -1.15
0.60, -0.63, -0.56, -0.87, 21.52, -2.02
0.60, -0.65, -0.54, -0.30, 25.54, -5.27
0.58, -0.67, -0.52, -1.04, 29.47, -7.65
0.58, -0.67, -0.50, -2.89, 30.09, -10.58
0.58, -0.66, -0.47, -6.99, 27.06, -13.18
0.60, -0.65, -0.45, -9.97, 23.34, -14.11
0.62, -0.63, -0.45, -12.23, 22.14, -14.11
0.65, -0.61, -0.47, -14.23, 17.68, -14.55
0.67, -0.59, -0.47, -17.22, 12.44, -12.52
0.69, -0.57, -0.48, -18.41, 8.69, -8.92
0.70, -0.55, -0.49, -19.64, 8.60, -6.58
0.68, -0.54, -0.49, -18.92, 9.80, -4.80
0.66, -0.53, -0.51, -17.50, 11.06, -4.32
0.65, -0.53, -0.53, -16.09, 12.37, -1.46
0.64, -0.54, -0.52, -14.71, 14.48, -1.36
0.63, -0.55, -0.51, -12.60, 17.50, -1.00
0.62, -0.55, -0.51, -11.74, 18.62, -2.03
0.62, -0.55, -0.48, -11.49, 15.86, -0.68
0.63, -0.56, -0.45, -11.64, 12.73, 1.01
0.63, -0.56, -0.41, -13.04, 11.57, 2.53
0.61, -0.56, -0.38, -14.96, 12.02, -0.78
0.60, -0.56, -0.37, -16.92, 11.56, -2.18
0.61, -0.56, -0.39, -19.91, 6.97, -2.34
0.65, -0.56, -0.41, -20.89, 0.98, -0.50
0.69, -0.56, -0.45, -19.86, -12.15, 0.80
0.72, -0.55, -0.49, -18.37, -25.49, 3.87
0.73, -0.54, -0.53, -15.70, -37.78, 6.46
0.72, -0.55, -0.55, -11.62, -35.12, 6.94
0.70, -0.55, -0.56, -4.82, -15.39, 8.34
0.66, -0.55, -0.60, 2.94, 18.80, 9.27
0.65, -0.57, -0.62, 7.74, 36.71, 9.97
0.66, -0.62, -0.56, 9.55, 45.73, 14.65
0.70, -0.67, -0.48, 12.19, 47.14, 15.96
0.73, -0.68, -0.45, 17.09, 30.66, 10.16
0.67, -0.68, -0.41, 10.22, 13.30, 2.65
0.60, -0.69, -0.32, 4.58, 8.47, -3.41
0.56, -0.71, -0.28, -12.32, -2.14, -12.42
0.53, -0.69, -0.22, -27.26, -2.30, -13.80
0.60, -0.64, -0.26, -36.08, -5.83, -14.94
0.68, -0.56, -0.38, -38.58, -20.50, -13.16
0.75, -0.51, -0.49, -32.70, -38.93, -9.79
0.76, -0.48, -0.63, -20.74, -27.54, -2.82
0.70, -0.47, -0.69, -8.61, -13.49, 0.54
0.64, -0.47, -0.72, 3.72, 26.49, 7.75
0.64, -0.49, -0.70, 11.13, 47.70, 11.37
0.64, -0.55, -0.59, 15.68, 58.37, 18.54
0.67, -0.60, -0.49, 14.27, 55.62, 19.98
0.69, -0.65, -0.38, 15.67, 30.04, 14.48
0.66, -0.68, -0.36, 8.74, 0.61, 3.74
0.54, -0.74, -0.23, -9.74, -16.41, -7.20
0.45, -0.76, -0.11, -25.71, -5.22, -15.18
0.48, -0.70, -0.15, -37.49, 8.41, -20.38
0.60, -0.62, -0.27, -42.28, -7.05, -18.98
0.77, -0.55, -0.41, -40.64, -23.57, -12.36
0.84, -0.52, -0.57, -29.72, -38.04, -8.71
0.78, -0.50, -0.67, -15.92, -29.66, -4.17
0.70, -0.49, -0.72, -0.81, 4.40, 0.72
0.66, -0.49, -0.73, 8.87, 39.44, 5.73
0.66, -0.55, -0.64, 11.10, 45.09, 10.65
0.68, -0.61, -0.52, 11.16, 43.59, 15.29
0.69, -0.65, -0.39, 7.98, 36.39, 10.77
0.67, -0.68, -0.31, 6.47, 22.26, 2.15
0.63, -0.70, -0.29, -2.02, -2.40, -8.12
0.56, -0.73, -0.21, -16.80, -8.51, -13.56
0.53, -0.72, -0.14, -26.35, 6.46, -18.92
0.57, -0.65, -0.22, -31.02, 8.32, -21.23
0.68, -0.57, -0.36, -29.55, -7.43, -14.94
0.80, -0.52, -0.45, -25.79, -27.94, -6.20
0.83, -0.49, -0.54, -15.78, -34.46, -0.20
0.76, -0.46, -0.60, -5.29, -14.69, 4.10
0.72, -0.44, -0.64, 2.42, 9.91, 8.11
0.69, -0.47, -0.61, 1.23, 17.23, 15.55
0.67, -0.56, -0.49, -0.68, 25.12, 20.99
0.66, -0.62, -0.42, 0.04, 29.18, 19.60
0.64, -0.65, -0.37, 4.07, 22.53, 14.24
0.64, -0.66, -0.34, 5.70, -2.02, 4.99
0.60, -0.72, -0.29, -3.93, -18.37, -2.22
0.53, -0.77, -0.16, -14.50, -8.54, -10.43
0.52, -0.74, -0.19, -21.20, 5.35, -16.99
0.60, -0.65, -0.30, -25.35, -3.29, -17.98
0.74, -0.58, -0.40, -27.13, -19.94, -10.32
0.82, -0.56, -0.49, -23.72, -33.01, -3.34
0.79, -0.53, -0.56, -14.73, -23.97, 1.16
0.76, -0.48, -0.65, -6.35, -2.35, 3.39
0.72, -0.47, -0.66, -2.64, 7.67, 9.79
0.70, -0.52, -0.62, -0.73, 22.36, 15.54
0.65, -0.59, -0.54, 1.47, 31.52, 13.29
0.60, -0.63, -0.47, 3.27, 39.49, 9.57
0.60, -0.66, -0.40, 2.00, 33.62, 6.56
0.63, -0.70, -0.35, 0.84, 13.58, 0.44
0.61, -0.74, -0.31, -7.80, -1.30, -6.28
0.55, -0.75, -0.21, -20.33, 1.48, -13.27
0.54, -0.72, -0.18, -30.06, 8.72, -17.87
0.65, -0.65, -0.26, -37.04, -4.63, -14.96
0.77, -0.59, -0.36, -38.50, -30.81, -6.33
0.85, -0.55, -0.47, -31.70, -50.80, 0.85
0.80, -0.50, -0.59, -17.99, -28.53, 4.82
0.71, -0.45, -0.67, -12.55, -17.25, 2.96
0.62, -0.47, -0.62, -3.93, 8.26, 13.27
0.65, -0.53, -0.58, -2.13, 33.12, 11.79
0.60, -0.58, -0.47, -0.88, 48.77, 15.64
0.61, -0.60, -0.41, 4.04, 46.23, 11.57
0.65, -0.62, -0.43, -1.96, 27.93, 8.43
0.62, -0.67, -0.30, -6.45, 8.53, 3.18
0.61, -0.70, -0.23, -14.31, -0.69, -6.31
0.56, -0.71, -0.22, -24.38, 2.37, -8.81
0.60, -0.69, -0.22, -29.79, 0.56, -7.85
0.72, -0.64, -0.32, -30.35, -21.68, -2.97
0.83, -0.59, -0.46, -28.57, -49.46, 5.53
0.85, -0.55, -0.51, -22.02, -64.00, 7.75
0.77, -0.52, -0.58, -12.38, -49.62, 9.41
0.65, -0.52, -0.64, -2.49, -21.26, 10.14
0.56, -0.53, -0.66, 3.67, 15.59, 9.69
0.53, -0.58, -0.59, 4.13, 40.07, 9.68
0.54, -0.62, -0.50, 4.70, 52.34, 5.96
0.55, -0.65, -0.44, 4.42, 49.31, 1.56
0.57, -0.67, -0.41, 1.14, 31.06, -5.71
0.59, -0.70, -0.33, -8.02, 20.59, -9.57
0.60, -0.73, -0.25, -18.29, 16.12, -14.00
0.63, -0.72, -0.24, -26.57, 12.45, -12.38
0.72, -0.66, -0.31, -32.43, -7.83, -5.46
0.83, -0.62, -0.41, -31.65, -35.25, 2.78
0.86, -0.58, -0.49, -26.42, -57.84, 6.37
0.78, -0.55, -0.55, -20.08, -57.78, 6.33
0.66, -0.54, -0.59, -7.58, -18.28, 4.42
0.54, -0.54, -0.62, 1.07, 27.23, -0.16
0.48, -0.56, -0.59, 2.23, 60.48, 2.67
0.56, -0.60, -0.51, 4.02, 64.00, 3.40
0.64, -0.64, -0.42, 5.09, 57.68, 2.20
0.68, -0.66, -0.38, 5.31, 32.50, -3.21
0.66, -0.68, -0.30, -2.46, 11.06, -10.85
0.60, -0.71, -0.20, -12.30, 7.68, -15.23
0.59, -0.70, -0.18, -21.98, 12.11, -15.65
0.66, -0.65, -0.24, -26.91, -1.37, -8.99
0.79, -0.60, -0.34, -29.04, -27.71, -0.21
0.86, -0.58, -0.44, -26.31, -52.51, 3.16
0.80, -0.54, -0.49, -19.55, -60.19, 6.32
0.70, -0.52, -0.57, -8.79, -33.62, 6.23
0.58, -0.52, -0.64, 0.83, 10.60, 4.34
0.50, -0.54, -0.62, 5.59, 44.87, 5.58
0.53, -0.58, -0.57, 7.46, 59.63, 6.46
0.61, -0.66, -0.48, 8.07, 57.25, 7.24
0.67, -0.66, -0.40, 9.54, 44.99, 3.28
0.66, -0.68, -0.35, 6.82, 30.79, -4.20
0.60, -0.70, -0.27, -1.91, 27.80, -11.66
0.57, -0.73, -0.18, -14.42, 25.54, -15.79
0.61, -0.73, -0.16, -27.56, 19.61, -15.15
0.72, -0.68, -0.19, -36.34, -6.99, -8.23
0.84, -0.63, -0.28, -38.30, -38.19, -1.38
0.88, -0.57, -0.40, -35.04, -64.00, 5.05
0.81, -0.53, -0.48, -28.30, -64.00, 7.04
0.66, -0.51, -0.57, -16.06, -46.44, 8.02
0.57, -0.51, -0.64, -2.93, -0.53, 4.90
0.49, -0.52, -0.67, 3.64, 43.29, 5.64
0.53, -0.56, -0.60, 7.27, 57.09, 6.24
0.63, -0.62, -0.49, 8.13, 58.08, 7.23
0.69, -0.65, -0.39, 7.64, 45.53, 5.97
0.69, -0.68, -0.32, 3.96, 29.75, -1.71
0.63, -0.72, -0.23, -6.81, 25.46, -9.09
0.59, -0.75, -0.17, -13.95, 22.63, -13.07
0.62, -0.73, -0.19, -27.61, 9.00, -14.90
0.70, -0.70, -0.17, -37.02, -5.80, -10.81
0.78, -0.64, -0.28, -40.40, -29.45, -5.56
0.85, -0.58, -0.41, -36.76, -56.78, 0.27
0.83, -0.53, -0.50, -31.09, -64.00, 3.60
0.71, -0.52, -0.56, -19.78, -46.55, 2.70
0.58, -0.53, -0.63, -7.71, 2.92, -1.67
0.52, -0.53, -0.65, -0.35, 43.92, 1.61
0.57, -0.56, -0.59, 3.31, 59.51, 6.05
0.67, -0.61, -0.49, 5.50, 56.96, 8.43
0.73, -0.64, -0.38, 6.58, 41.51, 5.47
0.69, -0.66, -0.29, 1.00, 31.33, -1.07
0.63, -0.68, -0.21, -6.01, 17.97, -8.56
0.61, -0.70, -0.20, -18.26, 3.02, -10.69
0.63, -0.70, -0.14, -29.55, -2.32, -8.99
0.70, -0.65, -0.19, -34.16, -15.49, -6.74
0.81, -0.58, -0.33, -36.59, -45.36, -0.33
0.85, -0.54, -0.39, -34.50, -64.00, 7.48
0.78, -0.52, -0.47, -27.05, -64.00, 8.56
0.66, -0.50, -0.56, -16.24, -43.37, 8.13
0.57, -0.48, -0.65, -5.15, -4.07, 8.99
0.55, -0.50, -0.66, 1.38, 30.06, 12.23
0.58, -0.56, -0.59, 3.29, 49.42, 13.74
0.63, -0.62, -0.51, 4.12, 49.24, 14.52
0.67, -0.66, -0.45, 6.12, 37.99, 11.37
0.66, -0.69, -0.39, 4.13, 28.62, 5.42
0.61, -0.74, -0.29, -1.00, 21.36, -2.33
0.58, -0.78, -0.24, -8.60, 7.29, -11.87
0.57, -0.80, -0.18, -21.24, 6.55, -16.90
0.60, -0.77, -0.17, -30.63, 6.67, -16.76
0.71, -0.68, -0.27, -33.92, -13.21, -12.74
0.85, -0.59, -0.37, -35.83, -43.35, -0.24
0.90, -0.55, -0.43, -32.80, -64.00, 5.37
0.80, -0.53, -0.49, -27.94, -64.00, 7.39
0.66, -0.50, -0.55, -16.90, -44.51, 6.98
0.57, -0.48, -0.64, -4.64, -1.57, 8.12
0.54, -0.47, -0.69, 1.75, 25.03, 12.31
0.60, -0.51, -0.59, 2.74, 36.94, 17.46
0.65, -0.57, -0.44, 1.79, 44.16, 19.22
0.65, -0.60, -0.35, -0.60, 43.09, 21.42
0.67, -0.61, -0.34, -0.13, 10.96, 15.16
0.63, -0.67, -0.28, -8.87, -9.94, 10.32
0.51, -0.77, -0.17, -19.85, -6.47, -1.78
0.44, -0.80, -0.14, -31.30, 10.92, -9.31
0.53, -0.74, -0.21, -33.27, 7.85, -10.68
0.74, -0.65, -0.34, -34.54, -23.43, -1.40
0.86, -0.62, -0.40, -33.72, -57.68, 8.14
0.83, -0.60, -0.46, -28.47, -64.00, 8.44
0.73, -0.56, -0.59, -20.11, -64.00, 8.41
0.62, -0.52, -0.66, -8.24, -61.74, 9.74
0.55, -0.53, -0.71, 0.35, -27.66, 14.75
0.53, -0.55, -0.72, 7.21, 0.14, 16.53
0.58, -0.57, -0.63, 11.63, 10.68, 17.12
0.60, -0.61, -0.53, 9.84, 24.04, 17.54
0.57, -0.66, -0.43, 7.79, 36.56, 14.44
0.54, -0.70, -0.40, 1.74, 39.42, 10.31
0.54, -0.73, -0.34, -2.90, 29.39, 3.75
0.53, -0.77, -0.29, -10.95, 19.58, -3.33
0.51, -0.81, -0.24, -24.96, 7.51, -9.27
0.55, -0.80, -0.17, -37.40, 1.07, -10.37
0.63, -0.73, -0.21, -45.29, -19.78, -8.05
0.70, -0.64, -0.32, -47.15, -45.00, -3.16
0.71, -0.58, -0.42, -46.30, -63.27, 3.68
0.65, -0.55, -0.51, -40.12, -64.00, 6.59
0.60, -0.49, -0.65, -27.54, -64.00, 9.31
0.56, -0.44, -0.74, -14.32, -49.54, 13.10
0.52, -0.46, -0.78, -4.98, -29.78, 15.90
0.49, -0.52, -0.73, 5.52, -13.99, 16.58
0.50, -0.58, -0.71, 10.72, -0.06, 15.66
0.50, -0.62, -0.63, 11.24, 17.37, 13.89
0.49, -0.67, -0.53, 10.78, 34.52, 11.16
0.46, -0.71, -0.48, 6.79, 47.30, 6.87
0.50, -0.77, -0.42, -0.04, 47.27, 2.62
0.55, -0.83, -0.35, -7.61, 36.36, -3.31
0.54, -0.87, -0.30, -18.75, 26.08, -9.39
0.53, -0.85, -0.29, -29.13, 14.82, -14.44
0.58, -0.79, -0.28, -36.22, -1.46, -15.61
0.64, -0.71, -0.34, -41.18, -26.08, -12.45
0.68, -0.64, -0.40, -43.10, -45.14, -9.09
0.64, -0.59, -0.46, -40.78, -55.14, -4.67
0.59, -0.54, -0.54, -36.27, -59.59, 0.33
0.58, -0.48, -0.64, -26.22, -54.85, 3.71
0.55, -0.45, -0.71, -12.66, -41.64, 4.55
0.48, -0.46, -0.73, -0.26, -21.21, 6.97
0.44, -0.50, -0.77, 14.02, 16.60, 10.45
0.47, -0.56, -0.74, 19.94, 31.02, 10.04
0.50, -0.58, -0.61, 20.03, 40.65, 14.81
0.51, -0.64, -0.51, 18.48, 43.03, 13.09
0.50, -0.68, -0.41, 13.74, 41.44, 8.34
0.50, -0.75, -0.33, 4.86, 32.09, -0.88
0.46, -0.83, -0.28, -9.02, 27.23, -6.39
0.43, -0.86, -0.23, -21.32, 31.63, -13.84
0.48, -0.81, -0.23, -31.18, 31.61, -18.41
0.57, -0.73, -0.28, -35.39, 7.79, -20.27
0.68, -0.70, -0.38, -38.85, -24.61, -12.42
0.76, -0.66, -0.46, -37.87, -59.24, -0.94
0.73, -0.59, -0.51, -38.00, -64.00, 5.40
0.63, -0.49, -0.58, -28.81, -64.00, 6.20
0.52, -0.44, -0.69, -17.27, -56.94, 5.67
0.41, -0.46, -0.76, -7.12, -32.00, 8.18
0.39, -0.51, -0.77, 1.09, -12.79, 11.30
0.45, -0.56, -0.71, 6.49, 1.95, 11.36
0.49, -0.59, -0.65, 10.34, 14.69, 12.75
0.49, -0.62, -0.63, 10.49, 25.64, 14.51
0.50, -0.67, -0.57, 7.68, 30.12, 12.99
0.51, -0.73, -0.49, 4.01, 29.59, 9.73
0.50, -0.80, -0.38, -4.66, 27.09, 1.54
0.46, -0.88, -0.33, -16.01, 27.01, -6.58
0.44, -0.88, -0.32, -24.70, 22.11, -12.60
0.49, -0.81, -0.33, -30.75, 13.82, -15.54
0.57, -0.73, -0.40, -31.86, -9.53, -16.67
0.61, -0.66, -0.46, -32.42, -25.32, -13.14
0.59, -0.62, -0.50, -32.60, -38.67, -11.13
0.55, -0.57, -0.53, -35.88, -46.56, -4.78
0.55, -0.52, -0.59, -29.82, -51.07, 0.00
0.54, -0.45, -0.69, -19.92, -48.61, 1.34
0.50, -0.44, -0.75, -9.13, -28.22, 3.43
0.44, -0.49, -0.78, 4.27, 4.77, 4.69
0.41, -0.54, -0.82, 13.74, 32.33, 4.14
0.42, -0.58, -0.79, 21.63, 48.04, 6.85
0.48, -0.65, -0.72, 23.56, 52.33, 8.03
0.50, -0.73, -0.62, 21.43, 55.76, 5.63
0.48, -0.80, -0.50, 14.60, 60.22, -5.51
0.40, -0.87, -0.40, 0.68, 64.00, -15.31
0.38, -0.92, -0.33, -13.27, 64.00, -26.43
0.45, -0.88, -0.33, -23.63, 64.00, -29.91
0.56, -0.79, -0.33, -32.00, 47.18, -29.73
0.67, -0.72, -0.34, -39.87, 18.54, -25.33
0.70, -0.66, -0.36, -47.90, -15.37, -19.77
0.70, -0.58, -0.42, -50.98, -33.55, -11.98
0.67, -0.49, -0.49, -47.16, -36.67, -8.48
0.59, -0.43, -0.58, -40.56, -26.12, -4.77
0.52, -0.44, -0.66, -30.55, -4.32, -3.12
0.49, -0.47, -0.73, -17.74, 21.45, -1.15
0.50, -0.50, -0.76, -5.15, 49.20, 0.21
0.52, -0.53, -0.71, 2.61, 64.00, 2.64
0.55, -0.59, -0.61, 7.38, 64.00, 3.45
0.58, -0.66, -0.51, 6.40, 64.00, 2.50
0.60, -0.73, -0.40, 2.74, 56.57, -2.92
0.56, -0.78, -0.30, -7.15, 44.27, -13.59
0.53, -0.84, -0.20, -20.97, 36.34, -21.36
0.56, -0.84, -0.19, -33.44, 27.91, -26.66
0.63, -0.75, -0.22, -41.95, 20.24, -24.12
0.72, -0.64, -0.30, -46.08, -6.83, -17.47
0.78, -0.56, -0.39, -47.54, -35.44, -10.11
0.77, -0.50, -0.49, -43.19, -49.00, -4.74
0.67, -0.44, -0.57, -35.51, -48.95, -5.16
0.57, -0.41, -0.65, -24.69, -17.13, -0.73
0.53, -0.43, -0.70, -13.28, 11.71, 0.74
0.53, -0.46, -0.71, -3.64, 43.36, 4.04
0.60, -0.51, -0.67, 3.02, 52.61, 5.36
0.64, -0.58, -0.58, 5.89, 52.72, 6.56
0.68, -0.65, -0.49, 7.78, 46.85, 5.07
0.67, -0.72, -0.41, 5.63, 35.68, -3.30
0.62, -0.78, -0.31, -4.14, 40.02, -10.83
0.59, -0.80, -0.24, -10.04, 35.34, -19.74
0.60, -0.76, -0.27, -17.99, 21.07, -25.18
0.65, -0.71, -0.24, -27.76, 9.70, -26.97
0.68, -0.66, -0.27, -33.98, -1.00, -25.40
0.73, -0.58, -0.36, -37.97, -21.14, -17.16
0.79, -0.50, -0.44, -36.79, -39.53, -10.68
0.73, -0.43, -0.52, -31.29, -45.41, -9.15
0.63, -0.40, -0.60, -24.18, -31.38, -6.79
0.57, -0.40, -0.68, -12.78, 0.10, -3.77
0.60, -0.41, -0.74, -1.16, 34.97, -0.80
0.63, -0.43, -0.73, 7.05, 53.18, 4.92
0.68, -0.48, -0.64, 10.21, 56.68, 13.55
0.72, -0.57, -0.51, 12.93, 53.95, 14.18
0.72, -0.64, -0.42, 12.99, 33.79, 7.17
0.65, -0.71, -0.32, 4.21, 24.17, -0.67
0.57, -0.77, -0.21, -5.11, 21.54, -14.49
0.53, -0.78, -0.18, -16.42, 25.69, -22.79
0.62, -0.72, -0.17, -27.07, 25.33, -22.72
0.71, -0.64, -0.20, -32.06, 8.62, -19.43
0.84, -0.55, -0.31, -35.18, -23.29, -9.04
0.86, -0.49, -0.39, -36.07, -58.20, -0.49
0.81, -0.42, -0.47, -32.31, -64.00, 2.40
0.68, -0.38, -0.57, -26.69, -64.00, 2.97
0.58, -0.37, -0.67, -16.02, -29.11, 3.84
0.54, -0.38, -0.74, -3.43, 19.92, 7.04
0.58, -0.42, -0.79, 8.99, 58.15, 11.20
0.68, -0.50, -0.73, 14.93, 63.46, 18.26
0.77, -0.59, -0.58, 18.97, 55.81, 22.46
0.79, -0.66, -0.48, 21.61, 42.89, 16.33
0.71, -0.74, -0.38, 16.03, 25.77, 5.30
0.59, -0.82, -0.23, -0.47, 23.84, -10.53
0.52, -0.86, -0.15, -14.68, 31.36, -23.18
0.57, -0.79, -0.15, -28.12, 31.60, -27.35
0.72, -0.68, -0.18, -36.37, 11.82, -25.32
0.83, -0.60, -0.26, -43.53, -18.57, -16.35
0.87, -0.52, -0.35, -45.62, -49.97, -9.01
0.83, -0.45, -0.45, -44.19, -64.00, -4.83
0.74, -0.39, -0.56, -35.94, -63.58, -3.54
0.63, -0.37, -0.67, -26.51, -33.10, -0.86
0.55, -0.39, -0.74, -13.13, 16.21, 0.78
0.54, -0.42, -0.78, -1.62, 56.23, 2.48
0.62, -0.48, -0.72, 4.38, 64.00, 6.83
0.73, -0.55, -0.58, 8.47, 63.72, 11.24
0.78, -0.62, -0.46, 8.11, 57.81, 11.03
0.77, -0.69, -0.35, 8.37, 35.48, 2.87
0.70, -0.73, -0.25, -0.84, 15.83, -6.29
0.62, -0.79, -0.13, -17.50, 14.92, -17.37
0.59, -0.78, -0.07, -30.14, 29.28, -25.47
0.66, -0.67, -0.14, -35.62, 20.20, -24.90
0.80, -0.55, -0.26, -39.57, -9.54, -18.11
0.88, -0.49, -0.36, -38.54, -37.86, -12.35
0.83, -0.47, -0.45, -34.34, -46.93, -9.19
0.73, -0.44, -0.55, -26.53, -39.44, -9.05
0.66, -0.41, -0.63, -18.42, -14.77, -5.81
0.65, -0.40, -0.66, -9.81, 11.04, -2.51
0.67, -0.41, -0.65, -2.35, 40.76, 3.42
0.73, -0.45, -0.61, 0.78, 44.48, 6.10
0.79, -0.51, -0.50, 4.62, 41.37, 13.11
0.84, -0.58, -0.45, 7.65, 28.87, 13.55
0.79, -0.63, -0.35, 4.19, 13.44, 5.48
0.66, -0.70, -0.24, -5.40, 9.90, -5.93
0.58, -0.75, -0.16, -19.46, 14.54, -17.82
0.61, -0.72, -0.16, -28.11, 19.31, -19.85
0.73, -0.62, -0.22, -32.22, 6.09, -19.79
0.83, -0.55, -0.32, -31.60, -12.12, -14.00
0.86, -0.48, -0.43, -28.49, -36.08, -7.01
0.80, -0.44, -0.49, -25.16, -44.38, -3.20
0.71, -0.40, -0.55, -19.82, -34.09, -0.74
0.66, -0.37, -0.61, -12.67, -14.12, 0.16
0.66, -0.36, -0.65, -6.29, 8.23, 4.91
0.68, -0.39, -0.65, -1.93, 25.60, 8.95
0.70, -0.45, -0.59, 1.31, 35.81, 12.16
0.75, -0.50, -0.52, 5.55, 38.28, 13.79
0.81, -0.55, -0.44, 5.65, 29.75, 13.38
0.78, -0.62, -0.36, 2.64, 16.76, 5.98
0.68, -0.71, -0.26, -8.16, 17.90, -2.88
0.64, -0.77, -0.19, -16.76, 17.51, -15.10
0.68, -0.74, -0.18, -27.15, 16.95, -17.94
0.78, -0.67, -0.22, -28.45, 5.08, -19.01
0.85, -0.59, -0.33, -29.01, -12.70, -15.64
0.86, -0.54, -0.41, -25.30, -27.74, -12.17
0.79, -0.50, -0.45, -23.94, -28.86, -10.05
0.70, -0.46, -0.50, -21.43, -22.99, -10.20
0.68, -0.42, -0.54, -18.15, -10.04, -7.01
0.72, -0.38, -0.58, -12.97, 4.30, -3.20
0.75, -0.37, -0.62, -7.29, 17.39, 2.32
0.77, -0.40, -0.59, -4.19, 22.29, 9.56
0.78, -0.45, -0.53, -1.68, 29.45, 14.60
0.80, -0.51, -0.49, 2.55, 24.33, 16.75
0.77, -0.55, -0.44, 2.83, 16.44, 13.87
0.70, -0.63, -0.34, -1.79, 17.19, 7.26
0.63, -0.70, -0.23, -7.94, 19.37, -5.12
0.62, -0.73, -0.18, -16.44, 17.79, -12.72
0.70, -0.70, -0.17, -22.42, 18.96, -13.89
0.81, -0.63, -0.21, -25.18, -3.63, -15.68
0.85, -0.57, -0.27, -28.42, -24.88, -13.64
0.83, -0.53, -0.34, -30.88, -42.12, -14.44
0.76, -0.50, -0.41, -31.94, -44.13, -13.94
0.71, -0.43, -0.52, -26.65, -33.09, -13.32
0.70, -0.35, -0.65, -19.22, -18.89, -10.23
0.70, -0.32, -0.69, -10.09, 8.63, -3.42
0.73, -0.37, -0.72, -1.98, 38.03, 2.61
0.77, -0.39, -0.69, 1.68, 40.87, 8.95
0.82, -0.45, -0.57, 3.93, 37.51, 17.28
0.83, -0.53, -0.49, 7.41, 32.40, 17.19
0.78, -0.60, -0.41, 6.59, 30.00, 12.39
0.69, -0.66, -0.33, -2.06, 24.31, 2.90
0.63, -0.71, -0.22, -11.91, 25.16, -7.23
0.64, -0.72, -0.17, -21.45, 22.63, -13.41
0.72, -0.68, -0.15, -29.43, 25.25, -12.98
0.84, -0.59, -0.20, -33.39, 3.04, -13.88
0.90, -0.50, -0.29, -36.54, -27.60, -4.91
0.90, -0.45, -0.37, -33.79, -48.05, -0.33
0.79, -0.41, -0.45, -32.14, -51.38, -0.38
0.68, -0.38, -0.51, -25.87, -37.47, -0.80
0.63, -0.34, -0.60, -16.76, -14.61, 0.33
0.63, -0.34, -0.64, -9.66, 2.99, 2.43
0.68, -0.39, -0.63, -0.30, 30.13, 4.96
0.75, -0.43, -0.60, 4.80, 34.86, 9.18
0.82, -0.47, -0.53, 9.11, 31.87, 15.11
0.86, -0.53, -0.46, 9.75, 27.25, 16.49
0.81, -0.62, -0.35, 7.29, 18.18, 11.03
0.72, -0.71, -0.22, -1.10, 15.64, -0.56
0.67, -0.75, -0.17, -13.07, 13.68, -10.79
0.68, -0.71, -0.16, -23.24, 20.65, -13.18
0.79, -0.61, -0.20, -28.74, 6.25, -13.25
0.87, -0.53, -0.31, -33.04, -22.40, -7.31
0.90, -0.49, -0.38, -34.34, -46.50, -2.25
0.84, -0.46, -0.42, -33.03, -53.67, -0.19
0.73, -0.42, -0.50, -26.13, -44.57, 0.54
0.68, -0.36, -0.62, -17.96, -25.46, 2.02
0.67, -0.35, -0.66, -8.09, -0.48, 8.42
0.70, -0.39, -0.68, 1.37, 26.66, 10.50
0.73, -0.45, -0.64, 7.30, 35.32, 14.28
0.76, -0.49, -0.55, 8.40, 38.47, 15.46
0.75, -0.55, -0.41, 6.53, 38.46, 12.28
0.72, -0.63, -0.31, 1.36, 29.59, 6.35
0.71, -0.67, -0.24, -6.32, 16.59, -0.89
0.72, -0.70, -0.17, -18.96, 9.68, -6.09
0.73, -0.68, -0.14, -26.77, 12.90, -7.62
0.78, -0.61, -0.21, -31.24, -5.09, -8.16
0.83, -0.54, -0.29, -35.47, -27.00, -3.80
0.84, -0.50, -0.37, -34.30, -48.26, -1.75
0.77, -0.46, -0.45, -32.04, -52.43, 2.05
0.72, -0.41, -0.56, -21.28, -43.17, 2.88
0.70, -0.36, -0.66, -10.04, -24.10, 5.89
0.68, -0.36, -0.70, -0.58, 1.26, 11.82
0.68, -0.42, -0.67, 6.06, 17.35, 12.02
0.70, -0.48, -0.59, 10.74, 27.93, 13.97
0.74, -0.52, -0.52, 12.62, 31.43, 13.26
0.74, -0.57, -0.45, 12.65, 35.67, 13.01
0.72, -0.62, -0.36, 9.57, 37.42, 7.71
0.71, -0.67, -0.30, 3.46, 27.35, -1.26
0.69, -0.72, -0.23, -7.90, 19.16, -7.84
0.70, -0.73, -0.18, -19.46, 14.73, -12.64
0.75, -0.67, -0.20, -26.00, 7.01, -13.25
0.83, -0.57, -0.28, -30.89, -15.47, -9.16
0.87, -0.52, -0.36, -32.10, -35.96, -1.97
0.83, -0.48, -0.43, -31.44, -50.86, 1.45
0.76, -0.43, -0.52, -23.81, -47.09, 5.69
0.71, -0.37, -0.63, -13.31, -35.30, 6.57
0.68, -0.35, -0.68, -4.91, -10.83, 11.17
0.65, -0.40, -0.66, 3.19, 19.22, 10.26
0.61, -0.47, -0.60, 4.84, 46.42, 8.48
0.63, -0.53, -0.53, 6.83, 55.01, 8.83
0.75, -0.57, -0.46, 6.27, 49.79, 10.10
0.78, -0.61, -0.39, 6.00, 42.27, 10.95
0.78, -0.66, -0.32, 2.69, 25.67, 2.77
0.70, -0.72, -0.25, -9.00, 16.82, -6.36
0.63, -0.76, -0.13, -25.30, 20.29, -15.69
0.65, -0.73, -0.13, -32.98, 19.39, -17.28
0.78, -0.61, -0.24, -38.40, -4.91, -14.99
0.90, -0.52, -0.37, -36.94, -39.66, -4.46
0.92, -0.47, -0.46, -32.81, -62.20, 0.10
0.81, -0.44, -0.53, -25.45, -64.00, 5.38
0.73, -0.40, -0.60, -16.93, -52.80, 8.22
0.68, -0.39, -0.62, -8.44, -24.71, 7.99
0.61, -0.41, -0.62, -1.89, 12.67, 8.02
0.57, -0.46, -0.59, 1.54, 41.49, 6.62
0.62, -0.52, -0.53, 4.11, 50.96, 7.33
0.73, -0.56, -0.47, 4.26, 41.93, 10.17
0.80, -0.61, -0.39, 4.61, 35.34, 9.44
0.77, -0.65, -0.32, 1.52, 22.55, 1.24
0.66, -0.70, -0.26, -10.62, 15.77, -8.04
0.61, -0.74, -0.16, -25.87, 13.31, -16.84
0.67, -0.71, -0.14, -37.77, 7.37, -18.14
0.77, -0.60, -0.25, -44.86, -16.55, -12.59
0.88, -0.51, -0.35, -45.78, -43.48, -1.65
0.90, -0.45, -0.46, -39.65, -64.00, 6.04
0.84, -0.40, -0.59, -26.99, -64.00, 11.72
0.73, -0.34, -0.69, -16.21, -52.35, 10.42
0.61, -0.34, -0.70, -4.53, -16.72, 11.18
0.56, -0.41, -0.70, 1.47, 22.63, 10.09
0.57, -0.49, -0.61, 5.08, 51.70, 9.27
0.65, -0.55, -0.52, 6.53, 57.60, 11.47
0.75, -0.59, -0.44, 5.10, 47.58, 11.53
0.81, -0.64, -0.35, 3.22, 36.58, 8.31
0.76, -0.70, -0.28, -0.55, 25.38, -0.28
0.68, -0.73, -0.25, -11.13, 8.87, -9.50
0.63, -0.73, -0.18, -26.20, 6.02, -15.53
0.64, -0.68, -0.18, -33.62, 1.92, -20.22
0.71, -0.57, -0.29, -38.17, -16.47, -18.59
0.81, -0.49, -0.39, -37.79, -42.30, -7.41
0.87, -0.45, -0.50, -30.86, -61.50, 0.02
0.83, -0.40, -0.60, -20.53, -56.67, 6.24
0.76, -0.35, -0.67, -10.61, -37.89, 9.55
0.68, -0.37, -0.67, -3.00, -10.56, 13.31
0.63, -0.44, -0.65, 0.47, 16.29, 14.43
0.62, -0.50, -0.56, 1.82, 35.81, 14.76
0.64, -0.55, -0.47, 3.67, 45.97, 14.90
0.68, -0.58, -0.45, 2.23, 41.72, 11.38
0.70, -0.63, -0.38, -0.23, 29.13, 7.92
0.69, -0.68, -0.32, -4.99, 18.20, 1.08
0.64, -0.72, -0.27, -15.91, 6.48, -6.85
0.62, -0.73, -0.21, -28.22, 0.91, -11.12
0.66, -0.68, -0.25, -32.96, -8.32, -14.36
0.74, -0.58, -0.37, -33.75, -31.09, -11.14
0.80, -0.52, -0.44, -32.79, -46.48, -4.90
0.80, -0.49, -0.54, -24.06, -50.92, -0.69
0.76, -0.44, -0.63, -15.33, -37.51, 1.11
0.70, -0.42, -0.65, -10.62, -21.98, 2.09
0.66, -0.45, -0.65, -1.28, 2.92, 8.59
0.69, -0.49, -0.68, 4.16, 23.49, 7.85
0.69, -0.51, -0.59, 4.90, 41.07, 10.19
0.69, -0.56, -0.47, 4.41, 49.05, 10.13
0.70, -0.61, -0.45, 5.71, 44.02, 8.63
0.71, -0.65, -0.42, 1.31, 25.66, 3.31
0.66, -0.67, -0.32, -9.79, 13.88, -7.23
0.57, -0.70, -0.22, -25.57, 14.90, -15.09
0.56, -0.69, -0.18, -38.50, 15.63, -18.58
0.68, -0.62, -0.26, -42.86, -6.89, -15.47
0.83, -0.53, -0.40, -42.43, -42.84, -4.95
0.90, -0.46, -0.49, -33.36, -64.00, 3.47
0.83, -0.38, -0.62, -20.69, -62.40, 8.80
0.70, -0.37, -0.68, -11.75, -39.89, 8.90
0.59, -0.39, -0.65, -4.39, -9.37, 10.10
0.57, -0.45, -0.66, 2.09, 20.74, 11.78
0.62, -0.49, -0.62, 5.17, 34.51, 10.37
0.68, -0.52, -0.53, 5.84, 40.00, 12.90
0.72, -0.57, -0.46, 9.60, 41.42, 12.15
0.73, -0.62, -0.43, 8.26, 40.25, 9.03
0.69, -0.66, -0.37, 7.15, 31.10, 1.71
0.62, -0.69, -0.32, -4.49, 18.53, -7.28
0.57, -0.71, -0.22, -21.19, 13.53, -14.35
0.61, -0.69, -0.18, -33.54, 5.58, -16.24
0.73, -0.61, -0.28, -38.91, -20.65, -11.67
0.84, -0.52, -0.39, -39.57, -57.93, -2.05
0.86, -0.47, -0.48, -35.48, -64.00, 5.18
0.77, -0.43, -0.62, -24.16, -64.00, 8.45
0.67, -0.40, -0.69, -12.27, -51.09, 8.13
0.59, -0.39, -0.72, -0.88, -10.86, 11.86
0.56, -0.44, -0.72, 8.62, 33.20, 12.77
0.58, -0.51, -0.66, 8.04, 54.69, 13.98
0.65, -0.56, -0.52, 9.73, 52.08, 15.70
0.73, -0.59, -0.48, 7.64, 41.04, 14.70
0.70, -0.64, -0.40, 3.00, 30.96, 8.11
0.62, -0.68, -0.36, -3.89, 23.12, 0.27
0.58, -0.71, -0.29, -18.61, 16.03, -10.47
0.57, -0.72, -0.20, -34.23, 16.31, -16.57
0.64, -0.69, -0.24, -41.80, 8.41, -18.75
0.73, -0.60, -0.36, -42.73, -14.14, -14.58
0.80, -0.53, -0.47, -38.50, -38.11, -7.35
0.80, -0.48, -0.57, -32.70, -53.20, -1.09
0.74, -0.45, -0.64, -23.10, -48.54, 2.35
0.69, -0.42, -0.70, -14.02, -31.54, 3.55
0.65, -0.42, -0.70, -5.98, -5.83, 8.74
0.66, -0.46, -0.71, 5.67, 31.75, 10.57
0.67, -0.50, -0.68, 10.21, 50.24, 12.27
0.67, -0.56, -0.57, 13.02, 54.26, 16.02
0.71, -0.60, -0.52, 17.71, 51.12, 14.74
0.68, -0.63, -0.46, 16.02, 36.66, 5.54
0.59, -0.67, -0.33, 5.66, 37.33, -5.35
0.52, -0.74, -0.20, -9.50, 40.60, -18.07
0.53, -0.76, -0.16, -26.83, 39.71, -20.68
0.68, -0.69, -0.17, -36.28, 17.53, -19.45
0.84, -0.58, -0.27, -40.92, -26.20, -8.79
0.92, -0.50, -0.40, -39.17, -63.93, 0.53
0.86, -0.46, -0.47, -34.46, -64.00, 3.48
0.70, -0.43, -0.55, -26.59, -64.00, 6.06
0.59, -0.42, -0.64, -16.42, -44.57, 4.27
0.52, -0.41, -0.70, -7.27, -7.67, 2.93
0.52, -0.43, -0.70, 0.92, 22.84, 6.73
0.62, -0.49, -0.67, 6.32, 33.95, 8.15
0.73, -0.57, -0.60, 8.81, 35.69, 9.41
0.78, -0.61, -0.53, 8.96, 35.14, 11.47
0.76, -0.65, -0.51, 11.53, 36.30, 10.51
0.71, -0.68, -0.49, 11.66, 31.97, 5.77
0.64, -0.73, -0.39, 5.44, 20.98, -4.23
0.56, -0.78, -0.27, -7.73, 24.32, -15.29
0.53, -0.76, -0.19, -22.64, 28.86, -22.01
0.60, -0.67, -0.19, -32.24, 22.58, -22.88
0.73, -0.57, -0.27, -37.58, -4.28, -13.30
0.84, -0.51, -0.38, -36.59, -39.36, -0.93
0.84, -0.44, -0.48, -29.28, -61.50, 4.56
0.73, -0.38, -0.53, -23.07, -59.49, 8.71
0.63, -0.37, -0.57, -14.05, -40.68, 8.99
0.56, -0.38, -0.62, -4.76, -14.42, 8.53
0.52, -0.42, -0.65, 4.46, 18.73, 11.34
0.56, -0.49, -0.65, 12.80, 41.56, 9.88
0.64, -0.54, -0.59, 15.12, 46.42, 12.31
0.74, -0.60, -0.51, 14.88, 37.29, 15.35
0.79, -0.65, -0.42, 11.81, 19.79, 12.21
0.72, -0.71, -0.32, 1.03, 4.83, 4.57
0.61, -0.78, -0.23, -12.66, 4.87, -5.48
0.55, -0.80, -0.18, -25.55, 11.88, -13.35
0.59, -0.74, -0.20, -32.21, 9.70, -16.64
0.72, -0.64, -0.34, -33.69, -17.71, -13.23
0.81, -0.57, -0.49, -29.22, -43.78, -5.64
0.79, -0.51, -0.55, -21.10, -54.61, -2.37
0.69, -0.46, -0.60, -16.63, -43.63, 0.48
0.63, -0.43, -0.64, -10.93, -26.67, 3.91
0.63, -0.41, -0.64, -4.44, -4.25, 8.40
0.63, -0.44, -0.65, 0.22, 17.13, 9.50
0.62, -0.49, -0.64, 6.31, 41.54, 10.51
0.64, -0.53, -0.62, 12.78, 54.32, 12.98
0.70, -0.57, -0.59, 16.49, 52.88, 16.33
0.74, -0.61, -0.49, 17.37, 43.58, 17.28
0.71, -0.66, -0.37, 13.10, 27.67, 8.04
0.56, -0.75, -0.21, -6.39, 27.97, -3.77
0.46, -0.81, -0.09, -26.05, 30.39, -15.91
0.53, -0.77, -0.09, -43.13, 26.16, -15.24
0.73, -0.66, -0.19, -47.20, -18.39, -7.16
0.90, -0.57, -0.30, -47.47, -64.00, 2.71
0.90, -0.53, -0.37, -42.20, -64.00, 9.61
0.74, -0.50, -0.45, -37.67, -64.00, 11.46
0.61, -0.46, -0.57, -27.08, -64.00, 8.29
0.52, -0.41, -0.67, -14.50, -46.95, 6.79
0.50, -0.41, -0.77, -1.53, -6.27, 11.44
0.55, -0.47, -0.77, 6.76, 27.69, 15.12
0.62, -0.54, -0.70, 12.18, 39.79, 14.97
0.64, -0.60, -0.58, 10.57, 47.48, 15.61
0.64, -0.65, -0.49, 7.93, 49.95, 14.41
0.65, -0.69, -0.44, 3.95, 39.56, 10.32
0.64, -0.74, -0.38, -1.90, 15.87, 3.01
0.58, -0.79, -0.26, -18.40, 0.05, -8.11
0.50, -0.81, -0.20, -34.04, 7.92, -14.63
0.56, -0.74, -0.25, -39.30, 1.67, -16.23
0.72, -0.62, -0.41, -37.75, -29.83, -7.09
0.81, -0.56, -0.48, -33.25, -59.33, 0.83
0.77, -0.53, -0.54, -27.89, -64.00, 5.25
0.65, -0.50, -0.58, -25.04, -64.00, 5.46
0.56, -0.45, -0.61, -20.52, -54.10, 7.17
0.55, -0.43, -0.64, -13.62, -33.37, 8.15
0.51, -0.45, -0.68, -5.43, -3.97, 9.85
0.52, -0.49, -0.72, 4.68, 31.68, 8.84
0.53, -0.53, -0.70, 8.66, 51.27, 9.66
0.58, -0.57, -0.62, 9.78, 59.80, 13.99
0.66, -0.63, -0.52, 7.30, 50.12, 13.16
0.68, -0.70, -0.41, 1.23, 35.42, 10.65
0.63, -0.77, -0.33, -8.60, 20.51, 2.35
0.55, -0.81, -0.28, -23.36, 4.41, -6.05
0.51, -0.79, -0.23, -36.77, -2.28, -11.48
0.58, -0.72, -0.25, -43.53, -17.15, -11.46
0.66, -0.64, -0.34, -44.36, -34.23, -7.50
0.70, -0.57, -0.42, -42.50, -51.52, -3.98
0.66, -0.52, -0.48, -39.08, -58.23, 2.99
0.61, -0.45, -0.55, -34.25, -61.13, 9.23
0.62, -0.39, -0.65, -23.19, -63.17, 14.93
0.63, -0.37, -0.74, -10.24, -56.65, 18.17
0.62, -0.41, -0.82, 2.25, -33.91, 22.86
0.60, -0.48, -0.80, 13.39, -17.04, 23.71
0.51, -0.54, -0.70, 15.21, 8.39, 26.75
0.47, -0.63, -0.63, 14.64, 23.80, 21.15
0.43, -0.69, -0.56, 8.40, 34.23, 14.38
0.42, -0.71, -0.52, 3.98, 42.33, 9.07
0.47, -0.72, -0.50, -0.36, 41.40, 3.92
0.53, -0.76, -0.44, -6.99, 37.64, -0.09
0.54, -0.80, -0.42, -14.03, 31.71, -4.12
0.53, -0.79, -0.38, -24.49, 24.21, -7.46
0.56, -0.74, -0.33, -32.18, 15.07, -9.91
0.62, -0.70, -0.37, -35.86, -6.71, -8.97
0.67, -0.64, -0.44, -37.48, -33.86, -5.90
0.66, -0.59, -0.46, -37.73, -51.23, -3.55
0.56, -0.55, -0.48, -41.93, -56.04, -4.42
0.48, -0.52, -0.49, -43.94, -55.57, -5.22
0.49, -0.48, -0.61, -33.09, -47.66, -3.80
0.53, -0.44, -0.74, -17.92, -30.37, -0.36
0.52, -0.44, -0.85, -0.72, 2.86, 7.46
0.54, -0.46, -0.88, 10.90, 12.38, 12.69
0.56, -0.51, -0.76, 12.45, 22.66, 15.63
0.56, -0.58, -0.60, 11.57, 26.59, 13.78
0.49, -0.65, -0.56, 5.71, 39.45, 11.55
0.45, -0.69, -0.52, 1.14, 46.13, 9.58
0.47, -0.73, -0.47, -3.38, 47.27, 4.79
0.50, -0.77, -0.43, -8.38, 34.92, -2.04
0.48, -0.79, -0.39, -20.13, 24.06, -9.52
0.48, -0.77, -0.33, -29.42, 15.11, -13.25
0.55, -0.72, -0.34, -37.77, -2.87, -13.48
0.62, -0.65, -0.40, -42.04, -29.62, -8.26
0.68, -0.57, -0.51, -40.12, -49.58, -3.86
0.64, -0.51, -0.60, -36.37, -61.57, -2.15
0.56, -0.47, -0.67, -28.86, -53.59, 0.21
0.51, -0.46, -0.72, -20.25, -32.12, 0.55
0.49, -0.47, -0.76, -10.36, -5.71, 5.24
0.48, -0.48, -0.78, 2.34, 21.97, 7.39
0.49, -0.51, -0.78, 8.74, 40.19, 10.22
0.51, -0.57, -0.65, 5.52, 38.58, 11.49
0.54, -0.63, -0.55, 4.08, 30.64, 12.65
0.56, -0.67, -0.49, 0.76, 24.55, 10.10
0.53, -0.72, -0.45, -0.99, 28.30, 3.51
0.46, -0.78, -0.41, -11.59, 34.47, -5.38
0.41, -0.81, -0.37, -21.59, 35.10, -12.41
0.48, -0.76, -0.37, -29.09, 20.44, -13.35
0.61, -0.68, -0.39, -33.04, -9.26, -10.50
0.70, -0.62, -0.43, -34.58, -35.86, -8.27
0.69, -0.56, -0.49, -33.35, -50.32, -3.16
0.60, -0.50, -0.57, -28.24, -50.72, -0.71
0.51, -0.46, -0.63, -25.52, -46.74, 1.73
0.48, -0.46, -0.66, -22.46, -39.11, 3.13
0.52, -0.46, -0.71, -14.18, -29.66, 3.83
0.53, -0.47, -0.75, -5.20, -14.78, 7.62
0.50, -0.50, -0.78, 6.00, 10.42, 9.97
0.48, -0.56, -0.77, 9.36, 27.97, 10.87
0.47, -0.63, -0.68, 8.62, 35.24, 10.88
0.50, -0.68, -0.61, 6.36, 40.04, 9.91
0.48, -0.72, -0.55, 2.06, 48.98, 4.53
0.43, -0.75, -0.50, -3.07, 61.61, -2.15
0.41, -0.77, -0.45, -9.72, 55.89, -10.30
0.44, -0.78, -0.41, -20.04, 40.38, -11.67
0.55, -0.75, -0.36, -29.47, 15.95, -10.79
0.64, -0.68, -0.34, -36.99, -10.72, -9.96
0.68, -0.59, -0.39, -38.54, -34.97, -4.36
0.67, -0.51, -0.47, -37.61, -52.81, 1.80
0.61, -0.47, -0.52, -34.18, -62.08, 4.31
0.51, -0.46, -0.56, -32.35, -60.09, 4.35
0.45, -0.47, -0.63, -22.91, -47.41, 1.97
0.43, -0.46, -0.73, -10.85, -23.54, 1.91
0.44, -0.47, -0.81, 4.28, -2.46, 5.46
0.49, -0.50, -0.84, 17.75, 27.47, 8.62
0.52, -0.56, -0.77, 19.02, 40.66, 11.18
0.54, -0.63, -0.64, 15.23, 40.91, 13.28
0.55, -0.69, -0.57, 11.28, 35.06, 11.04
0.49, -0.72, -0.51, 5.60, 38.64, 4.26
0.42, -0.75, -0.49, 2.28, 43.20, -3.99
0.40, -0.79, -0.44, -10.43, 37.94, -10.89
0.43, -0.81, -0.36, -23.07, 31.69, -15.09
0.52, -0.76, -0.37, -30.77, 11.38, -14.96
0.64, -0.67, -0.42, -36.97, -19.10, -10.51
0.70, -0.58, -0.47, -34.76, -42.67, -7.29
0.65, -0.52, -0.54, -31.43, -48.96, -3.43
0.54, -0.49, -0.58, -31.15, -48.62, -2.86
0.46, -0.48, -0.60, -28.71, -39.44, -2.51
0.44, -0.48, -0.64, -22.71, -25.84, -0.79
0.47, -0.47, -0.71, -12.97, -10.37, 0.95
0.53, -0.47, -0.77, 0.11, -0.65, 7.28
0.58, -0.49, -0.77, 7.77, 11.55, 13.96
0.57, -0.54, -0.69, 11.38, 25.46, 13.73
0.50, -0.60, -0.63, 11.75, 37.78, 13.50
0.47, -0.65, -0.61, 9.23, 37.12, 9.78
0.46, -0.70, -0.55, 5.76, 34.62, 5.04
0.45, -0.77, -0.50, -0.70, 33.52, -1.64
0.44, -0.80, -0.45, -8.74, 32.43, -6.51
0.45, -0.81, -0.40, -18.65, 31.31, -10.33
0.51, -0.77, -0.38, -24.27, 20.21, -11.41
0.59, -0.70, -0.40, -32.04, -5.92, -11.21
0.63, -0.65, -0.41, -37.36, -33.43, -8.61
0.62, -0.61, -0.47, -37.10, -46.74, -7.58
0.54, -0.55, -0.53, -36.31, -48.43, -7.62
0.46, -0.50, -0.60, -30.56, -40.44, -5.59
0.43, -0.45, -0.68, -21.32, -27.96, -5.58
0.43, -0.43, -0.74, -11.44, -9.79, -4.09
0.47, -0.44, -0.79, 0.95, 11.91, 1.51
0.52, -0.47, -0.80, 11.77, 26.32, 6.17
0.55, -0.50, -0.78, 16.78, 32.45, 10.50
0.57, -0.56, -0.73, 19.06, 34.51, 16.26
0.56, -0.62, -0.68, 22.09, 35.49, 13.90
0.47, -0.66, -0.64, 21.18, 59.29, 8.96
0.40, -0.69, -0.61, 17.79, 64.00, 5.48
0.44, -0.75, -0.52, 14.69, 64.00, -3.95
0.47, -0.81, -0.45, 2.89, 56.71, -11.50
0.46, -0.89, -0.32, -13.52, 44.52, -27.78
0.44, -0.87, -0.27, -26.63, 50.03, -35.20
0.51, -0.78, -0.29, -37.64, 48.75, -37.79
0.63, -0.68, -0.35, -41.94, 25.67, -33.15
0.76, -0.62, -0.46, -39.43, -7.96, -25.44
0.80, -0.56, -0.54, -36.35, -33.09, -21.17
0.68, -0.52, -0.56, -33.07, -37.30, -22.46
0.53, -0.51, -0.61, -26.42, -13.82, -24.87
0.47, -0.51, -0.68, -13.17, 36.04, -24.06
0.52, -0.48, -0.77, -0.35, 64.00, -17.31
0.63, -0.47, -0.76, 7.79, 64.00, -7.61
0.71, -0.50, -0.66, 10.73, 64.00, -1.05
0.74, -0.55, -0.55, 10.16, 49.88, 1.45
0.72, -0.59, -0.46, 8.81, 30.03, 2.90
0.64, -0.64, -0.38, 3.83, 22.43, -7.62
0.46, -0.71, -0.29, -7.21, 38.65, -19.79
0.38, -0.75, -0.24, -17.64, 51.72, -28.72
0.50, -0.71, -0.24, -26.25, 58.83, -29.57
0.67, -0.63, -0.26, -32.72, 30.38, -25.77
0.82, -0.58, -0.28, -40.10, -11.79, -15.07
0.90, -0.56, -0.30, -43.22, -46.95, -8.49
0.84, -0.49, -0.39, -41.87, -59.20, -6.42
0.68, -0.43, -0.50, -36.69, -53.70, -10.38
0.53, -0.41, -0.61, -28.34, -26.51, -13.71
0.47, -0.43, -0.71, -14.91, 23.90, -13.17
0.54, -0.44, -0.79, 1.30, 57.84, -10.13
0.67, -0.44, -0.77, 9.70, 64.00, 1.88
0.82, -0.49, -0.63, 14.50, 64.00, 10.20
0.89, -0.54, -0.55, 18.25, 51.84, 18.97
0.85, -0.59, -0.44, 14.02, 32.54, 17.40
0.74, -0.63, -0.36, 14.38, 26.98, 11.86
0.58, -0.71, -0.25, -0.87, 17.97, -2.77
0.49, -0.80, -0.16, -12.91, 24.36, -14.27
0.52, -0.78, -0.15, -29.02, 19.43, -23.04
0.64, -0.67, -0.17, -37.05, 12.36, -21.91
0.79, -0.56, -0.27, -41.31, -11.45, -17.52
0.87, -0.50, -0.39, -39.03, -35.11, -9.39
0.85, -0.46, -0.49, -32.87, -39.87, -5.62
0.74, -0.43, -0.57, -23.46, -34.50, -5.60
0.63, -0.42, -0.62, -16.48, -14.00, -5.74
0.57, -0.43, -0.64, -8.23, 17.47, -4.77
0.58, -0.44, -0.63, -1.48, 42.79, -1.96
0.68, -0.47, -0.59, 1.02, 47.08, 5.68
0.80, -0.51, -0.51, 2.70, 42.22, 12.13
0.87, -0.56, -0.44, 6.33, 28.97, 16.73
0.85, -0.59, -0.41, 7.65, 17.81, 14.55
0.72, -0.66, -0.34, 1.38, 7.59, 5.74
0.57, -0.74, -0.23, -10.15, 12.31, -8.06
0.53, -0.76, -0.16, -24.22, 24.20, -15.77
0.63, -0.69, -0.17, -30.21, 23.30, -17.96
0.79, -0.59, -0.23, -35.31, 1.10, -13.96
0.89, -0.56, -0.30, -35.04, -26.80, -9.52
0.86, -0.54, -0.40, -31.54, -39.56, -9.19
0.76, -0.51, -0.49, -25.36, -36.42, -8.54
0.65, -0.46, -0.56, -17.11, -18.82, -11.16
0.59, -0.44, -0.61, -9.58, 5.19, -10.39
0.62, -0.43, -0.62, -2.67, 25.44, -6.81
0.72, -0.42, -0.61, 1.97, 33.09, 0.52
0.82, -0.44, -0.55, 0.59, 26.41, 6.21
0.85, -0.49, -0.47, 0.13, 21.93, 12.24
0.83, -0.54, -0.44, -0.91, 22.19, 15.01
0.78, -0.57, -0.43, 2.86, 22.87, 16.41
0.73, -0.61, -0.43, 4.47, 17.04, 12.40
0.67, -0.67, -0.39, 2.39, 8.64, 1.13
0.56, -0.73, -0.29, -9.27, 11.30, -14.38
0.51, -0.75, -0.20, -23.43, 24.89, -26.83
0.63, -0.70, -0.19, -30.18, 28.41, -28.84
0.80, -0.61, -0.27, -34.52, 5.81, -22.89
0.92, -0.55, -0.35, -35.47, -19.34, -15.50
0.91, -0.49, -0.44, -30.14, -36.70, -11.54
0.81, -0.44, -0.51, -23.88, -32.79, -12.71
0.68, -0.40, -0.57, -16.31, -10.53, -11.77
0.63, -0.40, -0.62, -11.04, 15.13, -8.10
0.65, -0.39, -0.61, -6.23, 34.12, -4.51
0.71, -0.39, -0.56, -5.42, 38.22, 2.00
0.80, -0.43, -0.49, -3.01, 33.43, 9.34
0.87, -0.47, -0.46, -1.45, 21.48, 15.34
0.90, -0.51, -0.44, 2.01, 7.48, 21.40
0.82, -0.55, -0.41, 5.27, 2.03, 12.97
0.63, -0.64, -0.32, -4.50, 25.14, 1.99
0.54, -0.75, -0.20, -12.14, 41.81, -10.59
0.62, -0.76, -0.20, -17.88, 29.85, -17.84
0.76, -0.71, -0.19, -26.35, 20.34, -17.69
0.87, -0.62, -0.22, -26.97, 3.05, -18.15
0.89, -0.54, -0.29, -27.74, -14.20, -12.57
0.88, -0.51, -0.35, -27.53, -30.83, -10.49
0.81, -0.49, -0.40, -25.09, -32.64, -10.03
0.72, -0.46, -0.43, -23.03, -27.21, -13.34
0.64, -0.43, -0.48, -20.47, -14.46, -15.01
0.61, -0.40, -0.52, -14.49, 2.59, -15.62
0.66, -0.39, -0.60, -4.60, 28.89, -10.87
0.77, -0.37, -0.66, 5.59, 41.95, -0.98
0.88, -0.38, -0.62, 10.38, 39.90, 10.14
0.93, -0.45, -0.51, 11.56, 42.43, 17.54
0.85, -0.55, -0.38, 8.93, 38.18, 16.02
0.79, -0.63, -0.30, 2.85, 33.85, 11.36
0.75, -0.69, -0.21, -6.36, 22.63, 1.05
0.72, -0.71, -0.16, -15.25, 10.88, -8.90
0.71, -0.68, -0.16, -24.84, 5.42, -14.09
0.75, -0.62, -0.16, -29.80, 6.06, -16.61
0.82, -0.56, -0.21, -31.48, -4.35, -15.60
0.87, -0.52, -0.29, -33.42, -21.62, -11.98
0.87, -0.47, -0.36, -29.16, -33.41, -8.94
0.81, -0.41, -0.46, -24.40, -34.33, -6.58
0.75, -0.35, -0.52, -17.55, -24.11, -6.74
0.70, -0.34, -0.56, -12.31, -9.48, -4.57
0.69, -0.37, -0.56, -7.51, 11.83, -1.34
0.74, -0.40, -0.56, -0.77, 29.93, 2.74
0.81, -0.41, -0.55, 3.24, 35.62, 9.75
0.89, -0.46, -0.48, 8.54, 31.68, 16.78
0.92, -0.52, -0.42, 9.78, 26.28, 20.04
0.83, -0.60, -0.32, 6.92, 23.15, 13.03
0.72, -0.69, -0.23, 0.22, 22.78, 2.92
0.67, -0.75, -0.16, -10.67, 10.36, -10.53
0.68, -0.74, -0.13, -22.97, 14.49, -14.80
0.77, -0.64, -0.15, -26.65, 12.59, -16.56
0.87, -0.53, -0.23, -30.64, -5.80, -12.14
0.92, -0.49, -0.29, -33.11, -31.05, -6.66
0.88, -0.47, -0.36, -30.35, -41.91, -4.85
0.77, -0.43, -0.43, -27.96, -37.04, -6.25
0.69, -0.37, -0.50, -21.23, -22.52, -8.87
0.64, -0.35, -0.56, -12.95, -2.75, -8.33
0.67, -0.37, -0.60, -5.80, 18.48, -4.93
0.76, -0.40, -0.60, 3.79, 39.79, 0.61
0.85, -0.42, -0.56, 7.30, 45.24, 8.58
0.94, -0.46, -0.48, 8.84, 37.77, 16.60
0.97, -0.51, -0.40, 8.76, 33.85, 21.10
0.90, -0.57, -0.34, 9.23, 33.60, 18.79
0.79, -0.65, -0.28, 8.57, 14.34, 5.20
0.66, -0.75, -0.17, -7.87, 12.24, -9.36
0.61, -0.79, -0.05, -21.36, 27.29, -21.37
0.71, -0.68, -0.06, -26.78, 30.92, -22.54
0.87, -0.51, -0.13, -33.47, -1.50, -16.29
0.99, -0.49, -0.18, -36.76, -39.57, -9.47
0.96, -0.46, -0.26, -35.61, -63.08, -3.69
0.84, -0.39, -0.35, -33.09, -63.77, -3.80
0.72, -0.31, -0.46, -23.20, -45.36, -2.17
0.65, -0.27, -0.56, -13.80, -17.30, 0.90
0.63, -0.28, -0.61, -2.68, 21.36, 9.38
0.71, -0.31, -0.61, 4.47, 35.89, 17.71
0.82, -0.37, -0.48, 2.29, 22.19, 29.26
0.90, -0.44, -0.34, -0.57, 10.94, 36.59
0.88, -0.49, -0.28, -5.39, -0.60, 35.19
0.79, -0.52, -0.24, -10.71, -7.06, 30.09
0.69, -0.58, -0.25, -15.81, -5.46, 25.36
0.65, -0.63, -0.30, -17.39, -6.65, 15.86
0.66, -0.64, -0.32, -20.63, 2.45, 11.66
0.73, -0.61, -0.34, -20.42, 5.16, 13.23
0.83, -0.57, -0.36, -20.24, -2.61, 18.09
0.91, -0.54, -0.37, -19.26, -17.52, 25.39
0.91, -0.52, -0.38, -16.51, -26.08, 28.73
0.82, -0.49, -0.40, -13.74, -22.42, 27.57
0.71, -0.48, -0.40, -14.22, -15.99, 26.13
0.67, -0.50, -0.37, -15.77, -12.46, 25.67
0.68, -0.53, -0.32, -17.24, -13.79, 25.27
0.72, -0.54, -0.30, -18.85, -17.56, 27.49
0.76, -0.52, -0.30, -17.35, -21.76, 30.46
0.77, -0.50, -0.32, -15.64, -28.78, 33.40
0.76, -0.50, -0.35, -14.32, -34.02, 34.71
0.71, -0.53, -0.38, -13.31, -35.66, 35.37
0.68, -0.58, -0.39, -13.77, -37.63, 35.20
0.64, -0.61, -0.40, -12.46, -33.89, 33.63
0.62, -0.61, -0.41, -11.50, -30.56, 33.33
0.61, -0.60, -0.45, -7.68, -27.78, 33.61
0.61, -0.60, -0.48, -4.40, -24.23, 35.69
0.62, -0.61, -0.48, -0.35, -29.50, 35.73
0.63, -0.63, -0.48, 0.82, -35.38, 34.22
0.62, -0.66, -0.46, -0.84, -36.73, 30.74
0.59, -0.67, -0.43, -2.47, -34.84, 27.95
0.55, -0.68, -0.43, -4.29, -28.56, 27.27
0.55, -0.68, -0.45, -2.84, -26.41, 26.15
0.57, -0.66, -0.49, -1.82, -26.47, 26.43
0.58, -0.66, -0.50, 0.65, -28.09, 28.62
0.57, -0.68, -0.49, 0.57, -30.19, 27.06
0.55, -0.70, -0.46, -1.99, -35.15, 26.07
0.55, -0.70, -0.43, -6.02, -40.80, 27.17
0.53, -0.69, -0.41, -10.58, -41.82, 28.56
0.50, -0.68, -0.40, -13.96, -44.77, 28.76
0.48, -0.66, -0.45, -15.42, -42.97, 28.81
0.48, -0.63, -0.51, -14.15, -42.97, 29.39
0.47, -0.63, -0.51, -15.37, -39.86, 32.72
0.46, -0.64, -0.49, -17.66, -41.90, 38.97
0.46, -0.64, -0.46, -18.38, -50.65, 43.12
0.45, -0.62, -0.47, -18.43, -60.06, 43.79
0.43, -0.61, -0.51, -15.84, -64.00, 42.87
0.38, -0.61, -0.56, -13.19, -58.67, 43.56
0.34, -0.64, -0.56, -13.56, -49.08, 44.33
0.32, -0.69, -0.55, -13.43, -43.33, 46.42
0.35, -0.73, -0.56, -10.95, -43.37, 41.85
0.39, -0.74, -0.61, -6.15, -46.50, 38.77
0.38, -0.76, -0.63, -2.46, -46.04, 36.59
0.35, -0.79, -0.62, -0.92, -39.24, 35.26
0.32, -0.83, -0.61, -1.10, -33.40, 32.69
0.32, -0.84, -0.60, -0.97, -30.46, 27.31
0.33, -0.82, -0.61, 0.29, -30.70, 22.81
0.34, -0.82, -0.61, -1.70, -27.15, 19.39
0.31, -0.84, -0.58, -5.30, -23.55, 17.03
0.29, -0.85, -0.55, -7.83, -20.88, 14.69
0.29, -0.83, -0.55, -7.94, -22.64, 13.01
0.29, -0.80, -0.56, -7.09, -26.68, 11.97
0.28, -0.77, -0.56, -7.91, -27.53, 11.50
0.26, -0.75, -0.57, -8.46, -24.88, 10.27
0.23, -0.74, -0.56, -8.26, -20.01, 9.44
0.21, -0.75, -0.54, -11.76, -16.02, 7.69
0.21, -0.76, -0.52, -12.92, -15.47, 7.39
0.22, -0.76, -0.52, -13.98, -20.47, 7.53
0.22, -0.74, -0.53, -11.79, -24.10, 7.91
0.21, -0.72, -0.55, -8.65, -25.58, 6.73
0.19, -0.72, -0.57, -5.24, -23.07, 5.76
0.18, -0.73, -0.57, -2.99, -17.12, 7.14
0.18, -0.74, -0.55, -1.64, -14.34, 7.86
0.18, -0.75, -0.53, -2.72, -15.14, 7.67
0.20, -0.75, -0.52, -3.18, -18.85, 7.36
0.21, -0.74, -0.51, -4.50, -24.88, 7.09
0.20, -0.74, -0.52, -4.28, -26.81, 6.40
0.18, -0.75, -0.55, -4.89, -22.16, 7.38
0.16, -0.75, -0.56, -5.92, -17.19, 7.01
0.14, -0.75, -0.55, -6.86, -11.21, 6.37
0.15, -0.76, -0.54, -7.40, -11.07, 6.46
0.17, -0.77, -0.54, -8.45, -15.74, 5.92
0.18, -0.77, -0.54, -7.84, -20.77, 5.53
0.16, -0.77, -0.54, -7.73, -23.22, 4.84
0.13, -0.77, -0.55, -7.00, -20.92, 1.93
0.11, -0.77, -0.56, -5.30, -16.41, 3.80
0.12, -0.76, -0.57, -3.04, -11.95, 3.40
0.13, -0.76, -0.56, -1.69, -9.12, 2.48
0.13, -0.76, -0.55, 0.10, -9.13, 3.07
0.14, -0.76, -0.54, -0.13, -11.11, 2.01
0.14, -0.76, -0.53, 0.25, -14.26, 4.16
0.13, -0.76, -0.52, -1.02, -14.33, 5.78
0.12, -0.75, -0.52, -3.25, -13.42, 6.56
0.11, -0.74, -0.51, -5.54, -13.38, 7.39
0.11, -0.75, -0.50, -8.92, -13.49, 7.31
0.11, -0.75, -0.50, -11.48, -14.57, 9.49
0.11, -0.75, -0.50, -13.21, -14.63, 11.11
0.11, -0.75, -0.50, -15.29, -16.12, 11.76
0.09, -0.75, -0.52, -14.95, -17.36, 11.71
0.08, -0.74, -0.54, -13.78, -16.28, 13.32
0.07, -0.75, -0.54, -12.94, -15.84, 13.67
0.06, -0.77, -0.53, -11.95, -13.65, 13.64
0.05, -0.78, -0.54, -9.94, -13.53, 13.30
0.06, -0.78, -0.55, -7.43, -13.36, 11.27
0.06, -0.78, -0.55, -4.87, -14.96, 12.26
0.06, -0.79, -0.54, -3.24, -14.40, 10.15
0.05, -0.79, -0.53, -2.37, -12.80, 10.49
0.04, -0.79, -0.52, -2.53, -9.74, 8.43
0.05, -0.79, -0.51, -2.22, -10.12, 6.47
0.05, -0.79, -0.51, -2.54, -9.80, 6.77
0.06, -0.79, -0.51, -3.13, -9.45, 7.47
0.06, -0.80, -0.50, -3.72, -9.01, 6.89
0.06, -0.80, -0.50, -4.28, -10.48, 6.65
0.06, -0.79, -0.50, -6.34, -13.21, 6.77
0.06, -0.80, -0.50, -8.46, -15.17, 7.36
0.05, -0.80, -0.50, -11.17, -15.99, 7.09
0.03, -0.80, -0.49, -13.79, -14.52, 7.29
0.02, -0.80, -0.48, -16.54, -12.41, 6.80
0.02, -0.80, -0.49, -18.12, -13.25, 6.47
0.02, -0.80, -0.50, -19.20, -12.46, 6.38
0.01, -0.79, -0.51, -17.59, -11.43, 5.78
0.00, -0.79, -0.52, -17.68, -8.55, 6.35
-0.01, -0.79, -0.52, -17.41, -6.52, 5.85
-0.01, -0.79, -0.52, -16.84, -7.08, 6.47
-0.01, -0.78, -0.52, -15.42, -7.91, 5.18
-0.01, -0.78, -0.52, -13.76, -8.81, 4.13
-0.03, -0.78, -0.51, -12.68, -7.37, 2.26
-0.04, -0.78, -0.52, -12.46, -4.04, 0.75
-0.05, -0.78, -0.52, -12.33, 0.35, -0.39
-0.05, -0.78, -0.52, -12.37, 1.17, -1.10
-0.03, -0.78, -0.51, -12.24, 1.89, -1.86
-0.02, -0.79, -0.51, -12.23, 1.42, -1.70
-0.02, -0.79, -0.51, -11.84, 2.16, -1.81
-0.02, -0.79, -0.51, -11.89, 2.11, -2.82
-0.01, -0.79, -0.51, -11.77, 2.47, -3.29
-0.00, -0.78, -0.51, -11.55, 1.04, -3.86
-0.01, -0.78, -0.51, -12.51, 0.99, -3.35
-0.01, -0.79, -0.51, -12.32, 2.90, -3.21
-0.01, -0.79, -0.50, -13.64, 6.49, -1.91
0.00, -0.79, -0.49, -15.31, 5.86, -1.54
0.01, -0.78, -0.48, -16.14, 5.04, -0.13
0.02, -0.77, -0.49, -16.57, 1.35, -1.16
0.02, -0.77, -0.49, -16.11, 0.66, 0.50
0.01, -0.77, -0.49, -16.47, 0.97, 1.06
-0.00, -0.78, -0.49, -17.35, 2.35, 2.48
0.00, -0.78, -0.49, -16.45, 1.47, 1.69
0.00, -0.77, -0.49, -16.71, 0.21, 4.10
0.00, -0.77, -0.50, -15.97, -1.46, 1.66
-0.01, -0.77, -0.50, -16.08, -2.04, 1.33
-0.03, -0.78, -0.49, -17.34, 0.92, 0.29
-0.04, -0.78, -0.48, -15.92, 1.77, -0.92
-0.04, -0.79, -0.50, -16.30, 0.50, -1.71
-0.02, -0.79, -0.51, -15.82, -2.47, -1.62
-0.01, -0.78, -0.50, -14.62, -3.38, -2.37
-0.02, -0.78, -0.50, -15.28, -4.72, -4.18
-0.03, -0.78, -0.50, -15.08, -3.21, -5.70
-0.04, -0.78, -0.51, -14.86, -1.35, -4.53
-0.03, -0.78, -0.51, -14.64, 0.56, -6.14
-0.02, -0.78, -0.50, -15.09, -0.33, -4.88
0.00, -0.77, -0.50, -14.47, -2.52, -4.22
0.02, -0.77, -0.51, -14.45, -8.83, -3.83
0.02, -0.77, -0.50, -13.89, -14.27, -3.69
0.01, -0.78, -0.50, -13.17, -15.12, -3.40
-0.02, -0.79, -0.50, -12.84, -11.98, -4.45
-0.03, -0.79, -0.50, -13.81, -5.26, -4.93
-0.03, -0.79, -0.51, -14.47, -2.88, -5.45
-0.03, -0.79, -0.51, -13.59, -2.62, -6.30
-0.02, -0.79, -0.51, -13.82, -3.96, -5.81
-0.01, -0.79, -0.51, -13.54, -8.69, -7.56
-0.01, -0.78, -0.51, -12.64, -12.13, -8.91
-0.01, -0.79, -0.50, -11.54, -11.46, -9.09
-0.02, -0.79, -0.50, -11.35, -9.60, -10.39
-0.02, -0.78, -0.51, -9.97, -6.48, -10.14
-0.02, -0.78, -0.51, -8.74, -3.28, -10.25
-0.02, -0.78, -0.50, -9.29, -0.70, -10.79
-0.02, -0.79, -0.49, -9.79, 1.11, -10.81
-0.01, -0.79, -0.48, -11.63, -4.95, -11.26
-0.00, -0.79, -0.48, -11.77, -6.91, -10.15
0.01, -0.79, -0.48, -11.10, -11.19, -11.68
-0.00, -0.78, -0.49, -11.09, -12.28, -11.00
-0.02, -0.78, -0.49, -11.03, -9.43, -11.06
-0.03, -0.78, -0.49, -11.29, -7.21, -12.21
-0.03, -0.79, -0.49, -12.76, -4.44, -12.60
-0.02, -0.80, -0.49, -13.45, -1.66, -12.16
-0.01, -0.80, -0.49, -13.26, -1.76, -11.86
0.02, -0.80, -0.49, -12.43, -1.11, -9.99
0.04, -0.80, -0.49, -12.90, -4.87, -11.09
0.04, -0.79, -0.50, -12.45, -12.69, -11.16
0.01, -0.79, -0.51, -12.80, -16.17, -10.36
-0.01, -0.79, -0.50, -12.23, -14.02, -12.36
-0.01, -0.79, -0.50, -11.77, -9.28, -13.61
-0.02, -0.80, -0.50, -13.04, -3.93, -13.98
-0.03, -0.80, -0.50, -14.18, 1.64, -15.65
-0.01, -0.79, -0.50, -14.56, -0.30, -15.51
0.02, -0.79, -0.49, -13.62, -6.27, -14.06
0.03, -0.79, -0.50, -12.51, -14.01, -14.37
0.04, -0.79, -0.50, -10.71, -15.73, -12.96
0.02, -0.81, -0.50, -9.95, -12.77, -13.72
-0.01, -0.82, -0.50, -11.63, -2.94, -14.08
-0.02, -0.82, -0.49, -13.55, 3.85, -18.35
-0.01, -0.81, -0.47, -14.38, 8.22, -18.38
0.01, -0.80, -0.47, -14.60, 4.91, -19.13
0.04, -0.80, -0.47, -15.07, 2.16, -17.22
0.06, -0.80, -0.48, -14.96, -2.86, -17.77
0.07, -0.79, -0.48, -14.14, -0.74, -15.48
0.07, -0.78, -0.47, -16.31, -4.19, -15.29
0.05, -0.77, -0.48, -17.54, -0.58, -10.77
0.06, -0.75, -0.49, -13.56, 10.92, -9.76
0.07, -0.76, -0.46, -14.57, -10.44, -13.15
0.03, -0.81, -0.44, -13.52, -19.73, -15.05
-0.01, -0.84, -0.47, -15.43, -15.93, -17.96
-0.03, -0.81, -0.49, -13.59, -1.07, -19.69
0.01, -0.76, -0.50, -10.78, 7.99, -19.56
0.06, -0.76, -0.49, -11.47, 4.48, -19.07
0.09, -0.79, -0.49, -11.22, -0.20, -16.26
0.09, -0.81, -0.50, -9.08, -8.63, -15.29
0.08, -0.81, -0.49, -7.96, -11.53, -18.73
0.05, -0.81, -0.49, -8.05, -12.27, -21.62
0.03, -0.81, -0.49, -8.09, -9.29, -22.22
0.03, -0.81, -0.48, -8.48, 0.03, -22.55
0.04, -0.81, -0.48, -11.09, 4.80, -25.20
0.06, -0.80, -0.49, -10.15, 8.76, -24.08
0.09, -0.79, -0.49, -11.65, 4.02, -23.93
0.10, -0.78, -0.49, -10.93, 3.10, -22.79
0.09, -0.77, -0.48, -10.05, -2.96, -22.92
0.08, -0.77, -0.49, -8.83, -4.06, -23.04
0.06, -0.79, -0.47, -10.39, -5.13, -24.73
0.06, -0.81, -0.46, -10.77, 1.96, -22.71
0.08, -0.81, -0.45, -14.54, 7.03, -20.01
0.11, -0.75, -0.46, -14.16, 10.42, -16.83
0.16, -0.71, -0.48, -14.40, 6.92, -11.41
0.19, -0.69, -0.48, -14.49, -2.91, -9.00
0.21, -0.70, -0.49, -14.03, -13.56, -3.71
0.19, -0.71, -0.49, -16.80, -16.94, 1.06
0.16, -0.72, -0.50, -18.15, -10.68, 5.60
0.14, -0.70, -0.52, -17.51, -2.71, 9.77
0.13, -0.68, -0.56, -17.36, 7.64, 12.11
0.12, -0.68, -0.60, -16.11, 17.54, 15.64
0.15, -0.70, -0.65, -12.40, 27.01, 19.30
0.16, -0.72, -0.68, -7.60, 29.70, 22.76
0.15, -0.76, -0.67, -1.96, 37.09, 24.45
0.12, -0.84, -0.63, 2.35, 42.72, 20.77
0.08, -0.96, -0.54, 0.93, 36.36, 14.35
0.02, -1.03, -0.46, -2.95, 29.86, 4.70
-0.04, -1.07, -0.41, -7.82, 27.36, -6.57
-0.07, -1.07, -0.35, -16.03, 27.65, -23.14
-0.07, -1.05, -0.28, -23.12, 30.92, -35.92
-0.02, -1.01, -0.27, -29.36, 27.01, -46.65
0.07, -0.94, -0.30, -34.32, 13.07, -49.70
0.21, -0.84, -0.38, -34.81, -1.30, -40.89
0.37, -0.70, -0.47, -28.16, -5.97, -23.74
0.43, -0.56, -0.48, -23.82, -21.22, -15.78
0.30, -0.51, -0.40, -28.56, -41.23, -8.44
0.24, -0.53, -0.39, -28.59, -41.03, 4.95
0.23, -0.54, -0.43, -30.10, -44.58, 11.86
0.21, -0.51, -0.51, -21.00, -39.86, 17.90
0.16, -0.50, -0.60, -12.93, -28.48, 18.25
0.11, -0.56, -0.69, -0.47, -2.76, 23.04
0.12, -0.66, -0.74, 10.46, 22.89, 27.15
0.12, -0.78, -0.69, 20.42, 30.52, 22.63
0.07, -0.95, -0.61, 20.37, 38.64, 19.13
0.07, -1.09, -0.50, 11.10, 27.79, 12.63
0.06, -1.13, -0.39, 1.08, 14.30, 0.93
0.01, -1.06, -0.35, -7.93, 8.11, -19.32
-0.07, -1.02, -0.29, -24.78, 1.83, -36.61
-0.08, -1.04, -0.26, -38.70, -3.16, -48.80
0.00, -1.01, -0.34, -46.87, -19.10, -52.05
0.13, -0.88, -0.47, -47.81, -19.03, -40.23
0.35, -0.66, -0.63, -24.33, 12.60, -20.58
0.40, -0.49, -0.62, -18.40, -30.97, -16.16
0.28, -0.47, -0.50, -19.90, -21.63, 3.35
0.34, -0.49, -0.52, -12.94, -19.85, 15.54
0.33, -0.47, -0.58, -6.19, -19.69, 17.01
0.25, -0.48, -0.62, -1.47, -10.08, 24.16
0.15, -0.56, -0.60, -1.17, 6.47, 26.78
0.10, -0.69, -0.61, 2.57, 31.48, 28.25
0.09, -0.80, -0.58, 6.68, 41.62, 25.96
0.11, -0.93, -0.55, 9.97, 35.93, 23.69
0.14, -1.05, -0.52, 6.52, 21.71, 17.08
0.12, -1.11, -0.44, 3.08, 10.21, 5.54
0.03, -1.09, -0.39, -1.51, 7.04, -11.86
-0.07, -1.06, -0.34, -13.84, 15.02, -27.23
-0.08, -1.03, -0.30, -25.37, 15.03, -36.67
0.04, -0.94, -0.34, -32.93, 9.72, -36.37
0.17, -0.81, -0.37, -38.31, -13.79, -32.41
0.23, -0.67, -0.39, -37.21, -32.83, -24.44
0.28, -0.56, -0.45, -29.79, -38.40, -15.29
0.28, -0.48, -0.49, -22.33, -39.25, -5.94
0.29, -0.45, -0.57, -13.17, -21.71, 10.10
0.31, -0.46, -0.66, -0.41, -9.19, 19.11
0.26, -0.52, -0.68, 6.54, 5.29, 25.91
0.18, -0.65, -0.66, 10.06, 17.62, 30.90
0.14, -0.78, -0.61, 11.63, 29.23, 31.66
0.13, -0.90, -0.53, 13.76, 21.84, 24.82
0.09, -1.01, -0.48, 12.58, 12.66, 16.28
0.02, -1.10, -0.46, 6.94, 1.63, 2.40
-0.08, -1.11, -0.41, -0.96, 8.04, -17.79
-0.15, -1.06, -0.32, -15.93, 25.69, -33.23
-0.07, -1.01, -0.29, -23.47, 38.47, -37.66
0.16, -0.94, -0.33, -29.71, 17.79, -36.98
0.28, -0.86, -0.35, -37.09, -24.16, -30.10
0.30, -0.74, -0.41, -33.13, -36.30, -20.47
0.27, -0.58, -0.46, -28.57, -46.13, -12.84
0.24, -0.47, -0.48, -19.74, -29.18, 0.15
0.27, -0.43, -0.52, -12.28, -20.30, 12.26
0.29, -0.45, -0.58, -5.18, -17.62, 19.15
0.26, -0.55, -0.61, -3.57, -13.64, 24.22
0.16, -0.65, -0.62, -1.77, 1.78, 26.19
0.11, -0.75, -0.64, 4.91, 17.27, 27.32
0.12, -0.83, -0.61, 11.90, 25.97, 25.05
0.13, -0.95, -0.56, 14.40, 17.88, 18.52
0.08, -1.06, -0.48, 9.09, 8.91, 10.61
-0.00, -1.11, -0.41, 1.21, 3.28, -4.59
-0.10, -1.08, -0.33, -11.35, 13.37, -21.29
-0.11, -1.02, -0.27, -22.92, 18.68, -34.11
-0.00, -0.99, -0.28, -33.85, 7.32, -39.13
0.16, -0.94, -0.33, -39.86, -12.52, -33.66
0.30, -0.81, -0.46, -33.80, -14.64, -19.23
0.34, -0.62, -0.50, -26.57, -22.81, -8.58
0.29, -0.51, -0.47, -20.88, -37.23, 2.01
0.25, -0.51, -0.42, -22.57, -46.48, 10.88
0.23, -0.51, -0.47, -16.27, -52.04, 18.46
0.16, -0.49, -0.56, -9.29, -44.13, 17.26
0.09, -0.57, -0.62, -3.86, -10.68, 19.13
0.09, -0.66, -0.67, 3.49, 14.93, 19.46
0.11, -0.77, -0.67, 9.96, 26.95, 21.80
0.14, -0.91, -0.62, 12.53, 30.80, 20.53
0.14, -1.05, -0.54, 8.14, 23.21, 15.87
0.09, -1.11, -0.46, 3.58, 14.56, 6.18
0.00, -1.12, -0.39, -3.53, 9.28, -7.30
-0.05, -1.09, -0.35, -13.62, 6.41, -21.17
-0.04, -1.07, -0.33, -24.92, 0.83, -30.90
0.02, -0.97, -0.33, -36.14, -0.76, -33.97
0.13, -0.88, -0.36, -44.32, -1.23, -25.63
0.22, -0.71, -0.42, -40.17, -2.85, -14.36
0.29, -0.55, -0.47, -30.89, -24.14, -7.09
0.26, -0.49, -0.48, -25.92, -40.34, -0.10
0.20, -0.50, -0.49, -22.57, -43.00, 7.89
0.15, -0.52, -0.55, -13.11, -32.04, 11.84
0.12, -0.54, -0.59, -8.55, -14.31, 15.46
0.10, -0.62, -0.62, -1.07, 10.01, 19.58
0.11, -0.72, -0.65, 5.29, 19.56, 21.97
0.11, -0.83, -0.62, 12.33, 25.36, 18.79
0.07, -0.95, -0.54, 10.37, 24.74, 11.54
0.03, -1.09, -0.45, -0.52, 23.81, 5.10
0.02, -1.12, -0.40, -9.36, 15.77, -3.76
0.00, -1.05, -0.37, -17.00, 7.06, -15.59
-0.02, -1.01, -0.35, -21.36, 1.90, -26.45
-0.00, -1.01, -0.34, -27.15, -5.69, -35.08
0.07, -0.96, -0.38, -31.84, -8.51, -31.85
0.18, -0.81, -0.46, -28.87, 1.35, -21.31
0.25, -0.63, -0.48, -24.59, -14.24, -12.96
0.27, -0.52, -0.44, -21.86, -20.30, -3.26
0.27, -0.49, -0.43, -21.08, -38.12, 6.48
0.25, -0.49, -0.45, -17.57, -50.08, 13.33
0.19, -0.53, -0.50, -16.03, -44.97, 17.34
0.09, -0.61, -0.55, -8.14, -18.11, 19.67
0.07, -0.67, -0.65, 1.47, 10.25, 20.87
0.08, -0.75, -0.69, 8.18, 32.57, 21.60
0.09, -0.86, -0.67, 12.01, 31.19, 18.58
0.05, -0.99, -0.57, 7.04, 31.09, 12.65
0.02, -1.09, -0.49, 2.72, 28.97, 3.09
-0.01, -1.12, -0.44, -4.56, 20.56, -8.56
-0.06, -1.08, -0.38, -14.20, 18.05, -21.96
-0.07, -1.03, -0.35, -23.96, 19.11, -33.43
-0.03, -0.94, -0.33, -33.03, 6.61, -38.16
0.06, -0.88, -0.35, -43.18, -4.10, -30.32
0.24, -0.74, -0.44, -40.34, 15.45, -10.46
0.40, -0.54, -0.50, -30.09, -9.54, 0.65
0.35, -0.38, -0.48, -21.44, -24.09, 15.12
0.25, -0.38, -0.47, -14.03, -44.45, 15.90
0.09, -0.50, -0.47, -16.29, -30.38, 15.73
0.02, -0.64, -0.53, -10.06, -1.99, 17.42
0.08, -0.68, -0.60, -0.73, 15.42, 21.49
0.16, -0.71, -0.67, 5.72, 30.21, 25.10
0.18, -0.78, -0.69, 12.66, 27.84, 24.32
0.11, -0.90, -0.57, 12.90, 27.71, 17.90
0.06, -1.06, -0.52, 9.06, 34.09, 14.40
0.05, -1.13, -0.47, 3.70, 23.59, 5.77
-0.01, -1.07, -0.42, 2.50, 18.65, -8.66
-0.08, -1.02, -0.37, -4.42, 26.08, -24.01
-0.11, -1.00, -0.31, -16.26, 31.84, -34.59
-0.06, -0.95, -0.29, -26.76, 26.96, -42.35
0.05, -0.85, -0.27, -36.47, 1.52, -41.90
0.16, -0.76, -0.28, -44.36, -18.21, -27.35
0.33, -0.62, -0.39, -37.80, -12.00, -5.24
0.48, -0.44, -0.50, -21.59, -23.70, 15.04
0.46, -0.34, -0.56, -4.80, -50.75, 20.96
0.20, -0.43, -0.54, -5.24, -48.09, 24.65
0.02, -0.63, -0.56, -0.27, -18.55, 23.95
-0.03, -0.75, -0.63, 1.84, 16.39, 20.47
0.02, -0.79, -0.67, 8.47, 31.47, 20.59
0.07, -0.83, -0.67, 10.36, 39.31, 20.88
0.10, -0.93, -0.61, 11.62, 46.38, 21.46
0.12, -1.05, -0.56, 10.71, 36.34, 17.85
0.09, -1.07, -0.50, 5.94, 25.35, 8.67
-0.01, -1.05, -0.41, -1.65, 23.76, -4.40
-0.08, -1.03, -0.36, -13.18, 32.34, -15.67
-0.06, -0.99, -0.31, -27.05, 37.59, -22.13
0.04, -0.89, -0.28, -35.18, 31.10, -19.42
0.16, -0.78, -0.29, -43.02, 10.52, -13.26
0.22, -0.69, -0.31, -45.71, -11.84, -4.69
0.21, -0.58, -0.35, -42.92, -29.16, -1.08
0.17, -0.52, -0.40, -39.09, -38.86, 3.98
0.15, -0.51, -0.49, -30.75, -31.79, 12.52
0.19, -0.53, -0.64, -16.75, -4.47, 24.93
0.29, -0.57, -0.75, 4.38, 12.41, 33.44
0.29, -0.66, -0.75, 11.61, 18.59, 37.68
0.18, -0.81, -0.68, 9.10, 28.85, 41.49
0.12, -0.89, -0.62, 16.47, 30.16, 37.59
0.03, -0.94, -0.53, 18.94, 17.92, 21.29
-0.09, -1.07, -0.44, 18.53, 21.04, 1.86
-0.24, -1.18, -0.36, 3.10, 36.21, -17.20
-0.31, -1.17, -0.23, -15.60, 64.00, -31.39
-0.07, -1.06, -0.24, -20.18, 64.00, -31.86
0.27, -0.91, -0.27, -27.96, 34.88, -25.61
0.38, -0.82, -0.26, -36.64, -8.42, -10.55
0.32, -0.70, -0.29, -40.32, -39.96, -0.91
0.22, -0.58, -0.33, -39.53, -50.49, 4.27
0.07, -0.50, -0.41, -32.19, -42.48, 7.34
0.03, -0.47, -0.53, -20.23, -26.01, 8.34
0.02, -0.51, -0.64, -8.35, 5.72, 13.24
0.07, -0.59, -0.68, -3.26, 20.31, 16.31
0.13, -0.68, -0.69, 1.47, 25.41, 22.88
0.18, -0.76, -0.68, 11.06, 19.85, 26.59
0.18, -0.88, -0.65, 23.60, 18.97, 19.59
0.08, -1.04, -0.52, 18.74, 17.04, 5.46
-0.06, -1.22, -0.39, 6.78, 34.74, -6.03
-0.09, -1.26, -0.31, -4.85, 36.87, -21.33
-0.06, -1.20, -0.22, -17.70, 50.04, -32.36
0.09, -1.09, -0.23, -24.20, 40.20, -35.91
0.25, -0.98, -0.25, -36.40, 12.75, -34.32
0.31, -0.85, -0.28, -45.73, -19.24, -27.02
0.26, -0.70, -0.35, -50.28, -37.47, -17.71
0.18, -0.54, -0.43, -48.31, -37.54, -9.25
0.13, -0.41, -0.52, -40.78, -20.99, -0.68
0.13, -0.33, -0.64, -25.17, -0.65, 9.77
0.15, -0.34, -0.71, -14.71, 15.87, 20.29
0.15, -0.46, -0.70, -4.90, 19.12, 27.24
0.14, -0.59, -0.69, 3.16, 25.72, 33.96
0.16, -0.73, -0.69, 19.73, 20.78, 29.15
0.11, -0.88, -0.59, 20.23, 15.66, 14.72
0.00, -1.12, -0.48, 4.16, 27.41, 7.26
-0.03, -1.24, -0.38, -11.22, 33.59, -5.99
0.00, -1.20, -0.33, -19.73, 47.46, -13.72
0.13, -1.15, -0.30, -21.89, 44.91, -20.61
0.26, -1.09, -0.31, -25.02, 18.36, -23.48
0.29, -1.00, -0.30, -30.29, -12.95, -26.39
0.22, -0.89, -0.31, -34.07, -27.67, -27.23
0.10, -0.74, -0.34, -40.23, -30.42, -26.47
0.04, -0.59, -0.36, -40.71, -26.13, -21.80
0.05, -0.44, -0.43, -35.04, -17.21, -14.64
0.12, -0.35, -0.52, -25.57, -9.36, -1.85
0.23, -0.34, -0.63, -12.99, -3.20, 11.26
0.26, -0.41, -0.68, -3.86, -2.60, 21.72
0.22, -0.56, -0.68, 1.59, 1.89, 29.12
0.19, -0.68, -0.71, 11.52, 26.45, 37.80
0.19, -0.77, -0.72, 28.11, 24.10, 34.63
0.13, -0.91, -0.61, 35.84, 17.19, 22.53
0.03, -1.17, -0.49, 26.74, 11.72, 9.81
-0.12, -1.33, -0.31, 3.93, 21.16, -11.08
-0.21, -1.30, -0.23, -13.80, 46.30, -24.09
-0.06, -1.13, -0.22, -20.32, 56.19, -36.16
0.20, -1.03, -0.27, -25.08, 31.06, -37.39
0.35, -0.97, -0.28, -29.85, -10.26, -34.08
0.36, -0.90, -0.31, -31.81, -34.38, -30.90
0.27, -0.76, -0.34, -35.11, -46.75, -26.81
0.13, -0.60, -0.37, -36.63, -35.98, -18.75
0.11, -0.44, -0.43, -31.82, -15.31, -8.16
0.17, -0.33, -0.48, -26.65, -11.05, 4.48
0.25, -0.38, -0.61, -9.28, -21.73, 24.02
0.16, -0.58, -0.63, -6.94, -6.85, 24.00
0.10, -0.71, -0.66, -3.40, 6.32, 23.35
0.09, -0.78, -0.69, 7.46, 20.01, 23.63
0.15, -0.87, -0.73, 24.59, 32.56, 22.73
0.17, -1.01, -0.67, 28.98, 30.73, 13.96
0.11, -1.20, -0.52, 20.66, 29.48, 6.10
0.07, -1.25, -0.40, 8.24, 29.33, -5.04
0.02, -1.16, -0.31, -3.96, 28.44, -22.05
-0.00, -1.07, -0.23, -14.86, 28.96, -33.73
0.07, -1.01, -0.21, -25.42, 15.68, -37.90
0.18, -0.96, -0.20, -35.20, -11.08, -37.84
0.24, -0.84, -0.24, -39.26, -29.10, -32.35
0.24, -0.68, -0.30, -40.33, -32.69, -23.13
0.23, -0.53, -0.41, -30.34, -20.39, -11.35
0.23, -0.41, -0.49, -19.35, -24.08, -2.89
0.23, -0.37, -0.53, -10.25, -27.84, 9.05
0.22, -1.18, -0.48, 8.67, 16.48, 17.20
0.02, -1.13, -0.36, -6.15, 10.55, -13.01
-0.06, -1.09, -0.27, -16.22, 9.31, -29.42
-0.03, -1.06, -0.21, -28.12, 5.02, -36.38
0.09, -0.99, -0.23, -36.78, -11.26, -39.64
0.18, -0.85, -0.27, -44.49, -20.35, -30.89
0.27, -0.64, -0.37, -39.55, -10.96, -12.00
0.36, -0.45, -0.46, -22.84, -23.72, -2.71
0.36, -0.36, -0.51, -12.56, -34.45, 8.66
0.31, -0.41, -0.53, -7.65, -47.35, 14.64
0.18, -0.53, -0.58, -9.23, -27.05, 20.64
0.08, -0.62, -0.61, -6.90, 3.21, 21.62
0.05, -0.65, -0.64, -1.09, 26.39, 23.63
0.07, -0.71, -0.62, 2.74, 45.75, 26.52
0.16, -0.84, -0.62, 7.87, 47.91, 26.34
0.21, -0.98, -0.57, 9.83, 35.12, 24.45
0.20, -1.12, -0.46, 6.61, 16.09, 22.03
0.14, -1.19, -0.38, 0.88, 4.03, 12.03
0.01, -1.16, -0.33, -6.77, 1.09, -5.73
-0.12, -1.09, -0.26, -16.54, 11.98, -25.28
-0.15, -1.05, -0.16, -29.65, 25.39, -36.42
0.01, -1.01, -0.15, -38.72, 19.14, -37.64
0.22, -0.90, -0.20, -45.29, -5.32, -30.13
0.33, -0.73, -0.30, -44.08, -19.58, -15.61
0.36, -0.54, -0.39, -32.66, -38.10, -7.45
0.33, -0.41, -0.47, -21.91, -38.67, 3.24
0.29, -0.42, -0.55, -9.01, -36.82, 12.37
0.19, -0.46, -0.62, -2.41, -21.64, 14.49
0.06, -0.57, -0.63, -2.76, 9.12, 16.70
0.04, -0.67, -0.65, 0.24, 40.60, 18.65
0.09, -0.76, -0.62, -2.18, 41.70, 20.04
0.15, -0.86, -0.58, 0.26, 42.32, 22.47
0.21, -0.99, -0.56, 7.18, 31.12, 19.65
0.21, -1.14, -0.47, 3.89, 16.80, 13.54
0.15, -1.23, -0.39, -2.20, 3.73, 6.14
0.06, -1.22, -0.29, -12.00, -2.82, -6.32
-0.01, -1.15, -0.23, -22.18, 0.32, -23.06
-0.05, -1.05, -0.22, -31.66, 4.96, -35.13
-0.03, -0.93, -0.20, -41.99, 2.61, -38.41
0.10, -0.79, -0.22, -48.36, 2.69, -26.89
0.28, -0.59, -0.31, -38.35, -5.85, -13.06
0.39, -0.43, -0.40, -24.18, -40.15, -2.94
0.38, -0.39, -0.43, -17.40, -64.00, 7.53
0.27, -0.46, -0.47, -10.99, -64.00, 12.39
0.13, -0.56, -0.54, -6.81, -48.60, 13.45
0.03, -0.64, -0.56, -4.02, -20.73, 11.60
-0.00, -0.72, -0.60, -3.61, 4.74, 9.57
0.04, -0.80, -0.61, -0.76, 12.07, 10.75
0.11, -0.92, -0.59, 4.30, 16.28, 8.01
0.15, -1.07, -0.54, 3.47, 5.75, 1.76
0.13, -1.19, -0.44, -2.61, -8.41, -3.51
0.06, -1.20, -0.36, -10.03, -17.31, -14.74
-0.00, -1.14, -0.29, -18.17, -19.09, -27.55
-0.01, -1.08, -0.27, -26.80, -16.89, -36.15
0.10, -0.96, -0.33, -32.57, -2.37, -30.40
0.25, -0.77, -0.42, -27.31, -11.16, -23.39
0.28, -0.58, -0.42, -23.75, -28.21, -15.22
0.23, -0.50, -0.43, -19.66, -34.29, -1.49
0.21, -0.47, -0.48, -17.86, -46.80, 7.34
0.15, -0.46, -0.52, -15.19, -57.66, 4.64
0.06, -0.51, -0.58, -17.19, -31.94, 8.89
0.05, -0.61, -0.70, -12.19, 2.61, 14.63
0.10, -0.69, -0.78, -2.85, 30.91, 19.91
0.14, -0.83, -0.75, 4.85, 45.67, 19.82
0.14, -1.02, -0.65, 2.47, 39.77, 13.89
0.11, -1.17, -0.52, -6.10, 26.68, 6.20
0.06, -1.18, -0.43, -12.85, 22.41, -5.14
0.02, -1.12, -0.36, -21.94, 13.25, -20.82
-0.01, -1.05, -0.30, -29.31, 8.14, -31.93
0.02, -0.96, -0.31, -35.47, -1.49, -33.46
0.13, -0.84, -0.37, -38.70, 1.45, -21.40
0.31, -0.65, -0.45, -32.48, 12.64, -4.33
0.34, -0.45, -0.45, -26.64, -7.65, 4.57
0.23, -0.34, -0.43, -17.20, -22.40, 11.59
0.11, -0.36, -0.46, -13.89, -36.38, 9.07
0.03, -0.51, -0.48, -11.75, -4.27, 13.46
0.09, -0.62, -0.57, -3.15, 14.87, 17.07
0.17, -0.67, -0.65, 0.35, 31.21, 23.73
0.22, -0.73, -0.63, 5.94, 40.38, 29.81
0.18, -0.83, -0.60, 11.33, 35.70, 25.58
0.11, -0.97, -0.51, 7.62, 35.91, 22.48
0.12, -1.11, -0.45, 5.39, 32.87, 23.04
0.15, -1.08, -0.43, 7.40, 12.57, 12.90
0.07, -1.03, -0.38, 8.43, 4.26, -2.14
-0.07, -1.05, -0.30, -4.49, 17.15, -15.32
-0.13, -1.04, -0.22, -19.89, 36.94, -23.58
-0.00, -0.93, -0.22, -29.59, 32.86, -23.11
0.16, -0.79, -0.26, -40.76, 2.28, -16.27
0.24, -0.68, -0.31, -45.77, -27.69, -7.66
0.23, -0.60, -0.39, -42.43, -47.02, -3.04
0.16, -0.53, -0.51, -34.37, -38.71, 2.40
0.11, -0.52, -0.64, -19.08, -17.32, 6.78
0.10, -0.57, -0.76, -0.86, 12.85, 11.03
0.15, -0.66, -0.84, 10.03, 43.56, 20.75
0.22, -0.76, -0.81, 13.22, 48.27, 28.29
0.22, -0.81, -0.72, 23.22, 48.16, 30.37
0.14, -0.92, -0.59, 29.71, 49.96, 17.48
-0.03, -1.13, -0.37, 12.30, 46.66, 0.12
-0.13, -1.27, -0.25, 0.33, 51.59, -13.92
-0.11, -1.22, -0.21, -18.13, 47.61, -28.81
-0.02, -1.09, -0.15, -26.21, 59.86, -33.44
0.20, -0.97, -0.21, -31.89, 41.40, -29.97
0.37, -0.86, -0.25, -38.89, 0.83, -23.71
0.36, -0.75, -0.29, -42.63, -28.59, -13.87
0.27, -0.60, -0.33, -44.34, -44.03, -8.90
0.18, -0.49, -0.39, -39.23, -35.86, -0.80
0.12, -0.42, -0.47, -29.04, -24.63, 7.41
0.13, -0.38, -0.57, -16.62, -4.44, 21.11
0.18, -0.41, -0.64, 0.34, 3.47, 29.70
0.18, -0.49, -0.65, 11.74, 7.90, 36.24
0.17, -0.63, -0.66, 20.84, 12.06, 36.31
0.13, -0.76, -0.68, 26.41, 15.50, 29.90
0.05, -0.92, -0.60, 29.82, 32.60, 21.30
0.01, -1.12, -0.50, 26.58, 47.65, 10.12
0.02, -1.28, -0.37, 10.69, 44.44, -0.24
0.02, -1.32, -0.27, -4.26, 44.50, -11.38
0.06, -1.20, -0.22, -18.11, 44.80, -23.22
0.13, -1.05, -0.21, -27.37, 35.24, -28.60
0.26, -0.95, -0.23, -38.23, 6.21, -22.84
0.30, -0.83, -0.26, -47.76, -24.31, -15.84
0.24, -0.67, -0.33, -48.00, -35.68, -8.84
0.18, -0.51, -0.40, -43.65, -35.97, -5.29
0.13, -0.42, -0.48, -34.48, -19.40, 1.99
0.15, -0.39, -0.60, -19.45, 2.40, 12.08
0.20, -0.45, -0.69, -3.50, 20.28, 18.44
0.24, -0.60, -0.73, 5.73, 27.14, 26.38
0.22, -0.74, -0.71, 7.50, 29.20, 31.57
0.18, -0.84, -0.67, 16.60, 50.75, 34.50
0.17, -0.91, -0.62, 31.18, 31.87, 19.61
0.05, -1.09, -0.50, 25.10, 42.10, 7.41
-0.05, -1.28, -0.28, 6.40, 46.88, -4.91
-0.07, -1.30, -0.20, -6.90, 53.95, -21.48
-0.01, -1.15, -0.13, -23.30, 58.43, -34.09
0.13, -1.02, -0.12, -34.06, 50.88, -35.90
0.30, -0.94, -0.16, -46.63, 10.18, -28.63
0.38, -0.84, -0.19, -54.32, -27.11, -21.88
0.32, -0.68, -0.27, -56.24, -53.85, -14.11
0.22, -0.55, -0.34, -54.15, -60.44, -10.48
0.13, -0.46, -0.45, -42.52, -38.39, -3.14
0.13, -0.40, -0.58, -27.06, -17.00, 4.88
0.18, -0.41, -0.69, -8.66, 4.53, 14.78
0.23, -0.51, -0.74, 6.94, 19.59, 22.56
0.27, -0.68, -0.74, 13.55, 36.89, 32.51
0.27, -0.80, -0.70, 13.68, 27.69, 37.53
0.21, -0.86, -0.58, 22.37, 22.99, 33.99
0.13, -0.97, -0.49, 22.06, 21.51, 20.85
-0.01, -1.15, -0.33, 8.22, 21.92, 1.82
-0.13, -1.25, -0.19, -7.50, 21.46, -15.52
-0.12, -1.23, -0.14, -24.67, 40.88, -24.17
0.06, -1.09, -0.18, -26.10, 34.92, -32.86
0.26, -0.94, -0.23, -32.28, 9.69, -32.03
0.35, -0.88, -0.24, -34.53, -24.08, -28.81
0.33, -0.80, -0.29, -37.99, -49.39, -24.64
0.22, -0.66, -0.34, -39.74, -59.33, -21.73
0.16, -0.56, -0.42, -35.66, -46.64, -12.09
0.20, -0.44, -0.56, -23.59, -28.58, 0.29
0.31, -0.37, -0.67, -9.88, -3.68, 14.44
0.34, -0.40, -0.72, 3.05, -0.64, 25.81
0.27, -0.55, -0.67, 5.64, 9.12, 34.66
0.20, -0.77, -0.63, 10.92, 17.93, 36.55
0.14, -0.92, -0.57, 13.40, 7.07, 33.32
0.12, -1.03, -0.46, 15.05, 1.75, 24.40
0.05, -1.12, -0.37, 7.55, -5.05, 10.24
-0.05, -1.18, -0.28, -4.06, 0.09, -6.29
-0.12, -1.16, -0.22, -21.79, 15.07, -22.05
-0.05, -1.06, -0.21, -28.00, 25.01, -31.99
0.15, -0.98, -0.26, -31.11, 0.70, -35.13
0.27, -0.93, -0.28, -28.83, -38.06, -36.52
0.26, -0.88, -0.33, -29.50, -58.99, -32.81
0.23, -0.75, -0.40, -25.48, -49.30, -22.37
0.20, -0.59, -0.42, -25.95, -48.32, -15.64
0.19, -0.47, -0.43, -25.95, -42.29, -4.32
0.23, -0.42, -0.51, -18.92, -36.32, 5.95
0.28, -0.41, -0.64, -8.88, -32.89, 16.33
0.26, -0.46, -0.74, 4.12, -19.95, 22.66
0.15, -0.58, -0.74, 8.96, 4.35, 23.20
0.06, -0.76, -0.71, 14.71, 36.28, 22.26
0.05, -0.91, -0.64, 17.33, 51.66, 22.28
0.09, -1.04, -0.52, 15.27, 51.75, 20.41
0.14, -1.14, -0.43, 6.32, 36.21, 14.69
0.14, -1.17, -0.34, -2.57, 11.06, 3.85
0.09, -1.13, -0.27, -10.93, 0.71, -9.99
-0.00, -1.08, -0.21, -28.04, -2.98, -22.44
-0.03, -1.05, -0.19, -35.22, -2.87, -32.13
0.05, -0.97, -0.26, -36.02, -14.04, -38.59
0.12, -0.88, -0.29, -40.42, -37.49, -39.85
0.18, -0.77, -0.35, -40.92, -29.90, -24.18
0.30, -0.58, -0.48, -28.03, -17.31, -8.14
0.36, -0.42, -0.51, -21.11, -30.11, 1.86
0.33, -0.39, -0.53, -12.44, -40.55, 13.82
0.28, -0.45, -0.61, -6.83, -50.63, 17.46
0.16, -0.58, -0.64, -3.92, -31.06, 18.77
0.02, -0.67, -0.63, -1.07, 4.05, 17.90
-0.02, -0.75, -0.61, 4.81, 35.86, 16.08
0.00, -0.84, -0.58, 13.80, 49.92, 16.26
0.09, -1.00, -0.52, 12.51, 49.08, 15.91
0.16, -1.11, -0.44, 4.18, 26.85, 10.29
0.15, -1.14, -0.36, -0.18, 8.30, 1.82
0.09, -1.10, -0.28, -7.13, -3.90, -11.07
0.02, -1.09, -0.23, -19.04, -7.89, -23.76
0.01, -1.07, -0.21, -33.90, -18.48, -33.29
0.07, -0.98, -0.24, -43.90, -23.21, -30.11
0.23, -0.80, -0.38, -42.18, -5.45, -13.85
0.38, -0.58, -0.49, -26.79, -16.89, -5.27
0.34, -0.46, -0.49, -21.32, -46.20, 3.79
0.27, -0.47, -0.49, -16.33, -57.69, 14.55
0.14, -0.52, -0.52, -12.25, -61.17, 10.50
-0.00, -0.60, -0.53, -11.73, -15.13, 11.92
-0.01, -0.66, -0.58, -5.24, 16.40, 13.64
0.09, -0.71, -0.61, -0.26, 27.77, 17.20
0.10, -0.80, -0.60, 7.05, 35.89, 19.09
0.14, -0.94, -0.59, 13.36, 31.15, 16.37
0.13, -1.06, -0.50, 7.03, 22.04, 9.58
0.09, -1.13, -0.39, -0.58, 12.99, 1.24
0.03, -1.14, -0.33, -8.20, 9.90, -10.32
-0.02, -1.12, -0.28, -20.15, 5.34, -23.32
-0.02, -1.09, -0.24, -30.60, -2.70, -33.19
0.04, -1.00, -0.27, -37.03, -14.56, -37.17
0.15, -0.86, -0.35, -38.09, -8.54, -26.60
0.30, -0.68, -0.47, -27.02, -17.43, -19.62
0.28, -0.52, -0.44, -26.91, -42.61, -11.18
0.27, -0.49, -0.42, -26.82, -42.60, 3.63
0.25, -0.48, -0.47, -24.21, -56.40, 9.74
0.14, -0.49, -0.49, -21.48, -55.20, 12.22
0.03, -0.58, -0.49, -18.07, -26.12, 17.77
-0.01, -1.18, -0.42, 0.17, 33.65, -5.70
-0.07, -1.15, -0.32, -10.39, 23.74, -19.80
-0.04, -1.12, -0.23, -21.52, 9.78, -32.48
0.05, -1.10, -0.20, -33.74, -4.53, -37.90
0.17, -1.01, -0.27, -40.47, -17.92, -31.56
0.29, -0.77, -0.39, -36.70, -15.04, -18.46
0.36, -0.55, -0.44, -27.31, -34.16, -10.60
0.23, -0.43, -0.40, -27.06, -42.81, -3.69
0.19, -0.41, -0.46, -21.52, -43.07, 9.18
0.15, -0.44, -0.51, -17.23, -55.74, 6.24
0.04, -0.56, -0.51, -15.09, -30.46, 17.58
0.05, -0.68, -0.57, -7.54, -5.59, 21.11
0.10, -0.73, -0.66, -0.67, 16.35, 24.73
0.12, -0.76, -0.69, 7.39, 30.75, 27.87
0.11, -0.84, -0.67, 16.14, 32.58, 23.68
0.07, -0.99, -0.54, 10.16, 27.47, 14.98
0.05, -1.16, -0.41, -5.66, 11.46, 9.68
0.01, -1.16, -0.34, -15.58, 0.00, -2.31
-0.04, -1.07, -0.29, -24.29, -6.50, -18.35
-0.09, -1.04, -0.27, -31.78, -10.98, -30.66
-0.04, -1.02, -0.30, -37.55, -14.88, -33.25
0.08, -0.91, -0.40, -38.53, -9.48, -22.47
0.27, -0.68, -0.48, -30.05, 19.54, -0.16
0.40, -0.46, -0.54, -13.42, 2.38, 12.71
0.30, -0.33, -0.48, -5.76, -28.73, 12.90
0.06, -0.40, -0.43, -10.07, -42.62, 13.52
-0.07, -0.58, -0.44, -13.05, -12.08, 16.28
0.01, -0.66, -0.55, -7.87, 11.12, 20.91
0.14, -0.67, -0.61, -2.52, 22.50, 29.46
0.20, -0.73, -0.70, 2.01, 33.15, 36.34
0.14, -0.81, -0.73, 5.00, 33.85, 36.50
0.05, -0.90, -0.70, 13.41, 47.32, 33.53
0.01, -1.02, -0.60, 18.57, 46.89, 24.26
-0.07, -1.14, -0.48, 15.26, 37.03, 5.87
-0.20, -1.18, -0.32, 3.39, 46.33, -15.32
-0.28, -1.17, -0.20, -17.33, 64.00, -28.10
-0.13, -1.08, -0.14, -28.53, 64.00, -36.44
0.15, -0.95, -0.17, -39.43, 51.47, -32.77
0.32, -0.84, -0.22, -44.88, 0.37, -26.10
0.29, -0.71, -0.24, -50.66, -39.67, -21.38
0.17, -0.61, -0.30, -50.01, -53.85, -19.11
0.13, -0.52, -0.45, -41.69, -30.15, -5.15
0.29, -0.46, -0.67, -17.85, 5.29, 13.20
0.38, -0.44, -0.78, 1.71, 3.57, 21.69
0.25, -0.54, -0.71, 7.09, 2.26, 27.24
0.06, -0.74, -0.64, 3.40, 31.30, 29.55
0.03, -0.85, -0.62, -2.14, 52.61, 29.84
0.07, -0.84, -0.58, 5.24, 38.46, 23.90
0.08, -0.89, -0.55, 11.80, 24.67, 16.38
-0.01, -1.09, -0.46, 4.37, 20.08, 4.27
-0.14, -1.22, -0.35, -8.21, 32.38, -10.66
-0.23, -1.17, -0.26, -24.81, 61.48, -26.29
-0.10, -1.04, -0.22, -30.39, 64.00, -31.90
0.15, -0.94, -0.26, -39.62, 37.05, -27.72
0.34, -0.85, -0.27, -47.98, -6.24, -16.15
0.35, -0.73, -0.29, -49.98, -45.66, -13.04
0.22, -0.59, -0.33, -46.40, -52.02, -11.67
0.08, -0.52, -0.40, -40.64, -50.85, -13.46
0.02, -0.50, -0.50, -29.44, -22.83, -6.23
0.10, -0.52, -0.64, -14.99, 6.92, 4.68
0.26, -0.56, -0.76, 5.21, 25.30, 15.86
0.34, -0.64, -0.77, 12.91, 14.62, 24.46
0.27, -0.77, -0.68, 12.21, 31.01, 33.24
0.20, -0.85, -0.61, 11.45, 31.35, 31.85
0.12, -0.89, -0.53, 11.72, 27.80, 25.64
0.05, -0.98, -0.48, 14.15, 18.29, 12.64
-0.07, -1.07, -0.44, 10.21, 27.07, -4.13
-0.23, -1.13, -0.32, -4.11, 46.19, -21.39
-0.22, -1.09, -0.25, -14.11, 64.00, -29.21
0.05, -0.97, -0.26, -17.63, 64.00, -28.73
0.30, -0.87, -0.27, -23.37, 20.91, -21.29
0.39, -0.79, -0.24, -31.21, -26.63, -13.53
0.33, -0.70, -0.26, -35.92, -52.74, -4.12
0.25, -0.59, -0.31, -38.01, -62.25, -1.96
0.16, -0.49, -0.37, -35.41, -52.83, 4.91
0.12, -0.46, -0.47, -26.67, -37.57, 8.57
0.12, -0.48, -0.62, -13.20, -18.05, 11.01
0.09, -0.57, -0.69, -3.58, -13.97, 12.79
0.13, -0.72, -0.77, 14.01, 24.88, 21.74
0.24, -0.84, -0.83, 24.71, 36.81, 26.40
0.26, -0.92, -0.74, 28.66, 41.28, 29.47
0.20, -0.99, -0.62, 32.28, 34.11, 22.38
0.06, -1.10, -0.46, 19.29, 33.65, 6.49
-0.09, -1.16, -0.32, 3.78, 38.99, -13.63
-0.18, -1.15, -0.22, -15.77, 46.93, -25.66
-0.08, -1.07, -0.17, -27.64, 53.22, -27.45
0.18, -0.97, -0.21, -32.86, 27.65, -24.58
0.34, -0.87, -0.25, -38.70, -9.76, -17.02
0.35, -0.77, -0.27, -42.75, -40.63, -10.33
0.23, -0.65, -0.31, -43.92, -52.82, -5.75
0.11, -0.54, -0.37, -43.66, -47.59, -3.51
0.05, -0.47, -0.44, -38.42, -35.03, 1.45
0.09, -0.44, -0.56, -25.71, -14.70, 8.89
0.12, -0.49, -0.66, -11.46, -16.26, 10.77
0.09, -0.59, -0.72, 3.84, 6.55, 19.96
0.18, -0.73, -0.83, 23.04, 36.12, 25.26
0.23, -0.82, -0.84, 33.02, 36.78, 23.23
0.14, -0.89, -0.71, 39.33, 49.03, 19.70
0.04, -1.05, -0.53, 27.92, 60.49, 7.65
-0.08, -1.18, -0.35, 12.77, 63.99, -11.01
-0.12, -1.21, -0.23, -6.81, 57.86, -21.22
-0.03, -1.14, -0.16, -21.94, 64.00, -26.56
0.22, -1.02, -0.19, -28.46, 40.74, -25.81
0.36, -0.91, -0.20, -35.73, 2.00, -18.99
0.39, -0.82, -0.23, -40.94, -30.54, -10.46
0.29, -0.71, -0.27, -44.47, -45.94, -6.35
0.14, -0.58, -0.31, -44.65, -44.33, -6.35
0.08, -0.50, -0.37, -40.97, -36.78, -3.38
0.10, -0.46, -0.47, -33.55, -22.46, 4.94
0.18, -0.47, -0.59, -19.65, -8.57, 13.64
0.23, -0.52, -0.68, -4.69, -1.55, 18.91
0.21, -0.63, -0.73, 9.79, 9.46, 23.70
0.16, -0.76, -0.73, 18.31, 19.69, 23.78
0.15, -0.87, -0.70, 26.94, 42.79, 24.00
0.15, -0.97, -0.60, 25.99, 44.88, 15.76
0.08, -1.07, -0.43, 18.30, 47.79, 10.03
0.05, -1.19, -0.31, 8.09, 48.51, 2.09
0.07, -1.21, -0.27, 1.41, 40.71, -8.39
0.08, -1.14, -0.22, -9.61, 28.61, -17.72
0.10, -1.04, -0.21, -14.60, 23.28, -23.35
0.17, -0.95, -0.25, -21.95, 6.81, -27.73
0.21, -0.86, -0.26, -31.25, -16.33, -27.20
0.19, -0.75, -0.28, -42.02, -32.23, -21.63
0.16, -0.64, -0.33, -48.87, -36.40, -15.87
0.15, -0.52, -0.39, -50.48, -31.36, -8.49
0.16, -0.44, -0.47, -45.16, -24.52, -0.91
0.18, -0.42, -0.60, -29.93, -14.02, 7.39
0.19, -0.48, -0.71, -11.85, 3.00, 14.98
0.18, -0.60, -0.79, 7.40, 11.79, 19.26
0.17, -0.72, -0.82, 19.28, 43.80, 28.21
0.21, -0.79, -0.78, 27.88, 60.39, 31.24
0.20, -0.86, -0.61, 34.95, 49.59, 23.40
0.12, -1.03, -0.46, 33.88, 53.52, 14.15
0.00, -1.24, -0.29, 10.79, 47.87, 1.50
-0.03, -1.26, -0.16, -1.81, 44.10, -13.00
0.02, -1.13, -0.14, -15.43, 39.93, -26.96
0.12, -1.03, -0.13, -24.94, 31.48, -30.44
0.25, -0.97, -0.17, -36.25, 7.56, -28.03
0.32, -0.87, -0.21, -43.41, -21.81, -22.99
0.31, -0.73, -0.27, -47.75, -42.11, -17.82
0.23, -0.60, -0.33, -49.82, -50.71, -11.56
0.19, -0.50, -0.42, -43.83, -37.60, -3.01
0.19, -0.42, -0.55, -32.10, -22.47, 7.09
0.20, -0.39, -0.64, -13.06, -3.93, 16.68
0.21, -0.49, -0.71, 4.69, 7.78, 24.38
0.23, -0.62, -0.72, 12.66, 33.63, 35.63
0.27, -0.75, -0.71, 22.57, 37.18, 40.65
0.25, -0.80, -0.65, 34.72, 30.73, 37.32
0.14, -0.94, -0.52, 38.25, 31.75, 26.62
0.02, -1.15, -0.36, 23.73, 32.76, 10.09
-0.08, -1.28, -0.23, 9.50, 33.70, -7.86
-0.11, -1.28, -0.12, -13.18, 39.23, -22.70
0.01, -1.15, -0.14, -24.04, 50.93, -27.49
0.24, -1.00, -0.21, -29.97, 22.93, -28.15
0.38, -0.88, -0.22, -37.50, -10.03, -20.44
0.38, -0.80, -0.28, -42.71, -38.47, -11.73
0.29, -0.67, -0.34, -46.54, -46.20, -7.99
0.18, -0.55, -0.42, -41.70, -38.35, -6.74
0.11, -0.48, -0.51, -32.23, -22.84, -2.56
0.13, -0.48, -0.61, -18.45, 3.93, 6.92
0.22, -0.56, -0.67, -4.16, 16.03, 15.08
0.28, -0.67, -0.69, 3.92, 27.18, 24.70
0.31, -0.76, -0.67, 12.10, 29.51, 31.29
0.29, -0.84, -0.60, 20.86, 21.38, 31.28
0.19, -0.96, -0.48, 25.99, 11.75, 14.85
0.01, -1.16, -0.31, 8.24, 23.76, -0.55
-0.11, -1.27, -0.18, -7.45, 30.91, -14.07
-0.07, -1.19, -0.18, -16.10, 43.43, -25.02
0.11, -1.04, -0.19, -17.18, 33.91, -33.45
0.26, -0.98, -0.22, -22.66, 14.06, -32.49
0.34, -0.95, -0.24, -27.53, -19.38, -30.82
0.30, -0.86, -0.26, -32.43, -36.94, -26.95
0.21, -0.70, -0.32, -34.32, -45.51, -22.62
0.13, -0.58, -0.37, -32.88, -47.28, -20.50
0.13, -0.47, -0.46, -26.16, -28.10, -6.14
0.26, -0.38, -0.57, -16.89, -11.02, 10.19
0.35, -0.36, -0.63, -5.02, -5.25, 21.97
0.33, -0.45, -0.65, 3.05, 4.27, 32.89
0.23, -0.66, -0.62, 4.00, 24.12, 36.70
0.19, -0.83, -0.62, 1.52, 38.11, 39.97
0.19, -0.88, -0.58, 4.13, 32.19, 41.30
0.21, -0.91, -0.52, 12.76, 26.44, 35.37
0.18, -1.06, -0.46, 20.84, 5.35, 20.72
0.04, -1.27, -0.34, 11.45, 6.04, 1.46
-0.17, -1.34, -0.19, -9.81, 25.83, -18.27
-0.21, -1.23, -0.13, -22.00, 61.95, -36.59
0.04, -1.07, -0.15, -24.53, 53.34, -44.65
0.32, -0.99, -0.19, -30.42, 9.59, -42.27
0.47, -0.95, -0.22, -31.55, -35.61, -36.60
0.42, -0.84, -0.28, -35.22, -60.59, -31.74
0.27, -0.69, -0.35, -33.91, -58.18, -23.94
0.17, -0.54, -0.42, -28.70, -43.04, -13.17
0.17, -0.42, -0.47, -21.13, -22.79, -1.46
0.22, -0.36, -0.49, -14.82, -11.63, 12.29
0.28, -0.38, -0.56, -4.15, -10.63, 22.38
0.23, -0.51, -0.57, -6.34, -3.45, 28.46
0.16, -0.67, -0.54, -4.96, 11.61, 31.43
0.15, -0.80, -0.56, -0.63, 20.49, 30.83
0.18, -0.90, -0.57, 10.42, 31.72, 32.58
0.22, -1.02, -0.54, 12.61, 21.88, 28.69
0.20, -1.14, -0.43, 7.82, 10.61, 20.74
0.13, -1.20, -0.34, 1.15, 0.44, 6.75
0.02, -1.17, -0.27, -8.20, 3.59, -15.02
-0.09, -1.13, -0.17, -25.50, 12.83, -31.59
-0.04, -1.09, -0.15, -33.42, 15.93, -41.07
0.15, -0.99, -0.23, -38.16, -6.09, -42.83
0.28, -0.88, -0.31, -37.37, -33.16, -37.31
0.30, -0.74, -0.35, -38.10, -47.42, -29.04
0.27, -0.62, -0.40, -36.98, -45.80, -15.18
0.31, -0.48, -0.47, -25.05, -20.27, 0.14
0.36, -0.40, -0.52, -19.21, -33.32, 8.83
0.32, -0.42, -0.58, -10.65, -22.28, 20.99
0.26, -0.54, -0.62, -6.45, -15.04, 25.34
0.13, -0.68, -0.60, -1.92, 8.83, 26.38
0.08, -0.79, -0.56, 3.68, 21.68, 23.37
0.07, -0.92, -0.48, 5.29, 26.14, 19.19
0.15, -1.04, -0.44, 4.04, 23.47, 15.19
0.15, -1.13, -0.39, -5.33, 9.32, 8.53
0.11, -1.14, -0.33, -12.16, 4.11, -1.03
0.05, -1.09, -0.29, -16.82, 1.90, -15.90
0.02, -1.06, -0.24, -24.81, -1.74, -29.63
0.05, -1.05, -0.25, -29.21, -17.22, -38.54
0.10, -0.99, -0.28, -34.56, -34.12, -39.73
0.18, -0.84, -0.37, -30.20, -19.96, -28.35
0.32, -0.66, -0.46, -20.63, -18.16, -19.21
0.34, -0.51, -0.44, -20.46, -23.15, -8.31
0.32, -0.48, -0.38, -22.22, -36.56, 7.59
0.35, -0.49, -0.41, -21.98, -51.98, 17.49
0.30, -0.50, -0.48, -20.91, -64.00, 18.66
0.14, -0.56, -0.52, -18.29, -41.77, 20.67
0.05, -0.66, -0.62, -7.39, -10.25, 20.01
0.05, -0.76, -0.69, 2.44, 19.10, 20.85
0.08, -0.87, -0.69, 10.22, 41.23, 20.74
0.12, -0.98, -0.62, 11.04, 48.50, 19.88
0.15, -1.09, -0.50, 4.50, 36.86, 16.04
0.16, -1.14, -0.40, -3.65, 22.12, 9.54
0.11, -1.11, -0.32, -12.93, 7.33, -3.07
0.03, -1.06, -0.27, -23.69, 0.42, -16.36
0.00, -1.03, -0.24, -33.39, -4.84, -27.12
0.02, -0.98, -0.26, -37.64, -12.06, -33.89
0.07, -0.90, -0.32, -39.48, -23.51, -34.83
0.13, -0.77, -0.38, -41.14, -20.30, -26.08
0.27, -0.61, -0.45, -30.99, 0.76, -7.84
0.40, -0.46, -0.50, -18.47, -14.55, 2.67
0.17, -1.11, -0.41, 2.20, 21.78, 6.11
0.11, -1.11, -0.35, -6.64, 10.24, -4.11
0.05, -1.08, -0.28, -16.81, 1.89, -18.09
0.01, -1.05, -0.25, -28.50, -10.84, -29.93
0.01, -1.01, -0.25, -36.10, -18.33, -35.14
0.07, -0.90, -0.30, -42.80, -21.35, -33.25
0.18, -0.75, -0.38, -40.46, -4.36, -17.83
0.34, -0.55, -0.48, -23.85, -6.58, -5.45
0.35, -0.44, -0.47, -19.76, -39.67, 4.52
0.30, -0.46, -0.46, -15.11, -51.34, 16.25
0.21, -0.51, -0.48, -13.28, -64.00, 14.15
0.04, -0.59, -0.48, -14.73, -29.95, 16.95
0.00, -0.66, -0.54, -7.07, -1.47, 17.75
0.07, -0.71, -0.60, -2.11, 14.73, 21.60
0.13, -0.78, -0.61, 4.72, 14.43, 20.48
0.13, -0.89, -0.59, 9.97, 17.96, 18.53
0.12, -1.05, -0.54, 7.78, 17.06, 11.46
0.08, -1.16, -0.45, -2.12, 15.57, 1.65
0.01, -1.16, -0.38, -11.93, 13.76, -9.43
-0.03, -1.10, -0.34, -21.48, 11.90, -22.48
0.00, -1.04, -0.31, -30.14, 5.26, -31.32
0.09, -0.94, -0.31, -35.35, -3.96, -29.32
0.22, -0.86, -0.38, -32.49, -6.81, -18.74
0.33, -0.69, -0.45, -23.86, -22.09, -12.45
0.27, -0.59, -0.40, -23.37, -36.97, -5.21
0.19, -0.57, -0.40, -19.57, -40.14, 3.39
0.15, -0.53, -0.44, -17.13, -35.84, 6.13
0.09, -0.50, -0.50, -7.43, -34.44, 5.35
0.03, -0.57, -0.54, -5.23, -7.03, 10.48
0.07, -0.68, -0.60, 3.53, 14.42, 13.46
0.13, -0.72, -0.63, 8.56, 22.88, 18.53
0.19, -0.78, -0.61, 10.80, 19.32, 21.03
0.18, -0.87, -0.55, 9.18, 14.87, 19.16
0.10, -0.99, -0.48, 7.37, 27.46, 13.33
0.04, -1.11, -0.43, -1.18, 24.25, 4.44
-0.03, -1.15, -0.38, -11.11, 22.82, -4.67
-0.06, -1.10, -0.35, -18.60, 20.78, -17.60
-0.02, -1.04, -0.33, -23.93, 14.43, -29.03
0.04, -0.99, -0.32, -27.79, 0.12, -32.40
0.14, -0.93, -0.34, -33.58, -9.46, -28.44
0.26, -0.80, -0.41, -33.38, -9.82, -13.75
0.32, -0.61, -0.42, -28.74, -11.07, -6.34
0.26, -0.48, -0.38, -25.66, -29.81, 1.09
0.19, -0.46, -0.38, -23.18, -37.58, 8.58
0.11, -0.50, -0.42, -19.47, -57.10, 5.09
0.01, -0.58, -0.46, -20.84, -33.74, 9.18
0.01, -0.67, -0.53, -10.94, -7.66, 13.66
0.12, -0.69, -0.63, -1.62, 12.41, 16.21
0.14, -0.75, -0.67, 5.45, 28.51, 18.72
0.16, -0.85, -0.68, 12.16, 34.96, 19.09
0.14, -0.96, -0.59, 12.19, 34.11, 13.53
0.10, -1.09, -0.47, 3.72, 31.45, 7.93
0.05, -1.15, -0.38, -6.95, 19.23, -0.50
-0.01, -1.12, -0.33, -16.44, 10.68, -15.43
-0.04, -1.06, -0.28, -24.89, 4.03, -25.99
-0.01, -1.00, -0.29, -28.97, 4.25, -30.08
0.12, -0.91, -0.34, -33.95, -2.91, -25.83
0.25, -0.77, -0.40, -33.39, 5.28, -9.57
0.34, -0.59, -0.41, -24.25, -19.45, -4.33
0.24, -0.49, -0.39, -23.23, -29.15, 2.34
0.13, -0.49, -0.42, -16.41, -38.06, 3.90
0.03, -0.53, -0.45, -16.35, -34.40, 1.45
0.00, -0.62, -0.47, -13.54, -9.71, 8.99
0.10, -0.66, -0.56, -4.18, 5.16, 17.18
0.18, -0.68, -0.60, 2.44, 8.82, 21.64
0.18, -0.76, -0.64, 6.79, 21.92, 26.54
0.15, -0.84, -0.63, 9.02, 27.67, 23.12
0.10, -0.92, -0.57, 7.75, 31.05, 15.28
0.06, -1.05, -0.50, 2.58, 32.34, 10.68
0.05, -1.17, -0.45, -6.24, 26.17, 4.52
0.01, -1.16, -0.38, -14.34, 18.95, -8.16
-0.05, -1.09, -0.33, -22.43, 14.01, -23.96
-0.07, -1.03, -0.30, -27.38, 12.04, -35.31
-0.01, -0.97, -0.30, -35.77, 9.93, -35.11
0.13, -0.82, -0.33, -40.61, 3.42, -25.14
0.32, -0.67, -0.40, -35.80, 6.26, -6.28
0.41, -0.49, -0.43, -26.22, -22.96, 3.30
0.30, -0.40, -0.42, -19.65, -38.56, 8.76
0.10, -0.45, -0.44, -16.98, -59.64, 4.62
-0.07, -0.57, -0.47, -18.37, -24.24, 7.46
-0.03, -0.66, -0.56, -7.93, 7.99, 10.84
0.09, -0.66, -0.65, 1.14, 14.43, 16.67
0.17, -0.71, -0.65, 6.94, 22.65, 22.99
0.19, -0.83, -0.67, 8.00, 35.41, 23.81
0.14, -0.91, -0.62, 8.55, 38.95, 19.24
0.11, -0.99, -0.55, 7.20, 38.82, 14.16
0.09, -1.11, -0.46, -0.73, 35.24, 9.63
0.05, -1.16, -0.38, -9.49, 24.62, 0.58
-0.03, -1.11, -0.33, -17.51, 20.46, -14.58
-0.08, -1.04, -0.30, -23.12, 19.92, -29.50
-0.06, -0.99, -0.28, -30.24, 11.35, -38.76
0.03, -0.92, -0.30, -33.06, 10.05, -36.65
0.19, -0.81, -0.34, -39.70, 1.53, -21.47
0.36, -0.62, -0.39, -35.64, 10.91, 3.89
0.46, -0.42, -0.43, -24.19, -19.39, 11.85
0.27, -0.33, -0.43, -15.67, -57.96, 8.01
0.03, -0.44, -0.46, -17.58, -41.07, 10.98
-0.06, -0.61, -0.56, -10.15, -3.38, 11.31
0.03, -0.65, -0.65, -0.24, 24.16, 13.88
0.11, -0.66, -0.66, 5.47, 42.18, 23.39
0.22, -0.76, -0.70, 7.82, 38.61, 28.03
0.20, -0.85, -0.68, 4.63, 44.88, 29.71
0.17, -0.91, -0.66, 10.10, 64.00, 33.68
0.17, -0.95, -0.61, 14.21, 49.50, 27.28
0.12, -1.06, -0.49, 19.77, 23.66, 16.03
-0.03, -1.18, -0.40, 12.81, 31.15, -7.03
-0.28, -1.25, -0.21, -22.13, 45.67, -28.14
-0.28, -1.17, -0.11, -31.37, 64.00, -33.42
0.12, -0.95, -0.22, -31.02, 64.00, -37.51
0.39, -0.84, -0.26, -34.52, 31.00, -24.99
0.46, -0.78, -0.28, -37.82, -19.01, -13.56
0.34, -0.67, -0.30, -43.64, -44.78, -6.45
0.21, -0.55, -0.29, -44.60, -47.75, -2.92
0.12, -0.47, -0.33, -40.38, -37.92, 0.34
0.07, -0.45, -0.42, -33.13, -24.40, 4.21
0.08, -0.50, -0.56, -24.20, -2.97, 10.20
0.09, -0.56, -0.65, -14.30, -0.23, 14.34
0.11, -0.63, -0.71, 0.69, 11.44, 21.68
0.24, -0.75, -0.80, 14.03, 28.46, 26.24
0.26, -0.87, -0.79, 17.71, 38.42, 26.32
0.16, -0.96, -0.62, 16.64, 47.42, 25.12
0.10, -1.09, -0.55, 19.84, 59.96, 16.87
-0.00, -1.20, -0.38, 1.40, 45.82, -5.33
-0.16, -1.23, -0.23, -15.15, 59.60, -19.72
-0.10, -1.14, -0.21, -26.72, 64.00, -30.57
0.13, -0.97, -0.24, -25.35, 64.00, -33.86
0.33, -0.89, -0.25, -30.01, 26.80, -29.31
0.39, -0.87, -0.24, -37.79, -10.35, -20.15
0.39, -0.78, -0.26, -42.49, -37.93, -10.36
0.30, -0.63, -0.30, -42.96, -44.87, -8.00
0.19, -0.51, -0.37, -38.52, -34.42, -6.50
0.16, -0.46, -0.46, -29.29, -18.18, -0.77
0.18, -0.47, -0.58, -17.86, -0.18, 7.76
0.21, -0.51, -0.66, -4.71, 7.66, 18.57
0.23, -0.58, -0.69, 8.36, 13.78, 27.78
0.22, -0.67, -0.66, 15.58, 14.20, 29.21
0.19, -0.78, -0.61, 19.24, 17.30, 26.92
0.10, -0.87, -0.53, 19.37, 18.18, 17.06
-0.01, -1.02, -0.37, 8.76, 25.40, 6.75
-0.00, -1.17, -0.29, -0.15, 22.52, -4.85
0.02, -1.21, -0.26, -17.33, 16.56, -11.40
0.08, -1.09, -0.26, -22.70, 20.42, -18.73
0.18, -0.94, -0.31, -25.00, 5.19, -25.78
0.23, -0.87, -0.33, -28.47, -13.82, -24.40
0.24, -0.83, -0.39, -28.74, -28.10, -21.74
0.21, -0.73, -0.47, -26.50, -34.50, -16.85
0.17, -0.60, -0.49, -22.19, -28.90, -10.59
0.15, -0.51, -0.49, -18.10, -16.59, -2.88
0.19, -0.47, -0.51, -15.48, -2.98, 8.49
0.29, -0.47, -0.59, -3.71, 7.02, 19.27
0.34, -0.54, -0.64, 1.03, 4.78, 30.06
0.30, -0.67, -0.62, 4.49, 14.52, 39.88
0.28, -0.78, -0.61, 4.10, 19.31, 42.44
0.24, -0.84, -0.58, 10.75, 15.17, 41.96
0.15, -0.90, -0.53, 18.60, 3.59, 28.57
0.00, -1.08, -0.44, 11.37, 11.86, 11.57
-0.15, -1.25, -0.30, -8.41, 21.15, -11.21
-0.19, -1.25, -0.24, -22.64, 43.35, -22.53
-0.02, -1.11, -0.26, -28.77, 50.65, -31.70
0.22, -0.96, -0.32, -33.98, 40.16, -30.69
0.33, -0.86, -0.35, -36.71, 9.10, -23.75
0.32, -0.75, -0.39, -35.30, -10.45, -16.55
0.28, -0.64, -0.43, -30.24, -14.12, -10.45
0.24, -0.55, -0.49, -23.23, -7.01, -4.62
0.21, -0.50, -0.52, -16.73, 5.04, 4.02
0.22, -0.51, -0.53, -11.24, 16.31, 15.25
0.22, -0.57, -0.50, -8.91, 14.98, 24.81
0.21, -0.65, -0.48, -7.26, 10.19, 31.21
0.21, -0.73, -0.46, -5.26, -6.75, 32.11
0.15, -0.79, -0.46, -1.71, -12.70, 26.74
0.05, -0.85, -0.46, -8.19, 4.70, 19.65
-0.02, -0.91, -0.42, -17.40, 21.70, 14.93
0.02, -0.90, -0.45, -20.18, 35.63, 13.20
0.12, -0.86, -0.48, -21.80, 32.96, 11.29
0.16, -0.85, -0.48, -19.69, 27.39, 10.76
0.20, -0.88, -0.50, -18.90, 19.55, 13.17
0.22, -0.92, -0.48, -19.50, 4.86, 13.33
0.19, -0.91, -0.46, -18.73, 3.03, 9.02
0.14, -0.87, -0.46, -18.98, 8.27, 6.14
0.10, -0.84, -0.45, -20.88, 18.32, 3.30
0.11, -0.82, -0.45, -23.27, 23.36, 2.21
0.16, -0.80, -0.45, -22.97, 18.82, 5.19
0.23, -0.78, -0.45, -19.60, 10.24, 9.01
0.26, -0.76, -0.45, -16.96, 1.62, 10.93
0.23, -0.77, -0.44, -13.83, 1.92, 13.72
0.18, -0.78, -0.44, -13.86, 5.60, 15.79
0.15, -0.78, -0.43, -15.64, 5.42, 17.97
0.14, -0.77, -0.43, -15.02, 5.11, 19.99
0.14, -0.74, -0.43, -14.51, 4.40, 22.79
0.14, -0.74, -0.45, -12.70, 1.33, 24.25
0.13, -0.77, -0.46, -9.60, 0.88, 25.84
0.10, -0.80, -0.46, -10.44, 1.95, 23.95
0.06, -0.82, -0.45, -11.47, 7.91, 21.60
0.04, -0.82, -0.44, -14.04, 8.85, 18.69
0.03, -0.82, -0.45, -14.55, 8.44, 17.12
0.09, -0.81, -0.47, -14.06, 7.51, 16.01
0.07, -0.81, -0.47, -13.12, 7.87, 13.64
0.07, -0.83, -0.47, -12.20, 3.36, 12.55
0.09, -0.84, -0.49, -11.08, 1.89, 13.30
0.11, -0.84, -0.50, -9.38, 2.67, 13.26
0.09, -0.82, -0.50, -11.09, 7.74, 12.35
0.08, -0.82, -0.48, -12.58, 11.44, 12.81
0.09, -0.81, -0.47, -12.91, 10.42, 13.85
0.11, -0.81, -0.47, -12.60, 7.29, 15.40
0.12, -0.81, -0.46, -13.98, 2.73, 16.64
0.11, -0.82, -0.45, -13.89, 2.06, 17.08
0.09, -0.82, -0.45, -14.18, 1.95, 15.33
0.06, -0.82, -0.45, -14.16, 4.22, 14.36
0.04, -0.81, -0.46, -14.83, 6.71, 13.17
0.04, -0.82, -0.45, -14.06, 7.03, 12.46
0.05, -0.83, -0.45, -13.78, 5.76, 11.37
0.06, -0.85, -0.44, -12.07, 4.01, 10.68
0.07, -0.85, -0.44, -12.09, 2.69, 9.49
0.07, -0.84, -0.44, -11.56, 2.20, 6.83
0.06, -0.83, -0.44, -10.96, 1.02, 6.34
0.05, -0.83, -0.44, -10.77, 2.93, 5.55
0.06, -0.83, -0.43, -11.21, 2.87, 3.76
0.06, -0.84, -0.42, -12.67, 4.26, 4.16
0.06, -0.83, -0.42, -12.86, 2.05, 4.23
0.07, -0.82, -0.43, -12.78, 0.88, 5.42
0.07, -0.81, -0.44, -13.72, 0.71, 6.57
0.06, -0.81, -0.44, -13.91, 0.78, 6.97
0.05, -0.80, -0.44, -14.78, 0.20, 7.66
0.04, -0.80, -0.45, -14.92, 0.98, 8.27
0.04, -0.79, -0.46, -15.68, 1.63, 10.71
0.04, -0.79, -0.46, -16.07, 2.12, 10.37
0.03, -0.79, -0.47, -15.32, 2.20, 12.02
0.03, -0.79, -0.47, -14.47, 2.84, 12.79
0.02, -0.79, -0.47, -15.15, 5.27, 14.73
0.01, -0.79, -0.48, -14.34, 4.10, 14.91
0.00, -0.78, -0.48, -14.46, 4.09, 16.22
0.01, -0.78, -0.47, -15.49, 4.22, 17.07
0.01, -0.78, -0.46, -16.61, 5.39, 18.18
0.03, -0.78, -0.45, -17.42, 5.07, 18.34
0.03, -0.79, -0.44, -17.45, -2.92, 16.99
-0.00, -0.79, -0.47, -16.01, -5.22, 17.58
-0.03, -0.80, -0.48, -14.58, -4.06, 16.19
-0.05, -0.81, -0.48, -14.56, -1.62, 14.45
-0.06, -0.80, -0.48, -14.63, 1.07, 12.88
-0.05, -0.80, -0.47, -14.03, 2.98, 12.04
-0.02, -0.81, -0.46, -13.63, 2.69, 11.99
0.01, -0.82, -0.46, -14.53, 0.09, 13.29
0.02, -0.83, -0.46, -12.84, -5.77, 13.19
0.01, -0.83, -0.46, -11.61, -8.67, 13.17
-0.01, -0.82, -0.45, -11.25, -9.07, 11.76
-0.03, -0.82, -0.45, -12.20, -7.41, 9.69
-0.06, -0.82, -0.45, -12.05, -3.38, 8.78
-0.06, -0.82, -0.44, -14.27, 0.50, 8.33
-0.05, -0.81, -0.44, -14.53, 3.46, 8.16
-0.04, -0.79, -0.44, -14.61, 1.60, 8.28
-0.03, -0.79, -0.44, -16.31, -1.68, 9.23
-0.03, -0.78, -0.44, -15.69, -4.90, 10.53
-0.03, -0.78, -0.44, -15.80, -9.11, 10.72
-0.04, -0.78, -0.45, -17.39, -10.46, 11.17
-0.04, -0.78, -0.45, -17.87, -12.55, 12.13
-0.05, -0.78, -0.46, -18.46, -12.81, 13.18
-0.06, -0.77, -0.46, -17.47, -12.27, 12.40
-0.07, -0.77, -0.46, -16.77, -9.78, 12.94
-0.09, -0.79, -0.45, -17.33, -7.00, 13.10
-0.10, -0.81, -0.45, -17.34, -5.62, 12.36
-0.10, -0.82, -0.46, -17.02, -6.29, 11.43
-0.10, -0.82, -0.47, -15.13, -5.40, 8.76
-0.11, -0.80, -0.47, -14.16, -4.48, 7.38
-0.12, -0.80, -0.48, -11.84, -1.40, 3.89
-0.13, -0.81, -0.49, -12.61, 1.16, 3.87
-0.12, -0.82, -0.49, -11.70, -0.24, 0.46
-0.11, -0.82, -0.48, -10.97, -0.80, 0.28
-0.10, -0.82, -0.48, -11.75, -1.25, -1.33
-0.10, -0.81, -0.48, -11.55, 0.91, -2.14
-0.10, -0.80, -0.47, -12.35, 3.50, -1.65
-0.10, -0.79, -0.47, -11.67, 3.82, -2.21
-0.09, -0.79, -0.47, -12.68, 4.00, -1.98
-0.09, -0.79, -0.46, -13.65, 4.75, -1.11
-0.09, -0.79, -0.46, -14.53, 3.10, -0.09
-0.08, -0.78, -0.46, -14.04, 0.78, 0.75
-0.08, -0.78, -0.46, -13.85, -3.22, 2.56
-0.09, -0.78, -0.45, -14.47, -5.64, 1.92
-0.09, -0.79, -0.45, -14.59, -7.32, 1.56
-0.10, -0.79, -0.45, -14.68, -6.07, 1.57
-0.11, -0.78, -0.45, -14.62, -3.48, 1.08
-0.12, -0.78, -0.44, -14.51, -1.51, 1.15
-0.11, -0.78, -0.45, -14.29, -0.61, 0.41
-0.10, -0.78, -0.45, -13.28, -3.62, 0.65
-0.09, -0.78, -0.45, -13.26, -5.11, 1.44
-0.09, -0.79, -0.46, -14.13, -7.31, 0.93
-0.10, -0.79, -0.46, -13.83, -7.09, 0.84
-0.11, -0.79, -0.47, -13.55, -7.70, 1.91
-0.10, -0.79, -0.47, -13.05, -10.62, 2.62
-0.09, -0.79, -0.47, -12.16, -13.51, 3.19
-0.09, -0.78, -0.48, -11.93, -14.57, 3.12
-0.10, -0.78, -0.47, -10.90, -15.11, 3.66
-0.11, -0.78, -0.47, -11.74, -14.12, 3.98
-0.12, -0.79, -0.46, -11.00, -14.16, 4.52
-0.12, -0.79, -0.46, -10.45, -14.46, 4.95
-0.13, -0.79, -0.47, -10.08, -13.28, 5.31
-0.14, -0.79, -0.47, -10.59, -8.78, 4.05
-0.16, -0.78, -0.46, -10.74, -5.05, 3.03
-0.16, -0.78, -0.45, -11.14, -3.38, 3.59
-0.14, -0.78, -0.44, -11.75, -6.62, 4.13
-0.12, -0.78, -0.45, -11.06, -17.30, 3.99
-0.11, -0.78, -0.45, -11.17, -21.62, 6.65
-0.12, -0.78, -0.44, -8.85, -22.56, 2.75
-0.16, -0.77, -0.44, -9.02, -14.76, 2.79
-0.19, -0.77, -0.43, -10.86, -6.79, 2.88
-0.19, -0.78, -0.42, -12.74, -2.98, 3.82
-0.16, -0.78, -0.42, -12.98, -8.61, 5.10
-0.14, -0.76, -0.44, -11.59, -21.51, 5.47
-0.11, -0.76, -0.45, -9.39, -36.40, 7.71
-0.09, -0.76, -0.47, -6.86, -47.57, 6.82
-0.13, -0.75, -0.47, -7.52, -38.35, 7.84
-0.21, -0.75, -0.42, -9.38, -16.55, 8.53
-0.24, -0.75, -0.40, -10.64, -9.79, 8.79
-0.19, -0.75, -0.45, -9.79, -21.69, 13.17
-0.12, -0.75, -0.48, -9.03, -45.55, 14.85
-0.08, -0.74, -0.45, -5.03, -64.00, 14.80
-0.13, -0.69, -0.40, -4.84, -64.00, 15.54
-0.18, -0.73, -0.40, -7.02, -61.29, 13.92
-0.26, -0.76, -0.40, -6.84, -45.19, 13.90
-0.27, -0.75, -0.43, -3.57, -33.06, 17.70
-0.27, -0.74, -0.45, -4.61, -40.54, 15.72
-0.27, -0.75, -0.45, -1.95, -39.19, 19.13
-0.24, -0.77, -0.39, -2.90, -46.28, 17.91
-0.27, -0.79, -0.35, -4.91, -42.45, 17.77
-0.32, -0.80, -0.36, -4.88, -37.15, 15.49
-0.35, -0.79, -0.39, -3.16, -33.78, 16.08
-0.33, -0.80, -0.38, -2.78, -35.84, 13.89
-0.29, -0.82, -0.34, -3.41, -38.51, 14.04
-0.27, -0.83, -0.29, -6.73, -40.79, 11.10
-0.32, -0.84, -0.28, -7.93, -34.34, 7.76
-0.36, -0.83, -0.30, -9.01, -23.95, 5.23
-0.35, -0.83, -0.31, -8.32, -22.01, 2.99
-0.31, -0.83, -0.32, -6.58, -32.62, 1.28
-0.28, -0.83, -0.31, -6.26, -46.11, -2.05
-0.27, -0.84, -0.26, -6.76, -50.54, -3.74
-0.30, -0.86, -0.20, -10.32, -36.27, -4.54
-0.35, -0.87, -0.18, -13.70, -12.00, -5.18
-0.37, -0.87, -0.19, -17.79, 11.72, -9.96
-0.35, -0.86, -0.20, -20.49, 28.56, -13.63
-0.34, -0.86, -0.17, -26.31, 43.95, -16.44
-0.33, -0.87, -0.13, -34.60, 57.56, -18.29
-0.33, -0.88, -0.11, -43.99, 64.00, -22.61
-0.33, -0.89, -0.09, -54.22, 64.00, -24.18
-0.31, -0.91, -0.09, -64.00, 64.00, -27.53
-0.27, -0.93, -0.10, -64.00, 64.00, -30.87
-0.26, -0.92, -0.13, -64.00, 64.00, -36.20
-0.25, -0.87, -0.22, -64.00, 64.00, -42.86
-0.18, -0.84, -0.29, -64.00, 64.00, -46.55
-0.10, -0.85, -0.30, -64.00, 64.00, -49.59
-0.07, -0.85, -0.34, -64.00, 64.00, -50.62
-0.04, -0.80, -0.46, -64.00, 64.00, -54.63
0.05, -0.76, -0.52, -64.00, 64.00, -52.52
0.10, -0.81, -0.46, -62.98, 49.24, -52.31
0.09, -0.79, -0.52, -57.00, 33.67, -50.03
0.08, -0.69, -0.69, -48.13, 29.62, -41.99
0.05, -0.65, -0.73, -38.99, 34.71, -37.73
0.02, -0.66, -0.68, -33.71, 32.69, -34.94
0.03, -0.71, -0.64, -31.94, 23.51, -29.58
0.05, -0.70, -0.65, -25.95, 5.56, -27.33
0.05, -0.64, -0.72, -17.20, -10.96, -24.82
0.03, -0.61, -0.76, -10.63, -20.09, -22.33
-0.02, -0.63, -0.74, -8.24, -18.16, -19.46
-0.06, -0.66, -0.70, -8.65, -6.12, -19.27
-0.09, -0.67, -0.66, -9.41, 12.27, -18.11
-0.10, -0.68, -0.66, -12.30, 36.50, -19.42
-0.09, -0.66, -0.69, -11.73, 48.46, -19.76
-0.05, -0.63, -0.71, -10.13, 53.51, -17.69
-0.01, -0.64, -0.68, -9.99, 50.53, -17.56
0.02, -0.66, -0.64, -9.50, 46.59, -19.78
0.03, -0.66, -0.64, -11.91, 44.36, -17.71
0.06, -0.67, -0.66, -13.50, 45.14, -13.67
0.09, -0.68, -0.64, -15.58, 45.39, -12.35
0.13, -0.70, -0.58, -18.19, 42.22, -10.07
0.17, -0.71, -0.57, -19.63, 37.88, -7.66
0.18, -0.69, -0.58, -19.59, 37.92, -6.17
0.18, -0.66, -0.60, -17.56, 37.18, -5.90
0.15, -0.66, -0.61, -18.99, 39.21, -5.19
0.13, -0.70, -0.60, -19.41, 35.46, -4.87
0.12, -0.72, -0.60, -18.28, 28.87, -3.99
0.15, -0.71, -0.61, -16.32, 18.14, -3.87
0.18, -0.71, -0.59, -15.00, 11.67, -2.75
0.18, -0.72, -0.57, -13.70, 14.83, -4.60
0.15, -0.72, -0.58, -12.91, 23.29, -5.36
0.12, -0.71, -0.61, -11.68, 33.53, -6.50
0.12, -0.72, -0.62, -10.35, 38.61, -6.77
0.14, -0.73, -0.61, -8.88, 36.56, -9.03
0.17, -0.74, -0.59, -7.29, 30.25, -9.69
0.18, -0.73, -0.59, -6.76, 25.69, -11.28
0.18, -0.74, -0.59, -6.86, 25.82, -10.59
0.19, -0.75, -0.58, -6.13, 27.63, -12.60
0.21, -0.74, -0.57, -6.02, 28.59, -14.08
0.21, -0.73, -0.59, -4.85, 31.83, -15.62
0.21, -0.73, -0.60, -5.52, 37.61, -14.92
0.21, -0.74, -0.59, -7.18, 40.82, -14.67
0.24, -0.75, -0.56, -6.88, 36.82, -15.80
0.26, -0.74, -0.55, -5.83, 29.71, -15.88
0.27, -0.73, -0.57, -5.19, 21.42, -14.55
0.27, -0.73, -0.58, -3.99, 18.91, -14.61
0.28, -0.73, -0.57, -4.76, 18.61, -13.56
0.28, -0.74, -0.55, -5.86, 22.06, -13.12
0.28, -0.74, -0.54, -7.45, 25.07, -12.85
0.26, -0.73, -0.55, -6.45, 33.25, -13.14
0.27, -0.72, -0.57, -7.93, 40.39, -10.01
0.30, -0.70, -0.56, -9.99, 39.11, -10.67
0.32, -0.71, -0.52, -11.74, 41.74, -7.97
0.31, -0.71, -0.52, -13.82, 42.37, -8.21
0.29, -0.72, -0.50, -15.31, 27.77, -8.16
0.30, -0.72, -0.50, -15.23, 14.11, -1.78
0.38, -0.71, -0.55, -13.11, 8.25, -0.17
0.35, -0.69, -0.55, -14.35, 9.39, -1.90
0.26, -0.69, -0.51, -14.30, 13.29, -2.90
0.23, -0.72, -0.52, -14.37, 13.71, -5.74
0.23, -0.74, -0.55, -12.90, 8.75, -8.42
0.24, -0.74, -0.55, -11.57, -2.63, -10.96
0.26, -0.74, -0.54, -7.08, -19.12, -14.31
0.27, -0.74, -0.54, -3.37, -29.60, -17.26
0.27, -0.74, -0.55, -2.64, -25.37, -18.52
0.27, -0.74, -0.55, -3.05, -6.03, -20.42
0.28, -0.73, -0.53, -5.29, 5.02, -23.99
0.30, -0.73, -0.52, -5.25, 1.29, -23.47
0.34, -0.75, -0.52, -8.25, -11.02, -18.62
0.41, -0.75, -0.52, -4.05, -29.71, -14.97
0.43, -0.72, -0.55, -3.01, -38.99, -17.75
0.34, -0.72, -0.55, -2.71, -33.93, -19.71
0.26, -0.73, -0.55, -2.11, -23.59, -22.14
0.23, -0.74, -0.57, -2.41, -21.71, -23.68
0.25, -0.73, -0.57, -0.98, -30.11, -24.17
0.31, -0.73, -0.57, 2.75, -41.44, -27.02
0.34, -0.73, -0.56, 5.34, -39.67, -27.65
0.31, -0.71, -0.55, 4.98, -30.40, -31.24
0.27, -0.72, -0.52, 0.31, -16.39, -29.03
0.30, -0.73, -0.51, -0.40, -15.50, -27.69
0.39, -0.71, -0.51, -1.05, -19.88, -24.07
0.43, -0.69, -0.50, -0.13, -27.68, -22.03
0.41, -0.69, -0.48, -4.56, -22.79, -19.37
0.38, -0.68, -0.48, -7.78, -21.21, -17.41
0.36, -0.69, -0.47, -13.67, -15.08, -11.91
0.37, -0.68, -0.47, -18.15, -11.59, -8.62
0.42, -0.65, -0.47, -21.40, -10.38, -3.45
0.44, -0.63, -0.48, -25.64, -8.72, -0.75
0.41, -0.63, -0.51, -30.17, 0.60, 3.49
0.38, -0.64, -0.51, -34.40, 13.56, 7.52
0.39, -0.67, -0.52, -35.64, 20.95, 11.30
0.41, -0.69, -0.55, -36.04, 20.07, 14.58
0.39, -0.72, -0.59, -34.46, 12.55, 13.80
0.31, -0.76, -0.61, -31.71, 1.85, 8.75
0.27, -0.82, -0.68, -24.78, -1.01, 5.34
0.29, -0.83, -0.74, -14.56, 0.92, -1.70
0.26, -0.82, -0.76, -5.41, 15.12, -7.58
0.20, -0.82, -0.75, 2.13, 31.41, -13.96
0.22, -0.80, -0.73, 9.85, 36.34, -17.93
0.27, -0.77, -0.67, 13.45, 32.48, -19.24
0.32, -0.73, -0.56, 11.63, 27.23, -17.86
0.38, -0.69, -0.42, 4.47, 19.93, -11.88
0.43, -0.62, -0.33, -0.29, 8.73, -9.40
0.42, -0.58, -0.30, -11.67, 0.43, -3.54
0.38, -0.57, -0.28, -23.36, -8.53, 0.94
0.39, -0.55, -0.29, -30.32, -17.15, 5.63
0.39, -0.55, -0.38, -37.04, -12.93, 11.36
0.36, -0.54, -0.47, -36.36, 4.32, 14.89
0.35, -0.56, -0.52, -35.62, 18.87, 16.70
0.38, -0.67, -0.57, -34.83, 20.76, 21.01
0.43, -0.78, -0.63, -29.90, 7.47, 24.38
0.44, -0.84, -0.71, -19.12, -3.64, 22.69
0.36, -0.88, -0.76, -9.64, -6.09, 11.36
0.24, -0.92, -0.78, -0.00, 7.21, -0.62
0.16, -0.94, -0.76, 5.47, 18.10, -13.65
0.15, -0.94, -0.73, 11.29, 22.92, -24.96
0.21, -0.90, -0.67, 16.02, 21.10, -32.79
0.26, -0.83, -0.56, 11.30, 19.07, -33.56
0.37, -0.74, -0.41, 5.55, 9.10, -27.73
0.50, -0.65, -0.30, 0.99, -11.98, -25.36
0.51, -0.59, -0.30, -7.39, -24.84, -15.54
0.44, -0.53, -0.31, -16.46, -22.73, -7.37
0.41, -0.49, -0.30, -21.72, -23.38, -1.41
0.39, -0.47, -0.37, -25.08, -26.73, 4.67
0.38, -0.48, -0.47, -28.68, -16.62, 16.08
0.41, -0.49, -0.52, -29.01, -5.78, 23.93
0.45, -0.51, -0.55, -28.37, 0.22, 31.62
0.49, -0.61, -0.57, -27.40, 4.52, 39.40
0.48, -0.75, -0.60, -26.75, -0.61, 40.73
0.41, -0.86, -0.66, -24.57, -12.90, 34.92
0.28, -0.94, -0.73, -14.29, -19.41, 20.81
0.13, -0.99, -0.80, -3.45, -13.58, -3.13
-0.06, -1.00, -0.79, -1.21, 1.55, -22.70
-0.06, -0.94, -0.73, 6.65, 13.13, -36.01
0.15, -0.85, -0.69, 13.33, 13.72, -41.13
0.28, -0.79, -0.56, 9.59, 24.33, -39.56
0.33, -0.69, -0.42, -0.65, 30.31, -33.66
0.43, -0.59, -0.31, -8.16, 22.29, -19.47
0.60, -0.52, -0.27, -15.99, 5.38, -6.11
0.67, -0.50, -0.29, -22.06, -3.37, 7.14
0.62, -0.47, -0.35, -27.01, -4.73, 19.95
0.50, -0.48, -0.46, -29.71, 5.87, 29.44
0.45, -0.51, -0.54, -30.15, 20.46, 38.66
0.42, -0.57, -0.58, -28.48, 31.11, 43.42
0.40, -0.68, -0.61, -24.31, 20.73, 41.11
0.28, -0.82, -0.66, -15.86, -5.01, 28.06
0.12, -0.94, -0.74, -6.31, -11.85, 9.67
-0.03, -1.01, -0.79, 0.71, -0.58, -9.85
-0.08, -0.99, -0.73, 5.15, 6.62, -28.49
0.08, -0.88, -0.66, 14.19, 16.55, -33.62
0.28, -0.81, -0.60, 12.50, 15.05, -35.54
0.35, -0.75, -0.48, 4.89, 27.83, -30.16
0.40, -0.67, -0.37, -4.73, 33.16, -23.19
0.48, -0.56, -0.28, -15.38, 25.82, -12.34
0.60, -0.49, -0.24, -25.03, 9.93, 4.18
0.70, -0.47, -0.29, -27.38, -2.46, 17.75
0.66, -0.48, -0.40, -29.39, 5.93, 30.95
0.50, -0.53, -0.46, -32.50, 24.78, 36.61
0.38, -0.60, -0.52, -33.24, 43.58, 39.23
0.36, -0.67, -0.57, -28.95, 24.01, 34.93
0.33, -0.82, -0.66, -16.64, 0.43, 28.28
0.26, -1.00, -0.75, -9.61, -10.84, 15.02
0.10, -1.05, -0.83, 3.70, -1.78, -2.50
-0.01, -0.98, -0.79, 7.36, 7.57, -20.68
0.10, -0.94, -0.70, 17.05, 13.93, -29.12
0.26, -0.89, -0.63, 20.98, 5.89, -36.28
0.29, -0.82, -0.55, 17.63, 10.21, -35.86
0.31, -0.73, -0.46, 7.97, 22.62, -31.64
0.38, -0.61, -0.32, -8.41, 21.55, -24.04
0.48, -0.52, -0.20, -22.02, 11.14, -9.97
0.60, -0.45, -0.18, -35.72, -5.35, 4.29
0.66, -0.43, -0.26, -40.39, -12.84, 17.70
0.59, -0.45, -0.40, -42.44, 0.41, 30.51
0.49, -0.48, -0.52, -41.86, 26.36, 39.46
0.44, -0.55, -0.57, -38.70, 46.39, 42.67
0.39, -0.70, -0.61, -34.12, 22.11, 39.74
0.33, -0.86, -0.69, -21.07, 3.18, 33.04
0.29, -1.02, -0.77, -11.30, -4.08, 19.96
0.16, -1.06, -0.79, -0.78, 3.49, 1.21
0.05, -1.01, -0.74, 2.45, 12.23, -15.18
0.14, -0.95, -0.67, 11.81, 15.69, -23.93
0.30, -0.90, -0.62, 16.69, 1.34, -31.82
0.32, -0.84, -0.57, 15.36, 8.06, -33.29
0.31, -0.76, -0.48, 7.10, 19.55, -30.97
0.32, -0.66, -0.32, -4.93, 21.86, -28.79
0.39, -0.58, -0.18, -21.94, 11.32, -20.42
0.49, -0.51, -0.13, -36.22, -10.54, -9.27
0.54, -0.47, -0.17, -41.55, -31.56, -2.23
0.52, -0.46, -0.30, -44.02, -32.29, 5.76
0.45, -0.50, -0.44, -44.55, -12.67, 13.92
0.43, -0.55, -0.55, -42.11, 9.15, 22.69
0.47, -0.61, -0.62, -36.82, 24.72, 29.47
0.48, -0.69, -0.67, -27.76, 18.06, 29.85
0.42, -0.80, -0.73, -14.11, 7.97, 25.04
0.35, -0.96, -0.80, -4.45, 1.29, 15.65
0.24, -1.04, -0.81, 4.22, 8.91, 3.36
0.13, -1.01, -0.74, 7.99, 14.17, -14.43
0.15, -0.94, -0.66, 13.40, 19.68, -24.29
0.28, -0.88, -0.62, 14.71, 16.66, -30.31
0.30, -0.82, -0.53, 10.95, 21.66, -33.32
0.31, -0.73, -0.40, -0.37, 26.69, -32.98
0.37, -0.63, -0.26, -14.88, 20.01, -25.36
0.49, -0.54, -0.20, -30.03, 3.31, -13.40
0.58, -0.47, -0.21, -36.70, -16.34, -2.76
0.60, -0.42, -0.33, -34.90, -16.74, 7.90
0.52, -0.43, -0.48, -35.54, 1.89, 20.29
0.44, -0.47, -0.57, -32.15, 32.10, 30.44
0.42, -0.52, -0.61, -29.92, 54.77, 35.37
0.41, -0.63, -0.60, -25.19, 45.80, 34.74
0.39, -0.76, -0.61, -18.22, 16.41, 35.38
0.42, -0.91, -0.68, -8.42, -7.67, 28.34
0.36, -1.01, -0.71, -0.03, -11.18, 13.71
0.19, -1.03, -0.71, 4.52, -0.42, -2.28
0.12, -1.01, -0.66, 7.79, 3.96, -15.73
0.21, -0.96, -0.63, 14.64, -1.36, -25.26
0.30, -0.90, -0.60, 18.42, -5.71, -31.80
0.30, -0.82, -0.55, 16.28, 11.63, -34.05
0.34, -0.72, -0.41, 3.56, 20.88, -32.94
0.39, -0.62, -0.23, -11.29, 10.47, -27.76
0.45, -0.52, -0.16, -24.91, -14.01, -16.93
0.52, -0.44, -0.20, -33.31, -27.93, -5.00
0.51, -0.41, -0.28, -36.16, -34.46, 0.59
0.44, -0.42, -0.42, -35.42, -17.53, 11.79
0.44, -0.47, -0.54, -32.69, 11.26, 23.44
0.47, -0.53, -0.60, -29.55, 41.49, 31.58
0.47, -0.62, -0.62, -27.77, 55.66, 32.76
0.45, -0.76, -0.62, -25.29, 36.85, 30.48
0.46, -0.91, -0.67, -15.71, 7.92, 26.95
0.46, -1.02, -0.76, -4.40, -10.46, 18.71
0.35, -1.07, -0.78, 5.08, 2.36, 3.24
0.21, -1.02, -0.73, 11.25, 16.29, -14.35
0.19, -0.95, -0.68, 19.08, 24.96, -24.27
0.29, -0.89, -0.62, 23.32, 22.11, -28.99
0.33, -0.83, -0.54, 20.17, 28.36, -30.25
0.35, -0.73, -0.38, 6.47, 28.03, -28.46
0.39, -0.62, -0.20, -9.24, 19.21, -23.17
0.46, -0.51, -0.10, -21.38, -7.08, -15.01
0.52, -0.45, -0.14, -30.07, -20.86, -5.74
0.52, -0.43, -0.24, -34.26, -29.39, 1.71
0.47, -0.45, -0.37, -35.82, -16.08, 11.27
0.43, -0.48, -0.51, -33.46, 7.78, 16.04
0.44, -0.52, -0.58, -31.86, 28.95, 19.42
0.47, -0.63, -0.60, -31.83, 31.13, 22.70
0.51, -0.78, -0.61, -30.17, 22.93, 28.72
0.59, -0.84, -0.65, -25.37, 19.71, 30.78
0.57, -0.93, -0.66, -18.21, 18.29, 23.30
0.42, -0.96, -0.65, -11.25, 21.96, 17.28
0.31, -1.01, -0.66, -4.62, 19.65, 6.94
0.25, -1.02, -0.66, -0.32, 16.48, -6.75
0.20, -0.97, -0.62, 7.90, 3.06, -22.22
0.19, -0.86, -0.59, 17.04, -3.75, -36.51
0.20, -0.80, -0.56, 18.25, -4.42, -43.34
0.21, -0.75, -0.49, 12.55, 8.10, -43.58
0.26, -0.65, -0.35, -2.54, 19.78, -38.01
0.40, -0.54, -0.21, -14.39, 14.28, -29.92
0.56, -0.46, -0.17, -22.34, -0.96, -14.31
0.70, -0.42, -0.23, -28.02, -13.28, 1.76
0.74, -0.42, -0.32, -27.23, -12.36, 13.37
0.66, -0.47, -0.43, -28.09, 9.28, 25.50
0.54, -0.51, -0.52, -27.06, 40.85, 30.17
0.44, -0.59, -0.52, -29.70, 48.17, 32.16
0.44, -0.71, -0.52, -25.46, 31.76, 34.02
0.49, -0.84, -0.55, -18.68, -1.07, 31.74
0.47, -0.96, -0.56, -11.98, -20.36, 26.53
0.37, -1.01, -0.59, -4.23, -23.72, 11.45
0.23, -0.98, -0.59, 2.53, -10.94, -6.41
0.15, -0.95, -0.57, 7.43, -6.41, -21.96
0.15, -0.92, -0.57, 12.45, -6.33, -31.59
0.24, -0.86, -0.57, 15.77, -11.59, -37.15
0.32, -0.79, -0.52, 11.65, -8.80, -34.86
0.41, -0.69, -0.37, 0.33, -9.00, -27.98
0.50, -0.58, -0.19, -8.19, -24.40, -21.49
0.58, -0.48, -0.22, -19.53, -25.55, -7.75
0.60, -0.43, -0.24, -28.50, -32.15, 4.67
0.58, -0.44, -0.29, -31.82, -24.95, 14.81
0.56, -0.47, -0.45, -32.15, -14.63, 24.95
0.54, -0.52, -0.56, -28.63, 3.63, 32.94
0.51, -0.59, -0.62, -25.80, 13.90, 36.96
0.46, -0.69, -0.64, -20.14, 12.97, 35.75
0.44, -0.85, -0.64, -13.67, 4.39, 31.01
0.40, -0.99, -0.67, -7.58, 0.84, 22.28
0.29, -1.06, -0.69, -3.38, 4.25, 6.25
0.15, -1.04, -0.67, 3.59, 6.85, -12.85
0.13, -0.98, -0.64, 11.55, 10.14, -28.06
0.20, -0.94, -0.60, 13.46, 11.16, -36.03
0.26, -0.87, -0.50, 8.16, 21.96, -38.33
0.33, -0.75, -0.34, -4.03, 25.24, -33.58
0.46, -0.62, -0.19, -8.72, 2.91, -25.09
0.61, -0.53, -0.23, -16.75, -9.30, -11.64
0.67, -0.49, -0.28, -22.93, -17.65, -0.18
0.63, -0.49, -0.31, -27.22, -13.47, 10.84
0.58, -0.50, -0.41, -29.48, -1.08, 20.91
0.53, -0.51, -0.49, -29.28, 19.20, 29.56
0.49, -0.57, -0.53, -27.24, 35.34, 33.85
0.47, -0.67, -0.55, -23.93, 34.23, 34.49
0.42, -0.78, -0.55, -18.44, 11.51, 28.86
0.35, -0.95, -0.54, -13.64, -7.26, 22.35
0.31, -1.05, -0.57, -6.21, -20.17, 7.60
0.21, -1.07, -0.59, 0.88, -15.80, -13.18
0.10, -1.01, -0.60, 5.27, -7.86, -30.88
0.12, -0.93, -0.60, 11.97, 7.97, -39.45
0.23, -0.84, -0.59, 12.29, 10.45, -44.05
0.33, -0.75, -0.50, 2.93, 18.46, -36.98
0.44, -0.66, -0.36, -9.51, 3.22, -27.78
0.63, -0.53, -0.25, -19.02, -11.18, -6.81
0.81, -0.43, -0.27, -24.63, -13.39, 7.19
0.74, -0.38, -0.33, -29.40, -10.24, 13.51
0.54, -0.42, -0.44, -35.83, 19.96, 25.80
0.40, -0.49, -0.54, -34.22, 34.87, 31.98
0.38, -0.58, -0.58, -26.13, 35.03, 34.11
0.38, -0.73, -0.59, -21.32, 17.47, 32.12
0.37, -0.88, -0.59, -16.15, 2.12, 28.49
0.34, -0.95, -0.58, -9.70, -6.69, 18.99
0.29, -0.98, -0.58, -3.33, -0.26, 5.24
0.23, -1.00, -0.58, 2.00, 7.70, -9.76
0.20, -0.99, -0.54, 5.90, 8.87, -23.62
0.24, -0.94, -0.52, 8.80, 5.33, -32.36
0.33, -0.85, -0.50, 5.23, 5.87, -31.11
0.39, -0.74, -0.35, -1.14, -0.95, -27.73
0.49, -0.63, -0.26, -7.33, -8.98, -17.46
0.60, -0.55, -0.27, -14.10, -18.86, -6.03
0.62, -0.48, -0.30, -20.90, -22.71, 4.49
0.56, -0.48, -0.36, -24.81, -20.62, 14.42
0.50, -0.52, -0.46, -28.01, -5.09, 23.26
0.47, -0.53, -0.52, -25.16, 13.33, 27.72
0.44, -0.57, -0.56, -23.91, 27.34, 30.20
0.38, -0.71, -0.56, -23.80, 36.38, 29.48
0.34, -0.81, -0.56, -22.39, 30.26, 25.29
0.35, -0.90, -0.58, -17.48, 14.36, 20.68
0.36, -0.98, -0.60, -11.16, 2.88, 12.13
0.31, -1.02, -0.62, -2.22, 0.30, -2.25
0.23, -1.00, -0.61, 4.01, 6.81, -17.87
0.20, -0.96, -0.59, 9.46, 13.81, -29.88
0.22, -0.90, -0.55, 10.58, 19.01, -37.54
0.28, -0.81, -0.47, 3.60, 21.26, -35.46
0.42, -0.71, -0.33, -8.10, 10.03, -24.22
0.61, -0.61, -0.19, -15.88, -1.40, -7.88
0.75, -0.52, -0.16, -17.96, -19.35, 2.34
0.66, -0.47, -0.24, -22.31, -20.75, 10.77
0.48, -0.52, -0.35, -30.74, 3.90, 21.00
0.40, -0.57, -0.41, -34.49, 14.27, 27.28
0.39, -0.57, -0.48, -31.58, 24.19, 30.46
0.41, -0.60, -0.53, -28.24, 23.21, 29.25
0.41, -0.72, -0.54, -28.87, 22.67, 32.46
0.43, -0.83, -0.57, -25.18, 10.83, 30.42
0.41, -0.89, -0.59, -17.38, -2.86, 25.13
0.36, -0.94, -0.61, -11.67, -8.93, 13.42
0.29, -0.98, -0.62, -3.28, -3.58, -1.82
0.21, -0.98, -0.60, -0.66, 2.16, -18.26
0.13, -0.93, -0.53, 2.76, 1.62, -31.28
0.17, -0.87, -0.53, 6.96, -5.63, -37.29
0.27, -0.80, -0.54, 6.64, -3.04, -35.56
0.35, -0.74, -0.47, 2.05, 4.02, -33.27
0.41, -0.65, -0.35, -9.88, 11.47, -27.25
0.48, -0.57, -0.23, -22.10, 4.56, -13.19
0.66, -0.52, -0.21, -31.08, -3.94, 6.28
0.78, -0.49, -0.30, -31.68, -4.86, 19.00
0.70, -0.51, -0.41, -34.81, 10.97, 28.55
0.53, -0.56, -0.48, -37.37, 32.10, 32.60
0.42, -0.65, -0.53, -37.36, 36.67, 34.94
0.43, -0.76, -0.57, -33.72, 20.19, 36.82
0.46, -0.87, -0.62, -25.98, -1.95, 31.29
0.37, -0.92, -0.63, -15.81, -13.17, 20.04
0.24, -0.98, -0.63, -4.50, -2.74, 3.29
0.12, -0.99, -0.62, -4.47, 9.05, -16.98
0.04, -0.91, -0.57, 2.68, 11.80, -29.10
0.16, -0.82, -0.56, 10.63, -3.72, -36.38
0.32, -0.79, -0.58, 12.20, -11.62, -34.74
0.39, -0.72, -0.51, 8.78, -2.87, -29.76
0.41, -0.62, -0.40, 0.27, 10.94, -25.82
0.45, -0.54, -0.26, -12.94, 6.63, -13.66
0.57, -0.51, -0.22, -24.02, 1.05, 2.46
0.70, -0.49, -0.28, -27.53, -5.86, 16.29
0.69, -0.48, -0.35, -28.35, -1.33, 25.15
0.55, -0.53, -0.43, -28.25, 24.01, 31.30
0.45, -0.62, -0.49, -27.39, 34.51, 32.29
0.40, -0.72, -0.54, -24.05, 30.95, 35.15
0.41, -0.81, -0.56, -18.50, 16.73, 31.93
0.38, -0.91, -0.56, -10.13, -2.16, 22.69
0.31, -0.98, -0.57, -2.93, -3.75, 12.06
0.24, -1.00, -0.58, 4.28, 2.38, 0.23
0.18, -1.00, -0.55, 9.64, 6.44, -14.62
0.17, -0.96, -0.54, 13.74, 6.48, -24.36
0.23, -0.89, -0.55, 17.08, 7.97, -29.60
0.30, -0.81, -0.50, 12.88, 13.04, -28.72
0.37, -0.73, -0.37, 3.01, 7.69, -22.69
0.46, -0.64, -0.23, -5.83, -7.47, -13.95
0.57, -0.55, -0.21, -14.77, -25.48, -2.03
0.60, -0.50, -0.25, -21.16, -31.54, 7.01
0.51, -0.51, -0.31, -25.38, -27.10, 11.23
0.43, -0.54, -0.41, -30.27, -5.04, 19.71
0.42, -0.58, -0.49, -26.00, 9.62, 23.25
0.43, -0.63, -0.55, -22.36, 23.17, 27.00
0.46, -0.74, -0.60, -18.45, 30.07, 28.27
0.47, -0.83, -0.60, -11.82, 24.55, 27.58
0.41, -0.93, -0.59, -6.87, 15.89, 22.16
0.33, -1.00, -0.58, -1.47, 5.68, 11.58
0.24, -1.02, -0.56, 3.04, -2.48, -1.61
0.20, -1.00, -0.54, 7.85, -3.84, -16.20
0.18, -0.95, -0.53, 10.10, 3.32, -28.99
0.18, -0.88, -0.50, 11.16, 17.23, -37.23
0.23, -0.80, -0.45, 5.66, 25.80, -37.72
0.35, -0.72, -0.35, -4.62, 21.63, -28.20
0.54, -0.64, -0.23, -12.10, 3.06, -11.28
0.69, -0.54, -0.20, -15.53, -19.07, 1.77
0.68, -0.49, -0.26, -14.49, -29.70, 6.79
0.49, -0.52, -0.34, -20.83, -15.84, 14.23
0.38, -0.59, -0.39, -24.10, 11.90, 21.16
0.41, -0.64, -0.44, -23.31, 26.05, 26.89
0.47, -0.68, -0.49, -20.84, 31.87, 31.88
0.48, -0.75, -0.49, -18.17, 32.09, 32.64
0.45, -0.83, -0.48, -16.90, 19.94, 32.97
0.40, -0.93, -0.50, -12.24, -1.17, 27.63
0.34, -0.99, -0.54, -4.82, -9.38, 15.28
0.23, -1.03, -0.55, -0.50, -6.91, -6.55
0.05, -1.01, -0.52, -1.73, -0.81, -28.71
-0.00, -0.92, -0.48, -0.77, 7.82, -40.71
0.15, -0.85, -0.46, -0.47, 2.03, -44.15
0.33, -0.80, -0.43, -3.65, -2.85, -40.65
0.40, -0.71, -0.38, -10.55, 2.68, -33.41
0.46, -0.61, -0.30, -19.64, 5.89, -21.76
0.57, -0.54, -0.24, -26.81, -2.71, -6.50
0.73, -0.51, -0.29, -27.38, -6.91, 9.48
0.75, -0.52, -0.40, -24.60, -0.46, 23.58
0.62, -0.57, -0.46, -26.34, 28.68, 30.81
0.44, -0.64, -0.48, -27.59, 45.37, 32.54
0.39, -0.71, -0.49, -29.06, 50.58, 36.81
0.45, -0.80, -0.50, -28.05, 27.84, 34.63
0.45, -0.88, -0.50, -22.12, 0.16, 31.89
0.38, -0.95, -0.51, -16.43, -17.41, 25.01
0.30, -1.01, -0.54, -8.92, -9.76, 9.70
0.18, -1.02, -0.53, -4.65, 3.71, -8.46
0.07, -0.99, -0.50, -2.79, 7.91, -25.11
0.09, -0.91, -0.52, 3.23, 9.96, -32.75
0.25, -0.82, -0.52, 6.25, 7.05, -35.24
0.38, -0.80, -0.45, 5.75, 1.95, -36.23
0.39, -0.73, -0.38, -1.24, 2.08, -33.02
0.40, -0.63, -0.30, -12.26, 6.21, -22.20
0.49, -0.56, -0.19, -25.09, 0.69, -7.84
0.63, -0.51, -0.17, -29.92, -7.41, 7.29
0.71, -0.48, -0.28, -28.80, -11.92, 19.70
0.62, -0.51, -0.38, -31.13, 7.17, 27.58
0.44, -0.59, -0.43, -31.53, 28.80, 31.62
0.37, -0.68, -0.48, -30.60, 38.34, 35.95
0.41, -0.78, -0.52, -27.29, 22.47, 35.29
0.42, -0.87, -0.52, -20.56, -3.49, 31.57
0.38, -0.97, -0.54, -12.46, -25.26, 22.45
0.32, -1.01, -0.59, -3.92, -16.35, 9.98
0.19, -1.03, -0.58, 0.50, -0.79, -10.56
0.05, -0.97, -0.52, 1.39, 6.28, -29.74
0.08, -0.92, -0.54, 5.44, 7.61, -36.00
0.27, -0.86, -0.54, 8.33, 0.76, -36.59
0.42, -0.80, -0.47, 7.58, -4.15, -36.60
0.43, -0.71, -0.38, 0.88, -0.32, -31.01
0.44, -0.62, -0.31, -8.54, 8.57, -22.93
0.50, -0.55, -0.23, -20.23, 6.00, -7.10
0.62, -0.52, -0.22, -25.61, -4.40, 8.68
0.69, -0.50, -0.32, -26.43, -8.54, 21.89
0.63, -0.52, -0.39, -29.49, 5.24, 29.65
0.48, -0.58, -0.42, -30.38, 23.35, 33.09
0.40, -0.64, -0.45, -30.37, 39.98, 37.39
0.40, -0.74, -0.48, -30.62, 32.87, 36.51
0.40, -0.84, -0.49, -26.28, 4.03, 34.62
0.38, -0.94, -0.52, -17.32, -27.53, 28.98
0.32, -1.01, -0.57, -8.05, -31.15, 14.70
0.19, -1.04, -0.58, -2.51, -9.81, -7.43
0.04, -1.01, -0.53, -0.52, 1.36, -29.62
0.02, -0.95, -0.50, 5.07, 7.34, -38.19
0.20, -0.90, -0.52, 5.45, 2.31, -41.05
0.39, -0.85, -0.48, 6.37, -2.62, -38.95
0.47, -0.75, -0.41, 1.99, -4.96, -34.74
0.49, -0.64, -0.35, -4.99, 3.99, -25.04
0.53, -0.57, -0.28, -16.58, 5.40, -13.33
0.58, -0.54, -0.24, -25.82, 4.53, 2.93
0.65, -0.51, -0.31, -26.87, 4.43, 17.00
0.64, -0.52, -0.40, -29.55, 13.36, 28.10
0.53, -0.56, -0.44, -30.44, 30.03, 32.07
0.42, -0.61, -0.47, -30.46, 39.74, 36.22
0.40, -0.69, -0.49, -28.97, 33.69, 36.54
0.40, -0.78, -0.48, -27.48, 7.89, 35.75
0.37, -0.88, -0.48, -22.43, -18.16, 30.99
0.33, -0.96, -0.53, -15.82, -19.29, 21.63
0.25, -1.01, -0.55, -10.14, -4.16, 3.35
0.12, -1.01, -0.53, -7.92, 12.15, -14.39
0.05, -0.97, -0.51, -3.30, 15.37, -27.22
0.16, -0.91, -0.54, 4.78, 4.07, -34.49
0.34, -0.88, -0.54, 10.05, -3.68, -34.70
0.41, -0.83, -0.47, 10.54, -5.65, -36.54
0.39, -0.73, -0.41, 5.64, 2.35, -33.23
0.42, -0.64, -0.31, -4.29, 13.45, -22.17
0.54, -0.59, -0.22, -13.80, 8.78, -7.64
0.66, -0.55, -0.19, -20.21, 0.48, 9.70
0.72, -0.52, -0.25, -21.86, -7.08, 22.75
0.63, -0.54, -0.32, -29.27, 2.72, 33.76
0.48, -0.58, -0.36, -32.14, 19.50, 36.99
0.37, -0.62, -0.41, -33.90, 31.66, 39.76
0.36, -0.69, -0.45, -35.05, 37.57, 39.00
0.35, -0.78, -0.48, -32.09, 14.44, 35.39
0.31, -0.88, -0.52, -23.67, -6.65, 30.24
0.30, -0.98, -0.59, -11.73, -24.21, 17.08
0.20, -1.03, -0.65, -0.11, -15.85, -1.61
0.06, -1.03, -0.63, 1.42, 3.61, -15.65
0.06, -0.98, -0.55, 6.85, 12.31, -28.54
0.26, -0.89, -0.55, 15.96, 1.66, -33.52
0.39, -0.86, -0.55, 17.65, -6.70, -32.35
0.41, -0.83, -0.48, 10.81, -2.57, -32.28
0.42, -0.74, -0.38, 3.14, 5.76, -28.55
0.46, -0.66, -0.30, -7.17, 9.88, -21.00
0.51, -0.61, -0.24, -21.20, 9.06, -9.14
0.59, -0.58, -0.20, -32.67, 4.61, 5.99
0.67, -0.57, -0.25, -36.49, 0.77, 18.15
0.65, -0.58, -0.31, -40.77, 8.35, 27.41
0.52, -0.60, -0.36, -42.47, 21.73, 32.96
0.40, -0.64, -0.41, -41.88, 35.15, 36.15
0.39, -0.71, -0.46, -39.78, 30.45, 41.05
0.39, -0.79, -0.50, -32.92, 2.66, 36.83
0.30, -0.88, -0.55, -20.54, -8.29, 28.66
0.19, -0.94, -0.58, -11.24, -18.07, 7.99
0.01, -0.98, -0.60, -4.30, 0.06, -8.52
-0.01, -0.96, -0.60, -3.25, 12.08, -21.57
0.18, -0.90, -0.54, 6.07, 6.06, -24.10
0.38, -0.85, -0.52, 9.97, -4.86, -22.73
0.46, -0.82, -0.47, 6.44, 3.08, -22.46
0.41, -0.77, -0.40, 0.64, 7.58, -23.32
0.37, -0.70, -0.35, -8.78, 9.73, -19.21
0.43, -0.66, -0.31, -19.23, 8.01, -12.99
0.50, -0.64, -0.30, -29.45, 5.60, -5.65
0.53, -0.61, -0.31, -35.67, 4.35, 3.50
0.55, -0.61, -0.34, -36.46, 8.85, 14.51
0.59, -0.62, -0.42, -36.35, 13.53, 25.39
0.58, -0.65, -0.48, -31.94, 14.73, 32.55
0.54, -0.70, -0.50, -26.18, 17.08, 38.21
0.46, -0.77, -0.52, -20.80, 14.02, 33.63
0.31, -0.85, -0.52, -11.45, 12.20, 21.93
0.12, -0.92, -0.54, -6.62, 6.58, 6.57
0.02, -0.97, -0.59, 0.35, 11.61, -6.85
0.06, -0.96, -0.56, 3.21, 2.76, -19.96
0.17, -0.92, -0.49, 9.67, -3.85, -26.36
0.28, -0.87, -0.46, 12.36, -7.61, -29.26
0.34, -0.82, -0.43, 12.16, -4.88, -28.18
0.36, -0.75, -0.39, 7.17, 0.07, -27.88
0.37, -0.69, -0.33, -1.50, -0.95, -24.27
0.41, -0.64, -0.29, -11.03, -2.59, -15.04
0.52, -0.61, -0.27, -22.31, -7.22, -4.03
0.59, -0.59, -0.28, -26.15, -10.98, 7.76
0.62, -0.58, -0.34, -27.62, 0.24, 19.59
0.58, -0.60, -0.41, -29.88, 13.83, 26.70
0.48, -0.65, -0.46, -30.26, 19.33, 32.00
0.45, -0.74, -0.49, -27.81, 14.26, 36.08
0.47, -0.83, -0.52, -24.00, 7.15, 34.47
0.42, -0.91, -0.53, -18.34, 3.73, 24.86
0.25, -0.97, -0.55, -12.92, -0.77, 8.95
0.09, -1.00, -0.60, -4.43, 13.12, -6.98
0.06, -1.00, -0.62, -3.61, 14.49, -20.09
0.14, -0.95, -0.56, 5.51, 5.40, -25.65
0.31, -0.87, -0.53, 11.66, -5.85, -29.49
0.37, -0.82, -0.46, 10.26, -6.48, -31.48
0.36, -0.77, -0.39, 5.22, 3.94, -27.14
0.39, -0.69, -0.32, -4.93, 7.11, -22.58
0.44, -0.62, -0.26, -13.98, 2.91, -13.60
0.52, -0.58, -0.24, -22.40, -2.21, -3.00
0.58, -0.56, -0.27, -25.90, -5.65, 9.27
0.57, -0.56, -0.32, -31.10, 2.19, 20.67
0.52, -0.57, -0.37, -33.43, 14.30, 28.17
0.46, -0.62, -0.41, -32.44, 14.59, 31.56
0.41, -0.71, -0.44, -27.82, 11.04, 33.11
0.35, -0.82, -0.50, -22.85, 4.78, 24.18
0.23, -0.92, -0.54, -19.81, -0.77, 19.21
0.19, -0.93, -0.59, -12.38, -1.38, 9.12
0.23, -0.91, -0.64, -1.13, -0.68, -4.40
0.19, -0.94, -0.60, -0.39, -0.00, -17.07
0.13, -0.95, -0.52, 2.31, 1.32, -24.63
0.22, -0.90, -0.53, 7.10, -0.41, -31.51
0.35, -0.83, -0.50, 7.17, -6.57, -30.39
0.41, -0.78, -0.41, 1.76, -3.57, -27.48
0.46, -0.70, -0.34, -5.16, 2.58, -20.62
0.50, -0.63, -0.27, -12.11, 3.93, -11.25
0.56, -0.61, -0.25, -20.54, 6.67, -0.40
0.61, -0.61, -0.27, -25.36, 2.75, 9.45
0.61, -0.62, -0.30, -27.06, 3.21, 20.06
0.55, -0.66, -0.35, -29.29, 10.26, 26.49
0.47, -0.70, -0.39, -31.22, 20.39, 31.17
0.41, -0.73, -0.42, -26.51, 9.92, 29.03
0.36, -0.82, -0.45, -22.63, 0.83, 24.76
0.29, -0.94, -0.52, -15.43, -8.36, 12.09
0.13, -0.93, -0.57, -8.98, -8.96, -2.09
0.05, -0.93, -0.63, -3.52, -3.07, -15.40
0.12, -0.93, -0.60, 2.96, -10.86, -22.26
0.26, -0.88, -0.58, 9.90, -8.97, -25.19
0.34, -0.82, -0.56, 11.62, -2.14, -28.02
0.32, -0.78, -0.48, 7.08, 15.42, -27.14
0.36, -0.73, -0.40, -0.79, 24.54, -20.12
0.44, -0.67, -0.32, -10.00, 21.75, -14.31
0.51, -0.63, -0.25, -20.73, 9.29, -4.92
0.58, -0.61, -0.24, -29.53, -1.47, 6.94
0.64, -0.62, -0.26, -35.08, -2.99, 17.16
0.59, -0.66, -0.30, -40.90, 6.36, 23.69
0.48, -0.70, -0.35, -44.13, 16.36, 26.61
0.42, -0.75, -0.40, -41.39, 9.71, 28.94
0.43, -0.81, -0.47, -33.53, 0.67, 28.44
0.37, -0.88, -0.55, -24.63, -11.96, 19.99
0.25, -0.91, -0.58, -16.38, -1.44, 9.21
0.14, -0.93, -0.59, -8.33, 4.42, -7.68
0.07, -0.94, -0.59, -8.29, 6.40, -15.58
0.15, -0.89, -0.54, -1.78, 0.26, -20.55
0.30, -0.82, -0.53, 5.22, -7.45, -24.16
0.33, -0.78, -0.50, 5.06, -7.30, -27.79
0.27, -0.76, -0.43, 0.25, 1.89, -27.39
0.32, -0.71, -0.39, -5.79, 11.03, -23.54
0.42, -0.65, -0.36, -13.52, 9.27, -16.17
0.49, -0.61, -0.33, -20.36, 5.09, -7.31
0.56, -0.59, -0.33, -27.21, 0.42, 3.28
0.62, -0.60, -0.34, -31.58, 3.92, 16.17
0.63, -0.62, -0.37, -34.12, 12.85, 23.28
0.56, -0.66, -0.40, -35.87, 12.22, 26.63
0.47, -0.75, -0.47, -31.56, 8.28, 30.08
0.44, -0.83, -0.53, -25.94, 7.33, 26.62
0.35, -0.90, -0.56, -18.99, -1.12, 16.72
0.20, -0.93, -0.60, -11.22, 2.44, 4.28
0.11, -0.92, -0.64, -4.59, 8.86, -9.26
0.10, -0.91, -0.58, 1.07, 1.75, -20.21
0.20, -0.88, -0.53, 7.64, -3.63, -25.56
0.29, -0.85, -0.51, 9.99, -5.06, -30.83
0.30, -0.81, -0.44, 10.10, -2.21, -32.05
0.35, -0.73, -0.41, 7.78, -1.96, -28.33
0.42, -0.67, -0.37, 2.14, -0.13, -21.11
0.47, -0.62, -0.28, -8.71, 1.00, -11.46
0.54, -0.58, -0.22, -18.49, -1.25, -0.07
0.61, -0.56, -0.23, -22.97, -10.72, 9.57
0.62, -0.57, -0.32, -28.78, -7.07, 22.27
0.57, -0.60, -0.40, -32.50, 7.48, 30.67
0.50, -0.64, -0.44, -31.18, 17.29, 33.54
0.44, -0.73, -0.50, -29.72, 20.49, 32.14
0.36, -0.84, -0.57, -22.84, 14.10, 23.82
0.22, -0.94, -0.64, -16.12, 3.02, 15.28
0.12, -0.98, -0.67, -8.00, -2.39, 1.38
0.12, -0.96, -0.69, -0.02, -0.45, -12.96
0.16, -0.93, -0.62, 7.07, -6.34, -22.48
0.24, -0.89, -0.58, 9.26, -6.85, -28.93
0.28, -0.87, -0.52, 8.69, 1.51, -29.74
0.34, -0.80, -0.46, 6.05, 16.01, -29.77
0.40, -0.69, -0.38, 1.30, 14.06, -24.97
0.47, -0.65, -0.32, -4.85, 12.01, -17.40
0.52, -0.60, -0.29, -11.08, 4.13, -8.05
0.53, -0.57, -0.26, -22.21, 3.33, 4.24
0.57, -0.57, -0.25, -25.83, -0.92, 12.09
0.57, -0.59, -0.30, -29.05, -0.47, 20.90
0.52, -0.64, -0.37, -32.09, 14.79, 29.09
0.48, -0.68, -0.41, -32.16, 21.29, 31.72
0.45, -0.74, -0.43, -30.09, 17.62, 32.81
0.41, -0.82, -0.48, -25.99, 7.66, 30.83
0.34, -0.91, -0.53, -16.54, 0.28, 20.12
0.19, -0.97, -0.58, -9.87, -3.71, 3.97
0.06, -1.00, -0.61, -4.53, -4.71, -12.13
0.05, -0.97, -0.60, 2.23, -12.11, -24.46
0.17, -0.91, -0.58, 9.87, -11.51, -32.01
0.27, -0.86, -0.53, 10.44, -8.53, -35.77
0.30, -0.81, -0.43, 4.06, 7.12, -34.01
0.38, -0.72, -0.34, -3.43, 12.63, -25.07
0.52, -0.61, -0.26, -9.85, 1.64, -16.88
0.60, -0.57, -0.24, -15.74, -7.82, -3.38
0.65, -0.56, -0.26, -22.93, -12.29, 6.74
0.61, -0.57, -0.31, -26.80, -9.91, 16.97
0.53, -0.60, -0.39, -30.70, 2.84, 26.19
0.48, -0.64, -0.46, -31.79, 16.05, 32.14
0.45, -0.68, -0.48, -30.75, 21.85, 36.57
0.44, -0.76, -0.49, -27.91, 21.34, 36.61
0.39, -0.87, -0.51, -22.24, 10.11, 25.86
0.22, -0.98, -0.55, -16.86, -0.15, 13.34
0.08, -1.03, -0.63, -10.35, -3.36, -6.55
0.00, -1.01, -0.68, -4.21, -8.16, -23.63
0.08, -0.95, -0.67, 7.29, -12.27, -34.46
0.23, -0.88, -0.65, 15.91, -9.29, -41.97
0.30, -0.83, -0.56, 11.89, 9.07, -40.72
0.37, -0.75, -0.40, 4.63, 28.41, -34.93
0.44, -0.63, -0.31, -0.13, 22.70, -29.03
0.55, -0.54, -0.27, -6.04, 11.92, -15.06
0.64, -0.53, -0.27, -13.61, 2.90, 0.11
0.64, -0.53, -0.26, -22.79, -3.68, 10.58
0.60, -0.55, -0.27, -27.51, -2.08, 21.95
0.55, -0.60, -0.34, -31.99, 4.79, 31.00
0.48, -0.64, -0.41, -33.54, 21.15, 38.77
0.43, -0.68, -0.43, -33.68, 28.83, 40.70
0.40, -0.75, -0.45, -28.59, 21.60, 36.50
0.33, -0.87, -0.48, -20.62, 7.48, 27.30
0.19, -0.97, -0.56, -12.74, -5.77, 8.52
0.02, -1.02, -0.62, -4.88, -6.60, -8.62
-0.01, -1.01, -0.63, 2.79, -8.18, -22.90
0.13, -0.95, -0.59, 12.31, -8.37, -30.57
0.29, -0.89, -0.55, 15.05, -5.74, -35.84
0.34, -0.83, -0.48, 11.19, 9.14, -34.82
0.36, -0.75, -0.35, 0.37, 25.74, -28.50
0.48, -0.66, -0.27, -8.88, 26.82, -20.59
0.60, -0.59, -0.24, -16.72, 8.79, -8.47
0.65, -0.57, -0.24, -24.80, -8.33, 5.95
0.67, -0.59, -0.28, -27.68, -13.08, 18.66
0.61, -0.62, -0.34, -31.91, -8.34, 24.98
0.49, -0.64, -0.39, -35.33, 9.69, 31.01
0.44, -0.67, -0.47, -34.04, 25.13, 35.84
0.43, -0.73, -0.47, -30.26, 21.14, 34.82
0.37, -0.80, -0.52, -24.07, 14.60, 29.43
0.28, -0.89, -0.58, -14.56, 3.77, 17.23
0.14, -0.98, -0.62, -4.72, -3.78, -3.20
0.01, -1.03, -0.62, -3.04, -2.83, -17.49
0.06, -1.00, -0.58, 5.44, -7.08, -28.59
0.25, -0.92, -0.57, 14.15, -12.09, -36.03
0.34, -0.88, -0.53, 14.68, -6.12, -40.74
0.32, -0.82, -0.46, 9.22, 14.93, -41.31
0.30, -0.73, -0.38, -0.89, 31.16, -37.22
0.41, -0.64, -0.28, -13.03, 29.16, -27.06
0.59, -0.59, -0.20, -22.06, 8.45, -10.09
0.74, -0.56, -0.22, -29.43, -11.53, 3.83
0.76, -0.53, -0.27, -32.42, -13.31, 17.19
0.66, -0.57, -0.32, -37.89, 0.96, 26.44
0.52, -0.63, -0.38, -43.53, 20.12, 34.38
0.47, -0.67, -0.42, -43.04, 31.94, 40.89
0.48, -0.72, -0.46, -41.36, 23.95, 41.32
0.42, -0.79, -0.51, -30.19, 11.57, 34.24
0.31, -0.90, -0.55, -20.98, -10.51, 17.96
0.16, -1.01, -0.59, -12.32, -21.27, 3.30
0.06, -1.02, -0.69, -4.91, -11.96, -11.79
0.06, -0.96, -0.67, 3.73, -14.73, -28.55
0.19, -0.91, -0.61, 9.79, -9.08, -33.68
0.35, -0.88, -0.56, 11.31, -11.43, -37.40
0.41, -0.82, -0.51, 14.31, -2.16, -37.93
0.43, -0.75, -0.52, 14.17, 12.81, -37.83
0.42, -0.71, -0.47, 5.22, 23.16, -33.45
0.43, -0.68, -0.34, -4.47, 19.93, -24.28
0.52, -0.63, -0.25, -11.51, 1.37, -13.15
0.59, -0.57, -0.25, -20.83, 0.70, 5.15
0.61, -0.49, -0.22, -24.88, -1.42, 11.27
0.53, -0.49, -0.24, -27.51, 0.02, 19.88
0.44, -0.57, -0.30, -31.71, 9.23, 29.30
0.44, -0.64, -0.36, -31.29, 13.59, 36.29
0.46, -0.67, -0.40, -29.77, 11.72, 39.09
0.45, -0.72, -0.44, -24.28, 8.79, 39.26
0.37, -0.82, -0.46, -19.57, 3.85, 29.34
0.24, -0.93, -0.50, -14.66, -7.00, 18.84
0.17, -1.00, -0.57, -5.93, -13.77, 3.26
0.10, -1.03, -0.62, 3.23, -19.88, -14.60
0.08, -1.00, -0.60, 11.97, -19.67, -29.30
0.17, -0.91, -0.59, 16.84, -9.21, -35.29
0.29, -0.86, -0.52, 17.06, -7.37, -39.20
0.35, -0.79, -0.43, 9.01, 0.97, -32.91
0.45, -0.68, -0.35, 3.36, 2.92, -23.42
0.59, -0.60, -0.29, -4.64, -2.99, -12.07
0.66, -0.57, -0.27, -12.88, -7.46, 2.28
0.68, -0.57, -0.32, -19.11, -4.23, 10.49
0.63, -0.60, -0.37, -26.75, 12.50, 21.63
0.56, -0.65, -0.40, -33.17, 27.64, 28.41
0.51, -0.69, -0.43, -34.29, 29.68, 33.42
0.47, -0.77, -0.49, -31.12, 22.54, 34.53
0.42, -0.85, -0.54, -29.07, 8.69, 30.45
0.31, -0.92, -0.54, -19.57, -11.18, 20.61
0.19, -0.97, -0.57, -6.40, -9.08, 4.62
0.05, -0.98, -0.63, 2.05, -6.03, -16.45
-0.08, -0.95, -0.59, 7.43, 3.83, -33.66
0.01, -0.89, -0.54, 14.12, 11.28, -41.02
0.23, -0.82, -0.44, 11.71, 8.50, -38.88
0.43, -0.74, -0.30, 5.42, -1.68, -31.70
0.53, -0.63, -0.21, 2.34, -10.62, -21.37
0.61, -0.55, -0.23, -6.00, -7.31, -10.44
0.61, -0.54, -0.21, -17.96, -2.08, 3.01
0.60, -0.56, -0.24, -23.10, 6.15, 12.57
0.62, -0.57, -0.33, -26.36, 14.68, 25.13
0.59, -0.63, -0.39, -27.55, 23.18, 32.39
0.50, -0.70, -0.44, -27.54, 31.04, 37.52
0.49, -0.76, -0.47, -25.10, 28.54, 37.46
0.42, -0.84, -0.49, -21.86, 10.18, 31.52
0.31, -0.93, -0.50, -18.89, -8.40, 24.16
0.25, -1.02, -0.55, -10.33, -20.47, 11.81
0.17, -1.05, -0.58, 0.08, -14.45, -8.61
0.04, -1.02, -0.56, 3.24, -8.19, -30.39
-0.02, -0.95, -0.54, 8.88, 5.79, -40.49
0.16, -0.85, -0.52, 8.01, 14.45, -40.65
0.35, -0.77, -0.42, 3.24, 10.79, -34.28
0.47, -0.67, -0.33, -4.73, 11.22, -22.89
0.54, -0.55, -0.27, -10.80, 0.32, -10.02
0.58, -0.49, -0.26, -17.66, -6.58, 3.65
0.63, -0.50, -0.30, -22.41, -9.04, 14.18
0.61, -0.55, -0.35, -27.53, 2.12, 24.36
0.53, -0.61, -0.39, -30.36, 23.47, 26.85
0.46, -0.68, -0.43, -34.14, 47.42, 31.04
0.42, -0.78, -0.46, -31.73, 47.91, 25.66
0.34, -0.87, -0.47, -25.94, 12.37, 17.57
0.32, -1.02, -0.55, -20.18, -8.29, 18.85
0.39, -1.08, -0.59, -10.66, -19.97, 6.73
0.28, -1.04, -0.56, -0.92, -16.19, -11.33
0.11, -0.99, -0.54, 2.58, -0.12, -26.18
0.11, -0.95, -0.53, 2.46, 20.79, -35.23
0.23, -0.89, -0.47, 2.42, 20.65, -40.36
0.34, -0.79, -0.38, -2.32, 9.28, -36.90
0.44, -0.69, -0.31, -9.77, -0.05, -26.68
0.55, -0.59, -0.23, -13.28, -12.63, -15.51
0.62, -0.53, -0.22, -19.43, -19.07, -2.43
0.61, -0.51, -0.24, -23.69, -15.77, 7.81
0.53, -0.53, -0.29, -27.28, -1.43, 16.04
0.48, -0.59, -0.35, -30.04, 19.43, 25.36
0.48, -0.63, -0.38, -28.65, 28.64, 32.21
0.51, -0.69, -0.42, -25.88, 32.87, 36.71
0.49, -0.76, -0.44, -23.52, 26.88, 35.18
0.40, -0.86, -0.46, -21.81, 9.71, 32.82
0.32, -0.94, -0.48, -15.30, -10.31, 22.56
0.26, -1.02, -0.52, -7.98, -15.69, 10.53
0.19, -1.05, -0.54, -1.05, -11.02, -9.14
0.06, -1.00, -0.54, 2.32, -1.68, -27.44
0.06, -0.92, -0.54, 8.57, 5.04, -37.60
0.21, -0.85, -0.56, 12.42, 5.37, -40.16
0.34, -0.81, -0.52, 10.06, 6.67, -37.24
0.41, -0.73, -0.43, -1.50, 9.24, -30.60
0.49, -0.63, -0.27, -11.63, 2.30, -11.63
0.68, -0.54, -0.20, -15.24, -6.73, 4.57
0.74, -0.50, -0.25, -17.57, -16.44, 13.02
0.55, -0.53, -0.31, -24.83, -4.93, 23.76
0.42, -0.61, -0.35, -31.62, 17.91, 28.56
0.42, -0.65, -0.38, -32.49, 22.78, 33.24
0.45, -0.68, -0.43, -30.80, 27.59, 34.61
0.45, -0.75, -0.46, -27.93, 23.16, 31.06
0.41, -0.86, -0.47, -26.50, 14.27, 29.58
0.36, -0.96, -0.49, -21.10, 3.96, 22.01
0.30, -1.02, -0.52, -15.39, -10.31, 10.19
0.24, -1.03, -0.54, -8.07, -15.37, -2.91
0.19, -1.00, -0.55, -1.34, -14.27, -19.03
0.13, -0.95, -0.52, 4.76, -10.06, -32.84
0.14, -0.90, -0.53, 7.03, -1.63, -39.71
0.22, -0.84, -0.53, 5.30, 9.81, -38.35
0.34, -0.75, -0.44, -2.19, 13.15, -32.83
0.48, -0.65, -0.31, -10.75, 7.06, -14.52
0.69, -0.57, -0.21, -15.71, -2.62, 2.59
0.79, -0.53, -0.21, -21.25, -13.87, 12.65
0.64, -0.53, -0.26, -27.11, -9.78, 20.72
0.46, -0.59, -0.32, -34.74, 16.79, 27.90
0.40, -0.65, -0.37, -37.43, 25.55, 32.79
0.41, -0.67, -0.43, -34.31, 27.27, 36.19
0.41, -0.74, -0.48, -30.12, 19.19, 34.33
0.36, -0.83, -0.48, -25.83, 7.55, 30.22
0.28, -0.92, -0.49, -16.63, -6.51, 20.17
0.20, -0.97, -0.54, -6.79, -13.13, 5.54
0.12, -1.01, -0.59, 0.04, -11.89, -11.09
0.02, -1.00, -0.53, 4.31, -6.06, -28.39
0.09, -0.93, -0.50, 7.00, -8.02, -36.73
0.26, -0.88, -0.50, 9.66, -7.92, -38.40
0.35, -0.81, -0.47, 4.34, 0.21, -36.63
0.39, -0.71, -0.38, -3.80, 8.54, -24.84
0.54, -0.62, -0.28, -12.24, 9.44, -5.36
0.74, -0.55, -0.24, -16.60, 1.42, 11.97
0.75, -0.51, -0.29, -16.66, -7.83, 18.35
0.53, -0.57, -0.33, -26.21, 12.26, 28.25
0.40, -0.65, -0.36, -28.65, 23.76, 30.67
0.37, -0.70, -0.41, -27.53, 24.36, 33.02
0.38, -0.76, -0.45, -23.76, 10.87, 30.86
0.34, -0.87, -0.47, -19.86, -4.85, 24.23
0.27, -0.97, -0.49, -15.35, -18.21, 14.46
0.21, -1.03, -0.53, -5.75, -18.20, -0.96
0.12, -1.04, -0.57, 0.32, -12.77, -19.80
0.04, -1.01, -0.55, 6.12, -5.87, -33.96
0.14, -0.97, -0.53, 11.08, -2.68, -41.10
0.28, -0.90, -0.50, 10.71, -0.73, -45.26
0.32, -0.80, -0.43, 3.02, 3.60, -40.54
0.43, -0.69, -0.32, -6.76, 5.50, -23.21
0.64, -0.59, -0.23, -14.21, -0.71, -3.55
0.76, -0.51, -0.22, -18.50, -9.81, 7.37
0.67, -0.49, -0.30, -21.26, -13.20, 15.75
0.46, -0.57, -0.36, -31.31, 8.41, 24.75
0.39, -0.64, -0.40, -34.73, 18.49, 29.50
0.40, -0.67, -0.45, -28.55, 17.85, 32.64
0.41, -0.72, -0.49, -23.32, 5.59, 32.66
0.34, -0.83, -0.50, -19.50, -0.26, 28.33
0.26, -0.95, -0.49, -17.82, -3.04, 17.28
0.19, -1.00, -0.50, -11.99, -3.17, 2.70
0.13, -1.00, -0.53, -8.02, -2.35, -12.97
0.10, -0.95, -0.53, -3.27, -1.50, -22.50
0.19, -0.89, -0.51, 1.00, -1.97, -27.41
0.31, -0.85, -0.47, -0.25, -3.61, -28.69
0.35, -0.77, -0.41, -4.39, 5.40, -23.88
0.38, -0.68, -0.35, -11.59, 14.25, -15.70
0.49, -0.63, -0.28, -18.95, 11.26, -3.91
0.61, -0.60, -0.27, -23.42, -0.37, 9.00
0.65, -0.61, -0.32, -25.30, -4.67, 19.48
0.57, -0.66, -0.36, -28.66, 2.21, 25.56
0.47, -0.69, -0.41, -30.06, 11.12, 31.43
0.44, -0.72, -0.44, -28.62, 13.12, 34.45
0.41, -0.78, -0.47, -23.95, 9.75, 32.62
0.34, -0.87, -0.49, -20.99, -0.63, 23.40
0.20, -0.95, -0.50, -14.75, -8.47, 12.78
0.12, -0.97, -0.54, -10.17, -10.71, -1.83
0.08, -0.95, -0.58, -3.82, -10.67, -17.32
0.05, -0.88, -0.54, -0.58, -9.57, -28.38
0.12, -0.85, -0.49, -1.00, -3.48, -30.71
0.27, -0.75, -0.43, -1.64, -3.42, -28.43
0.38, -0.71, -0.39, -4.71, 2.37, -22.94
0.44, -0.65, -0.36, -11.46, 6.92, -14.54
0.48, -0.63, -0.33, -18.46, 2.70, -4.27
0.54, -0.64, -0.31, -24.62, 0.56, 8.09
0.59, -0.65, -0.33, -29.89, 2.25, 16.71
0.55, -0.67, -0.37, -30.82, 7.40, 21.71
0.48, -0.71, -0.40, -32.12, 8.50, 28.52
0.47, -0.78, -0.47, -30.11, 8.50, 31.59
0.45, -0.84, -0.50, -25.39, 9.07, 28.93
0.33, -0.90, -0.53, -18.13, 3.98, 14.45
0.13, -0.94, -0.56, -9.54, 0.00, 0.18
0.02, -0.97, -0.62, -3.26, 1.66, -15.34
0.02, -0.98, -0.60, 0.78, -7.64, -27.56
0.10, -0.92, -0.55, 8.54, -10.58, -33.90
0.21, -0.84, -0.52, 9.82, -8.29, -38.38
0.28, -0.77, -0.44, 5.46, 5.70, -35.39
0.35, -0.70, -0.35, -2.88, 17.79, -28.10
0.45, -0.64, -0.28, -12.05, 16.30, -18.08
0.53, -0.59, -0.25, -21.61, 7.96, -3.55
0.64, -0.57, -0.25, -27.95, -4.08, 10.25
0.69, -0.57, -0.30, -30.82, -7.40, 22.79
0.63, -0.59, -0.35, -34.07, -0.45, 31.99
0.49, -0.63, -0.37, -37.60, 11.36, 38.63
0.38, -0.70, -0.39, -37.53, 14.35, 40.51
0.34, -0.80, -0.47, -28.40, 5.13, 31.42
0.21, -0.91, -0.54, -22.22, -21.01, 15.58
0.00, -0.99, -0.61, -15.13, -20.72, 3.14
-0.04, -0.97, -0.70, -2.02, -6.10, -14.57
0.02, -0.95, -0.64, 3.01, -16.97, -29.15
0.10, -0.93, -0.59, 11.63, -14.42, -31.78
0.27, -0.85, -0.59, 14.55, -11.38, -36.44
0.33, -0.80, -0.48, 10.50, 6.82, -33.50
0.38, -0.74, -0.39, 1.47, 16.38, -30.02
0.46, -0.68, -0.33, -9.34, 20.28, -15.74
0.58, -0.62, -0.25, -23.14, 12.09, -2.18
0.69, -0.56, -0.23, -29.00, -0.48, 11.71
0.72, -0.59, -0.30, -33.05, -3.88, 24.53
0.60, -0.61, -0.37, -38.36, 9.91, 33.76
0.43, -0.65, -0.40, -41.66, 22.82, 38.73
0.39, -0.69, -0.44, -36.81, 24.24, 39.42
0.36, -0.80, -0.51, -26.82, 13.54, 29.55
0.17, -0.93, -0.57, -21.49, -10.74, 16.94
-0.01, -0.95, -0.64, -6.77, -0.05, 0.84
-0.04, -0.96, -0.71, -1.10, -5.81, -17.55
-0.02, -0.97, -0.61, 5.99, -7.61, -26.64
0.16, -0.90, -0.58, 14.24, -9.04, -31.44
0.31, -0.84, -0.54, 14.87, -3.96, -33.21
0.33, -0.80, -0.44, 6.88, 13.11, -30.62
0.36, -0.73, -0.36, -3.11, 22.67, -24.44
0.45, -0.66, -0.30, -14.37, 22.68, -13.62
0.57, -0.63, -0.24, -25.20, 9.16, 1.04
0.68, -0.61, -0.24, -29.47, -1.03, 13.56
0.69, -0.60, -0.32, -34.54, -1.52, 24.56
0.57, -0.62, -0.37, -39.35, 10.81, 33.31
0.44, -0.64, -0.40, -40.88, 18.36, 37.54
0.38, -0.69, -0.45, -36.09, 18.80, 38.72
0.31, -0.77, -0.53, -25.31, 8.83, 27.44
0.12, -0.87, -0.58, -16.84, -7.76, 7.73
-0.07, -0.95, -0.62, -8.68, -9.60, -2.64
-0.05, -0.92, -0.67, 0.07, -8.11, -16.82
0.12, -0.90, -0.59, 5.92, -13.66, -25.95
0.26, -0.90, -0.54, 9.02, -9.00, -28.68
0.35, -0.86, -0.51, 6.38, 2.17, -29.81
0.36, -0.80, -0.46, 2.64, 19.86, -25.63
0.40, -0.75, -0.42, -7.27, 32.05, -22.93
0.46, -0.70, -0.36, -18.32, 24.36, -9.79
0.62, -0.67, -0.28, -25.81, 11.57, 6.60
0.75, -0.65, -0.29, -27.61, -0.83, 17.33
0.67, -0.64, -0.33, -35.87, 3.64, 26.54
0.49, -0.66, -0.37, -42.34, 19.95, 33.11
0.39, -0.70, -0.37, -43.05, 22.16, 35.09
0.35, -0.74, -0.44, -35.70, 9.80, 27.04
0.21, -0.82, -0.53, -26.07, -14.48, 11.42
-0.01, -0.90, -0.60, -16.67, -22.13, -1.61
-0.08, -0.91, -0.70, -0.09, -18.66, -18.37
-0.00, -0.94, -0.67, 6.60, -22.56, -28.36
0.17, -0.91, -0.62, 16.43, -16.93, -33.78
0.30, -0.85, -0.61, 21.77, -9.22, -39.76
0.29, -0.79, -0.57, 21.03, 11.62, -39.92
0.32, -0.73, -0.51, 11.39, 32.55, -33.84
0.42, -0.68, -0.40, -4.22, 33.37, -18.86
0.60, -0.63, -0.25, -16.98, 19.24, -0.27
0.80, -0.59, -0.22, -24.45, 6.13, 11.87
0.76, -0.58, -0.27, -31.58, -1.27, 20.56
0.57, -0.60, -0.33, -37.24, 19.67, 28.71
0.42, -0.65, -0.40, -41.26, 26.99, 34.32
0.37, -0.70, -0.44, -36.82, 25.29, 37.09
0.34, -0.78, -0.49, -28.67, -2.60, 28.86
0.20, -0.85, -0.54, -15.21, -18.20, 13.89
0.02, -0.92, -0.60, -5.69, -24.22, -4.46
-0.09, -0.96, -0.61, -2.71, -16.07, -19.37
-0.01, -0.93, -0.55, 4.63, -17.55, -28.96
0.20, -0.86, -0.54, 11.09, -22.70, -33.61
0.33, -0.82, -0.51, 10.10, -20.85, -32.67
0.36, -0.78, -0.45, 4.17, -7.57, -29.11
0.42, -0.71, -0.41, -3.54, -2.21, -22.26
0.48, -0.64, -0.37, -13.50, -4.89, -10.58
0.56, -0.62, -0.32, -23.89, -10.64, 2.31
0.61, -0.59, -0.31, -28.59, -19.53, 11.13
0.58, -0.58, -0.36, -33.50, -15.02, 19.74
0.52, -0.60, -0.39, -36.15, 0.89, 29.96
0.47, -0.64, -0.42, -37.64, 8.68, 35.85
0.44, -0.69, -0.47, -32.09, 12.29, 39.07
0.37, -0.75, -0.52, -26.07, 12.77, 30.96
0.19, -0.86, -0.59, -18.37, 9.51, 18.89
0.03, -0.96, -0.63, -12.39, -1.41, 3.45
0.01, -1.02, -0.66, -2.16, 0.72, -8.56
0.08, -1.03, -0.64, -0.08, -11.59, -23.32
0.17, -0.98, -0.59, 9.48, -9.46, -28.78
0.28, -0.91, -0.56, 9.92, -4.64, -36.36
0.30, -0.86, -0.51, 5.65, 8.89, -35.52
0.34, -0.78, -0.45, -1.30, 20.52, -31.18
0.44, -0.68, -0.38, -11.78, 20.14, -20.24
0.52, -0.60, -0.30, -20.30, 11.77, -7.02
0.59, -0.53, -0.26, -27.68, 5.29, 5.48
0.61, -0.51, -0.29, -29.67, -6.28, 14.44
0.53, -0.53, -0.36, -36.15, 1.60, 27.55
0.45, -0.57, -0.40, -37.86, 10.87, 36.39
0.40, -0.63, -0.43, -33.02, 12.98, 39.12
0.34, -0.75, -0.51, -24.31, 1.88, 33.90
0.21, -0.83, -0.58, -15.81, -6.87, 23.04
0.06, -0.92, -0.65, -8.92, -8.43, 5.62
-0.02, -0.96, -0.67, 1.42, -2.53, -9.16
0.02, -0.97, -0.63, 6.49, -7.06, -21.35
0.16, -0.95, -0.60, 14.00, -2.97, -25.59
0.29, -0.90, -0.57, 14.15, -1.12, -31.17
0.31, -0.84, -0.50, 8.61, 10.62, -30.80
0.36, -0.77, -0.41, -0.56, 14.87, -26.33
0.45, -0.70, -0.35, -10.39, 12.09, -14.93
0.54, -0.62, -0.31, -17.04, 1.06, -2.91
0.58, -0.56, -0.29, -20.18, -9.59, 8.14
0.55, -0.55, -0.32, -21.86, -17.34, 14.71
0.46, -0.58, -0.40, -24.69, -8.31, 22.63
0.39, -0.62, -0.45, -26.09, 7.85, 29.38
0.39, -0.67, -0.45, -26.95, 12.59, 32.81
0.40, -0.74, -0.47, -24.98, 17.86, 33.07
0.38, -0.81, -0.49, -24.40, 22.47, 29.02
0.29, -0.88, -0.53, -22.69, 15.12, 22.49
0.16, -0.93, -0.58, -17.45, 9.05, 11.19
0.10, -0.98, -0.62, -9.45, 1.34, -2.93
0.09, -1.00, -0.64, -1.89, -7.68, -16.27
0.09, -0.97, -0.62, 3.15, -10.27, -24.66
0.17, -0.90, -0.60, 9.55, -0.84, -31.60
0.23, -0.82, -0.53, 6.53, 8.21, -34.45
0.27, -0.76, -0.44, 0.57, 25.42, -29.32
0.37, -0.68, -0.36, -6.92, 26.05, -22.88
0.46, -0.60, -0.29, -17.11, 16.42, -9.91
0.56, -0.56, -0.25, -24.91, 3.05, 3.75
0.63, -0.55, -0.27, -27.96, -9.64, 17.29
0.61, -0.57, -0.32, -33.29, -6.85, 26.35
0.52, -0.62, -0.37, -36.60, 9.22, 34.00
0.44, -0.67, -0.41, -36.75, 19.82, 37.29
0.37, -0.74, -0.48, -32.19, 19.51, 34.94
0.27, -0.83, -0.57, -25.42, 5.16, 24.19
0.10, -0.92, -0.62, -18.16, -4.19, 14.05
0.05, -0.97, -0.66, -5.62, -4.24, -4.14
0.04, -0.99, -0.67, 1.09, -14.48, -18.56
0.04, -0.94, -0.63, 7.57, -14.29, -26.04
0.18, -0.90, -0.62, 14.66, -8.39, -32.84
0.26, -0.85, -0.56, 12.80, -3.09, -36.88
0.27, -0.80, -0.48, 5.70, 12.93, -34.95
0.33, -0.69, -0.43, -2.84, 15.93, -29.40
0.43, -0.64, -0.37, -12.13, 14.70, -19.14
0.53, -0.58, -0.31, -22.77, 7.73, -4.42
0.63, -0.54, -0.28, -27.06, -1.76, 8.52
0.63, -0.53, -0.33, -28.07, -11.90, 16.40
0.51, -0.57, -0.40, -29.90, -0.12, 27.62
0.42, -0.63, -0.44, -29.89, 9.01, 31.48
0.35, -0.71, -0.44, -28.21, 10.62, 34.69
0.32, -0.79, -0.48, -22.55, 3.53, 30.97
0.24, -0.85, -0.53, -16.43, -4.89, 18.77
0.10, -0.92, -0.57, -10.61, -3.67, 3.73
0.01, -0.97, -0.59, -7.19, -1.89, -11.11
0.04, -0.97, -0.59, -3.37, -2.53, -20.55
0.18, -0.92, -0.58, 5.39, -5.45, -25.18
0.29, -0.86, -0.57, 5.94, -8.66, -28.40
0.29, -0.81, -0.50, 1.70, 5.80, -26.65
0.33, -0.74, -0.43, -5.39, 12.55, -24.12
0.41, -0.63, -0.35, -10.68, 11.13, -13.77
0.49, -0.60, -0.33, -16.01, 1.42, -3.56
0.52, -0.58, -0.34, -19.39, -5.91, 5.77
0.51, -0.59, -0.37, -19.78, -6.01, 12.45
0.45, -0.64, -0.43, -20.55, 4.69, 19.18
0.38, -0.67, -0.48, -20.49, 16.91, 21.78
0.37, -0.72, -0.49, -19.35, 25.01, 24.38
0.39, -0.78, -0.50, -19.49, 25.90, 24.59
0.38, -0.86, -0.52, -18.53, 19.33, 21.22
0.34, -0.91, -0.53, -16.84, 6.82, 16.71
0.30, -0.96, -0.57, -12.70, -5.70, 8.79
0.24, -0.97, -0.59, -9.05, -5.06, -2.79
0.18, -0.96, -0.59, -5.28, 3.57, -14.45
0.12, -0.92, -0.57, -1.62, 8.00, -24.53
0.13, -0.85, -0.57, 0.29, 13.46, -29.22
0.20, -0.79, -0.53, 0.50, 13.65, -32.22
0.26, -0.73, -0.43, -4.21, 10.66, -30.34
0.31, -0.66, -0.35, -9.46, 8.49, -24.15
0.39, -0.59, -0.30, -17.85, 1.28, -17.12
0.47, -0.55, -0.28, -23.44, -5.94, -4.66
0.52, -0.55, -0.32, -24.52, -9.09, 3.83
0.53, -0.58, -0.40, -23.36, -4.66, 13.18
0.47, -0.64, -0.48, -22.05, 12.79, 19.19
0.42, -0.69, -0.53, -20.09, 32.17, 23.69
0.41, -0.75, -0.53, -17.47, 37.88, 25.16
0.40, -0.82, -0.53, -15.85, 29.15, 23.12
0.38, -0.91, -0.52, -13.66, 13.71, 20.87
0.36, -0.98, -0.51, -11.47, -3.38, 15.02
0.29, -0.98, -0.52, -6.88, -9.63, 5.94
0.18, -0.94, -0.54, -2.89, -1.43, -10.24
0.09, -0.92, -0.54, -0.23, 3.24, -24.52
0.07, -0.87, -0.54, 1.72, 6.78, -32.99
0.15, -0.81, -0.50, 0.49, 6.93, -36.03
0.24, -0.76, -0.41, -5.04, 5.64, -33.33
0.34, -0.69, -0.32, -11.11, 2.37, -26.19
0.45, -0.60, -0.28, -15.04, -10.38, -18.25
0.52, -0.56, -0.30, -19.34, -11.17, -6.66
0.53, -0.55, -0.34, -24.12, -6.71, 2.55
0.51, -0.58, -0.38, -23.45, 5.52, 12.37
0.47, -0.63, -0.47, -23.48, 22.24, 19.18
0.45, -0.68, -0.53, -21.70, 40.45, 24.29
0.42, -0.74, -0.53, -21.02, 40.00, 24.05
0.38, -0.80, -0.52, -20.67, 18.41, 25.56
0.37, -0.87, -0.53, -17.70, -8.13, 24.43
0.36, -0.90, -0.54, -14.08, -25.96, 19.46
0.29, -0.91, -0.54, -8.67, -22.11, 9.13
0.19, -0.92, -0.55, -4.51, -12.61, -7.41
0.05, -0.91, -0.53, -4.26, 0.23, -22.68
0.03, -0.88, -0.54, -2.68, 9.45, -30.71
0.16, -0.83, -0.53, -0.43, 9.94, -33.25
0.31, -0.79, -0.47, -4.42, 5.89, -30.13
0.40, -0.73, -0.37, -7.52, -0.27, -25.89
0.47, -0.67, -0.33, -8.29, -9.56, -21.27
0.50, -0.63, -0.37, -13.10, -6.94, -11.63
0.48, -0.63, -0.38, -23.53, 3.30, -4.65
0.46, -0.60, -0.34, -29.50, 7.31, 6.23
0.55, -0.59, -0.36, -28.68, 8.87, 15.90
0.61, -0.61, -0.43, -26.66, 12.96, 26.24
0.54, -0.67, -0.47, -26.08, 24.03, 28.29
0.40, -0.73, -0.49, -26.31, 27.54, 28.81
0.33, -0.80, -0.49, -27.06, 7.73, 30.82
0.37, -0.87, -0.51, -25.97, -11.80, 30.28
0.40, -0.91, -0.54, -18.52, -27.68, 26.06
0.30, -0.92, -0.56, -6.31, -15.81, 7.96
0.07, -0.95, -0.58, -1.45, -6.29, -14.52
-0.12, -0.96, -0.59, -0.83, 4.67, -31.27
-0.04, -0.89, -0.61, 5.25, 14.22, -37.21
0.20, -0.81, -0.55, 8.18, 4.90, -40.51
0.35, -0.77, -0.47, 4.80, 1.80, -37.11
0.40, -0.67, -0.39, -3.77, 11.67, -28.51
0.47, -0.59, -0.30, -11.11, 11.95, -19.55
0.57, -0.55, -0.28, -18.20, 7.25, -2.06
0.65, -0.55, -0.33, -22.89, 6.32, 12.15
0.65, -0.57, -0.39, -22.34, 9.85, 23.10
0.57, -0.60, -0.44, -24.06, 22.12, 29.73
0.47, -0.65, -0.49, -26.02, 31.22, 34.18
0.39, -0.72, -0.49, -25.24, 18.68, 32.83
0.37, -0.83, -0.47, -26.80, 1.81, 35.67
0.41, -0.91, -0.52, -20.46, -14.06, 32.28
0.33, -0.92, -0.56, -11.02, -10.83, 16.56
0.11, -0.95, -0.57, -3.97, -5.56, -9.51
-0.12, -0.99, -0.60, -3.63, 4.92, -26.34
-0.11, -0.93, -0.61, 3.51, 6.93, -38.90
0.15, -0.87, -0.59, 9.10, 0.01, -41.62
0.33, -0.82, -0.48, 7.09, -8.15, -43.15
0.37, -0.75, -0.39, 0.58, 2.02, -40.49
0.42, -0.63, -0.32, -10.10, 18.28, -30.57
0.52, -0.57, -0.26, -20.65, 18.59, -16.25
0.65, -0.55, -0.27, -30.47, 12.65, 1.80
0.71, -0.56, -0.31, -31.75, 6.26, 17.21
0.70, -0.57, -0.41, -34.43, 13.60, 28.93
0.58, -0.58, -0.46, -35.94, 27.52, 38.38
0.48, -0.63, -0.48, -35.35, 31.15, 42.70
0.44, -0.72, -0.50, -33.10, 23.22, 46.79
0.42, -0.82, -0.54, -27.27, -3.71, 45.23
0.34, -0.89, -0.54, -15.57, -20.57, 31.46
0.16, -0.96, -0.57, -7.13, -23.64, 13.13
-0.06, -0.99, -0.66, -2.19, -5.96, -9.77
-0.16, -0.95, -0.64, 0.88, 0.94, -29.92
-0.05, -0.91, -0.58, 6.68, 3.68, -36.68
0.23, -0.89, -0.55, 7.39, -10.96, -40.01
0.37, -0.83, -0.48, 7.36, -16.10, -38.23
0.44, -0.74, -0.45, 6.07, -9.71, -37.22
0.45, -0.67, -0.43, -7.21, 9.38, -31.16
0.45, -0.62, -0.32, -20.75, 13.67, -18.24
0.57, -0.58, -0.25, -29.29, 10.24, -1.16
0.75, -0.54, -0.31, -30.79, -1.37, 14.20
0.74, -0.55, -0.39, -30.90, -8.26, 26.88
0.57, -0.60, -0.44, -34.16, 18.11, 37.65
0.43, -0.66, -0.44, -34.98, 25.08, 40.78
0.39, -0.72, -0.46, -32.10, 31.00, 46.80
0.41, -0.80, -0.51, -21.54, 17.36, 39.43
0.24, -0.87, -0.54, -14.25, -9.36, 20.80
-0.04, -0.94, -0.56, -7.45, -8.37, 7.44
-0.08, -0.96, -0.64, 0.77, -1.84, -14.97
-0.05, -0.94, -0.62, 5.53, -13.26, -30.61
0.03, -0.90, -0.57, 11.52, -7.22, -36.23
0.25, -0.83, -0.57, 14.15, -2.40, -39.67
0.36, -0.75, -0.49, 10.29, 6.08, -39.18
0.41, -0.74, -0.39, 1.25, 11.07, -32.85
0.51, -0.68, -0.34, -7.99, 7.82, -22.44
0.60, -0.61, -0.34, -14.86, 0.73, -9.69
0.69, -0.57, -0.33, -22.22, -10.10, 3.20
0.66, -0.57, -0.34, -24.48, -11.39, 14.44
0.62, -0.58, -0.40, -28.36, 0.46, 25.79
0.51, -0.60, -0.43, -31.44, 22.64, 30.95
0.40, -0.64, -0.42, -34.39, 43.17, 34.93
0.39, -0.71, -0.43, -35.51, 45.45, 39.07
0.40, -0.79, -0.45, -35.25, 23.22, 40.57
0.38, -0.85, -0.50, -29.05, 4.69, 35.43
0.27, -0.90, -0.54, -19.26, -11.45, 23.70
0.13, -0.95, -0.58, -10.51, -8.84, 5.21
0.03, -0.96, -0.66, -4.60, -3.14, -10.73
-0.03, -0.94, -0.64, 0.70, 0.85, -25.59
0.09, -0.89, -0.62, 8.85, 1.80, -33.39
0.25, -0.84, -0.60, 12.05, -0.30, -35.35
0.32, -0.79, -0.51, 12.49, 1.17, -34.52
0.38, -0.72, -0.46, 13.01, 10.93, -29.78
0.45, -0.67, -0.45, 0.59, 20.24, -22.50
0.45, -0.63, -0.30, -13.18, 17.80, -10.35
0.55, -0.59, -0.22, -24.07, 8.71, 3.72
0.66, -0.56, -0.25, -28.55, -1.36, 13.81
0.63, -0.56, -0.31, -30.34, -3.26, 22.23
0.50, -0.62, -0.37, -35.63, 17.91, 29.68
0.40, -0.68, -0.41, -38.97, 23.71, 34.64
0.39, -0.72, -0.43, -38.30, 31.08, 41.64
0.41, -0.76, -0.46, -34.44, 18.89, 40.60
0.35, -0.80, -0.52, -23.24, 8.46, 36.03
0.24, -0.86, -0.58, -14.14, 0.84, 20.49
0.08, -0.94, -0.60, -7.92, -9.44, 1.85
-0.01, -0.96, -0.65, -1.93, -1.49, -13.89
0.06, -0.94, -0.65, 4.21, -11.30, -26.22
0.16, -0.90, -0.61, 12.44, -10.04, -31.46
0.30, -0.87, -0.59, 13.87, -13.29, -36.81
0.34, -0.84, -0.52, 14.85, -4.71, -37.58
0.36, -0.78, -0.46, 12.41, 9.79, -37.48
0.40, -0.73, -0.45, 1.71, 18.88, -34.72
0.41, -0.69, -0.36, -11.25, 17.55, -24.67
0.49, -0.65, -0.25, -19.35, 7.06, -13.33
0.64, -0.61, -0.27, -24.87, -5.80, 0.51
0.69, -0.59, -0.31, -26.98, -8.51, 8.64
0.58, -0.60, -0.36, -30.63, 2.57, 18.37
0.44, -0.65, -0.40, -36.59, 23.54, 24.52
0.39, -0.68, -0.42, -37.87, 26.56, 30.84
0.44, -0.71, -0.43, -36.57, 20.80, 37.96
0.52, -0.75, -0.44, -32.34, 8.35, 38.74
0.49, -0.84, -0.43, -25.92, 0.21, 35.60
0.33, -0.89, -0.45, -22.81, -1.97, 25.27
0.15, -0.91, -0.52, -16.82, -8.79, 9.70
0.05, -0.90, -0.59, -6.11, -12.14, -5.63
0.03, -0.91, -0.66, 4.29, -16.34, -22.43
-0.00, -0.92, -0.62, 10.64, -28.14, -32.29
0.07, -0.89, -0.59, 15.25, -24.37, -40.11
0.25, -0.82, -0.56, 14.00, -19.66, -43.14
0.33, -0.74, -0.46, 8.13, -11.61, -42.84
0.37, -0.65, -0.39, -0.39, -2.81, -35.25
0.45, -0.58, -0.37, -13.94, 7.60, -21.73
0.57, -0.53, -0.33, -21.88, 5.53, -4.55
0.67, -0.49, -0.34, -28.01, 4.49, 13.24
0.73, -0.50, -0.40, -24.47, 2.66, 24.46
0.64, -0.57, -0.46, -27.64, 19.64, 36.53
0.49, -0.68, -0.47, -32.95, 40.26, 42.63
0.40, -0.76, -0.47, -35.39, 41.57, 44.86
0.38, -0.83, -0.49, -31.24, 23.78, 42.96
0.35, -0.89, -0.54, -17.83, 3.55, 30.64
0.21, -0.98, -0.58, -8.47, -7.74, 7.22
-0.06, -1.06, -0.60, -1.83, -6.71, -11.69
-0.16, -1.05, -0.63, -0.88, -1.98, -30.24
-0.04, -0.94, -0.62, 10.78, -2.19, -40.38
0.18, -0.85, -0.58, 13.87, -5.67, -44.54
0.34, -0.79, -0.48, 10.10, 0.46, -42.69
0.39, -0.71, -0.37, -0.25, 11.04, -34.41
0.47, -0.59, -0.28, -15.49, 12.31, -22.65
0.59, -0.52, -0.23, -23.61, -2.35, -4.33
0.71, -0.49, -0.30, -25.74, -13.13, 7.64
0.68, -0.52, -0.38, -24.30, -15.13, 16.57
0.51, -0.60, -0.45, -29.13, 8.48, 22.99
0.39, -0.66, -0.51, -31.77, 37.48, 28.49
0.38, -0.70, -0.53, -28.59, 45.39, 30.69
0.40, -0.79, -0.52, -27.25, 39.69, 34.38
0.42, -0.87, -0.52, -24.32, 20.62, 31.57
0.36, -0.92, -0.54, -16.29, 0.56, 22.53
0.26, -0.96, -0.57, -8.48, -6.88, 4.71
0.12, -1.00, -0.61, -1.87, -6.17, -14.05
0.00, -0.98, -0.62, 1.20, -6.44, -30.65
0.04, -0.90, -0.62, 10.28, -3.52, -41.75
0.19, -0.84, -0.57, 14.52, -1.28, -45.04
0.31, -0.80, -0.50, 12.55, 8.10, -44.00
0.40, -0.72, -0.37, 0.90, 15.87, -33.99
0.51, -0.59, -0.22, -5.40, -2.46, -22.53
0.63, -0.52, -0.21, -12.77, -8.42, -3.79
0.70, -0.53, -0.24, -22.54, -16.88, 4.21
0.59, -0.55, -0.27, -26.95, -7.43, 15.09
0.48, -0.60, -0.37, -33.04, 12.38, 20.08
0.42, -0.64, -0.46, -32.39, 25.20, 27.14
0.43, -0.67, -0.52, -29.33, 34.55, 30.84
0.46, -0.73, -0.55, -24.60, 30.82, 31.63
0.39, -0.82, -0.54, -20.56, 11.10, 28.63
0.30, -0.88, -0.58, -9.97, -1.35, 22.71
0.24, -0.93, -0.62, -1.35, -7.15, 6.20
0.11, -0.99, -0.61, 0.64, -6.05, -12.69
-0.01, -0.97, -0.58, 3.79, -5.25, -27.43
0.07, -0.88, -0.59, 9.99, -1.32, -37.46
0.26, -0.84, -0.55, 11.06, -3.38, -40.93
0.38, -0.81, -0.47, 6.81, 4.43, -37.40
0.45, -0.72, -0.40, -0.92, 6.18, -28.86
0.56, -0.62, -0.32, -8.42, 3.98, -14.12
0.65, -0.56, -0.29, -16.36, 0.71, 3.81
0.69, -0.54, -0.29, -15.23, -7.46, 10.01
0.62, -0.57, -0.33, -20.96, -0.53, 21.12
0.44, -0.64, -0.38, -27.39, 20.78, 23.37
0.36, -0.66, -0.43, -27.41, 32.98, 25.99
0.34, -0.68, -0.48, -26.88, 39.53, 26.24
0.35, -0.73, -0.49, -26.74, 32.66, 24.01
0.35, -0.79, -0.52, -22.62, 29.92, 20.02
0.33, -0.83, -0.54, -17.81, 17.15, 12.44
0.26, -0.90, -0.55, -12.58, 7.96, 5.59
0.22, -0.95, -0.57, -9.35, 7.53, -2.78
0.21, -0.95, -0.56, -2.81, 2.14, -13.97
0.22, -0.92, -0.54, 4.12, 0.78, -22.64
0.29, -0.89, -0.54, 6.49, 2.77, -27.69
0.32, -0.86, -0.52, 6.10, 8.52, -32.81
0.32, -0.78, -0.46, 1.87, 13.65, -30.64
0.40, -0.69, -0.35, -7.62, 14.66, -18.85
0.56, -0.62, -0.22, -14.35, -1.13, -7.00
0.67, -0.56, -0.19, -15.37, -9.56, 5.60
0.66, -0.52, -0.24, -16.78, -11.29, 10.55
0.51, -0.55, -0.31, -20.00, 2.26, 18.56
0.39, -0.64, -0.37, -25.97, 22.59, 25.65
0.41, -0.72, -0.41, -25.76, 27.64, 28.57
0.46, -0.71, -0.45, -21.12, 21.36, 31.05
0.46, -0.78, -0.49, -18.21, 12.73, 28.09
0.38, -0.86, -0.51, -12.10, 0.77, 20.31
0.29, -0.95, -0.54, -6.88, 1.83, 10.85
0.22, -1.03, -0.57, -2.97, -0.27, -3.77
0.15, -1.02, -0.57, 0.61, 2.77, -16.34
0.19, -0.94, -0.56, 3.63, 3.58, -23.65
0.30, -0.86, -0.49, 4.63, 1.33, -27.28
0.38, -0.80, -0.42, 2.02, -6.86, -26.36
0.41, -0.72, -0.37, -2.17, -7.89, -19.59
0.46, -0.66, -0.35, -7.11, -6.77, -11.22
0.51, -0.60, -0.29, -13.08, -9.23, -2.22
0.51, -0.55, -0.28, -18.03, -7.82, 7.50
0.49, -0.53, -0.32, -15.68, -8.13, 11.43
0.44, -0.60, -0.36, -20.49, 5.35, 22.26
0.46, -0.70, -0.39, -23.78, 18.55, 25.47
0.48, -0.74, -0.44, -21.47, 22.32, 29.00
0.45, -0.79, -0.49, -17.01, 20.21, 25.56
0.37, -0.86, -0.51, -14.60, 18.05, 17.42
0.26, -0.96, -0.53, -8.14, 11.05, 5.40
0.19, -1.02, -0.55, -6.68, 2.37, -6.27
0.20, -1.02, -0.52, -1.58, 2.80, -16.85
0.27, -0.95, -0.48, -0.08, -3.57, -25.35
0.32, -0.86, -0.42, -2.47, -3.46, -26.05
0.38, -0.78, -0.36, -8.02, -1.13, -20.80
0.43, -0.69, -0.31, -13.65, -3.39, -14.51
0.47, -0.62, -0.29, -19.36, -1.27, -6.60
0.52, -0.57, -0.30, -19.73, -4.28, 0.84
0.51, -0.58, -0.38, -17.93, -5.32, 5.66
0.44, -0.65, -0.42, -22.85, 12.65, 12.95
0.43, -0.70, -0.43, -22.63, 22.64, 18.31
0.48, -0.71, -0.44, -20.72, 26.86, 23.76
0.50, -0.77, -0.45, -19.90, 24.49, 24.07
0.45, -0.86, -0.46, -19.37, 17.66, 18.44
0.35, -0.92, -0.48, -15.40, 6.95, 10.45
0.25, -0.95, -0.56, -7.91, -0.07, -2.71
0.15, -0.96, -0.57, -3.96, -0.35, -13.82
0.14, -0.93, -0.56, 1.09, -2.36, -23.72
0.23, -0.86, -0.51, 2.96, -4.78, -27.24
0.35, -0.80, -0.38, -1.63, -5.88, -23.11
0.44, -0.72, -0.31, -9.09, -1.80, -18.89
0.51, -0.60, -0.24, -15.69, -2.26, -6.80
0.57, -0.55, -0.26, -17.76, -4.18, 1.84
0.55, -0.57, -0.34, -19.61, -11.16, 7.69
0.46, -0.66, -0.39, -27.64, 7.09, 14.37
0.45, -0.70, -0.41, -25.97, 11.97, 18.40
0.49, -0.69, -0.45, -23.35, 17.14, 22.91
0.50, -0.75, -0.47, -21.77, 19.85, 24.44
0.45, -0.85, -0.46, -23.76, 25.89, 20.76
0.36, -0.90, -0.47, -20.29, 19.01, 14.79
0.27, -0.94, -0.49, -17.61, 9.49, 4.60
0.19, -0.94, -0.54, -8.77, 0.72, -5.69
0.20, -0.92, -0.55, -4.04, -3.89, -16.28
0.19, -0.89, -0.53, 2.21, -4.18, -24.10
0.20, -0.84, -0.49, 4.40, -5.92, -31.19
0.25, -0.78, -0.43, -0.41, -1.89, -27.52
0.38, -0.71, -0.34, -5.96, -3.15, -16.10
0.56, -0.62, -0.26, -14.04, -1.83, -0.90
0.66, -0.55, -0.22, -17.34, -8.19, 6.98
0.61, -0.54, -0.27, -20.15, -10.90, 13.12
0.50, -0.61, -0.37, -28.12, 8.80, 20.84
0.45, -0.68, -0.39, -31.58, 16.85, 25.08
0.47, -0.69, -0.44, -28.41, 19.13, 28.84
0.47, -0.75, -0.47, -28.60, 22.59, 29.06
0.40, -0.84, -0.47, -26.47, 10.09, 20.26
0.30, -0.94, -0.50, -20.65, 6.64, 14.51
0.24, -0.99, -0.59, -14.56, -5.14, 0.06
0.12, -0.99, -0.62, -5.17, -2.76, -12.23
0.10, -0.95, -0.60, 0.84, -1.96, -24.02
0.19, -0.91, -0.57, 7.24, -1.38, -31.63
0.27, -0.85, -0.52, 2.67, 6.87, -30.54
0.36, -0.79, -0.39, -6.48, 10.81, -26.22
0.49, -0.67, -0.29, -10.12, 2.28, -10.33
0.63, -0.58, -0.29, -12.77, 4.55, 6.84
0.69, -0.55, -0.25, -13.65, -2.55, 11.33
0.56, -0.58, -0.29, -21.72, 2.87, 22.79
0.46, -0.63, -0.35, -28.45, 15.44, 28.19
0.44, -0.64, -0.37, -27.90, 18.36, 31.01
0.43, -0.67, -0.41, -25.78, 10.55, 31.53
0.41, -0.76, -0.43, -23.95, 6.59, 28.63
0.33, -0.86, -0.46, -21.95, -11.02, 20.68
0.21, -0.91, -0.51, -17.48, -9.22, 11.82
0.18, -0.94, -0.53, -11.10, -10.28, -0.52
0.18, -0.94, -0.56, -7.13, -3.53, -7.97
0.20, -0.87, -0.55, -4.99, 4.11, -10.74
0.32, -0.79, -0.47, -3.75, 8.36, -8.52
0.45, -0.75, -0.41, -7.30, 6.79, -3.14
0.47, -0.73, -0.37, -13.39, 7.33, 1.06
0.47, -0.71, -0.34, -18.00, 4.90, 4.17
0.44, -0.71, -0.36, -22.24, 4.11, 5.80
0.39, -0.72, -0.40, -25.83, 5.15, 7.26
0.36, -0.72, -0.44, -26.26, 5.61, 10.24
0.36, -0.70, -0.47, -24.54, 5.80, 13.19
0.37, -0.67, -0.48, -21.92, 8.81, 12.95
0.34, -0.68, -0.45, -20.88, 9.02, 12.90
0.32, -0.72, -0.45, -21.31, 10.96, 15.27
0.31, -0.76, -0.45, -20.77, 8.20, 14.81
0.30, -0.79, -0.44, -21.41, 2.32, 14.39
0.30, -0.82, -0.44, -21.70, -0.04, 13.97
0.29, -0.82, -0.46, -19.90, 3.05, 11.55
0.30, -0.81, -0.49, -16.68, 4.80, 7.84
0.28, -0.84, -0.51, -16.36, 1.77, 3.53
0.27, -0.86, -0.51, -14.74, 3.36, 2.12
0.32, -0.84, -0.52, -11.47, 2.89, -1.61
0.34, -0.81, -0.50, -9.47, 4.33, -3.83
0.35, -0.81, -0.47, -10.51, 6.84, -3.88
0.36, -0.80, -0.44, -11.99, 7.77, -2.57
0.37, -0.78, -0.42, -15.51, 11.34, -1.57
0.38, -0.77, -0.40, -18.69, 13.64, 0.18
0.39, -0.76, -0.40, -22.11, 12.99, 3.42
0.40, -0.74, -0.39, -24.10, 6.94, 7.40
0.40, -0.72, -0.40, -22.47, 3.84, 9.91
0.38, -0.72, -0.41, -21.92, -2.21, 10.08
0.33, -0.76, -0.40, -23.97, -1.38, 11.47
0.32, -0.79, -0.43, -24.47, 6.90, 11.96
0.30, -0.76, -0.45, -22.30, -0.11, 7.12
0.26, -0.76, -0.45, -20.94, 1.86, 9.37
0.31, -0.77, -0.48, -18.68, -1.49, 9.72
0.35, -0.76, -0.49, -16.53, 0.62, 11.64
0.34, -0.77, -0.49, -18.44, 1.07, 8.43
0.28, -0.79, -0.45, -22.40, 1.07, 7.88
0.30, -0.79, -0.46, -22.26, 0.72, 9.45
0.36, -0.75, -0.49, -19.41, -4.34, 10.64
0.36, -0.74, -0.50, -17.41, -3.81, 9.84
0.32, -0.74, -0.51, -17.12, -2.15, 10.50
0.27, -0.77, -0.51, -16.83, -3.92, 10.86
0.27, -0.80, -0.51, -15.55, -6.65, 10.89
0.28, -0.80, -0.51, -15.32, -6.46, 9.64
0.28, -0.78, -0.50, -14.91, -5.10, 6.76
0.27, -0.77, -0.49, -16.22, -0.71, 6.13
0.28, -0.77, -0.47, -17.45, 0.66, 4.86
0.29, -0.76, -0.47, -17.35, -2.95, 5.08
0.29, -0.75, -0.48, -17.20, -6.65, 5.94
0.28, -0.75, -0.48, -17.71, -10.71, 7.00
0.28, -0.76, -0.47, -18.86, -15.57, 8.11
0.29, -0.75, -0.47, -19.96, -19.43, 9.47
0.29, -0.74, -0.47, -21.14, -21.33, 12.63
0.31, -0.73, -0.47, -22.42, -24.71, 16.47
0.32, -0.72, -0.47, -20.93, -31.25, 17.83
0.30, -0.69, -0.49, -19.63, -31.62, 20.17
0.27, -0.69, -0.50, -17.34, -29.50, 21.74
0.24, -0.71, -0.50, -17.34, -24.52, 23.56
0.21, -0.71, -0.50, -17.34, -21.23, 24.77
0.19, -0.71, -0.49, -17.71, -22.15, 24.45
0.18, -0.72, -0.48, -18.03, -26.01, 24.03
0.19, -0.73, -0.49, -17.63, -34.12, 24.91
0.19, -0.75, -0.50, -17.73, -39.42, 26.42
0.17, -0.76, -0.51, -17.21, -39.34, 25.38
0.14, -0.76, -0.52, -17.21, -35.99, 24.42
0.13, -0.76, -0.51, -18.49, -30.59, 25.76
0.12, -0.78, -0.50, -18.79, -25.49, 24.74
0.13, -0.79, -0.51, -19.50, -22.55, 24.82
0.15, -0.80, -0.51, -19.13, -22.72, 23.33
0.15, -0.81, -0.52, -18.87, -22.45, 21.76
0.14, -0.81, -0.53, -18.96, -16.76, 20.66
0.13, -0.81, -0.54, -18.80, -10.84, 20.00
0.12, -0.80, -0.55, -18.53, -5.57, 18.69
0.11, -0.80, -0.55, -19.10, -4.06, 17.81
0.12, -0.82, -0.54, -19.17, -4.19, 17.09
0.13, -0.83, -0.54, -20.14, -6.75, 17.08
0.12, -0.82, -0.53, -19.36, -10.52, 14.94
0.11, -0.81, -0.53, -19.23, -13.64, 13.78
0.09, -0.80, -0.53, -18.75, -14.53, 13.51
0.07, -0.79, -0.54, -18.62, -13.64, 13.17
0.06, -0.79, -0.55, -18.01, -13.79, 11.27
0.05, -0.78, -0.55, -17.37, -13.32, 11.37
0.05, -0.78, -0.55, -16.67, -14.05, 11.69
0.04, -0.77, -0.55, -16.51, -14.36, 10.76
0.03, -0.77, -0.54, -16.81, -10.70, 9.75
0.02, -0.76, -0.54, -16.92, -8.20, 9.25
0.01, -0.76, -0.54, -17.48, -5.12, 7.91
0.01, -0.76, -0.54, -18.41, -5.02, 7.28
0.01, -0.76, -0.55, -17.10, -6.07, 7.13
0.01, -0.75, -0.56, -17.16, -5.34, 7.18
0.01, -0.75, -0.56, -14.69, -3.44, 6.49
0.01, -0.76, -0.56, -14.82, -1.11, 4.46
0.01, -0.77, -0.56, -13.69, 0.46, 4.04
0.02, -0.77, -0.55, -13.87, -0.89, 4.93
0.03, -0.77, -0.55, -13.97, -1.43, 5.83
0.04, -0.77, -0.56, -13.07, -2.75, 5.23
0.04, -0.77, -0.55, -13.95, -2.83, 5.22
0.03, -0.78, -0.55, -14.68, -2.90, 4.12
0.03, -0.77, -0.54, -15.60, -2.88, 4.05
0.04, -0.76, -0.53, -17.64, -3.80, 4.62
0.04, -0.77, -0.53, -17.65, -4.00, 4.69
0.03, -0.76, -0.53, -18.35, -2.15, 4.70
0.02, -0.76, -0.53, -20.95, -1.07, 5.34
0.01, -0.78, -0.53, -22.67, 0.45, 5.51
0.00, -0.77, -0.53, -23.05, -1.44, 5.10
0.00, -0.75, -0.54, -22.01, -2.15, 5.22
0.01, -0.75, -0.54, -20.87, -1.87, 4.99
0.01, -0.76, -0.55, -20.06, -3.10, 4.04
0.00, -0.75, -0.55, -19.92, -1.25, 3.35
-0.03, -0.74, -0.56, -18.89, -1.76, 2.21
-0.05, -0.73, -0.56, -17.76, 3.38, 0.92
-0.04, -0.74, -0.58, -18.23, 3.71, 1.55
-0.02, -0.74, -0.57, -15.92, 2.90, 1.37
-0.01, -0.74, -0.56, -16.72, 3.30, 0.65
-0.01, -0.73, -0.56, -15.53, 3.65, -0.11
-0.02, -0.73, -0.57, -15.19, 4.89, 0.24
-0.02, -0.73, -0.57, -15.65, 4.87, 0.88
-0.01, -0.74, -0.57, -15.09, 3.77, 1.21
0.00, -0.74, -0.56, -15.64, 2.35, 0.95
0.01, -0.74, -0.56, -17.33, 2.36, 0.52
0.01, -0.74, -0.56, -17.35, 4.05, 1.44
0.00, -0.74, -0.55, -17.17, 6.40, 1.32
0.00, -0.74, -0.56, -17.88, 7.02, 1.07
-0.00, -0.75, -0.57, -18.02, 6.95, 1.37
-0.01, -0.75, -0.57, -18.23, 5.26, 0.81
-0.00, -0.75, -0.57, -18.38, 3.21, 1.38
0.01, -0.74, -0.57, -17.47, 2.26, 0.58
0.01, -0.74, -0.56, -18.32, 1.47, -0.18
-0.00, -0.74, -0.56, -18.56, 1.96, -1.43
-0.01, -0.73, -0.57, -18.79, 3.47, -1.61
-0.02, -0.73, -0.57, -19.30, 5.31, -2.60
-0.02, -0.73, -0.57, -19.26, 10.06, -2.21
-0.02, -0.74, -0.56, -20.21, 12.36, -2.25
-0.01, -0.74, -0.56, -21.24, 12.30, -2.34
0.01, -0.73, -0.56, -21.15, 10.07, -1.70
0.02, -0.72, -0.56, -21.36, 7.38, -2.02
0.01, -0.72, -0.57, -19.92, 5.29, -0.50
0.01, -0.72, -0.57, -20.71, 5.33, -0.53
0.00, -0.72, -0.57, -20.32, 5.88, 0.57
0.00, -0.72, -0.58, -18.50, 6.74, 0.29
0.00, -0.72, -0.58, -17.61, 7.56, 1.03
0.01, -0.72, -0.58, -16.88, 6.75, 0.83
0.01, -0.72, -0.58, -16.21, 5.66, 0.70
0.01, -0.73, -0.57, -16.11, 4.14, 1.72
0.02, -0.73, -0.57, -14.65, 2.83, 2.12
0.02, -0.72, -0.57, -13.97, 1.26, 2.20
0.00, -0.72, -0.58, -12.92, 1.20, 0.63
-0.01, -0.72, -0.58, -13.06, 2.43, 0.41
-0.01, -0.73, -0.59, -12.48, 2.26, 1.01
-0.00, -0.73, -0.58, -13.81, 2.84, 0.52
0.00, -0.73, -0.58, -13.32, 4.63, -0.75
0.01, -0.73, -0.57, -13.46, 5.00, -0.06
0.01, -0.73, -0.57, -14.98, 5.30, 0.19
0.00, -0.73, -0.58, -15.23, 5.65, 0.10
-0.00, -0.73, -0.58, -14.96, 4.76, -0.04
0.00, -0.73, -0.58, -14.56, 2.33, 0.64
0.01, -0.73, -0.59, -14.89, 0.04, 0.35
0.01, -0.73, -0.59, -15.77, 0.72, 1.29
-0.01, -0.72, -0.59, -14.78, 2.65, 0.03
-0.02, -0.72, -0.59, -14.92, 4.61, -0.78
-0.02, -0.72, -0.60, -14.76, 5.36, -1.16
-0.01, -0.72, -0.61, -13.58, 5.22, -1.32
-0.00, -0.72, -0.61, -12.90, 4.51, -1.04
0.00, -0.72, -0.60, -11.84, 3.82, -1.43
0.00, -0.72, -0.59, -11.55, 4.93, -2.69
-0.00, -0.72, -0.59, -10.97, 5.50, -2.75
-0.01, -0.72, -0.60, -10.92, 5.44, -2.96
-0.00, -0.72, -0.60, -10.70, 4.42, -3.07
0.00, -0.72, -0.61, -10.05, 4.95, -2.17
0.01, -0.72, -0.60, -10.55, 5.70, -1.39
0.01, -0.72, -0.58, -10.78, 7.59, -1.93
0.01, -0.73, -0.57, -11.36, 6.74, -2.79
0.01, -0.72, -0.57, -11.95, 5.86, -1.60
0.02, -0.72, -0.57, -13.09, 4.66, -2.27
0.02, -0.72, -0.58, -12.50, 3.77, -1.69
0.01, -0.72, -0.58, -12.88, 3.23, -0.66
0.01, -0.72, -0.58, -13.31, 3.27, -0.41
0.02, -0.72, -0.58, -13.29, 4.06, -1.33
0.02, -0.73, -0.57, -14.15, 5.18, -1.14
0.01, -0.73, -0.57, -14.17, 5.23, -0.31
0.01, -0.73, -0.57, -14.20, 5.53, -0.61
0.02, -0.72, -0.58, -13.21, 4.14, 0.01
0.02, -0.72, -0.58, -13.40, 3.53, -0.62
0.01, -0.72, -0.58, -12.63, 3.20, -0.80
0.01, -0.72, -0.59, -13.13, 3.65, -0.76
0.01, -0.72, -0.59, -13.23, 4.32, -1.53
0.01, -0.72, -0.58, -12.98, 4.01, -0.60
0.01, -0.73, -0.58, -13.54, 4.84, -1.17
0.01, -0.72, -0.58, -13.31, 4.82, -1.73
0.02, -0.72, -0.58, -14.49, 5.21, -1.53
0.02, -0.72, -0.58, -14.18, 4.55, -0.83
0.03, -0.72, -0.59, -14.96, 4.83, -0.66
0.02, -0.71, -0.58, -15.05, 5.48, -0.12
0.02, -0.71, -0.58, -15.66, 6.85, 0.63
0.02, -0.72, -0.58, -16.60, 6.89, 2.50
0.03, -0.72, -0.57, -17.48, 5.94, 1.76
0.02, -0.72, -0.57, -18.31, 5.08, 2.58
0.02, -0.72, -0.58, -18.68, 4.82, 1.60
0.02, -0.72, -0.58, -18.40, 3.32, 1.61
0.02, -0.72, -0.59, -17.54, 2.05, 2.93
0.02, -0.72, -0.59, -18.39, 2.49, 3.14
0.01, -0.72, -0.58, -18.39, 4.52, 1.86
-0.00, -0.73, -0.58, -19.14, 7.24, -0.37
-0.01, -0.73, -0.58, -19.64, 7.50, -0.71
-0.01, -0.73, -0.59, -19.40, 6.55, -1.11
-0.01, -0.73, -0.61, -18.76, 4.93, -1.15
0.01, -0.72, -0.61, -19.21, -0.15, 0.17
0.03, -0.72, -0.62, -15.19, 3.31, -2.24
0.01, -0.73, -0.59, -18.46, 1.54, -5.64
-0.02, -0.73, -0.59, -17.84, 8.40, -6.54
-0.01, -0.72, -0.60, -18.87, 12.30, -7.05
0.00, -0.73, -0.60, -18.15, 10.54, -7.87
0.02, -0.72, -0.60, -17.00, 7.36, -7.79
0.05, -0.71, -0.60, -17.32, 4.86, -9.74
0.03, -0.71, -0.60, -17.79, 7.73, -9.91
0.02, -0.72, -0.60, -19.90, 15.25, -9.15
0.02, -0.72, -0.59, -19.13, 19.73, -10.84
0.03, -0.71, -0.60, -19.05, 18.41, -11.75
0.03, -0.71, -0.63, -17.48, 15.73, -11.56
0.04, -0.71, -0.63, -17.76, 11.97, -11.64
0.05, -0.72, -0.62, -17.99, 13.56, -11.06
0.05, -0.72, -0.60, -18.55, 13.23, -12.68
0.04, -0.72, -0.59, -18.23, 12.14, -13.61
0.05, -0.72, -0.60, -16.85, 10.11, -14.63
0.06, -0.72, -0.62, -15.05, 5.74, -14.57
0.07, -0.71, -0.63, -13.51, 0.05, -14.71
0.07, -0.71, -0.63, -9.97, -0.83, -15.55
0.05, -0.71, -0.63, -9.14, 0.55, -15.98
0.05, -0.72, -0.63, -8.93, 4.14, -15.97
0.05, -0.72, -0.62, -8.06, 7.20, -16.47
0.07, -0.71, -0.61, -7.62, 7.01, -17.03
0.08, -0.70, -0.61, -6.95, 7.65, -16.51
0.09, -0.70, -0.60, -7.00, 8.66, -17.57
0.08, -0.70, -0.60, -7.43, 8.26, -17.56
0.07, -0.71, -0.59, -8.49, 7.59, -17.99
0.08, -0.72, -0.60, -8.65, 4.19, -16.81
0.10, -0.72, -0.60, -7.47, 1.38, -15.90
0.12, -0.71, -0.60, -6.98, -0.66, -16.31
0.12, -0.70, -0.59, -6.36, -0.82, -16.67
0.10, -0.70, -0.60, -6.06, 1.55, -16.08
0.09, -0.72, -0.60, -7.02, 3.50, -15.48
0.10, -0.74, -0.59, -7.12, 2.27, -16.34
0.12, -0.74, -0.59, -7.05, 2.81, -16.00
0.13, -0.74, -0.59, -4.98, -1.31, -17.86
0.12, -0.73, -0.59, -4.22, -2.61, -18.44
0.11, -0.74, -0.60, -2.95, -4.30, -19.89
0.11, -0.75, -0.60, -1.87, -4.84, -20.92
0.12, -0.75, -0.60, 0.00, -5.74, -22.59
0.13, -0.75, -0.60, 1.01, -5.48, -23.24
0.12, -0.74, -0.60, 1.63, -1.57, -24.40
0.11, -0.74, -0.59, 0.07, 4.17, -25.40
0.11, -0.74, -0.58, 0.11, 6.63, -25.72
0.13, -0.74, -0.58, 0.26, 6.46, -26.04
0.17, -0.73, -0.57, -0.76, 0.98, -27.11
0.17, -0.72, -0.56, -1.06, 0.37, -25.82
0.16, -0.72, -0.55, -1.12, -0.54, -26.67
0.15, -0.72, -0.56, -2.63, 0.90, -26.51
0.17, -0.72, -0.57, -3.07, 1.92, -24.14
0.19, -0.72, -0.58, -2.70, 0.08, -23.11
0.21, -0.72, -0.57, -3.78, -0.11, -21.34
0.21, -0.71, -0.56, -4.35, 1.89, -21.13
0.20, -0.71, -0.55, -4.90, 4.07, -20.02
0.20, -0.72, -0.56, -5.82, 5.04, -19.29
0.20, -0.73, -0.57, -4.76, 2.78, -17.03
0.22, -0.73, -0.57, -5.22, 0.99, -14.94
0.25, -0.73, -0.57, -4.74, -2.04, -14.94
0.24, -0.72, -0.58, -5.44, -1.97, -14.23
0.21, -0.71, -0.58, -5.63, 7.27, -13.02
0.19, -0.72, -0.57, -7.11, 10.98, -15.79
0.20, -0.74, -0.57, -7.99, 10.73, -14.15
0.23, -0.75, -0.57, -8.24, 5.17, -15.25
0.25, -0.74, -0.57, -8.69, 1.50, -14.58
0.24, -0.73, -0.57, -9.72, -0.62, -15.19
0.23, -0.73, -0.56, -11.25, 0.53, -14.56
0.20, -0.74, -0.56, -12.32, 2.26, -15.50
0.21, -0.74, -0.56, -12.86, 4.99, -16.45
0.23, -0.73, -0.56, -11.98, 6.18, -16.79
0.24, -0.72, -0.55, -12.03, 4.11, -16.34
0.24, -0.72, -0.55, -12.81, 3.00, -15.79
0.24, -0.73, -0.54, -13.36, 2.60, -14.38
0.23, -0.73, -0.53, -12.77, 3.91, -13.50
0.25, -0.72, -0.54, -11.48, 3.61, -11.81
0.26, -0.70, -0.54, -11.28, 4.20, -11.47
0.25, -0.69, -0.53, -11.47, 6.66, -9.48
0.24, -0.70, -0.52, -13.17, 8.94, -9.01
0.26, -0.71, -0.52, -12.52, 3.63, -7.35
0.28, -0.71, -0.54, -12.29, -0.91, -5.62
0.28, -0.70, -0.54, -10.65, -2.91, -4.60
0.26, -0.70, -0.54, -10.94, -1.25, -3.92
0.24, -0.71, -0.53, -11.91, 3.26, -3.67
0.24, -0.73, -0.53, -12.22, 5.13, -3.68
0.24, -0.73, -0.54, -11.49, 2.70, -3.13
0.27, -0.72, -0.54, -11.26, -1.48, -0.51
0.30, -0.71, -0.53, -11.86, -2.34, 2.99
0.32, -0.70, -0.53, -13.70, 3.66, 3.48
0.31, -0.69, -0.52, -16.31, 12.00, 7.18
0.32, -0.69, -0.51, -20.40, 17.71, 10.56
0.35, -0.70, -0.51, -23.80, 20.36, 14.53
0.36, -0.70, -0.53, -26.38, 16.89, 20.10
0.36, -0.70, -0.55, -26.50, 11.05, 23.17
0.34, -0.72, -0.57, -26.27, 1.23, 24.20
0.31, -0.76, -0.58, -23.38, -9.87, 24.25
0.28, -0.79, -0.59, -20.18, -13.84, 20.78
0.20, -0.82, -0.61, -15.79, -16.65, 12.48
0.08, -0.85, -0.63, -10.55, -12.04, 2.47
-0.03, -0.89, -0.64, -7.41, -1.65, -9.89
-0.06, -0.90, -0.64, -1.53, 4.45, -23.47
-0.03, -0.84, -0.65, 7.38, 9.71, -37.02
-0.01, -0.78, -0.63, 12.11, 3.81, -46.16
0.09, -0.74, -0.56, 11.84, 3.23, -44.02
0.22, -0.69, -0.50, 10.10, 6.40, -31.70
0.45, -0.58, -0.49, 7.73, 18.09, -11.37
0.63, -0.47, -0.44, 3.94, 18.19, 6.58
0.66, -0.44, -0.36, -9.41, 16.32, 23.82
0.62, -0.49, -0.37, -16.91, 16.71, 36.03
0.50, -0.56, -0.43, -29.40, 20.77, 39.88
0.33, -0.62, -0.46, -36.41, 25.58, 41.89
0.22, -0.69, -0.50, -38.05, 15.93, 40.46
0.21, -0.78, -0.59, -33.66, -11.61, 38.81
0.20, -0.90, -0.63, -22.07, -41.40, 28.11
0.08, -0.99, -0.70, -11.69, -56.43, 6.31
-0.16, -1.03, -0.74, -5.59, -25.88, -13.68
-0.27, -1.01, -0.69, -4.70, 18.12, -36.16
-0.16, -0.94, -0.65, -0.84, 40.23, -48.68
0.05, -0.85, -0.63, 1.30, 31.55, -53.05
0.22, -0.78, -0.58, 0.00, 19.66, -45.14
0.39, -0.70, -0.51, -4.12, 16.39, -26.17
0.64, -0.57, -0.46, -7.09, 24.79, -1.33
0.77, -0.44, -0.38, -10.92, 8.77, 11.59
0.66, -0.38, -0.34, -14.53, 5.96, 23.12
0.49, -0.46, -0.38, -24.05, 12.90, 31.83
0.29, -0.59, -0.43, -32.84, 24.46, 35.61
0.17, -0.68, -0.47, -34.17, 21.24, 36.52
0.19, -0.73, -0.53, -26.73, -2.84, 33.84
0.24, -0.84, -0.61, -16.26, -31.72, 26.17
0.14, -0.96, -0.67, -7.13, -45.17, 8.45
-0.15, -1.04, -0.69, -3.22, -31.15, -15.11
-0.26, -1.03, -0.68, -3.35, 18.83, -28.14
-0.10, -0.93, -0.65, 2.23, 35.78, -44.06
0.07, -0.82, -0.62, 5.87, 31.72, -46.08
0.25, -0.75, -0.57, 3.27, 24.51, -37.12
0.41, -0.69, -0.50, -2.90, 24.81, -18.57
0.61, -0.57, -0.43, -10.97, 22.12, 3.07
0.72, -0.47, -0.37, -15.79, 12.76, 19.22
0.67, -0.43, -0.36, -22.61, -0.61, 24.84
0.48, -0.50, -0.40, -30.32, 3.14, 31.76
0.29, -0.63, -0.45, -35.22, 11.71, 34.21
0.21, -0.72, -0.52, -34.22, 15.39, 34.58
0.20, -0.80, -0.59, -26.54, -2.26, 30.30
0.17, -0.90, -0.62, -16.14, -25.33, 16.37
0.01, -1.01, -0.65, -9.04, -34.90, -4.67
-0.17, -1.05, -0.68, -10.13, -2.05, -18.53
-0.15, -0.96, -0.66, -4.88, 21.35, -35.01
0.00, -0.83, -0.62, 0.00, 23.19, -42.27
0.15, -0.76, -0.61, 0.49, 15.18, -41.84
0.24, -0.73, -0.57, -4.33, 13.44, -32.78
0.40, -0.65, -0.49, -10.95, 22.78, -14.77
0.60, -0.53, -0.42, -13.17, 22.42, 6.31
0.70, -0.43, -0.37, -17.41, 10.39, 19.07
0.63, -0.43, -0.38, -20.06, 5.92, 28.77
0.47, -0.53, -0.42, -27.61, 11.50, 34.76
0.33, -0.66, -0.44, -33.32, 17.51, 36.41
0.24, -0.73, -0.50, -31.68, 15.18, 37.57
0.25, -0.77, -0.57, -24.92, 1.87, 35.78
0.21, -0.87, -0.62, -14.26, -16.80, 21.38
0.02, -1.01, -0.64, -7.40, -35.44, 0.72
-0.16, -1.09, -0.68, -7.84, -12.24, -16.09
-0.13, -1.02, -0.67, -5.41, 15.19, -32.10
-0.01, -0.88, -0.59, -0.05, 24.45, -41.76
0.16, -0.79, -0.60, 2.43, 18.05, -43.01
0.26, -0.76, -0.58, -1.91, 14.49, -37.27
0.38, -0.69, -0.50, -9.24, 19.99, -19.79
0.55, -0.58, -0.43, -14.04, 19.93, -0.45
0.67, -0.47, -0.38, -20.19, 11.29, 13.34
0.64, -0.43, -0.37, -22.83, 2.57, 22.79
0.49, -0.49, -0.41, -27.97, 8.26, 31.65
0.32, -0.59, -0.46, -33.10, 15.78, 35.39
0.23, -0.68, -0.52, -32.61, 19.67, 38.38
0.23, -0.72, -0.57, -25.95, 4.64, 34.16
0.20, -0.83, -0.60, -14.23, -22.74, 20.68
0.03, -0.97, -0.62, -11.10, -29.55, 4.80
-0.11, -1.06, -0.67, -7.47, -13.09, -11.92
-0.13, -1.02, -0.68, -5.05, 7.76, -28.69
-0.02, -0.92, -0.65, 1.34, 18.05, -37.82
0.12, -0.83, -0.63, 7.12, 12.90, -46.48
0.20, -0.80, -0.62, 5.41, 6.94, -48.50
0.27, -0.75, -0.56, -0.58, 17.36, -35.26
0.47, -0.64, -0.46, -7.57, 25.66, -15.06
0.66, -0.50, -0.38, -13.02, 13.63, 3.07
0.72, -0.42, -0.33, -18.98, 6.26, 19.25
0.64, -0.43, -0.35, -24.23, 4.12, 30.73
0.46, -0.52, -0.39, -31.86, 12.08, 35.19
0.29, -0.64, -0.45, -36.01, 18.79, 40.23
0.24, -0.69, -0.51, -34.59, 15.97, 42.91
0.26, -0.74, -0.59, -23.83, -7.40, 36.39
0.18, -0.86, -0.63, -11.86, -37.61, 18.47
-0.07, -1.02, -0.66, -5.36, -37.29, -1.53
-0.23, -1.09, -0.71, -6.18, -7.89, -20.78
-0.19, -1.00, -0.66, -0.77, 18.12, -37.40
-0.01, -0.87, -0.62, 4.36, 24.77, -46.88
0.18, -0.80, -0.62, 7.12, 10.28, -50.17
0.27, -0.76, -0.59, 1.56, 11.59, -40.10
0.43, -0.67, -0.51, -6.10, 17.36, -20.32
0.63, -0.55, -0.42, -11.77, 21.62, 2.43
0.77, -0.44, -0.38, -18.26, 8.73, 15.28
0.71, -0.42, -0.37, -22.46, 5.30, 27.79
0.54, -0.50, -0.39, -30.41, 14.08, 36.74
0.36, -0.64, -0.44, -37.36, 21.73, 38.71
0.23, -0.73, -0.50, -38.22, 17.98, 41.23
0.21, -0.78, -0.56, -26.74, -13.01, 33.35
0.15, -0.87, -0.65, -11.07, -42.77, 14.88
-0.06, -1.01, -0.71, -4.09, -48.98, -7.94
-0.26, -1.07, -0.70, -4.37, -8.49, -23.65
-0.22, -0.94, -0.65, 0.09, 26.98, -42.69
-0.00, -0.83, -0.62, 7.15, 33.00, -49.67
0.18, -0.76, -0.60, 6.09, 21.07, -48.85
0.33, -0.74, -0.54, -2.17, 18.66, -33.74
0.53, -0.64, -0.45, -10.19, 22.25, -7.32
0.76, -0.50, -0.39, -14.15, 14.55, 11.37
0.80, -0.41, -0.35, -18.71, 2.23, 23.48
0.65, -0.43, -0.36, -24.51, 4.48, 34.31
0.45, -0.56, -0.39, -35.51, 15.54, 38.53
0.27, -0.69, -0.45, -41.74, 22.37, 42.37
0.23, -0.76, -0.51, -37.13, 3.55, 41.65
0.23, -0.81, -0.60, -20.16, -24.51, 28.45
0.08, -0.95, -0.67, -9.02, -52.08, 7.59
-0.15, -1.07, -0.72, -4.61, -38.46, -13.61
-0.29, -1.06, -0.71, -4.98, 6.04, -30.07
-0.17, -0.93, -0.65, 1.63, 34.36, -44.54
0.08, -0.80, -0.62, 7.13, 30.02, -50.46
0.25, -0.75, -0.59, 5.36, 15.82, -44.05
0.38, -0.71, -0.53, -2.60, 16.61, -27.23
0.57, -0.61, -0.44, -10.94, 22.60, -0.73
0.78, -0.47, -0.39, -16.84, 18.90, 17.06
0.80, -0.39, -0.37, -20.04, 6.48, 27.52
0.63, -0.43, -0.38, -27.29, 10.92, 37.54
0.42, -0.58, -0.42, -38.85, 19.46, 40.79
0.26, -0.70, -0.46, -44.09, 24.27, 46.16
0.24, -0.76, -0.52, -36.35, 3.68, 41.29
0.21, -0.84, -0.60, -21.22, -33.12, 24.73
0.00, -0.99, -0.67, -11.69, -45.62, 3.30
-0.22, -1.09, -0.72, -10.89, -25.23, -19.13
-0.27, -1.05, -0.71, -8.59, 18.54, -37.27
-0.11, -0.92, -0.69, -1.00, 30.58, -51.75
0.10, -0.82, -0.68, 3.99, 24.10, -58.44
0.23, -0.78, -0.65, 4.20, 17.02, -52.53
0.40, -0.71, -0.57, -1.12, 26.40, -31.46
0.63, -0.56, -0.47, -3.14, 40.09, -5.56
0.79, -0.40, -0.40, -6.91, 27.49, 10.57
0.77, -0.36, -0.34, -14.22, 28.59, 29.25
0.64, -0.44, -0.33, -23.55, 23.48, 38.45
0.43, -0.56, -0.35, -32.88, 27.15, 43.56
0.23, -0.66, -0.40, -35.55, 25.28, 44.12
0.19, -0.72, -0.46, -32.84, 3.57, 40.32
0.18, -0.82, -0.55, -17.27, -34.90, 25.58
0.06, -0.94, -0.69, -6.35, -54.12, 4.72
-0.16, -1.06, -0.70, -4.25, -34.51, -14.75
-0.28, -1.06, -0.66, -4.03, 16.38, -33.40
-0.14, -0.91, -0.63, 3.17, 35.10, -47.28
0.11, -0.78, -0.62, 7.59, 31.85, -49.18
0.33, -0.76, -0.57, 3.87, 19.04, -39.30
0.51, -0.69, -0.48, -5.38, 14.92, -14.86
0.75, -0.58, -0.42, -9.79, 16.87, 7.47
0.86, -0.45, -0.36, -16.14, 5.81, 20.97
0.75, -0.43, -0.34, -23.36, 1.66, 30.51
0.51, -0.55, -0.37, -35.94, 9.35, 34.96
0.33, -0.67, -0.43, -45.81, 14.84, 37.21
0.25, -0.74, -0.50, -46.40, 10.97, 37.83
0.27, -0.79, -0.55, -33.62, -24.77, 25.05
0.19, -0.92, -0.67, -20.46, -34.61, 15.30
-0.01, -1.04, -0.74, -15.94, -26.87, -3.77
-0.26, -1.03, -0.74, -15.92, 5.00, -21.83
-0.22, -0.92, -0.70, -5.61, 36.02, -35.73
0.03, -0.78, -0.67, 3.29, 30.22, -44.46
0.16, -0.72, -0.63, 7.44, 20.83, -43.81
0.26, -0.68, -0.56, 5.15, 14.47, -34.63
0.44, -0.62, -0.47, -1.16, 20.03, -10.74
0.68, -0.49, -0.39, -7.38, 20.81, 9.79
0.79, -0.41, -0.32, -12.55, 13.43, 23.51
0.72, -0.42, -0.31, -18.79, 6.71, 32.37
0.51, -0.56, -0.33, -30.10, 13.34, 38.95
0.35, -0.70, -0.37, -39.30, 14.57, 42.96
0.27, -0.76, -0.44, -38.80, -2.31, 40.19
0.23, -0.81, -0.53, -27.90, -40.34, 26.41
0.09, -0.94, -0.68, -16.00, -46.23, 11.32
-0.10, -1.02, -0.73, -11.81, -39.33, -14.27
-0.27, -1.00, -0.72, -9.03, 11.31, -27.79
-0.11, -0.89, -0.70, 0.49, 30.29, -41.54
0.12, -0.80, -0.68, 6.56, 26.70, -44.93
0.25, -0.78, -0.62, 5.25, 19.65, -39.23
0.40, -0.73, -0.54, 2.26, 12.05, -27.39
0.58, -0.63, -0.48, -3.89, 10.74, -5.67
0.73, -0.51, -0.40, -10.17, 9.39, 11.53
0.75, -0.45, -0.35, -15.61, 5.34, 21.05
0.62, -0.49, -0.35, -25.58, 9.61, 30.64
0.46, -0.60, -0.37, -37.18, 16.59, 35.96
0.33, -0.68, -0.43, -44.95, 16.78, 37.84
0.29, -0.71, -0.51, -37.91, -9.13, 33.04
0.25, -0.80, -0.61, -23.48, -33.21, 21.98
0.13, -0.95, -0.70, -19.58, -34.70, 8.49
-0.11, -1.02, -0.72, -14.61, -22.21, -10.22
-0.23, -0.95, -0.73, -11.33, 12.34, -24.89
-0.10, -0.84, -0.70, 0.39, 20.76, -38.20
0.06, -0.76, -0.68, 8.88, 15.20, -45.59
0.14, -0.75, -0.64, 9.05, 10.36, -46.60
0.23, -0.72, -0.54, 4.57, 8.04, -37.40
0.47, -0.64, -0.45, -2.75, 20.11, -13.33
0.73, -0.50, -0.38, -9.46, 17.89, 8.20
0.82, -0.41, -0.33, -14.65, 10.20, 24.08
0.72, -0.44, -0.33, -20.11, 6.22, 33.30
0.51, -0.59, -0.36, -32.05, 18.46, 37.90
0.32, -0.72, -0.40, -42.58, 23.75, 39.35
0.26, -0.75, -0.46, -40.51, 9.50, 36.77
0.25, -0.79, -0.56, -25.45, -37.86, 23.87
0.15, -0.90, -0.69, -12.67, -56.86, 9.96
-0.09, -1.02, -0.76, -5.01, -42.57, -12.17
-0.29, -1.02, -0.69, -5.91, 5.42, -32.30
-0.21, -0.89, -0.68, 3.89, 34.15, -47.95
0.02, -0.79, -0.68, 11.89, 29.92, -54.06
0.21, -0.78, -0.62, 10.44, 14.14, -51.34
0.38, -0.77, -0.53, 3.95, 9.43, -31.55
0.66, -0.65, -0.44, -3.47, 13.47, -5.28
0.84, -0.48, -0.37, -7.87, 8.66, 11.30
0.81, -0.39, -0.32, -14.63, 3.97, 22.52
0.65, -0.45, -0.33, -24.98, 12.36, 32.41
0.44, -0.59, -0.38, -36.52, 21.81, 35.31
0.28, -0.69, -0.44, -43.61, 28.49, 38.56
0.26, -0.72, -0.49, -42.77, 17.79, 38.46
0.29, -0.77, -0.56, -30.62, -18.59, 31.01
0.19, -0.86, -0.67, -15.46, -54.38, 14.55
-0.04, -0.98, -0.77, -5.47, -44.17, -3.71
-0.24, -1.02, -0.75, -7.32, -6.95, -25.78
-0.25, -0.93, -0.68, 0.73, 32.10, -41.21
-0.03, -0.81, -0.66, 6.40, 37.40, -49.96
0.20, -0.78, -0.63, 7.00, 23.53, -47.47
0.35, -0.78, -0.56, 3.72, 11.61, -36.61
0.55, -0.68, -0.49, -1.46, 12.41, -15.08
0.73, -0.54, -0.42, -7.17, 16.83, 6.25
0.81, -0.41, -0.35, -10.77, 11.61, 18.96
0.70, -0.39, -0.33, -17.80, 11.71, 29.54
0.50, -0.53, -0.35, -30.34, 17.83, 35.65
0.32, -0.67, -0.40, -41.19, 22.82, 38.82
0.26, -0.71, -0.46, -41.14, 16.65, 42.09
0.28, -0.73, -0.53, -31.60, -26.28, 29.81
0.21, -0.83, -0.62, -17.52, -53.28, 20.35
0.06, -0.96, -0.72, -9.74, -40.95, 3.75
-0.16, -1.00, -0.74, -9.69, -17.50, -19.70
-0.24, -0.92, -0.70, -2.50, 30.02, -31.63
-0.02, -0.81, -0.68, 4.30, 33.11, -42.04
0.19, -0.78, -0.65, 7.74, 16.80, -43.02
0.29, -0.78, -0.59, 5.05, 4.05, -37.43
0.44, -0.73, -0.50, -0.46, 1.21, -24.70
0.62, -0.62, -0.43, -5.70, 10.13, -0.67
0.74, -0.49, -0.35, -12.79, 14.33, 15.23
0.72, -0.45, -0.33, -17.58, 12.81, 26.96
0.57, -0.55, -0.34, -30.00, 15.26, 36.16
0.42, -0.68, -0.37, -41.00, 16.69, 40.11
0.33, -0.71, -0.43, -43.65, 13.29, 41.44
0.31, -0.71, -0.49, -37.95, -12.84, 34.03
0.22, -0.78, -0.61, -22.91, -43.74, 23.37
0.06, -0.90, -0.73, -11.41, -40.04, 9.38
-0.17, -0.97, -0.76, -5.79, -26.72, -15.35
-0.29, -0.96, -0.72, -3.76, 15.77, -29.90
-0.10, -0.89, -0.67, 4.46, 21.42, -44.21
0.10, -0.82, -0.66, 10.40, 9.93, -50.57
0.20, -0.80, -0.63, 8.62, 1.14, -49.96
0.31, -0.76, -0.55, 4.90, 0.82, -38.72
0.53, -0.66, -0.44, -2.40, 12.08, -13.84
0.75, -0.50, -0.40, -7.76, 13.50, 3.99
0.77, -0.41, -0.31, -14.08, 9.93, 20.40
0.64, -0.43, -0.34, -20.60, 10.15, 31.04
0.46, -0.56, -0.38, -33.88, 13.79, 34.10
0.31, -0.68, -0.42, -38.49, 17.50, 37.46
0.27, -0.71, -0.48, -39.67, 16.79, 39.23
0.28, -0.74, -0.51, -31.04, -6.53, 32.39
0.22, -0.85, -0.59, -18.25, -42.99, 19.47
0.06, -0.98, -0.71, -8.74, -49.55, 5.36
-0.15, -1.02, -0.75, -7.51, -22.30, -19.87
-0.27, -0.97, -0.69, -2.02, 11.83, -40.33
-0.13, -0.86, -0.68, 8.64, 18.19, -54.88
0.06, -0.82, -0.68, 11.91, 3.93, -60.58
0.19, -0.82, -0.62, 7.58, -1.76, -54.02
0.43, -0.73, -0.54, 1.53, 8.20, -32.35
0.70, -0.52, -0.47, 4.93, 9.46, -15.93
0.73, -0.37, -0.42, -1.48, -10.22, -1.69
0.62, -0.37, -0.37, -13.38, 16.47, 20.89
0.57, -0.43, -0.37, -19.23, 18.19, 25.64
0.41, -0.55, -0.39, -27.55, 25.78, 33.23
0.33, -0.68, -0.44, -34.94, 23.67, 37.72
0.34, -0.74, -0.49, -34.98, 16.22, 41.53
0.36, -0.77, -0.51, -28.20, 0.15, 38.28
0.29, -0.87, -0.58, -19.25, -19.61, 25.42
0.08, -1.01, -0.63, -12.71, -41.26, 4.09
-0.15, -1.12, -0.66, -12.38, -27.22, -14.37
-0.21, -1.07, -0.66, -8.45, -1.00, -38.33
-0.12, -0.93, -0.64, 1.91, 9.46, -59.33
0.01, -0.83, -0.64, 6.96, 11.43, -64.00
0.19, -0.82, -0.61, 2.09, 12.42, -56.66
0.43, -0.72, -0.53, -4.11, 26.22, -34.05
0.70, -0.54, -0.46, -5.27, 20.23, -15.40
0.81, -0.39, -0.40, -11.78, 2.80, 4.23
0.77, -0.36, -0.37, -19.83, 9.78, 23.38
0.64, -0.44, -0.36, -29.42, 12.54, 32.18
0.45, -0.55, -0.38, -37.79, 23.42, 40.77
0.31, -0.65, -0.44, -41.85, 20.15, 44.48
0.26, -0.70, -0.50, -35.71, -4.36, 41.82
0.20, -0.77, -0.61, -20.76, -39.44, 30.61
0.09, -0.88, -0.70, -7.66, -59.01, 8.14
-0.15, -1.02, -0.75, -0.46, -50.08, -17.91
-0.31, -1.05, -0.72, -1.10, 2.98, -36.83
-0.18, -0.96, -0.67, 7.56, 27.72, -52.71
0.04, -0.86, -0.64, 13.95, 16.05, -63.45
0.24, -0.83, -0.62, 8.58, 2.61, -55.84
0.47, -0.76, -0.55, 2.13, 17.96, -30.36
0.75, -0.60, -0.46, -1.42, 15.56, -13.99
0.83, -0.44, -0.37, -9.49, 4.14, 5.82
0.78, -0.41, -0.34, -20.29, 15.51, 26.18
0.63, -0.46, -0.34, -32.60, 15.62, 33.91
0.46, -0.56, -0.36, -40.82, 24.27, 38.83
0.30, -0.67, -0.41, -46.05, 21.27, 40.67
0.24, -0.70, -0.49, -41.03, 6.74, 38.51
0.22, -0.74, -0.57, -24.25, -27.99, 26.86
0.12, -0.86, -0.68, -8.57, -56.42, 8.16
-0.07, -1.00, -0.77, -2.66, -40.34, -11.59
-0.22, -1.01, -0.73, -4.01, 3.83, -31.95
-0.14, -0.89, -0.66, 2.27, 29.93, -44.99
0.10, -0.79, -0.63, 5.51, 26.86, -46.34
0.34, -0.77, -0.60, 3.02, 15.11, -36.49
0.50, -0.73, -0.51, -4.02, 11.90, -16.90
0.67, -0.61, -0.43, -11.70, 15.87, 7.69
0.80, -0.47, -0.38, -16.91, 20.50, 28.32
0.78, -0.40, -0.34, -26.27, 14.60, 38.34
0.61, -0.46, -0.35, -38.50, 20.11, 47.46
0.42, -0.60, -0.40, -46.35, 22.28, 51.08
0.30, -0.70, -0.47, -40.72, -2.92, 44.15
0.17, -0.79, -0.60, -23.12, -49.87, 26.27
0.02, -0.95, -0.74, -9.38, -55.58, 8.92
-0.26, -1.03, -0.77, 2.03, -40.78, -21.93
-0.41, -1.01, -0.73, 0.84, 26.59, -36.99
-0.13, -0.91, -0.67, 8.67, 50.27, -47.13
0.21, -0.78, -0.59, 10.12, 37.35, -47.69
0.40, -0.74, -0.52, 3.40, 19.47, -30.88
0.62, -0.68, -0.45, -7.03, 17.54, -5.37
0.83, -0.57, -0.39, -16.94, 15.69, 17.17
0.86, -0.47, -0.32, -26.48, 7.06, 27.92
0.73, -0.48, -0.33, -37.12, 13.90, 40.87
0.50, -0.57, -0.40, -49.02, 20.59, 45.57
0.30, -0.65, -0.47, -49.23, 18.98, 44.53
0.16, -0.72, -0.58, -31.20, -20.49, 33.45
0.05, -0.81, -0.73, -10.16, -40.11, 14.88
-0.21, -0.91, -0.82, 4.94, -42.06, -14.74
-0.45, -0.95, -0.78, 5.54, 12.21, -32.74
-0.27, -0.89, -0.68, 10.38, 47.52, -43.96
0.08, -0.77, -0.61, 13.99, 51.69, -45.92
0.36, -0.72, -0.55, 11.61, 33.73, -37.46
0.54, -0.72, -0.48, 0.96, 22.92, -14.16
0.77, -0.66, -0.43, -6.82, 19.88, 10.23
0.88, -0.54, -0.38, -14.00, 15.05, 24.71
0.77, -0.55, -0.33, -24.91, 10.59, 32.28
0.57, -0.66, -0.34, -37.03, 23.07, 40.34
0.38, -0.71, -0.39, -45.16, 27.71, 40.93
0.28, -0.74, -0.46, -41.45, 11.77, 35.51
0.18, -0.77, -0.57, -23.35, -25.70, 19.91
-0.02, -0.85, -0.72, -6.24, -41.25, -0.11
-0.21, -0.93, -0.76, -0.97, -26.62, -20.52
-0.27, -0.91, -0.68, 0.36, 17.05, -32.92
-0.05, -0.79, -0.60, 4.21, 29.84, -38.98
0.24, -0.70, -0.55, 2.90, 24.21, -33.32
0.43, -0.69, -0.49, -4.26, 14.40, -20.78
0.58, -0.66, -0.45, -11.85, 14.14, -2.74
0.70, -0.61, -0.38, -18.79, 14.46, 13.09
0.75, -0.61, -0.37, -29.26, 13.72, 23.06
0.70, -0.64, -0.38, -39.07, 18.62, 35.92
0.54, -0.69, -0.43, -45.08, 21.22, 39.54
0.35, -0.72, -0.49, -38.66, 9.00, 32.63
0.15, -0.78, -0.61, -25.08, -26.50, 19.50
-0.03, -0.86, -0.73, -8.50, -31.34, -1.55
-0.23, -0.90, -0.75, -1.06, -22.14, -22.85
-0.28, -0.87, -0.66, 4.60, 9.54, -37.21
-0.08, -0.76, -0.60, 9.64, 19.29, -44.02
0.18, -0.70, -0.55, 9.26, 17.81, -38.59
0.41, -0.69, -0.49, 1.50, 12.92, -23.80
0.63, -0.63, -0.43, -6.03, 15.75, -0.36
0.82, -0.59, -0.38, -16.16, 11.84, 15.59
0.86, -0.58, -0.36, -25.52, 11.93, 29.90
0.71, -0.61, -0.38, -37.82, 24.81, 39.78
0.50, -0.67, -0.43, -47.00, 32.64, 41.67
0.29, -0.72, -0.51, -41.05, 16.50, 35.35
0.14, -0.79, -0.64, -24.65, -19.01, 18.84
-0.06, -0.88, -0.76, -7.35, -42.15, -3.93
-0.32, -0.92, -0.79, 0.53, -29.65, -26.11
-0.39, -0.88, -0.71, 7.37, -0.80, -47.38
-0.16, -0.78, -0.62, 15.61, 10.79, -56.94
0.13, -0.73, -0.57, 16.56, 4.45, -54.26
0.41, -0.72, -0.54, 10.27, 6.00, -35.69
0.67, -0.67, -0.49, 1.33, 21.56, -5.42
0.91, -0.58, -0.40, -9.52, 29.39, 13.50
0.96, -0.55, -0.32, -21.54, 23.77, 26.41
0.81, -0.60, -0.32, -36.67, 28.37, 38.51
0.60, -0.68, -0.35, -47.73, 30.18, 43.96
0.37, -0.72, -0.42, -51.20, 26.27, 44.03
0.25, -0.71, -0.56, -39.50, 1.78, 34.21
0.08, -0.76, -0.66, -22.19, -32.86, 15.78
-0.14, -0.86, -0.71, -8.48, -35.39, -6.49
-0.28, -0.89, -0.73, -1.32, -12.14, -24.04
-0.21, -0.83, -0.66, 6.66, 9.84, -36.74
0.01, -0.76, -0.58, 12.98, 7.55, -38.58
0.26, -0.75, -0.55, 10.89, 4.94, -31.75
0.48, -0.73, -0.51, 4.80, 15.10, -17.39
0.64, -0.66, -0.44, -3.05, 23.89, -1.12
0.73, -0.60, -0.37, -15.79, 20.12, 13.26
0.78, -0.62, -0.34, -29.65, 21.46, 29.33
0.76, -0.65, -0.36, -40.00, 17.07, 37.24
0.56, -0.67, -0.41, -47.71, 14.62, 41.01
0.34, -0.69, -0.48, -43.16, 1.51, 31.68
0.10, -0.76, -0.61, -28.99, -30.64, 16.54
-0.08, -0.87, -0.71, -14.89, -36.53, -0.84
-0.24, -0.94, -0.75, -6.80, -22.91, -22.76
-0.28, -0.88, -0.70, -0.05, 6.92, -40.25
-0.08, -0.76, -0.64, 9.79, 15.25, -46.01
0.21, -0.71, -0.62, 15.13, 16.40, -40.79
0.41, -0.71, -0.59, 12.03, 19.65, -28.81
0.55, -0.66, -0.51, 3.39, 27.50, -12.30
0.69, -0.60, -0.40, -8.41, 27.86, 4.83
0.80, -0.59, -0.32, -23.40, 25.24, 21.64
0.82, -0.60, -0.31, -36.38, 26.05, 37.54
0.68, -0.62, -0.34, -48.86, 24.84, 44.05
0.45, -0.64, -0.42, -52.81, 14.98, 45.43
0.29, -0.67, -0.53, -40.03, -6.80, 39.27
0.10, -0.76, -0.66, -23.30, -37.72, 18.24
-0.19, -0.88, -0.74, -6.10, -45.31, -8.36
-0.41, -0.93, -0.78, -1.80, -3.30, -28.41
-0.27, -0.87, -0.70, 7.79, 30.90, -39.91
0.05, -0.75, -0.60, 14.23, 28.67, -43.50
0.34, -0.75, -0.57, 15.87, 18.79, -35.97
0.50, -0.73, -0.56, 10.36, 20.44, -26.20
0.56, -0.70, -0.49, 1.58, 29.05, -15.26
0.62, -0.66, -0.39, -11.32, 33.13, -3.10
0.71, -0.64, -0.32, -27.25, 25.08, 13.00
0.80, -0.65, -0.30, -39.86, 12.95, 31.24
0.79, -0.65, -0.33, -48.82, 0.05, 44.44
0.61, -0.64, -0.40, -50.16, 1.52, 49.11
0.38, -0.65, -0.49, -39.49, -14.78, 36.12
0.09, -0.74, -0.60, -25.77, -45.07, 19.21
-0.19, -0.88, -0.73, -6.75, -53.91, -4.11
-0.40, -0.93, -0.79, -3.35, -26.98, -27.20
-0.38, -0.85, -0.70, 8.10, 10.18, -47.66
-0.07, -0.72, -0.62, 15.93, 18.90, -52.57
0.25, -0.70, -0.58, 16.37, 13.05, -45.67
0.47, -0.71, -0.55, 9.94, 12.93, -32.50
0.61, -0.66, -0.50, 2.65, 13.36, -13.38
0.74, -0.60, -0.44, -8.02, 21.26, 3.29
0.83, -0.59, -0.37, -23.01, 28.95, 21.92
0.84, -0.60, -0.33, -37.32, 34.89, 37.04
0.69, -0.63, -0.34, -49.83, 36.33, 46.16
0.51, -0.66, -0.38, -55.72, 26.39, 49.33
0.36, -0.68, -0.48, -48.01, 2.39, 46.32
0.18, -0.70, -0.68, -28.22, -38.07, 28.24
-0.13, -0.80, -0.75, -5.38, -54.77, 0.94
-0.39, -0.91, -0.81, -1.52, -23.69, -23.03
-0.39, -0.90, -0.70, 5.71, 16.45, -43.26
-0.10, -0.78, -0.60, 13.52, 27.41, -49.53
0.30, -0.73, -0.59, 15.35, 25.55, -38.54
0.56, -0.73, -0.55, 10.53, 16.56, -23.77
0.70, -0.70, -0.47, 2.15, 15.93, -6.68
0.78, -0.67, -0.38, -11.87, 23.30, 9.50
0.82, -0.66, -0.32, -27.55, 28.12, 22.09
0.79, -0.67, -0.30, -44.26, 23.95, 36.16
0.64, -0.68, -0.34, -55.57, 16.24, 43.71
0.47, -0.68, -0.42, -53.96, 10.03, 44.19
0.26, -0.68, -0.56, -41.33, -16.85, 30.47
-0.02, -0.75, -0.70, -22.96, -38.56, 6.67
-0.28, -0.82, -0.78, -5.66, -33.54, -16.84
-0.34, -0.85, -0.79, 1.31, 1.23, -31.49
-0.15, -0.79, -0.68, 10.85, 22.61, -39.75
0.13, -0.71, -0.58, 14.34, 25.91, -37.68
0.40, -0.69, -0.54, 12.40, 23.33, -29.63
0.56, -0.69, -0.50, 4.58, 18.86, -16.79
0.63, -0.66, -0.46, -3.35, 16.34, -3.10
0.69, -0.64, -0.39, -16.66, 18.44, 10.14
0.75, -0.66, -0.33, -28.62, 18.72, 25.93
0.77, -0.68, -0.32, -42.23, 18.67, 38.71
0.67, -0.69, -0.37, -50.62, 10.73, 46.19
0.45, -0.68, -0.48, -43.89, 4.96, 41.40
0.19, -0.71, -0.62, -29.64, -16.94, 19.41
-0.17, -0.82, -0.73, -16.66, -35.17, -4.44
-0.38, -0.87, -0.82, -0.86, -12.14, -27.12
-0.30, -0.82, -0.77, 9.57, 8.26, -43.84
-0.03, -0.76, -0.65, 19.72, 8.59, -49.92
0.26, -0.74, -0.59, 21.26, 7.58, -44.77
0.44, -0.74, -0.53, 16.66, 8.53, -37.43
0.54, -0.71, -0.47, 8.17, 16.76, -27.47
0.62, -0.66, -0.40, -6.26, 21.49, -9.38
0.77, -0.63, -0.32, -19.84, 21.42, 11.27
0.91, -0.61, -0.29, -30.13, 16.82, 29.91
0.86, -0.61, -0.32, -42.45, 16.82, 41.26
0.61, -0.63, -0.38, -54.26, 26.37, 45.45
0.34, -0.66, -0.43, -56.17, 20.27, 41.83
0.20, -0.69, -0.54, -39.89, -12.48, 30.00
0.07, -0.77, -0.70, -19.33, -44.59, 11.61
-0.14, -0.85, -0.82, -1.38, -43.21, -12.04
-0.29, -0.87, -0.79, 5.32, -5.70, -26.91
-0.14, -0.84, -0.68, 13.83, 18.57, -37.28
0.15, -0.78, -0.60, 18.60, 21.03, -36.14
0.41, -0.76, -0.54, 14.43, 15.60, -27.70
0.55, -0.76, -0.48, 6.67, 16.74, -18.00
0.65, -0.71, -0.41, -1.76, 11.26, -5.95
0.69, -0.67, -0.37, -10.77, 9.92, 9.01
0.73, -0.66, -0.34, -19.07, 12.91, 21.21
0.71, -0.65, -0.33, -29.18, 14.86, 30.95
0.56, -0.65, -0.35, -39.98, 18.77, 35.41
0.39, -0.64, -0.40, -45.02, 17.03, 35.82
0.27, -0.65, -0.47, -37.67, -3.29, 29.64
0.13, -0.68, -0.64, -19.56, -34.70, 15.74
-0.03, -0.71, -0.78, -3.18, -45.85, -3.53
-0.23, -0.76, -0.82, 9.06, -30.87, -20.21
-0.23, -0.80, -0.73, 14.98, 2.23, -33.03
0.01, -0.79, -0.65, 20.06, 13.00, -37.20
0.26, -0.77, -0.60, 17.54, 19.36, -31.99
0.48, -0.76, -0.52, 8.98, 18.77, -23.88
0.64, -0.74, -0.42, -1.35, 20.63, -7.34
0.80, -0.72, -0.37, -15.64, 14.75, 7.17
0.86, -0.70, -0.35, -29.59, 17.47, 22.66
0.80, -0.70, -0.32, -42.43, 22.51, 30.85
0.63, -0.71, -0.34, -53.27, 30.41, 34.60
0.42, -0.71, -0.44, -57.12, 23.91, 32.95
0.25, -0.71, -0.51, -44.65, -1.57, 22.23
0.10, -0.74, -0.69, -24.46, -33.43, 4.18
-0.15, -0.77, -0.82, -2.40, -38.18, -17.11
-0.31, -0.78, -0.79, 6.41, -8.44, -32.74
-0.20, -0.77, -0.68, 15.67, 18.62, -41.21
0.08, -0.74, -0.59, 21.66, 22.37, -40.74
0.34, -0.72, -0.53, 17.29, 16.90, -34.21
0.49, -0.71, -0.46, 11.39, 11.20, -21.70
0.62, -0.68, -0.41, 3.32, 9.36, -9.17
0.71, -0.64, -0.37, -8.57, 7.04, 6.66
0.78, -0.64, -0.31, -22.76, 14.72, 22.66
0.78, -0.65, -0.28, -37.39, 21.31, 34.37
0.68, -0.66, -0.30, -50.74, 29.29, 41.46
0.53, -0.67, -0.36, -58.10, 27.92, 46.13
0.38, -0.68, -0.43, -54.05, 7.49, 41.93
0.27, -0.75, -0.59, -35.92, -38.74, 28.91
0.04, -0.80, -0.78, -15.05, -57.88, 12.16
-0.28, -0.82, -0.88, 8.03, -43.67, -17.34
-0.40, -0.84, -0.82, 13.36, 1.11, -37.96
-0.18, -0.82, -0.68, 20.58, 28.83, -46.56
0.18, -0.76, -0.60, 20.64, 30.09, -41.71
0.48, -0.74, -0.52, 14.18, 24.14, -29.86
0.64, -0.71, -0.43, 4.29, 19.71, -15.33
0.75, -0.66, -0.37, -3.83, 6.38, -0.54
0.80, -0.64, -0.34, -16.88, 11.36, 16.67
0.80, -0.65, -0.30, -31.78, 20.67, 26.63
0.73, -0.67, -0.29, -47.10, 26.08, 35.61
0.57, -0.68, -0.33, -57.60, 25.19, 41.63
0.42, -0.67, -0.42, -53.68, 10.81, 39.73
0.28, -0.71, -0.52, -41.82, -27.98, 29.16
0.09, -0.78, -0.72, -19.92, -43.10, 13.83
-0.17, -0.81, -0.83, -0.54, -41.85, -11.50
-0.35, -0.84, -0.80, 7.46, -8.78, -32.80
-0.26, -0.83, -0.69, 15.36, 14.84, -43.87
0.07, -0.77, -0.60, 20.88, 14.71, -45.71
0.33, -0.75, -0.55, 18.47, 10.58, -38.04
0.52, -0.73, -0.46, 8.59, 4.48, -26.87
0.67, -0.70, -0.35, -0.84, 8.91, -8.23
0.80, -0.65, -0.31, -12.10, 7.09, 7.48
0.83, -0.63, -0.29, -23.56, 20.75, 20.29
0.74, -0.64, -0.30, -40.12, 24.45, 27.88
0.57, -0.68, -0.34, -53.07, 35.68, 34.37
0.42, -0.69, -0.41, -56.53, 30.33, 33.65
0.33, -0.69, -0.51, -48.97, 0.55, 28.98
0.24, -0.73, -0.63, -32.04, -31.06, 21.46
0.08, -0.78, -0.77, -9.88, -47.31, 2.44
-0.15, -0.83, -0.86, 2.88, -32.80, -18.01
-0.27, -0.84, -0.80, 10.02, 3.89, -33.82
-0.13, -0.77, -0.70, 19.62, 22.26, -43.31
0.18, -0.72, -0.63, 21.24, 28.46, -39.93
0.41, -0.74, -0.55, 16.55, 25.01, -30.25
0.60, -0.73, -0.44, 4.58, 17.91, -15.60
0.74, -0.68, -0.34, -6.03, 11.11, 4.89
0.86, -0.63, -0.28, -19.63, 12.96, 20.75
0.85, -0.63, -0.26, -33.06, 16.59, 29.12
0.64, -0.66, -0.28, -50.31, 27.13, 36.85
0.44, -0.67, -0.36, -57.55, 32.00, 37.95
0.32, -0.65, -0.43, -55.48, 18.81, 35.50
0.27, -0.70, -0.53, -44.00, -12.98, 29.73
0.17, -0.77, -0.67, -24.76, -37.69, 17.39
-0.00, -0.81, -0.79, -8.16, -36.74, -2.31
-0.21, -0.80, -0.81, 4.30, -14.69, -20.54
-0.19, -0.80, -0.74, 11.11, 21.05, -29.24
0.03, -0.78, -0.64, 16.12, 22.49, -32.91
0.30, -0.76, -0.57, 16.40, 16.80, -27.62
0.45, -0.74, -0.53, 12.34, 13.18, -18.83
0.58, -0.71, -0.48, 6.31, 9.62, -8.75
0.67, -0.67, -0.42, -0.99, 11.26, 8.17
0.74, -0.66, -0.36, -11.87, 16.87, 19.23
0.70, -0.67, -0.34, -24.58, 24.61, 27.47
0.57, -0.69, -0.35, -38.24, 32.09, 34.10
0.47, -0.70, -0.38, -46.86, 24.93, 33.78
0.38, -0.69, -0.44, -41.89, 6.01, 29.29
0.27, -0.73, -0.56, -31.64, -21.46, 19.36
0.07, -0.83, -0.67, -23.69, -32.88, 3.56
-0.15, -0.87, -0.73, -10.79, -27.48, -17.45
-0.20, -0.83, -0.72, -4.59, -6.08, -31.05
-0.03, -0.77, -0.68, 9.28, 2.70, -40.46
0.14, -0.74, -0.64, 12.96, 8.64, -40.04
0.30, -0.74, -0.58, 10.54, 13.34, -34.53
0.48, -0.73, -0.50, 4.61, 14.24, -22.35
0.68, -0.68, -0.42, -2.85, 12.87, -5.14
0.79, -0.64, -0.33, -15.46, 10.21, 11.11
0.81, -0.64, -0.27, -25.58, 12.92, 21.45
0.71, -0.67, -0.30, -40.60, 22.44, 29.58
0.51, -0.70, -0.37, -51.21, 29.46, 32.79
0.35, -0.69, -0.43, -51.23, 25.80, 32.38
0.32, -0.70, -0.50, -43.47, 0.41, 26.15
0.21, -0.76, -0.65, -23.86, -31.67, 14.54
0.03, -0.81, -0.77, -10.07, -39.04, -3.00
-0.19, -0.85, -0.79, -0.64, -20.75, -21.95
-0.20, -0.84, -0.73, 9.76, 9.01, -37.01
-0.03, -0.76, -0.68, 18.52, 13.73, -43.79
0.19, -0.73, -0.62, 20.88, 14.21, -43.04
0.35, -0.76, -0.55, 14.07, 10.61, -34.62
0.54, -0.73, -0.45, 5.17, 5.88, -19.32
0.73, -0.65, -0.36, -1.84, 9.61, 1.57
0.88, -0.58, -0.28, -15.29, 14.59, 19.04
0.84, -0.58, -0.26, -26.20, 20.16, 31.10
0.69, -0.62, -0.30, -42.83, 26.05, 39.41
0.50, -0.66, -0.37, -54.04, 28.77, 42.04
0.37, -0.65, -0.41, -52.96, 19.13, 40.63
0.31, -0.72, -0.50, -43.31, -10.30, 32.41
0.17, -0.79, -0.66, -29.41, -36.05, 20.50
-0.07, -0.82, -0.79, -10.72, -43.30, -3.71
-0.27, -0.82, -0.85, 5.12, -21.79, -21.47
-0.24, -0.84, -0.78, 16.45, 6.53, -39.16
-0.03, -0.80, -0.68, 23.26, 16.15, -46.51
0.18, -0.78, -0.60, 21.91, 13.02, -46.45
0.40, -0.79, -0.53, 12.61, 10.30, -35.28
0.64, -0.74, -0.44, 3.63, 12.15, -15.66
0.85, -0.64, -0.35, -4.61, 9.73, 2.50
0.91, -0.61, -0.27, -19.92, 15.55, 18.80
0.83, -0.63, -0.25, -34.03, 25.09, 29.34
0.66, -0.68, -0.30, -49.72, 29.23, 35.63
0.47, -0.69, -0.37, -57.79, 32.63, 37.97
0.32, -0.66, -0.46, -52.01, 9.28, 33.28
0.20, -0.68, -0.65, -29.88, -25.19, 18.87
-0.02, -0.75, -0.81, -7.11, -45.09, -2.05
-0.29, -0.83, -0.87, 5.20, -35.94, -27.01
-0.36, -0.84, -0.78, 15.30, 13.54, -42.17
-0.11, -0.77, -0.67, 23.73, 26.12, -51.67
0.24, -0.75, -0.58, 20.98, 27.36, -42.22
0.55, -0.78, -0.49, 10.89, 24.79, -23.32
0.81, -0.72, -0.38, 2.28, 21.05, -5.43
0.93, -0.62, -0.30, -7.20, 12.59, 11.45
0.88, -0.61, -0.25, -22.02, 22.52, 23.23
0.74, -0.67, -0.26, -39.71, 29.98, 29.35
0.55, -0.71, -0.32, -52.74, 30.99, 32.17
0.41, -0.69, -0.40, -55.89, 26.68, 33.15
0.33, -0.70, -0.47, -49.97, 2.85, 27.93
0.24, -0.73, -0.63, -28.68, -28.74, 16.43
0.04, -0.76, -0.77, -10.26, -36.08, -0.71
-0.17, -0.81, -0.80, 1.01, -21.73, -20.01
-0.19, -0.80, -0.73, 7.88, 12.33, -28.36
0.09, -0.74, -0.61, 12.29, 17.50, -30.15
0.34, -0.71, -0.51, 7.23, 16.33, -19.43
0.56, -0.71, -0.42, -0.96, 12.98, -6.71
0.72, -0.69, -0.35, -11.81, 10.26, 7.67
0.80, -0.67, -0.30, -23.21, 8.76, 19.39
0.77, -0.68, -0.31, -34.61, 11.73, 27.32
0.64, -0.71, -0.36, -44.21, 13.58, 32.13
0.46, -0.71, -0.50, -40.58, 2.45, 27.26
0.23, -0.73, -0.64, -26.66, -14.83, 16.97
0.01, -0.78, -0.81, -11.90, -22.61, -5.52
-0.22, -0.81, -0.82, 4.96, -14.28, -21.98
-0.23, -0.82, -0.76, 16.61, 6.24, -36.60
-0.06, -0.83, -0.68, 24.31, 7.98, -45.58
0.11, -0.81, -0.59, 24.83, 4.69, -47.31
0.35, -0.77, -0.48, 12.88, 10.92, -33.31
0.67, -0.69, -0.35, 8.36, 11.39, -16.44
0.89, -0.60, -0.31, -0.96, 1.91, -1.79
0.86, -0.57, -0.28, -19.54, 9.43, 15.33
0.75, -0.60, -0.27, -33.28, 21.79, 21.60
0.63, -0.63, -0.33, -45.06, 27.58, 27.95
0.49, -0.67, -0.40, -53.54, 29.61, 30.99
0.39, -0.69, -0.46, -50.42, 16.50, 28.35
0.32, -0.70, -0.57, -38.72, -12.78, 23.29
0.17, -0.75, -0.72, -14.73, -37.06, 11.16
-0.06, -0.81, -0.83, 6.16, -41.09, -11.45
-0.28, -0.90, -0.79, 11.60, -8.57, -31.23
-0.23, -0.89, -0.66, 20.25, 12.03, -49.79
0.07, -0.81, -0.59, 24.53, 13.31, -50.78
0.39, -0.79, -0.53, 14.99, 8.24, -39.60
0.68, -0.76, -0.41, 6.63, 8.73, -20.78
0.89, -0.63, -0.33, 1.12, 9.49, -5.47
0.89, -0.57, -0.28, -13.95, 3.01, 7.90
0.76, -0.58, -0.22, -28.97, 20.13, 21.92
0.68, -0.62, -0.25, -44.38, 21.65, 28.67
0.55, -0.65, -0.34, -55.17, 20.08, 34.01
0.41, -0.66, -0.40, -54.70, 12.76, 34.04
0.28, -0.68, -0.51, -43.01, -14.50, 27.05
0.19, -0.72, -0.66, -24.15, -42.50, 14.51
-0.02, -0.78, -0.85, 0.36, -42.41, -2.85
-0.22, -0.83, -0.89, 9.40, -16.85, -25.73
-0.24, -0.84, -0.77, 21.33, 15.41, -40.19
0.01, -0.80, -0.65, 29.07, 15.84, -44.66
0.32, -0.83, -0.58, 27.96, 5.68, -43.13
0.50, -0.84, -0.51, 19.10, -4.92, -35.78
0.63, -0.75, -0.41, 6.55, 6.17, -22.45
0.74, -0.64, -0.31, -0.37, -0.05, -14.93
0.73, -0.59, -0.29, -16.11, 8.62, 3.16
0.75, -0.60, -0.26, -31.85, 23.88, 18.27
0.76, -0.60, -0.27, -42.89, 24.86, 27.68
0.63, -0.62, -0.34, -52.03, 25.29, 32.76
0.43, -0.64, -0.42, -52.47, 28.10, 33.32
0.30, -0.68, -0.50, -44.43, 1.26, 26.20
0.19, -0.74, -0.60, -27.29, -30.49, 17.54
0.09, -0.83, -0.75, -6.10, -44.52, 0.31
-0.09, -0.86, -0.83, 5.06, -29.23, -18.24
-0.19, -0.83, -0.75, 16.64, 9.28, -35.92
-0.04, -0.79, -0.65, 23.13, 23.46, -46.07
0.27, -0.81, -0.57, 21.97, 16.41, -42.51
0.52, -0.81, -0.49, 13.74, 5.88, -26.99
0.78, -0.72, -0.37, 5.60, 10.42, -3.88
0.96, -0.61, -0.26, -6.16, 16.65, 19.47
0.97, -0.54, -0.16, -21.57, 26.68, 33.72
0.83, -0.57, -0.16, -38.67, 32.07, 42.68
0.61, -0.64, -0.24, -57.09, 35.53, 50.02
0.42, -0.68, -0.34, -64.00, 20.20, 43.36
0.26, -0.71, -0.45, -45.00, -38.29, 29.95
0.13, -0.78, -0.72, -21.33, -64.00, 16.80
-0.14, -0.85, -0.94, 6.76, -64.00, -13.86
-0.45, -0.87, -0.93, 17.09, -14.41, -35.67
-0.32, -0.84, -0.78, 29.31, 27.29, -52.60
0.07, -0.79, -0.68, 33.61, 35.34, -50.99
0.44, -0.78, -0.58, 27.71, 28.88, -40.58
0.66, -0.75, -0.45, 18.28, 1.85, -28.81
0.82, -0.69, -0.35, -0.30, 5.54, -2.43
0.97, -0.62, -0.25, -14.51, 11.38, 13.87
0.93, -0.58, -0.15, -33.44, 16.32, 23.91
0.78, -0.64, -0.17, -50.88, 26.35, 34.42
0.57, -0.71, -0.27, -64.00, 33.78, 39.19
0.38, -0.70, -0.37, -64.00, 26.43, 34.19
0.24, -0.69, -0.47, -51.84, -15.50, 24.77
0.15, -0.74, -0.67, -23.49, -51.30, 12.52
-0.02, -0.81, -0.84, 1.19, -63.39, -10.64
-0.25, -0.86, -0.86, 12.07, -24.80, -28.74
-0.27, -0.84, -0.72, 21.26, 16.35, -44.24
-0.02, -0.78, -0.62, 27.07, 26.85, -50.15
0.30, -0.77, -0.56, 22.55, 17.27, -43.63
0.54, -0.76, -0.48, 14.43, 0.70, -30.54
0.75, -0.71, -0.40, 1.70, -1.43, -7.10
0.92, -0.61, -0.29, -9.66, -0.25, 10.01
0.92, -0.56, -0.23, -24.13, 7.32, 20.70
0.77, -0.60, -0.22, -40.14, 25.10, 31.36
0.57, -0.68, -0.28, -56.99, 37.01, 36.17
0.42, -0.71, -0.35, -62.19, 37.41, 38.22
0.35, -0.71, -0.42, -57.23, 7.62, 32.16
0.28, -0.74, -0.56, -37.80, -37.51, 22.83
0.12, -0.79, -0.74, -13.87, -58.89, 4.42
-0.14, -0.87, -0.84, 3.21, -43.75, -18.30
-0.30, -0.88, -0.80, 11.26, 2.97, -36.08
-0.15, -0.82, -0.69, 21.22, 26.89, -48.32
0.13, -0.78, -0.63, 26.14, 24.62, -50.89
0.40, -0.78, -0.58, 24.38, 8.22, -45.25
0.58, -0.76, -0.50, 14.09, 1.41, -28.15
0.81, -0.69, -0.39, 4.24, 6.90, -9.44
0.93, -0.60, -0.29, -6.53, 4.61, 7.02
0.86, -0.57, -0.22, -24.55, 24.47, 22.48
0.78, -0.59, -0.20, -42.59, 37.67, 35.12
0.65, -0.63, -0.25, -58.67, 39.45, 42.46
0.50, -0.64, -0.32, -64.00, 35.32, 48.68
0.42, -0.64, -0.38, -59.83, 14.16, 44.32
0.32, -0.71, -0.53, -42.84, -27.78, 34.82
0.11, -0.78, -0.70, -25.32, -44.46, 18.79
-0.17, -0.81, -0.83, -0.77, -43.01, -9.75
-0.36, -0.84, -0.88, 12.42, -18.18, -29.12
-0.25, -0.86, -0.78, 24.93, 15.12, -42.51
0.04, -0.82, -0.63, 32.89, 18.60, -49.54
0.32, -0.79, -0.58, 36.02, 10.29, -50.25
0.49, -0.79, -0.53, 29.06, -3.48, -44.20
0.64, -0.76, -0.43, 17.73, -6.28, -26.63
0.80, -0.69, -0.32, 2.07, 7.56, -3.91
0.93, -0.60, -0.21, -13.43, 17.54, 13.62
0.91, -0.57, -0.12, -31.72, 27.70, 28.21
0.76, -0.62, -0.17, -50.67, 34.79, 38.83
0.57, -0.66, -0.27, -63.69, 38.08, 41.67
0.39, -0.67, -0.35, -64.00, 22.47, 39.47
0.30, -0.67, -0.48, -50.91, -24.61, 30.36
0.19, -0.73, -0.67, -23.90, -58.48, 17.94
-0.03, -0.83, -0.86, 0.33, -64.00, -8.60
-0.34, -0.93, -0.89, 6.09, -26.86, -28.45
-0.35, -0.91, -0.77, 17.00, 26.79, -49.13
-0.03, -0.79, -0.66, 26.71, 39.78, -58.93
0.32, -0.78, -0.59, 26.86, 23.55, -53.98
0.59, -0.80, -0.51, 19.48, 3.46, -39.46
0.78, -0.76, -0.38, 3.20, 1.92, -15.52
0.93, -0.68, -0.27, -7.56, 7.84, -2.14
0.91, -0.61, -0.18, -27.27, 15.66, 11.52
0.77, -0.62, -0.14, -42.45, 28.21, 22.33
0.65, -0.64, -0.22, -58.12, 31.56, 27.82
0.50, -0.64, -0.33, -63.14, 25.90, 30.52
0.36, -0.64, -0.44, -58.93, 5.66, 28.25
0.25, -0.66, -0.57, -42.49, -24.94, 16.22
0.11, -0.70, -0.72, -18.27, -57.32, -0.44
-0.04, -0.77, -0.87, 8.68, -58.85, -17.03
-0.17, -0.84, -0.88, 18.54, -17.81, -32.41
-0.14, -0.85, -0.74, 26.55, 21.33, -45.77
0.14, -0.79, -0.62, 30.37, 23.59, -49.41
0.44, -0.76, -0.51, 24.61, 6.94, -37.44
0.72, -0.74, -0.42, 9.48, 6.71, -13.55
0.95, -0.66, -0.30, -1.67, 2.27, 4.57
0.96, -0.59, -0.19, -20.32, 5.11, 17.64
0.81, -0.58, -0.14, -35.48, 16.51, 28.22
0.63, -0.65, -0.20, -52.02, 26.95, 32.30
0.47, -0.70, -0.33, -60.29, 22.35, 35.59
0.36, -0.68, -0.41, -56.44, 8.31, 36.96
0.33, -0.72, -0.50, -39.39, -26.18, 26.26
0.21, -0.75, -0.66, -19.71, -48.41, 13.54
0.01, -0.84, -0.82, -0.51, -47.08, -9.62
-0.21, -0.84, -0.85, 9.75, -21.02, -26.92
-0.16, -0.85, -0.75, 18.95, 9.54, -40.90
0.10, -0.80, -0.67, 26.11, 10.12, -47.30
0.32, -0.77, -0.61, 26.13, -5.45, -46.68
0.45, -0.77, -0.55, 19.26, -9.74, -37.33
0.63, -0.73, -0.44, 6.87, 0.99, -16.97
0.86, -0.64, -0.34, -4.72, 13.19, 2.17
0.92, -0.55, -0.25, -19.05, 20.77, 18.48
0.82, -0.56, -0.20, -32.68, 36.20, 30.21
0.64, -0.65, -0.24, -49.00, 43.24, 35.24
0.46, -0.73, -0.33, -57.39, 36.16, 35.16
0.32, -0.72, -0.43, -51.44, 3.28, 28.62
0.24, -0.70, -0.59, -33.93, -32.35, 17.31
0.13, -0.77, -0.71, -8.61, -64.00, -1.59
-0.06, -0.87, -0.85, 7.30, -48.88, -21.04
-0.23, -0.89, -0.81, 17.48, -9.14, -41.24
-0.16, -0.82, -0.69, 24.01, 21.68, -54.79
0.17, -0.76, -0.61, 26.56, 20.92, -52.58
0.51, -0.76, -0.53, 15.85, 11.12, -30.82
0.85, -0.71, -0.39, 3.89, 12.62, -4.49
1.04, -0.60, -0.28, -3.51, 0.40, 9.99
0.95, -0.54, -0.22, -24.38, 15.79, 26.78
0.77, -0.58, -0.20, -40.89, 34.14, 36.91
0.57, -0.65, -0.24, -57.18, 47.21, 40.40
0.43, -0.68, -0.31, -62.03, 41.56, 42.01
0.39, -0.70, -0.39, -56.90, 25.59, 39.96
0.36, -0.78, -0.53, -42.09, -13.07, 26.64
0.17, -0.81, -0.67, -24.02, -38.96, 13.52
-0.06, -0.82, -0.82, -0.20, -34.34, -7.27
-0.21, -0.82, -0.84, 9.30, -2.75, -23.89
-0.10, -0.86, -0.71, 13.62, 16.70, -37.24
0.16, -0.81, -0.61, 17.75, 14.42, -37.75
0.41, -0.73, -0.54, 17.62, -4.75, -34.32
0.54, -0.71, -0.47, 7.46, -6.62, -22.87
0.68, -0.69, -0.39, -4.64, -0.45, -8.32
0.78, -0.65, -0.32, -17.57, 8.30, 9.31
0.83, -0.61, -0.27, -31.30, 19.92, 21.95
0.78, -0.61, -0.27, -44.96, 30.14, 35.53
0.65, -0.65, -0.31, -57.61, 39.78, 41.95
0.52, -0.67, -0.38, -62.10, 39.01, 43.17
0.39, -0.68, -0.50, -47.20, 5.22, 31.73
0.21, -0.71, -0.70, -26.90, -26.41, 20.40
-0.04, -0.81, -0.84, -5.18, -37.63, -4.10
-0.28, -0.85, -0.88, 9.05, -15.37, -24.29
-0.26, -0.83, -0.77, 16.68, 19.50, -37.43
0.01, -0.78, -0.63, 23.56, 21.98, -45.04
0.31, -0.74, -0.56, 23.59, 7.02, -42.44
0.48, -0.75, -0.50, 14.74, -1.31, -34.77
0.63, -0.73, -0.42, 4.25, 2.29, -19.13
0.79, -0.68, -0.32, -10.91, 10.88, 2.13
0.92, -0.63, -0.23, -24.88, 22.46, 19.32
0.93, -0.60, -0.20, -35.25, 27.51, 30.59
0.77, -0.64, -0.25, -50.48, 40.77, 40.26
0.57, -0.69, -0.30, -61.48, 48.19, 43.38
0.42, -0.70, -0.38, -61.55, 37.08, 39.31
0.31, -0.68, -0.52, -40.84, -14.90, 28.36
0.15, -0.73, -0.75, -18.23, -45.21, 12.29
-0.11, -0.81, -0.88, 5.81, -52.05, -15.21
-0.34, -0.87, -0.86, 8.98, -11.17, -32.58
-0.20, -0.83, -0.71, 19.40, 22.26, -41.19
0.16, -0.72, -0.57, 25.84, 21.45, -43.77
0.44, -0.70, -0.52, 22.15, 4.38, -35.52
0.59, -0.72, -0.44, 13.14, -4.27, -19.59
0.76, -0.69, -0.36, -0.25, 0.07, 1.50
0.88, -0.62, -0.27, -10.51, 11.10, 19.95
0.88, -0.59, -0.19, -24.17, 24.45, 32.70
0.79, -0.63, -0.19, -41.19, 39.23, 46.02
0.68, -0.67, -0.26, -55.62, 43.79, 53.66
0.54, -0.67, -0.32, -60.40, 39.21, 55.90
0.44, -0.67, -0.42, -52.77, 12.24, 47.08
0.24, -0.73, -0.62, -36.19, -37.33, 28.56
-0.06, -0.79, -0.79, -11.88, -48.31, 2.20
-0.31, -0.85, -0.93, 7.82, -42.69, -24.90
-0.36, -0.90, -0.86, 13.63, -1.82, -39.13
-0.08, -0.86, -0.68, 22.79, 19.59, -49.07
0.25, -0.78, -0.60, 27.81, 12.81, -51.32
0.49, -0.74, -0.56, 23.43, 2.44, -40.83
0.65, -0.73, -0.50, 12.96, 6.18, -20.66
0.82, -0.68, -0.37, -1.03, 15.32, 0.56
0.96, -0.63, -0.23, -18.16, 29.77, 20.30
0.98, -0.61, -0.15, -33.58, 36.17, 30.19
0.82, -0.63, -0.22, -53.38, 45.65, 42.27
0.58, -0.68, -0.26, -64.00, 46.06, 45.09
0.42, -0.68, -0.35, -64.00, 21.97, 44.35
0.27, -0.65, -0.54, -44.12, -23.02, 34.48
0.06, -0.68, -0.78, -7.92, -64.00, 6.90
-0.31, -0.83, -0.90, 7.54, -58.91, -18.46
-0.48, -0.94, -0.82, 10.20, -3.87, -37.98
-0.26, -0.82, -0.66, 21.29, 24.11, -48.59
0.14, -0.69, -0.56, 28.30, 25.12, -50.29
0.45, -0.70, -0.54, 25.09, 6.50, -42.61
0.63, -0.73, -0.47, 12.55, 2.49, -24.31
0.80, -0.70, -0.36, 1.61, 10.04, -4.00
0.93, -0.66, -0.26, -13.35, 15.90, 9.68
0.91, -0.66, -0.21, -26.82, 29.40, 19.99
0.77, -0.69, -0.25, -41.69, 36.92, 25.24
0.57, -0.72, -0.33, -49.60, 37.64, 29.58
0.42, -0.73, -0.44, -49.05, 18.61, 27.12
0.32, -0.72, -0.54, -38.10, -12.71, 19.14
0.19, -0.74, -0.66, -16.83, -40.39, 4.34
0.03, -0.81, -0.78, 1.91, -44.94, -15.27
-0.14, -0.86, -0.78, 9.86, -7.95, -29.28
-0.14, -0.84, -0.69, 18.12, 24.50, -44.60
0.08, -0.80, -0.59, 24.01, 31.35, -49.33
0.35, -0.79, -0.52, 21.35, 15.80, -43.39
0.61, -0.77, -0.43, 9.24, 7.14, -24.03
0.81, -0.68, -0.28, -2.04, 13.01, -3.62
0.93, -0.58, -0.19, -15.37, 12.45, 9.70
0.88, -0.57, -0.14, -29.20, 26.62, 22.93
0.74, -0.63, -0.17, -49.12, 40.48, 30.93
0.59, -0.69, -0.25, -62.87, 46.38, 37.29
0.49, -0.69, -0.32, -64.00, 38.45, 40.27
0.46, -0.69, -0.40, -60.12, -5.05, 35.09
0.38, -0.73, -0.53, -41.97, -46.90, 28.84
0.22, -0.78, -0.74, -18.08, -64.00, 8.10
-0.10, -0.82, -0.86, 2.32, -64.00, -20.46
-0.34, -0.87, -0.86, 12.25, -19.31, -36.40
-0.18, -0.85, -0.76, 22.03, 8.33, -48.85
0.11, -0.78, -0.66, 30.96, 15.13, -55.76
0.36, -0.76, -0.59, 26.18, -2.95, -49.95
0.61, -0.76, -0.46, 14.27, -4.48, -24.53
0.94, -0.68, -0.34, 1.54, 6.25, 3.50
1.11, -0.55, -0.24, -11.60, 4.91, 16.19
0.93, -0.52, -0.14, -27.89, 24.93, 29.16
0.69, -0.60, -0.16, -50.22, 44.09, 35.21
0.52, -0.67, -0.26, -64.00, 55.53, 38.62
0.40, -0.67, -0.35, -64.00, 45.84, 40.31
0.37, -0.66, -0.42, -61.73, 6.95, 35.55
0.35, -0.70, -0.57, -41.30, -32.17, 28.69
0.18, -0.76, -0.78, -17.99, -63.18, 6.75
-0.20, -0.78, -0.91, 7.48, -54.17, -18.03
-0.42, -0.81, -0.85, 13.36, -5.49, -39.16
-0.23, -0.80, -0.71, 25.87, 20.93, -53.58
0.12, -0.74, -0.63, 33.96, 9.85, -58.18
0.40, -0.75, -0.56, 24.88, -11.81, -47.07
0.64, -0.76, -0.41, 8.97, -6.40, -18.03
1.00, -0.66, -0.30, -4.23, 10.78, 7.99
1.17, -0.54, -0.22, -17.19, 5.26, 25.00
1.03, -0.55, -0.18, -29.12, 17.48, 38.71
0.82, -0.67, -0.22, -51.08, 33.46, 44.47
0.56, -0.76, -0.29, -64.00, 45.86, 46.83
0.38, -0.73, -0.36, -64.00, 42.58, 47.26
0.36, -0.70, -0.44, -59.30, -2.22, 40.20
0.30, -0.73, -0.63, -35.25, -38.15, 29.49
0.09, -0.79, -0.79, -16.26, -54.50, 1.23
-0.25, -0.83, -0.87, 7.17, -40.91, -23.21
-0.35, -0.83, -0.85, 16.20, 3.50, -36.68
-0.10, -0.78, -0.71, 26.88, 25.29, -45.57
0.20, -0.75, -0.59, 30.16, 16.55, -48.48
0.40, -0.77, -0.53, 25.24, 2.30, -45.30
0.57, -0.76, -0.45, 13.04, -5.00, -28.94
0.81, -0.70, -0.37, -1.23, 3.50, -3.01
1.03, -0.61, -0.28, -14.93, 13.88, 17.96
0.97, -0.58, -0.21, -29.39, 21.82, 24.90
0.73, -0.63, -0.22, -48.31, 36.75, 35.55
0.55, -0.68, -0.30, -62.21, 48.32, 40.06
0.42, -0.67, -0.36, -64.00, 48.58, 39.45
0.33, -0.67, -0.47, -59.04, 7.78, 31.31
0.24, -0.68, -0.61, -29.32, -46.65, 21.60
0.09, -0.75, -0.83, -8.08, -55.81, -2.65
-0.23, -0.84, -0.93, 10.77, -41.00, -26.63
-0.36, -0.84, -0.81, 19.77, 14.11, -41.80
-0.07, -0.77, -0.67, 30.23, 32.19, -50.01
0.25, -0.75, -0.56, 33.25, 19.76, -49.22
0.48, -0.76, -0.50, 23.76, -2.45, -38.78
0.71, -0.74, -0.39, 11.35, -5.24, -11.17
0.99, -0.64, -0.31, 0.13, 4.67, 14.88
1.04, -0.56, -0.21, -13.00, 6.99, 25.27
0.83, -0.58, -0.15, -30.35, 20.36, 35.46
0.66, -0.67, -0.22, -48.75, 34.42, 42.66
0.50, -0.71, -0.29, -61.34, 40.19, 44.24
0.38, -0.70, -0.34, -64.00, 32.65, 44.21
0.38, -0.71, -0.42, -55.63, -10.39, 34.12
0.30, -0.75, -0.64, -34.21, -56.79, 24.76
0.06, -0.79, -0.81, -11.89, -60.31, -1.08
-0.30, -0.82, -0.90, 9.83, -46.62, -29.86
-0.40, -0.85, -0.84, 16.49, 8.63, -43.15
-0.08, -0.83, -0.71, 26.41, 31.07, -53.89
0.23, -0.79, -0.64, 29.82, 22.87, -55.28
0.43, -0.77, -0.56, 23.13, 7.57, -45.94
0.64, -0.75, -0.43, 8.84, 1.12, -23.43
0.96, -0.66, -0.32, -3.87, 11.39, 6.16
1.11, -0.55, -0.23, -18.03, 14.15, 23.64
0.97, -0.54, -0.12, -33.78, 21.02, 34.70
0.73, -0.63, -0.18, -53.00, 26.01, 41.29
0.46, -0.68, -0.31, -63.12, 22.59, 43.77
0.27, -0.64, -0.42, -58.75, -5.46, 39.76
0.16, -0.63, -0.56, -25.67, -63.79, 20.27
0.03, -0.72, -0.80, 2.18, -64.00, 2.30
-0.21, -0.86, -0.90, 21.14, -64.00, -18.48
-0.40, -0.88, -0.78, 23.72, -15.04, -39.44
-0.22, -0.81, -0.63, 26.71, 33.78, -50.31
0.19, -0.76, -0.54, 29.17, 31.88, -50.24
0.59, -0.77, -0.49, 18.13, 16.49, -29.29
0.89, -0.76, -0.40, 1.65, 9.36, 2.46
1.11, -0.68, -0.30, -9.97, 12.33, 21.43
1.08, -0.64, -0.21, -26.79, 17.50, 29.14
0.80, -0.70, -0.22, -46.29, 38.25, 36.13
0.54, -0.76, -0.29, -63.71, 50.98, 36.69
0.36, -0.74, -0.39, -64.00, 37.81, 34.23
0.26, -0.68, -0.53, -51.21, -11.29, 23.03
0.14, -0.70, -0.70, -24.54, -57.38, 8.27
-0.04, -0.80, -0.87, 1.92, -57.92, -13.54
-0.29, -0.84, -0.87, 9.52, -24.54, -32.08
-0.30, -0.78, -0.71, 18.86, 34.38, -43.82
0.04, -0.71, -0.61, 23.99, 50.48, -47.92
0.40, -0.71, -0.54, 20.70, 34.99, -36.28
0.61, -0.74, -0.43, 8.36, 15.88, -18.07
0.83, -0.70, -0.33, -2.60, 5.46, 4.46
0.98, -0.62, -0.28, -13.31, 3.97, 22.10
0.91, -0.59, -0.22, -27.87, 9.31, 26.35
0.68, -0.66, -0.21, -44.78, 29.52, 32.22
0.48, -0.76, -0.29, -59.10, 41.16, 33.35
0.37, -0.76, -0.40, -61.27, 28.11, 32.86
0.28, -0.73, -0.50, -44.56, -22.61, 21.18
0.18, -0.77, -0.68, -19.28, -64.00, 2.18
-0.03, -0.86, -0.87, 4.77, -64.00, -18.76
-0.28, -0.89, -0.84, 14.70, -21.10, -42.01
-0.29, -0.83, -0.71, 26.24, 25.50, -58.16
-0.01, -0.77, -0.64, 31.89, 32.37, -62.87
0.34, -0.77, -0.56, 24.59, 13.35, -48.79
0.68, -0.72, -0.41, 12.41, 11.78, -17.69
1.04, -0.61, -0.34, 8.95, 4.97, -0.71
1.00, -0.50, -0.23, -8.82, -12.34, 10.66
0.76, -0.52, -0.16, -26.63, 10.79, 25.10
0.60, -0.59, -0.20, -44.29, 24.51, 30.56
0.47, -0.65, -0.27, -54.20, 32.46, 34.30
0.37, -0.66, -0.35, -59.35, 27.57, 37.36
0.40, -0.66, -0.42, -53.90, 5.73, 38.46
0.42, -0.72, -0.53, -38.28, -39.63, 34.03
0.30, -0.81, -0.70, -17.51, -63.28, 19.62
0.02, -0.90, -0.82, -2.69, -56.81, -6.08
-0.23, -0.96, -0.83, 5.06, -19.11, -25.96
-0.17, -0.93, -0.76, 12.79, 26.68, -39.87
0.08, -0.84, -0.69, 20.78, 34.49, -48.38
0.29, -0.78, -0.64, 25.31, 23.73, -50.35
0.41, -0.79, -0.57, 17.32, 10.09, -43.04
0.61, -0.76, -0.43, 5.26, 6.40, -19.70
0.89, -0.64, -0.34, -4.26, 20.86, 7.07
0.95, -0.49, -0.22, -17.28, 11.57, 15.39
0.76, -0.48, -0.14, -30.90, 22.99, 26.87
0.57, -0.58, -0.23, -46.58, 31.69, 33.55
0.42, -0.66, -0.34, -55.03, 37.69, 35.57
0.33, -0.66, -0.39, -55.73, 34.90, 35.93
0.36, -0.66, -0.44, -49.38, 4.91, 33.94
0.38, -0.72, -0.53, -33.82, -38.94, 30.63
0.28, -0.84, -0.70, -8.66, -62.43, 14.99
-0.00, -0.91, -0.83, 3.62, -49.69, -9.73
-0.26, -0.97, -0.80, 6.21, -0.20, -28.79
-0.18, -0.89, -0.70, 15.09, 37.48, -41.75
0.11, -0.78, -0.64, 23.64, 32.68, -50.59
0.32, -0.78, -0.61, 24.23, 13.44, -49.26
0.49, -0.79, -0.51, 13.71, -0.10, -36.00
0.71, -0.73, -0.40, 2.46, 10.42, -9.09
0.97, -0.57, -0.30, -7.34, 10.35, 8.32
0.91, -0.48, -0.18, -22.00, 11.68, 21.66
0.74, -0.51, -0.18, -35.64, 25.99, 33.11
0.57, -0.61, -0.27, -50.05, 34.05, 37.83
0.38, -0.68, -0.33, -57.92, 35.71, 40.40
0.35, -0.69, -0.37, -57.69, 24.56, 39.24
0.38, -0.71, -0.46, -44.45, -19.10, 33.90
0.32, -0.78, -0.63, -23.46, -60.60, 21.15
0.10, -0.88, -0.79, -4.09, -57.75, 1.49
-0.19, -0.97, -0.84, 4.51, -31.22, -23.77
-0.28, -0.94, -0.77, 12.62, 24.07, -38.48
-0.04, -0.82, -0.68, 22.79, 41.82, -50.47
0.24, -0.76, -0.63, 28.44, 29.83, -53.63
0.40, -0.77, -0.54, 19.87, 7.24, -43.17
0.63, -0.75, -0.42, 7.62, 7.95, -15.70
0.93, -0.60, -0.31, -1.00, 13.08, 6.49
0.98, -0.47, -0.19, -13.58, 0.92, 17.79
0.79, -0.47, -0.14, -29.82, 21.24, 33.08
0.61, -0.57, -0.21, -45.99, 28.54, 37.71
0.44, -0.67, -0.30, -56.65, 31.13, 41.22
0.34, -0.69, -0.35, -59.12, 21.35, 40.57
0.38, -0.70, -0.44, -48.86, -13.42, 36.51
0.37, -0.76, -0.60, -28.42, -45.75, 29.00
0.17, -0.85, -0.73, -12.31, -51.96, 14.08
-0.07, -0.93, -0.80, 1.32, -26.42, -9.23
-0.21, -0.97, -0.79, 4.35, 7.60, -23.42
-0.05, -0.91, -0.69, 10.79, 30.92, -32.83
0.23, -0.80, -0.63, 16.16, 28.46, -38.23
0.39, -0.74, -0.59, 19.13, 12.15, -37.93
0.44, -0.73, -0.55, 14.36, 5.33, -32.75
0.51, -0.70, -0.49, 8.24, 3.30, -18.90
0.62, -0.63, -0.39, -3.55, 12.71, -1.91
0.75, -0.56, -0.29, -12.95, 21.95, 15.45
0.79, -0.52, -0.24, -23.70, 26.60, 24.05
0.67, -0.58, -0.24, -36.93, 31.27, 33.53
0.51, -0.70, -0.27, -49.27, 36.15, 36.82
0.42, -0.76, -0.33, -55.28, 37.32, 37.86
0.40, -0.75, -0.39, -53.21, 18.62, 35.21
0.36, -0.78, -0.48, -34.84, -32.70, 23.87
0.22, -0.88, -0.65, -15.85, -48.99, 12.03
-0.03, -0.96, -0.80, 0.21, -42.68, -14.97
-0.24, -0.94, -0.78, 8.16, -5.93, -33.63
-0.18, -0.85, -0.68, 17.88, 27.07, -47.42
0.08, -0.77, -0.62, 24.04, 32.93, -50.54
0.32, -0.74, -0.57, 25.24, 26.93, -46.04
0.48, -0.73, -0.49, 16.24, 9.15, -32.26
0.69, -0.68, -0.37, 3.28, 9.07, -5.42
0.92, -0.59, -0.26, -7.14, 2.14, 14.38
0.96, -0.53, -0.20, -20.16, 6.62, 24.93
0.77, -0.55, -0.20, -36.27, 17.09, 35.09
0.54, -0.64, -0.26, -51.98, 32.31, 40.84
0.42, -0.68, -0.34, -58.59, 37.36, 43.01
0.39, -0.69, -0.41, -55.45, 14.28, 40.41
0.35, -0.78, -0.48, -39.60, -42.88, 29.10
0.24, -0.87, -0.64, -25.24, -52.70, 22.81
0.02, -0.90, -0.75, -8.08, -41.75, -6.18
-0.24, -0.87, -0.79, 3.54, -8.75, -25.20
-0.18, -0.87, -0.72, 9.89, 34.58, -34.27
0.13, -0.83, -0.64, 17.50, 37.41, -38.00
0.34, -0.76, -0.58, 22.00, 26.97, -38.15
0.46, -0.75, -0.52, 19.95, 17.12, -34.94
0.54, -0.75, -0.44, 8.97, 5.56, -25.74
0.65, -0.72, -0.35, -1.72, 4.68, -10.84
0.77, -0.66, -0.28, -15.00, 8.18, 4.31
0.81, -0.61, -0.24, -27.35, 19.10, 14.25
0.69, -0.60, -0.23, -40.07, 32.47, 22.45
0.57, -0.65, -0.27, -51.98, 44.04, 29.85
0.47, -0.70, -0.35, -59.23, 42.59, 33.08
0.43, -0.71, -0.40, -57.74, 19.20, 31.32
0.39, -0.74, -0.48, -43.60, -32.54, 23.85
0.28, -0.79, -0.64, -25.62, -51.95, 12.80
0.02, -0.83, -0.81, -3.19, -48.44, -10.62
-0.26, -0.86, -0.84, 6.82, -15.21, -29.12
-0.22, -0.85, -0.75, 19.11, 28.41, -42.95
0.02, -0.81, -0.68, 27.19, 36.73, -53.10
0.22, -0.78, -0.59, 28.63, 19.22, -54.06
0.40, -0.77, -0.44, 21.44, 11.02, -38.79
0.73, -0.71, -0.36, 11.29, 12.56, -14.90
0.96, -0.60, -0.28, 0.11, 5.35, 5.31
0.96, -0.52, -0.18, -18.67, 18.93, 23.83
0.87, -0.54, -0.10, -35.41, 29.83, 33.59
0.70, -0.63, -0.16, -51.37, 39.09, 40.87
0.52, -0.69, -0.28, -61.13, 38.44, 40.66
0.40, -0.71, -0.35, -63.82, 24.32, 41.23
0.38, -0.72, -0.41, -53.53, -22.01, 33.97
0.33, -0.80, -0.52, -34.55, -61.36, 26.26
0.18, -0.86, -0.71, -14.74, -63.14, 11.62
-0.13, -0.88, -0.81, 3.04, -53.55, -19.53
-0.38, -0.87, -0.81, 9.43, 6.42, -34.11
-0.18, -0.82, -0.72, 22.29, 34.16, -47.86
0.17, -0.76, -0.66, 29.92, 30.42, -53.43
0.37, -0.78, -0.60, 28.27, 13.51, -47.10
0.56, -0.78, -0.48, 16.72, 6.24, -27.73
0.82, -0.72, -0.36, 8.00, 5.81, -5.69
1.02, -0.60, -0.29, -5.10, 6.83, 12.75
0.98, -0.54, -0.19, -22.14, 20.70, 25.38
0.78, -0.59, -0.15, -40.50, 32.79, 32.72
0.58, -0.72, -0.23, -58.03, 44.54, 37.35
0.42, -0.72, -0.31, -64.00, 42.99, 38.78
0.36, -0.70, -0.38, -60.03, 10.43, 32.70
0.33, -0.74, -0.48, -42.68, -54.71, 24.74
0.23, -0.82, -0.70, -15.71, -64.00, 11.20
-0.07, -0.87, -0.82, 0.72, -64.00, -17.71
-0.37, -0.88, -0.79, 9.32, -1.93, -35.39
-0.22, -0.84, -0.70, 20.80, 36.63, -50.55
0.15, -0.77, -0.66, 30.53, 38.50, -56.16
0.36, -0.78, -0.60, 29.27, 14.02, -50.75
0.57, -0.79, -0.48, 20.44, 3.80, -29.35
0.85, -0.73, -0.35, 12.29, -0.69, -6.90
1.01, -0.59, -0.29, -1.47, 3.22, 7.64
0.93, -0.52, -0.13, -21.11, 16.20, 21.08
0.76, -0.56, -0.12, -40.32, 32.35, 30.81
0.61, -0.63, -0.25, -56.39, 39.07, 36.15
0.42, -0.67, -0.32, -64.00, 43.13, 39.94
0.37, -0.67, -0.36, -64.00, 21.78, 37.85
0.39, -0.71, -0.43, -47.20, -29.76, 30.85
0.34, -0.79, -0.62, -23.54, -60.27, 25.80
0.11, -0.84, -0.74, -5.39, -60.74, 4.17
-0.20, -0.88, -0.77, 3.84, -32.87, -20.49
-0.24, -0.89, -0.71, 10.98, 10.33, -32.55
0.04, -0.85, -0.63, 20.27, 16.37, -45.33
0.29, -0.81, -0.60, 25.71, 5.72, -49.82
0.37, -0.81, -0.56, 24.92, -7.86, -48.82
0.49, -0.80, -0.48, 16.28, -12.70, -33.84
0.72, -0.70, -0.37, 7.37, -0.92, -5.55
0.97, -0.56, -0.28, -3.84, 10.13, 14.27
0.96, -0.50, -0.17, -20.44, 17.36, 25.01
0.77, -0.55, -0.16, -38.43, 29.62, 36.52
0.57, -0.66, -0.26, -57.65, 42.38, 41.48
0.41, -0.69, -0.34, -64.00, 42.24, 42.57
0.34, -0.68, -0.39, -60.24, 7.11, 37.03
0.33, -0.72, -0.53, -39.30, -46.32, 30.35
0.23, -0.81, -0.72, -17.02, -52.97, 15.49
-0.05, -0.87, -0.82, -1.98, -47.99, -12.60
-0.33, -0.90, -0.81, 5.13, 6.62, -23.85
-0.16, -0.86, -0.72, 15.69, 40.74, -37.34
0.17, -0.78, -0.65, 24.97, 37.25, -43.24
0.34, -0.76, -0.57, 25.90, 19.61, -39.54
0.50, -0.76, -0.47, 17.84, 8.76, -27.48
0.70, -0.72, -0.35, 5.70, 2.35, -4.08
0.92, -0.60, -0.26, -4.93, 7.21, 16.55
0.96, -0.52, -0.18, -20.00, 9.08, 24.47
0.77, -0.56, -0.16, -34.61, 18.07, 33.29
0.57, -0.69, -0.23, -53.94, 30.19, 39.49
0.43, -0.74, -0.30, -62.79, 33.62, 42.67
0.39, -0.71, -0.36, -54.96, -8.13, 36.17
0.36, -0.77, -0.51, -36.47, -46.85, 30.98
0.25, -0.86, -0.68, -20.63, -49.49, 21.11
-0.06, -0.89, -0.77, -7.43, -43.81, -10.26
-0.32, -0.89, -0.83, 3.47, 1.42, -23.39
-0.17, -0.88, -0.77, 11.80, 29.99, -35.88
0.13, -0.82, -0.65, 20.98, 33.09, -41.46
0.28, -0.76, -0.59, 22.29, 23.17, -42.84
0.40, -0.74, -0.51, 17.62, 13.25, -38.62
0.54, -0.72, -0.41, 11.45, 1.82, -24.95
0.73, -0.66, -0.34, -1.45, 1.73, -2.51
0.88, -0.60, -0.25, -13.49, 16.74, 18.21
0.91, -0.56, -0.18, -27.71, 23.49, 27.84
0.76, -0.61, -0.17, -45.22, 35.65, 40.10
0.57, -0.69, -0.24, -60.99, 37.05, 43.59
0.46, -0.71, -0.31, -64.00, 23.73, 45.01
0.40, -0.74, -0.39, -54.29, -23.75, 36.26
0.31, -0.82, -0.54, -39.26, -58.84, 28.84
0.08, -0.86, -0.71, -17.78, -64.00, 5.04
-0.25, -0.89, -0.82, -4.82, -43.26, -27.31
-0.38, -0.94, -0.80, -4.29, 12.22, -41.07
-0.12, -0.87, -0.70, 5.81, 34.94, -52.10
0.23, -0.76, -0.66, 12.97, 31.80, -53.24
0.46, -0.73, -0.60, 11.99, 21.75, -43.99
0.63, -0.72, -0.50, 8.82, 20.90, -26.47
0.78, -0.64, -0.41, 1.86, 11.69, -9.48
0.83, -0.57, -0.32, -12.17, 24.22, 12.29
0.87, -0.55, -0.23, -25.02, 30.30, 24.63
0.77, -0.58, -0.23, -39.01, 32.48, 34.60
0.57, -0.62, -0.28, -51.80, 42.65, 40.94
0.41, -0.65, -0.33, -55.29, 35.70, 36.80
0.31, -0.69, -0.40, -47.41, -4.96, 32.90
0.25, -0.77, -0.53, -29.93, -41.15, 24.05
0.10, -0.84, -0.68, -9.01, -58.11, 3.50
-0.15, -0.88, -0.78, 5.37, -29.52, -16.63
-0.24, -0.88, -0.72, 12.28, 13.83, -30.75
-0.04, -0.83, -0.62, 21.62, 34.81, -41.55
0.25, -0.78, -0.58, 24.33, 25.19, -42.45
0.44, -0.77, -0.50, 20.29, 11.90, -33.78
0.66, -0.74, -0.42, 12.54, 8.21, -17.71
0.83, -0.66, -0.32, 2.71, 1.54, 0.03
0.90, -0.60, -0.25, -13.03, 9.57, 15.58
0.84, -0.61, -0.20, -29.81, 17.25, 24.63
0.68, -0.65, -0.23, -45.76, 27.29, 32.46
0.52, -0.70, -0.29, -55.47, 32.79, 35.40
0.43, -0.69, -0.36, -56.66, 23.03, 33.72
0.39, -0.70, -0.44, -47.48, -17.65, 29.97
0.34, -0.78, -0.56, -31.64, -44.25, 25.82
0.17, -0.84, -0.71, -14.02, -43.81, 12.96
-0.10, -0.83, -0.81, 3.08, -23.18, -12.84
-0.23, -0.83, -0.77, 9.92, 6.80, -27.12
-0.10, -0.82, -0.70, 22.89, 16.79, -36.75
0.14, -0.75, -0.63, 29.21, 16.46, -42.27
0.29, -0.75, -0.54, 25.33, 7.12, -41.60
0.43, -0.76, -0.44, 16.28, 13.26, -30.37
0.65, -0.70, -0.35, 6.89, 7.17, -19.67
0.80, -0.66, -0.30, -4.67, 1.46, -4.04
0.86, -0.67, -0.28, -21.53, 14.27, 17.55
0.86, -0.69, -0.23, -37.63, 26.42, 27.35
0.73, -0.72, -0.23, -51.22, 35.69, 33.92
0.56, -0.74, -0.29, -58.64, 40.31, 34.84
0.43, -0.74, -0.38, -54.93, 7.95, 26.88
0.30, -0.78, -0.50, -38.95, -22.50, 22.07
0.18, -0.84, -0.67, -16.95, -44.94, 0.12
-0.08, -0.88, -0.81, -1.34, -40.44, -21.34
-0.27, -0.85, -0.80, 12.38, 4.12, -40.38
-0.17, -0.78, -0.69, 25.32, 33.32, -54.68
0.12, -0.74, -0.63, 29.51, 34.79, -51.44
0.42, -0.74, -0.49, 21.81, 29.81, -29.33
0.80, -0.69, -0.32, 10.85, 16.61, -5.45
1.04, -0.60, -0.24, -1.75, 2.41, 17.35
1.04, -0.53, -0.15, -19.98, 5.78, 28.31
0.85, -0.57, -0.13, -38.86, 18.10, 37.17
0.60, -0.66, -0.20, -59.49, 31.19, 40.37
0.44, -0.68, -0.32, -64.00, 30.52, 41.22
0.34, -0.66, -0.44, -57.59, -2.85, 37.53
0.25, -0.70, -0.60, -33.85, -45.10, 22.88
0.07, -0.80, -0.78, -6.89, -55.16, 5.95
-0.17, -0.88, -0.87, 9.47, -23.36, -16.88
-0.28, -0.91, -0.77, 15.47, 20.97, -32.22
-0.04, -0.87, -0.63, 22.47, 40.16, -39.51
0.31, -0.82, -0.56, 25.25, 29.02, -41.23
0.49, -0.81, -0.48, 19.12, 10.14, -33.99
0.63, -0.78, -0.38, 9.06, 4.08, -21.62
0.76, -0.70, -0.31, 0.28, -6.51, -7.67
0.84, -0.62, -0.26, -12.79, 2.36, 8.55
0.83, -0.59, -0.20, -27.67, 11.25, 18.17
0.70, -0.60, -0.20, -42.71, 23.20, 27.57
0.58, -0.65, -0.27, -55.58, 29.37, 35.73
0.48, -0.66, -0.34, -59.57, 29.25, 38.38
0.43, -0.65, -0.42, -53.20, -2.50, 35.37
0.36, -0.70, -0.53, -35.13, -42.47, 29.30
0.18, -0.78, -0.70, -15.80, -48.37, 17.02
-0.07, -0.84, -0.80, -1.51, -33.54, -9.33
-0.24, -0.87, -0.78, 6.82, 5.29, -21.88
-0.09, -0.87, -0.69, 16.86, 27.48, -31.88
0.18, -0.81, -0.63, 23.49, 30.05, -34.85
0.34, -0.77, -0.55, 22.65, 22.01, -33.74
0.47, -0.76, -0.44, 15.60, 20.64, -25.21
0.66, -0.73, -0.33, 5.84, 16.92, -11.30
0.80, -0.68, -0.25, -7.92, 2.40, 4.47
0.86, -0.65, -0.20, -23.29, 19.96, 21.29
0.85, -0.65, -0.16, -37.67, 25.01, 27.25
0.70, -0.69, -0.17, -54.28, 33.91, 35.09
0.55, -0.72, -0.25, -63.60, 37.51, 38.25
0.47, -0.71, -0.36, -62.45, 7.41, 34.93
0.37, -0.72, -0.48, -43.28, -33.69, 29.59
0.25, -0.77, -0.65, -20.66, -46.92, 19.02
0.00, -0.84, -0.77, -4.61, -34.28, -1.77
-0.24, -0.89, -0.79, 6.82, -3.27, -18.95
-0.22, -0.91, -0.70, 12.86, 29.09, -32.47
0.06, -0.85, -0.62, 22.70, 30.73, -37.62
0.29, -0.78, -0.58, 28.97, 20.38, -40.82
0.43, -0.76, -0.52, 25.23, 6.65, -35.72
0.56, -0.74, -0.43, 17.77, 5.54, -24.54
0.68, -0.68, -0.35, 9.52, -2.79, -14.38
0.71, -0.63, -0.30, -4.47, 6.01, 1.53
0.73, -0.61, -0.25, -22.44, 21.96, 14.66
0.76, -0.61, -0.20, -35.76, 24.98, 24.68
0.68, -0.64, -0.23, -48.60, 27.25, 31.62
0.55, -0.72, -0.31, -56.54, 29.15, 35.00
0.44, -0.70, -0.37, -55.91, 20.75, 35.21
0.39, -0.73, -0.46, -42.82, -13.76, 29.13
0.29, -0.79, -0.59, -24.94, -37.52, 21.75
0.10, -0.83, -0.73, -7.94, -34.02, 0.63
-0.13, -0.85, -0.78, 7.31, -19.15, -20.08
-0.18, -0.86, -0.73, 16.61, 13.45, -33.84
0.03, -0.84, -0.64, 23.41, 22.38, -41.88
0.29, -0.81, -0.57, 25.20, 16.72, -41.64
0.45, -0.78, -0.48, 17.56, 12.90, -35.51
0.63, -0.74, -0.36, 8.60, 10.16, -23.58
0.78, -0.69, -0.27, -1.45, 4.20, -6.85
0.88, -0.65, -0.21, -17.42, 9.62, 10.62
0.90, -0.66, -0.16, -33.00, 22.04, 24.89
0.79, -0.69, -0.16, -52.24, 28.72, 34.64
0.64, -0.70, -0.22, -64.00, 33.84, 40.17
0.50, -0.68, -0.32, -64.00, 17.59, 38.89
0.40, -0.70, -0.44, -54.30, -15.97, 33.79
0.24, -0.76, -0.61, -33.00, -45.27, 22.59
0.00, -0.78, -0.79, -8.91, -46.23, -2.07
-0.29, -0.81, -0.84, 7.90, -24.67, -21.19
-0.30, -0.83, -0.74, 17.09, 21.35, -35.79
-0.00, -0.80, -0.62, 24.17, 29.25, -40.49
0.31, -0.75, -0.52, 23.61, 22.49, -34.64
0.56, -0.74, -0.41, 17.25, 10.25, -23.49
0.73, -0.71, -0.31, 3.43, -0.38, -7.13
0.85, -0.68, -0.25, -8.37, -1.64, 7.55
0.88, -0.67, -0.19, -24.55, 4.83, 19.16
0.83, -0.70, -0.19, -40.49, 11.19, 27.43
0.68, -0.74, -0.23, -55.60, 19.39, 34.84
0.54, -0.74, -0.30, -61.25, 21.14, 36.05
0.45, -0.75, -0.38, -58.07, 8.27, 33.37
0.37, -0.79, -0.49, -48.02, -17.29, 25.60
0.20, -0.83, -0.64, -31.28, -35.72, 15.85
-0.00, -0.80, -0.77, -8.01, -29.70, -7.50
-0.22, -0.77, -0.82, 5.15, -16.37, -26.45
-0.21, -0.80, -0.76, 18.74, 18.52, -37.06
0.05, -0.77, -0.67, 26.11, 22.29, -41.99
0.26, -0.73, -0.57, 25.86, 18.20, -37.42
0.47, -0.71, -0.44, 15.54, 22.58, -23.63
0.72, -0.68, -0.29, 4.15, 15.63, -5.14
0.92, -0.64, -0.22, -9.56, 13.60, 12.00
0.95, -0.64, -0.18, -25.99, 14.96, 21.73
0.79, -0.69, -0.19, -44.47, 26.58, 29.91
0.57, -0.74, -0.27, -57.09, 35.48, 35.87
0.46, -0.73, -0.36, -58.38, 29.08, 34.42
0.35, -0.74, -0.46, -48.13, -6.91, 27.68
0.23, -0.77, -0.63, -25.75, -30.06, 14.26
-0.05, -0.80, -0.78, -4.48, -42.89, -11.35
-0.29, -0.82, -0.82, 7.34, -13.02, -27.35
-0.26, -0.79, -0.72, 21.23, 19.52, -43.43
0.01, -0.76, -0.61, 26.56, 18.58, -49.72
0.31, -0.76, -0.51, 24.25, 10.55, -41.72
0.58, -0.76, -0.39, 12.20, 11.82, -20.82
0.86, -0.70, -0.27, 7.86, 2.21, -8.00
0.98, -0.66, -0.24, -5.78, -2.10, 8.22
0.95, -0.67, -0.19, -22.58, 11.46, 20.61
0.85, -0.72, -0.18, -41.26, 24.44, 29.78
0.69, -0.75, -0.24, -55.45, 28.37, 36.00
0.53, -0.71, -0.34, -59.67, 26.91, 36.67
0.40, -0.70, -0.43, -53.64, 4.54, 32.65
0.27, -0.73, -0.58, -34.06, -19.30, 21.79
0.05, -0.77, -0.73, -16.35, -28.40, 3.02
-0.21, -0.79, -0.80, 1.85, -22.33, -19.27
-0.26, -0.79, -0.76, 12.15, 9.13, -32.65
-0.01, -0.74, -0.66, 23.76, 12.41, -40.54
0.22, -0.73, -0.57, 27.06, 7.73, -37.71
0.45, -0.75, -0.49, 19.66, 5.38, -27.26
0.66, -0.73, -0.37, 9.75, 14.19, -10.44
0.85, -0.68, -0.27, -0.71, 7.43, 3.39
0.92, -0.67, -0.19, -16.24, 15.26, 19.13
0.87, -0.70, -0.18, -34.54, 22.04, 25.04
0.75, -0.74, -0.19, -52.04, 26.60, 33.35
0.62, -0.75, -0.25, -62.54, 24.41, 35.81
0.49, -0.71, -0.34, -61.73, 13.67, 35.04
0.38, -0.71, -0.47, -51.21, -8.77, 27.74
0.20, -0.75, -0.64, -30.82, -23.74, 11.42
-0.12, -0.81, -0.74, -12.19, -30.05, -12.75
-0.33, -0.83, -0.79, 2.01, -4.33, -29.99
-0.17, -0.81, -0.72, 16.29, 14.19, -42.81
0.12, -0.77, -0.62, 25.56, 3.63, -46.52
0.35, -0.76, -0.55, 24.54, -1.99, -39.95
0.55, -0.76, -0.45, 14.39, 1.17, -25.10
0.78, -0.71, -0.34, 9.55, 5.31, -12.27
0.89, -0.66, -0.27, -5.22, 4.37, 0.80
0.86, -0.67, -0.22, -23.06, 18.28, 16.18
0.82, -0.69, -0.20, -36.52, 23.00, 24.98
0.72, -0.71, -0.26, -50.50, 20.82, 32.59
0.56, -0.70, -0.33, -56.60, 21.46, 36.21
0.43, -0.68, -0.39, -54.66, 12.86, 32.26
0.33, -0.70, -0.50, -43.07, -6.66, 26.06
0.19, -0.73, -0.68, -22.30, -26.34, 11.28
-0.06, -0.77, -0.79, -3.56, -30.33, -7.61
-0.27, -0.82, -0.81, 7.60, -1.54, -26.15
-0.16, -0.82, -0.71, 20.49, 16.90, -41.41
0.12, -0.78, -0.61, 28.01, 8.27, -42.42
0.35, -0.79, -0.53, 26.70, 0.55, -37.26
0.55, -0.80, -0.43, 16.67, -0.49, -26.76
0.70, -0.73, -0.34, 12.16, -2.29, -16.05
0.81, -0.66, -0.29, 0.02, 5.86, -4.18
0.80, -0.65, -0.23, -16.07, 11.10, 7.54
0.76, -0.67, -0.18, -31.65, 25.20, 21.06
0.75, -0.69, -0.21, -46.51, 18.36, 28.88
0.65, -0.71, -0.27, -58.86, 17.16, 34.57
0.52, -0.68, -0.33, -61.37, 13.99, 32.57
0.43, -0.70, -0.38, -58.60, -1.00, 30.68
0.37, -0.76, -0.48, -51.18, -26.31, 26.88
0.22, -0.78, -0.63, -31.55, -29.11, 16.52
0.03, -0.78, -0.75, -15.23, -30.99, -8.52
-0.22, -0.78, -0.83, 2.94, -19.32, -26.22
-0.18, -0.78, -0.80, 17.63, 12.88, -37.03
0.07, -0.76, -0.70, 27.82, 11.84, -44.20
0.27, -0.75, -0.60, 30.79, 11.02, -41.06
0.46, -0.76, -0.52, 23.99, 10.26, -30.01
0.67, -0.72, -0.39, 15.08, 11.67, -15.65
0.84, -0.66, -0.30, 3.39, 9.75, -0.35
0.92, -0.65, -0.22, -16.16, 15.98, 15.98
0.89, -0.68, -0.17, -34.00, 23.22, 26.50
0.75, -0.70, -0.19, -51.61, 25.12, 33.33
0.60, -0.72, -0.27, -61.42, 24.39, 37.23
0.47, -0.69, -0.36, -62.83, 12.58, 34.67
0.36, -0.69, -0.47, -50.51, -16.71, 27.32
0.20, -0.70, -0.61, -33.05, -43.58, 14.82
-0.02, -0.75, -0.77, -11.40, -45.55, -5.05
-0.23, -0.79, -0.83, 3.04, -36.10, -25.88
-0.25, -0.81, -0.77, 15.36, -3.55, -39.01
-0.03, -0.78, -0.67, 26.53, 2.53, -48.03
0.23, -0.77, -0.60, 31.20, 1.24, -45.64
0.46, -0.78, -0.50, 24.44, 4.64, -33.82
0.75, -0.74, -0.39, 15.52, 6.08, -13.87
0.95, -0.67, -0.29, 4.26, 4.20, 0.33
0.98, -0.64, -0.22, -15.41, 6.64, 15.48
0.88, -0.67, -0.17, -34.36, 23.98, 24.95
0.74, -0.70, -0.20, -50.65, 28.64, 31.51
0.58, -0.69, -0.30, -60.08, 27.05, 34.55
0.44, -0.66, -0.40, -59.03, 10.41, 31.92
0.34, -0.66, -0.50, -46.11, -14.51, 27.36
0.23, -0.71, -0.62, -28.43, -38.28, 16.22
0.04, -0.77, -0.75, -8.21, -40.11, 0.69
-0.13, -0.82, -0.80, 4.51, -17.88, -15.28
-0.14, -0.84, -0.72, 13.96, 17.92, -27.97
0.06, -0.81, -0.62, 21.68, 22.92, -33.99
0.31, -0.77, -0.56, 25.06, 15.84, -30.77
0.49, -0.77, -0.48, 21.15, 2.64, -26.93
0.59, -0.75, -0.41, 12.22, -5.55, -18.26
0.69, -0.71, -0.34, 0.91, 2.36, -1.01
0.79, -0.66, -0.26, -11.95, 9.68, 10.30
0.82, -0.64, -0.21, -24.66, 15.77, 20.11
0.72, -0.66, -0.24, -39.74, 23.23, 28.28
0.57, -0.69, -0.30, -51.99, 29.96, 34.32
0.49, -0.67, -0.36, -54.89, 26.28, 36.26
0.42, -0.67, -0.42, -49.85, 2.07, 33.59
0.35, -0.72, -0.54, -35.71, -30.28, 27.26
0.16, -0.77, -0.67, -18.94, -35.45, 14.88
-0.08, -0.82, -0.77, -3.11, -27.82, -10.40
-0.22, -0.85, -0.78, 6.06, -3.96, -22.43
-0.07, -0.84, -0.70, 18.26, 18.49, -35.63
0.16, -0.80, -0.63, 24.87, 16.30, -39.83
0.37, -0.79, -0.56, 24.52, 6.99, -36.94
0.51, -0.78, -0.48, 16.99, 7.67, -26.46
0.70, -0.73, -0.37, 7.66, 8.15, -11.74
0.82, -0.66, -0.28, -4.46, 9.90, 4.78
0.84, -0.63, -0.20, -20.54, 23.58, 17.64
0.79, -0.64, -0.18, -34.65, 26.91, 25.12
0.64, -0.69, -0.26, -49.95, 29.82, 34.31
0.51, -0.69, -0.33, -54.87, 28.88, 36.81
0.42, -0.68, -0.38, -53.40, 13.89, 33.74
0.33, -0.72, -0.47, -43.41, -23.04, 26.60
0.18, -0.76, -0.62, -23.16, -43.07, 16.22
0.00, -0.81, -0.73, -8.36, -36.24, -8.20
-0.21, -0.86, -0.75, -1.26, -14.32, -25.13
-0.18, -0.85, -0.68, 7.43, 16.78, -35.88
0.08, -0.80, -0.61, 15.05, 18.27, -40.70
0.33, -0.78, -0.57, 17.39, 9.72, -38.11
0.46, -0.79, -0.51, 13.91, 3.81, -30.09
0.61, -0.77, -0.44, 8.88, -2.61, -23.66
0.74, -0.71, -0.36, -1.94, -0.45, -6.82
0.82, -0.67, -0.28, -14.60, 4.07, 5.14
0.80, -0.66, -0.23, -28.34, 19.32, 16.15
0.71, -0.66, -0.25, -40.13, 24.03, 22.43
0.58, -0.67, -0.34, -51.06, 27.93, 29.39
0.48, -0.65, -0.39, -54.49, 28.04, 31.04
0.44, -0.65, -0.43, -50.04, 16.00, 31.34
0.39, -0.70, -0.51, -41.38, -6.19, 27.99
0.23, -0.75, -0.64, -25.51, -31.20, 20.01
0.04, -0.75, -0.75, -6.27, -26.97, -0.48
-0.16, -0.78, -0.80, 5.67, -18.46, -22.00
-0.17, -0.84, -0.73, 13.16, 14.12, -34.98
0.06, -0.82, -0.63, 20.75, 13.47, -42.25
0.28, -0.79, -0.58, 24.10, 9.38, -40.48
0.45, -0.80, -0.53, 17.98, 5.50, -35.03
0.61, -0.77, -0.42, 11.93, 5.92, -21.76
0.77, -0.69, -0.33, 4.34, 8.88, -6.17
0.85, -0.65, -0.25, -11.63, 20.30, 9.10
0.84, -0.65, -0.17, -26.88, 26.70, 19.60
0.75, -0.66, -0.20, -40.54, 26.30, 27.21
0.60, -0.69, -0.28, -50.60, 26.27, 31.51
0.46, -0.70, -0.34, -54.80, 21.88, 30.73
0.36, -0.69, -0.43, -49.39, -10.94, 24.57
0.25, -0.70, -0.58, -26.18, -43.78, 13.59
0.06, -0.77, -0.74, -5.04, -60.07, -6.70
-0.17, -0.87, -0.79, 5.11, -31.10, -22.59
-0.22, -0.88, -0.72, 17.26, 4.12, -44.24
-0.03, -0.79, -0.64, 26.72, 18.47, -51.62
0.24, -0.78, -0.57, 26.76, 12.04, -47.73
0.55, -0.79, -0.47, 14.77, 14.70, -28.76
0.85, -0.70, -0.36, 12.13, 15.45, -13.17
0.94, -0.60, -0.31, 2.28, -5.81, -7.41
0.80, -0.60, -0.28, -20.59, 15.60, 12.53
0.75, -0.64, -0.26, -33.78, 28.00, 20.03
0.69, -0.63, -0.31, -45.55, 32.59, 27.72
0.55, -0.63, -0.36, -50.15, 33.86, 31.74
0.46, -0.66, -0.40, -51.06, 35.16, 34.03
0.41, -0.71, -0.45, -47.46, 12.87, 30.20
0.32, -0.78, -0.52, -36.13, -19.61, 24.95
0.21, -0.81, -0.64, -20.70, -32.25, 13.96
0.01, -0.80, -0.74, -2.03, -31.19, -11.58
-0.14, -0.83, -0.74, 7.79, -2.62, -28.30
-0.08, -0.85, -0.67, 23.14, 1.65, -43.70
0.08, -0.87, -0.62, 29.39, -2.26, -49.72
0.28, -0.88, -0.58, 30.35, 1.28, -49.24
0.48, -0.83, -0.45, 22.95, -2.29, -40.53
0.75, -0.71, -0.36, 18.69, 10.14, -22.12
0.94, -0.57, -0.31, 4.00, 15.47, -4.86
0.92, -0.54, -0.21, -14.90, 28.54, 15.65
0.88, -0.54, -0.15, -29.71, 37.75, 26.41
0.78, -0.56, -0.21, -46.16, 31.61, 34.76
0.56, -0.60, -0.30, -59.50, 33.27, 41.12
0.43, -0.61, -0.35, -61.72, 28.42, 41.37
0.39, -0.67, -0.41, -52.71, -14.62, 35.23
0.32, -0.76, -0.53, -37.45, -43.50, 30.68
0.18, -0.83, -0.69, -21.23, -41.08, 14.32
-0.08, -0.84, -0.77, -3.32, -34.75, -14.44
-0.27, -0.88, -0.77, 6.34, 6.53, -25.69
-0.09, -0.91, -0.67, 17.32, 25.54, -40.83
0.22, -0.86, -0.60, 25.49, 19.16, -44.56
0.40, -0.81, -0.55, 22.56, 7.10, -39.45
0.59, -0.77, -0.43, 11.80, 12.04, -23.81
0.84, -0.68, -0.29, 3.25, 7.92, -3.52
1.01, -0.57, -0.25, -11.43, 6.56, 13.28
0.94, -0.52, -0.19, -24.89, 13.31, 23.26
0.71, -0.57, -0.20, -43.09, 24.64, 30.18
0.52, -0.66, -0.28, -56.67, 33.69, 35.65
0.43, -0.67, -0.35, -60.55, 25.83, 38.59
0.42, -0.66, -0.42, -49.89, -18.58, 33.41
0.36, -0.73, -0.55, -31.57, -46.37, 30.03
0.21, -0.83, -0.68, -17.73, -38.82, 11.59
-0.10, -0.89, -0.75, -4.37, -28.15, -12.68
-0.25, -0.88, -0.75, 4.02, 17.79, -23.94
-0.03, -0.87, -0.67, 18.43, 23.96, -39.37
0.21, -0.85, -0.62, 26.82, 6.13, -43.38
0.34, -0.84, -0.58, 29.52, -5.45, -46.32
0.43, -0.81, -0.49, 22.55, -12.91, -41.64
0.62, -0.73, -0.39, 12.74, -6.06, -25.85
0.82, -0.62, -0.27, 0.85, 3.54, -6.40
0.89, -0.53, -0.21, -14.57, 14.31, 8.40
0.82, -0.51, -0.17, -29.94, 26.86, 22.85
0.74, -0.57, -0.21, -42.12, 29.58, 30.87
0.60, -0.65, -0.30, -53.46, 24.64, 35.82
0.48, -0.67, -0.37, -56.71, 19.66, 40.63
0.43, -0.67, -0.42, -48.73, -2.93, 36.69
0.36, -0.74, -0.51, -35.19, -42.85, 28.51
0.21, -0.85, -0.65, -19.26, -37.59, 19.12
-0.00, -0.91, -0.75, -5.40, -25.21, -10.67
-0.20, -0.92, -0.76, 3.14, 5.93, -23.41
-0.07, -0.90, -0.69, 16.14, 26.30, -38.20
0.20, -0.84, -0.64, 25.27, 17.50, -45.06
0.34, -0.81, -0.58, 24.64, 8.12, -46.36
0.46, -0.80, -0.47, 17.51, 3.19, -39.90
0.65, -0.74, -0.36, 6.82, 1.66, -20.47
0.86, -0.62, -0.28, -5.80, 4.75, -1.42
0.92, -0.51, -0.21, -21.00, 12.08, 13.66
0.82, -0.49, -0.17, -32.13, 17.21, 21.70
0.63, -0.58, -0.22, -47.37, 26.54, 31.45
0.52, -0.66, -0.30, -56.95, 29.41, 35.65
0.46, -0.67, -0.36, -56.15, 15.51, 37.02
0.43, -0.70, -0.42, -44.19, -21.79, 31.41
0.33, -0.82, -0.58, -27.23, -54.80, 22.26
0.11, -0.89, -0.73, -10.64, -45.26, 1.49
-0.21, -0.91, -0.79, 4.27, -24.27, -27.45
-0.29, -0.93, -0.74, 13.81, 22.74, -44.06
-0.01, -0.89, -0.67, 26.13, 25.69, -55.62
0.24, -0.83, -0.63, 30.57, 15.14, -54.43
0.45, -0.79, -0.51, 24.99, 4.35, -44.61
0.72, -0.73, -0.36, 11.95, 4.20, -16.85
1.00, -0.58, -0.27, 4.89, 2.63, -2.64
0.97, -0.47, -0.20, -13.82, 2.23, 13.65
0.80, -0.50, -0.14, -32.99, 26.29, 26.47
0.69, -0.58, -0.20, -48.52, 29.47, 32.73
0.53, -0.64, -0.30, -57.49, 26.40, 37.38
0.43, -0.67, -0.37, -57.97, 9.39, 37.39
0.39, -0.71, -0.44, -49.25, -15.88, 33.25
0.32, -0.81, -0.57, -27.76, -54.43, 20.83
0.15, -0.84, -0.72, -8.10, -50.27, 4.73
-0.09, -0.90, -0.83, 3.37, -26.39, -19.21
-0.24, -0.92, -0.77, 11.46, 19.94, -33.00
-0.03, -0.86, -0.66, 22.46, 40.11, -43.29
0.27, -0.82, -0.60, 28.05, 22.59, -45.70
0.47, -0.82, -0.52, 21.39, 4.57, -38.38
0.63, -0.79, -0.40, 12.36, -5.37, -24.16
0.83, -0.68, -0.30, 0.64, 0.16, -5.81
0.92, -0.57, -0.23, -11.41, 1.20, 8.43
0.84, -0.53, -0.18, -28.94, 19.92, 20.98
0.73, -0.56, -0.20, -43.38, 26.90, 29.83
0.59, -0.63, -0.29, -55.32, 28.32, 36.48
0.49, -0.65, -0.37, -57.77, 19.77, 38.13
0.45, -0.68, -0.40, -52.48, -2.01, 35.96
0.40, -0.75, -0.49, -36.60, -37.89, 30.57
0.29, -0.82, -0.63, -20.85, -37.84, 21.96
0.05, -0.87, -0.76, -5.77, -28.65, -1.55
-0.21, -0.89, -0.76, 2.70, 5.39, -19.80
-0.13, -0.90, -0.69, 12.36, 37.20, -33.66
0.13, -0.84, -0.63, 22.97, 28.96, -40.97
0.30, -0.79, -0.58, 25.15, 14.69, -43.83
0.40, -0.80, -0.49, 19.26, 2.84, -41.07
0.60, -0.76, -0.36, 8.50, 0.66, -23.79
0.83, -0.66, -0.28, -0.85, -5.23, -6.11
0.90, -0.54, -0.24, -14.11, 6.06, 9.39
0.82, -0.50, -0.19, -28.19, 20.09, 21.50
0.69, -0.55, -0.21, -41.53, 28.56, 31.12
0.57, -0.63, -0.29, -51.97, 30.45, 37.24
0.48, -0.65, -0.35, -54.05, 19.24, 38.90
0.43, -0.68, -0.41, -47.62, -8.23, 36.24
0.37, -0.77, -0.51, -35.06, -42.76, 31.02
0.23, -0.83, -0.66, -17.51, -39.10, 17.56
-0.02, -0.88, -0.74, -5.88, -22.61, -8.06
-0.18, -0.91, -0.72, -0.78, 20.15, -20.14
0.01, -0.88, -0.66, 8.30, 36.16, -28.87
0.28, -0.81, -0.61, 18.55, 22.10, -32.10
0.40, -0.79, -0.57, 20.52, 10.07, -33.29
0.42, -0.81, -0.51, 16.96, -0.35, -34.81
0.51, -0.77, -0.43, 9.81, -1.49, -23.98
0.69, -0.68, -0.33, 0.11, 1.47, -4.93
0.84, -0.57, -0.25, -10.52, 7.45, 10.18
0.84, -0.52, -0.21, -21.99, 10.84, 20.52
0.70, -0.57, -0.23, -35.12, 12.66, 29.96
0.55, -0.66, -0.29, -46.89, 10.15, 33.92
0.45, -0.68, -0.36, -48.54, 5.67, 37.15
0.43, -0.68, -0.41, -43.36, -13.98, 34.49
0.43, -0.75, -0.47, -36.53, -36.96, 30.08
0.32, -0.84, -0.58, -24.40, -44.88, 24.87
0.13, -0.86, -0.67, -13.48, -26.79, 8.41
-0.08, -0.86, -0.71, -5.27, -4.75, -12.21
-0.14, -0.87, -0.71, -0.23, 23.85, -24.20
0.01, -0.83, -0.67, 10.05, 24.94, -34.80
0.22, -0.78, -0.64, 18.07, 17.90, -37.46
0.33, -0.78, -0.56, 19.29, 12.78, -38.93
0.42, -0.79, -0.49, 13.89, 11.11, -33.12
0.59, -0.73, -0.40, 5.97, 8.36, -18.74
0.75, -0.64, -0.32, -4.67, 9.18, 0.35
0.86, -0.58, -0.23, -15.97, 16.64, 15.19
0.81, -0.57, -0.19, -27.74, 18.21, 22.94
0.64, -0.64, -0.21, -44.15, 23.79, 30.52
0.52, -0.70, -0.28, -53.10, 21.08, 35.38
0.45, -0.70, -0.36, -52.42, 7.26, 34.65
0.42, -0.72, -0.43, -42.34, -26.43, 27.95
0.33, -0.80, -0.57, -27.08, -43.40, 22.74
0.14, -0.86, -0.66, -13.97, -32.27, 4.45
-0.10, -0.89, -0.71, -4.42, -10.47, -16.58
-0.15, -0.88, -0.70, -0.24, 25.36, -22.94
0.09, -0.82, -0.62, 9.60, 29.53, -31.07
0.30, -0.77, -0.59, 16.60, 11.27, -33.58
0.36, -0.76, -0.56, 18.28, -1.57, -34.56
0.40, -0.78, -0.49, 14.12, -9.46, -33.07
0.51, -0.75, -0.42, 5.68, -8.14, -21.17
0.66, -0.67, -0.35, -2.16, -5.79, -8.43
0.73, -0.60, -0.29, -13.03, 5.01, 5.82
0.74, -0.58, -0.26, -23.21, 11.74, 15.74
0.66, -0.61, -0.28, -32.74, 11.54, 24.08
0.53, -0.66, -0.34, -41.19, 13.17, 27.37
0.44, -0.68, -0.38, -44.03, 14.31, 31.62
0.44, -0.68, -0.41, -44.47, 5.80, 31.57
0.48, -0.72, -0.44, -38.64, -13.14, 31.57
0.43, -0.79, -0.54, -28.93, -21.59, 29.42
0.25, -0.84, -0.66, -18.34, -16.91, 15.11
0.01, -0.87, -0.67, -6.50, -8.63, -5.73
-0.10, -0.90, -0.71, -0.49, 11.00, -20.23
0.00, -0.90, -0.66, 7.81, 17.57, -34.90
0.14, -0.84, -0.61, 17.64, 12.64, -41.87
0.24, -0.80, -0.58, 19.51, 12.41, -46.15
0.32, -0.80, -0.49, 13.91, 5.28, -40.79
0.52, -0.74, -0.39, 5.93, 8.39, -23.58
0.78, -0.63, -0.33, -2.43, 3.79, -8.51
0.87, -0.54, -0.25, -14.67, 8.38, 7.56
0.80, -0.52, -0.20, -25.42, 17.07, 17.50
0.64, -0.56, -0.25, -38.00, 23.26, 25.69
0.48, -0.63, -0.34, -47.37, 25.28, 31.38
0.40, -0.64, -0.40, -48.87, 20.76, 33.96
0.43, -0.67, -0.43, -42.14, -0.91, 31.69
0.44, -0.74, -0.49, -34.88, -27.00, 30.62
0.35, -0.83, -0.59, -23.86, -29.03, 26.43
0.17, -0.84, -0.65, -13.56, -15.17, 8.75
-0.05, -0.86, -0.68, -4.95, -1.83, -11.90
-0.06, -0.91, -0.69, 1.11, 22.11, -19.80
0.14, -0.90, -0.64, 10.33, 16.15, -31.56
0.26, -0.85, -0.59, 17.15, 6.17, -38.51
0.31, -0.85, -0.55, 15.65, -0.07, -41.46
0.39, -0.83, -0.48, 10.47, 3.64, -34.81
0.59, -0.74, -0.41, 4.89, 4.41, -22.95
0.74, -0.63, -0.36, -1.09, 8.43, -8.23
0.74, -0.55, -0.30, -11.71, 7.04, 5.31
0.67, -0.55, -0.24, -21.62, 16.29, 15.05
0.61, -0.58, -0.28, -30.40, 14.27, 21.27
0.50, -0.61, -0.34, -38.57, 18.23, 27.17
0.44, -0.62, -0.38, -41.45, 17.13, 31.11
0.46, -0.64, -0.40, -40.74, 7.36, 34.44
0.48, -0.70, -0.45, -35.65, -8.68, 38.21
0.41, -0.77, -0.52, -26.28, -23.53, 33.10
0.25, -0.84, -0.58, -16.11, -22.80, 22.17
0.08, -0.91, -0.65, -7.25, -2.59, 1.54
-0.04, -0.95, -0.66, -5.77, 7.29, -15.23
-0.01, -0.93, -0.62, 0.66, 29.78, -23.81
0.17, -0.83, -0.62, 11.54, 13.04, -35.15
0.27, -0.77, -0.63, 20.84, 3.26, -38.94
0.30, -0.79, -0.58, 20.50, 2.98, -39.10
0.40, -0.78, -0.50, 13.12, 14.08, -27.02
0.63, -0.69, -0.36, 4.42, 22.05, -8.04
0.86, -0.59, -0.26, -6.10, 21.69, 9.31
0.88, -0.55, -0.20, -19.26, 24.12, 25.13
0.75, -0.58, -0.18, -33.40, 19.91, 31.62
0.58, -0.67, -0.24, -46.93, 20.24, 37.44
0.46, -0.68, -0.32, -51.25, 17.29, 38.12
0.41, -0.67, -0.38, -47.08, -3.58, 35.38
0.36, -0.73, -0.47, -38.68, -31.30, 31.19
0.24, -0.81, -0.58, -26.23, -36.16, 23.90
0.07, -0.83, -0.66, -14.28, -21.56, 3.77
-0.10, -0.86, -0.69, -2.81, -6.49, -14.72
-0.06, -0.88, -0.69, 0.94, 12.44, -22.26
0.14, -0.83, -0.64, 10.81, 6.17, -29.13
0.30, -0.77, -0.57, 13.77, 6.61, -28.99
0.44, -0.77, -0.49, 7.98, 11.22, -21.08
0.57, -0.75, -0.39, -0.39, 17.53, -10.56
0.68, -0.69, -0.33, -11.00, 17.92, 3.85
0.76, -0.67, -0.27, -22.04, 16.69, 17.40
0.78, -0.69, -0.25, -34.19, 10.95, 27.64
0.70, -0.70, -0.28, -44.29, 8.78, 36.61
0.55, -0.68, -0.35, -44.33, 6.23, 36.80
0.38, -0.69, -0.42, -41.07, -6.17, 28.39
0.22, -0.76, -0.52, -34.24, -24.11, 23.39
0.09, -0.81, -0.64, -17.68, -22.43, 11.81
-0.01, -0.80, -0.73, -2.42, -14.92, -8.71
-0.13, -0.83, -0.73, 4.34, 1.51, -18.05
-0.06, -0.84, -0.65, 15.31, 12.11, -28.64
0.16, -0.81, -0.59, 20.93, 8.09, -33.00
0.31, -0.80, -0.52, 18.79, 8.94, -31.98
0.45, -0.79, -0.43, 9.65, 13.29, -27.42
0.56, -0.74, -0.33, -1.24, 10.26, -16.36
0.68, -0.68, -0.28, -12.68, 11.39, -1.62
0.81, -0.66, -0.25, -24.59, 15.82, 13.22
0.79, -0.67, -0.24, -32.83, 11.67, 19.90
0.64, -0.69, -0.31, -42.99, 19.17, 28.98
0.48, -0.68, -0.39, -44.44, 21.40, 30.55
0.39, -0.69, -0.43, -42.42, 16.89, 30.61
0.36, -0.76, -0.47, -37.21, 0.80, 26.93
0.25, -0.82, -0.58, -22.17, -13.07, 17.06
0.04, -0.82, -0.68, -8.39, -19.29, -4.38
-0.14, -0.85, -0.72, 0.40, -1.24, -18.73
-0.07, -0.84, -0.70, 11.73, 9.96, -32.02
0.13, -0.79, -0.64, 22.76, -2.51, -37.72
0.26, -0.79, -0.58, 24.55, -3.68, -39.93
0.36, -0.82, -0.51, 18.79, 2.51, -37.09
0.50, -0.77, -0.43, 11.45, 12.59, -27.65
0.67, -0.69, -0.33, 0.61, 13.32, -11.64
0.79, -0.65, -0.26, -8.52, 13.14, 5.69
0.85, -0.62, -0.22, -22.51, 17.57, 18.29
0.76, -0.63, -0.21, -35.56, 10.36, 25.55
0.56, -0.67, -0.25, -48.51, 16.16, 30.50
0.43, -0.68, -0.33, -51.83, 18.43, 30.33
0.36, -0.67, -0.39, -47.65, 8.50, 30.39
0.36, -0.72, -0.50, -38.82, -12.09, 28.82
0.27, -0.79, -0.59, -26.81, -26.86, 21.38
0.05, -0.82, -0.65, -7.31, -33.01, 0.58
-0.11, -0.85, -0.78, 2.42, -18.69, -17.55
-0.12, -0.88, -0.70, 11.24, 5.96, -31.43
0.05, -0.84, -0.61, 20.52, 11.28, -41.31
0.26, -0.82, -0.58, 22.02, 10.58, -39.81
0.41, -0.82, -0.52, 15.29, 16.51, -33.37
0.58, -0.77, -0.41, 6.85, 15.30, -23.55
0.73, -0.69, -0.33, -3.25, 12.02, -6.94
0.82, -0.64, -0.27, -15.84, 13.64, 8.64
0.81, -0.62, -0.24, -25.79, 16.93, 18.75
0.67, -0.64, -0.25, -38.58, 16.26, 26.94
0.53, -0.67, -0.31, -46.46, 22.53, 31.23
0.44, -0.66, -0.36, -48.07, 24.44, 34.08
0.41, -0.67, -0.39, -45.14, 16.92, 33.42
0.38, -0.73, -0.45, -36.28, -6.90, 30.79
0.23, -0.81, -0.55, -26.27, -21.95, 23.20
0.06, -0.85, -0.61, -12.56, -26.98, 4.89
-0.07, -0.86, -0.71, 0.49, -12.33, -13.56
-0.07, -0.87, -0.71, 5.36, 4.80, -23.91
0.08, -0.85, -0.61, 13.83, 8.97, -30.64
0.24, -0.81, -0.57, 19.08, 6.38, -32.97
0.34, -0.79, -0.55, 16.99, 3.66, -33.85
0.44, -0.79, -0.46, 8.47, 11.16, -26.27
0.60, -0.74, -0.36, 0.61, 7.79, -14.70
0.75, -0.67, -0.30, -9.63, 9.42, 3.98
0.83, -0.63, -0.25, -19.07, 16.19, 16.93
0.75, -0.63, -0.23, -32.05, 16.86, 25.59
0.60, -0.66, -0.28, -43.63, 20.15, 32.22
0.47, -0.68, -0.35, -48.91, 21.12, 34.78
0.41, -0.67, -0.39, -46.91, 6.62, 31.91
0.37, -0.74, -0.46, -36.38, -12.93, 29.59
0.25, -0.83, -0.60, -24.11, -29.91, 18.99
0.00, -0.87, -0.68, -10.13, -19.65, -0.25
-0.17, -0.86, -0.74, -1.79, -1.68, -18.62
-0.08, -0.85, -0.67, 9.51, 18.45, -30.08
0.13, -0.83, -0.60, 19.10, 6.04, -38.31
0.27, -0.82, -0.58, 22.98, -3.50, -39.82
0.37, -0.83, -0.53, 18.14, 2.43, -37.63
0.50, -0.79, -0.43, 6.80, 15.66, -23.78
0.72, -0.68, -0.31, 3.94, 12.79, -16.27
0.77, -0.60, -0.29, -9.23, 8.87, 1.61
0.73, -0.61, -0.25, -22.08, 26.38, 15.90
0.68, -0.62, -0.23, -32.34, 17.83, 20.36
0.55, -0.66, -0.28, -42.09, 18.92, 26.70
0.45, -0.67, -0.36, -45.00, 20.19, 28.41
0.39, -0.69, -0.39, -44.15, 13.41, 27.12
0.38, -0.74, -0.43, -38.80, -4.45, 26.58
0.32, -0.80, -0.53, -25.58, -22.42, 20.54
0.14, -0.84, -0.64, -9.01, -26.39, 2.52
-0.07, -0.90, -0.69, -1.74, -9.61, -14.30
-0.09, -0.92, -0.65, 5.58, 12.36, -29.02
0.08, -0.86, -0.61, 14.92, 10.78, -37.49
0.25, -0.82, -0.58, 20.33, 1.82, -40.81
0.36, -0.83, -0.54, 15.73, 9.71, -36.78
0.51, -0.79, -0.43, 8.03, 12.26, -28.24
0.69, -0.71, -0.35, -0.10, 16.20, -14.91
0.78, -0.63, -0.28, -10.69, 12.28, -3.00
0.75, -0.60, -0.24, -24.02, 18.50, 12.75
0.69, -0.59, -0.23, -32.22, 19.99, 20.55
0.61, -0.61, -0.27, -41.89, 19.94, 29.77
0.48, -0.64, -0.32, -46.58, 5.85, 30.88
0.42, -0.66, -0.35, -47.49, 24.35, 43.38
0.46, -0.67, -0.42, -39.62, -7.43, 31.57
0.28, -0.74, -0.49, -28.10, -35.66, 27.31
0.10, -0.85, -0.63, -11.88, -33.75, 13.13
-0.06, -0.94, -0.75, 1.62, -23.99, -12.73
-0.18, -0.91, -0.72, 7.51, 8.19, -24.90
0.02, -0.88, -0.61, 16.97, 18.83, -36.10
0.29, -0.86, -0.57, 20.72, 10.13, -36.42
0.45, -0.87, -0.51, 15.77, 5.15, -32.36
0.56, -0.83, -0.44, 7.01, 8.29, -22.03
0.69, -0.74, -0.32, -5.82, 13.57, -7.68
0.81, -0.65, -0.23, -18.12, 16.09, 6.81
0.81, -0.60, -0.19, -30.39, 12.29, 14.32
0.67, -0.62, -0.24, -42.13, 9.74, 22.68
0.48, -0.67, -0.31, -50.82, 13.77, 25.22
0.36, -0.68, -0.41, -50.96, 14.49, 24.93
0.34, -0.68, -0.43, -44.49, -0.52, 24.09
0.34, -0.73, -0.56, -28.90, -27.37, 19.99
0.22, -0.80, -0.66, -11.36, -31.99, 8.90
0.01, -0.86, -0.73, -1.11, -20.61, -9.07
-0.11, -0.87, -0.72, 5.17, 11.04, -21.40
0.01, -0.83, -0.64, 18.86, 11.67, -33.54
0.20, -0.82, -0.58, 22.52, 5.75, -36.27
0.33, -0.87, -0.53, 19.39, -2.38, -37.92
0.45, -0.84, -0.46, 11.14, 4.50, -30.40
0.61, -0.74, -0.36, 2.21, 14.55, -18.48
0.75, -0.65, -0.28, -6.85, 9.13, -6.99
0.75, -0.62, -0.23, -23.08, 16.21, 8.49
0.72, -0.62, -0.23, -31.02, 8.75, 13.32
0.58, -0.63, -0.29, -40.35, 9.46, 19.46
0.43, -0.66, -0.36, -43.65, 12.29, 20.06
0.38, -0.68, -0.41, -40.12, 11.63, 21.07
0.39, -0.73, -0.45, -35.85, -2.18, 20.01
0.37, -0.79, -0.53, -25.36, -20.98, 18.04
0.26, -0.82, -0.60, -11.23, -25.92, 7.05
0.09, -0.86, -0.67, -0.18, -17.18, -11.14
-0.01, -0.89, -0.68, 6.25, 5.58, -23.98
0.06, -0.86, -0.63, 15.86, 10.96, -35.71
0.20, -0.83, -0.59, 19.90, 9.75, -39.62
0.35, -0.83, -0.52, 16.48, 6.46, -35.14
0.53, -0.80, -0.40, 8.21, 9.65, -22.38
0.76, -0.69, -0.30, 0.80, 9.19, -5.44
0.83, -0.59, -0.23, -11.61, 8.46, 6.18
0.75, -0.57, -0.19, -21.59, 10.14, 14.04
0.62, -0.60, -0.23, -32.52, 13.10, 21.22
0.48, -0.64, -0.30, -38.72, 15.90, 25.14
0.40, -0.65, -0.36, -39.97, 14.27, 27.43
0.42, -0.67, -0.40, -37.54, 2.57, 30.82
0.45, -0.74, -0.44, -29.70, -11.67, 28.88
0.40, -0.82, -0.49, -23.97, -21.42, 25.38
0.23, -0.89, -0.58, -17.46, -12.40, 15.77
0.07, -0.90, -0.64, -8.91, -7.26, -6.87
0.02, -0.90, -0.66, -3.95, 7.58, -15.53
0.15, -0.90, -0.63, 3.15, 9.18, -25.89
0.28, -0.85, -0.60, 8.87, 6.83, -28.97
0.32, -0.81, -0.56, 10.17, 8.88, -32.09
0.36, -0.79, -0.50, 6.20, 11.84, -29.23
0.49, -0.73, -0.41, -0.27, 12.02, -17.44
0.68, -0.65, -0.33, -9.58, 9.20, -1.22
0.77, -0.57, -0.27, -18.08, 9.61, 12.05
0.72, -0.55, -0.25, -27.73, 8.06, 16.48
0.57, -0.60, -0.28, -40.13, 17.71, 26.11
0.45, -0.66, -0.33, -45.85, 21.84, 29.51
0.44, -0.66, -0.38, -43.73, 14.47, 31.35
0.45, -0.70, -0.42, -38.17, -3.23, 31.01
0.38, -0.80, -0.51, -28.83, -22.70, 25.26
0.21, -0.88, -0.60, -18.88, -20.89, 12.82
0.01, -0.91, -0.67, -8.45, -8.37, -8.38
-0.08, -0.90, -0.68, -1.95, 17.43, -18.38
0.07, -0.87, -0.61, 6.41, 24.69, -31.48
0.24, -0.85, -0.55, 9.34, 17.05, -34.21
0.35, -0.84, -0.50, 8.67, 8.11, -34.60
0.44, -0.80, -0.45, 6.71, 3.90, -30.58
0.57, -0.73, -0.40, 0.79, 0.94, -20.96
0.70, -0.65, -0.35, -4.73, 4.42, -4.98
0.74, -0.59, -0.30, -14.66, 12.69, 7.59
0.69, -0.57, -0.26, -21.74, 16.40, 14.44
0.55, -0.61, -0.29, -32.60, 21.32, 20.57
0.45, -0.65, -0.34, -39.05, 18.28, 24.97
0.43, -0.65, -0.38, -38.27, 11.37, 26.97
0.46, -0.68, -0.42, -34.76, -9.44, 26.29
0.41, -0.76, -0.48, -26.87, -25.25, 23.04
0.27, -0.83, -0.57, -17.05, -23.72, 15.48
0.13, -0.87, -0.64, -7.38, -6.30, -0.94
0.01, -0.90, -0.65, -1.77, 9.58, -13.15
0.07, -0.91, -0.62, 6.48, 23.43, -23.10
0.23, -0.88, -0.58, 13.69, 8.37, -32.37
0.29, -0.86, -0.54, 16.92, 0.75, -35.80
0.35, -0.84, -0.50, 15.87, -8.06, -36.32
0.47, -0.77, -0.45, 12.45, -3.30, -25.53
0.65, -0.68, -0.37, 5.39, 10.47, -14.03
0.71, -0.60, -0.29, -2.12, 10.25, -3.64
0.64, -0.57, -0.23, -18.86, 21.40, 10.80
0.65, -0.58, -0.21, -27.30, 13.91, 18.29
0.62, -0.60, -0.27, -36.96, 5.85, 23.43
0.49, -0.63, -0.32, -42.17, -0.74, 27.05
0.42, -0.66, -0.37, -42.35, -2.58, 29.65
0.43, -0.75, -0.41, -40.05, -13.32, 31.13
0.40, -0.80, -0.47, -34.89, -22.89, 28.29
0.30, -0.86, -0.56, -24.44, -31.80, 18.02
0.13, -0.90, -0.65, -10.64, -18.14, 1.61
-0.03, -0.92, -0.70, -3.41, -0.07, -14.41
-0.01, -0.93, -0.66, 4.20, 19.05, -28.32
0.13, -0.87, -0.61, 13.53, 14.33, -37.77
0.25, -0.84, -0.56, 14.97, 5.27, -41.25
0.35, -0.83, -0.51, 15.00, -3.53, -41.03
0.48, -0.77, -0.45, 8.40, 4.18, -26.83
0.72, -0.66, -0.36, 1.49, 11.49, -11.71
0.81, -0.58, -0.25, -8.33, 10.03, 1.39
0.76, -0.55, -0.21, -21.76, 12.20, 13.45
0.66, -0.58, -0.23, -33.48, 13.64, 20.76
0.52, -0.63, -0.29, -44.62, 11.93, 22.93
0.43, -0.64, -0.35, -46.02, 10.62, 26.88
0.44, -0.65, -0.41, -41.49, 0.93, 30.21
0.46, -0.72, -0.47, -34.89, -15.24, 31.94
0.39, -0.82, -0.54, -25.16, -25.58, 27.02
0.21, -0.87, -0.62, -12.36, -16.89, 13.10
0.02, -0.90, -0.67, -3.18, -2.66, -8.52
-0.06, -0.92, -0.67, 1.58, 18.56, -20.89
0.07, -0.89, -0.61, 11.64, 16.79, -32.10
0.21, -0.85, -0.57, 16.97, 4.63, -40.44
0.27, -0.86, -0.54, 18.88, -2.58, -45.36
0.33, -0.83, -0.50, 14.18, -4.91, -41.15
0.51, -0.76, -0.43, 11.48, 5.95, -29.78
0.73, -0.66, -0.35, -0.37, 7.61, -14.93
0.78, -0.58, -0.24, -12.03, 8.17, 2.62
0.77, -0.54, -0.22, -22.47, 12.42, 12.45
0.68, -0.55, -0.25, -33.00, 2.37, 19.76
0.49, -0.60, -0.30, -41.33, 5.98, 22.91
0.39, -0.64, -0.37, -42.86, 5.63, 26.23
0.39, -0.65, -0.42, -39.46, 0.10, 27.42
0.41, -0.69, -0.48, -30.53, -24.04, 25.65
0.34, -0.77, -0.56, -16.48, -35.73, 21.65
0.18, -0.85, -0.65, -4.92, -26.56, 6.00
-0.01, -0.93, -0.67, -0.76, -6.08, -13.22
-0.05, -0.96, -0.61, 3.27, 20.83, -27.81
0.12, -0.91, -0.56, 9.76, 14.66, -40.45
0.32, -0.87, -0.53, 11.35, 0.13, -39.92
0.44, -0.86, -0.47, 8.82, -12.12, -35.33
0.57, -0.80, -0.43, 2.34, -5.57, -24.73
0.70, -0.69, -0.34, -5.53, -4.97, -11.94
0.74, -0.59, -0.26, -16.07, 3.71, 1.89
0.70, -0.56, -0.24, -24.61, 6.95, 10.62
0.58, -0.61, -0.28, -34.80, 5.97, 16.83
0.47, -0.67, -0.37, -39.78, 5.88, 20.22
0.41, -0.68, -0.39, -38.49, 5.46, 20.19
0.41, -0.68, -0.44, -35.33, 3.39, 20.29
0.42, -0.74, -0.47, -31.46, -2.26, 21.48
0.37, -0.80, -0.52, -24.07, -15.59, 15.94
0.26, -0.84, -0.58, -12.19, -24.11, 4.62
0.11, -0.89, -0.68, -0.47, -24.14, -13.15
-0.00, -0.91, -0.70, 8.08, -6.97, -29.55
0.02, -0.88, -0.65, 19.05, -0.30, -44.92
0.13, -0.85, -0.60, 22.65, -1.78, -49.89
0.33, -0.82, -0.53, 14.15, 8.33, -38.88
0.59, -0.73, -0.40, 6.10, 22.45, -19.99
0.85, -0.58, -0.27, -3.54, 14.21, -2.49
0.92, -0.50, -0.21, -17.00, 6.88, 13.59
0.80, -0.54, -0.20, -32.36, 8.63, 22.00
0.60, -0.62, -0.27, -46.80, 11.62, 28.12
0.43, -0.66, -0.36, -51.61, 16.98, 29.22
0.38, -0.66, -0.43, -49.12, 17.38, 30.34
0.40, -0.69, -0.48, -42.14, 8.67, 31.79
0.38, -0.74, -0.53, -31.34, -13.06, 27.90
0.28, -0.80, -0.60, -15.23, -21.09, 18.64
0.14, -0.88, -0.67, -3.57, -16.28, -0.60
-0.02, -0.95, -0.67, -2.89, 10.59, -13.13
0.04, -0.92, -0.59, 4.46, 27.89, -24.21
0.26, -0.83, -0.54, 10.83, 15.13, -28.13
0.41, -0.82, -0.51, 12.08, 0.63, -27.70
0.45, -0.81, -0.48, 7.96, -2.71, -24.54
0.49, -0.75, -0.42, 2.96, 1.68, -17.39
0.59, -0.66, -0.35, -7.16, 9.64, -3.44
0.70, -0.59, -0.29, -16.60, 14.93, 11.55
0.75, -0.57, -0.25, -26.55, 13.08, 20.22
0.69, -0.59, -0.28, -39.50, 12.58, 31.05
0.56, -0.62, -0.33, -45.84, 14.28, 36.49
0.44, -0.63, -0.38, -44.33, 11.22, 39.72
0.41, -0.68, -0.44, -34.60, -14.24, 33.60
0.26, -0.79, -0.54, -21.30, -35.88, 26.51
0.11, -0.91, -0.64, -11.81, -30.86, 11.18
-0.08, -0.92, -0.71, -1.66, -11.47, -11.12
-0.13, -0.88, -0.69, 5.34, 19.70, -24.63
0.08, -0.83, -0.60, 13.12, 15.49, -34.16
0.27, -0.81, -0.56, 13.45, 8.14, -33.02
0.40, -0.80, -0.52, 10.53, 7.65, -31.05
0.51, -0.74, -0.46, 6.31, 4.58, -25.05
0.66, -0.67, -0.39, -4.99, 12.34, -6.36
0.80, -0.62, -0.31, -16.41, 18.25, 12.49
0.84, -0.60, -0.24, -27.34, 21.06, 20.46
0.73, -0.63, -0.26, -40.16, 23.34, 32.92
0.57, -0.68, -0.32, -48.87, 21.91, 37.40
0.45, -0.68, -0.37, -49.15, 13.51, 36.44
0.35, -0.71, -0.44, -36.67, -15.76, 28.37
0.23, -0.84, -0.57, -25.87, -29.46, 20.09
0.03, -0.88, -0.65, -13.02, -28.28, 1.59
-0.14, -0.86, -0.71, -3.93, -8.96, -16.51
-0.10, -0.84, -0.67, 3.91, 19.04, -26.24
0.15, -0.80, -0.60, 13.65, 8.64, -31.53
0.30, -0.77, -0.58, 19.25, 0.16, -31.21
0.37, -0.79, -0.54, 16.98, -1.67, -33.10
0.44, -0.78, -0.46, 11.16, 0.25, -29.09
0.55, -0.72, -0.39, 3.35, 1.87, -18.20
0.67, -0.66, -0.34, -5.49, 9.33, -1.62
0.75, -0.62, -0.27, -16.13, 17.23, 13.06
0.76, -0.61, -0.24, -24.98, 16.71, 22.90
0.67, -0.65, -0.25, -35.94, 16.66, 33.11
0.55, -0.68, -0.30, -42.14, 14.72, 37.48
0.44, -0.70, -0.34, -41.55, 9.57, 36.67
0.38, -0.78, -0.40, -33.91, -10.25, 29.86
0.27, -0.86, -0.51, -26.79, -30.63, 21.22
0.07, -0.93, -0.60, -14.96, -39.09, 4.20
-0.09, -0.92, -0.71, -2.78, -26.84, -17.86
-0.13, -0.90, -0.73, 5.88, 3.95, -34.14
0.00, -0.85, -0.67, 16.93, 4.31, -47.31
0.17, -0.82, -0.64, 23.52, 7.02, -48.33
0.32, -0.81, -0.62, 24.04, 9.97, -48.63
0.43, -0.76, -0.53, 19.30, 8.50, -42.21
0.59, -0.68, -0.44, 9.25, 13.16, -23.03
0.80, -0.58, -0.36, -1.41, 18.16, -6.90
0.82, -0.52, -0.29, -15.44, 13.23, 8.56
0.72, -0.52, -0.23, -29.74, 26.88, 20.07
0.60, -0.58, -0.25, -40.03, 27.13, 26.33
0.46, -0.65, -0.31, -46.58, 27.09, 29.50
0.39, -0.69, -0.35, -46.17, 18.75, 31.96
0.38, -0.74, -0.40, -40.78, 3.48, 30.54
0.36, -0.81, -0.45, -32.31, -23.57, 22.98
0.24, -0.87, -0.53, -17.57, -37.95, 11.96
0.10, -0.93, -0.64, -2.01, -31.98, -8.60
-0.05, -0.98, -0.69, 7.81, -9.58, -28.39
-0.07, -0.94, -0.65, 18.44, 8.66, -47.69
0.10, -0.88, -0.62, 25.48, 10.56, -56.61
0.30, -0.86, -0.57, 21.57, 1.15, -52.35
0.52, -0.80, -0.45, 7.41, 11.68, -28.48
0.86, -0.65, -0.33, 0.09, 16.38, -9.69
1.04, -0.50, -0.27, -13.04, 5.83, 5.95
0.90, -0.47, -0.21, -27.10, 11.58, 20.21
0.66, -0.55, -0.24, -42.41, 21.83, 28.81
0.44, -0.65, -0.32, -53.39, 25.67, 33.10
0.38, -0.66, -0.38, -53.01, 23.04, 35.75
0.40, -0.64, -0.41, -48.48, 5.26, 37.86
0.41, -0.69, -0.45, -37.74, -22.06, 33.97
0.31, -0.77, -0.56, -23.34, -26.63, 29.02
0.17, -0.85, -0.62, -16.12, -11.03, 11.38
-0.02, -0.92, -0.63, -8.76, 6.86, -4.44
0.01, -0.93, -0.62, -9.61, 33.78, -6.08
0.30, -0.87, -0.52, -6.50, 31.92, -6.56
0.52, -0.78, -0.41, -8.57, 19.83, 0.98
0.61, -0.72, -0.38, -13.90, 12.34, 8.68
0.61, -0.70, -0.34, -18.74, 4.08, 12.70
0.56, -0.70, -0.35, -25.20, -4.11, 15.16
0.49, -0.72, -0.39, -30.19, -1.94, 19.11
0.41, -0.75, -0.40, -35.61, 2.14, 17.27
0.33, -0.76, -0.47, -31.96, -5.86, 13.08
0.25, -0.74, -0.57, -19.82, -15.38, 6.06
0.13, -0.75, -0.64, -6.74, -19.22, -4.81
0.04, -0.82, -0.68, 2.65, -9.53, -11.83
-0.00, -0.86, -0.63, 12.07, -3.96, -22.96
0.05, -0.81, -0.57, 19.42, -2.47, -34.01
0.17, -0.77, -0.53, 20.73, 0.03, -37.53
0.31, -0.75, -0.48, 13.25, 6.68, -31.58
0.54, -0.71, -0.39, 3.26, 13.45, -17.12
0.80, -0.64, -0.34, -8.34, 12.36, 4.27
0.98, -0.58, -0.31, -21.62, 18.80, 22.16
0.94, -0.57, -0.27, -34.65, 18.96, 32.11
0.70, -0.65, -0.28, -49.74, 31.11, 40.08
0.51, -0.71, -0.35, -56.51, 24.64, 42.70
0.37, -0.73, -0.45, -46.87, -4.20, 37.75
0.23, -0.78, -0.58, -28.57, -38.96, 22.73
0.00, -0.89, -0.67, -14.98, -42.62, 4.16
-0.24, -0.90, -0.76, 1.25, -15.55, -20.86
-0.29, -0.87, -0.70, 9.27, 22.14, -35.48
-0.03, -0.85, -0.58, 16.00, 28.35, -42.15
0.34, -0.81, -0.53, 16.56, 24.71, -31.97
0.59, -0.76, -0.44, 8.96, 14.35, -18.26
0.77, -0.70, -0.33, -2.30, 6.95, -1.97
0.88, -0.64, -0.26, -15.45, 13.01, 16.81
0.91, -0.61, -0.23, -28.23, 15.66, 24.09
0.75, -0.64, -0.23, -46.18, 19.51, 34.68
0.55, -0.67, -0.30, -54.02, 21.60, 40.26
0.41, -0.67, -0.39, -49.22, 19.04, 36.60
0.28, -0.75, -0.47, -41.21, -7.69, 25.73
0.06, -0.84, -0.60, -24.01, -28.87, 13.62
-0.11, -0.84, -0.75, -0.14, -25.77, -8.59
-0.23, -0.84, -0.78, 8.04, -3.34, -24.28
-0.15, -0.84, -0.66, 17.70, 18.75, -37.12
0.13, -0.78, -0.58, 22.19, 20.63, -37.45
0.39, -0.76, -0.51, 17.23, 21.31, -29.19
0.60, -0.75, -0.42, 6.61, 22.80, -18.54
0.72, -0.70, -0.33, -4.49, 9.69, -4.31
0.82, -0.66, -0.29, -18.34, 16.71, 13.28
0.87, -0.66, -0.27, -30.15, 15.75, 21.15
0.71, -0.69, -0.28, -42.04, 20.97, 29.28
0.52, -0.72, -0.34, -48.31, 23.30, 31.27
0.37, -0.73, -0.40, -44.17, 12.86, 28.41
0.26, -0.79, -0.51, -31.13, -12.59, 14.81
0.05, -0.86, -0.64, -13.07, -36.08, -4.22
-0.19, -0.90, -0.71, -2.96, -19.41, -20.54
-0.22, -0.89, -0.67, 9.86, 8.99, -40.11
-0.05, -0.83, -0.58, 19.50, 14.66, -50.50
0.18, -0.83, -0.55, 17.02, 24.17, -49.37
0.43, -0.82, -0.48, 9.85, 23.12, -42.63
0.64, -0.74, -0.41, 8.47, 14.64, -34.68
0.75, -0.64, -0.41, -4.70, 9.92, -19.75
0.79, -0.60, -0.34, -16.75, 11.58, -5.86
0.80, -0.57, -0.33, -21.98, 13.89, 1.12
0.61, -0.56, -0.43, -19.89, -0.85, 0.70
0.30, -0.63, -0.55, -17.32, 0.89, -1.90
0.10, -0.72, -0.60, -10.72, -1.42, -12.58
0.09, -0.76, -0.58, -2.49, 1.49, -19.54
0.21, -0.77, -0.52, 3.88, -3.80, -18.80
0.37, -0.78, -0.46, 8.88, -4.78, -12.64
0.46, -0.78, -0.40, 9.56, -2.67, -10.17
0.48, -0.78, -0.36, 8.60, 2.10, -10.78
0.49, -0.76, -0.32, 0.02, 8.26, -8.19
0.54, -0.75, -0.27, -10.26, 10.46, -3.48
0.64, -0.73, -0.23, -20.25, 7.97, 4.81
0.72, -0.73, -0.26, -25.49, -7.66, 9.84
0.67, -0.76, -0.30, -33.69, -6.91, 17.87
0.62, -0.76, -0.32, -37.14, 0.99, 25.09
0.61, -0.71, -0.35, -39.73, 11.43, 31.39
0.57, -0.69, -0.37, -45.37, 17.29, 34.20
0.49, -0.72, -0.40, -45.14, 4.75, 34.00
0.36, -0.77, -0.49, -35.82, -27.57, 23.75
0.15, -0.82, -0.67, -12.34, -54.14, 3.16
-0.10, -0.89, -0.81, 8.44, -57.29, -21.86
-0.26, -0.95, -0.78, 18.62, -15.56, -43.52
-0.19, -0.91, -0.68, 27.38, 5.48, -64.00
0.05, -0.84, -0.59, 27.35, 7.60, -64.00
0.38, -0.80, -0.48, 14.64, 10.33, -41.16
0.94, -0.69, -0.36, 4.78, 26.32, -10.71
1.21, -0.47, -0.26, -9.30, -13.64, 6.85
1.05, -0.41, -0.16, -28.84, 0.55, 28.38
0.85, -0.49, -0.16, -43.43, -1.87, 33.13
0.55, -0.61, -0.26, -54.87, 3.98, 39.23
0.34, -0.68, -0.35, -57.13, 9.65, 41.43
0.25, -0.70, -0.41, -48.50, -2.36, 32.81
0.19, -0.73, -0.53, -26.21, -43.29, 17.69
0.05, -0.81, -0.69, -2.42, -55.52, -2.38
-0.13, -0.94, -0.79, 5.96, -31.50, -19.81
-0.18, -0.95, -0.69, 13.29, 8.32, -37.48
0.05, -0.83, -0.60, 20.64, 17.15, -46.64
0.31, -0.80, -0.56, 20.71, -1.40, -45.48
0.55, -0.83, -0.52, 13.33, -4.95, -32.38
0.74, -0.78, -0.43, 2.81, -0.88, -16.22
0.88, -0.64, -0.34, -6.49, 2.99, -2.42
0.85, -0.55, -0.30, -18.67, 14.20, 13.98
0.72, -0.56, -0.26, -31.46, 20.49, 21.93
0.57, -0.64, -0.32, -39.95, 20.54, 27.60
0.44, -0.69, -0.41, -40.35, 9.28, 29.15
0.37, -0.67, -0.45, -34.74, 4.09, 25.89
0.31, -0.72, -0.49, -23.24, -2.33, 18.27
0.22, -0.83, -0.53, -13.01, -19.48, 9.38
0.09, -0.93, -0.60, -0.01, -22.64, -6.40
-0.00, -0.95, -0.65, 7.55, -8.16, -28.51
-0.03, -0.88, -0.63, 16.14, 4.81, -46.07
0.08, -0.83, -0.57, 19.59, 5.41, -52.38
0.37, -0.83, -0.51, 9.34, 10.71, -37.01
0.75, -0.77, -0.42, -0.95, 23.23, -9.29
1.03, -0.60, -0.30, -8.33, 2.53, 6.35
0.95, -0.51, -0.25, -18.93, 6.16, 20.76
0.67, -0.55, -0.29, -29.84, 0.23, 21.87
0.37, -0.65, -0.37, -33.96, 13.45, 20.01
0.19, -0.70, -0.44, -30.77, 11.44, 11.28
0.18, -0.71, -0.47, -27.36, 15.45, 8.08
0.28, -0.73, -0.49, -21.22, 6.88, 8.05
0.35, -0.73, -0.52, -10.91, -6.30, 7.76
0.31, -0.76, -0.54, -2.25, -17.21, -1.89
0.21, -0.85, -0.57, 7.70, -22.75, -14.71
0.15, -0.93, -0.56, 9.37, -16.66, -29.12
0.23, -0.94, -0.52, 6.27, -0.16, -31.04
0.46, -0.85, -0.46, 0.10, 16.12, -20.76
0.74, -0.73, -0.38, -8.74, 28.72, -3.64
0.87, -0.64, -0.31, -18.01, 25.92, 12.28
0.80, -0.61, -0.28, -26.36, 12.36, 19.24
0.60, -0.64, -0.32, -37.26, 14.48, 26.46
0.45, -0.68, -0.35, -43.53, 16.86, 28.99
0.40, -0.67, -0.37, -47.26, 26.07, 30.60
0.44, -0.67, -0.39, -49.45, 26.62, 33.74
0.42, -0.69, -0.43, -39.64, -9.49, 28.88
0.28, -0.74, -0.56, -16.68, -49.41, 19.42
0.08, -0.84, -0.78, 3.71, -46.40, -4.53
-0.19, -0.94, -0.78, 6.36, -15.85, -24.58
-0.22, -0.93, -0.62, 10.33, 29.87, -41.10
0.11, -0.81, -0.54, 17.24, 25.42, -47.10
0.40, -0.77, -0.51, 16.06, -9.29, -39.18
0.62, -0.76, -0.50, 11.28, -6.30, -19.54
0.81, -0.69, -0.41, -0.46, 6.40, -3.17
0.89, -0.56, -0.26, -13.73, 12.85, 13.31
0.83, -0.50, -0.20, -26.57, 16.61, 26.33
0.67, -0.58, -0.23, -40.73, 23.75, 36.93
0.53, -0.71, -0.30, -50.46, 22.25, 39.79
0.43, -0.72, -0.35, -52.75, 18.88, 40.54
0.42, -0.69, -0.40, -45.29, 7.73, 37.08
0.36, -0.74, -0.51, -27.48, -21.66, 26.92
0.16, -0.89, -0.65, -13.16, -26.72, 12.43
-0.08, -0.99, -0.73, -5.09, -20.24, -11.92
-0.17, -0.92, -0.70, 1.06, 32.09, -20.98
0.09, -0.80, -0.58, 4.31, 38.38, -26.27
0.43, -0.73, -0.46, 0.52, 35.76, -12.87
0.65, -0.71, -0.35, -7.84, 20.29, 4.77
0.76, -0.67, -0.30, -18.03, 12.29, 17.80
0.78, -0.64, -0.26, -28.38, -0.11, 24.93
0.67, -0.65, -0.31, -35.51, -3.07, 32.07
0.51, -0.67, -0.42, -36.42, 8.80, 33.94
0.35, -0.71, -0.46, -39.13, 20.50, 29.98
0.27, -0.72, -0.49, -35.94, 19.23, 26.52
0.25, -0.68, -0.57, -27.37, 14.08, 24.97
0.23, -0.67, -0.61, -19.87, -2.13, 16.26
0.15, -0.71, -0.62, -12.94, 0.76, 9.89
0.12, -0.75, -0.60, -13.06, 8.78, 2.47
0.16, -0.75, -0.55, -13.91, 21.69, 2.24
0.28, -0.72, -0.49, -15.82, 24.84, 4.62
0.42, -0.73, -0.44, -17.07, 17.81, 9.63
0.50, -0.79, -0.40, -23.29, 4.73, 13.41
0.53, -0.81, -0.40, -26.59, -7.31, 15.03
0.49, -0.79, -0.44, -25.82, -3.66, 13.81
0.39, -0.82, -0.46, -24.11, -3.72, 9.15
0.22, -0.89, -0.51, -17.05, -5.81, -0.22
0.13, -0.95, -0.58, -8.89, -7.61, -12.44
0.06, -0.95, -0.64, 2.92, -9.31, -27.77
0.06, -0.89, -0.64, 14.45, -0.33, -40.32
0.14, -0.83, -0.59, 20.01, 13.27, -43.23
0.29, -0.78, -0.53, 18.56, 22.41, -36.75
0.48, -0.71, -0.44, 13.05, 19.89, -22.62
0.69, -0.65, -0.32, 0.54, 14.39, -0.20
0.89, -0.60, -0.28, -13.53, 17.61, 19.37
0.89, -0.56, -0.23, -30.23, 17.01, 27.94
0.67, -0.58, -0.23, -48.04, 23.72, 37.89
0.48, -0.61, -0.33, -56.27, 23.03, 42.64
0.39, -0.64, -0.41, -50.27, -1.98, 39.38
0.29, -0.74, -0.52, -35.62, -38.51, 28.87
0.07, -0.85, -0.68, -14.44, -48.29, 11.96
-0.18, -0.91, -0.77, -2.61, -24.29, -15.16
-0.32, -0.93, -0.71, 0.21, 23.80, -29.85
-0.09, -0.86, -0.59, 7.24, 41.48, -34.81
0.32, -0.76, -0.52, 8.27, 37.06, -28.98
0.57, -0.74, -0.44, 2.37, 17.90, -16.36
0.72, -0.72, -0.37, -6.60, 7.50, -2.68
0.78, -0.68, -0.31, -17.70, 1.76, 9.26
0.76, -0.67, -0.29, -29.43, 4.40, 17.88
0.63, -0.68, -0.33, -41.92, 6.57, 27.63
0.53, -0.68, -0.39, -44.83, 7.93, 33.01
0.38, -0.68, -0.46, -37.78, -3.50, 27.85
0.25, -0.72, -0.59, -20.27, -17.20, 18.43
0.04, -0.80, -0.71, -8.53, -20.61, 0.70
-0.16, -0.85, -0.74, -0.42, -4.70, -14.14
-0.14, -0.83, -0.68, 10.88, 16.10, -24.12
0.06, -0.76, -0.61, 18.65, 16.55, -29.66
0.25, -0.74, -0.54, 17.88, 17.97, -27.63
0.40, -0.76, -0.46, 10.77, 15.18, -19.07
0.55, -0.74, -0.36, -0.38, 11.89, -8.70
0.67, -0.71, -0.27, -13.17, 11.14, 6.13
0.75, -0.69, -0.24, -25.79, 13.84, 15.35
0.72, -0.70, -0.25, -39.03, 12.32, 24.86
0.61, -0.72, -0.30, -48.32, 13.72, 32.56
0.51, -0.70, -0.36, -48.04, 6.67, 36.10
0.42, -0.67, -0.43, -39.01, -1.55, 33.85
0.29, -0.72, -0.55, -28.09, -15.19, 25.25
0.09, -0.82, -0.62, -20.47, -12.27, 12.62
-0.08, -0.84, -0.68, -9.13, -10.98, -6.73
-0.11, -0.81, -0.72, 3.75, 0.29, -17.03
0.02, -0.80, -0.69, 13.08, 6.36, -27.29
0.17, -0.79, -0.63, 19.54, 5.62, -30.65
0.30, -0.81, -0.57, 18.50, 9.08, -28.45
0.43, -0.84, -0.53, 11.11, 10.81, -26.53
0.52, -0.81, -0.45, 1.12, 17.62, -15.67
0.65, -0.76, -0.36, -9.58, 25.72, -3.03
0.75, -0.71, -0.30, -21.99, 30.24, 11.00
0.76, -0.69, -0.26, -31.77, 27.11, 20.08
0.65, -0.69, -0.27, -43.13, 22.48, 26.95
0.51, -0.69, -0.30, -49.74, 20.17, 31.53
0.38, -0.68, -0.35, -49.76, 15.27, 28.46
0.27, -0.69, -0.47, -39.41, -3.69, 20.18
0.12, -0.72, -0.58, -19.21, -26.63, 7.27
-0.08, -0.80, -0.68, -4.74, -31.96, -10.31
-0.20, -0.87, -0.67, 3.05, -9.97, -25.32
-0.10, -0.85, -0.63, 17.19, -6.54, -39.96
0.11, -0.80, -0.60, 25.70, -3.09, -41.83
0.29, -0.82, -0.56, 22.46, -3.07, -38.91
0.51, -0.82, -0.48, 12.85, 7.54, -24.02
0.73, -0.72, -0.36, 3.79, 12.94, -7.81
0.86, -0.63, -0.28, -9.57, 8.80, 7.72
0.84, -0.61, -0.25, -25.50, 16.24, 20.69
0.72, -0.64, -0.27, -40.99, 15.39, 26.50
0.51, -0.66, -0.33, -53.94, 18.64, 34.07
0.41, -0.63, -0.40, -54.82, 18.37, 34.90
0.37, -0.62, -0.44, -48.56, 6.77, 37.05
0.37, -0.71, -0.49, -38.75, 1.37, 34.01
0.27, -0.83, -0.59, -29.98, -21.75, 22.78
-0.01, -0.87, -0.68, -17.92, -22.69, 5.91
-0.17, -0.86, -0.73, -0.70, -10.52, -14.71
-0.09, -0.91, -0.72, 9.24, 3.07, -28.01
0.03, -0.91, -0.66, 20.58, 2.53, -37.30
0.17, -0.86, -0.62, 25.55, -0.63, -42.27
0.26, -0.85, -0.56, 23.72, -0.23, -42.30
0.42, -0.82, -0.47, 11.73, 10.63, -31.53
0.66, -0.72, -0.36, 6.57, 17.19, -17.68
0.79, -0.61, -0.29, -7.13, 9.81, -4.74
0.76, -0.57, -0.22, -23.99, 15.70, 11.98
0.71, -0.56, -0.23, -33.59, 9.40, 19.67
0.59, -0.58, -0.30, -44.57, 7.01, 28.31
0.43, -0.61, -0.38, -49.65, 8.24, 33.14
0.38, -0.62, -0.41, -46.04, 4.86, 37.39
0.39, -0.69, -0.46, -37.67, -11.04, 37.94
0.32, -0.80, -0.59, -25.03, -23.80, 27.69
0.05, -0.87, -0.69, -12.22, -29.83, 7.70
-0.21, -0.91, -0.77, 4.35, -15.50, -15.73
-0.23, -0.93, -0.77, 16.18, 9.63, -31.82
-0.06, -0.93, -0.70, 30.13, 2.47, -48.97
0.11, -0.89, -0.65, 33.41, 0.04, -52.08
0.28, -0.88, -0.55, 24.18, 9.62, -44.21
0.58, -0.81, -0.38, 12.42, 35.11, -25.63
0.87, -0.67, -0.25, 1.14, 18.16, -11.35
0.92, -0.59, -0.20, -18.08, 22.06, 9.59
0.89, -0.59, -0.17, -37.35, 28.69, 22.47
0.75, -0.60, -0.18, -53.96, 17.89, 30.71
0.55, -0.60, -0.27, -64.00, 17.29, 40.48
0.39, -0.58, -0.37, -62.22, 12.76, 43.03
0.33, -0.59, -0.46, -49.45, -3.71, 40.88
0.25, -0.67, -0.54, -38.04, -28.72, 32.96
0.06, -0.76, -0.63, -26.38, -26.90, 26.04
-0.07, -0.76, -0.69, -15.46, -15.44, 7.24
-0.09, -0.74, -0.69, -4.10, 8.83, 0.16
0.09, -0.79, -0.63, -1.29, 13.83, -5.83
0.26, -0.81, -0.59, -0.61, 15.27, -5.93
0.34, -0.77, -0.54, -2.41, 13.18, -5.12
0.43, -0.78, -0.49, -8.68, 7.23, -1.92
0.48, -0.82, -0.47, -12.90, -1.94, 0.80
0.47, -0.80, -0.46, -17.07, -3.61, 2.06
0.42, -0.76, -0.48, -19.59, 0.38, 2.19
0.36, -0.72, -0.49, -21.01, 8.17, 2.98
0.32, -0.71, -0.47, -22.28, 8.21, 2.00
0.30, -0.73, -0.47, -23.59, 1.18, 3.92
0.31, -0.72, -0.48, -22.07, -3.46, 5.55
0.32, -0.71, -0.49, -22.18, -6.41, 6.47
0.32, -0.70, -0.49, -21.59, -3.14, 6.13
0.31, -0.70, -0.48, -21.96, -1.11, 6.30
0.31, -0.71, -0.49, -19.79, 1.52, 9.10
0.32, -0.73, -0.50, -18.76, -0.77, 11.85
0.33, -0.75, -0.49, -18.93, -5.36, 13.34
0.34, -0.75, -0.48, -18.60, -8.40, 14.92
0.34, -0.74, -0.46, -19.58, -8.60, 16.71
0.33, -0.72, -0.46, -21.30, -5.02, 17.07
0.31, -0.71, -0.45, -23.41, -2.85, 17.69
0.30, -0.72, -0.45, -25.87, -7.36, 17.99
0.31, -0.73, -0.47, -25.84, -14.74, 20.28
0.33, -0.71, -0.50, -24.97, -22.49, 22.18
0.30, -0.70, -0.52, -22.72, -26.14, 23.23
0.25, -0.73, -0.53, -21.42, -27.50, 23.10
0.22, -0.78, -0.54, -19.71, -26.10, 23.86
0.23, -0.79, -0.55, -16.70, -26.36, 23.04
0.22, -0.77, -0.55, -14.45, -23.37, 21.21
0.19, -0.76, -0.55, -13.65, -16.32, 17.74
0.17, -0.75, -0.55, -15.51, -7.94, 14.34
0.16, -0.75, -0.54, -17.12, -4.31, 12.35
0.18, -0.76, -0.54, -19.25, -3.47, 12.15
0.22, -0.76, -0.54, -20.36, -4.55, 13.46
0.25, -0.75, -0.55, -21.18, -8.01, 16.63
0.26, -0.73, -0.56, -21.32, -9.89, 17.00
0.26, -0.70, -0.56, -21.81, -7.00, 21.26
0.26, -0.70, -0.55, -20.74, -3.51, 22.79
0.24, -0.72, -0.54, -23.29, -0.61, 23.77
0.22, -0.74, -0.54, -24.03, -2.06, 25.80
0.19, -0.75, -0.54, -23.86, -5.87, 27.16
0.16, -0.75, -0.56, -23.00, -11.06, 27.08
0.14, -0.76, -0.57, -21.57, -18.00, 27.33
0.14, -0.75, -0.58, -18.43, -25.38, 27.42
0.14, -0.74, -0.58, -15.45, -29.78, 27.51
0.13, -0.76, -0.57, -13.19, -29.66, 26.35
0.11, -0.78, -0.56, -11.85, -25.12, 25.98
0.08, -0.79, -0.56, -11.43, -18.48, 24.29
0.07, -0.78, -0.56, -11.26, -14.91, 24.10
0.08, -0.77, -0.55, -11.21, -13.40, 23.03
0.09, -0.76, -0.54, -12.34, -13.24, 22.91
0.11, -0.76, -0.53, -13.93, -15.68, 22.50
0.12, -0.76, -0.52, -16.87, -18.32, 22.76
0.13, -0.77, -0.52, -19.10, -22.43, 23.38
0.14, -0.76, -0.52, -19.85, -23.76, 25.81
0.12, -0.75, -0.54, -19.60, -22.27, 26.20
0.08, -0.72, -0.56, -19.36, -13.52, 26.33
0.05, -0.72, -0.57, -19.74, -4.51, 25.55
0.02, -0.75, -0.57, -21.71, -2.14, 24.38
0.01, -0.76, -0.58, -23.26, -3.35, 23.65
0.02, -0.75, -0.58, -22.06, -6.47, 24.53
0.02, -0.74, -0.58, -20.46, -8.95, 24.94
0.02, -0.73, -0.57, -18.38, -7.94, 24.79
0.02, -0.72, -0.57, -15.96, -5.16, 24.94
0.00, -0.73, -0.56, -14.96, -2.78, 23.98
-0.01, -0.75, -0.56, -15.08, -2.71, 23.95
-0.01, -0.76, -0.56, -14.50, -3.26, 24.89
-0.01, -0.75, -0.57, -13.62, -4.28, 25.16
-0.02, -0.74, -0.57, -13.40, -5.35, 25.69
-0.02, -0.73, -0.57, -12.82, -8.29, 23.71
-0.02, -0.73, -0.56, -13.38, -9.59, 22.22
-0.04, -0.73, -0.56, -13.60, -9.86, 21.71
-0.05, -0.74, -0.56, -15.41, -6.38, 21.33
-0.07, -0.75, -0.56, -16.08, -4.73, 18.90
-0.08, -0.76, -0.57, -18.12, -1.94, 18.89
-0.08, -0.75, -0.57, -18.08, -0.50, 16.66
-0.08, -0.74, -0.58, -17.27, 0.13, 14.06
-0.08, -0.74, -0.59, -17.31, 1.35, 13.87
-0.08, -0.74, -0.59, -15.79, 0.54, 11.69
-0.09, -0.74, -0.59, -16.51, 3.15, 10.21
-0.10, -0.74, -0.59, -16.02, 4.61, 9.63
-0.11, -0.73, -0.58, -15.08, 6.28, 8.29
-0.10, -0.72, -0.58, -14.23, 7.03, 9.59
-0.08, -0.72, -0.58, -13.46, 6.05, 9.59
-0.07, -0.72, -0.58, -12.20, 4.40, 9.79
-0.07, -0.71, -0.57, -12.35, 2.54, 10.24
-0.06, -0.72, -0.57, -12.61, 1.67, 10.40
-0.06, -0.72, -0.57, -12.41, 1.92, 12.88
-0.06, -0.71, -0.57, -14.32, 3.77, 13.80
-0.06, -0.71, -0.57, -15.36, 2.21, 14.67
-0.07, -0.70, -0.56, -17.83, 1.64, 15.31
-0.07, -0.70, -0.57, -17.84, -1.12, 15.06
-0.07, -0.69, -0.57, -19.22, -1.63, 16.25
-0.08, -0.69, -0.57, -19.32, 1.61, 17.92
-0.09, -0.70, -0.57, -18.85, 4.18, 17.88
-0.11, -0.70, -0.58, -19.46, 4.52, 17.93
-0.14, -0.70, -0.58, -16.75, 3.56, 17.47
-0.14, -0.71, -0.58, -16.96, 2.39, 16.53
-0.14, -0.72, -0.58, -14.99, -0.93, 15.65
-0.15, -0.72, -0.58, -12.80, -1.47, 13.63
-0.15, -0.72, -0.57, -11.41, -1.71, 11.01
-0.16, -0.72, -0.58, -11.83, 0.89, 9.64
-0.16, -0.72, -0.58, -10.24, 0.05, 8.78
-0.15, -0.72, -0.58, -10.30, 0.95, 6.98
-0.15, -0.73, -0.58, -9.70, 1.83, 5.87
-0.15, -0.72, -0.58, -8.27, 2.66, 3.52
-0.15, -0.71, -0.56, -10.28, 2.83, 4.66
-0.15, -0.70, -0.56, -10.62, 2.17, 4.71
-0.15, -0.69, -0.56, -11.98, 2.28, 5.62
-0.16, -0.70, -0.55, -10.49, 1.09, 4.08
-0.16, -0.70, -0.56, -11.91, 0.53, 5.46
-0.17, -0.70, -0.55, -12.18, 1.36, 3.95
-0.17, -0.71, -0.55, -12.21, 1.81, 3.26
-0.17, -0.70, -0.56, -12.69, 1.16, 3.29
-0.17, -0.70, -0.55, -13.02, 1.85, 2.85
-0.16, -0.70, -0.55, -12.87, 1.01, 2.88
-0.16, -0.70, -0.56, -13.54, 0.62, 2.96
-0.16, -0.70, -0.56, -12.07, 1.11, 3.30
-0.16, -0.70, -0.55, -13.56, 1.81, 3.56
-0.17, -0.71, -0.56, -13.50, 1.24, 3.80
-0.17, -0.70, -0.56, -13.80, 1.25, 2.57
-0.16, -0.70, -0.56, -13.23, 0.78, 3.10
-0.15, -0.70, -0.56, -13.23, 0.84, 2.34
-0.16, -0.70, -0.56, -15.87, 1.00, 2.90
-0.16, -0.71, -0.56, -14.67, 1.93, 4.26
-0.17, -0.70, -0.57, -15.21, 2.07, 2.84
-0.18, -0.70, -0.57, -15.75, 3.45, 2.64
-0.18, -0.71, -0.57, -15.49, 3.34, 1.65
-0.18, -0.71, -0.57, -15.32, 3.61, 1.56
-0.18, -0.70, -0.57, -15.17, 4.60, 2.91
-0.17, -0.70, -0.57, -14.77, 3.98, 1.71
-0.18, -0.70, -0.57, -14.96, 3.58, 1.74
-0.18, -0.71, -0.57, -14.75, 4.36, 1.80
-0.18, -0.70, -0.57, -14.29, 4.14, 1.69
-0.18, -0.70, -0.58, -12.91, 3.71, 2.21
-0.17, -0.69, -0.59, -11.85, 5.21, 1.32
-0.17, -0.69, -0.60, -11.04, 7.62, 1.88
-0.18, -0.68, -0.62, -11.01, 11.84, 2.59
-0.18, -0.67, -0.64, -11.70, 14.71, 2.66
-0.17, -0.66, -0.66, -13.02, 18.11, 4.16
-0.17, -0.65, -0.67, -13.12, 22.57, 5.52
-0.16, -0.65, -0.66, -14.21, 25.94, 6.40
-0.14, -0.66, -0.66, -15.27, 24.56, 9.53
-0.14, -0.66, -0.65, -17.39, 23.71, 10.76
-0.14, -0.66, -0.64, -18.21, 20.53, 12.44
-0.14, -0.66, -0.61, -18.64, 18.23, 14.04
-0.14, -0.68, -0.58, -18.39, 14.87, 12.23
-0.15, -0.71, -0.56, -18.45, 12.91, 12.17
-0.17, -0.72, -0.55, -18.72, 12.72, 11.72
-0.19, -0.71, -0.53, -16.55, 12.58, 8.08
-0.20, -0.69, -0.51, -15.59, 14.05, 4.49
-0.21, -0.70, -0.50, -13.96, 16.10, 1.81
-0.22, -0.70, -0.48, -13.77, 17.83, 2.08
-0.22, -0.69, -0.47, -14.65, 19.82, 0.41
-0.21, -0.69, -0.46, -13.22, 17.57, 0.88
-0.19, -0.68, -0.46, -11.43, 13.36, 0.71
-0.17, -0.68, -0.50, -10.52, 6.85, 3.08
-0.17, -0.69, -0.48, -8.85, 4.70, 3.64
-0.17, -0.69, -0.49, -7.54, 4.22, 3.67
-0.17, -0.69, -0.50, -5.43, 2.08, 4.91
-0.18, -0.71, -0.51, -5.56, 1.07, 5.63
-0.18, -0.73, -0.53, -4.37, 0.29, 4.55
-0.18, -0.73, -0.55, -3.79, -1.23, 6.33
-0.17, -0.73, -0.57, -3.51, -4.25, 6.04
-0.15, -0.74, -0.58, -3.07, -5.49, 5.23
-0.15, -0.74, -0.58, -4.69, -6.03, 3.58
-0.16, -0.75, -0.59, -6.17, -3.23, 2.38
-0.17, -0.75, -0.60, -7.46, 0.00, 0.52
-0.18, -0.75, -0.61, -9.43, 3.28, -1.88
-0.17, -0.74, -0.62, -9.59, 4.00, -2.81
-0.17, -0.74, -0.62, -12.48, 5.72, -4.60
-0.16, -0.74, -0.62, -12.78, 5.14, -4.43
-0.17, -0.73, -0.61, -14.47, 5.88, -6.03
-0.17, -0.72, -0.60, -14.51, 5.52, -7.19
-0.18, -0.71, -0.60, -14.30, 5.61, -8.53
-0.18, -0.70, -0.60, -15.15, 4.84, -9.83
-0.17, -0.69, -0.59, -13.21, 3.61, -10.03
-0.15, -0.69, -0.57, -13.82, 4.52, -9.47
-0.15, -0.68, -0.56, -14.33, 4.82, -8.84
-0.14, -0.67, -0.56, -14.08, 5.31, -8.38
-0.14, -0.68, -0.55, -15.46, 7.02, -7.28
-0.14, -0.68, -0.55, -15.88, 6.04, -6.25
-0.14, -0.68, -0.56, -17.82, 6.56, -3.76
-0.14, -0.67, -0.56, -16.48, 5.03, -3.96
-0.14, -0.67, -0.57, -16.95, 3.85, -2.65
-0.15, -0.68, -0.58, -18.07, 2.98, -0.83
-0.16, -0.68, -0.59, -17.43, 4.97, 0.56
-0.17, -0.68, -0.59, -17.56, 7.16, 0.83
-0.17, -0.68, -0.60, -16.19, 8.89, 0.99
-0.16, -0.68, -0.59, -16.07, 9.20, 1.27
-0.15, -0.69, -0.59, -14.62, 10.03, 2.51
-0.15, -0.69, -0.59, -14.35, 10.12, 3.81
-0.14, -0.69, -0.59, -13.61, 10.55, 3.45
-0.14, -0.70, -0.60, -12.89, 10.80, 4.48
-0.13, -0.70, -0.59, -12.13, 9.32, 5.54
-0.12, -0.71, -0.58, -12.52, 9.41, 5.82
-0.13, -0.71, -0.58, -12.39, 9.05, 5.80
-0.13, -0.72, -0.57, -13.20, 9.53, 4.97
-0.13, -0.71, -0.56, -13.63, 9.13, 5.06
-0.13, -0.71, -0.56, -13.28, 9.00, 3.54
-0.14, -0.71, -0.55, -13.10, 8.20, 2.52
-0.15, -0.70, -0.54, -12.77, 8.08, 1.54
-0.15, -0.69, -0.53, -10.37, 7.01, -0.03
-0.15, -0.69, -0.52, -10.80, 5.08, -0.52
-0.16, -0.70, -0.52, -8.96, 2.46, -0.10
-0.16, -0.69, -0.53, -6.23, 0.38, -1.37
-0.16, -0.69, -0.52, -4.81, -0.88, -1.15
-0.16, -0.70, -0.53, -5.42, -1.89, -0.72
-0.16, -0.71, -0.54, -5.86, -1.85, -0.72
-0.17, -0.70, -0.54, -7.22, -0.79, 0.91
-0.16, -0.70, -0.55, -9.56, 1.18, 0.53
-0.16, -0.71, -0.56, -11.01, 0.62, 1.81
-0.16, -0.71, -0.57, -13.95, 0.65, 2.23
-0.16, -0.71, -0.58, -17.01, 2.78, 3.81
-0.16, -0.71, -0.60, -18.62, 3.98, 4.62
-0.17, -0.70, -0.60, -19.73, 5.79, 3.59
-0.16, -0.70, -0.61, -21.19, 6.20, 3.53
-0.15, -0.70, -0.61, -21.12, 6.32, 2.43
-0.15, -0.69, -0.62, -20.26, 7.80, 2.08
-0.15, -0.69, -0.62, -19.59, 9.52, 2.57
-0.14, -0.69, -0.62, -17.86, 10.82, 2.68
-0.14, -0.69, -0.61, -15.82, 10.13, 2.57
-0.13, -0.69, -0.60, -13.21, 8.24, 3.37
-0.13, -0.69, -0.59, -10.46, 4.50, 3.41
-0.14, -0.69, -0.58, -9.20, 3.02, 4.21
-0.15, -0.69, -0.57, -7.52, 1.81, 4.49
-0.16, -0.69, -0.55, -6.29, 2.38, 3.45
-0.17, -0.69, -0.54, -5.59, 1.94, 3.96
-0.16, -0.68, -0.53, -5.36, 1.12, 4.11
-0.17, -0.69, -0.53, -6.59, 2.06, 2.15
-0.17, -0.70, -0.53, -8.49, 3.41, 2.82
-0.17, -0.70, -0.53, -10.79, 3.26, 3.01
-0.17, -0.71, -0.53, -14.02, 2.32, 3.41
-0.16, -0.71, -0.54, -17.12, 0.50, 2.75
-0.16, -0.71, -0.55, -19.07, -0.61, 2.74
-0.17, -0.71, -0.56, -21.45, 0.14, 2.33
-0.18, -0.71, -0.57, -23.31, 3.52, 1.42
-0.18, -0.71, -0.59, -24.75, 5.92, 1.72
-0.18, -0.70, -0.60, -24.88, 6.78, 0.63
-0.16, -0.70, -0.60, -23.39, 6.75, -0.10
-0.16, -0.70, -0.61, -21.90, 7.06, -0.06
-0.16, -0.69, -0.62, -19.03, 6.64, 0.47
-0.16, -0.68, -0.62, -17.05, 7.08, 0.12
-0.16, -0.68, -0.61, -13.55, 6.04, -0.74
-0.15, -0.68, -0.61, -12.06, 5.53, 0.27
-0.15, -0.68, -0.60, -10.26, 3.87, 0.24
-0.16, -0.69, -0.59, -9.16, 3.45, 0.16
-0.16, -0.69, -0.57, -8.12, 2.99, 1.18
-0.16, -0.69, -0.56, -8.49, 1.61, 0.59
-0.16, -0.69, -0.55, -9.14, 2.30, 1.44
-0.17, -0.69, -0.54, -10.28, 3.02, 1.56
-0.17, -0.69, -0.54, -13.05, 4.00, 1.48
-0.18, -0.69, -0.54, -13.70, 3.77, 0.79
-0.17, -0.69, -0.55, -16.07, 2.77, 0.03
-0.17, -0.69, -0.56, -16.02, 1.57, -0.52
-0.17, -0.69, -0.57, -17.04, 1.40, -0.87
-0.18, -0.69, -0.58, -16.71, 2.08, -0.74
-0.18, -0.69, -0.59, -17.20, 1.58, -1.98
-0.18, -0.69, -0.60, -17.53, 2.54, -1.30
-0.17, -0.69, -0.61, -17.29, 2.62, -1.88
-0.16, -0.69, -0.61, -15.50, 4.12, -3.34
-0.16, -0.69, -0.61, -15.24, 4.88, -3.76
-0.15, -0.69, -0.61, -14.09, 5.26, -3.55
-0.15, -0.69, -0.61, -12.77, 5.64, -3.35
-0.14, -0.69, -0.61, -11.53, 4.38, -3.72
-0.15, -0.69, -0.61, -10.93, 3.13, -3.63
-0.15, -0.69, -0.60, -8.91, 4.34, -4.06
-0.15, -0.69, -0.60, -8.54, 3.82, -4.32
-0.15, -0.69, -0.59, -9.28, 3.68, -3.56
-0.16, -0.69, -0.58, -9.39, 2.96, -2.69
-0.16, -0.68, -0.57, -9.46, 4.34, -2.47
-0.16, -0.68, -0.56, -9.49, 4.52, -2.00
-0.16, -0.69, -0.56, -10.64, 5.14, -2.12
-0.17, -0.69, -0.56, -11.57, 5.37, -2.58
-0.17, -0.69, -0.56, -12.26, 5.15, -2.88
-0.17, -0.69, -0.57, -13.17, 4.71, -1.65
-0.17, -0.69, -0.57, -13.86, 4.33, -2.35
-0.16, -0.69, -0.58, -14.71, 4.55, -2.04
-0.16, -0.69, -0.58, -15.82, 6.13, -2.66
-0.15, -0.69, -0.58, -17.04, 6.08, -1.37
-0.15, -0.69, -0.58, -17.66, 6.58, -0.65
-0.14, -0.69, -0.58, -18.22, 5.09, 0.28
-0.13, -0.69, -0.58, -17.46, 5.48, 0.14
-0.14, -0.70, -0.58, -17.72, 4.82, 0.32
-0.14, -0.70, -0.59, -16.39, 4.57, 0.33
-0.14, -0.70, -0.59, -16.03, 4.14, -0.22
-0.15, -0.70, -0.59, -14.72, 3.46, -0.03
-0.16, -0.70, -0.59, -13.64, 4.97, -1.93
-0.17, -0.69, -0.59, -12.62, 5.26, -2.43
-0.16, -0.69, -0.58, -11.48, 5.76, -3.91
-0.16, -0.70, -0.58, -9.50, 5.40, -3.13
-0.16, -0.70, -0.57, -9.44, 4.24, -3.60
-0.15, -0.70, -0.57, -8.34, 3.61, -3.31
-0.14, -0.70, -0.56, -7.87, 2.81, -3.35
-0.14, -0.70, -0.55, -7.93, 2.14, -4.27
-0.15, -0.70, -0.55, -7.64, 1.34, -4.17
-0.14, -0.70, -0.56, -7.96, -0.38, -5.77
-0.14, -0.71, -0.56, -8.73, -0.17, -5.13
-0.15, -0.72, -0.56, -9.41, -0.85, -5.41
-0.16, -0.71, -0.57, -7.82, -0.60, -6.37
-0.16, -0.71, -0.57, -8.28, -0.05, -9.02
-0.16, -0.71, -0.57, -7.23, -1.80, -11.28
-0.15, -0.72, -0.57, -6.68, -3.02, -12.91
-0.15, -0.73, -0.56, -6.30, -2.78, -15.54
-0.14, -0.74, -0.57, -5.51, -2.31, -16.32
-0.14, -0.74, -0.57, -5.96, -0.72, -18.91
-0.15, -0.75, -0.57, -4.51, 0.62, -21.00
-0.15, -0.75, -0.59, -3.69, 2.72, -23.86
-0.15, -0.75, -0.61, -0.22, -1.12, -27.20
-0.15, -0.75, -0.61, 2.52, -5.79, -27.43
-0.14, -0.76, -0.62, 2.80, -1.67, -28.08
-0.12, -0.77, -0.60, 3.60, -1.45, -31.05
-0.13, -0.79, -0.58, 4.04, 0.55, -34.00
-0.14, -0.79, -0.58, 2.97, 2.64, -36.14
-0.13, -0.78, -0.59, 2.57, 4.42, -39.96
-0.12, -0.77, -0.58, 2.13, 9.15, -41.60
-0.11, -0.78, -0.56, -0.53, 13.49, -42.87
-0.10, -0.79, -0.55, -3.81, 17.56, -42.36
-0.08, -0.77, -0.54, -4.30, 18.49, -43.96
-0.07, -0.77, -0.53, -6.87, 17.18, -44.41
-0.05, -0.78, -0.53, -8.20, 13.49, -43.06
-0.03, -0.77, -0.53, -8.87, 11.93, -43.85
-0.02, -0.75, -0.54, -10.01, 14.20, -43.78
-0.01, -0.74, -0.55, -10.08, 17.87, -42.15
-0.01, -0.72, -0.55, -10.96, 25.02, -39.52
0.01, -0.71, -0.55, -11.71, 36.19, -37.81
0.03, -0.71, -0.55, -12.21, 42.21, -35.54
0.06, -0.71, -0.54, -11.12, 41.82, -33.51
0.07, -0.70, -0.53, -10.76, 38.46, -31.24
0.08, -0.71, -0.54, -10.38, 35.31, -27.09
0.08, -0.71, -0.55, -9.57, 30.64, -23.42
0.08, -0.71, -0.56, -7.75, 22.48, -20.66
0.09, -0.71, -0.55, -6.97, 13.50, -19.27
0.10, -0.72, -0.55, -5.03, 5.30, -17.90
0.11, -0.73, -0.54, -3.45, 4.08, -17.63
0.10, -0.74, -0.54, -2.66, 8.99, -17.20
0.09, -0.75, -0.54, -3.31, 17.70, -17.11
0.08, -0.74, -0.53, -3.54, 25.64, -19.59
0.09, -0.73, -0.52, -4.29, 27.65, -19.81
0.12, -0.73, -0.49, -4.15, 25.86, -20.48
0.14, -0.74, -0.46, -3.46, 21.84, -20.56
0.15, -0.77, -0.44, -4.05, 16.14, -19.74
0.16, -0.78, -0.45, -3.28, 10.16, -18.62
0.15, -0.78, -0.46, -1.47, 6.78, -18.11
0.15, -0.78, -0.47, -0.40, 4.97, -17.84
0.15, -0.78, -0.48, 0.17, 8.14, -17.67
0.14, -0.77, -0.49, 1.91, 11.09, -17.25
0.12, -0.74, -0.50, 2.92, 17.36, -16.55
0.13, -0.73, -0.50, 3.04, 18.93, -16.50
0.15, -0.74, -0.49, 3.60, 22.70, -13.36
0.17, -0.75, -0.49, 1.59, 23.56, -10.64
0.17, -0.75, -0.49, 1.25, 19.96, -10.01
0.17, -0.75, -0.48, 0.07, 12.19, -7.74
0.18, -0.76, -0.48, -2.18, 1.25, -5.27
0.19, -0.78, -0.48, -2.46, -9.26, -4.50
0.22, -0.79, -0.49, -3.60, -14.35, -3.10
0.22, -0.79, -0.50, -4.41, -12.03, -4.09
0.19, -0.79, -0.50, -4.69, -5.77, -6.15
0.17, -0.80, -0.50, -6.56, 2.83, -8.54
0.17, -0.81, -0.51, -7.45, 8.84, -9.26
0.18, -0.82, -0.51, -7.62, 10.43, -10.29
0.20, -0.82, -0.51, -5.90, 8.82, -12.04
0.21, -0.83, -0.51, -5.01, 4.62, -13.46
0.20, -0.83, -0.50, -3.05, 2.02, -14.15
0.20, -0.82, -0.50, -1.94, 1.52, -14.73
0.19, -0.81, -0.49, -0.49, 3.36, -15.66
0.18, -0.80, -0.48, 0.01, 5.73, -15.99
0.18, -0.80, -0.47, 0.05, 8.01, -15.67
0.19, -0.79, -0.46, -0.03, 8.30, -15.25
0.21, -0.78, -0.46, 0.51, 7.82, -13.55
0.23, -0.77, -0.44, 0.85, 6.68, -12.65
0.24, -0.77, -0.43, 0.28, 9.44, -10.47
0.25, -0.76, -0.42, -1.48, 12.30, -8.79
0.24, -0.77, -0.40, -3.66, 15.42, -6.38
0.24, -0.77, -0.39, -6.39, 13.16, -4.56
0.25, -0.78, -0.39, -7.68, 11.14, -0.82
0.28, -0.78, -0.39, -8.11, 6.20, 1.35
0.29, -0.78, -0.40, -9.50, 2.78, 5.36
0.27, -0.79, -0.40, -10.37, 1.40, 5.74
0.24, -0.80, -0.41, -9.89, 2.06, 4.83
0.22, -0.81, -0.42, -9.18, 1.86, 5.06
0.20, -0.84, -0.43, -8.55, 0.51, 3.30
0.18, -0.86, -0.44, -6.74, -1.71, -1.48
0.16, -0.87, -0.45, -5.27, -3.75, -5.96
0.13, -0.88, -0.47, -3.23, -7.35, -11.68
0.14, -0.90, -0.47, -1.07, -5.40, -14.29
0.16, -0.91, -0.49, 1.29, -3.87, -17.66
0.19, -0.89, -0.51, 2.59, 4.87, -19.63
0.21, -0.87, -0.48, 2.20, 8.28, -21.26
0.25, -0.84, -0.45, 2.84, 7.35, -19.00
0.33, -0.81, -0.42, 3.70, 4.97, -14.07
0.38, -0.79, -0.40, 6.05, 0.62, -14.45
0.32, -0.78, -0.40, 3.97, 4.90, -14.98
0.24, -0.78, -0.38, -1.95, 12.16, -14.63
0.21, -0.77, -0.37, -3.88, 11.01, -15.43
0.20, -0.76, -0.37, -7.66, 11.78, -13.39
0.21, -0.78, -0.36, -13.64, 14.78, -11.99
0.21, -0.79, -0.34, -13.86, 13.27, -14.80
0.20, -0.79, -0.35, -16.18, 0.14, -16.64
0.24, -0.80, -0.37, -11.33, -11.09, -16.51
0.28, -0.80, -0.42, -5.43, -21.77, -18.09
0.26, -0.82, -0.44, -4.70, -15.70, -16.43
0.27, -0.83, -0.43, -7.07, 2.91, -9.30
0.34, -0.79, -0.40, -7.68, 13.97, -1.92
0.42, -0.74, -0.36, -10.32, 24.28, 9.33
0.50, -0.71, -0.34, -11.12, 22.62, 14.07
0.50, -0.74, -0.34, -16.23, 22.15, 18.89
0.44, -0.79, -0.34, -22.77, 26.79, 21.24
0.36, -0.81, -0.35, -27.15, 33.77, 21.93
0.33, -0.81, -0.37, -29.06, 32.31, 21.65
0.31, -0.85, -0.39, -29.95, 20.54, 19.87
0.25, -0.89, -0.44, -27.61, 2.34, 12.85
0.16, -0.92, -0.46, -19.80, -13.77, 1.47
0.06, -0.97, -0.47, -8.56, -28.35, -13.68
-0.03, -1.02, -0.51, -2.40, -41.55, -29.06
-0.11, -1.02, -0.54, 10.64, -43.19, -46.15
-0.11, -0.97, -0.54, 15.80, -34.13, -59.22
0.05, -0.88, -0.49, 9.46, -0.62, -48.75
0.36, -0.76, -0.35, 8.83, 22.65, -34.54
0.58, -0.61, -0.28, 13.54, 2.22, -27.25
0.60, -0.57, -0.27, 1.96, 11.69, -7.36
0.65, -0.59, -0.23, -11.15, 15.69, 11.91
0.66, -0.61, -0.22, -20.24, 12.19, 21.73
0.58, -0.63, -0.28, -30.90, 3.32, 27.71
0.40, -0.67, -0.36, -39.35, 5.72, 31.13
0.30, -0.72, -0.39, -39.63, 13.32, 32.22
0.26, -0.78, -0.41, -36.47, 5.42, 27.45
0.19, -0.88, -0.50, -27.69, -18.14, 19.66
0.06, -0.98, -0.55, -15.44, -41.74, 4.37
-0.10, -1.05, -0.57, -10.01, -38.42, -17.73
-0.19, -1.06, -0.53, -8.93, -7.67, -34.91
-0.12, -0.98, -0.51, 0.06, 4.62, -51.18
0.05, -0.90, -0.49, 6.67, 4.60, -55.99
0.22, -0.89, -0.48, 4.85, 2.51, -49.49
0.41, -0.84, -0.42, -5.35, 10.69, -29.53
0.65, -0.70, -0.29, -9.27, 16.73, -8.62
0.75, -0.57, -0.23, -12.82, 0.69, 3.96
0.71, -0.53, -0.22, -21.41, 3.75, 19.17
0.61, -0.57, -0.25, -31.10, 8.63, 26.60
0.43, -0.63, -0.31, -42.10, 14.91, 30.25
0.28, -0.69, -0.36, -44.04, 21.10, 32.41
0.28, -0.74, -0.40, -38.84, 8.07, 31.89
0.28, -0.83, -0.45, -28.05, -17.66, 26.43
0.19, -0.94, -0.52, -15.45, -43.44, 15.23
0.02, -1.03, -0.57, -5.88, -47.81, -4.42
-0.16, -1.06, -0.57, -2.02, -15.71, -20.84
-0.17, -1.02, -0.53, 3.42, 13.69, -43.65
-0.04, -0.94, -0.49, 8.93, 13.37, -52.14
0.15, -0.90, -0.48, 10.24, 3.08, -48.56
0.38, -0.85, -0.45, 3.34, 5.86, -31.95
0.57, -0.74, -0.32, -3.98, 12.54, -13.48
0.68, -0.60, -0.24, -7.30, -0.84, -2.52
0.67, -0.55, -0.22, -16.63, 4.31, 15.72
0.63, -0.56, -0.25, -23.35, 5.87, 21.72
0.51, -0.61, -0.31, -31.77, 12.52, 29.05
0.35, -0.67, -0.37, -34.67, 19.81, 30.30
0.27, -0.73, -0.42, -30.80, 16.34, 28.86
0.27, -0.82, -0.45, -24.78, 1.89, 26.42
0.24, -0.92, -0.47, -16.07, -20.65, 17.92
0.14, -1.02, -0.51, -6.86, -34.42, 1.54
-0.02, -1.07, -0.54, -3.86, -27.78, -14.56
-0.11, -1.06, -0.52, -2.04, -0.81, -32.59
-0.08, -0.97, -0.50, 5.87, 9.71, -49.25
0.04, -0.91, -0.50, 8.81, 10.25, -52.33
0.21, -0.88, -0.48, 4.61, 8.52, -44.57
0.45, -0.80, -0.38, -5.77, 19.52, -18.13
0.68, -0.66, -0.26, -6.97, 16.73, 0.25
0.75, -0.52, -0.22, -14.93, 1.30, 16.32
0.66, -0.49, -0.21, -20.85, 1.34, 26.64
0.51, -0.56, -0.27, -33.37, 1.89, 31.06
0.35, -0.62, -0.32, -40.82, 8.57, 34.99
0.26, -0.66, -0.39, -39.08, 17.93, 38.61
0.29, -0.72, -0.43, -29.78, 6.03, 34.33
0.26, -0.88, -0.48, -15.51, -26.61, 24.01
0.15, -1.04, -0.53, -10.12, -36.67, 12.29
-0.02, -1.12, -0.57, -4.79, -33.79, -7.38
-0.17, -1.08, -0.56, -2.46, 7.70, -22.65
-0.09, -1.00, -0.52, 3.65, 22.62, -40.38
0.08, -0.94, -0.48, 8.91, 14.05, -46.20
0.24, -0.90, -0.47, 5.11, 3.56, -41.18
0.38, -0.83, -0.40, -4.72, 3.12, -23.40
0.59, -0.71, -0.31, -14.70, 16.41, 2.25
0.75, -0.54, -0.24, -19.44, 14.49, 18.57
0.75, -0.50, -0.22, -23.12, 8.02, 27.37
0.63, -0.54, -0.28, -34.23, 9.84, 35.22
0.42, -0.65, -0.33, -43.62, 15.55, 39.95
0.28, -0.72, -0.37, -44.09, 26.68, 43.57
0.28, -0.81, -0.43, -34.68, 9.10, 36.26
0.23, -0.96, -0.53, -23.62, -23.52, 26.12
0.03, -1.04, -0.59, -14.47, -37.57, 6.87
-0.20, -1.04, -0.61, -3.79, -21.08, -16.46
-0.27, -1.01, -0.58, -1.33, 18.39, -33.49
-0.12, -0.94, -0.51, 4.17, 29.69, -45.87
0.08, -0.88, -0.47, 7.95, 19.00, -46.76
0.26, -0.82, -0.45, 3.26, 3.94, -39.04
0.42, -0.75, -0.39, -5.57, 10.83, -15.72
0.64, -0.64, -0.29, -14.30, 19.86, 7.38
0.78, -0.54, -0.22, -20.18, 15.81, 24.12
0.75, -0.51, -0.25, -25.21, 6.12, 30.21
0.57, -0.57, -0.30, -35.15, 8.59, 36.42
0.35, -0.68, -0.36, -42.16, 22.35, 40.62
0.26, -0.77, -0.40, -40.57, 26.61, 40.71
0.25, -0.88, -0.44, -28.59, 2.14, 29.65
0.19, -1.00, -0.52, -23.27, -19.45, 21.04
0.00, -1.06, -0.57, -12.43, -25.62, 3.56
-0.18, -1.03, -0.59, -3.27, -18.98, -19.04
-0.19, -1.00, -0.57, 0.72, 10.09, -34.96
-0.05, -0.94, -0.52, 9.75, 7.82, -48.54
0.08, -0.87, -0.50, 14.43, -2.23, -50.95
0.21, -0.82, -0.48, 9.20, -1.94, -43.61
0.39, -0.76, -0.41, -1.70, 17.12, -19.40
0.66, -0.64, -0.30, -12.73, 27.07, 5.08
0.83, -0.53, -0.22, -17.53, 22.20, 24.95
0.83, -0.51, -0.25, -23.22, 10.54, 30.52
0.62, -0.58, -0.30, -35.86, 10.24, 39.21
0.36, -0.70, -0.34, -45.14, 26.48, 46.07
0.26, -0.76, -0.36, -43.07, 27.79, 46.33
0.23, -0.84, -0.42, -25.03, -22.03, 32.06
0.12, -0.96, -0.55, -13.75, -52.38, 23.47
-0.10, -1.05, -0.61, -3.33, -55.04, -3.39
-0.34, -1.03, -0.57, -2.62, -16.73, -25.19
-0.31, -0.98, -0.50, 2.12, 18.17, -44.51
-0.08, -0.90, -0.50, 9.94, 5.43, -58.58
0.13, -0.87, -0.52, 10.41, -9.75, -55.41
0.33, -0.84, -0.51, -1.40, 1.22, -32.81
0.62, -0.73, -0.40, -9.60, 17.84, -7.90
0.81, -0.57, -0.28, -15.49, 16.74, 11.21
0.85, -0.51, -0.25, -19.26, 18.12, 23.20
0.73, -0.56, -0.31, -27.40, 19.72, 31.12
0.47, -0.66, -0.35, -36.76, 28.98, 37.17
0.27, -0.74, -0.37, -43.99, 42.11, 42.70
0.21, -0.79, -0.39, -39.67, 22.28, 37.19
0.17, -0.85, -0.50, -18.35, -27.39, 24.70
0.03, -0.95, -0.58, -5.90, -49.94, 6.57
-0.21, -1.05, -0.59, -4.46, -41.36, -16.83
-0.34, -1.05, -0.52, -7.18, 6.18, -33.38
-0.17, -0.92, -0.46, 2.69, 17.60, -49.71
0.06, -0.84, -0.47, 6.85, 3.97, -53.67
0.26, -0.84, -0.48, 2.02, -9.05, -42.93
0.45, -0.79, -0.45, -8.23, 7.19, -15.66
0.68, -0.66, -0.34, -12.41, 13.84, 2.01
0.77, -0.54, -0.26, -16.64, 11.98, 18.53
0.74, -0.53, -0.26, -17.11, 12.01, 26.19
0.61, -0.60, -0.31, -25.28, 17.30, 31.89
0.39, -0.73, -0.35, -36.64, 24.26, 36.21
0.28, -0.79, -0.39, -39.66, 24.98, 39.52
0.28, -0.81, -0.42, -32.10, 3.21, 34.86
0.24, -0.87, -0.48, -19.11, -33.37, 22.53
0.09, -0.99, -0.55, -8.63, -47.77, 7.79
-0.14, -1.06, -0.58, -3.89, -39.93, -13.42
-0.31, -1.05, -0.58, -5.26, 4.44, -32.73
-0.21, -0.95, -0.54, 4.26, 21.63, -50.06
-0.01, -0.87, -0.53, 11.26, 8.53, -58.72
0.19, -0.85, -0.52, 10.91, -3.76, -53.32
0.38, -0.79, -0.47, 1.96, 4.31, -28.40
0.62, -0.69, -0.38, -2.03, 12.51, -10.54
0.72, -0.53, -0.27, -7.00, 7.01, 4.89
0.69, -0.53, -0.24, -16.81, 17.18, 20.66
0.63, -0.58, -0.26, -23.89, 20.66, 29.48
0.47, -0.65, -0.29, -35.88, 20.57, 33.93
0.30, -0.73, -0.31, -41.04, 18.45, 35.34
0.23, -0.78, -0.35, -38.25, 0.96, 32.34
0.20, -0.84, -0.42, -27.02, -30.59, 25.07
0.12, -0.92, -0.50, -13.66, -56.17, 5.97
-0.09, -1.02, -0.56, -7.23, -60.78, -15.88
-0.25, -1.06, -0.57, -4.86, -12.98, -33.38
-0.21, -1.01, -0.54, 4.15, 1.34, -55.59
-0.08, -0.94, -0.54, 12.59, -4.74, -63.61
0.17, -0.92, -0.56, 8.10, -6.61, -52.88
0.46, -0.85, -0.49, 1.29, 9.38, -31.85
0.68, -0.69, -0.38, 6.05, -3.97, -25.53
0.66, -0.57, -0.34, -4.88, -2.34, -6.27
0.63, -0.56, -0.29, -14.90, 20.48, 13.31
0.66, -0.57, -0.29, -23.27, 28.25, 24.35
0.56, -0.59, -0.33, -29.77, 23.64, 31.36
0.40, -0.67, -0.37, -34.87, 22.01, 35.18
0.29, -0.74, -0.40, -34.20, 18.75, 36.38
0.26, -0.81, -0.42, -29.97, -2.12, 32.12
0.20, -0.88, -0.45, -19.01, -28.48, 21.94
0.06, -0.96, -0.50, -8.46, -43.86, 3.66
-0.12, -1.04, -0.54, -7.73, -26.91, -14.92
-0.21, -1.03, -0.53, -8.89, 9.96, -31.85
-0.09, -0.92, -0.50, -3.17, 18.59, -44.24
0.16, -0.84, -0.49, 2.23, 8.54, -44.62
0.34, -0.83, -0.50, -0.11, -0.99, -33.09
0.49, -0.78, -0.45, -6.28, -0.49, -18.21
0.60, -0.69, -0.36, -12.12, 9.38, 1.81
0.70, -0.59, -0.31, -18.30, 15.78, 15.97
0.68, -0.56, -0.32, -21.33, 18.17, 27.29
0.52, -0.61, -0.36, -29.12, 25.07, 34.40
0.37, -0.69, -0.38, -34.61, 28.36, 37.02
0.30, -0.75, -0.40, -35.59, 26.73, 37.70
0.29, -0.80, -0.43, -29.81, 0.23, 31.02
0.20, -0.87, -0.48, -15.44, -27.62, 21.11
0.04, -0.97, -0.55, -8.34, -26.22, 2.65
-0.18, -1.05, -0.56, -8.72, -12.76, -17.68
-0.23, -1.02, -0.53, -5.34, 19.39, -29.48
-0.03, -0.90, -0.50, 3.19, 13.65, -40.57
0.15, -0.83, -0.49, 6.66, -0.28, -42.65
0.28, -0.80, -0.49, 4.30, -2.75, -32.51
0.42, -0.75, -0.44, -1.96, 6.74, -14.87
0.59, -0.66, -0.35, -9.40, 18.85, 4.60
0.72, -0.56, -0.27, -14.88, 21.56, 20.33
0.70, -0.54, -0.27, -17.79, 15.46, 29.91
0.53, -0.61, -0.32, -26.92, 19.10, 37.49
0.36, -0.71, -0.35, -32.14, 25.76, 42.39
0.29, -0.75, -0.39, -31.53, 26.14, 42.67
0.30, -0.78, -0.43, -21.71, 8.32, 34.84
0.25, -0.88, -0.47, -14.37, -3.11, 29.03
0.09, -0.99, -0.50, -13.31, -14.44, 13.45
-0.12, -1.02, -0.52, -5.67, -12.30, -4.99
-0.19, -1.01, -0.57, -3.21, -0.42, -20.50
-0.10, -0.98, -0.55, 1.92, 9.49, -32.91
0.04, -0.89, -0.50, 5.93, 4.48, -42.31
0.18, -0.82, -0.48, 5.30, 5.46, -39.56
0.30, -0.79, -0.46, -0.93, 8.88, -29.20
0.47, -0.74, -0.41, -6.96, 15.75, -11.39
0.68, -0.67, -0.34, -12.17, 21.98, 8.30
0.75, -0.63, -0.30, -18.62, 25.53, 19.58
0.68, -0.64, -0.29, -26.90, 29.56, 29.70
0.52, -0.71, -0.31, -36.52, 35.56, 36.93
0.36, -0.77, -0.33, -39.47, 37.02, 37.80
0.27, -0.80, -0.36, -36.26, 15.89, 33.47
0.16, -0.85, -0.43, -21.58, -24.07, 19.08
0.01, -0.93, -0.56, -9.93, -36.15, 3.70
-0.21, -1.00, -0.56, -5.49, -22.47, -17.07
-0.30, -0.98, -0.51, -3.45, 18.27, -30.39
-0.11, -0.87, -0.48, 3.58, 26.15, -40.04
0.09, -0.81, -0.47, 5.79, 14.89, -41.84
0.26, -0.79, -0.47, 3.18, 8.26, -34.18
0.43, -0.76, -0.44, -2.14, 8.28, -15.68
0.65, -0.68, -0.38, -8.62, 16.84, 7.51
0.80, -0.60, -0.32, -15.34, 20.20, 23.69
0.78, -0.58, -0.29, -19.59, 24.12, 32.83
0.61, -0.65, -0.29, -33.39, 34.52, 41.39
0.40, -0.73, -0.31, -43.64, 43.54, 47.97
0.31, -0.77, -0.32, -44.55, 38.43, 50.04
0.30, -0.81, -0.37, -32.33, -5.53, 34.46
0.18, -0.91, -0.49, -19.69, -26.28, 26.57
-0.05, -0.99, -0.55, -16.08, -28.02, 5.99
-0.27, -1.00, -0.53, -6.41, -14.67, -15.17
-0.26, -0.98, -0.52, -3.06, 11.52, -25.04
-0.04, -0.92, -0.50, 6.95, 5.13, -36.94
0.10, -0.86, -0.48, 12.93, -6.27, -43.80
0.18, -0.85, -0.49, 9.62, -13.65, -42.09
0.30, -0.83, -0.48, 1.83, 1.75, -23.38
0.54, -0.72, -0.40, -7.52, 17.00, -1.49
0.76, -0.61, -0.29, -13.72, 24.96, 17.25
0.82, -0.56, -0.26, -16.45, 20.08, 26.17
0.68, -0.63, -0.30, -32.37, 25.48, 37.88
0.44, -0.75, -0.32, -44.31, 30.94, 43.82
0.29, -0.77, -0.32, -45.19, 31.23, 43.67
0.24, -0.78, -0.36, -33.67, -3.75, 32.13
0.18, -0.89, -0.48, -27.71, -17.30, 29.87
-0.01, -0.97, -0.52, -24.76, -23.04, 10.47
-0.24, -0.94, -0.50, -9.24, -15.15, -14.08
-0.26, -0.93, -0.56, -7.75, 6.14, -22.29
-0.08, -0.92, -0.54, -1.04, 11.52, -32.40
0.11, -0.85, -0.49, 4.49, 0.07, -39.19
0.23, -0.82, -0.47, 1.71, -7.15, -36.15
0.34, -0.80, -0.46, 1.48, -5.32, -29.12
0.45, -0.75, -0.44, -0.62, -2.02, -16.66
0.58, -0.72, -0.42, -7.14, 11.64, 0.44
0.68, -0.72, -0.37, -14.87, 23.65, 12.91
0.68, -0.74, -0.31, -24.30, 26.71, 23.60
0.56, -0.79, -0.30, -34.74, 30.75, 31.42
0.42, -0.81, -0.32, -39.09, 27.81, 31.99
0.29, -0.80, -0.37, -35.93, 9.19, 25.57
0.14, -0.83, -0.47, -23.92, -22.90, 13.88
-0.07, -0.88, -0.56, -10.76, -35.09, -5.83
-0.29, -0.91, -0.57, -6.66, -19.98, -22.40
-0.31, -0.88, -0.52, -0.54, 14.24, -37.42
-0.12, -0.81, -0.46, 8.12, 8.45, -45.40
0.09, -0.78, -0.44, 10.76, 4.47, -42.28
0.27, -0.78, -0.46, 9.35, -8.53, -32.93
0.45, -0.72, -0.46, 7.30, 4.91, -11.69
0.61, -0.64, -0.42, 3.50, 11.26, 0.46
0.68, -0.63, -0.32, -8.00, 19.48, 18.79
0.72, -0.67, -0.25, -17.92, 28.98, 29.40
0.67, -0.72, -0.27, -31.03, 30.57, 36.29
0.52, -0.76, -0.31, -43.57, 29.89, 40.26
0.38, -0.79, -0.34, -47.60, 28.29, 40.45
0.32, -0.83, -0.39, -44.89, 11.31, 34.51
0.23, -0.88, -0.46, -34.47, -10.71, 23.29
0.03, -0.93, -0.53, -22.64, -30.36, 5.01
-0.22, -0.98, -0.60, -9.67, -27.48, -17.79
-0.31, -1.00, -0.60, -5.54, 8.44, -30.76
-0.16, -0.93, -0.55, 6.27, 15.65, -48.23
0.05, -0.86, -0.51, 15.68, 3.16, -52.58
0.24, -0.85, -0.49, 12.79, -4.74, -41.41
0.47, -0.81, -0.45, 6.43, 13.67, -23.41
0.64, -0.70, -0.33, -0.59, 16.81, -9.45
0.73, -0.64, -0.22, -14.81, 20.77, 11.59
0.79, -0.64, -0.17, -22.37, 19.29, 23.50
0.72, -0.67, -0.21, -31.61, 14.08, 29.89
0.49, -0.73, -0.26, -45.00, 16.63, 34.99
0.29, -0.76, -0.29, -49.23, 21.46, 36.59
0.24, -0.77, -0.38, -41.39, -2.75, 31.75
0.16, -0.79, -0.48, -26.37, -30.65, 21.97
-0.04, -0.85, -0.57, -11.68, -41.01, 2.76
-0.26, -0.93, -0.59, -3.00, -39.88, -18.21
-0.32, -0.96, -0.57, 0.67, 5.84, -28.51
-0.13, -0.89, -0.54, 10.69, 10.49, -43.23
0.09, -0.82, -0.51, 16.32, 1.04, -41.38
0.30, -0.81, -0.52, 14.61, 0.62, -27.10
0.51, -0.77, -0.48, 7.66, 8.47, -11.00
0.65, -0.70, -0.39, 0.30, 14.54, 7.85
0.74, -0.64, -0.28, -9.90, 19.95, 19.69
0.76, -0.66, -0.24, -19.41, 21.13, 25.42
0.63, -0.74, -0.27, -36.46, 25.18, 33.33
0.45, -0.81, -0.29, -48.03, 28.46, 38.26
0.34, -0.83, -0.31, -49.65, 20.92, 37.88
0.28, -0.85, -0.39, -37.58, -14.90, 29.65
0.13, -0.87, -0.52, -20.36, -34.42, 15.73
-0.11, -0.93, -0.59, -7.13, -45.94, -12.74
-0.37, -0.99, -0.59, -6.08, -12.46, -25.94
-0.30, -0.95, -0.54, 1.58, 23.82, -42.43
-0.03, -0.85, -0.51, 10.22, 12.78, -48.78
0.19, -0.81, -0.50, 13.12, 2.98, -41.51
0.39, -0.79, -0.49, 6.97, 4.83, -26.59
0.59, -0.72, -0.41, -0.97, 21.12, -6.02
0.70, -0.65, -0.29, -9.84, 20.35, 8.73
0.78, -0.64, -0.22, -17.72, 23.27, 21.55
0.73, -0.67, -0.26, -28.35, 22.66, 30.39
0.49, -0.73, -0.31, -41.29, 26.29, 34.42
0.30, -0.77, -0.34, -45.81, 29.09, 36.62
0.24, -0.78, -0.38, -39.99, 8.36, 33.00
0.17, -0.82, -0.48, -23.87, -28.62, 20.22
-0.01, -0.88, -0.58, -7.05, -47.10, -1.18
-0.27, -0.96, -0.60, -3.72, -29.99, -20.60
-0.33, -0.97, -0.55, -2.10, 14.32, -33.26
-0.16, -0.89, -0.51, 9.38, 13.46, -46.24
0.10, -0.82, -0.49, 14.78, 2.86, -45.06
0.31, -0.83, -0.50, 11.51, -3.14, -37.25
0.44, -0.81, -0.50, 6.22, 6.96, -21.93
0.59, -0.71, -0.41, 0.64, 17.48, -7.22
0.70, -0.65, -0.30, -6.32, 21.14, 8.66
0.78, -0.66, -0.24, -16.68, 23.10, 19.44
0.73, -0.71, -0.27, -26.12, 24.34, 27.45
0.53, -0.77, -0.30, -39.43, 28.56, 34.04
0.33, -0.80, -0.32, -43.57, 33.30, 35.46
0.25, -0.81, -0.36, -40.42, 13.61, 30.40
0.20, -0.85, -0.44, -27.96, -26.11, 21.15
0.04, -0.90, -0.53, -12.07, -41.15, 1.17
-0.20, -0.93, -0.58, -5.04, -38.81, -23.48
-0.33, -0.94, -0.57, -3.42, 6.77, -32.53
-0.17, -0.84, -0.52, 6.58, 16.30, -46.88
0.07, -0.81, -0.49, 12.71, 6.08, -47.98
0.25, -0.82, -0.49, 11.23, -2.73, -38.12
0.46, -0.79, -0.47, 6.61, 6.20, -21.35
0.65, -0.70, -0.38, -0.69, 15.91, -4.81
0.74, -0.65, -0.27, -9.38, 20.71, 12.04
0.81, -0.66, -0.21, -18.63, 24.27, 24.32
0.73, -0.72, -0.24, -30.95, 27.21, 32.32
0.48, -0.78, -0.28, -44.51, 33.52, 36.90
0.31, -0.79, -0.31, -47.82, 35.64, 37.71
0.26, -0.80, -0.36, -41.19, 3.73, 30.44
0.20, -0.83, -0.47, -29.22, -26.31, 22.22
-0.01, -0.87, -0.55, -12.81, -49.00, -2.21
-0.28, -0.91, -0.59, -6.08, -36.29, -21.91
-0.35, -0.93, -0.57, -2.39, 4.55, -35.25
-0.16, -0.87, -0.51, 7.64, 8.34, -47.55
0.10, -0.82, -0.48, 12.84, -0.53, -45.91
0.33, -0.82, -0.50, 11.92, -4.33, -33.15
0.52, -0.77, -0.48, 7.83, 4.95, -20.29
0.63, -0.70, -0.39, 2.43, 9.80, -6.62
0.71, -0.68, -0.29, -10.33, 19.66, 10.42
0.77, -0.70, -0.24, -21.44, 23.74, 23.82
0.71, -0.72, -0.25, -33.42, 27.37, 32.70
0.54, -0.77, -0.27, -46.37, 29.33, 36.65
0.38, -0.79, -0.29, -49.80, 23.72, 37.13
0.30, -0.80, -0.35, -45.42, 5.09, 33.93
0.22, -0.83, -0.44, -36.70, -20.44, 26.42
0.06, -0.86, -0.53, -19.88, -40.35, 7.74
-0.20, -0.90, -0.57, -7.67, -43.03, -17.59
-0.34, -0.93, -0.60, -1.89, -12.31, -30.43
-0.24, -0.89, -0.58, 9.24, 6.19, -47.20
-0.02, -0.83, -0.53, 19.97, -2.03, -55.31
0.18, -0.84, -0.52, 19.74, -5.66, -47.22
0.42, -0.81, -0.51, 14.31, 4.24, -31.61
0.62, -0.72, -0.42, 7.04, 16.65, -10.83
0.77, -0.65, -0.30, -1.30, 20.01, 3.80
0.84, -0.65, -0.21, -14.38, 20.05, 20.92
0.80, -0.69, -0.20, -25.24, 22.74, 28.61
0.64, -0.76, -0.24, -42.39, 30.61, 35.16
0.41, -0.79, -0.28, -51.91, 34.11, 36.86
0.30, -0.79, -0.32, -51.77, 25.33, 35.36
0.28, -0.80, -0.39, -44.58, -9.94, 31.50
0.21, -0.83, -0.49, -27.94, -38.50, 21.61
0.02, -0.86, -0.54, -14.09, -48.38, 0.13
-0.24, -0.92, -0.57, -5.80, -36.10, -20.17
-0.32, -0.95, -0.59, -1.04, 2.83, -32.05
-0.15, -0.88, -0.57, 10.81, 15.22, -45.99
0.05, -0.82, -0.54, 20.58, -3.18, -52.78
0.24, -0.83, -0.53, 21.51, -11.54, -43.86
0.43, -0.82, -0.51, 17.52, -2.77, -31.67
0.60, -0.74, -0.41, 6.08, 6.96, -14.64
0.73, -0.68, -0.26, -3.76, 17.06, 3.27
0.82, -0.66, -0.19, -18.60, 17.81, 17.58
0.79, -0.69, -0.20, -32.34, 26.08, 30.79
0.62, -0.74, -0.25, -48.44, 33.09, 36.26
0.41, -0.75, -0.30, -58.15, 38.66, 41.39
0.30, -0.73, -0.35, -57.31, 30.99, 42.39
0.29, -0.74, -0.42, -47.23, -4.80, 40.14
0.21, -0.78, -0.52, -31.95, -33.88, 31.61
0.03, -0.84, -0.57, -16.78, -42.72, 13.69
-0.20, -0.92, -0.59, -5.67, -38.67, -10.30
-0.35, -0.97, -0.63, -2.23, 2.68, -20.80
-0.22, -0.93, -0.58, 8.52, 23.12, -39.15
0.01, -0.88, -0.52, 17.76, 8.75, -48.16
0.22, -0.89, -0.50, 20.90, -9.97, -46.13
0.40, -0.87, -0.51, 19.53, -16.22, -35.97
0.51, -0.79, -0.46, 12.13, 1.68, -22.06
0.64, -0.72, -0.34, -1.44, 21.60, -4.67
0.75, -0.68, -0.21, -13.21, 25.00, 9.79
0.78, -0.66, -0.19, -23.56, 26.46, 20.21
0.67, -0.68, -0.26, -35.29, 30.02, 29.43
0.45, -0.73, -0.32, -47.29, 36.13, 33.90
0.29, -0.73, -0.35, -49.69, 37.54, 34.50
0.26, -0.74, -0.39, -42.80, 18.45, 34.46
0.27, -0.80, -0.45, -29.34, -14.17, 29.62
0.14, -0.85, -0.51, -18.68, -27.83, 18.54
-0.09, -0.91, -0.53, -10.42, -25.97, -4.61
-0.28, -0.94, -0.54, -6.09, -11.49, -20.75
-0.21, -0.91, -0.54, 2.98, 11.13, -34.58
0.01, -0.86, -0.52, 11.37, -0.43, -48.05
0.17, -0.85, -0.51, 18.52, -15.84, -47.55
0.29, -0.86, -0.52, 16.91, -15.55, -40.34
0.44, -0.82, -0.52, 14.02, 3.17, -29.74
0.55, -0.74, -0.45, 9.33, 11.20, -20.91
0.61, -0.68, -0.34, -4.42, 22.66, -2.78
0.68, -0.66, -0.26, -15.27, 27.46, 10.42
0.68, -0.64, -0.26, -23.02, 24.05, 16.07
0.53, -0.65, -0.32, -34.05, 27.76, 22.96
0.34, -0.71, -0.35, -41.43, 33.20, 23.64
0.26, -0.72, -0.37, -40.72, 30.07, 24.50
0.28, -0.74, -0.41, -35.61, 19.46, 26.23
0.32, -0.78, -0.45, -29.35, 4.42, 25.57
0.27, -0.83, -0.46, -22.68, -6.10, 20.78
0.19, -0.87, -0.46, -16.14, 0.03, 16.19
0.13, -0.90, -0.47, -14.35, 8.07, 6.88
0.10, -0.91, -0.48, -8.60, 15.58, -0.19
0.12, -0.89, -0.48, -7.26, 18.81, -4.31
0.22, -0.88, -0.44, -5.05, 14.86, -9.17
0.29, -0.87, -0.42, -3.39, 1.48, -10.80
0.31, -0.86, -0.41, -2.75, -4.15, -10.77
0.32, -0.86, -0.40, -4.57, -4.52, -11.59
0.31, -0.84, -0.39, -6.38, -1.25, -13.76
0.31, -0.82, -0.38, -8.49, 3.62, -12.00
0.34, -0.79, -0.38, -10.80, 4.99, -7.93
0.39, -0.77, -0.37, -12.59, 9.56, -1.26
0.42, -0.75, -0.36, -14.46, 11.99, 4.14
0.41, -0.73, -0.35, -16.57, 10.33, 7.38
0.38, -0.73, -0.35, -18.28, 8.37, 10.30
0.33, -0.75, -0.35, -22.78, 6.91, 11.60
0.29, -0.78, -0.35, -24.57, -3.49, 10.46
0.26, -0.78, -0.37, -20.83, -13.26, 8.06
0.22, -0.80, -0.40, -18.44, -20.09, 1.36
0.14, -0.84, -0.44, -13.41, -25.64, -8.33
0.07, -0.87, -0.47, -8.48, -22.86, -16.82
0.06, -0.88, -0.50, -2.24, -16.67, -26.07
0.09, -0.87, -0.54, 5.36, -10.01, -28.92
0.14, -0.85, -0.54, 8.73, -0.46, -31.16
0.24, -0.82, -0.52, 8.23, 4.49, -26.37
0.38, -0.78, -0.47, 5.09, 4.97, -13.04
0.55, -0.70, -0.38, -5.16, 7.63, 8.71
0.71, -0.64, -0.28, -13.92, 13.21, 28.34
0.78, -0.59, -0.25, -23.36, 7.99, 36.85
0.68, -0.60, -0.28, -34.14, 12.36, 46.17
0.50, -0.67, -0.31, -44.64, 17.42, 50.95
0.39, -0.74, -0.35, -46.53, 17.68, 53.03
0.32, -0.81, -0.43, -40.26, 7.13, 46.38
0.20, -0.91, -0.48, -33.49, -14.55, 33.14
-0.01, -0.99, -0.49, -25.73, -27.77, 13.07
-0.15, -1.02, -0.53, -12.53, -22.72, -8.59
-0.17, -1.03, -0.57, -7.84, -6.52, -22.09
-0.07, -1.00, -0.53, 1.69, 8.79, -35.22
0.05, -0.92, -0.50, 12.91, 3.23, -45.70
0.14, -0.87, -0.50, 15.17, -4.12, -49.87
0.19, -0.85, -0.48, 14.68, -13.43, -49.63
0.31, -0.79, -0.44, 11.99, -14.34, -36.93
0.48, -0.72, -0.43, 9.78, -12.72, -22.35
0.61, -0.63, -0.41, 3.64, -5.55, -3.27
0.69, -0.58, -0.33, -8.54, 14.53, 18.76
0.75, -0.57, -0.26, -16.80, 23.15, 26.57
0.65, -0.62, -0.25, -30.06, 31.02, 34.41
0.43, -0.71, -0.27, -42.64, 34.62, 37.70
0.28, -0.78, -0.32, -42.18, 24.61, 38.60
0.22, -0.82, -0.42, -35.93, -1.17, 33.52
0.14, -0.90, -0.50, -21.75, -33.89, 17.88
-0.07, -0.97, -0.54, -9.32, -56.17, -6.25
-0.32, -1.02, -0.58, -4.91, -34.30, -24.95
-0.35, -1.01, -0.55, 1.99, -1.40, -47.48
-0.19, -0.91, -0.55, 17.71, 2.29, -63.12
0.03, -0.86, -0.58, 21.86, 5.51, -57.06
0.33, -0.86, -0.57, 13.71, 17.89, -41.47
0.57, -0.77, -0.44, 8.19, 15.99, -25.47
0.73, -0.65, -0.32, 6.04, 3.77, -13.54
0.78, -0.60, -0.27, -11.29, 5.25, 8.32
0.78, -0.60, -0.24, -21.38, 24.70, 23.49
0.72, -0.62, -0.26, -32.15, 32.27, 29.17
0.51, -0.70, -0.29, -43.61, 41.32, 36.24
0.36, -0.78, -0.31, -50.98, 50.18, 42.24
0.35, -0.80, -0.34, -48.54, 38.12, 43.66
0.35, -0.84, -0.40, -36.58, -1.31, 34.87
0.20, -0.91, -0.45, -21.69, -34.81, 25.24
-0.03, -1.01, -0.48, -7.32, -44.77, -5.12
-0.33, -1.06, -0.54, -1.79, -32.46, -29.05
-0.35, -1.04, -0.55, 5.65, 11.71, -48.36
-0.15, -0.94, -0.53, 16.60, 5.38, -63.86
0.09, -0.86, -0.53, 24.41, -10.29, -64.00
0.29, -0.83, -0.56, 21.19, -5.07, -48.29
0.56, -0.73, -0.50, 11.68, 22.93, -23.45
0.74, -0.61, -0.31, 8.01, 19.62, -11.23
0.79, -0.54, -0.21, -5.56, 16.34, 9.04
0.79, -0.55, -0.20, -17.65, 28.80, 26.79
0.71, -0.58, -0.23, -29.57, 28.15, 31.55
0.48, -0.66, -0.24, -42.66, 35.57, 35.74
0.29, -0.74, -0.29, -49.74, 43.14, 38.86
0.27, -0.80, -0.35, -50.41, 19.77, 36.96
0.28, -0.83, -0.42, -36.65, -19.27, 32.24
0.20, -0.88, -0.52, -17.58, -53.38, 14.08
-0.06, -0.98, -0.57, -6.86, -61.15, -11.41
-0.29, -1.05, -0.59, -4.12, -19.24, -30.95
-0.27, -1.00, -0.59, 5.83, 9.85, -53.71
-0.08, -0.92, -0.57, 18.12, 1.16, -64.00
0.12, -0.89, -0.57, 22.16, -4.73, -60.01
0.39, -0.87, -0.55, 18.38, 4.99, -41.36
0.62, -0.77, -0.41, 13.49, 19.77, -22.93
0.75, -0.66, -0.25, 9.93, 11.91, -10.81
0.75, -0.59, -0.16, -3.41, 17.11, 8.81
0.72, -0.61, -0.12, -17.11, 29.46, 23.79
0.63, -0.64, -0.13, -28.31, 30.43, 29.52
0.48, -0.68, -0.19, -38.44, 27.67, 35.01
0.37, -0.72, -0.25, -43.42, 27.49, 39.43
0.38, -0.75, -0.30, -40.25, 18.93, 41.96
0.38, -0.79, -0.36, -33.05, -11.00, 38.19
0.26, -0.84, -0.45, -15.37, -36.81, 25.83
0.04, -0.96, -0.51, -8.84, -48.73, 3.81
-0.19, -1.06, -0.58, -4.18, -37.58, -22.03
-0.28, -1.04, -0.61, 0.26, -3.20, -37.82
-0.12, -0.92, -0.57, 11.87, 4.58, -51.85
0.13, -0.86, -0.54, 21.87, -6.46, -55.42
0.29, -0.86, -0.56, 23.50, -14.56, -47.09
0.46, -0.83, -0.51, 15.92, 4.35, -24.66
0.70, -0.75, -0.35, 4.56, 23.16, -7.94
0.81, -0.66, -0.21, -8.65, 20.98, 7.15
0.81, -0.62, -0.14, -24.34, 34.74, 22.19
0.75, -0.65, -0.17, -40.09, 35.84, 29.17
0.55, -0.70, -0.22, -57.17, 38.65, 33.70
0.39, -0.74, -0.27, -64.00, 45.71, 37.65
0.36, -0.76, -0.32, -64.00, 37.30, 40.04
0.35, -0.78, -0.40, -52.59, -2.72, 32.24
0.26, -0.83, -0.49, -36.63, -22.38, 25.21
0.06, -0.90, -0.54, -26.38, -37.70, 2.78
-0.20, -0.94, -0.62, -14.90, -19.66, -17.76
-0.28, -0.93, -0.67, -5.58, 8.51, -31.67
-0.14, -0.89, -0.62, 2.97, 23.66, -42.27
0.05, -0.84, -0.53, 9.69, 16.82, -46.19
0.29, -0.81, -0.47, 10.55, 8.46, -40.37
0.51, -0.79, -0.41, 7.35, 0.76, -26.91
0.69, -0.75, -0.33, -2.94, 8.66, -5.08
0.83, -0.74, -0.22, -19.02, 19.66, 13.85
0.89, -0.72, -0.15, -28.86, 28.90, 25.79
0.76, -0.72, -0.16, -42.01, 33.00, 33.42
0.57, -0.74, -0.20, -53.37, 43.64, 39.07
0.42, -0.75, -0.25, -58.96, 49.45, 40.29
0.34, -0.76, -0.33, -54.40, 16.21, 35.16
0.22, -0.78, -0.47, -32.94, -23.20, 26.00
0.06, -0.83, -0.55, -21.00, -39.86, 6.56
-0.21, -0.86, -0.59, -8.05, -43.51, -17.46
-0.32, -0.85, -0.61, 0.97, -9.06, -24.25
-0.12, -0.82, -0.55, 3.76, 14.75, -32.24
0.12, -0.78, -0.45, 6.35, 12.19, -28.91
0.38, -0.74, -0.40, 4.34, 12.29, -14.81
0.63, -0.73, -0.36, -3.09, 8.85, 1.86
0.81, -0.74, -0.32, -11.76, 5.44, 18.60
0.82, -0.74, -0.32, -20.33, 6.85, 29.88
0.68, -0.76, -0.33, -31.60, 14.78, 34.69
0.48, -0.78, -0.39, -33.43, 19.07, 30.54
0.29, -0.81, -0.47, -35.69, 23.20, 28.18
0.16, -0.86, -0.51, -34.26, 21.67, 15.83
0.02, -0.85, -0.51, -22.16, 0.46, -1.34
-0.08, -0.84, -0.58, -6.81, -15.37, -13.06
-0.09, -0.84, -0.60, -2.41, -4.36, -19.22
-0.03, -0.80, -0.51, 8.36, 2.89, -31.29
0.06, -0.76, -0.43, 10.46, -0.52, -35.26
0.19, -0.78, -0.36, 6.17, 1.05, -26.35
0.39, -0.78, -0.33, 2.78, 5.21, -16.60
0.60, -0.74, -0.31, -2.13, -0.28, 1.30
0.78, -0.72, -0.30, -7.95, 9.79, 21.94
0.87, -0.74, -0.26, -16.36, 9.02, 28.36
0.75, -0.78, -0.23, -28.35, 17.56, 41.47
0.58, -0.82, -0.27, -39.12, 26.41, 43.16
0.42, -0.82, -0.36, -38.50, 17.93, 34.22
0.23, -0.87, -0.43, -40.06, 2.58, 27.32
0.05, -0.92, -0.49, -28.50, -17.89, 7.88
-0.16, -0.88, -0.60, -10.38, -44.02, -17.45
-0.31, -0.86, -0.68, -0.55, -18.83, -28.81
-0.23, -0.87, -0.61, 7.07, 7.67, -45.31
-0.05, -0.78, -0.52, 13.41, 14.49, -48.17
0.19, -0.76, -0.47, 11.01, 16.37, -41.61
0.44, -0.76, -0.38, 6.70, 7.98, -24.82
0.70, -0.74, -0.31, 0.74, 4.73, -4.93
0.87, -0.69, -0.33, -6.43, 3.28, 15.53
0.89, -0.66, -0.31, -14.56, 16.96, 27.80
0.75, -0.71, -0.23, -33.11, 31.01, 32.92
0.52, -0.77, -0.25, -46.23, 42.57, 39.39
0.39, -0.75, -0.34, -51.65, 39.38, 40.19
0.32, -0.76, -0.38, -44.47, -1.95, 36.44
0.21, -0.80, -0.50, -25.07, -33.13, 25.59
-0.01, -0.85, -0.61, -8.12, -52.20, -1.43
-0.33, -0.93, -0.61, -7.30, -21.49, -18.41
-0.36, -0.93, -0.51, -4.81, 14.24, -32.45
-0.05, -0.82, -0.45, 1.35, 19.54, -35.52
0.27, -0.77, -0.43, 5.08, 8.07, -31.47
0.46, -0.79, -0.39, 2.14, -6.42, -19.93
0.57, -0.78, -0.37, -2.40, -0.68, -1.53
0.72, -0.74, -0.37, -9.11, 6.02, 8.64
0.76, -0.73, -0.32, -17.99, 7.84, 19.61
0.69, -0.76, -0.31, -31.67, 17.08, 27.46
0.56, -0.77, -0.33, -42.23, 25.61, 32.06
0.41, -0.76, -0.35, -47.61, 29.46, 31.36
0.34, -0.79, -0.39, -46.12, 17.91, 28.83
0.25, -0.83, -0.49, -32.25, -20.41, 16.37
0.01, -0.86, -0.62, -11.88, -41.40, -1.90
-0.30, -0.87, -0.71, -5.66, -16.57, -20.08
-0.38, -0.86, -0.66, 3.56, 21.74, -36.75
-0.18, -0.78, -0.55, 16.74, 23.62, -44.06
0.12, -0.77, -0.49, 19.98, 10.95, -44.12
0.31, -0.80, -0.45, 11.96, -2.34, -30.71
0.52, -0.78, -0.33, 5.90, 5.45, -13.54
0.75, -0.73, -0.22, -4.79, 7.74, 8.60
0.92, -0.70, -0.20, -14.34, 10.61, 18.96
0.86, -0.70, -0.20, -23.01, 7.76, 23.98
0.60, -0.78, -0.24, -41.49, 24.52, 30.72
0.40, -0.83, -0.30, -49.11, 40.45, 31.01
0.30, -0.80, -0.37, -50.15, 37.22, 31.83
0.28, -0.78, -0.46, -46.20, 10.17, 31.34
0.24, -0.78, -0.50, -27.50, -29.26, 19.73
0.07, -0.81, -0.58, -6.24, -56.20, -0.06
-0.23, -0.87, -0.66, -1.60, -42.52, -17.59
-0.37, -0.87, -0.62, 3.19, 8.37, -34.70
-0.18, -0.79, -0.53, 10.74, 15.66, -42.25
0.12, -0.76, -0.50, 15.28, 6.34, -39.39
0.38, -0.79, -0.47, 12.41, -4.96, -29.65
0.54, -0.78, -0.42, 6.84, -6.99, -13.18
0.68, -0.74, -0.36, -2.40, 6.38, 11.48
0.87, -0.71, -0.29, -12.71, 26.29, 21.47
0.88, -0.72, -0.24, -23.29, 22.81, 29.77
0.69, -0.79, -0.24, -41.15, 35.38, 39.68
0.53, -0.83, -0.28, -54.88, 40.25, 43.01
0.39, -0.81, -0.32, -55.88, 33.01, 45.23
0.29, -0.79, -0.46, -43.33, -4.91, 34.96
0.06, -0.80, -0.63, -19.90, -39.46, 12.48
-0.26, -0.85, -0.72, -0.65, -46.34, -14.74
-0.53, -0.89, -0.72, 5.01, 2.40, -32.28
-0.41, -0.87, -0.59, 15.88, 21.88, -53.30
-0.07, -0.81, -0.52, 24.57, 9.19, -54.07
0.31, -0.79, -0.50, 21.75, -1.54, -39.25
0.57, -0.78, -0.45, 17.39, 8.05, -24.98
0.69, -0.71, -0.35, 7.30, 8.61, -9.29
0.73, -0.68, -0.24, -1.70, 14.47, 2.83
0.79, -0.72, -0.18, -19.60, 22.35, 17.92
0.78, -0.76, -0.18, -33.11, 31.40, 25.73
0.64, -0.78, -0.24, -47.27, 31.17, 32.92
0.46, -0.77, -0.29, -52.17, 34.79, 36.38
0.35, -0.77, -0.35, -50.64, 18.79, 34.43
0.25, -0.77, -0.45, -38.38, -8.71, 29.62
0.08, -0.76, -0.57, -19.65, -28.41, 14.55
-0.16, -0.81, -0.63, -2.62, -35.35, -9.40
-0.36, -0.88, -0.62, 4.95, -18.97, -26.25
-0.32, -0.90, -0.54, 15.05, 7.03, -43.50
-0.11, -0.86, -0.53, 22.94, 3.55, -52.52
0.12, -0.83, -0.52, 20.05, 10.23, -47.23
0.42, -0.82, -0.46, 7.36, 20.50, -29.95
0.70, -0.76, -0.31, 0.41, 15.50, -12.21
0.91, -0.71, -0.21, -10.46, 6.37, 10.16
1.00, -0.72, -0.16, -24.11, 14.66, 24.06
0.92, -0.76, -0.18, -38.24, 23.32, 33.78
0.64, -0.80, -0.24, -55.01, 39.71, 41.63
0.42, -0.77, -0.31, -64.00, 53.98, 41.79
0.31, -0.75, -0.37, -64.00, 29.85, 39.16
0.19, -0.75, -0.48, -46.60, -25.34, 28.53
0.01, -0.76, -0.62, -19.43, -58.01, 11.22
-0.27, -0.82, -0.77, 5.38, -61.50, -18.50
-0.53, -0.89, -0.72, 9.90, -3.18, -36.52
-0.43, -0.89, -0.57, 16.50, 34.00, -53.36
-0.03, -0.82, -0.51, 23.41, 32.94, -55.86
0.33, -0.81, -0.47, 18.89, 5.33, -46.91
0.59, -0.82, -0.41, 13.80, -14.69, -26.99
0.79, -0.76, -0.36, 7.06, -2.36, -1.44
0.92, -0.68, -0.28, -3.49, 9.22, 9.77
0.92, -0.68, -0.15, -20.43, 22.27, 23.46
0.84, -0.74, -0.13, -37.47, 27.66, 34.85
0.66, -0.79, -0.22, -56.36, 32.42, 42.53
0.42, -0.75, -0.30, -63.44, 44.66, 46.30
0.31, -0.73, -0.36, -60.55, 26.66, 40.08
0.21, -0.75, -0.45, -46.73, -18.25, 29.78
0.04, -0.79, -0.56, -24.96, -46.28, 16.82
-0.17, -0.82, -0.66, -7.64, -51.96, -9.42
-0.39, -0.85, -0.73, 3.95, -23.90, -24.04
-0.36, -0.85, -0.66, 14.40, 15.28, -41.15
-0.11, -0.83, -0.56, 22.64, 16.74, -50.99
0.14, -0.84, -0.52, 26.52, -0.11, -50.04
0.38, -0.84, -0.48, 23.53, -17.38, -41.18
0.58, -0.82, -0.42, 18.39, -19.47, -20.02
0.82, -0.75, -0.35, 8.22, 6.87, 3.21
0.96, -0.69, -0.23, -7.48, 18.25, 14.38
0.95, -0.71, -0.12, -21.72, 26.79, 29.52
0.82, -0.78, -0.16, -43.09, 32.90, 38.28
0.55, -0.81, -0.24, -56.94, 37.09, 43.81
0.35, -0.76, -0.31, -58.97, 46.00, 48.45
0.28, -0.74, -0.38, -50.72, 16.80, 39.00
0.15, -0.76, -0.52, -32.58, -43.62, 28.46
-0.07, -0.78, -0.62, -10.65, -64.00, 8.78
-0.31, -0.85, -0.67, 3.59, -47.47, -16.70
-0.44, -0.89, -0.66, 6.29, -0.81, -33.71
-0.29, -0.83, -0.55, 16.93, 28.95, -45.99
0.03, -0.79, -0.49, 21.79, 24.23, -51.17
0.34, -0.82, -0.48, 24.06, -1.30, -43.31
0.53, -0.84, -0.45, 17.42, -13.65, -25.87
0.72, -0.82, -0.36, 8.56, -5.83, -3.76
0.89, -0.76, -0.30, -2.81, 9.09, 10.91
0.91, -0.72, -0.23, -17.31, 23.02, 20.53
0.78, -0.75, -0.18, -35.50, 36.33, 29.21
0.58, -0.79, -0.22, -53.39, 47.15, 36.09
0.42, -0.76, -0.29, -62.50, 44.08, 41.11
0.33, -0.72, -0.38, -54.36, 10.56, 36.07
0.19, -0.72, -0.51, -36.33, -35.19, 26.11
-0.05, -0.77, -0.60, -15.02, -54.95, 6.74
-0.30, -0.87, -0.65, -3.10, -46.26, -17.39
-0.41, -0.87, -0.61, 0.07, -3.38, -30.22
-0.24, -0.81, -0.51, 8.67, 19.67, -40.56
0.08, -0.77, -0.47, 15.94, 18.25, -40.62
0.32, -0.78, -0.47, 17.24, 3.88, -35.71
0.49, -0.80, -0.46, 14.60, -7.85, -23.09
0.64, -0.80, -0.39, 8.75, -3.27, -3.34
0.80, -0.77, -0.33, -1.42, 10.76, 11.02
0.86, -0.76, -0.26, -15.04, 18.81, 21.10
0.78, -0.78, -0.21, -30.56, 28.00, 32.33
0.60, -0.82, -0.22, -48.46, 36.33, 37.56
0.45, -0.80, -0.27, -56.37, 44.39, 42.71
0.34, -0.78, -0.33, -57.81, 18.95, 38.75
0.22, -0.76, -0.44, -43.74, -16.98, 30.35
0.02, -0.77, -0.55, -25.31, -46.21, 9.96
-0.22, -0.87, -0.61, -9.43, -46.76, -13.31
-0.40, -0.87, -0.65, -1.75, -18.88, -25.90
-0.33, -0.84, -0.59, 8.25, 20.57, -38.78
-0.05, -0.79, -0.53, 15.43, 22.44, -43.38
0.19, -0.79, -0.49, 19.35, 19.88, -39.96
0.41, -0.80, -0.46, 15.44, 7.19, -34.99
0.55, -0.80, -0.38, 10.17, -3.06, -19.99
0.72, -0.79, -0.32, 1.58, -0.85, 1.57
0.87, -0.76, -0.31, -7.84, 4.34, 14.42
0.85, -0.74, -0.28, -20.89, 19.92, 26.44
0.68, -0.77, -0.24, -40.51, 33.98, 32.86
0.51, -0.78, -0.27, -50.96, 39.18, 38.09
0.36, -0.74, -0.33, -53.79, 31.95, 40.73
0.28, -0.74, -0.41, -47.24, -9.98, 34.46
0.16, -0.78, -0.50, -25.75, -49.52, 23.36
-0.04, -0.81, -0.62, -4.44, -64.00, 0.96
-0.35, -0.85, -0.68, 0.51, -33.00, -18.79
-0.45, -0.86, -0.60, 4.94, 24.45, -36.35
-0.20, -0.79, -0.51, 14.28, 33.69, -44.80
0.16, -0.78, -0.47, 17.20, 21.15, -40.66
0.42, -0.84, -0.44, 15.85, 1.17, -31.16
0.60, -0.84, -0.36, 11.84, -9.46, -14.51
0.77, -0.80, -0.32, 5.43, 2.68, 5.50
0.89, -0.75, -0.30, -4.27, 20.27, 20.67
0.85, -0.75, -0.24, -15.87, 42.03, 31.89
0.70, -0.80, -0.21, -37.48, 57.43, 40.60
0.53, -0.82, -0.23, -52.29, 60.42, 47.33
0.39, -0.77, -0.28, -58.29, 38.57, 47.23
0.28, -0.71, -0.39, -42.53, -24.74, 34.19
0.09, -0.74, -0.53, -18.27, -64.00, 19.53
-0.18, -0.85, -0.65, -3.37, -64.00, -5.79
-0.52, -0.91, -0.64, -5.92, -17.05, -26.02
-0.50, -0.85, -0.55, -0.14, 43.41, -39.71
-0.14, -0.76, -0.48, 7.25, 43.00, -46.32
0.22, -0.78, -0.45, 8.15, 20.50, -35.72
0.49, -0.85, -0.42, 7.40, -1.07, -25.06
0.64, -0.83, -0.38, 4.76, -14.72, -11.12
0.71, -0.77, -0.36, 2.58, -9.58, -2.17
0.69, -0.75, -0.34, -9.20, 5.16, 10.05
0.67, -0.78, -0.28, -20.42, 28.08, 19.77
0.62, -0.82, -0.26, -35.48, 38.60, 27.03
0.48, -0.81, -0.29, -47.72, 37.80, 32.44
0.37, -0.76, -0.32, -49.98, 31.72, 35.57
0.33, -0.75, -0.35, -44.58, -10.32, 27.11
0.20, -0.79, -0.43, -24.35, -52.00, 17.02
-0.03, -0.83, -0.58, -8.59, -60.84, -3.34
-0.32, -0.86, -0.67, -2.12, -25.55, -20.01
-0.39, -0.87, -0.58, 1.60, 20.75, -37.52
-0.17, -0.82, -0.49, 14.93, 24.08, -47.89
0.13, -0.82, -0.50, 19.17, 7.48, -44.43
0.38, -0.86, -0.49, 16.55, -1.49, -29.92
0.58, -0.83, -0.41, 14.45, -2.61, -19.14
0.71, -0.75, -0.34, 6.52, -6.03, -3.00
0.76, -0.72, -0.27, -6.26, 15.38, 14.35
0.75, -0.71, -0.21, -18.08, 22.28, 17.61
0.62, -0.76, -0.20, -36.88, 26.65, 23.71
0.44, -0.82, -0.26, -49.41, 32.42, 27.43
0.33, -0.78, -0.35, -53.00, 38.93, 27.71
0.28, -0.75, -0.37, -54.04, 26.55, 27.80
0.29, -0.77, -0.41, -45.01, -5.42, 29.57
0.27, -0.79, -0.47, -27.50, -42.40, 18.70
0.10, -0.83, -0.54, -10.24, -55.56, 6.53
-0.19, -0.87, -0.65, -0.09, -31.79, -14.16
-0.35, -0.86, -0.63, 4.19, 15.42, -26.90
-0.22, -0.83, -0.54, 13.79, 25.44, -39.78
0.08, -0.82, -0.50, 19.62, 12.78, -40.09
0.30, -0.85, -0.48, 18.45, -5.84, -37.26
0.45, -0.84, -0.42, 15.62, -7.97, -27.43
0.57, -0.79, -0.34, 10.60, -8.54, -13.18
0.70, -0.72, -0.34, 1.56, 15.13, 8.28
0.78, -0.67, -0.28, -7.57, 29.29, 19.18
0.72, -0.69, -0.22, -16.55, 29.73, 26.29
0.56, -0.76, -0.25, -30.38, 39.72, 35.05
0.40, -0.78, -0.32, -39.60, 46.01, 37.03
0.31, -0.74, -0.32, -43.44, 48.05, 37.64
0.33, -0.76, -0.32, -46.83, 29.94, 41.31
0.34, -0.80, -0.36, -37.62, -29.50, 31.39
0.20, -0.85, -0.42, -21.81, -58.46, 27.18
-0.04, -0.90, -0.57, -10.59, -52.46, 3.12
-0.31, -0.92, -0.66, 0.40, -30.19, -21.29
-0.38, -0.91, -0.61, 6.12, 15.70, -35.81
-0.18, -0.87, -0.55, 16.55, 23.31, -47.50
0.10, -0.85, -0.52, 23.19, 10.20, -50.04
0.29, -0.88, -0.51, 22.26, -0.79, -46.85
0.44, -0.87, -0.45, 11.13, -3.66, -29.60
0.63, -0.80, -0.35, 10.30, 11.23, -14.30
0.82, -0.71, -0.29, -3.05, 12.09, 5.67
0.87, -0.68, -0.22, -11.98, 29.87, 17.69
0.75, -0.71, -0.19, -23.66, 30.23, 21.69
0.52, -0.80, -0.23, -39.94, 41.82, 28.41
0.33, -0.82, -0.30, -48.23, 51.88, 30.48
0.26, -0.78, -0.33, -50.74, 43.80, 28.38
0.25, -0.77, -0.38, -44.45, 8.40, 29.06
0.22, -0.77, -0.42, -30.85, -28.68, 18.86
0.06, -0.82, -0.45, -13.46, -60.25, -0.66
-0.15, -0.90, -0.54, -1.37, -46.76, -12.46
-0.30, -0.90, -0.60, 3.97, -5.86, -32.62
-0.27, -0.84, -0.55, 14.94, 21.08, -46.54
-0.00, -0.83, -0.50, 21.24, 22.35, -49.34
0.28, -0.87, -0.47, 20.37, 0.59, -39.72
0.53, -0.85, -0.41, 18.26, -9.90, -20.73
0.77, -0.73, -0.35, 7.98, 13.61, 10.49
0.94, -0.66, -0.26, -0.22, 24.17, 17.05
0.84, -0.69, -0.14, -11.84, 23.33, 22.52
0.62, -0.76, -0.14, -34.23, 30.45, 30.79
0.44, -0.83, -0.21, -49.70, 45.95, 34.45
0.32, -0.79, -0.26, -57.96, 54.45, 35.43
0.27, -0.77, -0.29, -60.33, 32.10, 37.33
0.26, -0.75, -0.39, -46.74, -20.52, 27.87
0.17, -0.80, -0.46, -21.57, -64.00, 13.45
-0.03, -0.92, -0.59, -7.02, -61.05, 1.56
-0.33, -0.96, -0.68, -4.05, -18.60, -23.81
-0.40, -0.91, -0.60, 3.94, 34.31, -36.53
-0.09, -0.83, -0.50, 13.15, 35.41, -44.43
0.25, -0.84, -0.48, 17.17, 13.97, -40.23
0.46, -0.87, -0.46, 13.86, -7.08, -33.16
0.53, -0.85, -0.40, 9.21, -13.05, -20.21
0.66, -0.79, -0.32, 3.40, -2.44, -5.80
0.75, -0.72, -0.25, -6.53, 11.26, 11.68
0.77, -0.70, -0.22, -17.29, 26.33, 19.33
0.68, -0.75, -0.20, -31.10, 33.41, 27.07
0.48, -0.80, -0.23, -48.15, 42.04, 32.93
0.33, -0.79, -0.26, -55.10, 43.16, 34.78
0.26, -0.76, -0.29, -50.68, 22.30, 34.67
0.23, -0.80, -0.36, -38.43, -23.71, 24.67
0.10, -0.88, -0.46, -15.34, -63.95, 7.53
-0.13, -0.92, -0.63, -0.51, -46.52, -12.11
-0.36, -0.92, -0.67, 5.09, 0.43, -34.28
-0.36, -0.85, -0.57, 15.65, 29.22, -50.53
-0.04, -0.81, -0.52, 21.72, 25.05, -50.11
0.31, -0.84, -0.49, 18.00, 1.06, -42.44
0.53, -0.85, -0.40, 13.27, -14.25, -25.10
0.73, -0.78, -0.31, 5.82, -10.12, -11.34
0.85, -0.70, -0.28, -3.72, -0.85, 5.80
0.85, -0.67, -0.23, -16.08, 15.71, 14.85
0.72, -0.72, -0.21, -27.90, 23.69, 23.47
0.52, -0.80, -0.26, -42.48, 37.96, 29.67
0.36, -0.80, -0.31, -48.20, 47.37, 34.41
0.28, -0.77, -0.33, -49.71, 38.81, 35.00
0.24, -0.78, -0.36, -42.77, 0.92, 30.01
0.17, -0.80, -0.41, -22.54, -47.63, 14.64
0.00, -0.87, -0.50, -6.72, -60.38, -2.50
-0.24, -0.92, -0.60, 0.01, -33.49, -21.26
-0.37, -0.91, -0.57, 6.56, 8.75, -41.35
-0.22, -0.85, -0.51, 15.60, 17.03, -51.83
0.10, -0.86, -0.48, 19.85, 4.34, -49.65
0.39, -0.90, -0.46, 17.77, -14.02, -42.84
0.56, -0.86, -0.40, 13.24, -22.91, -24.30
0.74, -0.76, -0.35, 6.31, 9.48, -2.57
0.88, -0.68, -0.26, -3.58, 10.19, -0.76
0.79, -0.69, -0.15, -18.35, 19.05, 16.65
0.70, -0.75, -0.15, -36.00, 29.20, 22.95
0.57, -0.77, -0.25, -48.37, 30.47, 28.69
0.37, -0.74, -0.26, -55.61, 39.59, 33.03
0.30, -0.73, -0.30, -57.88, 39.39, 36.73
0.32, -0.75, -0.35, -56.34, 5.29, 36.22
0.25, -0.76, -0.40, -33.84, -54.29, 23.03
0.07, -0.82, -0.52, -10.51, -64.00, 10.35
-0.19, -0.91, -0.69, 0.87, -46.74, -15.91
-0.45, -0.95, -0.66, 5.70, 10.73, -33.23
-0.31, -0.90, -0.54, 15.81, 36.04, -48.82
0.10, -0.86, -0.50, 23.16, 23.04, -47.72
0.39, -0.89, -0.47, 21.54, 6.05, -38.86
0.56, -0.88, -0.41, 17.93, -10.35, -33.85
0.65, -0.81, -0.31, 4.23, -9.18, -5.59
0.84, -0.74, -0.25, -6.80, 21.89, 13.06
0.94, -0.69, -0.18, -18.25, 21.16, 16.15
0.78, -0.70, -0.13, -31.41, 21.00, 25.37
0.55, -0.77, -0.18, -52.45, 29.04, 34.60
0.39, -0.76, -0.26, -57.34, 44.20, 39.29
0.31, -0.72, -0.30, -58.73, 31.18, 37.71
0.25, -0.75, -0.35, -50.18, -5.40, 40.23
0.19, -0.77, -0.43, -25.53, -50.62, 24.11
0.03, -0.85, -0.52, -6.65, -64.00, 10.30
-0.24, -0.93, -0.63, 2.65, -47.77, -15.52
-0.43, -0.92, -0.64, 7.85, 8.36, -32.72
-0.28, -0.84, -0.55, 18.32, 25.43, -47.86
0.05, -0.82, -0.50, 25.28, 7.18, -50.15
0.34, -0.88, -0.47, 21.54, -12.91, -44.85
0.50, -0.91, -0.40, 9.17, -21.33, -32.69
0.66, -0.84, -0.32, 2.68, -23.69, -15.72
0.84, -0.75, -0.31, -9.84, 2.31, 7.48
0.94, -0.70, -0.27, -18.94, 13.69, 16.26
0.81, -0.71, -0.21, -30.98, 26.04, 25.49
0.59, -0.76, -0.24, -46.71, 44.34, 36.78
0.41, -0.76, -0.32, -56.46, 60.18, 38.49
0.27, -0.73, -0.35, -60.60, 41.71, 40.56
0.19, -0.71, -0.41, -48.38, -1.21, 35.15
0.11, -0.73, -0.49, -23.33, -60.22, 9.60
-0.11, -0.83, -0.60, 0.79, -64.00, -3.02
-0.36, -0.90, -0.68, 2.69, -24.62, -26.24
-0.44, -0.89, -0.58, 8.07, 24.92, -43.47
-0.21, -0.83, -0.48, 17.48, 33.54, -48.47
0.21, -0.84, -0.45, 21.76, 11.33, -47.51
0.46, -0.89, -0.44, 19.26, -18.14, -37.57
0.58, -0.86, -0.41, 18.24, -22.53, -29.12
0.66, -0.79, -0.38, 5.81, -1.05, -4.58
0.77, -0.73, -0.30, 0.60, 15.67, 0.10
0.77, -0.72, -0.18, -14.62, 20.08, 16.20
0.71, -0.77, -0.15, -29.27, 30.25, 26.55
0.62, -0.79, -0.21, -43.81, 31.66, 33.24
0.43, -0.76, -0.24, -49.24, 35.75, 38.13
0.32, -0.74, -0.28, -52.09, 31.32, 41.25
0.29, -0.75, -0.33, -49.72, 4.96, 38.46
0.22, -0.75, -0.40, -36.05, -29.13, 31.37
0.07, -0.77, -0.48, -15.50, -63.88, 7.78
-0.19, -0.88, -0.61, -1.42, -57.72, -9.35
-0.38, -0.94, -0.67, 1.71, -10.45, -28.46
-0.31, -0.91, -0.60, 10.48, 24.32, -43.93
-0.01, -0.85, -0.52, 21.86, 21.07, -48.45
0.28, -0.85, -0.51, 25.49, 4.03, -45.79
0.43, -0.87, -0.49, 22.54, -14.09, -39.82
0.51, -0.83, -0.43, 11.55, -5.80, -20.83
0.70, -0.78, -0.34, 4.84, 19.16, -4.37
0.86, -0.76, -0.24, -10.59, 19.50, 12.44
0.87, -0.75, -0.16, -24.03, 30.08, 23.68
0.74, -0.77, -0.17, -40.44, 30.08, 29.95
0.51, -0.79, -0.21, -53.70, 39.57, 36.09
0.33, -0.77, -0.27, -58.65, 42.32, 37.46
0.27, -0.74, -0.36, -55.46, 11.19, 37.02
0.18, -0.71, -0.46, -33.76, -24.46, 24.53
-0.00, -0.74, -0.58, -11.81, -42.72, 4.01
-0.29, -0.84, -0.63, 1.40, -48.24, -21.92
-0.47, -0.92, -0.58, 6.00, 1.48, -31.73
-0.27, -0.87, -0.53, 17.89, 18.61, -49.01
0.05, -0.82, -0.48, 27.86, 10.38, -50.45
0.29, -0.84, -0.47, 24.52, -6.36, -43.97
0.50, -0.84, -0.40, 19.20, -10.85, -28.82
0.72, -0.80, -0.32, 9.50, -0.63, -7.98
0.90, -0.77, -0.22, -5.76, 11.14, 9.29
0.94, -0.77, -0.13, -20.72, 23.69, 23.31
0.87, -0.79, -0.10, -39.26, 29.80, 32.87
0.69, -0.82, -0.15, -57.11, 33.89, 41.96
0.45, -0.80, -0.22, -64.00, 30.63, 45.87
0.31, -0.75, -0.34, -60.01, 3.25, 41.25
0.10, -0.73, -0.51, -37.69, -41.12, 20.72
-0.18, -0.78, -0.65, -14.77, -64.00, -4.87
-0.46, -0.89, -0.69, -0.36, -52.22, -26.29
-0.50, -0.92, -0.61, 6.70, -0.55, -46.47
-0.23, -0.84, -0.54, 20.42, 14.79, -56.34
0.10, -0.80, -0.51, 26.10, 5.93, -55.72
0.38, -0.83, -0.48, 22.20, -13.44, -45.81
0.60, -0.83, -0.40, 16.35, -7.58, -21.26
0.84, -0.77, -0.33, 7.29, -3.60, -5.87
0.90, -0.72, -0.21, -8.01, 1.26, 11.02
0.88, -0.72, -0.13, -22.57, 17.21, 23.54
0.79, -0.76, -0.13, -40.08, 26.73, 31.51
0.56, -0.78, -0.19, -53.31, 36.15, 38.80
0.34, -0.76, -0.28, -60.85, 34.46, 38.89
0.25, -0.74, -0.38, -52.29, 14.84, 37.29
0.18, -0.76, -0.48, -34.49, -25.41, 23.16
-0.02, -0.82, -0.57, -13.67, -55.89, 0.02
-0.29, -0.89, -0.65, 1.50, -51.80, -18.99
-0.36, -0.93, -0.60, 8.65, 1.76, -35.55
-0.19, -0.89, -0.53, 20.25, 21.47, -54.54
0.03, -0.87, -0.49, 25.75, 8.58, -56.19
0.30, -0.90, -0.48, 22.07, -4.25, -46.19
0.56, -0.87, -0.45, 19.23, -4.40, -26.51
0.76, -0.78, -0.38, 11.24, 2.43, -11.88
0.84, -0.70, -0.25, -2.98, 8.95, 5.40
0.86, -0.69, -0.11, -17.74, 18.07, 18.91
0.79, -0.71, -0.10, -31.19, 27.89, 25.97
0.60, -0.74, -0.19, -48.28, 32.15, 32.71
0.35, -0.74, -0.29, -56.62, 33.00, 35.61
0.27, -0.72, -0.36, -52.77, 21.52, 35.16
0.22, -0.74, -0.44, -36.46, -17.04, 27.16
0.11, -0.79, -0.51, -16.18, -42.46, 9.91
-0.12, -0.88, -0.59, 0.79, -63.14, -12.50
-0.33, -0.94, -0.62, 5.76, -24.05, -25.22
-0.28, -0.92, -0.56, 16.63, 15.45, -46.76
-0.08, -0.88, -0.50, 25.65, 13.96, -56.79
0.22, -0.88, -0.48, 24.29, 5.53, -46.84
0.52, -0.88, -0.46, 16.03, 6.49, -27.08
0.78, -0.79, -0.32, 4.59, 11.83, -9.28
0.89, -0.71, -0.19, -2.29, 2.97, 1.87
0.81, -0.68, -0.15, -18.41, 15.32, 17.30
0.72, -0.71, -0.17, -32.82, 30.94, 23.71
0.57, -0.75, -0.22, -48.34, 34.84, 29.45
0.42, -0.76, -0.28, -53.43, 38.65, 35.78
0.35, -0.74, -0.33, -53.18, 34.19, 37.89
0.34, -0.75, -0.38, -47.24, 5.31, 35.29
0.25, -0.79, -0.43, -30.32, -27.33, 27.48
0.12, -0.85, -0.48, -18.99, -36.97, 14.10
-0.08, -0.92, -0.53, -8.25, -39.57, -6.97
-0.24, -0.95, -0.58, -2.24, -15.23, -19.04
-0.18, -0.94, -0.55, 4.23, 12.74, -34.62
0.04, -0.89, -0.50, 12.50, 5.58, -42.28
0.21, -0.86, -0.46, 15.25, -2.88, -42.42
0.37, -0.86, -0.45, 12.19, -9.58, -36.91
0.51, -0.82, -0.43, 7.52, -4.63, -24.69
0.64, -0.77, -0.37, -3.26, 6.41, -8.79
0.73, -0.73, -0.25, -16.23, 17.53, 5.94
0.76, -0.71, -0.17, -27.66, 23.41, 16.92
0.70, -0.72, -0.19, -39.87, 25.75, 24.24
0.54, -0.74, -0.24, -51.46, 30.61, 30.24
0.40, -0.74, -0.28, -56.15, 34.95, 31.73
0.33, -0.73, -0.34, -55.79, 22.77, 30.87
0.27, -0.75, -0.41, -46.30, -15.52, 24.82
0.16, -0.77, -0.49, -25.18, -42.89, 15.03
0.01, -0.84, -0.57, -13.70, -45.61, -2.06
-0.20, -0.92, -0.62, -5.64, -33.41, -20.54
-0.26, -0.92, -0.58, 2.26, 10.03, -31.36
-0.09, -0.84, -0.55, 14.02, 16.89, -44.70
0.11, -0.81, -0.52, 20.99, 8.55, -46.64
0.32, -0.83, -0.50, 21.41, 1.01, -36.87
0.51, -0.83, -0.45, 17.38, -0.91, -25.17
0.66, -0.77, -0.38, 11.48, 8.12, -8.81
0.73, -0.71, -0.28, 0.53, 18.33, 3.58
0.71, -0.70, -0.19, -13.14, 33.53, 15.75
0.68, -0.73, -0.17, -25.27, 41.01, 25.07
0.58, -0.76, -0.21, -36.25, 41.90, 28.70
0.45, -0.77, -0.26, -42.15, 42.13, 32.25
0.40, -0.76, -0.29, -45.16, 41.41, 35.38
0.41, -0.75, -0.32, -44.93, 30.19, 38.33
0.37, -0.77, -0.38, -36.76, -2.07, 32.74
0.22, -0.79, -0.45, -19.48, -31.39, 22.48
0.04, -0.87, -0.53, -9.60, -32.36, 0.88
-0.17, -0.94, -0.60, 0.11, -34.87, -21.69
-0.26, -0.95, -0.60, 7.46, -5.34, -33.73
-0.09, -0.90, -0.55, 16.92, -0.26, -47.22
0.09, -0.87, -0.50, 22.21, -2.63, -51.76
0.28, -0.87, -0.47, 21.50, -8.88, -47.73
0.48, -0.83, -0.44, 16.06, -7.12, -29.40
0.72, -0.76, -0.35, 4.10, 17.57, -4.71
0.87, -0.70, -0.23, -6.66, 17.12, 5.81
0.85, -0.67, -0.14, -21.13, 25.60, 19.02
0.76, -0.72, -0.13, -35.98, 32.76, 25.23
0.60, -0.74, -0.19, -53.35, 40.53, 31.23
0.44, -0.77, -0.24, -61.27, 54.40, 33.78
0.38, -0.77, -0.27, -64.00, 51.25, 37.15
0.37, -0.78, -0.34, -56.57, 10.45, 36.48
0.29, -0.77, -0.46, -32.58, -41.85, 24.21
0.12, -0.82, -0.58, -12.62, -54.82, 9.94
-0.17, -0.91, -0.63, -1.09, -56.41, -21.13
-0.37, -0.97, -0.61, 4.24, -8.42, -31.96
-0.25, -0.92, -0.56, 15.10, 13.46, -50.11
-0.03, -0.85, -0.52, 24.90, 7.10, -57.54
0.20, -0.85, -0.48, 25.82, -2.99, -49.72
0.48, -0.85, -0.45, 22.38, -5.26, -34.99
0.72, -0.78, -0.36, 16.34, -2.14, -14.17
0.84, -0.70, -0.26, 8.70, -1.26, -2.71
0.80, -0.68, -0.20, -6.56, 14.53, 11.70
0.74, -0.70, -0.15, -21.38, 36.08, 20.97
0.65, -0.74, -0.14, -34.60, 38.60, 25.74
0.49, -0.77, -0.21, -44.90, 38.45, 30.36
0.37, -0.77, -0.29, -47.61, 29.69, 29.56
0.29, -0.76, -0.37, -40.99, 4.07, 24.87
0.20, -0.77, -0.45, -24.76, -25.96, 14.61
0.07, -0.82, -0.54, -5.65, -49.87, -4.24
-0.16, -0.89, -0.60, 7.96, -49.48, -23.82
-0.27, -0.94, -0.56, 16.04, -15.48, -41.43
-0.16, -0.93, -0.50, 24.48, -3.51, -57.03
0.07, -0.90, -0.49, 29.05, -3.00, -54.46
0.44, -0.87, -0.44, 20.47, 13.53, -32.24
0.78, -0.80, -0.31, 18.23, 4.80, -22.21
0.89, -0.71, -0.23, 6.85, -2.86, -2.47
0.87, -0.68, -0.18, -9.88, 16.26, 16.21
0.82, -0.70, -0.13, -22.70, 27.44, 22.51
0.66, -0.72, -0.15, -39.49, 31.70, 28.50
0.50, -0.73, -0.21, -52.29, 31.04, 33.44
0.42, -0.73, -0.27, -56.67, 24.91, 37.88
0.37, -0.73, -0.32, -48.38, 1.42, 35.52
0.27, -0.74, -0.44, -30.74, -22.42, 27.20
0.16, -0.82, -0.53, -21.73, -24.90, 16.09
-0.01, -0.91, -0.54, -10.79, -24.70, -1.92
-0.12, -0.95, -0.55, -2.72, -5.21, -14.23
-0.02, -0.95, -0.52, 2.57, 15.92, -21.83
0.15, -0.91, -0.47, 11.21, 9.52, -31.63
0.28, -0.87, -0.44, 16.23, -2.12, -34.38
0.37, -0.87, -0.43, 17.50, -17.90, -32.06
0.44, -0.85, -0.39, 12.10, -16.87, -22.43
0.53, -0.80, -0.32, 3.96, -2.16, -8.89
0.62, -0.71, -0.26, -10.33, 12.79, 3.27
0.69, -0.64, -0.19, -20.68, 21.33, 17.60
0.74, -0.62, -0.16, -28.60, 21.75, 26.71
0.67, -0.68, -0.20, -44.47, 24.66, 35.71
0.53, -0.72, -0.24, -55.38, 33.45, 43.30
0.45, -0.72, -0.25, -56.30, 34.48, 50.11
0.44, -0.77, -0.33, -45.47, 0.26, 44.12
0.33, -0.84, -0.48, -31.16, -25.01, 41.44
0.09, -0.91, -0.55, -22.45, -32.98, 19.10
-0.23, -0.94, -0.58, -6.62, -28.74, -8.20
-0.35, -0.95, -0.63, 2.40, 1.67, -24.29
-0.19, -0.94, -0.60, 9.89, 21.76, -39.19
0.01, -0.88, -0.51, 18.02, 11.32, -49.91
0.21, -0.84, -0.47, 18.97, 0.53, -45.50
0.41, -0.83, -0.43, 15.27, -3.33, -34.27
0.61, -0.78, -0.37, 6.92, 3.03, -18.11
0.75, -0.71, -0.26, -4.63, 12.54, 1.68
0.85, -0.67, -0.18, -17.48, 23.28, 20.97
0.86, -0.66, -0.13, -30.19, 29.12, 31.31
0.73, -0.72, -0.14, -46.62, 32.24, 37.94
0.54, -0.81, -0.17, -58.21, 38.51, 46.85
0.41, -0.79, -0.22, -60.58, 35.80, 50.35
0.34, -0.79, -0.35, -50.43, -6.49, 38.62
0.15, -0.83, -0.47, -32.77, -32.05, 28.96
-0.09, -0.91, -0.55, -19.17, -42.23, 2.93
-0.35, -0.93, -0.61, -1.81, -36.85, -24.33
-0.38, -0.91, -0.62, 5.01, 11.57, -35.19
-0.13, -0.86, -0.55, 15.79, 21.80, -48.94
0.15, -0.82, -0.47, 22.22, 7.74, -49.50
0.35, -0.82, -0.47, 19.67, -6.12, -39.10
0.58, -0.80, -0.43, 13.08, -2.27, -19.71
0.74, -0.74, -0.34, 3.26, 6.68, -0.09
0.85, -0.68, -0.23, -9.44, 18.91, 15.71
0.86, -0.68, -0.15, -21.33, 25.68, 24.71
0.74, -0.73, -0.16, -40.25, 32.57, 34.34
0.55, -0.78, -0.20, -54.21, 42.96, 42.46
0.40, -0.78, -0.23, -60.38, 40.02, 41.99
0.33, -0.79, -0.29, -54.68, 4.30, 35.99
0.22, -0.83, -0.44, -35.73, -40.89, 29.02
0.01, -0.89, -0.59, -21.55, -50.45, 7.09
-0.30, -0.92, -0.62, -5.31, -43.57, -22.16
-0.41, -0.92, -0.61, 1.69, 9.20, -32.13
-0.15, -0.87, -0.56, 14.74, 30.08, -47.57
0.12, -0.83, -0.49, 21.42, 17.37, -48.63
0.35, -0.84, -0.44, 21.70, 4.14, -39.61
0.53, -0.83, -0.44, 19.87, -2.78, -28.50
0.63, -0.76, -0.41, 13.01, -0.82, -15.22
0.70, -0.73, -0.29, -1.82, 15.98, 6.55
0.81, -0.71, -0.17, -16.33, 31.38, 20.03
0.82, -0.71, -0.12, -26.86, 30.56, 25.80
0.65, -0.75, -0.16, -44.22, 38.61, 33.83
0.46, -0.78, -0.21, -54.95, 43.34, 36.87
0.34, -0.77, -0.26, -60.25, 25.24, 36.27
0.29, -0.77, -0.35, -46.60, -17.61, 35.10
0.22, -0.80, -0.44, -28.83, -43.03, 24.12
0.02, -0.88, -0.52, -15.16, -56.70, -3.67
-0.29, -0.95, -0.55, -9.67, -39.42, -20.19
-0.30, -0.96, -0.55, -4.47, 12.35, -30.53
-0.05, -0.86, -0.53, 8.98, 14.21, -43.71
0.17, -0.81, -0.50, 18.15, -0.53, -43.00
0.35, -0.83, -0.51, 22.26, -10.40, -34.90
0.48, -0.82, -0.51, 22.70, -10.70, -32.02
0.52, -0.77, -0.47, 20.40, -8.83, -25.03
0.56, -0.74, -0.36, 7.08, 9.62, -7.54
0.69, -0.73, -0.23, -8.73, 30.02, 11.48
0.81, -0.69, -0.14, -18.75, 37.34, 21.17
0.77, -0.71, -0.14, -31.78, 33.19, 28.42
0.60, -0.78, -0.19, -45.47, 31.44, 36.10
0.43, -0.80, -0.25, -50.68, 24.93, 38.77
0.31, -0.79, -0.30, -47.23, 5.94, 34.44
0.19, -0.82, -0.40, -34.41, -26.79, 25.21
0.08, -0.85, -0.52, -20.47, -43.71, 7.04
-0.14, -0.90, -0.58, -6.24, -42.31, -16.46
-0.30, -0.92, -0.61, 0.09, -0.88, -31.44
-0.21, -0.88, -0.57, 13.55, 22.88, -46.04
0.01, -0.83, -0.52, 24.72, 16.32, -50.97
0.27, -0.84, -0.50, 25.54, 6.30, -40.97
0.50, -0.84, -0.45, 19.41, 5.39, -24.85
0.69, -0.76, -0.35, 13.51, 10.76, -14.42
0.75, -0.69, -0.22, 6.97, 10.31, -3.01
0.72, -0.69, -0.15, -12.14, 21.40, 13.85
0.70, -0.71, -0.13, -25.52, 34.67, 23.16
0.62, -0.75, -0.16, -38.32, 35.81, 28.12
0.50, -0.78, -0.21, -48.09, 37.27, 33.33
0.42, -0.79, -0.24, -52.76, 35.00, 36.16
0.41, -0.79, -0.28, -52.24, 21.54, 38.50
0.39, -0.81, -0.37, -45.33, -10.76, 32.68
0.26, -0.83, -0.43, -28.74, -36.45, 24.35
0.08, -0.89, -0.52, -19.15, -31.35, 11.51
-0.12, -0.94, -0.59, -4.73, -32.26, -13.96
-0.28, -0.93, -0.62, 5.24, -6.08, -27.36
-0.20, -0.90, -0.57, 16.00, 17.78, -43.21
0.03, -0.87, -0.51, 24.91, 6.81, -54.90
0.19, -0.87, -0.48, 26.46, -1.53, -50.80
0.38, -0.87, -0.46, 22.33, -7.93, -40.88
0.59, -0.81, -0.39, 13.42, 5.93, -21.58
0.78, -0.74, -0.26, 4.95, 14.22, -8.63
0.84, -0.70, -0.15, -8.49, 11.65, 3.86
0.81, -0.70, -0.10, -23.85, 28.64, 21.76
0.76, -0.73, -0.11, -39.38, 29.54, 27.29
0.60, -0.77, -0.15, -53.14, 31.26, 32.79
0.44, -0.79, -0.20, -60.21, 35.68, 36.98
0.40, -0.79, -0.25, -59.51, 25.66, 37.47
0.35, -0.79, -0.36, -50.99, -7.48, 31.65
0.19, -0.78, -0.50, -30.62, -44.60, 16.92
-0.05, -0.83, -0.59, -13.13, -49.84, -0.06
-0.25, -0.93, -0.62, -4.33, -26.10, -22.06
-0.26, -0.97, -0.57, -0.86, 14.05, -35.45
-0.05, -0.88, -0.51, 7.59, 19.29, -45.13
0.24, -0.81, -0.47, 12.27, 12.00, -41.40
0.49, -0.80, -0.44, 10.26, 1.67, -28.25
0.68, -0.79, -0.37, 3.27, 4.48, -5.56
0.82, -0.74, -0.26, -7.40, 16.62, 11.58
0.88, -0.70, -0.15, -17.46, 26.04, 24.28
0.81, -0.71, -0.12, -30.87, 30.39, 31.69
0.63, -0.75, -0.16, -46.62, 31.48, 38.60
0.45, -0.78, -0.21, -57.79, 36.17, 43.78
0.36, -0.78, -0.30, -56.66, 12.39, 37.66
0.23, -0.77, -0.43, -37.94, -29.71, 24.49
0.06, -0.81, -0.56, -20.39, -47.81, 13.75
-0.19, -0.87, -0.63, -2.37, -46.96, -13.92
-0.36, -0.91, -0.62, 1.49, -8.29, -27.14
-0.24, -0.90, -0.55, 9.89, 20.56, -42.29
0.03, -0.83, -0.50, 21.44, 8.66, -47.96
0.23, -0.81, -0.47, 23.08, -0.15, -40.92
0.45, -0.83, -0.45, 20.40, -8.53, -33.27
0.61, -0.79, -0.40, 10.70, -0.46, -13.77
0.76, -0.72, -0.27, 3.56, 5.29, -1.17
0.80, -0.69, -0.18, -9.84, 16.60, 13.36
0.76, -0.70, -0.15, -23.16, 29.62, 21.98
0.65, -0.75, -0.19, -37.41, 38.82, 26.79
0.48, -0.80, -0.24, -48.28, 43.37, 31.33
0.41, -0.82, -0.27, -51.13, 41.22, 35.31
0.40, -0.83, -0.32, -48.88, 13.18, 32.82
0.33, -0.84, -0.39, -32.70, -30.49, 23.50
0.17, -0.86, -0.49, -17.04, -46.81, 14.81
-0.06, -0.88, -0.58, -4.68, -36.06, -10.21
-0.27, -0.89, -0.59, 1.97, -5.27, -25.21
-0.20, -0.87, -0.54, 9.18, 20.64, -38.01
0.04, -0.83, -0.49, 18.35, 9.98, -44.66
0.24, -0.81, -0.45, 20.17, -0.34, -39.82
0.44, -0.81, -0.41, 16.39, -7.34, -30.50
0.61, -0.77, -0.34, 5.55, 0.03, -6.52
0.81, -0.72, -0.22, -4.26, 10.95, 10.92
0.94, -0.70, -0.13, -16.66, 19.62, 22.19
0.85, -0.73, -0.12, -29.63, 24.50, 30.09
0.66, -0.80, -0.16, -47.84, 35.10, 38.16
0.48, -0.82, -0.20, -58.23, 41.09, 41.80
0.39, -0.80, -0.26, -57.90, 30.02, 41.22
0.33, -0.81, -0.37, -48.64, -17.67, 30.93
0.15, -0.84, -0.49, -34.40, -37.52, 24.55
-0.09, -0.86, -0.56, -18.46, -47.81, -4.67
-0.35, -0.86, -0.62, -3.44, -28.57, -24.36
-0.33, -0.87, -0.63, 5.02, 17.13, -35.26
-0.08, -0.82, -0.56, 16.26, 22.91, -45.96
0.15, -0.79, -0.49, 22.17, 5.59, -43.44
0.40, -0.81, -0.47, 22.12, -4.39, -29.65
0.63, -0.78, -0.43, 16.71, 3.89, -10.36
0.77, -0.72, -0.34, 6.61, 13.96, 3.77
0.86, -0.72, -0.18, -11.63, 26.58, 21.20
0.90, -0.76, -0.10, -24.75, 30.10, 29.96
0.76, -0.80, -0.14, -44.15, 31.53, 33.67
0.52, -0.82, -0.20, -56.61, 34.04, 37.95
0.35, -0.81, -0.28, -57.80, 24.79, 36.88
0.25, -0.78, -0.41, -45.19, -10.48, 25.08
0.06, -0.80, -0.53, -23.75, -38.09, 11.54
-0.18, -0.86, -0.60, -5.43, -51.49, -14.46
-0.37, -0.91, -0.60, 0.91, -12.43, -27.20
-0.26, -0.88, -0.54, 9.67, 19.04, -43.98
0.01, -0.81, -0.47, 19.73, 10.60, -48.06
0.27, -0.81, -0.41, 19.31, 3.15, -35.00
0.57, -0.82, -0.42, 14.25, 5.18, -19.58
0.75, -0.77, -0.31, 5.92, 8.66, -0.84
0.89, -0.73, -0.17, -10.01, 19.51, 17.39
0.96, -0.75, -0.09, -23.24, 22.36, 25.45
0.84, -0.79, -0.13, -43.66, 22.38, 32.68
0.59, -0.81, -0.19, -58.95, 23.52, 38.68
0.40, -0.79, -0.25, -63.43, 23.23, 38.11
0.31, -0.80, -0.36, -57.27, -2.11, 31.36
0.13, -0.82, -0.48, -41.95, -28.76, 16.70
-0.13, -0.82, -0.59, -22.88, -44.47, -4.37
-0.35, -0.84, -0.65, -3.95, -25.88, -23.11
-0.29, -0.85, -0.64, 5.92, 21.32, -30.97
-0.03, -0.82, -0.55, 15.93, 29.28, -40.56
0.18, -0.78, -0.47, 21.42, 20.27, -36.45
0.41, -0.79, -0.42, 18.08, 11.29, -23.44
0.61, -0.79, -0.35, 12.61, 4.55, -9.49
0.77, -0.76, -0.29, 2.47, 3.44, 6.73
0.87, -0.75, -0.23, -11.59, 10.43, 21.52
0.86, -0.78, -0.17, -25.87, 16.04, 28.94
0.69, -0.82, -0.15, -40.83, 22.61, 33.93
0.48, -0.82, -0.20, -51.59, 24.19, 35.81
0.32, -0.79, -0.31, -52.10, 9.76, 31.85
0.22, -0.78, -0.44, -39.86, -18.01, 20.49
0.01, -0.82, -0.53, -22.73, -42.90, 1.90
-0.21, -0.88, -0.60, -6.70, -41.04, -14.58
-0.33, -0.88, -0.62, 1.88, -1.90, -27.61
-0.17, -0.81, -0.56, 13.20, 21.35, -42.27
0.05, -0.77, -0.51, 20.05, 17.12, -43.46
0.26, -0.80, -0.46, 18.98, 0.13, -36.90
0.46, -0.81, -0.40, 15.54, -7.17, -21.09
0.68, -0.76, -0.34, 7.04, 10.74, 0.79
0.86, -0.71, -0.25, -3.36, 13.38, 11.14
0.91, -0.72, -0.14, -17.10, 14.53, 24.48
0.84, -0.78, -0.13, -32.59, 20.64, 32.52
0.63, -0.83, -0.18, -50.59, 27.75, 35.97
0.41, -0.80, -0.24, -56.49, 30.67, 38.89
0.31, -0.78, -0.32, -53.98, 13.25, 35.55
0.26, -0.81, -0.42, -40.03, -18.90, 27.28
0.08, -0.87, -0.51, -30.95, -34.32, 14.92
-0.17, -0.89, -0.57, -10.19, -42.89, -14.11
-0.36, -0.86, -0.65, 1.75, -8.94, -26.38
-0.26, -0.84, -0.61, 13.27, 25.08, -40.06
0.01, -0.82, -0.53, 20.16, 32.11, -43.67
0.23, -0.81, -0.49, 24.67, 12.09, -46.40
0.36, -0.83, -0.44, 22.54, -3.82, -38.43
0.52, -0.82, -0.38, 16.11, -11.76, -24.11
0.71, -0.77, -0.33, 9.53, 6.94, -6.18
0.83, -0.72, -0.28, -2.52, 10.62, 3.39
0.79, -0.72, -0.19, -16.89, 26.64, 20.21
0.76, -0.77, -0.14, -31.73, 34.32, 26.23
0.64, -0.80, -0.18, -44.87, 34.68, 33.47
0.45, -0.79, -0.24, -51.85, 33.78, 35.33
0.33, -0.77, -0.30, -51.96, 19.45, 33.41
0.26, -0.78, -0.37, -43.52, -14.85, 26.95
0.15, -0.84, -0.45, -26.41, -42.73, 14.21
-0.05, -0.85, -0.53, -10.33, -44.73, -4.54
-0.22, -0.89, -0.58, -4.04, -19.99, -21.10
-0.22, -0.89, -0.54, 3.47, 10.60, -32.04
-0.03, -0.82, -0.49, 14.52, 8.87, -41.76
0.19, -0.81, -0.47, 20.64, -10.14, -45.74
0.32, -0.84, -0.48, 21.83, -23.96, -41.53
0.45, -0.84, -0.45, 16.67, -15.33, -24.65
0.66, -0.78, -0.36, 9.79, 6.56, -8.32
0.83, -0.73, -0.24, 0.26, 9.06, 3.30
0.89, -0.75, -0.14, -17.47, 21.28, 25.47
0.85, -0.78, -0.13, -33.05, 31.83, 33.58
0.63, -0.79, -0.17, -50.82, 39.59, 37.78
0.42, -0.77, -0.22, -58.52, 44.09, 42.47
0.34, -0.76, -0.29, -56.41, 27.28, 39.89
0.27, -0.77, -0.40, -46.95, -8.70, 30.25
0.05, -0.80, -0.52, -32.09, -39.68, 15.84
-0.18, -0.84, -0.57, -14.73, -39.59, -9.89
-0.33, -0.87, -0.64, -0.95, -21.21, -24.69
-0.26, -0.88, -0.60, 9.32, 20.81, -37.66
-0.01, -0.84, -0.53, 21.33, 24.64, -47.68
0.19, -0.83, -0.49, 25.38, 13.09, -47.23
0.39, -0.86, -0.44, 21.16, -5.89, -34.29
0.62, -0.84, -0.38, 18.74, 0.49, -13.85
0.83, -0.77, -0.34, 8.62, 9.95, 2.05
0.86, -0.72, -0.21, -4.15, 20.77, 14.88
0.83, -0.75, -0.10, -20.82, 33.26, 27.01
0.77, -0.80, -0.10, -38.99, 33.39, 33.61
0.58, -0.81, -0.15, -53.36, 31.59, 38.92
0.41, -0.77, -0.21, -60.14, 28.99, 40.48
0.31, -0.76, -0.29, -56.57, -0.43, 35.36
0.18, -0.76, -0.41, -43.59, -35.51, 24.04
-0.03, -0.80, -0.50, -31.04, -44.19, 7.53
-0.23, -0.84, -0.58, -9.02, -51.14, -21.11
-0.33, -0.85, -0.64, 0.41, -9.73, -26.88
-0.17, -0.85, -0.60, 11.53, 23.17, -38.20
0.09, -0.82, -0.53, 22.16, 22.09, -42.58
0.29, -0.83, -0.49, 24.11, 9.04, -38.79
0.49, -0.85, -0.43, 20.37, -5.84, -26.81
0.69, -0.83, -0.36, 14.34, -1.89, -3.47
0.87, -0.79, -0.31, 3.46, 11.18, 11.04
0.87, -0.75, -0.22, -12.88, 22.57, 19.19
0.75, -0.77, -0.13, -28.55, 29.34, 28.19
0.61, -0.81, -0.14, -45.11, 32.36, 31.77
0.46, -0.80, -0.22, -54.07, 32.64, 34.43
0.32, -0.76, -0.29, -56.51, 17.66, 32.35
0.21, -0.76, -0.39, -46.13, -19.99, 23.05
0.04, -0.78, -0.50, -26.43, -50.75, 5.62
-0.19, -0.81, -0.61, -7.62, -54.30, -18.06
-0.36, -0.86, -0.62, 0.54, -20.68, -30.85
-0.26, -0.86, -0.56, 13.99, 13.16, -47.57
-0.04, -0.82, -0.53, 27.23, 10.87, -52.51
0.20, -0.84, -0.51, 29.47, -7.28, -48.97
0.46, -0.88, -0.44, 24.84, -4.33, -25.75
0.79, -0.81, -0.34, 20.44, 11.96, -6.65
0.98, -0.74, -0.24, 10.26, 8.45, 2.19
0.93, -0.74, -0.12, -9.54, 22.08, 21.24
0.87, -0.79, -0.07, -26.33, 30.90, 27.40
0.69, -0.82, -0.11, -45.48, 35.97, 32.26
0.46, -0.79, -0.20, -56.92, 35.91, 35.30
0.33, -0.74, -0.28, -58.45, 24.60, 36.03
0.30, -0.75, -0.37, -48.25, -11.34, 31.89
0.20, -0.79, -0.44, -33.29, -30.62, 22.71
-0.06, -0.84, -0.52, -21.17, -42.85, 0.07
-0.28, -0.86, -0.57, -9.41, -32.71, -18.65
-0.31, -0.86, -0.61, -1.52, 4.11, -27.40
-0.12, -0.82, -0.57, 12.26, 13.24, -39.06
0.10, -0.79, -0.52, 23.89, 2.67, -43.57
0.26, -0.84, -0.48, 26.41, -4.68, -39.08
0.46, -0.86, -0.46, 24.11, -6.71, -29.87
0.62, -0.80, -0.40, 14.35, 7.97, -9.08
0.80, -0.74, -0.26, 1.15, 19.20, 7.61
0.92, -0.74, -0.10, -17.38, 24.53, 23.18
0.90, -0.77, -0.06, -31.48, 21.02, 31.32
0.71, -0.80, -0.13, -51.04, 23.80, 38.27
0.46, -0.79, -0.19, -60.73, 31.54, 40.86
0.36, -0.77, -0.26, -61.53, 16.57, 39.80
0.30, -0.79, -0.36, -52.46, -13.70, 36.06
0.13, -0.81, -0.47, -35.71, -37.24, 19.68
-0.13, -0.85, -0.51, -26.14, -46.34, -2.28
-0.32, -0.87, -0.60, -6.73, -30.61, -23.01
-0.28, -0.87, -0.64, 2.82, 7.25, -32.52
-0.07, -0.84, -0.57, 15.06, 20.38, -43.14
0.13, -0.83, -0.51, 21.93, 11.32, -46.50
0.31, -0.86, -0.48, 22.62, -5.72, -44.87
0.47, -0.86, -0.43, 18.63, -10.31, -27.77
0.67, -0.80, -0.39, 14.61, 2.64, -14.78
0.79, -0.75, -0.29, 0.43, 14.16, 0.41
0.83, -0.75, -0.18, -13.77, 24.50, 16.73
0.84, -0.77, -0.11, -29.00, 33.33, 27.38
0.73, -0.79, -0.14, -45.43, 34.17, 32.86
0.48, -0.77, -0.20, -56.08, 40.00, 38.56
0.37, -0.75, -0.26, -60.97, 35.93, 39.96
0.31, -0.75, -0.35, -52.83, -0.90, 35.63
0.17, -0.75, -0.46, -36.71, -37.57, 22.33
-0.09, -0.77, -0.55, -15.63, -55.64, 4.64
-0.30, -0.83, -0.63, 2.00, -43.93, -21.49
-0.37, -0.87, -0.62, 6.71, 10.28, -33.43
-0.18, -0.85, -0.52, 13.95, 31.60, -44.93
0.14, -0.82, -0.46, 21.95, 16.32, -44.75
0.38, -0.84, -0.44, 21.03, -5.17, -36.72
0.59, -0.85, -0.39, 16.20, -12.49, -20.57
0.76, -0.82, -0.34, 9.65, 5.34, -1.86
0.86, -0.77, -0.27, -4.67, 14.53, 8.34
0.83, -0.77, -0.15, -17.89, 26.40, 20.24
0.75, -0.81, -0.14, -34.52, 32.73, 28.13
0.60, -0.82, -0.21, -48.10, 37.02, 33.31
0.42, -0.78, -0.27, -54.97, 39.19, 35.28
0.32, -0.77, -0.31, -53.95, 13.22, 32.57
0.25, -0.78, -0.37, -41.27, -18.30, 26.06
0.12, -0.80, -0.47, -23.67, -45.33, 9.96
-0.11, -0.83, -0.54, -8.76, -46.00, -8.67
-0.27, -0.87, -0.59, -4.63, -8.63, -21.11
-0.20, -0.86, -0.55, 3.45, 22.52, -33.36
0.01, -0.79, -0.49, 14.06, 20.87, -40.25
0.24, -0.80, -0.46, 19.06, 3.70, -40.36
0.38, -0.84, -0.45, 19.83, -14.66, -36.75
0.48, -0.83, -0.42, 15.74, -19.32, -21.38
0.64, -0.79, -0.39, 10.97, 0.21, -5.80
0.76, -0.73, -0.32, 0.35, 11.45, 5.84
0.77, -0.73, -0.19, -14.69, 24.11, 20.41
0.76, -0.76, -0.14, -28.30, 32.85, 33.25
0.64, -0.78, -0.17, -44.74, 32.03, 38.63
0.49, -0.77, -0.21, -53.31, 31.72, 41.68
0.36, -0.76, -0.26, -58.12, 21.43, 40.38
0.29, -0.77, -0.33, -51.21, -14.71, 34.93
0.17, -0.79, -0.43, -32.88, -40.29, 22.54
-0.02, -0.83, -0.55, -18.39, -49.80, 1.74
-0.27, -0.88, -0.62, -3.22, -34.28, -17.90
-0.33, -0.91, -0.62, 4.07, 14.01, -31.80
-0.15, -0.88, -0.56, 14.67, 30.57, -41.74
0.12, -0.85, -0.50, 22.25, 28.27, -44.06
0.34, -0.86, -0.47, 23.59, 6.71, -43.41
0.46, -0.86, -0.42, 20.27, -9.75, -34.45
0.59, -0.83, -0.38, 13.86, -8.01, -13.15
0.78, -0.77, -0.33, 2.93, 18.12, 1.74
0.84, -0.73, -0.23, -10.65, 23.03, 12.12
0.77, -0.73, -0.13, -24.54, 31.35, 23.68
0.69, -0.77, -0.13, -40.48, 33.83, 30.83
0.53, -0.78, -0.19, -53.71, 34.02, 35.52
0.38, -0.76, -0.25, -58.87, 27.20, 35.39
0.29, -0.75, -0.33, -53.91, -1.25, 33.92
0.24, -0.76, -0.42, -38.85, -31.12, 23.66
0.08, -0.81, -0.49, -22.03, -46.65, 10.04
-0.13, -0.86, -0.55, -7.96, -38.89, -10.63
-0.25, -0.90, -0.60, -4.58, -0.58, -20.71
-0.15, -0.87, -0.55, 6.72, 23.84, -33.24
0.09, -0.81, -0.49, 17.01, 15.56, -38.44
0.26, -0.83, -0.48, 20.84, -3.33, -37.82
0.38, -0.86, -0.47, 20.42, -12.95, -34.31
0.48, -0.83, -0.42, 13.63, -9.40, -17.43
0.65, -0.78, -0.34, 6.64, 10.44, -5.92
0.74, -0.72, -0.26, -5.04, 12.89, 4.47
0.72, -0.72, -0.17, -18.25, 24.02, 18.74
0.69, -0.75, -0.15, -31.31, 29.12, 25.62
0.58, -0.78, -0.20, -44.02, 30.30, 31.88
0.42, -0.78, -0.24, -50.52, 31.44, 36.88
0.35, -0.77, -0.29, -51.11, 23.02, 36.24
0.33, -0.78, -0.33, -45.80, -0.86, 33.10
0.24, -0.81, -0.42, -32.60, -29.81, 23.09
0.08, -0.84, -0.48, -20.07, -34.09, 10.56
-0.08, -0.89, -0.54, -7.84, -25.77, -10.21
-0.17, -0.91, -0.58, -3.28, -0.87, -20.13
-0.04, -0.89, -0.54, 6.50, 16.00, -29.29
0.14, -0.85, -0.49, 15.11, 4.11, -35.26
0.27, -0.85, -0.47, 18.38, -14.34, -35.56
0.33, -0.85, -0.46, 18.37, -19.71, -33.68
0.43, -0.82, -0.43, 10.97, -10.73, -20.94
0.59, -0.78, -0.35, 1.78, 8.43, -2.95
0.73, -0.73, -0.24, -8.57, 13.60, 7.19
0.75, -0.72, -0.17, -20.50, 18.10, 20.14
0.70, -0.75, -0.18, -33.91, 23.61, 27.48
0.56, -0.78, -0.23, -44.94, 27.47, 32.88
0.39, -0.78, -0.27, -49.92, 31.78, 34.76
0.34, -0.78, -0.31, -48.85, 23.10, 35.59
0.29, -0.81, -0.38, -39.69, -12.15, 27.75
0.13, -0.83, -0.46, -29.72, -32.85, 18.92
-0.06, -0.85, -0.52, -14.15, -36.65, -5.40
-0.21, -0.87, -0.59, -4.13, -23.86, -22.18
-0.24, -0.89, -0.58, 6.25, 4.21, -34.77
-0.08, -0.86, -0.53, 15.46, 20.12, -43.62
0.13, -0.85, -0.49, 21.53, 8.55, -49.02
0.26, -0.86, -0.47, 21.87, -6.58, -42.90
0.45, -0.84, -0.44, 19.66, -0.17, -29.03
0.65, -0.77, -0.41, 16.12, 10.75, -18.62
0.70, -0.71, -0.32, 9.98, 7.68, -11.64
0.67, -0.73, -0.21, -8.59, 25.27, 8.29
0.73, -0.75, -0.15, -21.19, 31.07, 18.48
0.72, -0.74, -0.16, -31.64, 28.59, 26.35
0.57, -0.77, -0.20, -42.73, 27.60, 31.92
0.44, -0.80, -0.24, -45.81, 31.47, 36.04
0.37, -0.80, -0.28, -46.15, 19.30, 34.48
0.25, -0.80, -0.36, -36.64, -10.61, 29.39
0.15, -0.81, -0.45, -22.20, -32.11, 15.94
-0.04, -0.86, -0.54, -7.67, -44.80, -9.20
-0.24, -0.92, -0.59, -0.44, -27.98, -23.54
-0.23, -0.92, -0.55, 6.85, 4.51, -38.39
-0.05, -0.87, -0.50, 15.68, 3.20, -50.44
0.18, -0.85, -0.47, 20.38, -3.44, -47.22
0.39, -0.86, -0.47, 18.28, -6.88, -36.21
0.57, -0.80, -0.42, 11.27, 5.75, -22.33
0.72, -0.74, -0.29, 2.84, 13.96, -6.25
0.84, -0.72, -0.17, -9.56, 12.83, 12.79
0.86, -0.73, -0.14, -21.08, 21.43, 22.90
0.71, -0.73, -0.19, -35.32, 24.58, 28.29
0.49, -0.75, -0.23, -45.92, 30.18, 31.21
0.33, -0.76, -0.29, -49.70, 30.82, 31.02
0.26, -0.76, -0.38, -42.09, 10.94, 24.26
0.15, -0.77, -0.48, -25.24, -24.53, 12.31
-0.03, -0.84, -0.58, -3.67, -39.53, -6.17
-0.20, -0.92, -0.59, 3.72, -28.96, -21.11
-0.24, -0.97, -0.54, 12.36, -0.13, -41.45
-0.09, -0.92, -0.51, 21.99, 2.38, -52.41
0.17, -0.88, -0.49, 24.02, -0.40, -48.40
0.46, -0.88, -0.44, 16.28, 8.88, -31.69
0.73, -0.83, -0.31, 12.75, 11.81, -22.31
0.84, -0.76, -0.20, 4.09, 8.09, -8.16
0.84, -0.73, -0.13, -14.45, 17.44, 9.29
0.81, -0.75, -0.10, -26.06, 25.49, 17.55
0.67, -0.76, -0.15, -39.26, 26.59, 22.35
0.48, -0.76, -0.21, -48.60, 30.86, 27.11
0.36, -0.76, -0.24, -54.33, 29.24, 28.99
0.32, -0.76, -0.29, -49.96, 0.99, 27.54
0.28, -0.74, -0.41, -35.03, -20.21, 23.68
0.15, -0.76, -0.49, -19.21, -39.47, 6.42
-0.06, -0.86, -0.52, -5.68, -42.08, -9.81
-0.16, -0.93, -0.56, -1.18, -17.00, -19.73
-0.10, -0.92, -0.54, 8.10, 4.80, -34.01
0.09, -0.84, -0.49, 17.26, 2.90, -40.24
0.27, -0.84, -0.47, 20.65, -7.37, -39.25
0.44, -0.86, -0.43, 18.54, -16.61, -29.57
0.59, -0.83, -0.37, 9.71, -4.15, -12.26
0.73, -0.76, -0.26, -1.18, 7.68, 0.10
0.79, -0.72, -0.16, -13.54, 12.36, 13.57
0.77, -0.72, -0.11, -25.93, 18.02, 23.31
0.66, -0.75, -0.16, -40.24, 19.53, 29.30
0.49, -0.78, -0.22, -48.99, 22.04, 33.69
0.41, -0.79, -0.26, -53.17, 27.00, 37.94
0.39, -0.80, -0.30, -49.35, 5.23, 34.66
0.32, -0.81, -0.39, -37.15, -26.26, 27.20
0.15, -0.83, -0.50, -18.66, -49.30, 13.91
-0.06, -0.88, -0.58, -6.99, -32.79, -7.76
-0.26, -0.94, -0.61, -1.88, -8.29, -24.56
-0.23, -0.90, -0.56, 9.06, 21.76, -39.59
0.03, -0.83, -0.50, 16.86, 15.64, -46.37
0.27, -0.83, -0.47, 21.72, -1.95, -41.49
0.44, -0.83, -0.45, 19.55, -10.62, -31.43
0.57, -0.78, -0.39, 11.89, -1.94, -15.78
0.70, -0.72, -0.27, -0.92, 11.87, 0.64
0.79, -0.70, -0.15, -15.10, 22.21, 16.22
0.80, -0.70, -0.10, -29.13, 25.35, 24.07
0.68, -0.74, -0.14, -44.35, 28.15, 32.34
0.50, -0.78, -0.20, -54.17, 26.17, 35.79
0.39, -0.78, -0.25, -52.91, 13.98, 36.84
0.34, -0.78, -0.35, -41.82, -10.11, 32.55
0.22, -0.82, -0.47, -25.39, -39.65, 15.78
-0.05, -0.88, -0.54, -10.87, -49.15, -0.92
-0.24, -0.94, -0.58, -2.47, -19.24, -20.04
-0.22, -0.94, -0.55, 3.30, 13.00, -34.88
-0.02, -0.86, -0.48, 12.12, 17.23, -43.44
0.26, -0.83, -0.44, 16.70, 4.46, -41.00
0.46, -0.84, -0.44, 15.28, -9.99, -31.66
0.58, -0.82, -0.41, 9.06, -7.85, -16.64
0.69, -0.76, -0.31, -1.71, 7.51, -1.86
0.78, -0.73, -0.22, -14.04, 19.52, 13.78
0.80, -0.71, -0.17, -24.63, 27.71, 23.47
0.71, -0.73, -0.19, -37.91, 30.82, 30.21
0.53, -0.76, -0.23, -50.51, 34.64, 35.52
0.41, -0.77, -0.27, -53.21, 30.76, 38.37
0.34, -0.77, -0.34, -45.55, 12.37, 36.27
0.25, -0.80, -0.45, -33.00, -21.11, 22.79
0.03, -0.85, -0.50, -22.46, -23.86, 10.77
-0.15, -0.88, -0.56, -9.33, -21.24, -15.31
-0.22, -0.87, -0.58, -0.57, 6.50, -21.57
-0.07, -0.86, -0.53, 6.59, 22.21, -32.99
0.13, -0.83, -0.46, 12.06, 11.54, -34.66
0.30, -0.81, -0.42, 12.62, 10.75, -27.63
0.49, -0.80, -0.39, 9.34, 5.93, -20.55
0.61, -0.78, -0.31, 0.81, 9.30, -3.63
0.74, -0.75, -0.25, -9.70, 15.75, 13.62
0.82, -0.75, -0.19, -21.27, 19.49, 24.19
0.75, -0.76, -0.18, -33.56, 22.22, 33.18
0.59, -0.78, -0.21, -46.85, 27.88, 38.05
0.44, -0.78, -0.25, -50.99, 29.19, 40.48
0.37, -0.78, -0.32, -42.78, 5.35, 32.82
0.24, -0.83, -0.43, -32.75, -16.34, 29.24
0.03, -0.88, -0.53, -23.24, -24.70, 10.19
-0.19, -0.86, -0.57, -3.94, -28.63, -15.91
-0.29, -0.87, -0.58, 3.64, 4.75, -24.23
-0.11, -0.89, -0.53, 11.83, 22.31, -37.30
0.11, -0.84, -0.46, 17.85, 12.37, -39.48
0.28, -0.81, -0.42, 17.40, 2.87, -33.93
0.48, -0.81, -0.39, 12.10, -2.39, -21.42
0.63, -0.78, -0.33, 2.54, 0.65, -3.26
0.78, -0.74, -0.25, -9.87, 11.99, 12.10
0.84, -0.73, -0.17, -20.13, 16.18, 23.05
0.77, -0.76, -0.16, -35.36, 20.53, 31.31
0.60, -0.79, -0.19, -48.26, 29.04, 37.40
0.44, -0.79, -0.23, -54.50, 31.85, 41.78
0.35, -0.77, -0.31, -48.89, 4.59, 33.32
0.21, -0.81, -0.43, -33.43, -28.12, 26.48
0.02, -0.86, -0.56, -17.59, -37.86, 4.95
-0.29, -0.87, -0.61, -0.45, -38.13, -22.03
-0.39, -0.88, -0.58, 5.12, 15.72, -32.99
-0.14, -0.87, -0.52, 15.04, 21.05, -45.07
0.14, -0.84, -0.45, 20.10, 8.01, -42.33
0.40, -0.85, -0.41, 18.20, -6.24, -32.21
0.62, -0.83, -0.39, 14.23, -5.99, -19.71
0.69, -0.78, -0.33, 3.90, 5.29, -5.32
0.76, -0.76, -0.23, -11.13, 17.43, 12.12
0.83, -0.77, -0.17, -22.71, 25.36, 23.13
0.73, -0.78, -0.17, -36.23, 26.09, 31.06
0.54, -0.79, -0.20, -46.90, 29.05, 35.91
0.37, -0.78, -0.26, -49.60, 24.85, 36.77
0.29, -0.77, -0.32, -43.08, 0.70, 32.02
0.18, -0.79, -0.41, -30.07, -29.52, 23.35
0.02, -0.83, -0.48, -17.82, -45.32, 5.11
-0.19, -0.86, -0.54, -2.84, -51.82, -16.74
-0.28, -0.87, -0.55, 0.81, -8.31, -26.91
-0.11, -0.83, -0.52, 9.87, 9.72, -40.11
0.09, -0.79, -0.48, 17.63, 5.03, -40.02
0.33, -0.81, -0.47, 17.90, -3.35, -33.74
0.51, -0.83, -0.46, 16.03, -4.84, -22.38
0.64, -0.81, -0.39, 8.19, 5.02, -8.55
0.73, -0.80, -0.29, -5.16, 13.17, 7.04
0.81, -0.81, -0.21, -19.53, 27.67, 20.60
0.79, -0.81, -0.19, -30.85, 32.99, 27.70
0.61, -0.81, -0.19, -45.36, 40.42, 34.50
0.44, -0.82, -0.22, -53.16, 42.41, 35.50
0.31, -0.78, -0.30, -52.40, 20.10, 31.75
0.18, -0.74, -0.43, -35.13, -22.72, 18.90
-0.01, -0.77, -0.55, -15.15, -44.84, 1.97
-0.22, -0.85, -0.61, 0.28, -45.26, -20.17
-0.35, -0.91, -0.57, 4.78, 2.89, -32.92
-0.19, -0.86, -0.50, 14.23, 22.46, -46.79
0.12, -0.81, -0.44, 19.87, 15.27, -43.68
0.43, -0.83, -0.41, 18.44, 3.55, -32.10
0.61, -0.83, -0.39, 12.68, 0.89, -17.87
0.72, -0.79, -0.30, 1.06, 13.34, 0.50
0.83, -0.78, -0.19, -13.11, 21.77, 15.56
0.87, -0.79, -0.12, -24.43, 24.83, 25.06
0.73, -0.81, -0.13, -39.47, 26.37, 31.79
0.51, -0.82, -0.18, -52.08, 34.75, 35.42
0.40, -0.80, -0.24, -58.71, 34.23, 37.50
0.31, -0.77, -0.32, -54.15, 7.97, 33.31
0.20, -0.76, -0.41, -38.48, -20.71, 23.88
0.04, -0.80, -0.50, -20.24, -43.44, 6.04
-0.18, -0.87, -0.56, -5.82, -52.36, -14.62
-0.32, -0.89, -0.61, 2.04, -11.47, -24.71
-0.22, -0.84, -0.58, 15.44, 8.46, -41.04
-0.01, -0.79, -0.50, 26.48, -1.23, -47.75
0.21, -0.84, -0.45, 29.87, -17.40, -46.85
0.41, -0.86, -0.46, 29.71, -35.14, -38.71
0.54, -0.81, -0.45, 20.83, -11.39, -19.38
0.70, -0.74, -0.33, 6.33, 15.52, -5.97
0.82, -0.73, -0.17, -8.01, 22.82, 11.14
0.87, -0.75, -0.11, -23.22, 27.92, 22.74
0.78, -0.79, -0.15, -37.50, 32.60, 29.22
0.54, -0.82, -0.21, -53.57, 49.76, 34.95
0.38, -0.81, -0.25, -59.37, 48.15, 35.90
0.34, -0.77, -0.32, -54.26, 25.91, 40.09
0.31, -0.74, -0.43, -36.73, -18.58, 30.63
0.14, -0.78, -0.48, -20.55, -45.68, 17.21
-0.07, -0.87, -0.52, -9.04, -46.82, -2.66
-0.28, -0.91, -0.57, -0.33, -27.37, -20.68
-0.26, -0.89, -0.54, 4.39, 18.20, -33.17
-0.06, -0.85, -0.47, 12.31, 22.45, -44.54
0.21, -0.85, -0.41, 17.61, 6.26, -41.49
0.43, -0.87, -0.41, 17.26, -8.21, -30.12
0.60, -0.84, -0.40, 15.74, -8.04, -20.54
0.67, -0.80, -0.34, 5.27, 1.00, -3.31
0.73, -0.79, -0.22, -9.43, 18.91, 11.67
0.79, -0.79, -0.12, -20.71, 24.13, 22.15
0.73, -0.79, -0.12, -34.69, 23.15, 29.42
0.55, -0.80, -0.17, -46.76, 28.85, 35.78
0.41, -0.78, -0.22, -54.60, 34.29, 38.70
0.34, -0.75, -0.29, -55.95, 12.87, 35.19
0.24, -0.74, -0.38, -42.56, -20.60, 31.28
0.11, -0.75, -0.50, -26.55, -49.40, 13.92
-0.09, -0.82, -0.56, -12.22, -53.86, -4.68
-0.26, -0.88, -0.61, -4.56, -27.19, -20.07
-0.23, -0.87, -0.57, 1.46, 15.72, -28.83
-0.01, -0.82, -0.51, 8.43, 24.41, -35.68
0.25, -0.81, -0.46, 11.19, 18.14, -30.39
0.45, -0.88, -0.42, 10.12, 5.85, -23.44
0.60, -0.84, -0.39, 5.63, 0.35, -9.78
0.69, -0.83, -0.36, -1.78, 9.49, 4.55
0.75, -0.82, -0.30, -14.98, 19.47, 15.39
0.73, -0.82, -0.23, -26.83, 27.38, 24.79
0.62, -0.82, -0.20, -39.23, 32.33, 31.22
0.48, -0.81, -0.23, -48.25, 37.04, 35.21
0.37, -0.79, -0.29, -51.44, 25.87, 33.53
0.27, -0.78, -0.37, -43.48, -13.52, 25.00
0.11, -0.79, -0.45, -28.14, -36.23, 16.05
-0.11, -0.81, -0.56, -9.18, -45.17, -10.94
-0.31, -0.82, -0.63, 0.74, -26.73, -26.47
-0.31, -0.83, -0.58, 7.29, 24.18, -38.78
-0.09, -0.81, -0.51, 14.89, 33.54, -45.51
0.18, -0.81, -0.43, 19.44, 19.66, -43.46
0.39, -0.84, -0.40, 17.31, 0.61, -31.53
0.61, -0.82, -0.36, 12.39, -1.70, -11.86
0.79, -0.77, -0.32, 6.80, 6.58, 1.14
0.85, -0.75, -0.24, -8.06, 13.73, 17.44
0.79, -0.78, -0.15, -22.67, 26.23, 25.70
0.67, -0.82, -0.14, -40.42, 34.01, 32.62
0.50, -0.82, -0.19, -52.38, 39.97, 37.31
0.37, -0.78, -0.24, -58.01, 33.12, 39.48
0.31, -0.76, -0.32, -53.65, -0.98, 35.38
0.23, -0.78, -0.42, -33.84, -39.92, 27.57
0.07, -0.81, -0.52, -17.05, -59.70, 7.21
-0.21, -0.87, -0.60, -3.05, -48.15, -14.12
-0.38, -0.88, -0.62, 2.80, 4.74, -28.60
-0.26, -0.83, -0.57, 13.00, 40.69, -41.62
0.02, -0.81, -0.50, 20.41, 41.07, -42.89
0.30, -0.84, -0.44, 22.45, 18.58, -39.99
0.47, -0.87, -0.39, 21.94, -10.04, -30.44
0.60, -0.84, -0.38, 15.25, -13.58, -15.03
0.71, -0.80, -0.33, 2.60, 7.14, 2.51
0.79, -0.75, -0.24, -8.34, 26.91, 13.21
0.77, -0.76, -0.14, -21.10, 33.73, 20.82
0.64, -0.81, -0.15, -37.51, 37.93, 27.91
0.49, -0.84, -0.21, -47.59, 40.94, 32.65
0.36, -0.81, -0.25, -52.12, 45.05, 30.08
0.31, -0.81, -0.29, -53.95, 18.65, 28.04
0.27, -0.83, -0.31, -45.07, -25.08, 24.76
0.23, -0.85, -0.36, -27.09, -62.32, 14.76
0.09, -0.87, -0.46, -11.78, -64.00, -2.03
-0.16, -0.89, -0.55, -8.82, -35.38, -18.88
-0.28, -0.89, -0.53, -6.82, 12.43, -32.48
-0.08, -0.82, -0.48, 2.10, 20.72, -38.60
0.18, -0.79, -0.47, 8.57, 9.37, -37.65
0.35, -0.81, -0.46, 12.96, -11.22, -36.24
0.39, -0.80, -0.47, 13.18, -11.52, -30.91
0.44, -0.78, -0.45, 6.93, -7.91, -20.65
0.58, -0.76, -0.36, 0.05, 8.39, 2.51
0.78, -0.73, -0.28, -10.56, 20.96, 16.08
0.81, -0.72, -0.21, -16.80, 25.50, 22.12
0.62, -0.76, -0.22, -31.82, 35.52, 29.37
0.43, -0.82, -0.25, -43.87, 47.85, 33.25
0.33, -0.81, -0.29, -49.45, 46.77, 33.80
0.30, -0.79, -0.34, -48.97, 13.55, 33.69
0.26, -0.78, -0.39, -32.40, -34.77, 25.09
0.14, -0.81, -0.48, -8.94, -64.00, 6.35
-0.13, -0.87, -0.62, 3.40, -57.19, -13.74
-0.40, -0.91, -0.61, 3.19, 0.63, -33.53
-0.33, -0.87, -0.52, 11.55, 37.53, -47.35
0.01, -0.83, -0.47, 20.66, 29.91, -54.85
0.28, -0.86, -0.45, 23.74, 5.35, -48.05
0.47, -0.86, -0.42, 20.16, -8.38, -33.51
0.67, -0.81, -0.35, 13.52, 7.81, -9.11
0.88, -0.74, -0.26, 5.32, 12.88, -1.87
0.88, -0.73, -0.16, -9.60, 17.04, 16.57
0.80, -0.77, -0.11, -27.11, 29.46, 24.01
0.65, -0.79, -0.15, -44.70, 35.67, 28.49
0.45, -0.77, -0.19, -56.51, 46.67, 34.36
0.37, -0.76, -0.24, -61.17, 37.18, 35.34
0.33, -0.76, -0.32, -52.65, -0.54, 33.72
0.24, -0.77, -0.42, -37.20, -45.56, 20.81
0.05, -0.83, -0.48, -26.78, -51.84, 12.46
-0.14, -0.87, -0.52, -10.39, -48.28, -14.31
-0.26, -0.87, -0.57, -5.79, -12.30, -19.58
-0.17, -0.87, -0.54, 1.83, 20.39, -31.90
0.05, -0.82, -0.49, 11.23, 21.02, -37.42
0.23, -0.81, -0.46, 15.90, 6.45, -37.14
0.38, -0.84, -0.43, 15.76, -6.63, -30.56
0.50, -0.83, -0.39, 10.59, -11.14, -18.14
0.65, -0.79, -0.34, 4.22, -3.21, -3.49
0.76, -0.76, -0.27, -7.21, 9.44, 10.26
0.78, -0.76, -0.19, -20.44, 20.96, 20.62
0.70, -0.79, -0.17, -35.76, 30.59, 29.44
0.55, -0.82, -0.21, -48.15, 30.63, 34.57
0.40, -0.79, -0.27, -53.68, 22.43, 36.52
0.33, -0.78, -0.32, -49.34, -1.43, 31.30
0.25, -0.82, -0.40, -36.77, -35.54, 25.55
0.11, -0.85, -0.48, -22.71, -45.05, 12.55
-0.10, -0.87, -0.53, -8.71, -46.93, -12.26
-0.27, -0.88, -0.59, -2.82, -11.31, -23.37
-0.21, -0.86, -0.57, 6.00, 24.24, -34.96
-0.00, -0.81, -0.51, 17.20, 29.41, -41.72
0.20, -0.81, -0.48, 19.72, 17.41, -40.41
0.35, -0.85, -0.43, 17.54, 7.02, -33.62
0.51, -0.83, -0.38, 12.79, -3.08, -20.16
0.68, -0.78, -0.32, 5.06, 4.09, -0.02
0.82, -0.75, -0.28, -5.77, 11.92, 11.51
0.80, -0.75, -0.20, -19.24, 21.29, 20.07
0.66, -0.77, -0.17, -34.40, 30.37, 27.82
0.52, -0.79, -0.20, -47.36, 39.42, 33.78
0.39, -0.77, -0.25, -54.04, 37.79, 36.17
0.33, -0.76, -0.32, -49.12, 6.85, 32.43
0.26, -0.77, -0.40, -36.14, -27.61, 28.38
0.10, -0.81, -0.49, -19.41, -42.77, 11.94
-0.11, -0.86, -0.55, -6.75, -45.85, -9.16
-0.29, -0.89, -0.58, -1.15, -9.88, -21.26
-0.22, -0.87, -0.53, 5.94, 22.68, -34.30
0.05, -0.83, -0.47, 13.13, 31.69, -36.07
0.27, -0.83, -0.44, 16.69, 19.21, -38.46
0.39, -0.84, -0.41, 17.10, -2.70, -34.28
0.48, -0.83, -0.38, 12.33, -13.45, -21.80
0.64, -0.81, -0.33, 3.04, 0.96, 0.81
0.80, -0.78, -0.26, -7.77, 16.32, 11.69
0.81, -0.75, -0.17, -19.59, 21.77, 18.94
0.70, -0.77, -0.14, -33.43, 26.88, 27.66
0.54, -0.82, -0.19, -48.93, 34.16, 32.84
0.41, -0.82, -0.24, -56.07, 34.09, 34.47
0.33, -0.78, -0.31, -56.10, 10.61, 33.30
0.26, -0.76, -0.39, -41.45, -32.10, 26.49
0.14, -0.79, -0.50, -19.39, -57.46, 13.20
-0.09, -0.85, -0.61, -4.41, -54.02, -10.66
-0.35, -0.90, -0.62, -0.31, -12.15, -25.22
-0.34, -0.87, -0.57, 8.62, 27.11, -41.16
-0.05, -0.81, -0.53, 19.29, 36.48, -43.59
0.22, -0.82, -0.49, 24.83, 11.11, -47.09
0.39, -0.87, -0.44, 24.75, -10.04, -39.23
0.52, -0.85, -0.40, 19.35, -18.25, -22.32
0.71, -0.78, -0.34, 13.38, 12.71, -3.55
0.81, -0.72, -0.24, 1.88, 13.46, -0.40
0.74, -0.74, -0.13, -15.25, 30.11, 20.57
0.75, -0.78, -0.12, -32.19, 38.18, 27.76
0.66, -0.80, -0.15, -45.55, 35.17, 32.31
0.45, -0.79, -0.19, -54.24, 38.56, 37.25
0.35, -0.78, -0.24, -56.75, 30.37, 37.38
0.33, -0.79, -0.32, -49.41, -7.59, 35.92
0.24, -0.79, -0.43, -31.27, -40.69, 25.04
0.02, -0.84, -0.49, -20.53, -44.89, 10.40
-0.19, -0.89, -0.53, -7.62, -35.82, -16.64
-0.29, -0.88, -0.57, -0.28, 1.96, -24.10
-0.16, -0.87, -0.55, 7.49, 21.49, -34.86
0.09, -0.83, -0.50, 16.73, 15.56, -39.54
0.27, -0.83, -0.47, 18.74, -3.05, -37.53
0.40, -0.85, -0.45, 17.52, -8.95, -28.36
0.56, -0.82, -0.40, 12.48, 2.65, -10.79
0.73, -0.76, -0.33, 4.48, 13.43, 0.43
0.79, -0.74, -0.22, -8.04, 22.84, 16.68
0.79, -0.78, -0.15, -24.06, 30.09, 24.53
0.70, -0.82, -0.18, -40.63, 31.58, 30.22
0.49, -0.81, -0.22, -51.23, 36.97, 34.38
0.35, -0.79, -0.26, -57.20, 33.73, 34.57
0.30, -0.79, -0.33, -50.82, 1.66, 29.71
0.22, -0.80, -0.43, -33.39, -34.31, 21.52
0.03, -0.83, -0.51, -21.06, -38.85, 5.75
-0.21, -0.86, -0.56, -7.96, -33.39, -19.90
-0.34, -0.87, -0.58, 0.00, 11.53, -28.27
-0.17, -0.83, -0.54, 13.01, 32.06, -40.42
0.08, -0.81, -0.49, 20.87, 24.25, -44.22
0.26, -0.85, -0.45, 22.32, 5.74, -39.54
0.43, -0.85, -0.41, 19.37, -7.04, -27.00
0.65, -0.79, -0.33, 14.31, 4.13, -6.80
0.81, -0.74, -0.26, 4.71, 10.12, 2.98
0.84, -0.73, -0.15, -10.86, 15.44, 16.91
0.77, -0.77, -0.10, -25.26, 23.18, 25.48
0.63, -0.81, -0.15, -44.36, 28.84, 28.72
0.44, -0.81, -0.20, -54.85, 32.49, 33.35
0.34, -0.77, -0.27, -57.43, 31.00, 33.72
0.33, -0.78, -0.33, -53.04, -2.79, 33.11
0.26, -0.81, -0.41, -36.50, -37.95, 26.50
0.09, -0.82, -0.48, -19.76, -50.22, 9.04
-0.17, -0.86, -0.56, -6.54, -38.74, -12.39
-0.31, -0.89, -0.60, -2.54, -0.80, -24.36
-0.19, -0.86, -0.55, 8.77, 23.67, -35.82
0.07, -0.82, -0.49, 14.92, 21.97, -36.98
0.31, -0.83, -0.44, 18.62, 1.91, -37.42
0.42, -0.84, -0.38, 17.46, -11.85, -27.57
0.55, -0.82, -0.36, 10.23, -8.05, -14.21
0.73, -0.79, -0.28, -2.34, 9.42, 11.28
0.92, -0.77, -0.19, -14.94, 19.70, 21.49
0.89, -0.76, -0.12, -27.81, 18.51, 28.60
0.66, -0.81, -0.13, -48.86, 25.04, 35.91
0.45, -0.82, -0.21, -61.32, 37.55, 39.64
0.32, -0.76, -0.28, -64.00, 20.81, 38.37
0.23, -0.74, -0.39, -50.64, -29.29, 29.02
0.12, -0.77, -0.51, -26.67, -54.59, 16.80
-0.16, -0.85, -0.65, -8.25, -60.68, -12.70
-0.49, -0.88, -0.67, 0.23, -15.76, -29.08
-0.41, -0.86, -0.58, 7.69, 44.62, -41.76
-0.03, -0.82, -0.52, 18.50, 43.09, -44.75
0.32, -0.82, -0.46, 21.53, 15.92, -37.92
0.52, -0.86, -0.39, 21.92, -10.93, -26.64
0.67, -0.83, -0.34, 14.27, -7.45, -5.50
0.82, -0.78, -0.28, 3.49, 13.62, 7.44
0.86, -0.75, -0.19, -11.24, 18.85, 16.46
0.77, -0.79, -0.12, -25.00, 22.84, 24.37
0.61, -0.85, -0.16, -45.32, 26.94, 29.23
0.42, -0.84, -0.25, -54.53, 34.10, 30.86
0.29, -0.78, -0.29, -60.40, 32.49, 32.69
0.24, -0.75, -0.37, -54.58, -0.60, 27.09
0.13, -0.76, -0.44, -31.78, -46.98, 9.21
-0.03, -0.82, -0.55, -11.58, -63.85, -5.62
-0.27, -0.87, -0.63, -1.82, -31.25, -24.45
-0.36, -0.87, -0.58, 2.35, 25.15, -38.73
-0.11, -0.82, -0.51, 13.10, 36.43, -41.24
0.24, -0.81, -0.46, 17.75, 14.69, -37.68
0.49, -0.84, -0.43, 20.61, -17.01, -29.78
0.59, -0.83, -0.40, 19.16, -21.19, -14.01
0.68, -0.78, -0.36, 7.98, 3.21, -0.33
0.74, -0.76, -0.24, -3.29, 16.92, 6.85
0.75, -0.78, -0.14, -17.76, 20.53, 20.82
0.71, -0.81, -0.16, -31.08, 21.24, 25.71
0.55, -0.83, -0.22, -44.78, 20.03, 29.61
0.36, -0.80, -0.27, -52.25, 23.57, 29.54
0.27, -0.78, -0.31, -54.51, 16.99, 30.53
0.26, -0.79, -0.36, -47.24, -17.94, 24.82
0.19, -0.79, -0.42, -28.00, -45.20, 12.89
0.01, -0.82, -0.53, -11.36, -57.09, -4.24
-0.23, -0.86, -0.63, -3.16, -28.22, -22.24
-0.31, -0.87, -0.60, 4.64, 24.30, -34.20
-0.11, -0.83, -0.54, 16.11, 34.53, -41.57
0.20, -0.82, -0.51, 22.47, 22.97, -39.35
0.38, -0.85, -0.47, 24.75, -5.77, -39.32
0.47, -0.86, -0.41, 20.15, -15.73, -27.45
0.62, -0.82, -0.34, 8.50, 6.23, -0.23
0.84, -0.76, -0.26, -4.75, 25.99, 8.59
0.88, -0.74, -0.14, -17.84, 23.55, 18.50
0.75, -0.78, -0.10, -32.79, 24.52, 26.90
0.57, -0.83, -0.18, -50.61, 26.36, 30.50
0.36, -0.81, -0.26, -57.01, 31.57, 31.76
0.24, -0.76, -0.34, -53.09, 17.78, 25.67
0.15, -0.74, -0.44, -40.19, -13.64, 16.87
0.03, -0.76, -0.55, -15.35, -42.73, -0.26
-0.15, -0.80, -0.62, 1.29, -47.22, -16.18
-0.27, -0.86, -0.59, 8.67, -4.51, -29.17
-0.18, -0.87, -0.51, 17.06, 18.41, -42.25
0.04, -0.84, -0.47, 25.94, 11.85, -44.92
0.30, -0.86, -0.45, 24.07, -1.22, -36.20
0.58, -0.86, -0.38, 16.28, 5.68, -14.86
0.81, -0.81, -0.29, 9.55, 11.18, -2.88
0.90, -0.76, -0.18, -4.42, 9.40, 10.63
0.85, -0.79, -0.11, -19.50, 18.68, 22.63
0.72, -0.83, -0.14, -37.78, 24.81, 25.19
0.51, -0.84, -0.20, -49.56, 25.94, 29.34
0.35, -0.80, -0.26, -55.46, 25.85, 31.66
0.29, -0.78, -0.33, -52.10, 5.84, 27.76
0.23, -0.78, -0.42, -37.97, -25.05, 17.95
0.04, -0.78, -0.52, -21.36, -44.68, 0.97
-0.20, -0.83, -0.57, -8.29, -30.06, -15.69
-0.27, -0.86, -0.58, -2.85, 10.24, -25.61
-0.11, -0.82, -0.53, 9.46, 22.21, -35.85
0.12, -0.80, -0.48, 16.94, 14.80, -34.78
0.34, -0.84, -0.44, 18.72, 2.36, -29.98
0.47, -0.85, -0.40, 16.81, -0.21, -18.63
0.59, -0.80, -0.36, 10.14, 10.35, -7.12
0.71, -0.76, -0.27, -1.55, 18.87, 7.38
0.81, -0.78, -0.14, -15.11, 19.65, 19.17
0.82, -0.82, -0.12, -30.10, 15.56, 26.92
0.66, -0.83, -0.18, -45.62, 15.86, 31.55
0.46, -0.81, -0.23, -55.34, 26.63, 33.13
0.36, -0.79, -0.28, -58.32, 29.41, 32.74
0.32, -0.81, -0.37, -49.72, 5.07, 24.00
0.19, -0.83, -0.46, -39.39, -24.57, 19.25
-0.01, -0.84, -0.54, -22.62, -25.72, 1.93
-0.19, -0.82, -0.65, -4.75, -19.75, -20.53
-0.27, -0.83, -0.63, 4.21, 18.56, -27.88
-0.11, -0.84, -0.56, 12.08, 35.36, -36.16
0.15, -0.81, -0.47, 18.15, 30.16, -36.60
0.33, -0.81, -0.41, 19.12, 11.98, -31.96
0.47, -0.81, -0.34, 11.16, 3.33, -18.91
0.64, -0.79, -0.27, 2.48, 6.62, 0.18
0.83, -0.74, -0.22, -9.09, 10.82, 13.54
0.85, -0.73, -0.16, -18.84, 9.82, 22.20
0.71, -0.77, -0.15, -35.14, 15.76, 27.33
0.52, -0.81, -0.19, -50.80, 25.97, 32.21
0.38, -0.80, -0.25, -56.94, 30.50, 33.37
0.32, -0.77, -0.33, -55.12, 5.39, 30.82
0.23, -0.78, -0.41, -37.88, -47.42, 17.87
0.07, -0.82, -0.54, -16.67, -56.98, 7.49
-0.18, -0.85, -0.65, -3.35, -43.01, -18.68
-0.39, -0.87, -0.61, 3.38, 10.18, -31.75
-0.24, -0.83, -0.54, 11.70, 34.02, -42.88
0.08, -0.81, -0.49, 19.18, 23.59, -43.42
0.35, -0.83, -0.43, 21.70, -1.85, -39.73
0.53, -0.84, -0.40, 20.91, -21.39, -28.49
0.63, -0.79, -0.38, 13.72, -6.07, -9.12
0.79, -0.75, -0.30, 3.16, 14.99, 3.22
0.85, -0.75, -0.19, -12.23, 19.32, 17.61
0.81, -0.80, -0.12, -28.22, 25.93, 27.82
0.69, -0.84, -0.17, -45.05, 27.98, 33.30
0.49, -0.81, -0.23, -53.62, 30.71, 36.64
0.35, -0.77, -0.29, -54.72, 21.88, 33.61
0.28, -0.79, -0.36, -48.13, -10.72, 31.50
0.18, -0.81, -0.43, -32.86, -40.21, 20.55
-0.03, -0.81, -0.52, -14.72, -46.60, -0.21
-0.24, -0.87, -0.60, -2.55, -27.99, -18.55
-0.31, -0.86, -0.60, 5.36, 13.84, -31.39
-0.14, -0.82, -0.54, 15.00, 26.92, -39.42
0.14, -0.81, -0.47, 21.41, 23.36, -41.13
0.34, -0.84, -0.42, 22.87, -5.77, -41.16
0.47, -0.84, -0.39, 19.32, -15.28, -25.78
0.63, -0.80, -0.36, 11.99, -3.46, -7.05
0.80, -0.75, -0.28, 0.67, 13.87, 6.21
0.86, -0.78, -0.15, -14.57, 17.13, 17.85
0.81, -0.80, -0.12, -30.82, 19.98, 26.88
0.68, -0.83, -0.19, -49.89, 19.88, 33.54
0.46, -0.80, -0.24, -57.10, 22.37, 35.37
0.34, -0.77, -0.29, -57.33, 12.50, 30.15
0.27, -0.80, -0.36, -50.38, -17.35, 26.82
0.17, -0.83, -0.46, -36.08, -33.59, 19.29
-0.01, -0.82, -0.53, -20.06, -34.72, -2.07
-0.21, -0.84, -0.60, -8.11, -18.50, -19.36
-0.26, -0.84, -0.62, 1.90, 15.84, -28.26
-0.09, -0.80, -0.57, 15.38, 25.08, -36.28
0.14, -0.80, -0.50, 22.38, 24.06, -37.53
0.29, -0.83, -0.45, 24.19, 0.81, -37.41
0.39, -0.83, -0.40, 20.18, -8.29, -27.67
0.56, -0.79, -0.34, 11.00, -1.62, -8.54
0.76, -0.75, -0.27, 0.12, 11.75, 5.26
0.84, -0.74, -0.18, -13.16, 14.61, 15.42
0.78, -0.77, -0.12, -28.18, 16.83, 25.87
0.65, -0.83, -0.17, -45.56, 22.59, 31.38
0.48, -0.82, -0.23, -53.46, 24.99, 34.48
0.35, -0.78, -0.29, -55.17, 16.76, 32.31
0.28, -0.79, -0.38, -46.74, -13.83, 24.93
0.14, -0.81, -0.49, -31.93, -36.80, 14.78
-0.07, -0.83, -0.55, -16.89, -39.48, -7.72
-0.27, -0.85, -0.60, -6.24, -19.81, -23.44
-0.27, -0.85, -0.60, 5.28, 17.23, -37.14
-0.05, -0.81, -0.55, 16.85, 25.74, -43.13
0.17, -0.82, -0.50, 21.51, 11.23, -42.91
0.34, -0.85, -0.44, 20.29, -1.89, -35.60
0.51, -0.83, -0.39, 16.63, -6.91, -20.91
0.72, -0.76, -0.32, 10.06, 6.74, -4.98
0.82, -0.73, -0.24, -2.44, 7.58, 6.41
0.81, -0.75, -0.13, -18.95, 20.53, 19.92
0.79, -0.79, -0.11, -36.92, 24.07, 29.06
0.64, -0.81, -0.18, -53.81, 24.04, 34.09
0.46, -0.78, -0.25, -63.12, 28.48, 39.24
0.37, -0.75, -0.31, -63.65, 16.75, 39.29
0.32, -0.77, -0.39, -51.47, -24.48, 28.83
0.14, -0.79, -0.49, -35.93, -47.27, 20.53
-0.08, -0.82, -0.59, -16.58, -46.83, -3.54
-0.32, -0.84, -0.68, -2.38, -24.93, -24.06
-0.36, -0.85, -0.66, 9.32, 24.35, -36.60
-0.12, -0.84, -0.56, 19.99, 38.83, -45.87
0.21, -0.84, -0.49, 25.84, 24.54, -46.10
0.38, -0.85, -0.44, 25.86, -1.27, -38.86
0.51, -0.83, -0.39, 21.31, -17.65, -24.39
0.70, -0.78, -0.34, 13.20, 2.42, -0.70
0.86, -0.73, -0.25, 1.29, 14.13, 5.56
0.83, -0.74, -0.14, -15.22, 15.83, 20.53
0.73, -0.80, -0.12, -33.31, 27.41, 28.92
0.61, -0.83, -0.18, -49.31, 30.78, 32.52
0.43, -0.79, -0.23, -57.47, 33.60, 33.85
0.34, -0.75, -0.30, -57.78, 15.05, 34.54
0.29, -0.75, -0.40, -44.76, -20.29, 29.66
0.17, -0.78, -0.48, -27.16, -49.75, 15.97
-0.07, -0.83, -0.56, -10.88, -46.38, -2.87
-0.28, -0.87, -0.62, -3.21, -18.49, -18.71
-0.29, -0.87, -0.60, 5.81, 22.25, -32.72
-0.08, -0.83, -0.53, 18.30, 29.36, -43.27
0.19, -0.84, -0.47, 25.07, 8.25, -43.58
0.37, -0.88, -0.44, 23.39, -6.89, -32.83
0.56, -0.85, -0.40, 17.14, -5.43, -15.67
0.74, -0.77, -0.31, 11.12, 8.89, -1.54
0.82, -0.73, -0.22, -5.41, 13.10, 12.75
0.83, -0.74, -0.13, -19.87, 22.83, 24.61
0.77, -0.79, -0.14, -39.29, 24.61, 30.45
0.59, -0.80, -0.20, -55.21, 29.27, 38.22
0.41, -0.76, -0.26, -63.06, 36.79, 41.71
0.36, -0.72, -0.34, -61.72, 15.74, 43.14
0.31, -0.73, -0.41, -49.39, -28.05, 34.59
0.15, -0.77, -0.48, -30.99, -48.12, 26.17
-0.06, -0.81, -0.56, -17.65, -40.05, 4.80
-0.28, -0.84, -0.64, -3.92, -29.21, -19.50
-0.36, -0.86, -0.65, 3.97, 14.49, -27.64
-0.11, -0.86, -0.57, 13.56, 30.33, -37.83
0.13, -0.85, -0.51, 22.59, 20.45, -42.19
0.29, -0.85, -0.47, 25.42, -3.41, -43.92
0.40, -0.87, -0.42, 23.56, -22.05, -36.29
0.55, -0.86, -0.41, 17.84, -13.32, -19.15
0.72, -0.80, -0.37, 8.69, 11.32, -3.05
0.81, -0.75, -0.26, -2.78, 20.72, 5.56
0.79, -0.75, -0.17, -19.27, 31.43, 19.30
0.73, -0.79, -0.16, -35.18, 32.70, 28.30
0.59, -0.79, -0.21, -47.55, 32.51, 33.77
0.39, -0.76, -0.27, -54.58, 31.42, 33.82
0.30, -0.75, -0.33, -51.73, 7.36, 31.01
0.23, -0.76, -0.40, -38.97, -22.52, 27.66
0.11, -0.78, -0.48, -23.43, -44.72, 11.97
-0.09, -0.83, -0.54, -9.48, -42.38, -7.61
-0.24, -0.87, -0.58, -3.35, -12.48, -19.69
-0.21, -0.86, -0.55, 6.71, 20.21, -33.94
-0.02, -0.83, -0.50, 17.33, 19.29, -41.46
0.20, -0.83, -0.48, 23.62, 5.13, -40.85
0.35, -0.86, -0.45, 21.52, -10.85, -35.83
0.51, -0.85, -0.39, 14.54, -5.62, -17.19
0.70, -0.78, -0.32, 7.15, 9.37, -3.18
0.80, -0.74, -0.23, -6.12, 13.80, 9.42
0.81, -0.76, -0.13, -20.49, 23.03, 21.73
0.75, -0.79, -0.15, -38.29, 27.65, 28.70
0.54, -0.80, -0.20, -52.87, 31.10, 36.29
0.40, -0.77, -0.26, -59.57, 37.55, 38.66
0.31, -0.75, -0.33, -58.71, 16.27, 38.45
0.27, -0.77, -0.40, -46.30, -27.67, 29.52
0.10, -0.79, -0.49, -27.78, -50.20, 17.85
-0.10, -0.84, -0.58, -12.84, -49.43, -5.27
-0.30, -0.88, -0.64, -2.64, -21.23, -22.83
-0.29, -0.88, -0.60, 4.71, 22.44, -33.83
-0.03, -0.83, -0.53, 13.58, 30.68, -38.32
0.22, -0.82, -0.49, 18.60, 23.68, -38.35
0.38, -0.83, -0.44, 18.15, -3.59, -35.98
0.47, -0.83, -0.39, 14.71, -11.58, -26.11
0.60, -0.81, -0.37, 5.29, -3.15, -7.69
0.74, -0.77, -0.30, -4.96, 15.42, 7.32
0.82, -0.74, -0.20, -18.24, 22.97, 17.49
0.77, -0.76, -0.17, -29.61, 28.46, 27.36
0.59, -0.79, -0.22, -44.53, 32.75, 32.58
0.40, -0.78, -0.28, -51.89, 40.59, 35.10
0.31, -0.76, -0.32, -55.11, 26.89, 36.00
0.27, -0.76, -0.39, -45.17, -24.39, 28.12
0.16, -0.78, -0.46, -23.98, -55.57, 18.92
-0.02, -0.82, -0.57, -7.53, -57.04, -5.79
-0.33, -0.86, -0.63, -0.58, -29.89, -23.88
-0.39, -0.86, -0.59, 5.70, 29.40, -38.52
-0.11, -0.83, -0.52, 14.40, 36.48, -44.83
0.19, -0.83, -0.46, 19.75, 18.11, -43.36
0.42, -0.86, -0.43, 21.17, -8.71, -37.61
0.54, -0.84, -0.41, 15.73, -17.24, -20.01
0.70, -0.79, -0.36, 7.00, 8.68, -1.18
0.83, -0.74, -0.26, -5.04, 20.03, 7.90
0.83, -0.74, -0.15, -16.64, 26.80, 18.68
0.73, -0.80, -0.14, -33.42, 31.23, 27.67
0.56, -0.83, -0.21, -47.19, 35.59, 32.17
0.38, -0.79, -0.26, -53.52, 43.86, 34.64
0.32, -0.78, -0.30, -54.60, 27.78, 33.53
0.28, -0.79, -0.37, -44.20, -16.74, 29.72
0.18, -0.78, -0.46, -24.96, -44.31, 18.29
-0.02, -0.81, -0.53, -12.34, -40.64, 0.45
-0.23, -0.87, -0.59, -6.62, -27.89, -20.16
-0.30, -0.87, -0.58, 0.88, 16.89, -30.88
-0.09, -0.82, -0.54, 9.77, 27.95, -39.18
0.19, -0.81, -0.49, 14.98, 18.43, -39.44
0.36, -0.83, -0.46, 17.46, -7.67, -38.33
0.48, -0.83, -0.42, 16.12, -20.24, -25.45
0.61, -0.80, -0.39, 9.34, -5.89, -3.81
0.77, -0.76, -0.32, -2.73, 16.38, 10.07
0.83, -0.74, -0.20, -12.82, 28.63, 19.39
0.76, -0.76, -0.16, -27.49, 29.09, 28.66
0.60, -0.80, -0.20, -43.44, 30.76, 35.49
0.43, -0.80, -0.25, -50.35, 39.02, 39.19
0.33, -0.77, -0.30, -57.77, 24.17, 38.80
0.25, -0.76, -0.36, -45.41, -22.42, 31.01
0.15, -0.77, -0.47, -23.85, -57.53, 17.55
-0.08, -0.82, -0.59, -8.04, -63.36, -9.03
-0.39, -0.87, -0.62, -4.40, -29.38, -28.42
-0.42, -0.86, -0.57, 2.16, 27.24, -41.68
-0.12, -0.80, -0.51, 13.68, 37.19, -48.88
0.23, -0.81, -0.48, 18.62, 21.01, -45.28
0.44, -0.86, -0.43, 18.58, -11.58, -36.15
0.60, -0.85, -0.39, 16.17, -13.11, -14.20
0.82, -0.80, -0.34, 10.47, 6.09, 4.17
0.93, -0.76, -0.23, -3.02, 17.82, 16.46
0.87, -0.76, -0.16, -14.84, 26.99, 24.07
0.72, -0.81, -0.14, -33.47, 31.23, 32.06
0.51, -0.84, -0.19, -49.53, 35.38, 36.25
0.35, -0.80, -0.26, -57.24, 36.66, 36.24
0.27, -0.77, -0.33, -58.79, 6.86, 33.40
0.21, -0.76, -0.41, -38.95, -40.99, 23.11
0.08, -0.79, -0.49, -19.58, -57.61, 7.88
-0.14, -0.85, -0.58, -8.89, -47.18, -16.21
-0.37, -0.86, -0.61, -5.07, -1.59, -27.46
-0.26, -0.82, -0.57, 3.21, 37.70, -33.70
0.06, -0.78, -0.50, 12.76, 36.05, -35.74
0.34, -0.81, -0.46, 15.69, 13.50, -31.96
0.47, -0.84, -0.42, 14.80, -5.99, -24.05
0.57, -0.82, -0.36, 9.72, -9.61, -11.95
0.68, -0.80, -0.33, 1.19, 3.65, 5.71
0.79, -0.77, -0.27, -11.30, 16.66, 15.18
0.78, -0.78, -0.20, -22.87, 21.57, 24.63
0.65, -0.81, -0.19, -40.70, 25.12, 31.47
0.49, -0.82, -0.22, -50.82, 31.51, 36.98
0.37, -0.79, -0.26, -55.68, 28.63, 36.45
0.31, -0.79, -0.32, -53.51, -8.20, 32.46
0.20, -0.81, -0.41, -34.92, -45.32, 22.81
0.02, -0.82, -0.55, -19.67, -55.91, 1.26
-0.28, -0.84, -0.63, -7.80, -41.62, -22.69
-0.40, -0.84, -0.63, 0.36, 15.94, -32.28
-0.18, -0.80, -0.59, 13.02, 27.11, -44.35
0.10, -0.79, -0.54, 21.66, 22.39, -38.30
0.34, -0.82, -0.51, 22.19, 9.41, -35.25
0.46, -0.83, -0.42, 21.47, -7.28, -30.04
0.57, -0.79, -0.37, 14.39, -7.10, -13.30
0.73, -0.75, -0.32, 4.25, 16.08, 3.76
0.82, -0.73, -0.24, -10.99, 19.58, 14.48
0.76, -0.74, -0.17, -23.90, 27.38, 23.89
0.63, -0.79, -0.19, -40.28, 31.83, 29.23
0.42, -0.81, -0.24, -52.00, 38.44, 33.36
0.31, -0.78, -0.29, -55.84, 31.53, 32.95
0.28, -0.76, -0.35, -51.56, 6.24, 34.03
0.24, -0.77, -0.41, -37.90, -36.47, 22.67
0.09, -0.81, -0.49, -15.12, -64.00, 6.44
-0.14, -0.86, -0.59, -3.18, -52.51, -14.43
-0.33, -0.90, -0.62, -1.14, 4.20, -29.59
-0.25, -0.85, -0.56, 9.06, 32.40, -41.54
0.08, -0.81, -0.51, 18.15, 30.04, -40.64
0.37, -0.85, -0.48, 19.69, 6.53, -34.55
0.51, -0.86, -0.43, 19.54, -9.35, -28.74
0.59, -0.82, -0.37, 13.80, -4.07, -11.41
0.71, -0.77, -0.31, 5.20, 14.74, 3.09
0.79, -0.76, -0.22, -8.66, 22.79, 13.62
0.75, -0.78, -0.16, -22.84, 25.14, 22.98
0.64, -0.81, -0.18, -37.84, 23.48, 27.87
0.44, -0.82, -0.22, -47.51, 26.50, 30.79
0.31, -0.78, -0.28, -53.59, 37.21, 32.85
0.28, -0.78, -0.31, -53.63, 11.74, 30.92
0.22, -0.78, -0.36, -41.36, -28.02, 27.28
0.14, -0.78, -0.44, -22.14, -60.37, 6.84
-0.09, -0.83, -0.56, -7.65, -59.84, -9.01
-0.32, -0.87, -0.63, -5.14, -20.45, -27.70
-0.31, -0.82, -0.61, 10.05, 16.04, -41.41
-0.05, -0.77, -0.57, 21.29, 21.04, -43.40
0.27, -0.81, -0.53, 24.45, 4.37, -38.88
0.46, -0.85, -0.47, 23.80, -11.34, -28.21
0.61, -0.81, -0.38, 17.46, -5.94, -6.22
0.78, -0.77, -0.32, 8.12, 13.71, 2.42
0.84, -0.76, -0.23, -9.63, 21.64, 16.85
0.79, -0.78, -0.17, -24.30, 30.31, 25.45
0.66, -0.84, -0.18, -43.44, 31.87, 30.38
0.49, -0.85, -0.21, -55.37, 34.74, 33.55
0.32, -0.81, -0.28, -60.29, 35.71, 35.71
0.27, -0.78, -0.35, -56.62, 6.58, 31.58
0.20, -0.77, -0.41, -39.65, -38.11, 21.35
0.05, -0.80, -0.51, -15.84, -64.00, 0.79
-0.23, -0.85, -0.63, -3.66, -55.94, -18.36
-0.42, -0.88, -0.62, -2.44, 7.64, -37.02
-0.29, -0.82, -0.55, 8.91, 31.15, -47.26
0.06, -0.78, -0.51, 18.70, 25.50, -43.79
0.39, -0.81, -0.47, 19.74, -0.27, -36.94
0.54, -0.82, -0.40, 18.09, -20.76, -27.27
0.64, -0.78, -0.35, 11.77, -4.67, -5.40
0.75, -0.74, -0.28, -0.16, 11.93, 2.97
0.77, -0.74, -0.20, -14.83, 21.72, 15.72
0.73, -0.78, -0.18, -29.88, 29.51, 25.17
0.62, -0.82, -0.25, -43.95, 27.33, 30.82
0.44, -0.80, -0.27, -51.84, 31.04, 34.22
0.34, -0.77, -0.32, -53.74, 30.39, 35.93
0.30, -0.77, -0.36, -50.02, 1.90, 32.34
0.23, -0.78, -0.41, -36.78, -36.07, 24.43
0.08, -0.81, -0.49, -14.75, -53.96, 8.26
-0.14, -0.87, -0.60, -5.91, -42.74, -14.13
-0.35, -0.90, -0.64, -1.40, 5.50, -26.31
-0.26, -0.86, -0.57, 10.28, 31.09, -40.11
0.05, -0.81, -0.51, 21.57, 24.46, -41.60
0.30, -0.84, -0.50, 25.49, 2.91, -39.97
0.41, -0.86, -0.46, 22.32, -11.49, -34.61
0.50, -0.82, -0.39, 15.51, -0.83, -16.32
0.69, -0.77, -0.32, 6.18, 13.21, -3.63
0.80, -0.73, -0.24, -6.93, 18.77, 10.68
0.82, -0.73, -0.16, -19.91, 27.29, 21.50
0.75, -0.77, -0.16, -37.01, 28.05, 30.53
0.54, -0.81, -0.22, -51.48, 32.32, 34.81
0.35, -0.78, -0.27, -58.11, 40.00, 36.82
0.29, -0.76, -0.31, -60.31, 21.50, 37.56
0.27, -0.75, -0.38, -46.32, -23.97, 30.96
0.18, -0.78, -0.45, -25.65, -58.80, 18.87
-0.06, -0.84, -0.55, -11.05, -52.07, -0.57
-0.32, -0.89, -0.61, -6.91, -23.43, -22.42
-0.35, -0.87, -0.58, 0.05, 29.22, -30.44
-0.06, -0.82, -0.52, 11.69, 27.36, -38.71
0.25, -0.80, -0.49, 20.48, 10.88, -33.09
0.40, -0.83, -0.47, 21.20, -6.97, -32.65
0.43, -0.83, -0.43, 18.02, -13.71, -30.62
0.48, -0.81, -0.39, 10.54, -7.42, -17.75
0.59, -0.79, -0.34, 1.83, 4.13, -6.23
0.68, -0.77, -0.28, -9.96, 18.31, 9.56
0.75, -0.77, -0.21, -21.04, 25.84, 18.09
0.70, -0.79, -0.21, -33.32, 31.09, 27.08
0.53, -0.83, -0.24, -45.84, 33.76, 32.42
0.39, -0.81, -0.27, -50.99, 34.46, 34.45
0.34, -0.78, -0.33, -52.72, 15.16, 32.39
0.29, -0.79, -0.38, -44.77, -27.16, 28.87
0.16, -0.80, -0.43, -24.69, -50.28, 14.27
-0.05, -0.84, -0.55, -9.35, -56.93, -8.56
-0.33, -0.87, -0.65, -3.28, -21.25, -25.47
-0.37, -0.87, -0.62, 6.83, 28.59, -39.99
-0.11, -0.81, -0.55, 18.31, 34.69, -47.22
0.18, -0.82, -0.50, 23.63, 16.53, -46.13
0.40, -0.86, -0.46, 22.36, -6.54, -37.71
0.52, -0.82, -0.41, 19.23, -15.60, -22.42
0.67, -0.76, -0.36, 13.38, 7.94, -7.96
0.75, -0.72, -0.27, -0.50, 11.57, 0.28
0.72, -0.74, -0.17, -17.30, 29.53, 17.92
0.74, -0.77, -0.15, -31.58, 28.94, 24.28
0.63, -0.79, -0.19, -45.90, 28.17, 30.48
0.41, -0.80, -0.23, -56.01, 35.16, 33.68
0.33, -0.78, -0.27, -59.76, 37.73, 36.77
0.32, -0.78, -0.31, -58.59, 0.67, 32.84
0.30, -0.79, -0.37, -40.09, -44.93, 31.38
0.20, -0.81, -0.48, -19.34, -61.16, 17.91
-0.11, -0.84, -0.59, -7.21, -55.18, -13.43
-0.43, -0.88, -0.63, -1.92, -6.08, -27.53
-0.33, -0.87, -0.60, 6.57, 34.43, -40.72
0.03, -0.82, -0.55, 18.53, 26.84, -44.73
0.28, -0.82, -0.51, 22.95, 5.59, -40.48
0.45, -0.85, -0.46, 23.90, -7.68, -35.37
0.53, -0.82, -0.42, 18.85, -12.55, -21.35
0.64, -0.77, -0.37, 10.12, 8.02, -5.59
0.76, -0.75, -0.29, -3.09, 17.18, 7.59
0.79, -0.75, -0.19, -19.48, 34.67, 23.36
0.75, -0.77, -0.17, -35.59, 32.57, 27.46
0.56, -0.79, -0.21, -50.32, 32.99, 32.00
0.38, -0.78, -0.26, -57.85, 40.46, 35.09
0.31, -0.76, -0.31, -61.04, 25.53, 36.25
0.26, -0.75, -0.37, -47.43, -27.44, 28.33
0.16, -0.76, -0.45, -23.16, -59.07, 18.18
-0.02, -0.82, -0.58, -5.72, -63.71, -6.22
-0.34, -0.87, -0.63, -0.94, -27.22, -23.39
-0.35, -0.89, -0.56, 3.10, 36.23, -35.11
-0.05, -0.83, -0.50, 11.41, 42.54, -40.34
0.31, -0.80, -0.46, 18.68, 21.22, -35.69
0.48, -0.83, -0.42, 18.69, -6.97, -28.55
0.59, -0.83, -0.39, 15.52, -17.24, -16.95
0.65, -0.79, -0.36, 7.18, -3.65, 0.33
0.75, -0.77, -0.29, -4.85, 12.16, 13.46
0.78, -0.77, -0.21, -16.31, 26.03, 22.77
0.68, -0.79, -0.18, -34.65, 32.18, 28.40
0.52, -0.82, -0.21, -50.53, 36.34, 34.50
0.39, -0.80, -0.26, -59.15, 36.36, 38.72
0.34, -0.77, -0.32, -58.39, 2.21, 33.75
0.26, -0.77, -0.39, -40.70, -40.25, 26.89
0.12, -0.81, -0.51, -20.00, -58.64, 11.38
-0.18, -0.86, -0.61, -8.82, -49.37, -14.29
-0.42, -0.88, -0.65, -3.16, 1.55, -27.41
-0.30, -0.84, -0.61, 8.72, 37.06, -40.80
-0.00, -0.80, -0.55, 21.97, 33.65, -44.60
0.26, -0.82, -0.50, 24.26, 15.42, -41.56
0.42, -0.86, -0.44, 24.39, -8.08, -35.53
0.55, -0.82, -0.39, 18.56, -13.18, -17.25
0.70, -0.76, -0.34, 10.84, 11.13, -3.81
0.79, -0.73, -0.25, -4.40, 12.77, 5.49
0.76, -0.76, -0.15, -21.77, 33.27, 21.57
0.73, -0.79, -0.16, -37.31, 34.29, 26.98
0.54, -0.81, -0.21, -51.91, 35.76, 31.91
0.38, -0.79, -0.25, -58.82, 43.44, 34.32
0.32, -0.77, -0.30, -62.27, 26.40, 36.65
0.29, -0.76, -0.36, -50.54, -22.87, 30.73
0.20, -0.78, -0.43, -26.87, -58.57, 21.93
-0.01, -0.83, -0.54, -8.99, -64.00, -3.10
-0.34, -0.89, -0.61, -5.31, -33.55, -22.33
-0.41, -0.90, -0.59, -0.81, 19.41, -35.46
-0.11, -0.81, -0.53, 13.72, 27.45, -44.07
0.20, -0.79, -0.51, 21.62, 11.77, -43.36
0.40, -0.83, -0.49, 23.37, -4.79, -34.80
0.51, -0.83, -0.46, 22.99, -15.03, -29.11
0.58, -0.79, -0.43, 17.02, -3.02, -14.85
0.68, -0.76, -0.36, 6.66, 16.37, -0.66
0.76, -0.77, -0.25, -11.26, 34.55, 15.81
0.79, -0.78, -0.18, -23.94, 38.91, 21.76
0.67, -0.80, -0.19, -38.53, 34.82, 29.68
0.47, -0.82, -0.24, -49.85, 36.93, 31.28
0.29, -0.79, -0.29, -53.26, 28.70, 28.83
0.22, -0.77, -0.37, -49.80, 1.60, 26.38
0.15, -0.76, -0.43, -32.26, -43.03, 12.30
0.02, -0.79, -0.53, -8.91, -64.00, -5.47
-0.20, -0.84, -0.63, 3.76, -48.04, -21.98
-0.34, -0.87, -0.60, 10.94, 2.69, -45.41
-0.25, -0.86, -0.53, 22.38, 23.30, -57.11
0.03, -0.86, -0.51, 29.70, 10.55, -58.40
0.37, -0.87, -0.49, 26.38, -7.37, -39.34
0.70, -0.81, -0.43, 27.60, 12.64, -18.20
0.87, -0.73, -0.35, 22.98, -8.98, -21.19
0.72, -0.73, -0.22, 4.19, 14.73, 5.77
0.77, -0.77, -0.13, -17.15, 40.88, 18.96
0.80, -0.78, -0.11, -33.78, 43.77, 25.81
0.65, -0.77, -0.15, -47.92, 37.52, 33.11
0.48, -0.78, -0.20, -56.43, 30.89, 38.24
0.38, -0.78, -0.27, -55.81, 8.09, 38.89
0.28, -0.76, -0.37, -41.98, -20.62, 31.71
0.12, -0.79, -0.45, -25.22, -44.61, 13.96
-0.11, -0.88, -0.51, -13.74, -50.41, -5.22
-0.29, -0.91, -0.55, -5.88, -31.07, -24.09
-0.25, -0.87, -0.56, 6.36, 4.81, -40.20
-0.04, -0.82, -0.51, 17.49, 4.00, -48.64
0.20, -0.84, -0.48, 24.57, -5.91, -45.82
0.40, -0.86, -0.48, 22.07, -7.96, -30.26
0.62, -0.81, -0.42, 15.54, 8.08, -14.99
0.79, -0.74, -0.30, 4.21, 15.71, 2.62
0.89, -0.72, -0.17, -10.13, 20.86, 19.99
0.89, -0.74, -0.12, -26.70, 25.07, 27.68
0.73, -0.79, -0.16, -46.41, 29.58, 35.64
0.51, -0.80, -0.21, -59.93, 38.36, 39.94
0.38, -0.76, -0.28, -64.00, 38.31, 41.93
0.33, -0.75, -0.37, -58.42, 3.48, 36.98
0.21, -0.78, -0.44, -40.40, -30.27, 28.01
0.06, -0.85, -0.50, -28.19, -37.19, 16.21
-0.17, -0.87, -0.56, -14.05, -35.00, -10.88
-0.32, -0.88, -0.61, -3.68, 2.38, -21.18
-0.15, -0.86, -0.58, 5.07, 30.90, -30.44
0.12, -0.82, -0.49, 12.31, 24.05, -34.83
0.32, -0.82, -0.42, 13.98, 11.81, -25.58
0.55, -0.82, -0.37, 12.45, 1.55, -13.49
0.67, -0.78, -0.34, 5.61, 2.63, 1.60
0.76, -0.75, -0.28, -7.47, 12.05, 16.22
0.80, -0.77, -0.20, -21.83, 17.77, 25.82
0.74, -0.80, -0.16, -39.95, 19.09, 35.15
0.60, -0.80, -0.20, -53.17, 23.80, 40.82
0.46, -0.77, -0.27, -55.10, 24.31, 40.89
0.31, -0.77, -0.39, -49.44, -1.85, 30.38
0.10, -0.83, -0.48, -40.26, -17.01, 25.99
-0.10, -0.83, -0.58, -18.99, -34.97, -1.39
-0.31, -0.81, -0.68, 1.18, -33.53, -22.31
-0.36, -0.83, -0.67, 10.57, 15.20, -32.93
-0.19, -0.83, -0.57, 18.09, 37.09, -45.69
0.09, -0.81, -0.48, 21.25, 36.55, -43.72
0.37, -0.82, -0.38, 16.35, 20.17, -32.99
0.66, -0.83, -0.29, 11.19, 0.99, -12.20
0.90, -0.79, -0.26, -0.37, -2.62, 10.59
0.98, -0.75, -0.23, -13.41, 12.46, 25.23
0.89, -0.76, -0.15, -27.71, 22.61, 29.22
0.64, -0.83, -0.13, -50.07, 31.88, 36.04
0.43, -0.82, -0.21, -60.81, 36.61, 41.62
0.32, -0.76, -0.32, -60.44, 9.26, 36.43
0.22, -0.75, -0.42, -38.94, -39.22, 26.10
0.05, -0.80, -0.57, -14.59, -52.44, 12.96
-0.28, -0.85, -0.67, 0.39, -55.10, -20.53
-0.56, -0.87, -0.62, 5.15, 18.64, -30.96
-0.31, -0.83, -0.53, 11.70, 47.49, -42.96
0.12, -0.79, -0.45, 17.40, 32.15, -38.97
0.44, -0.81, -0.35, 15.69, 3.09, -25.78
0.66, -0.83, -0.33, 9.67, -11.40, -10.15
0.77, -0.79, -0.30, 0.81, -0.83, 7.23
0.84, -0.76, -0.25, -14.18, 14.77, 17.87
0.81, -0.79, -0.20, -27.86, 20.77, 25.76
0.64, -0.82, -0.21, -44.90, 24.80, 32.22
0.46, -0.81, -0.27, -54.93, 32.70, 36.40
0.34, -0.76, -0.34, -57.52, 24.57, 35.66
0.24, -0.76, -0.40, -44.81, -15.60, 25.51
0.08, -0.79, -0.50, -21.76, -50.19, 10.56
-0.15, -0.84, -0.64, -4.52, -45.44, -11.67
-0.42, -0.87, -0.66, -0.79, -2.99, -26.95
-0.37, -0.83, -0.56, 11.57, 38.43, -41.68
-0.02, -0.80, -0.48, 17.42, 38.58, -41.10
0.31, -0.85, -0.43, 16.16, 13.95, -33.43
0.54, -0.86, -0.38, 14.11, -1.11, -21.86
0.68, -0.80, -0.34, 7.42, -2.78, -3.32
0.80, -0.75, -0.28, -3.61, 16.28, 9.29
0.84, -0.75, -0.20, -17.82, 18.82, 17.45
0.75, -0.79, -0.17, -32.07, 20.32, 26.97
0.57, -0.83, -0.23, -48.54, 25.47, 31.12
0.40, -0.79, -0.29, -53.04, 33.20, 33.28
0.30, -0.76, -0.34, -54.67, 18.36, 29.06
0.21, -0.77, -0.39, -41.12, -23.96, 21.92
0.09, -0.81, -0.51, -16.41, -55.42, 9.05
-0.13, -0.84, -0.65, -1.65, -48.35, -12.52
-0.40, -0.87, -0.66, 5.00, 4.05, -28.01
-0.35, -0.83, -0.55, 14.91, 34.39, -43.86
0.00, -0.80, -0.48, 22.93, 31.16, -42.75
0.35, -0.84, -0.43, 21.53, 5.77, -33.10
0.58, -0.85, -0.37, 18.02, -14.31, -21.34
0.74, -0.75, -0.32, 9.90, 5.82, 1.67
0.83, -0.72, -0.25, -2.96, 11.41, 7.02
0.79, -0.78, -0.14, -18.21, 23.77, 19.35
0.71, -0.82, -0.15, -37.37, 25.41, 25.33
0.56, -0.83, -0.24, -50.49, 26.45, 32.17
0.37, -0.78, -0.29, -54.69, 33.72, 32.76
0.30, -0.75, -0.35, -56.51, 20.30, 31.31
0.25, -0.76, -0.40, -44.90, -18.24, 28.11
0.17, -0.78, -0.48, -21.25, -56.79, 10.88
-0.07, -0.84, -0.61, -4.16, -54.83, -4.76
-0.37, -0.88, -0.70, 0.97, -11.90, -27.34
-0.44, -0.85, -0.62, 15.04, 34.13, -43.81
-0.11, -0.81, -0.51, 24.89, 34.62, -50.02
0.26, -0.86, -0.46, 25.80, 8.21, -42.91
0.50, -0.89, -0.41, 23.11, -20.65, -29.82
0.69, -0.81, -0.36, 14.48, 0.75, -6.12
0.83, -0.74, -0.27, 6.60, 7.99, -6.26
0.79, -0.74, -0.16, -12.55, 19.50, 16.94
0.78, -0.79, -0.12, -30.83, 31.39, 24.39
0.71, -0.81, -0.17, -46.19, 25.73, 29.62
0.48, -0.78, -0.23, -56.16, 28.30, 34.78
0.34, -0.75, -0.31, -60.34, 28.53, 33.81
0.28, -0.75, -0.33, -56.06, -11.78, 27.69
0.21, -0.77, -0.42, -34.27, -46.77, 22.05
0.05, -0.81, -0.56, -16.32, -45.33, 8.93
-0.21, -0.84, -0.62, -7.04, -30.73, -18.26
-0.42, -0.86, -0.60, -1.39, 15.96, -25.25
-0.20, -0.83, -0.54, 8.67, 39.62, -33.96
0.18, -0.79, -0.47, 16.79, 24.74, -32.21
0.40, -0.82, -0.42, 17.55, 6.72, -24.75
0.53, -0.84, -0.37, 15.02, -8.32, -18.84
0.58, -0.82, -0.33, 7.86, -2.74, -5.80
0.68, -0.80, -0.29, -4.68, 10.36, 8.25
0.76, -0.80, -0.23, -18.20, 18.76, 16.03
0.72, -0.82, -0.20, -32.17, 19.90, 24.62
0.58, -0.83, -0.22, -47.43, 21.05, 31.45
0.44, -0.80, -0.27, -53.72, 20.68, 35.05
0.36, -0.76, -0.34, -52.02, -3.61, 31.02
0.25, -0.79, -0.41, -37.65, -41.81, 18.39
0.04, -0.84, -0.54, -23.23, -43.29, 10.04
-0.22, -0.84, -0.64, -12.26, -39.52, -22.65
-0.43, -0.81, -0.68, 0.44, 8.83, -28.83
-0.26, -0.78, -0.63, 14.74, 29.05, -45.72
0.03, -0.80, -0.55, 23.79, 18.39, -45.73
0.25, -0.86, -0.50, 22.81, 6.76, -39.45
0.46, -0.87, -0.41, 20.39, -3.08, -28.97
0.63, -0.80, -0.34, 16.37, -9.36, -11.81
0.80, -0.73, -0.30, 3.45, 14.95, 3.34
0.87, -0.73, -0.20, -10.40, 18.52, 12.64
0.80, -0.78, -0.11, -25.68, 24.31, 23.34
0.67, -0.84, -0.15, -43.80, 27.92, 29.04
0.48, -0.83, -0.23, -53.85, 34.65, 32.37
0.35, -0.77, -0.28, -58.39, 36.94, 32.13
0.29, -0.77, -0.32, -58.68, 5.57, 31.08
0.23, -0.78, -0.39, -38.98, -50.25, 18.75
0.07, -0.81, -0.49, -15.76, -64.00, 4.69
-0.20, -0.87, -0.63, -7.54, -55.41, -21.86
-0.49, -0.89, -0.65, -1.89, -0.54, -39.52
-0.39, -0.82, -0.57, 14.80, 21.93, -57.98
-0.01, -0.81, -0.55, 24.76, 12.46, -59.04
0.35, -0.87, -0.52, 25.43, -11.66, -48.80
0.58, -0.86, -0.44, 23.92, -26.93, -24.95
0.82, -0.75, -0.36, 21.68, 11.14, -8.26
0.92, -0.68, -0.28, 6.47, -1.31, 0.09
0.81, -0.72, -0.15, -15.07, 31.31, 23.14
0.81, -0.78, -0.14, -34.62, 33.50, 27.46
0.63, -0.79, -0.17, -53.71, 31.99, 35.56
0.41, -0.75, -0.24, -62.72, 33.40, 37.63
0.30, -0.72, -0.34, -62.06, 19.66, 35.06
0.24, -0.72, -0.42, -50.65, -20.13, 30.12
0.13, -0.76, -0.51, -29.25, -38.09, 19.77
-0.04, -0.82, -0.62, -17.95, -38.09, 0.70
-0.28, -0.86, -0.63, -6.40, -26.33, -18.09
-0.31, -0.85, -0.61, 3.59, 24.18, -25.75
-0.05, -0.82, -0.53, 12.29, 28.03, -37.66
0.20, -0.84, -0.46, 18.44, 15.03, -35.18
0.39, -0.86, -0.44, 19.21, -5.12, -32.01
0.50, -0.85, -0.40, 14.70, -10.57, -19.77
0.64, -0.82, -0.34, 4.32, -1.35, -0.76
0.81, -0.75, -0.25, -7.39, 16.62, 14.77
0.88, -0.76, -0.19, -20.14, 21.18, 21.99
0.75, -0.77, -0.17, -36.96, 24.28, 31.98
0.54, -0.81, -0.20, -53.58, 34.89, 36.53
0.41, -0.78, -0.28, -61.25, 30.82, 37.37
0.31, -0.75, -0.36, -61.87, 9.46, 36.86
0.19, -0.75, -0.44, -43.05, -43.67, 18.46
-0.01, -0.80, -0.54, -20.84, -61.41, 5.86
-0.25, -0.85, -0.69, -4.72, -48.90, -22.00
-0.45, -0.85, -0.71, 3.46, 10.10, -34.06
-0.30, -0.82, -0.61, 15.35, 38.49, -47.46
0.06, -0.81, -0.54, 23.84, 35.51, -45.12
0.36, -0.83, -0.49, 21.56, 11.37, -39.05
0.53, -0.83, -0.41, 21.88, -16.37, -28.58
0.67, -0.77, -0.36, 12.95, -5.06, -2.89
0.85, -0.73, -0.29, 3.05, 10.98, 2.40
0.83, -0.73, -0.17, -14.60, 15.76, 17.86
0.74, -0.77, -0.14, -31.49, 32.19, 28.38
0.64, -0.81, -0.21, -49.40, 33.31, 33.55
0.46, -0.77, -0.26, -57.65, 41.57, 38.61
0.35, -0.73, -0.31, -62.26, 32.55, 39.28
0.29, -0.74, -0.36, -54.43, -19.06, 31.91
0.18, -0.77, -0.46, -25.36, -64.00, 19.21
-0.05, -0.82, -0.63, -5.42, -64.00, -1.84
-0.44, -0.86, -0.74, 1.81, -32.07, -28.47
-0.55, -0.84, -0.63, 15.27, 33.95, -44.37
-0.19, -0.80, -0.56, 26.20, 39.37, -52.54
0.20, -0.83, -0.50, 28.67, 11.92, -47.42
0.50, -0.87, -0.42, 28.67, -22.19, -31.89
0.71, -0.82, -0.37, 22.97, -10.50, -6.15
0.89, -0.75, -0.30, 14.07, 3.47, -1.76
0.86, -0.78, -0.18, -6.37, 17.38, 17.69
0.80, -0.80, -0.12, -27.09, 33.56, 26.48
0.72, -0.84, -0.15, -44.67, 32.73, 30.55
0.51, -0.82, -0.21, -57.25, 36.69, 36.18
0.36, -0.77, -0.29, -62.05, 30.54, 35.85
0.27, -0.75, -0.35, -56.09, -7.93, 31.32
0.19, -0.77, -0.44, -34.19, -47.07, 21.12
0.02, -0.82, -0.57, -17.86, -58.49, 5.40
-0.28, -0.83, -0.68, -2.83, -42.81, -23.87
-0.45, -0.81, -0.66, 6.17, 15.58, -32.74
-0.23, -0.78, -0.57, 16.85, 38.08, -43.13
0.14, -0.79, -0.49, 22.79, 29.28, -39.12
0.43, -0.82, -0.44, 21.67, 2.77, -29.53
0.58, -0.83, -0.37, 16.45, -7.72, -12.56
0.75, -0.80, -0.30, 7.20, -0.95, 4.05
0.88, -0.79, -0.25, -5.98, 7.97, 18.58
0.82, -0.80, -0.20, -22.63, 19.12, 26.29
0.67, -0.84, -0.18, -42.83, 26.84, 32.01
0.47, -0.84, -0.22, -53.78, 34.87, 35.62
0.36, -0.79, -0.31, -60.64, 28.82, 34.54
0.23, -0.77, -0.41, -54.60, -12.16, 24.28
0.06, -0.76, -0.50, -31.81, -50.44, 5.13
-0.16, -0.81, -0.66, -8.60, -60.54, -15.73
-0.40, -0.83, -0.74, 2.17, -15.97, -35.09
-0.41, -0.79, -0.65, 14.82, 27.77, -49.83
-0.12, -0.78, -0.56, 24.43, 37.05, -49.44
0.25, -0.81, -0.50, 23.80, 18.86, -42.89
0.50, -0.83, -0.40, 21.79, -6.13, -23.50
0.75, -0.78, -0.32, 16.44, 0.17, -2.11
0.94, -0.73, -0.24, 5.61, 4.47, 8.44
0.92, -0.73, -0.15, -13.51, 18.04, 21.38
0.81, -0.78, -0.11, -32.16, 27.52, 29.33
0.63, -0.83, -0.16, -53.55, 33.23, 36.10
0.45, -0.80, -0.23, -62.92, 42.65, 40.00
0.35, -0.76, -0.30, -64.00, 28.19, 40.76
0.26, -0.75, -0.40, -48.88, -35.52, 28.84
0.10, -0.77, -0.55, -23.77, -56.00, 23.83
-0.15, -0.81, -0.70, -2.31, -57.11, -10.70
-0.50, -0.86, -0.70, 3.73, -15.48, -27.98
-0.47, -0.86, -0.60, 12.04, 39.43, -43.35
-0.12, -0.81, -0.54, 21.96, 39.33, -46.61
0.25, -0.81, -0.49, 24.39, 15.64, -43.09
0.46, -0.85, -0.43, 21.33, -13.97, -30.04
0.65, -0.83, -0.36, 15.06, -13.15, -7.36
0.85, -0.76, -0.29, 7.80, 5.47, 6.07
0.92, -0.74, -0.19, -12.34, 17.17, 18.78
0.85, -0.77, -0.11, -28.69, 26.94, 28.54
0.71, -0.81, -0.14, -49.74, 30.84, 35.29
0.49, -0.81, -0.22, -63.92, 41.66, 40.43
0.33, -0.75, -0.29, -64.00, 35.85, 38.57
0.24, -0.72, -0.40, -60.15, -17.55, 30.21
0.11, -0.71, -0.54, -29.94, -57.10, 20.24
-0.08, -0.76, -0.69, -5.65, -59.29, -2.06
-0.40, -0.84, -0.71, 2.11, -29.23, -21.58
-0.45, -0.87, -0.60, 6.67, 39.08, -31.44
-0.08, -0.81, -0.53, 15.31, 45.96, -35.17
0.28, -0.79, -0.46, 20.02, 26.30, -27.86
0.50, -0.82, -0.40, 17.21, 1.92, -20.02
0.60, -0.82, -0.33, 11.42, -4.63, -6.75
0.68, -0.79, -0.27, 3.60, -4.72, 2.63
0.72, -0.78, -0.24, -9.62, 6.25, 13.79
0.65, -0.78, -0.23, -22.35, 15.88, 16.20
0.49, -0.79, -0.23, -38.49, 23.27, 21.43
0.36, -0.79, -0.28, -44.47, 25.61, 23.55
0.30, -0.74, -0.36, -42.51, 11.78, 22.62
0.27, -0.73, -0.44, -35.27, -2.07, 21.54
0.21, -0.75, -0.50, -26.54, -19.91, 14.35
0.12, -0.77, -0.53, -21.23, -11.56, 9.78
0.06, -0.78, -0.52, -16.99, 8.55, 3.54
0.06, -0.84, -0.49, -16.88, 24.42, -1.03
0.14, -0.83, -0.48, -14.28, 28.60, 0.36
0.29, -0.84, -0.45, -12.45, 17.87, 2.01
0.40, -0.85, -0.43, -12.00, 7.74, 3.67
0.42, -0.85, -0.42, -13.30, 2.04, 2.69
0.40, -0.83, -0.40, -16.46, 5.21, 2.59
0.37, -0.83, -0.39, -21.91, 9.93, 4.97
0.35, -0.81, -0.39, -26.69, 14.23, 7.90
0.35, -0.79, -0.39, -30.70, 14.84, 9.67
0.34, -0.77, -0.38, -33.15, 11.08, 9.72
0.32, -0.74, -0.39, -32.54, 6.07, 11.50
0.29, -0.72, -0.41, -32.28, 1.80, 12.84
0.27, -0.74, -0.42, -30.63, -4.70, 13.96
0.25, -0.76, -0.44, -29.25, -6.00, 16.63
0.23, -0.78, -0.45, -26.85, -5.41, 15.49
0.21, -0.77, -0.46, -25.84, 0.09, 14.18
0.20, -0.77, -0.46, -23.42, 3.59, 11.63
0.20, -0.77, -0.46, -23.42, 4.64, 10.18
0.23, -0.78, -0.46, -23.28, 4.14, 10.58
0.25, -0.80, -0.45, -21.53, -1.38, 12.11
0.27, -0.80, -0.45, -21.54, -5.61, 13.50
0.26, -0.80, -0.45, -21.47, -7.49, 15.21
0.26, -0.79, -0.45, -22.70, -7.47, 15.14
0.26, -0.78, -0.44, -23.28, -3.32, 16.90
0.25, -0.77, -0.44, -24.92, -1.22, 16.02
0.24, -0.76, -0.45, -25.96, 0.90, 17.94
0.24, -0.76, -0.44, -27.40, 0.06, 19.15
0.24, -0.77, -0.44, -26.72, -3.69, 20.67
0.23, -0.78, -0.46, -26.10, -9.76, 22.37
0.22, -0.79, -0.47, -26.40, -15.36, 24.28
0.22, -0.78, -0.47, -25.44, -20.77, 24.33
0.21, -0.77, -0.48, -23.42, -21.06, 23.79
0.20, -0.78, -0.48, -23.44, -19.40, 23.75
0.18, -0.79, -0.48, -24.36, -14.49, 22.63
0.16, -0.79, -0.49, -23.95, -12.96, 21.36
0.13, -0.78, -0.49, -25.25, -16.82, 19.96
0.13, -0.79, -0.49, -25.81, -26.32, 20.20
0.13, -0.78, -0.50, -25.00, -38.24, 21.13
0.15, -0.78, -0.51, -22.90, -51.57, 22.87
0.16, -0.78, -0.50, -20.69, -63.28, 23.33
0.14, -0.78, -0.50, -17.62, -64.00, 23.45
0.12, -0.79, -0.51, -17.55, -64.00, 23.25
0.08, -0.79, -0.51, -17.68, -61.65, 23.48
0.06, -0.78, -0.51, -18.36, -54.61, 25.85
0.04, -0.77, -0.50, -19.83, -47.33, 26.75
0.04, -0.75, -0.48, -21.35, -42.69, 28.58
0.03, -0.72, -0.47, -21.78, -38.43, 28.59
0.03, -0.70, -0.47, -23.78, -34.72, 27.85
0.03, -0.69, -0.49, -25.05, -27.94, 29.37
0.05, -0.70, -0.51, -28.50, -24.67, 30.56
0.05, -0.71, -0.51, -31.65, -18.18, 34.56
0.05, -0.70, -0.51, -33.91, -11.59, 38.88
0.04, -0.70, -0.48, -36.71, -10.21, 43.74
0.03, -0.72, -0.47, -37.69, -15.03, 48.42
0.02, -0.76, -0.49, -36.50, -31.64, 51.72
0.02, -0.79, -0.51, -36.63, -54.32, 57.28
-0.00, -0.80, -0.53, -31.04, -64.00, 58.21
-0.03, -0.78, -0.51, -24.42, -64.00, 58.80
-0.06, -0.75, -0.49, -23.94, -64.00, 59.60
-0.10, -0.76, -0.50, -21.50, -64.00, 60.31
-0.14, -0.76, -0.53, -14.79, -64.00, 57.16
-0.19, -0.72, -0.55, -8.58, -64.00, 53.16
-0.24, -0.73, -0.55, -6.65, -58.26, 51.07
-0.26, -0.78, -0.52, -6.65, -57.03, 50.21
-0.25, -0.79, -0.49, -4.85, -64.00, 45.13
-0.24, -0.76, -0.48, -4.61, -64.00, 44.68
-0.23, -0.74, -0.47, -2.54, -64.00, 43.10
-0.25, -0.75, -0.46, -1.58, -64.00, 37.23
-0.30, -0.76, -0.44, -4.34, -64.00, 36.40
-0.34, -0.78, -0.44, -5.55, -64.00, 34.22
-0.37, -0.77, -0.42, -9.19, -64.00, 34.98
-0.40, -0.75, -0.41, -8.56, -64.00, 30.21
-0.44, -0.73, -0.41, -9.74, -64.00, 28.72
-0.47, -0.72, -0.40, -12.76, -61.48, 25.02
-0.47, -0.73, -0.38, -13.29, -58.47, 24.59
-0.46, -0.74, -0.35, -16.27, -61.02, 21.47
-0.45, -0.74, -0.35, -17.02, -64.00, 18.48
-0.45, -0.73, -0.35, -18.89, -64.00, 19.84
-0.43, -0.72, -0.36, -17.57, -64.00, 20.43
-0.44, -0.70, -0.37, -11.39, -64.00, 19.13
-0.48, -0.67, -0.37, -6.60, -64.00, 17.91
-0.53, -0.66, -0.35, -6.38, -61.00, 16.58
-0.54, -0.67, -0.33, -7.59, -49.59, 16.74
-0.52, -0.68, -0.32, -8.32, -41.76, 17.24
-0.51, -0.66, -0.32, -5.89, -45.42, 16.02
-0.51, -0.64, -0.31, -5.96, -47.23, 16.83
-0.52, -0.64, -0.30, -2.99, -48.95, 16.29
-0.53, -0.63, -0.28, -1.77, -49.09, 16.33
-0.55, -0.63, -0.27, -4.04, -42.36, 16.91
-0.56, -0.63, -0.25, -4.42, -31.35, 17.28
-0.59, -0.63, -0.24, -3.04, -19.15, 16.88
-0.60, -0.64, -0.26, -4.83, -8.21, 16.16
-0.60, -0.65, -0.27, -8.47, 0.24, 15.82
-0.60, -0.66, -0.26, -8.51, 0.18, 13.14
-0.58, -0.67, -0.25, -8.83, -3.20, 12.19
-0.57, -0.69, -0.25, -11.27, -8.96, 11.15
-0.57, -0.70, -0.25, -12.37, -16.86, 8.47
-0.57, -0.70, -0.24, -14.75, -21.61, 5.38
-0.58, -0.70, -0.24, -13.56, -22.53, 5.60
-0.58, -0.70, -0.23, -13.38, -16.22, 5.75
-0.60, -0.69, -0.22, -14.79, -4.00, 1.83
-0.62, -0.67, -0.21, -14.47, 4.90, 0.34
-0.59, -0.66, -0.20, -15.43, 10.63, -0.39
-0.60, -0.64, -0.21, -15.15, 6.59, 0.03
-0.57, -0.63, -0.20, -14.51, -1.44, -0.56
-0.57, -0.62, -0.20, -13.60, -7.31, 0.93
-0.57, -0.61, -0.20, -12.47, -8.58, 1.55
-0.58, -0.60, -0.20, -12.90, -5.67, 0.79
-0.59, -0.61, -0.20, -14.47, 0.89, 2.41
-0.60, -0.63, -0.20, -15.18, 5.22, 2.24
-0.59, -0.63, -0.22, -16.39, 8.14, 0.93
-0.58, -0.63, -0.22, -15.53, 7.18, 2.44
-0.57, -0.64, -0.22, -14.43, 4.73, 3.50
-0.57, -0.64, -0.22, -14.04, 1.21, 1.56
-0.58, -0.64, -0.22, -14.15, 0.11, 1.40
-0.58, -0.64, -0.21, -13.01, -0.66, 2.93
-0.59, -0.64, -0.21, -14.36, 2.08, 5.11
-0.60, -0.64, -0.21, -13.73, 5.00, 4.04
-0.60, -0.63, -0.21, -13.31, 6.03, 2.60
-0.60, -0.62, -0.21, -13.94, 5.21, 3.05
-0.59, -0.62, -0.21, -12.85, 4.65, 2.96
-0.59, -0.63, -0.22, -12.74, 5.29, 3.42
-0.60, -0.63, -0.21, -13.56, 7.59, 2.00
-0.61, -0.63, -0.20, -13.98, 9.44, 2.26
-0.60, -0.63, -0.21, -14.67, 9.98, 2.12
-0.60, -0.62, -0.21, -15.07, 10.91, 0.57
-0.59, -0.62, -0.21, -13.98, 9.45, 0.89
-0.59, -0.62, -0.22, -14.75, 9.50, 1.27
-0.60, -0.62, -0.22, -13.73, 10.60, 1.19
-0.60, -0.62, -0.22, -13.48, 10.29, 1.55
-0.59, -0.62, -0.21, -13.49, 8.87, 1.95
-0.58, -0.62, -0.22, -13.65, 6.65, 1.65
-0.58, -0.62, -0.23, -11.23, 7.08, 1.53
-0.58, -0.62, -0.23, -12.01, 10.25, 2.07
-0.58, -0.62, -0.23, -11.60, 12.99, 2.40
-0.59, -0.62, -0.23, -10.78, 15.37, 2.03
-0.59, -0.62, -0.23, -11.14, 15.46, 1.10
-0.59, -0.62, -0.23, -12.03, 10.63, 2.32
-0.58, -0.63, -0.23, -11.87, 5.15, 3.52
-0.58, -0.63, -0.23, -11.90, 1.08, 1.89
-0.58, -0.62, -0.23, -11.81, -2.70, -0.68
-0.60, -0.62, -0.23, -11.53, -3.59, 0.72
-0.61, -0.63, -0.23, -10.90, 0.91, 0.65
-0.63, -0.63, -0.23, -11.24, 4.91, -1.03
-0.63, -0.62, -0.23, -11.46, 7.67, -2.54
-0.62, -0.62, -0.23, -10.06, 7.92, -3.50
-0.61, -0.62, -0.23, -9.27, 8.00, -3.75
-0.60, -0.62, -0.23, -10.37, 7.51, -4.99
-0.60, -0.63, -0.23, -10.27, 7.68, -4.74
-0.60, -0.62, -0.23, -9.08, 8.46, -5.22
-0.59, -0.62, -0.24, -9.00, 9.07, -3.82
-0.59, -0.62, -0.23, -9.18, 9.54, -5.47
-0.58, -0.63, -0.23, -10.10, 11.29, -3.97
-0.57, -0.63, -0.22, -10.13, 13.61, -3.50
-0.58, -0.63, -0.23, -9.59, 16.13, -2.37
-0.57, -0.63, -0.23, -10.72, 15.91, -1.99
-0.56, -0.63, -0.22, -11.11, 12.91, -1.96
-0.55, -0.63, -0.22, -11.29, 10.94, -0.40
-0.56, -0.63, -0.23, -12.32, 6.74, -0.11
-0.56, -0.63, -0.23, -11.96, 3.85, 0.47
-0.56, -0.63, -0.22, -11.52, 1.67, 1.56
-0.56, -0.63, -0.22, -10.99, 1.05, 1.34
-0.57, -0.63, -0.23, -11.48, 3.39, 0.75
-0.58, -0.63, -0.23, -11.37, 3.76, 0.31
-0.58, -0.63, -0.23, -12.27, 5.44, 0.29
-0.58, -0.63, -0.22, -13.12, 4.29, 1.27
-0.58, -0.64, -0.22, -12.14, 2.96, 1.65
-0.57, -0.63, -0.23, -12.49, 1.77, 1.29
-0.58, -0.63, -0.23, -12.80, 1.40, -0.09
-0.58, -0.63, -0.23, -12.47, 1.13, -0.68
-0.58, -0.63, -0.24, -12.68, 2.48, 0.23
-0.59, -0.63, -0.23, -12.57, 4.78, -0.54
-0.60, -0.63, -0.23, -13.55, 5.70, -1.13
-0.59, -0.63, -0.23, -12.98, 5.62, -2.06
-0.58, -0.63, -0.24, -12.38, 5.09, -0.41
-0.58, -0.63, -0.24, -11.88, 5.00, -0.77
-0.58, -0.63, -0.24, -11.23, 5.26, -1.74
-0.58, -0.63, -0.24, -10.95, 4.92, -2.26
-0.58, -0.63, -0.24, -11.20, 4.94, -1.46
-0.58, -0.64, -0.24, -12.32, 4.87, -1.46
-0.58, -0.64, -0.24, -11.82, 5.53, -1.10
-0.58, -0.63, -0.24, -10.92, 6.47, -1.60
-0.58, -0.63, -0.24, -10.55, 6.87, -1.91
-0.58, -0.63, -0.24, -10.99, 6.34, -1.66
-0.58, -0.63, -0.23, -11.60, 6.39, -0.52
-0.58, -0.63, -0.23, -11.34, 6.46, -1.10
-0.57, -0.63, -0.23, -11.39, 6.87, -1.45
-0.56, -0.63, -0.23, -11.12, 4.52, -1.70
-0.56, -0.63, -0.23, -10.51, 4.10, -1.17
-0.56, -0.63, -0.22, -11.52, 3.93, -1.25
-0.57, -0.64, -0.22, -11.66, 5.66, -0.79
-0.57, -0.64, -0.22, -11.73, 5.20, -0.31
-0.56, -0.64, -0.23, -11.74, 4.94, -0.93
-0.56, -0.64, -0.23, -11.12, 4.05, 0.29
-0.56, -0.64, -0.23, -11.58, 3.28, -0.19
-0.56, -0.64, -0.22, -12.00, 3.92, 0.76
-0.57, -0.64, -0.22, -12.21, 4.09, -0.07
-0.57, -0.64, -0.23, -12.65, 3.63, 0.78
-0.57, -0.64, -0.23, -13.08, 3.38, 0.28
-0.57, -0.63, -0.23, -13.40, 2.92, 0.22
-0.57, -0.63, -0.23, -13.07, 2.76, 0.28
-0.58, -0.63, -0.23, -12.76, 3.07, -0.99
-0.58, -0.64, -0.23, -12.52, 3.91, -0.63
-0.58, -0.64, -0.23, -13.48, 4.01, -2.14
-0.58, -0.64, -0.23, -13.02, 3.80, -1.72
-0.57, -0.64, -0.24, -13.29, 3.56, -1.03
-0.57, -0.64, -0.24, -12.87, 4.57, -1.49
-0.58, -0.64, -0.24, -12.52, 5.57, -0.21
-0.58, -0.64, -0.24, -12.19, 7.24, -0.83
-0.58, -0.63, -0.24, -11.70, 8.83, -1.34
-0.57, -0.64, -0.24, -12.04, 8.65, -1.40
-0.57, -0.64, -0.24, -12.15, 8.44, -0.77
-0.56, -0.64, -0.24, -11.54, 6.88, 0.68
-0.56, -0.65, -0.24, -12.03, 6.07, 0.07
-0.57, -0.65, -0.24, -11.70, 5.13, 0.25
-0.57, -0.64, -0.24, -11.45, 5.57, -1.46
-0.58, -0.64, -0.24, -12.29, 7.02, -2.33
-0.58, -0.64, -0.24, -11.69, 7.80, -1.80
-0.58, -0.64, -0.23, -11.16, 9.92, -2.54
-0.58, -0.63, -0.23, -11.94, 10.40, -2.73
-0.57, -0.63, -0.23, -10.74, 9.22, -4.29
-0.56, -0.63, -0.23, -11.31, 8.12, -3.12
-0.55, -0.64, -0.23, -11.59, 7.45, -1.01
-0.55, -0.64, -0.23, -10.37, 5.82, -1.98
-0.55, -0.63, -0.23, -11.57, 6.10, -1.91
-0.55, -0.64, -0.23, -11.50, 5.00, -2.07
-0.55, -0.64, -0.23, -11.81, 4.10, -1.08
-0.55, -0.64, -0.23, -12.05, 4.54, -0.30
-0.55, -0.64, -0.24, -12.34, 3.92, -0.84
-0.55, -0.65, -0.24, -12.08, 4.12, 0.07
-0.55, -0.65, -0.23, -12.66, 4.87, -0.46
-0.56, -0.65, -0.23, -13.09, 4.85, -0.88
-0.56, -0.65, -0.23, -13.09, 5.83, 0.23
-0.56, -0.65, -0.23, -14.03, 4.70, 1.16
-0.55, -0.65, -0.23, -13.80, 4.17, 0.32
-0.55, -0.65, -0.24, -13.09, 3.47, -0.27
-0.56, -0.64, -0.24, -13.31, 3.65, -0.01
-0.56, -0.64, -0.24, -13.19, 3.92, -0.75
-0.57, -0.65, -0.24, -13.31, 5.19, -0.94
-0.57, -0.65, -0.24, -13.64, 5.54, -1.25
-0.56, -0.65, -0.24, -13.91, 4.12, -1.14
-0.56, -0.65, -0.24, -12.88, 4.29, -1.14
-0.56, -0.64, -0.24, -12.43, 4.39, -1.94
-0.56, -0.64, -0.24, -12.95, 3.61, -1.39
-0.56, -0.65, -0.24, -13.01, 4.50, -1.06
-0.56, -0.64, -0.24, -13.25, 4.95, -0.30
-0.56, -0.65, -0.24, -13.97, 5.27, -0.89
-0.56, -0.65, -0.24, -13.60, 4.82, -0.76
-0.56, -0.65, -0.24, -13.67, 4.48, 0.51
-0.56, -0.65, -0.24, -13.71, 5.70, -0.15
-0.56, -0.64, -0.25, -13.33, 7.85, -1.41
-0.56, -0.64, -0.25, -13.04, 11.76, -0.53
-0.56, -0.65, -0.24, -13.79, 13.25, -1.12
-0.56, -0.65, -0.24, -14.97, 14.01, -0.93
-0.56, -0.65, -0.25, -14.69, 12.82, -0.26
-0.55, -0.65, -0.25, -15.24, 9.33, -0.33
-0.54, -0.65, -0.25, -14.54, 5.18, -0.32
-0.53, -0.64, -0.25, -14.06, 1.05, -0.72
-0.54, -0.64, -0.26, -14.24, 0.48, -1.27
-0.55, -0.65, -0.25, -13.44, 1.70, 0.61
-0.55, -0.65, -0.25, -13.79, 4.45, 1.23
-0.55, -0.65, -0.25, -13.69, 4.04, 1.02
-0.55, -0.64, -0.25, -12.79, 3.81, 0.57
-0.54, -0.64, -0.25, -13.23, 1.35, 0.05
-0.54, -0.64, -0.25, -13.67, 0.01, 0.43
-0.55, -0.64, -0.25, -13.38, 0.22, 1.18
-0.56, -0.64, -0.25, -13.88, 2.36, 0.69
-0.57, -0.64, -0.25, -14.43, 4.11, -0.47
-0.57, -0.64, -0.25, -13.65, 4.48, -0.77
-0.56, -0.64, -0.25, -14.34, 4.93, -0.46
-0.55, -0.65, -0.26, -13.74, 4.63, 0.23
-0.55, -0.65, -0.25, -12.94, 2.96, 0.82
-0.55, -0.64, -0.26, -13.72, 3.55, -0.67
-0.56, -0.65, -0.25, -13.02, 1.77, -0.68
-0.56, -0.65, -0.25, -13.47, 2.23, -1.30
-0.56, -0.65, -0.26, -13.22, 2.65, 0.14
-0.56, -0.65, -0.26, -12.60, 4.50, 0.04
-0.56, -0.64, -0.26, -12.10, 5.60, -1.02
-0.56, -0.64, -0.26, -12.65, 5.84, -1.55
-0.55, -0.65, -0.25, -12.64, 4.76, -1.04
-0.54, -0.65, -0.25, -12.43, 4.86, -0.81
-0.54, -0.65, -0.26, -11.25, 3.09, 0.25
-0.54, -0.64, -0.25, -11.31, 3.49, -0.03
-0.54, -0.64, -0.25, -11.39, 3.26, -0.01
-0.55, -0.65, -0.25, -12.26, 3.61, 0.76
-0.55, -0.64, -0.25, -11.16, 3.37, 0.36
-0.55, -0.65, -0.25, -12.11, 4.17, 0.78
-0.55, -0.65, -0.25, -11.86, 3.48, 1.08
-0.55, -0.65, -0.25, -10.75, 3.94, -0.23
-0.55, -0.65, -0.25, -11.74, 3.05, 0.45
-0.55, -0.65, -0.25, -12.08, 2.89, 0.52
-0.55, -0.65, -0.25, -12.38, 2.39, 0.83
-0.56, -0.65, -0.24, -12.63, 2.32, -0.16
-0.56, -0.65, -0.24, -12.79, 3.24, -0.76
-0.56, -0.65, -0.25, -13.24, 3.33, -0.79
-0.56, -0.64, -0.25, -12.70, 3.94, -1.27
-0.56, -0.65, -0.25, -13.15, 4.77, -2.04
-0.55, -0.65, -0.25, -13.70, 4.28, -1.60
-0.55, -0.65, -0.25, -13.54, 3.44, -0.06
-0.54, -0.65, -0.25, -13.10, 3.14, -0.02
-0.54, -0.65, -0.25, -13.75, 3.47, -0.21
-0.55, -0.65, -0.25, -13.58, 3.69, -0.08
-0.55, -0.64, -0.25, -12.65, 3.99, -0.01
-0.55, -0.64, -0.25, -12.75, 3.04, 0.59
-0.55, -0.65, -0.25, -13.64, 4.05, 1.22
-0.54, -0.65, -0.25, -12.67, 3.65, 1.26
-0.54, -0.65, -0.25, -12.78, 2.74, 1.24
-0.55, -0.65, -0.25, -12.99, 2.50, 1.53
-0.55, -0.65, -0.25, -13.27, 2.04, 1.36
-0.56, -0.65, -0.24, -13.37, 1.53, 0.26
-0.56, -0.65, -0.25, -13.68, 1.86, -0.29
-0.56, -0.65, -0.25, -12.99, 2.95, -0.34
-0.56, -0.64, -0.25, -13.74, 4.08, -1.14
-0.56, -0.64, -0.25, -12.88, 4.88, -1.72
-0.56, -0.64, -0.25, -12.91, 4.30, -1.48
-0.55, -0.64, -0.25, -12.82, 3.75, -1.44
-0.55, -0.65, -0.25, -12.34, 3.06, -1.54
-0.55, -0.65, -0.25, -12.52, 2.64, -1.05
-0.55, -0.65, -0.25, -12.35, 2.67, -1.15
-0.55, -0.65, -0.26, -12.15, 3.54, -0.43
-0.55, -0.65, -0.25, -12.28, 3.75, -1.36
-0.56, -0.65, -0.25, -12.55, 5.14, -0.94
-0.55, -0.65, -0.25, -11.84, 4.72, -1.78
-0.55, -0.65, -0.25, -12.18, 4.29, -1.32
-0.55, -0.65, -0.25, -11.75, 3.74, -1.12
-0.55, -0.65, -0.25, -11.71, 3.56, -1.71
-0.55, -0.65, -0.25, -11.70, 3.36, -1.21
-0.55, -0.65, -0.25, -11.28, 4.21, -1.22
-0.55, -0.65, -0.25, -11.64, 4.52, -0.88
-0.56, -0.65, -0.25, -11.78, 4.77, -2.73
-0.56, -0.65, -0.25, -12.26, 4.63, -2.14
-0.55, -0.65, -0.25, -11.83, 4.95, -1.27
-0.55, -0.65, -0.25, -11.41, 5.33, -2.29
-0.55, -0.65, -0.25, -11.94, 5.11, -1.39
-0.55, -0.65, -0.25, -10.99, 5.30, -0.56
-0.55, -0.65, -0.25, -11.90, 6.30, -1.44
-0.55, -0.65, -0.25, -11.59, 5.60, -1.23
-0.54, -0.66, -0.25, -11.90, 4.86, -1.17
-0.54, -0.66, -0.25, -11.56, 4.82, -0.95
-0.54, -0.66, -0.25, -11.18, 5.45, -0.44
-0.54, -0.66, -0.25, -11.71, 5.44, -0.90
-0.54, -0.66, -0.25, -11.94, 6.03, 0.09
-0.54, -0.66, -0.24, -11.58, 5.75, -0.59
-0.54, -0.65, -0.24, -12.29, 6.15, -0.20
-0.54, -0.65, -0.25, -12.48, 5.77, 0.01
-0.54, -0.65, -0.24, -12.33, 5.15, 0.97
-0.54, -0.65, -0.24, -12.80, 4.85, 0.53
-0.54, -0.65, -0.24, -13.06, 4.40, 1.25
-0.54, -0.65, -0.25, -13.10, 2.85, 1.16
-0.54, -0.65, -0.25, -12.51, 2.40, 0.46
-0.54, -0.65, -0.25, -12.57, 2.68, 0.54
-0.55, -0.65, -0.25, -12.20, 3.83, 0.77
-0.55, -0.66, -0.24, -12.89, 4.57, 1.34
-0.55, -0.65, -0.24, -13.16, 4.25, 0.26
-0.55, -0.65, -0.24, -14.16, 3.56, 0.40
-0.55, -0.66, -0.25, -14.06, 2.44, 0.89
-0.55, -0.65, -0.25, -13.49, 1.75, 0.75
-0.55, -0.65, -0.25, -14.16, 2.92, 0.17
-0.55, -0.66, -0.25, -13.33, 3.59, -0.37
-0.55, -0.66, -0.25, -13.81, 4.16, 0.21
-0.54, -0.65, -0.25, -14.71, 3.91, 0.68
-0.54, -0.65, -0.25, -13.34, 3.63, 0.37
-0.54, -0.65, -0.25, -13.10, 3.07, 1.38
-0.54, -0.65, -0.25, -12.96, 1.88, -0.19
-0.55, -0.65, -0.25, -12.83, 1.77, 0.60
-0.55, -0.65, -0.25, -12.93, 1.81, -1.34
-0.55, -0.65, -0.25, -12.59, 1.89, -0.12
-0.56, -0.65, -0.26, -12.20, 3.68, -0.57
-0.56, -0.66, -0.26, -12.46, 4.10, -1.16
-0.56, -0.66, -0.26, -13.06, 4.31, -2.19
-0.55, -0.65, -0.26, -12.80, 4.73, -1.86
-0.55, -0.65, -0.26, -11.78, 4.81, -2.56
-0.55, -0.66, -0.26, -12.72, 4.77, -0.96
-0.55, -0.66, -0.26, -11.94, 5.30, -1.67
-0.55, -0.66, -0.26, -11.76, 6.89, -0.94
-0.55, -0.66, -0.27, -12.33, 7.85, -1.11
-0.55, -0.66, -0.27, -11.87, 8.75, -1.35
-0.55, -0.66, -0.27, -11.38, 9.66, -1.44
-0.55, -0.67, -0.27, -11.49, 10.17, -1.56
-0.55, -0.67, -0.28, -10.56, 10.55, -2.14
-0.54, -0.68, -0.29, -12.51, 11.53, -2.46
-0.55, -0.68, -0.29, -11.63, 12.38, -3.82
-0.55, -0.67, -0.28, -12.61, 14.02, -3.38
-0.55, -0.67, -0.28, -14.04, 15.99, -5.30
-0.54, -0.67, -0.28, -14.51, 19.03, -4.85
-0.54, -0.66, -0.29, -16.63, 19.88, -3.09
-0.54, -0.66, -0.29, -17.10, 20.47, -4.60
-0.54, -0.67, -0.29, -18.63, 21.28, -5.12
-0.53, -0.67, -0.28, -19.06, 20.49, -4.89
-0.53, -0.69, -0.28, -22.23, 20.20, -5.15
-0.53, -0.69, -0.27, -22.97, 20.82, -5.99
-0.53, -0.68, -0.27, -23.26, 19.65, -7.67
-0.53, -0.67, -0.26, -23.33, 18.95, -8.36
-0.53, -0.67, -0.26, -24.68, 21.12, -8.34
-0.52, -0.67, -0.26, -26.16, 20.62, -10.17
-0.51, -0.67, -0.26, -27.01, 18.85, -10.31
-0.50, -0.66, -0.27, -28.23, 18.33, -9.05
-0.49, -0.65, -0.27, -27.63, 19.78, -9.30
-0.49, -0.66, -0.27, -27.11, 22.46, -8.93
-0.50, -0.66, -0.27, -27.11, 22.84, -7.84
-0.49, -0.66, -0.28, -25.52, 21.18, -7.47
-0.47, -0.65, -0.29, -23.43, 16.89, -7.71
-0.47, -0.65, -0.29, -23.26, 14.29, -5.77
-0.47, -0.65, -0.30, -19.99, 12.71, -6.55
-0.48, -0.64, -0.31, -19.25, 10.23, -6.60
-0.48, -0.65, -0.31, -16.44, 8.55, -6.76
-0.47, -0.65, -0.32, -15.38, 4.18, -4.72
-0.47, -0.66, -0.33, -13.23, 1.58, -5.56
-0.47, -0.65, -0.33, -10.84, -1.01, -4.10
-0.47, -0.65, -0.33, -10.73, -3.02, -3.47
-0.47, -0.66, -0.32, -9.50, -2.81, -2.04
-0.48, -0.66, -0.32, -8.98, -2.30, -1.83
-0.48, -0.66, -0.32, -8.43, -1.12, -0.02
-0.48, -0.66, -0.33, -8.89, -1.24, 0.84
-0.47, -0.67, -0.33, -8.57, -2.94, 1.60
-0.47, -0.67, -0.33, -7.95, -5.28, 1.51
-0.47, -0.68, -0.34, -8.82, -6.42, 0.85
-0.48, -0.69, -0.33, -10.00, -7.82, 1.07
-0.49, -0.71, -0.33, -10.00, -7.95, -1.16
-0.50, -0.72, -0.33, -13.00, -5.28, -3.41
-0.51, -0.73, -0.34, -14.80, -2.48, -5.38
-0.51, -0.73, -0.35, -15.90, -0.63, -6.09
-0.50, -0.72, -0.35, -17.05, 1.92, -8.19
-0.49, -0.71, -0.34, -19.47, 3.72, -10.20
-0.48, -0.71, -0.34, -20.04, 4.90, -10.98
-0.47, -0.70, -0.34, -20.71, 3.39, -10.66
-0.46, -0.69, -0.34, -22.05, 3.02, -10.39
-0.46, -0.68, -0.34, -20.86, 2.04, -10.88
-0.46, -0.67, -0.34, -22.78, 1.95, -9.20
-0.46, -0.67, -0.34, -21.40, 1.78, -8.96
-0.47, -0.66, -0.34, -21.03, 3.46, -8.73
-0.47, -0.65, -0.34, -21.04, 3.36, -7.86
-0.47, -0.65, -0.34, -18.64, 2.15, -7.26
-0.47, -0.66, -0.34, -18.02, 2.97, -7.27
-0.48, -0.66, -0.34, -17.90, 2.64, -6.48
-0.48, -0.67, -0.34, -16.93, 2.71, -7.38
-0.49, -0.67, -0.34, -17.02, 3.97, -7.68
-0.49, -0.68, -0.34, -14.87, 3.83, -9.94
-0.48, -0.68, -0.35, -16.03, 3.90, -10.37
-0.48, -0.69, -0.35, -18.16, 5.39, -10.20
-0.48, -0.71, -0.36, -17.62, 6.83, -13.49
-0.48, -0.71, -0.36, -20.46, 7.55, -14.14
-0.47, -0.73, -0.37, -21.48, 10.21, -15.59
-0.47, -0.74, -0.37, -22.93, 15.47, -18.28
-0.47, -0.74, -0.37, -24.42, 21.28, -20.76
-0.47, -0.75, -0.38, -26.57, 26.10, -20.86
-0.46, -0.75, -0.38, -27.55, 27.31, -22.95
-0.44, -0.74, -0.38, -28.83, 27.27, -25.01
-0.43, -0.74, -0.40, -30.08, 26.23, -26.88
-0.41, -0.74, -0.41, -30.03, 25.82, -29.14
-0.41, -0.74, -0.41, -30.84, 24.88, -30.64
-0.41, -0.75, -0.41, -30.46, 22.37, -32.34
-0.40, -0.75, -0.41, -30.95, 19.52, -34.33
-0.39, -0.75, -0.42, -27.63, 17.02, -37.41
-0.38, -0.75, -0.44, -27.91, 18.75, -39.61
-0.39, -0.75, -0.44, -26.91, 21.59, -41.50
-0.39, -0.75, -0.44, -29.05, 27.39, -43.44
-0.38, -0.75, -0.43, -27.42, 33.14, -44.02
-0.36, -0.74, -0.42, -27.12, 40.92, -43.70
-0.35, -0.72, -0.42, -28.16, 49.19, -42.62
-0.33, -0.71, -0.43, -27.81, 55.67, -42.45
-0.31, -0.71, -0.43, -26.21, 56.88, -41.44
-0.28, -0.71, -0.43, -24.72, 52.02, -39.80
-0.26, -0.70, -0.42, -23.41, 46.02, -36.40
-0.24, -0.70, -0.42, -20.92, 37.81, -35.21
-0.22, -0.69, -0.43, -19.12, 29.97, -33.21
-0.21, -0.69, -0.43, -17.12, 20.45, -32.46
-0.20, -0.70, -0.44, -16.31, 13.24, -30.48
-0.20, -0.70, -0.45, -16.64, 10.03, -27.62
-0.20, -0.70, -0.45, -13.99, 10.08, -26.46
-0.20, -0.70, -0.45, -12.57, 14.51, -24.12
-0.20, -0.71, -0.46, -12.41, 16.82, -23.51
-0.18, -0.71, -0.47, -11.31, 18.61, -20.82
-0.17, -0.72, -0.47, -11.29, 17.16, -19.00
-0.16, -0.72, -0.47, -11.10, 15.16, -16.37
-0.16, -0.73, -0.46, -10.91, 13.79, -15.12
-0.16, -0.73, -0.46, -10.49, 12.23, -14.38
-0.16, -0.73, -0.46, -12.34, 10.85, -13.20
-0.16, -0.74, -0.47, -11.98, 9.63, -11.75
-0.16, -0.73, -0.47, -12.79, 8.63, -11.26
-0.16, -0.74, -0.47, -13.81, 10.14, -11.13
-0.17, -0.74, -0.47, -14.90, 11.99, -9.95
-0.17, -0.75, -0.47, -16.96, 11.74, -8.55
-0.16, -0.75, -0.46, -16.91, 10.30, -9.06
-0.15, -0.75, -0.47, -18.51, 9.00, -8.72
-0.14, -0.75, -0.48, -19.01, 5.30, -8.77
-0.14, -0.76, -0.48, -20.01, 5.29, -8.42
-0.14, -0.76, -0.47, -20.66, 4.85, -9.70
-0.15, -0.76, -0.48, -21.12, 5.97, -8.95
-0.15, -0.77, -0.48, -21.28, 7.85, -9.75
-0.14, -0.77, -0.49, -21.57, 8.58, -10.27
-0.14, -0.78, -0.49, -21.17, 7.86, -11.08
-0.13, -0.77, -0.49, -21.73, 7.71, -11.43
-0.13, -0.77, -0.49, -21.63, 6.50, -12.55
-0.12, -0.77, -0.50, -21.26, 5.72, -13.51
-0.13, -0.77, -0.50, -20.29, 4.75, -14.71
-0.13, -0.77, -0.51, -20.75, 5.96, -16.40
-0.13, -0.78, -0.51, -20.67, 7.89, -16.38
-0.12, -0.78, -0.51, -20.59, 8.28, -18.82
-0.11, -0.78, -0.51, -19.77, 8.97, -18.84
-0.11, -0.77, -0.51, -19.30, 9.18, -19.71
-0.10, -0.77, -0.51, -18.81, 8.19, -19.38
-0.09, -0.77, -0.51, -19.07, 8.10, -19.04
-0.08, -0.77, -0.51, -18.65, 7.88, -19.98
-0.07, -0.77, -0.51, -17.86, 8.52, -19.16
-0.07, -0.76, -0.51, -18.00, 8.70, -19.64
-0.07, -0.76, -0.51, -16.95, 10.56, -20.35
-0.07, -0.75, -0.52, -16.88, 15.96, -19.99
-0.07, -0.75, -0.52, -17.32, 19.82, -19.63
-0.07, -0.76, -0.52, -16.64, 23.20, -19.43
-0.05, -0.76, -0.51, -17.51, 24.86, -18.97
-0.03, -0.75, -0.52, -17.58, 21.44, -16.99
-0.01, -0.75, -0.52, -16.48, 17.62, -16.70
-0.01, -0.75, -0.52, -16.25, 10.30, -16.69
-0.02, -0.75, -0.52, -15.93, 5.92, -16.04
-0.03, -0.76, -0.52, -16.47, 6.49, -15.80
-0.04, -0.77, -0.52, -15.78, 6.00, -17.44
-0.04, -0.78, -0.53, -15.21, 5.64, -18.88
-0.03, -0.79, -0.53, -14.15, 6.00, -18.93
-0.03, -0.79, -0.53, -13.96, 5.70, -21.11
-0.03, -0.79, -0.53, -13.73, 6.73, -23.46
-0.02, -0.79, -0.53, -12.45, 7.23, -24.19
-0.01, -0.79, -0.52, -11.71, 6.91, -25.45
-0.00, -0.79, -0.52, -11.33, 8.13, -25.85
0.00, -0.78, -0.52, -10.98, 8.87, -27.58
0.01, -0.76, -0.52, -10.60, 9.25, -27.85
0.03, -0.76, -0.52, -10.24, 7.73, -27.73
0.05, -0.76, -0.52, -10.06, 6.95, -27.08
0.06, -0.76, -0.52, -9.46, 7.97, -26.09
0.07, -0.75, -0.52, -9.33, 8.49, -25.83
0.07, -0.75, -0.51, -9.30, 10.08, -25.31
0.07, -0.76, -0.52, -10.62, 9.92, -24.89
0.07, -0.77, -0.52, -9.90, 9.85, -23.25
0.09, -0.77, -0.52, -9.73, 6.94, -23.05
0.09, -0.76, -0.53, -9.38, 5.82, -21.74
0.10, -0.76, -0.53, -8.58, 3.79, -21.02
0.09, -0.76, -0.52, -9.17, 3.40, -19.86
0.09, -0.76, -0.52, -8.70, 4.15, -18.43
0.10, -0.77, -0.52, -8.96, 4.98, -18.14
0.10, -0.76, -0.51, -9.02, 6.12, -16.71
0.11, -0.75, -0.51, -9.32, 7.06, -16.99
0.11, -0.74, -0.52, -9.87, 8.79, -15.11
0.12, -0.74, -0.52, -9.42, 9.30, -14.50
0.12, -0.75, -0.52, -10.23, 9.32, -13.99
0.12, -0.76, -0.51, -10.48, 9.04, -12.45
0.12, -0.77, -0.52, -11.69, 7.79, -11.74
0.13, -0.77, -0.52, -11.56, 5.23, -11.44
0.13, -0.76, -0.52, -11.79, 3.00, -9.00
0.13, -0.76, -0.52, -11.54, 2.45, -10.15
0.12, -0.76, -0.52, -11.85, 2.96, -9.27
0.11, -0.76, -0.52, -11.38, 3.34, -10.18
0.11, -0.77, -0.53, -11.75, 5.31, -9.86
0.11, -0.77, -0.53, -11.09, 6.97, -10.41
0.12, -0.77, -0.53, -11.90, 9.41, -10.86
0.13, -0.77, -0.53, -11.80, 11.20, -10.89
0.14, -0.77, -0.53, -12.86, 11.76, -10.49
0.16, -0.78, -0.52, -13.12, 12.09, -8.39
0.17, -0.78, -0.51, -13.08, 10.75, -7.54
0.17, -0.77, -0.52, -12.84, 9.11, -6.24
0.16, -0.76, -0.52, -12.23, 9.51, -7.94
0.15, -0.76, -0.52, -12.35, 9.45, -7.59
0.15, -0.77, -0.52, -12.58, 10.72, -7.34
0.15, -0.77, -0.51, -12.85, 14.41, -7.84
0.15, -0.77, -0.51, -13.01, 16.86, -7.98
0.15, -0.76, -0.51, -13.50, 15.36, -7.56
0.17, -0.75, -0.51, -11.99, 13.51, -6.88
0.18, -0.75, -0.51, -12.06, 13.88, -6.49
0.18, -0.75, -0.52, -12.41, 13.27, -5.51
0.18, -0.76, -0.51, -12.05, 10.90, -4.73
0.19, -0.76, -0.51, -11.96, 8.80, -5.01
0.19, -0.75, -0.51, -11.48, 6.59, -3.26
0.19, -0.76, -0.51, -11.62, 6.96, -2.79
0.18, -0.76, -0.51, -11.55, 7.71, -2.42
0.18, -0.76, -0.51, -12.24, 8.92, -2.62
0.18, -0.76, -0.51, -12.07, 8.28, -1.89
0.19, -0.77, -0.51, -11.83, 7.30, -2.02
0.20, -0.77, -0.51, -12.71, 5.52, -3.06
0.20, -0.77, -0.52, -12.16, 6.12, -2.53
0.19, -0.77, -0.51, -11.79, 6.42, -2.55
0.19, -0.77, -0.51, -12.21, 7.15, -1.75
0.19, -0.78, -0.51, -12.65, 8.13, -2.54
0.19, -0.78, -0.51, -12.18, 8.67, -2.69
0.20, -0.78, -0.51, -12.35, 8.50, -3.21
0.20, -0.78, -0.51, -12.55, 7.07, -3.02
0.20, -0.78, -0.51, -12.88, 8.47, -2.24
0.20, -0.78, -0.51, -12.94, 9.45, -4.31
0.20, -0.77, -0.51, -12.87, 9.26, -3.10
0.20, -0.78, -0.51, -13.72, 7.95, -3.96
0.20, -0.78, -0.50, -13.22, 7.57, -3.95
0.20, -0.78, -0.50, -11.61, 8.39, -4.32
0.20, -0.77, -0.50, -11.68, 8.31, -4.35
0.21, -0.77, -0.49, -11.45, 7.52, -3.10
0.21, -0.77, -0.49, -11.12, 5.65, -3.02
0.21, -0.76, -0.49, -11.59, 4.75, -2.67
0.21, -0.76, -0.49, -11.65, 4.87, -3.04
0.22, -0.76, -0.49, -12.04, 4.87, -1.64
0.23, -0.75, -0.50, -11.96, 5.37, -0.79
0.24, -0.74, -0.51, -11.82, 6.31, 1.22
0.24, -0.73, -0.51, -12.58, 9.95, 3.84
0.25, -0.73, -0.51, -13.41, 11.35, 6.21
0.27, -0.73, -0.51, -14.90, 12.82, 9.37
0.27, -0.74, -0.51, -16.22, 15.05, 13.15
0.27, -0.77, -0.51, -16.90, 14.74, 13.87
0.23, -0.79, -0.52, -16.62, 13.12, 13.94
0.20, -0.80, -0.53, -15.21, 7.96, 12.61
0.18, -0.81, -0.54, -13.76, 5.37, 9.60
0.15, -0.83, -0.52, -13.25, 1.22, 2.02
0.08, -0.86, -0.49, -13.48, 5.91, -5.10
0.05, -0.87, -0.49, -15.67, 14.48, -12.19
0.06, -0.86, -0.49, -14.24, 23.61, -18.37
0.10, -0.82, -0.49, -12.65, 35.02, -22.46
0.15, -0.79, -0.49, -12.30, 43.82, -24.34
0.22, -0.76, -0.50, -12.38, 50.10, -21.02
0.31, -0.74, -0.50, -13.64, 43.16, -14.62
0.39, -0.71, -0.49, -12.15, 30.00, -5.61
0.43, -0.69, -0.48, -11.15, 16.51, 0.63
0.43, -0.67, -0.49, -10.27, 1.86, 5.03
0.37, -0.67, -0.49, -10.30, -4.71, 6.78
0.27, -0.70, -0.49, -11.61, -2.83, 5.87
0.20, -0.74, -0.49, -13.48, 2.41, 3.03
0.16, -0.77, -0.50, -13.27, 6.41, 0.80
0.15, -0.79, -0.51, -13.78, 8.00, -1.29
0.17, -0.80, -0.52, -12.80, 10.65, -3.95
0.18, -0.80, -0.52, -12.35, 14.89, -5.65
0.20, -0.80, -0.51, -12.05, 19.66, -8.90
0.23, -0.81, -0.51, -11.56, 19.16, -9.77
0.27, -0.84, -0.51, -11.95, 13.69, -8.62
0.31, -0.85, -0.51, -12.10, 8.26, -9.18
0.32, -0.83, -0.51, -11.96, 4.73, -8.25
0.32, -0.79, -0.50, -11.69, 5.03, -9.41
0.30, -0.79, -0.49, -13.37, 7.97, -10.24
0.29, -0.80, -0.48, -13.83, 11.07, -10.11
0.28, -0.80, -0.47, -14.08, 9.61, -11.59
0.28, -0.78, -0.48, -13.12, 5.89, -11.12
0.29, -0.75, -0.48, -12.89, 2.33, -11.72
0.29, -0.73, -0.47, -11.12, 1.29, -10.86
0.27, -0.74, -0.45, -11.60, 5.17, -9.85
0.27, -0.73, -0.45, -10.95, 10.36, -7.81
0.28, -0.70, -0.45, -12.61, 12.95, -4.77
0.31, -0.67, -0.45, -14.98, 13.34, 2.30
0.37, -0.64, -0.45, -17.52, 8.51, 7.95
0.42, -0.63, -0.46, -20.11, 1.76, 13.76
0.42, -0.65, -0.48, -23.18, -1.10, 17.45
0.38, -0.67, -0.50, -25.05, 3.84, 20.33
0.33, -0.70, -0.52, -25.13, 13.37, 23.53
0.32, -0.74, -0.56, -22.31, 20.89, 28.25
0.32, -0.79, -0.60, -17.75, 22.00, 30.75
0.31, -0.84, -0.63, -12.06, 13.39, 26.58
0.20, -0.87, -0.60, -8.62, 4.21, 15.15
0.04, -0.91, -0.52, -7.76, 7.24, -0.60
-0.03, -0.95, -0.50, -9.24, 22.51, -13.81
-0.01, -0.92, -0.46, -9.65, 32.71, -28.49
0.06, -0.84, -0.46, -8.94, 34.40, -35.79
0.19, -0.78, -0.48, -8.56, 28.68, -36.51
0.33, -0.74, -0.48, -10.69, 30.31, -31.16
0.44, -0.69, -0.41, -17.07, 36.78, -22.21
0.54, -0.65, -0.36, -25.88, 33.96, -5.13
0.65, -0.60, -0.35, -29.52, 11.96, 11.45
0.70, -0.57, -0.40, -26.88, -14.04, 24.00
0.61, -0.58, -0.44, -26.58, -23.06, 28.61
0.42, -0.66, -0.47, -24.93, -13.06, 30.09
0.23, -0.72, -0.54, -21.07, 4.23, 29.93
0.15, -0.76, -0.60, -15.52, 12.00, 21.94
0.08, -0.85, -0.57, -12.95, -0.01, 7.17
-0.02, -0.96, -0.53, -10.87, -6.18, -6.44
-0.00, -1.00, -0.54, -9.37, -3.18, -16.15
0.08, -0.94, -0.53, -6.55, -3.54, -29.41
0.18, -0.85, -0.52, -2.18, -0.31, -32.97
0.29, -0.80, -0.53, -3.13, 8.12, -32.18
0.36, -0.77, -0.52, -7.02, 26.37, -27.33
0.40, -0.72, -0.46, -17.65, 43.65, -18.82
0.49, -0.65, -0.40, -25.74, 44.49, -4.30
0.62, -0.59, -0.41, -28.30, 19.48, 10.84
0.70, -0.54, -0.46, -27.34, -7.68, 19.62
0.61, -0.54, -0.50, -27.24, -17.05, 24.59
0.40, -0.60, -0.53, -27.13, -4.99, 24.62
0.22, -0.67, -0.55, -25.38, 16.14, 23.60
0.14, -0.74, -0.54, -24.86, 20.09, 21.36
0.19, -0.81, -0.54, -19.70, 6.44, 22.82
0.27, -0.91, -0.55, -10.56, -16.92, 14.32
0.18, -0.91, -0.54, -8.76, -26.96, -1.88
0.01, -0.92, -0.52, -7.30, -16.90, -17.43
-0.01, -0.91, -0.52, -4.33, -13.95, -27.79
0.10, -0.88, -0.55, -0.68, -16.79, -35.72
0.23, -0.84, -0.57, 3.08, -15.52, -38.27
0.32, -0.78, -0.58, 1.96, 16.21, -36.80
0.38, -0.70, -0.49, -9.76, 47.32, -25.23
0.51, -0.63, -0.35, -19.87, 45.81, -6.74
0.74, -0.56, -0.38, -18.79, 20.59, 14.17
0.83, -0.52, -0.45, -21.81, -1.80, 24.57
0.62, -0.52, -0.44, -27.69, -8.79, 27.95
0.34, -0.58, -0.48, -29.19, -3.53, 28.72
0.22, -0.62, -0.55, -27.57, 17.53, 30.35
0.20, -0.67, -0.55, -29.91, 30.45, 28.04
0.19, -0.76, -0.52, -35.80, 36.63, 29.64
0.25, -0.85, -0.42, -33.01, 4.86, 29.29
0.36, -0.96, -0.50, -11.55, -62.23, 13.12
0.21, -0.98, -0.69, -7.49, -56.59, 1.29
-0.05, -0.96, -0.60, -8.62, -15.96, -19.14
-0.09, -0.89, -0.52, -4.70, 32.97, -34.92
0.08, -0.80, -0.57, -3.76, 42.11, -40.32
0.26, -0.78, -0.54, -7.28, 27.25, -30.63
0.46, -0.76, -0.54, 6.10, -19.48, -28.82
0.48, -0.70, -0.63, 6.12, -15.11, -13.37
0.57, -0.62, -0.56, 4.97, 16.05, -0.04
0.66, -0.57, -0.38, -7.24, 20.76, 10.15
0.60, -0.54, -0.34, -18.44, 20.08, 24.70
0.50, -0.56, -0.39, -30.64, 18.17, 34.35
0.40, -0.62, -0.43, -35.32, 5.34, 37.44
0.35, -0.66, -0.49, -27.87, 4.30, 36.50
0.30, -0.71, -0.53, -22.84, -7.68, 26.77
0.13, -0.82, -0.51, -21.56, -14.04, 14.73
-0.00, -0.92, -0.56, -16.68, -6.66, 5.60
-0.01, -0.95, -0.60, -9.92, 0.97, -8.36
0.05, -0.98, -0.58, -7.83, 15.43, -16.36
0.16, -0.93, -0.55, -2.66, 14.88, -22.80
0.27, -0.84, -0.55, 1.11, 10.05, -26.06
0.35, -0.78, -0.54, 1.36, 9.89, -23.49
0.42, -0.75, -0.51, -1.53, 14.20, -17.47
0.44, -0.70, -0.46, -7.26, 15.32, -13.64
0.44, -0.64, -0.41, -15.89, 24.67, -3.23
0.50, -0.60, -0.39, -23.36, 24.06, 6.44
0.55, -0.56, -0.42, -28.16, 12.38, 17.25
0.53, -0.55, -0.47, -32.16, 1.96, 27.85
0.44, -0.58, -0.51, -31.81, -1.99, 31.84
0.35, -0.63, -0.56, -25.48, 3.61, 30.69
0.21, -0.73, -0.58, -23.31, -0.61, 22.29
0.05, -0.86, -0.57, -17.90, -7.69, 9.60
-0.04, -0.96, -0.61, -11.29, -6.67, -4.85
-0.05, -0.99, -0.61, -12.06, 6.28, -16.62
0.05, -0.93, -0.55, -8.51, 12.07, -28.12
0.19, -0.83, -0.54, -6.27, 6.43, -30.96
0.32, -0.78, -0.55, -4.82, 2.16, -31.44
0.41, -0.77, -0.55, -6.77, 10.49, -27.78
0.44, -0.72, -0.51, -12.73, 22.27, -23.10
0.45, -0.65, -0.42, -23.49, 32.31, -12.93
0.55, -0.60, -0.36, -30.53, 30.77, 3.09
0.70, -0.56, -0.40, -30.51, 8.82, 18.19
0.71, -0.55, -0.46, -31.32, -6.45, 26.95
0.53, -0.60, -0.48, -31.33, -0.11, 28.61
0.33, -0.67, -0.52, -32.78, 11.99, 29.61
0.22, -0.72, -0.55, -30.81, 19.14, 29.42
0.23, -0.77, -0.55, -25.86, -2.83, 24.78
0.23, -0.86, -0.57, -7.42, -33.89, 13.85
0.11, -0.94, -0.66, -0.79, -38.47, -7.38
-0.14, -0.97, -0.61, -5.90, -0.49, -22.64
-0.13, -0.88, -0.53, -1.07, 26.54, -37.33
0.13, -0.77, -0.54, 5.56, 12.24, -42.02
0.31, -0.76, -0.58, 7.56, -7.43, -37.95
0.38, -0.77, -0.59, 4.46, -0.34, -31.64
0.43, -0.71, -0.50, -5.74, 22.06, -21.59
0.57, -0.61, -0.35, -14.81, 23.73, -5.97
0.75, -0.54, -0.35, -19.62, 14.31, 15.05
0.80, -0.49, -0.41, -25.36, -1.72, 27.51
0.60, -0.52, -0.44, -29.59, -1.05, 33.92
0.35, -0.58, -0.47, -29.94, 4.78, 36.54
0.26, -0.61, -0.52, -25.03, 8.22, 38.51
0.30, -0.64, -0.56, -15.55, -2.99, 39.24
0.29, -0.75, -0.58, -4.13, -29.69, 28.49
0.08, -0.91, -0.57, -0.90, -39.14, 6.34
-0.14, -1.06, -0.56, -4.59, -18.88, -16.05
-0.13, -1.06, -0.57, -7.44, 17.82, -27.39
0.14, -0.91, -0.56, -1.84, 17.20, -35.90
0.36, -0.82, -0.57, 0.23, 5.26, -30.72
0.49, -0.81, -0.59, 1.85, -4.33, -26.67
0.46, -0.80, -0.57, -0.32, 1.18, -25.42
0.38, -0.73, -0.52, -8.43, 18.59, -21.41
0.40, -0.65, -0.44, -17.67, 24.71, -8.88
0.55, -0.58, -0.39, -24.35, 19.88, 4.72
0.64, -0.52, -0.42, -26.47, 3.61, 16.21
0.59, -0.50, -0.45, -28.68, -6.01, 24.55
0.44, -0.54, -0.49, -30.14, -0.98, 29.39
0.31, -0.59, -0.53, -27.96, 7.63, 33.23
0.28, -0.65, -0.56, -23.81, 7.37, 34.90
0.28, -0.72, -0.58, -12.82, -4.78, 30.77
0.16, -0.86, -0.58, -6.54, -28.33, 5.73
-0.12, -1.00, -0.59, -5.72, -22.30, -11.05
-0.14, -1.03, -0.61, -7.22, 9.20, -22.19
0.06, -0.91, -0.58, -0.21, 8.72, -33.80
0.25, -0.79, -0.56, 4.20, 8.68, -32.50
0.39, -0.77, -0.56, 2.78, 7.49, -28.81
0.43, -0.76, -0.53, -3.60, 15.18, -23.70
0.44, -0.71, -0.47, -11.84, 22.65, -16.76
0.52, -0.64, -0.40, -20.51, 24.09, -2.82
0.66, -0.58, -0.40, -24.34, 13.50, 11.82
0.69, -0.53, -0.44, -27.14, 0.67, 23.42
0.57, -0.55, -0.48, -29.74, 1.59, 30.61
0.39, -0.60, -0.51, -29.76, 10.28, 35.15
0.31, -0.64, -0.54, -26.92, 12.71, 37.61
0.31, -0.71, -0.57, -13.49, 9.84, 32.59
0.16, -0.87, -0.57, -10.85, -25.27, 9.49
-0.13, -0.99, -0.55, -8.35, -10.48, -4.30
-0.14, -1.01, -0.60, -8.63, 10.64, -21.19
0.02, -0.90, -0.58, -2.57, 12.51, -29.91
0.21, -0.77, -0.57, 2.41, 7.10, -28.17
0.37, -0.74, -0.57, 4.18, 4.04, -25.93
0.41, -0.73, -0.55, 1.31, 7.90, -24.87
0.37, -0.70, -0.50, -4.01, 18.84, -20.57
0.42, -0.66, -0.44, -11.65, 26.53, -11.28
0.55, -0.63, -0.42, -19.40, 24.80, 1.15
0.63, -0.61, -0.40, -26.31, 15.02, 13.50
0.63, -0.60, -0.42, -30.54, 14.53, 25.06
0.56, -0.62, -0.45, -35.07, 23.93, 31.03
0.42, -0.64, -0.49, -38.76, 34.02, 32.35
0.32, -0.68, -0.50, -38.11, 18.28, 33.55
0.33, -0.75, -0.53, -26.64, -17.07, 31.05
0.30, -0.87, -0.60, -9.12, -58.26, 15.81
0.04, -0.96, -0.68, -10.74, -36.16, -4.72
-0.20, -0.95, -0.59, -11.33, -0.07, -25.78
-0.07, -0.83, -0.58, -5.28, 26.89, -35.20
0.17, -0.74, -0.62, 3.26, 20.22, -37.03
0.28, -0.74, -0.62, 3.22, 2.90, -37.78
0.32, -0.75, -0.57, 3.88, 16.16, -26.09
0.52, -0.70, -0.51, 5.42, 1.77, -19.52
0.68, -0.62, -0.49, 0.46, -8.43, -4.18
0.70, -0.55, -0.45, -8.10, 18.50, 16.67
0.68, -0.55, -0.38, -19.04, 27.02, 24.11
0.54, -0.60, -0.36, -30.91, 41.14, 34.21
0.43, -0.63, -0.39, -40.32, 40.21, 36.51
0.36, -0.66, -0.41, -43.27, 31.11, 39.64
0.36, -0.72, -0.42, -40.36, -4.24, 40.21
0.34, -0.79, -0.48, -21.52, -60.79, 29.69
0.19, -0.87, -0.61, -4.48, -64.00, 6.34
-0.19, -0.97, -0.65, -9.21, -47.66, -17.67
-0.35, -0.95, -0.60, -9.86, 22.53, -34.69
-0.07, -0.79, -0.61, -3.90, 49.64, -41.33
0.27, -0.72, -0.60, 5.46, 32.56, -38.38
0.44, -0.76, -0.62, 6.90, 5.27, -30.87
0.50, -0.76, -0.63, 6.14, 11.63, -19.21
0.58, -0.70, -0.52, -0.91, 8.02, -12.01
0.65, -0.64, -0.42, -5.71, 5.74, 5.69
0.75, -0.60, -0.44, -14.50, 13.98, 19.69
0.68, -0.60, -0.43, -27.10, 22.35, 29.74
0.46, -0.63, -0.40, -40.75, 29.06, 33.99
0.34, -0.65, -0.45, -42.85, 26.87, 36.60
0.34, -0.67, -0.52, -32.55, 8.93, 33.80
0.26, -0.78, -0.58, -17.80, -33.07, 13.09
-0.08, -0.89, -0.61, -10.14, -54.31, -10.88
-0.25, -0.98, -0.64, -12.82, -4.39, -23.38
-0.09, -0.92, -0.60, -7.10, 12.27, -38.28
0.14, -0.76, -0.57, 2.13, 17.65, -38.73
0.38, -0.72, -0.58, 6.21, 19.02, -29.60
0.52, -0.74, -0.55, 6.25, 16.36, -23.48
0.52, -0.71, -0.49, 1.86, 12.37, -17.52
0.54, -0.66, -0.43, -7.55, 20.19, -4.31
0.65, -0.62, -0.39, -15.97, 23.99, 9.08
0.68, -0.59, -0.36, -23.07, 19.73, 19.36
0.61, -0.58, -0.39, -30.38, 20.14, 29.64
0.49, -0.62, -0.46, -35.04, 17.92, 31.95
0.39, -0.65, -0.56, -30.11, 17.21, 32.77
0.28, -0.70, -0.58, -20.06, 10.77, 22.64
0.07, -0.82, -0.58, -12.82, -17.36, -2.22
-0.15, -0.95, -0.62, -6.55, -15.29, -15.75
-0.10, -0.96, -0.64, -4.86, 5.32, -27.08
0.09, -0.84, -0.57, 5.24, 4.54, -36.74
0.25, -0.75, -0.55, 10.16, 9.55, -38.00
0.39, -0.75, -0.55, 10.08, 18.48, -32.70
0.47, -0.75, -0.50, 3.99, 26.83, -25.84
0.56, -0.70, -0.43, -4.64, 35.59, -12.89
0.67, -0.63, -0.35, -14.38, 27.96, 3.33
0.77, -0.59, -0.34, -21.68, 17.99, 17.97
0.76, -0.57, -0.37, -26.92, 0.54, 27.51
0.60, -0.60, -0.43, -32.30, -6.77, 33.49
0.42, -0.63, -0.49, -34.89, -3.74, 35.89
0.33, -0.66, -0.51, -30.80, 5.28, 36.11
0.32, -0.74, -0.52, -24.20, 18.30, 26.55
0.15, -0.87, -0.52, -22.77, -6.01, 8.38
-0.09, -0.96, -0.58, -15.69, -1.82, -5.47
-0.07, -0.93, -0.66, -11.41, 4.94, -19.76
0.12, -0.81, -0.63, -1.44, -0.21, -31.72
0.24, -0.74, -0.58, 4.84, -5.81, -33.77
0.37, -0.75, -0.58, 6.11, -5.30, -31.44
0.38, -0.76, -0.56, 5.94, 5.10, -30.26
0.42, -0.72, -0.53, 2.27, 24.04, -23.56
0.52, -0.67, -0.44, -9.02, 38.20, -11.38
0.68, -0.63, -0.34, -19.86, 28.19, 3.96
0.83, -0.59, -0.34, -23.86, 12.12, 23.45
0.83, -0.58, -0.39, -28.98, -3.20, 34.60
0.62, -0.61, -0.41, -37.02, -0.46, 37.96
0.38, -0.64, -0.45, -39.60, 13.48, 40.56
0.30, -0.68, -0.46, -35.90, 11.10, 38.94
0.31, -0.77, -0.52, -21.21, -1.06, 27.72
0.10, -0.88, -0.62, -15.34, -43.58, 0.68
-0.23, -0.95, -0.66, -8.35, -18.21, -15.02
-0.20, -0.90, -0.63, -4.37, 12.80, -33.28
0.05, -0.78, -0.60, 7.08, 9.66, -41.21
0.32, -0.74, -0.59, 13.35, -5.09, -34.91
0.50, -0.77, -0.61, 17.25, -12.59, -29.07
0.49, -0.76, -0.57, 12.32, -2.60, -26.92
0.47, -0.70, -0.49, 2.57, 23.44, -16.42
0.58, -0.65, -0.38, -11.67, 38.28, -3.85
0.76, -0.62, -0.32, -21.62, 30.17, 11.94
0.83, -0.59, -0.35, -29.87, 15.60, 26.35
0.71, -0.60, -0.39, -36.28, 6.47, 32.76
0.49, -0.65, -0.43, -41.39, 11.22, 36.86
0.34, -0.68, -0.47, -38.83, 11.13, 36.28
0.33, -0.70, -0.55, -23.18, 13.74, 30.71
0.18, -0.78, -0.59, -14.44, -21.38, 4.20
-0.17, -0.91, -0.60, -5.71, -26.15, -15.17
-0.23, -0.94, -0.66, -4.49, 14.01, -28.83
0.00, -0.83, -0.58, 6.23, 14.44, -41.92
0.24, -0.73, -0.54, 11.35, 10.25, -39.88
0.45, -0.74, -0.55, 12.88, 5.02, -33.04
0.52, -0.75, -0.51, 6.61, 7.29, -26.70
0.56, -0.72, -0.44, -4.41, 26.96, -14.79
0.67, -0.66, -0.34, -17.54, 29.10, -0.46
0.80, -0.62, -0.29, -26.09, 20.48, 15.07
0.84, -0.60, -0.35, -31.03, 1.54, 28.10
0.69, -0.63, -0.41, -37.78, -6.70, 34.93
0.46, -0.67, -0.44, -39.58, -6.05, 35.83
0.33, -0.71, -0.47, -34.52, -8.47, 33.66
0.32, -0.75, -0.55, -19.80, 8.47, 24.53
0.10, -0.81, -0.59, -15.19, -22.13, -4.57
-0.24, -0.87, -0.61, -7.18, -8.46, -21.22
-0.16, -0.89, -0.64, -0.61, 12.35, -34.54
0.09, -0.84, -0.59, 11.51, -0.10, -47.41
0.28, -0.79, -0.58, 18.49, -7.48, -46.34
0.42, -0.79, -0.60, 17.30, 5.10, -41.88
0.52, -0.77, -0.52, 3.46, 37.06, -29.73
0.64, -0.68, -0.33, -10.39, 39.57, -13.58
0.87, -0.59, -0.29, -19.01, 38.55, 11.63
1.01, -0.54, -0.33, -24.76, 14.21, 23.61
0.80, -0.56, -0.36, -31.54, 3.98, 28.38
0.48, -0.61, -0.44, -39.29, 12.39, 27.46
0.25, -0.65, -0.50, -40.27, 30.66, 23.70
0.19, -0.68, -0.51, -38.13, 42.79, 17.73
0.20, -0.71, -0.51, -37.70, 37.50, 13.42
0.24, -0.77, -0.47, -29.12, -3.38, 9.60
0.30, -0.81, -0.55, -11.42, -34.96, 2.88
0.27, -0.82, -0.68, -1.65, -40.95, -8.59
0.13, -0.82, -0.64, 3.76, -24.27, -22.60
0.14, -0.80, -0.58, 5.10, -12.04, -30.48
0.30, -0.78, -0.54, 7.63, -18.63, -30.12
0.45, -0.78, -0.54, 10.67, -29.28, -25.93
0.52, -0.75, -0.56, 9.41, -18.68, -17.23
0.59, -0.71, -0.50, 2.93, 2.10, -7.81
0.67, -0.67, -0.40, -6.07, 26.03, 6.37
0.71, -0.62, -0.33, -15.61, 30.71, 15.21
0.63, -0.62, -0.34, -23.92, 29.98, 21.53
0.49, -0.68, -0.39, -33.02, 26.94, 21.89
0.36, -0.72, -0.43, -34.05, 19.38, 17.11
0.27, -0.72, -0.47, -29.65, 8.15, 9.43
0.25, -0.73, -0.51, -23.05, -2.31, 2.80
0.24, -0.74, -0.52, -19.00, -8.61, -3.84
0.22, -0.77, -0.51, -11.61, -15.77, -10.27
0.25, -0.79, -0.54, -3.55, -12.38, -14.67
0.27, -0.80, -0.58, 2.37, -9.30, -21.15
0.30, -0.79, -0.57, 7.87, -8.54, -23.78
0.41, -0.76, -0.56, 10.12, -8.14, -19.38
0.57, -0.73, -0.53, 5.55, -1.13, -6.88
0.69, -0.67, -0.44, -2.20, 11.38, 8.00
0.74, -0.62, -0.36, -12.14, 18.58, 17.11
0.68, -0.62, -0.33, -23.58, 19.51, 21.76
0.53, -0.66, -0.36, -35.10, 19.43, 24.71
0.42, -0.68, -0.42, -42.11, 17.28, 25.35
0.38, -0.67, -0.45, -42.73, 19.10, 25.41
0.38, -0.69, -0.47, -43.72, 16.62, 25.56
0.37, -0.72, -0.48, -42.72, -1.20, 27.53
0.36, -0.78, -0.47, -28.53, -42.63, 23.24
0.32, -0.81, -0.63, -9.90, -41.78, 12.09
0.11, -0.82, -0.73, -2.25, -26.13, -8.29
-0.11, -0.86, -0.61, -6.68, 23.98, -17.88
0.07, -0.80, -0.52, -4.87, 46.12, -21.22
0.38, -0.69, -0.49, -3.59, 32.20, -12.05
0.59, -0.67, -0.42, -7.99, 16.57, -1.38
0.68, -0.68, -0.37, -17.24, -2.43, 9.58
0.72, -0.67, -0.35, -23.56, -14.47, 19.10
0.66, -0.65, -0.37, -26.60, -23.42, 24.33
0.52, -0.67, -0.44, -24.87, -21.52, 23.42
0.34, -0.75, -0.54, -24.30, -10.17, 16.51
0.13, -0.82, -0.60, -22.19, 1.21, 5.46
0.02, -0.82, -0.65, -14.22, 13.09, -6.44
0.10, -0.79, -0.68, -9.54, 20.92, -7.71
0.31, -0.73, -0.62, -2.39, 18.46, -7.72
0.40, -0.69, -0.55, -1.81, 10.59, -4.26
0.45, -0.69, -0.48, -6.84, 11.71, 2.10
0.48, -0.70, -0.43, -14.33, 10.70, 5.97
0.50, -0.70, -0.42, -20.33, 3.76, 7.16
0.50, -0.72, -0.44, -24.07, -0.98, 9.76
0.46, -0.76, -0.49, -25.53, -1.71, 7.43
0.38, -0.79, -0.52, -26.07, 8.02, 5.18
0.32, -0.80, -0.55, -23.33, 11.85, -0.02
0.27, -0.79, -0.62, -18.25, 7.78, -4.55
0.23, -0.77, -0.64, -13.28, 10.31, -9.11
0.20, -0.72, -0.64, -2.77, 3.97, -15.94
0.18, -0.67, -0.60, 3.85, 8.50, -21.17
0.20, -0.67, -0.53, 5.81, 16.41, -23.81
0.27, -0.68, -0.47, 5.00, 11.32, -22.67
0.38, -0.66, -0.43, 1.38, 2.76, -12.01
0.60, -0.65, -0.41, -4.27, 11.17, 4.88
0.78, -0.65, -0.36, -13.60, 10.01, 18.52
0.78, -0.65, -0.31, -25.72, 4.80, 27.45
0.69, -0.67, -0.32, -35.73, 9.07, 37.44
0.57, -0.71, -0.41, -33.70, 6.18, 34.36
0.35, -0.78, -0.53, -28.52, -20.51, 18.35
0.04, -0.88, -0.62, -22.33, -25.21, 4.68
-0.09, -0.90, -0.70, -7.51, -20.74, -17.01
-0.08, -0.84, -0.69, -2.35, 3.53, -27.97
0.11, -0.79, -0.59, 3.11, 13.38, -33.68
0.33, -0.75, -0.54, 7.08, 10.81, -27.71
0.49, -0.71, -0.54, 7.08, 2.76, -18.99
0.56, -0.69, -0.50, 1.90, 4.63, -9.35
0.63, -0.67, -0.42, -6.34, 9.45, 0.31
0.71, -0.63, -0.36, -15.54, 15.52, 13.39
0.73, -0.62, -0.33, -27.06, 12.73, 23.49
0.65, -0.64, -0.37, -37.29, 14.96, 34.04
0.54, -0.65, -0.45, -40.06, 14.63, 34.67
0.40, -0.68, -0.50, -33.53, 13.21, 24.51
0.12, -0.79, -0.60, -20.68, -22.28, 1.43
-0.17, -0.92, -0.69, -11.18, -25.61, -16.00
-0.17, -0.93, -0.71, -6.47, 5.94, -27.80
0.04, -0.84, -0.60, 4.52, 2.69, -41.91
0.26, -0.75, -0.59, 12.88, 0.12, -38.97
0.44, -0.74, -0.59, 11.51, 14.34, -27.11
0.56, -0.73, -0.49, 4.68, 24.82, -20.46
0.60, -0.66, -0.37, -6.46, 26.15, -8.48
0.70, -0.58, -0.31, -19.15, 30.17, 10.15
0.82, -0.55, -0.28, -25.85, 13.42, 20.24
0.75, -0.56, -0.32, -33.38, 0.74, 29.84
0.55, -0.59, -0.42, -38.50, 0.42, 34.39
0.37, -0.60, -0.49, -36.58, 10.76, 34.12
0.30, -0.64, -0.52, -30.99, 20.81, 31.12
0.25, -0.74, -0.55, -22.03, 6.99, 18.80
0.07, -0.87, -0.61, -10.23, -24.11, 1.24
-0.08, -0.91, -0.68, -4.57, -5.06, -8.04
0.02, -0.90, -0.64, -0.68, 14.16, -19.83
0.23, -0.81, -0.53, 3.54, 7.81, -23.79
0.43, -0.74, -0.50, 3.67, 5.86, -15.46
0.57, -0.74, -0.47, -2.70, 7.06, -11.13
0.56, -0.73, -0.42, -10.71, 9.22, -6.16
0.55, -0.71, -0.39, -18.61, 12.19, 1.70
0.62, -0.68, -0.40, -23.85, 8.44, 11.20
0.66, -0.67, -0.41, -28.82, 3.21, 19.92
0.61, -0.67, -0.44, -31.16, 2.39, 25.36
0.50, -0.67, -0.49, -27.97, 7.14, 24.22
0.30, -0.72, -0.55, -21.59, 2.17, 10.68
0.10, -0.83, -0.60, -16.96, 8.36, 0.01
0.05, -0.90, -0.65, -12.11, 13.81, -9.54
0.12, -0.86, -0.65, -8.31, 22.82, -12.73
0.24, -0.76, -0.59, -1.25, 13.60, -19.42
0.31, -0.71, -0.54, 1.82, 6.73, -22.45
0.36, -0.69, -0.53, 3.58, 5.85, -20.19
0.42, -0.69, -0.49, 0.56, 11.73, -12.68
0.51, -0.66, -0.42, -5.73, 15.49, -6.64
0.59, -0.64, -0.34, -15.43, 15.39, 5.89
0.70, -0.62, -0.31, -25.52, 11.87, 19.27
0.75, -0.63, -0.32, -35.58, 7.06, 32.07
0.70, -0.65, -0.36, -39.37, 6.89, 38.50
0.54, -0.67, -0.46, -32.37, 7.08, 28.10
0.23, -0.76, -0.54, -32.36, -10.15, 15.44
0.02, -0.88, -0.62, -25.27, -4.09, 6.21
-0.01, -0.86, -0.73, -7.97, -22.97, -17.33
-0.04, -0.80, -0.72, -1.25, -5.13, -24.25
0.07, -0.79, -0.60, 3.29, 5.12, -34.48
0.27, -0.76, -0.54, 7.52, 5.03, -31.31
0.44, -0.72, -0.52, 6.79, 2.37, -24.44
0.55, -0.70, -0.48, 1.51, 8.18, -14.39
0.64, -0.67, -0.42, -5.95, 12.85, -3.94
0.72, -0.64, -0.36, -15.71, 15.32, 10.01
0.77, -0.63, -0.32, -26.62, 15.34, 22.49
0.75, -0.64, -0.35, -36.40, 12.52, 34.69
0.63, -0.64, -0.41, -39.18, 14.18, 38.90
0.48, -0.63, -0.50, -32.08, 22.49, 34.07
0.26, -0.72, -0.57, -24.65, -13.51, 11.46
-0.08, -0.87, -0.64, -15.08, -22.01, 1.71
-0.15, -0.90, -0.72, -4.69, -2.48, -14.81
-0.06, -0.84, -0.66, 3.19, 2.85, -27.80
0.09, -0.77, -0.54, 11.91, 0.97, -33.34
0.32, -0.76, -0.53, 14.44, -5.45, -30.21
0.46, -0.76, -0.52, 11.50, 0.86, -25.58
0.54, -0.73, -0.47, 3.05, 13.25, -20.69
0.65, -0.69, -0.37, -9.36, 18.54, -8.60
0.75, -0.65, -0.30, -22.16, 21.72, 7.79
0.87, -0.64, -0.30, -31.22, 14.95, 20.52
0.82, -0.62, -0.35, -39.93, 8.28, 32.31
0.59, -0.61, -0.43, -45.14, 10.07, 36.86
0.40, -0.61, -0.49, -42.59, 17.38, 35.74
0.30, -0.66, -0.55, -28.98, 12.50, 25.80
0.13, -0.76, -0.64, -13.66, -29.74, 4.55
-0.17, -0.88, -0.73, -1.77, -30.99, -11.77
-0.22, -0.89, -0.69, 2.17, 8.36, -27.04
0.02, -0.79, -0.58, 10.81, 8.50, -39.27
0.30, -0.72, -0.52, 13.86, 7.79, -31.26
0.56, -0.74, -0.51, 8.89, 9.49, -20.88
0.64, -0.73, -0.44, -2.72, 18.40, -9.54
0.70, -0.68, -0.34, -15.28, 22.29, 1.93
0.80, -0.65, -0.30, -25.01, 19.97, 16.78
0.85, -0.65, -0.32, -35.68, 9.34, 28.97
0.73, -0.66, -0.38, -44.07, 9.12, 37.92
0.52, -0.65, -0.45, -43.71, 14.39, 38.15
0.35, -0.66, -0.54, -29.98, 14.45, 25.44
0.11, -0.77, -0.62, -18.36, -21.06, 3.33
-0.15, -0.91, -0.71, -6.07, -16.04, -11.81
-0.17, -0.89, -0.73, 1.21, 9.06, -25.34
0.03, -0.78, -0.62, 12.30, 9.74, -36.87
0.28, -0.73, -0.55, 18.67, 4.13, -34.55
0.47, -0.74, -0.54, 16.69, 6.32, -25.48
0.56, -0.73, -0.49, 8.51, 17.00, -19.22
0.60, -0.68, -0.35, -5.68, 29.69, -8.16
0.73, -0.63, -0.27, -18.46, 30.57, 6.67
0.85, -0.62, -0.27, -30.60, 19.13, 21.99
0.84, -0.63, -0.31, -41.23, 6.02, 35.88
0.66, -0.64, -0.39, -46.05, 1.70, 40.69
0.48, -0.62, -0.46, -42.38, 12.69, 39.34
0.31, -0.66, -0.56, -27.55, 6.30, 20.97
0.00, -0.78, -0.64, -19.31, -30.82, 2.63
-0.21, -0.89, -0.72, -4.52, -7.66, -11.14
-0.12, -0.85, -0.73, 4.16, 0.93, -27.86
0.07, -0.77, -0.59, 11.25, 5.85, -32.84
0.31, -0.74, -0.47, 13.18, 2.70, -31.02
0.52, -0.74, -0.49, 11.07, 3.37, -22.34
0.62, -0.73, -0.44, 1.65, 16.07, -11.88
0.69, -0.71, -0.34, -12.00, 20.47, -2.65
0.77, -0.70, -0.29, -23.81, 19.05, 12.45
0.85, -0.69, -0.30, -33.85, 12.29, 26.06
0.79, -0.67, -0.35, -41.19, 5.03, 34.97
0.59, -0.66, -0.43, -42.32, 6.19, 38.91
0.44, -0.66, -0.51, -32.28, 23.17, 31.29
0.20, -0.73, -0.57, -23.18, -12.41, 7.15
-0.13, -0.86, -0.65, -9.16, -24.07, -6.57
-0.18, -0.88, -0.72, 0.82, -0.39, -21.58
-0.01, -0.80, -0.64, 8.63, 6.05, -35.69
0.17, -0.74, -0.53, 13.30, 7.71, -35.88
0.41, -0.72, -0.50, 13.06, 5.16, -29.56
0.57, -0.73, -0.49, 8.27, 16.83, -19.82
0.65, -0.69, -0.41, -4.50, 31.64, -11.83
0.73, -0.67, -0.31, -19.94, 32.73, 0.31
0.82, -0.66, -0.27, -33.03, 21.93, 15.98
0.85, -0.65, -0.32, -41.03, 11.62, 30.03
0.72, -0.64, -0.40, -46.67, 8.48, 35.92
0.50, -0.63, -0.46, -47.61, 18.55, 36.86
0.34, -0.66, -0.49, -41.40, 16.57, 28.26
0.18, -0.74, -0.58, -24.95, -22.53, 11.19
-0.05, -0.81, -0.73, -5.41, -33.30, -5.39
-0.17, -0.83, -0.76, 2.39, -5.36, -24.35
-0.10, -0.82, -0.63, 7.91, 15.71, -40.84
0.14, -0.77, -0.53, 10.46, 26.45, -41.46
0.44, -0.74, -0.51, 9.88, 27.86, -36.49
0.59, -0.75, -0.45, -2.58, 18.87, -27.75
0.69, -0.75, -0.34, -9.02, 4.52, -15.63
0.85, -0.70, -0.36, -15.67, -1.13, 0.33
0.90, -0.65, -0.37, -22.40, -4.16, 11.82
0.79, -0.65, -0.37, -28.73, 4.81, 21.92
0.60, -0.67, -0.42, -33.97, 11.81, 24.48
0.43, -0.66, -0.48, -33.84, 15.18, 23.55
0.31, -0.65, -0.49, -29.11, 9.82, 16.12
0.24, -0.68, -0.52, -18.49, -7.67, 6.79
0.14, -0.73, -0.58, -7.88, -17.21, -4.47
0.05, -0.77, -0.61, -0.53, -17.81, -18.21
0.02, -0.80, -0.57, 4.96, -9.78, -34.77
0.12, -0.81, -0.54, 8.52, -5.48, -41.25
0.33, -0.80, -0.50, 6.51, -3.53, -33.49
0.65, -0.75, -0.46, 1.48, 0.55, -16.43
0.89, -0.68, -0.40, -3.17, -3.75, -0.08
0.93, -0.61, -0.35, -11.29, 1.65, 13.25
0.81, -0.59, -0.33, -20.16, 13.48, 20.11
0.63, -0.64, -0.38, -34.19, 23.04, 25.03
0.49, -0.67, -0.44, -39.54, 25.22, 27.32
0.41, -0.64, -0.48, -40.20, 21.79, 24.63
0.37, -0.67, -0.48, -37.78, 0.12, 20.79
0.34, -0.73, -0.54, -27.31, -23.20, 19.32
0.28, -0.75, -0.63, -13.79, -36.79, 8.05
0.13, -0.76, -0.68, -3.13, -30.61, -6.62
0.01, -0.80, -0.67, 1.25, 4.20, -18.71
0.06, -0.83, -0.61, 5.88, 14.82, -29.13
0.22, -0.82, -0.57, 10.10, 11.40, -32.76
0.42, -0.81, -0.55, 8.89, -6.06, -30.46
0.54, -0.80, -0.49, 5.28, -24.80, -26.89
0.63, -0.75, -0.43, 0.71, -23.97, -16.89
0.72, -0.68, -0.42, -5.19, -7.13, -4.87
0.71, -0.62, -0.36, -14.60, 7.49, 3.01
0.56, -0.63, -0.33, -19.25, 9.17, 6.33
0.46, -0.66, -0.41, -20.41, -7.22, 4.30
0.29, -0.69, -0.49, -18.05, -16.83, -3.04
0.20, -0.71, -0.51, -14.36, -22.32, -10.85
0.19, -0.71, -0.51, -7.91, -19.79, -15.36
0.28, -0.71, -0.51, -4.09, -17.26, -16.09
0.39, -0.73, -0.52, -1.65, -9.38, -10.90
0.48, -0.74, -0.51, -4.71, -2.87, -2.85
0.56, -0.71, -0.47, -6.13, 9.78, 1.51
0.59, -0.67, -0.45, -6.92, 7.34, -1.37
0.56, -0.67, -0.48, -8.29, -3.01, -0.05
0.48, -0.70, -0.52, -11.09, 1.27, 1.62
0.40, -0.71, -0.53, -15.09, 12.17, 1.49
0.41, -0.70, -0.52, -15.44, 24.19, 3.81
0.48, -0.69, -0.51, -17.18, 28.83, 8.37
0.54, -0.68, -0.50, -20.26, 31.29, 13.53
0.53, -0.70, -0.46, -22.87, 36.25, 15.78
0.46, -0.74, -0.45, -23.71, 40.97, 13.28
0.39, -0.82, -0.46, -25.99, 23.03, 8.79
0.33, -0.84, -0.48, -21.81, -0.75, 0.42
0.28, -0.82, -0.51, -12.33, -21.08, -12.51
0.22, -0.82, -0.59, -2.41, -26.03, -24.67
0.16, -0.83, -0.59, 2.13, -22.18, -32.90
0.24, -0.82, -0.54, 2.11, -5.62, -27.93
0.53, -0.73, -0.47, 1.38, 29.66, -13.64
0.71, -0.59, -0.38, -1.00, 0.75, -15.48
0.63, -0.56, -0.33, -9.88, 17.93, 4.59
0.69, -0.59, -0.34, -16.65, 14.06, 11.12
0.66, -0.59, -0.36, -19.46, -3.99, 12.74
0.52, -0.60, -0.43, -25.32, -1.74, 16.92
0.41, -0.64, -0.48, -26.99, 4.66, 15.41
0.36, -0.67, -0.50, -26.81, 19.12, 12.11
0.36, -0.71, -0.51, -25.56, 32.19, 12.01
0.37, -0.77, -0.52, -23.58, 26.45, 10.60
0.33, -0.81, -0.54, -17.38, 6.24, 5.24
0.32, -0.82, -0.57, -6.62, -17.99, -5.40
0.26, -0.82, -0.62, 4.30, -29.40, -20.26
0.16, -0.82, -0.62, 9.21, -26.71, -30.72
0.19, -0.82, -0.57, 8.16, -14.88, -30.54
0.42, -0.78, -0.51, 3.49, 11.67, -18.28
0.71, -0.68, -0.42, 1.15, 26.34, -10.93
0.76, -0.58, -0.35, -6.64, 7.48, -7.68
0.66, -0.58, -0.35, -17.51, 22.50, 10.14
0.69, -0.62, -0.36, -23.44, 7.74, 11.82
0.62, -0.62, -0.39, -27.37, -1.32, 16.83
0.49, -0.61, -0.44, -28.18, -0.24, 17.96
0.40, -0.64, -0.48, -27.23, 7.63, 16.17
0.35, -0.69, -0.49, -24.78, 11.13, 12.38
0.34, -0.74, -0.51, -19.87, 14.21, 10.64
0.33, -0.78, -0.52, -14.14, 8.80, 6.13
0.32, -0.84, -0.54, -7.94, -2.29, -1.29
0.29, -0.87, -0.55, -0.70, -14.54, -10.30
0.25, -0.86, -0.59, 6.86, -20.74, -23.56
0.26, -0.84, -0.59, 9.80, -15.07, -28.69
0.38, -0.80, -0.54, 6.55, 4.73, -21.90
0.60, -0.73, -0.45, -0.02, 31.16, -10.47
0.72, -0.63, -0.34, -6.83, 18.29, -5.75
0.67, -0.58, -0.31, -19.00, 15.12, 6.94
0.64, -0.59, -0.34, -25.51, -0.65, 9.97
0.55, -0.59, -0.38, -29.45, -9.47, 11.99
0.43, -0.59, -0.44, -30.49, -1.21, 12.38
0.39, -0.60, -0.48, -27.65, 9.69, 14.47
0.41, -0.64, -0.52, -27.04, 24.34, 18.41
0.44, -0.68, -0.53, -26.85, 39.18, 19.28
0.44, -0.72, -0.49, -28.19, 43.09, 18.81
0.41, -0.79, -0.41, -26.14, 15.68, 19.33
0.50, -0.85, -0.52, -18.27, 12.43, 17.79
0.42, -0.85, -0.57, -12.38, -3.22, 2.71
0.22, -0.86, -0.56, -6.05, -2.11, -13.08
0.15, -0.87, -0.59, 1.48, -10.30, -25.97
0.18, -0.84, -0.65, 9.28, -0.81, -33.41
0.27, -0.81, -0.59, 13.75, -2.03, -41.56
0.38, -0.78, -0.54, 11.51, -28.01, -34.79
0.64, -0.68, -0.56, 12.41, 36.43, -10.12
0.82, -0.60, -0.37, 1.33, 3.27, -16.34
0.69, -0.58, -0.27, -17.40, 26.14, 9.51
0.77, -0.57, -0.28, -29.40, 24.95, 22.82
0.78, -0.55, -0.28, -39.84, 9.24, 28.25
0.60, -0.54, -0.31, -43.22, -1.54, 32.76
0.46, -0.57, -0.40, -44.95, -3.53, 37.84
0.43, -0.59, -0.46, -37.77, -6.45, 36.53
0.40, -0.62, -0.53, -27.87, -4.19, 35.01
0.25, -0.68, -0.54, -21.43, -9.11, 22.59
0.11, -0.78, -0.56, -13.25, 1.46, 12.34
0.15, -0.86, -0.58, -7.98, -6.27, -2.83
0.22, -0.91, -0.55, -6.51, -7.35, -11.51
0.31, -0.89, -0.55, -3.43, -2.89, -15.24
0.43, -0.82, -0.56, 0.66, -3.21, -18.08
0.51, -0.78, -0.55, -0.01, -4.97, -15.95
0.55, -0.78, -0.52, -3.27, -5.49, -12.91
0.54, -0.76, -0.46, -7.89, 2.48, -12.30
0.49, -0.73, -0.44, -9.25, 15.35, -12.55
0.44, -0.68, -0.49, -11.29, 25.37, -12.33
0.41, -0.66, -0.49, -14.28, 28.93, -13.31
0.41, -0.68, -0.49, -17.98, 32.46, -11.21
0.42, -0.68, -0.46, -21.85, 24.05, -10.63
0.46, -0.68, -0.40, -21.52, 4.11, -6.50
0.60, -0.70, -0.44, -15.29, -12.33, 3.25
0.67, -0.70, -0.54, -8.56, -17.10, 10.02
0.52, -0.71, -0.53, -6.02, -10.31, 10.02
0.39, -0.73, -0.53, 1.45, -4.87, 8.84
0.38, -0.73, -0.57, 6.77, -4.24, 8.54
0.44, -0.73, -0.55, 10.77, 2.77, 7.79
0.43, -0.75, -0.47, 8.49, 10.31, 4.36
0.36, -0.77, -0.40, 1.36, 24.41, -1.95
0.33, -0.76, -0.37, -5.54, 29.82, -8.13
0.36, -0.72, -0.34, -16.34, 12.72, -10.31
0.43, -0.70, -0.29, -24.32, -1.96, -9.01
0.50, -0.67, -0.29, -31.30, -12.97, -7.40
0.51, -0.63, -0.34, -33.82, -4.07, -4.84
0.47, -0.61, -0.42, -36.81, 17.42, -1.73
0.44, -0.62, -0.47, -39.68, 32.21, 2.96
0.52, -0.66, -0.44, -36.65, 6.54, 12.66
0.70, -0.70, -0.51, -24.95, -22.94, 27.53
0.76, -0.69, -0.63, -13.35, -34.37, 30.43
0.53, -0.71, -0.59, -10.30, -18.25, 22.95
0.30, -0.80, -0.55, -7.54, 0.01, 16.37
0.27, -0.87, -0.59, -3.74, 8.66, 7.75
0.27, -0.90, -0.59, -1.16, 6.79, -2.83
0.21, -0.90, -0.52, -3.77, -0.04, -18.78
0.20, -0.87, -0.47, 0.40, -10.69, -29.79
0.28, -0.81, -0.52, 6.45, -30.14, -34.44
0.36, -0.77, -0.58, 11.34, -31.04, -34.44
0.41, -0.74, -0.57, 9.46, 2.40, -31.53
0.47, -0.68, -0.45, -1.52, 34.15, -27.58
0.52, -0.61, -0.29, -15.80, 38.27, -18.32
0.66, -0.55, -0.25, -27.63, 27.73, 0.23
0.83, -0.52, -0.29, -33.24, 2.16, 15.30
0.80, -0.50, -0.36, -34.20, -9.83, 23.66
0.61, -0.50, -0.43, -35.77, 0.58, 30.41
0.44, -0.53, -0.48, -34.26, 22.91, 31.98
0.37, -0.58, -0.51, -35.65, 41.28, 31.86
0.33, -0.66, -0.46, -35.33, 20.36, 29.06
0.41, -0.82, -0.45, -24.44, -27.03, 29.66
0.55, -0.92, -0.63, -5.98, -44.89, 25.03
0.32, -0.94, -0.70, 4.13, -37.73, -1.46
-0.05, -0.96, -0.63, -0.13, 12.64, -17.95
0.04, -0.95, -0.56, 3.44, 39.31, -27.09
0.35, -0.86, -0.52, 12.23, 5.28, -31.05
0.50, -0.80, -0.56, 18.72, -32.24, -27.64
0.53, -0.80, -0.61, 20.05, -23.07, -23.81
0.53, -0.74, -0.49, 10.96, 8.15, -27.32
0.46, -0.64, -0.31, -4.40, 31.67, -21.86
0.51, -0.56, -0.23, -20.22, 40.41, -6.63
0.66, -0.53, -0.24, -30.03, 30.66, 8.19
0.77, -0.51, -0.29, -33.65, 2.86, 19.97
0.70, -0.51, -0.39, -35.27, -14.43, 29.76
0.53, -0.52, -0.47, -32.38, -16.79, 33.72
0.43, -0.59, -0.51, -27.52, -2.80, 36.97
0.42, -0.64, -0.54, -20.25, 10.43, 35.35
0.34, -0.76, -0.55, -16.63, 5.96, 22.53
0.16, -0.90, -0.57, -12.23, 6.41, 11.04
0.11, -0.98, -0.61, -4.94, 3.64, -7.29
0.16, -0.98, -0.60, -0.50, 5.73, -18.15
0.27, -0.92, -0.58, 8.12, -0.45, -26.99
0.37, -0.87, -0.56, 12.86, -5.01, -30.32
0.41, -0.84, -0.53, 11.61, 4.56, -31.02
0.48, -0.80, -0.48, 5.83, 19.31, -29.45
0.52, -0.73, -0.37, -7.38, 28.16, -26.68
0.55, -0.65, -0.28, -18.69, 28.61, -15.24
0.68, -0.57, -0.25, -28.46, 16.90, -1.86
0.75, -0.51, -0.28, -31.24, -1.62, 9.59
0.72, -0.50, -0.37, -32.57, -14.74, 19.66
0.59, -0.53, -0.45, -31.79, -10.30, 25.28
0.45, -0.57, -0.49, -28.54, 9.65, 27.79
0.40, -0.61, -0.50, -27.83, 17.28, 30.04
0.39, -0.69, -0.50, -24.44, 9.44, 32.35
0.41, -0.78, -0.53, -13.53, -11.19, 26.09
0.33, -0.87, -0.58, -4.65, -19.01, 9.28
0.15, -0.95, -0.61, -1.38, -12.59, -10.21
0.03, -0.97, -0.58, 0.40, 6.76, -23.75
0.16, -0.91, -0.58, 7.47, 8.79, -30.60
0.36, -0.83, -0.55, 13.06, -1.16, -33.98
0.45, -0.81, -0.52, 12.25, 4.04, -31.54
0.51, -0.78, -0.46, 4.02, 14.13, -30.36
0.52, -0.72, -0.33, -12.14, 28.56, -23.07
0.60, -0.62, -0.22, -25.83, 20.57, -12.68
0.72, -0.55, -0.23, -33.75, 2.70, 3.96
0.77, -0.50, -0.31, -34.92, -10.23, 15.16
0.68, -0.50, -0.41, -34.21, -11.07, 22.68
0.51, -0.53, -0.48, -31.69, 1.83, 27.27
0.43, -0.57, -0.54, -28.05, 23.48, 29.25
0.41, -0.64, -0.52, -27.07, 16.76, 30.45
0.41, -0.74, -0.48, -21.66, -1.47, 34.14
0.46, -0.83, -0.50, -8.98, -33.80, 26.24
0.40, -0.92, -0.62, 2.07, -11.64, 10.42
0.12, -0.99, -0.61, -3.46, -20.74, -15.91
-0.04, -0.99, -0.56, 0.73, 25.17, -24.34
0.20, -0.90, -0.56, 7.24, 12.40, -34.88
0.40, -0.82, -0.55, 14.31, -6.93, -32.73
0.49, -0.80, -0.57, 16.14, -5.94, -28.46
0.53, -0.77, -0.49, 8.51, 10.11, -26.77
0.53, -0.69, -0.34, -5.39, 26.50, -20.57
0.57, -0.59, -0.22, -19.69, 16.45, -13.16
0.65, -0.53, -0.23, -31.89, 10.32, 3.21
0.70, -0.51, -0.26, -38.55, -3.37, 10.16
0.64, -0.50, -0.34, -39.26, -8.30, 17.05
0.51, -0.51, -0.44, -36.27, -4.63, 23.38
0.44, -0.55, -0.52, -30.18, 12.51, 26.68
0.41, -0.62, -0.54, -25.34, 14.87, 28.37
0.40, -0.72, -0.52, -20.69, 1.97, 27.48
0.42, -0.84, -0.53, -11.02, -22.89, 23.26
0.42, -0.92, -0.61, 0.11, -16.40, 13.08
0.29, -0.96, -0.63, 1.77, -11.53, -7.58
0.07, -0.96, -0.56, 0.66, 18.11, -18.63
0.16, -0.91, -0.55, 7.21, 16.55, -28.03
0.38, -0.85, -0.56, 13.36, -2.01, -29.40
0.50, -0.83, -0.56, 15.10, -3.28, -27.47
0.51, -0.79, -0.48, 7.15, 10.62, -26.04
0.49, -0.71, -0.35, -5.08, 25.11, -20.96
0.54, -0.62, -0.24, -17.82, 21.68, -12.61
0.63, -0.56, -0.22, -27.15, 7.75, 1.86
0.70, -0.53, -0.27, -33.65, -8.98, 11.17
0.64, -0.51, -0.34, -35.16, -14.69, 18.13
0.50, -0.51, -0.43, -33.26, -7.31, 22.73
0.41, -0.56, -0.49, -31.13, 5.75, 26.22
0.42, -0.59, -0.51, -26.91, 12.95, 31.34
0.45, -0.72, -0.52, -21.79, -0.19, 31.10
0.43, -0.80, -0.53, -12.24, -15.12, 26.21
0.34, -0.89, -0.60, -2.91, -19.99, 11.60
0.18, -0.95, -0.65, 1.89, -7.35, -6.09
0.09, -0.98, -0.59, 0.60, 12.88, -20.19
0.19, -0.95, -0.56, 6.17, 12.11, -27.90
0.36, -0.88, -0.55, 10.70, 3.19, -30.51
0.50, -0.85, -0.54, 13.58, 4.23, -28.25
0.54, -0.81, -0.49, 7.48, 14.90, -26.60
0.52, -0.75, -0.38, -4.99, 26.16, -23.01
0.53, -0.66, -0.27, -17.52, 25.77, -13.31
0.62, -0.59, -0.24, -27.02, 14.29, -2.06
0.68, -0.53, -0.28, -30.98, -0.91, 6.53
0.64, -0.50, -0.35, -31.19, -7.27, 13.50
0.51, -0.51, -0.44, -30.69, 0.92, 17.19
0.42, -0.55, -0.49, -27.74, 14.05, 20.52
0.41, -0.61, -0.51, -25.84, 22.15, 23.54
0.46, -0.69, -0.50, -24.24, 15.18, 26.63
0.47, -0.78, -0.47, -21.98, -2.85, 26.80
0.46, -0.86, -0.47, -13.05, -18.05, 19.01
0.39, -0.92, -0.56, -4.54, -10.54, 6.22
0.23, -0.95, -0.60, -4.62, 0.75, -11.43
0.10, -0.96, -0.57, -3.67, 18.21, -21.68
0.22, -0.90, -0.56, 2.33, 15.69, -27.61
0.39, -0.82, -0.55, 9.71, -7.47, -29.33
0.47, -0.78, -0.56, 13.80, -1.96, -24.59
0.51, -0.74, -0.48, 6.10, 17.29, -24.85
0.49, -0.67, -0.30, -8.79, 27.44, -18.82
0.54, -0.59, -0.20, -21.67, 21.80, -5.89
0.69, -0.53, -0.21, -29.22, 4.67, 8.48
0.74, -0.50, -0.27, -32.35, -12.83, 14.34
0.58, -0.51, -0.37, -33.14, -11.31, 19.84
0.44, -0.54, -0.45, -30.68, -0.46, 24.11
0.39, -0.60, -0.50, -26.14, 8.61, 25.31
0.42, -0.67, -0.51, -22.27, 7.87, 28.96
0.45, -0.76, -0.51, -15.74, -2.30, 27.70
0.43, -0.85, -0.54, -7.50, -12.20, 18.80
0.33, -0.93, -0.56, -2.31, -13.53, 5.74
0.20, -0.97, -0.58, -1.43, -0.72, -7.86
0.17, -0.95, -0.55, 0.49, 5.42, -19.46
0.28, -0.88, -0.53, 4.39, 1.81, -24.59
0.43, -0.83, -0.51, 7.29, -5.19, -24.38
0.50, -0.80, -0.49, 5.54, 3.25, -20.99
0.50, -0.75, -0.42, -2.99, 15.23, -21.24
0.49, -0.68, -0.33, -12.85, 23.46, -14.26
0.57, -0.62, -0.28, -22.51, 15.16, -4.18
0.66, -0.58, -0.28, -29.06, 0.66, 6.21
0.67, -0.55, -0.32, -31.74, -10.59, 12.63
0.57, -0.55, -0.40, -32.32, -4.19, 17.26
0.43, -0.58, -0.46, -31.42, 10.08, 19.20
0.40, -0.63, -0.50, -27.58, 29.06, 20.55
0.43, -0.69, -0.51, -26.41, 33.58, 20.44
0.45, -0.78, -0.50, -23.03, 21.80, 21.46
0.44, -0.86, -0.52, -14.86, -9.76, 17.52
0.41, -0.91, -0.59, -1.85, -21.38, 10.75
0.32, -0.92, -0.62, 4.53, -15.44, -4.97
0.15, -0.92, -0.56, 3.85, -2.31, -21.88
0.13, -0.89, -0.52, 7.16, 7.96, -29.12
0.29, -0.83, -0.53, 11.79, 3.30, -29.36
0.44, -0.79, -0.51, 10.71, 12.28, -24.85
0.51, -0.73, -0.41, 2.14, 19.16, -23.75
0.53, -0.66, -0.28, -10.66, 21.21, -15.79
0.62, -0.59, -0.21, -21.83, 9.53, -4.48
0.71, -0.55, -0.23, -28.79, -4.84, 7.65
0.69, -0.53, -0.30, -32.24, -11.23, 14.67
0.55, -0.53, -0.39, -32.18, -1.77, 20.23
0.43, -0.56, -0.46, -31.72, 8.25, 22.60
0.41, -0.61, -0.50, -28.31, 9.94, 26.13
0.48, -0.69, -0.51, -23.12, 3.06, 30.45
0.51, -0.78, -0.51, -15.52, -10.42, 30.55
0.42, -0.86, -0.53, -6.36, -10.88, 19.73
0.25, -0.93, -0.56, -2.02, -3.85, 0.61
0.09, -0.97, -0.57, -3.56, 11.49, -13.14
0.15, -0.96, -0.54, -0.45, 14.18, -23.69
0.33, -0.89, -0.53, 5.58, 3.69, -24.70
0.46, -0.83, -0.51, 8.86, -8.24, -25.55
0.50, -0.81, -0.50, 7.39, -0.31, -23.31
0.51, -0.76, -0.42, -0.76, 12.48, -22.70
0.51, -0.69, -0.33, -11.23, 22.73, -15.10
0.56, -0.61, -0.26, -23.24, 15.60, -8.07
0.64, -0.56, -0.27, -29.16, 4.96, 4.58
0.66, -0.54, -0.33, -30.30, -13.10, 10.93
0.57, -0.53, -0.40, -31.60, -8.86, 16.13
0.43, -0.56, -0.46, -29.52, 6.78, 17.29
0.37, -0.61, -0.49, -27.44, 20.28, 19.55
0.41, -0.67, -0.49, -24.53, 25.57, 25.02
0.47, -0.74, -0.49, -22.24, 19.64, 25.35
0.47, -0.81, -0.48, -17.37, 6.80, 21.70
0.42, -0.88, -0.51, -10.31, -13.23, 14.58
0.36, -0.93, -0.57, -1.57, -9.47, 4.32
0.27, -1.00, -0.57, -0.85, -4.16, -12.57
0.18, -0.95, -0.53, 1.05, 10.25, -20.81
0.25, -0.88, -0.52, 5.52, 3.30, -28.43
0.36, -0.82, -0.51, 9.85, 1.20, -27.81
0.45, -0.78, -0.49, 8.57, 8.62, -25.91
0.50, -0.72, -0.40, -0.83, 22.09, -20.86
0.53, -0.64, -0.26, -13.78, 23.16, -14.65
0.60, -0.57, -0.19, -24.78, 11.28, -0.91
0.71, -0.53, -0.22, -31.81, -6.77, 10.04
0.69, -0.52, -0.29, -34.98, -14.70, 16.29
0.53, -0.53, -0.39, -36.59, -5.15, 20.93
0.41, -0.57, -0.46, -35.56, 14.23, 22.75
0.38, -0.62, -0.49, -32.28, 27.69, 24.52
0.43, -0.69, -0.49, -30.28, 18.64, 25.96
0.47, -0.81, -0.49, -21.49, -6.89, 26.59
0.48, -0.91, -0.57, -9.76, -24.13, 21.77
0.33, -0.97, -0.63, -0.03, -20.78, 1.18
0.10, -0.97, -0.64, -2.09, 13.69, -17.20
0.09, -0.92, -0.57, 2.60, 31.06, -29.74
0.27, -0.85, -0.57, 12.30, 12.14, -35.03
0.40, -0.82, -0.61, 15.95, 12.35, -33.16
0.43, -0.80, -0.55, 12.19, 16.41, -36.19
0.45, -0.74, -0.41, 0.92, 26.73, -27.24
0.66, -0.64, -0.21, -13.03, 26.82, -4.56
0.96, -0.56, -0.13, -21.05, 3.79, 11.74
0.92, -0.49, -0.19, -29.48, -10.98, 24.06
0.66, -0.51, -0.24, -38.76, -5.27, 28.66
0.42, -0.58, -0.35, -42.47, 1.72, 29.03
0.31, -0.58, -0.45, -40.61, 14.48, 29.59
0.35, -0.59, -0.46, -36.89, 8.55, 29.88
0.43, -0.67, -0.46, -29.26, -15.30, 34.37
0.47, -0.78, -0.54, -13.78, -27.38, 31.43
0.33, -0.89, -0.59, -6.42, -30.27, 11.24
0.02, -0.95, -0.63, -2.68, -2.12, -5.97
0.01, -0.96, -0.58, -5.51, 34.62, -15.92
0.29, -0.92, -0.51, 2.12, 19.27, -19.25
0.49, -0.83, -0.50, 6.17, -5.55, -18.55
0.48, -0.81, -0.50, 8.39, -17.21, -20.40
0.42, -0.79, -0.49, 6.74, -9.44, -23.21
0.43, -0.74, -0.45, 1.49, 9.79, -21.38
0.50, -0.67, -0.37, -8.44, 18.68, -14.77
0.58, -0.63, -0.29, -18.51, 21.78, -3.14
0.67, -0.61, -0.24, -28.95, 10.69, 10.28
0.75, -0.60, -0.27, -33.02, -1.14, 21.22
0.70, -0.60, -0.34, -35.85, -8.74, 27.67
0.57, -0.61, -0.41, -35.44, -5.29, 32.07
0.45, -0.66, -0.47, -30.49, 4.79, 30.21
0.36, -0.75, -0.52, -21.06, -2.04, 18.42
0.17, -0.89, -0.58, -14.05, -11.51, 3.24
0.05, -0.97, -0.67, -6.85, -1.31, -10.97
0.07, -0.93, -0.65, -0.03, 16.71, -21.88
0.21, -0.84, -0.60, 9.27, 16.40, -29.16
0.40, -0.79, -0.55, 10.23, 12.21, -26.70
0.49, -0.78, -0.48, 6.20, 13.56, -21.38
0.53, -0.73, -0.39, -2.31, 20.39, -19.23
0.55, -0.66, -0.30, -14.26, 23.98, -12.50
0.60, -0.60, -0.24, -26.58, 17.92, -3.26
0.67, -0.57, -0.23, -33.34, 4.01, 7.91
0.70, -0.56, -0.29, -36.08, -2.62, 17.62
0.63, -0.57, -0.36, -36.24, -0.58, 25.20
0.51, -0.61, -0.41, -36.04, 9.29, 28.18
0.46, -0.69, -0.45, -33.54, 7.72, 32.02
0.46, -0.74, -0.48, -24.53, -4.38, 30.28
0.42, -0.84, -0.54, -14.00, -17.33, 21.79
0.25, -0.92, -0.61, -6.31, -11.15, 6.38
0.07, -0.95, -0.61, -2.16, -0.42, -11.76
0.07, -0.95, -0.57, -0.39, 19.10, -21.49
0.27, -0.89, -0.54, 5.63, 9.44, -24.24
0.43, -0.81, -0.51, 7.11, 1.97, -22.78
0.48, -0.77, -0.46, 4.60, -2.07, -21.65
0.47, -0.73, -0.42, -0.32, 3.58, -21.23
0.46, -0.66, -0.37, -9.06, 9.83, -18.53
0.49, -0.62, -0.32, -17.83, 10.85, -12.63
0.54, -0.58, -0.30, -26.02, 9.06, -3.42
0.60, -0.57, -0.32, -30.85, 2.44, 8.05
0.64, -0.56, -0.37, -31.29, 1.21, 16.71
0.61, -0.58, -0.43, -31.43, 6.58, 23.32
0.53, -0.62, -0.46, -31.50, 18.59, 28.43
0.49, -0.68, -0.47, -31.24, 17.99, 30.95
0.49, -0.75, -0.46, -27.35, -9.36, 30.29
0.49, -0.84, -0.56, -11.33, -10.66, 31.36
0.42, -0.91, -0.63, -2.74, -16.00, 9.45
0.06, -0.97, -0.59, -2.04, 0.09, -10.21
-0.05, -0.97, -0.57, -3.14, 34.83, -18.87
0.23, -0.89, -0.51, 6.25, 22.55, -25.45
0.45, -0.81, -0.48, 10.36, -6.58, -25.27
0.48, -0.78, -0.48, 11.27, -17.12, -23.46
0.44, -0.76, -0.45, 7.25, -7.85, -27.81
0.41, -0.71, -0.39, -2.83, 9.41, -26.42
0.44, -0.65, -0.30, -15.04, 16.79, -20.72
0.55, -0.60, -0.25, -25.65, 12.90, -8.92
0.66, -0.57, -0.27, -31.38, 1.74, 4.94
0.72, -0.54, -0.34, -32.14, -8.28, 14.30
0.66, -0.55, -0.42, -30.35, -5.80, 24.25
0.53, -0.58, -0.46, -29.44, 3.66, 28.51
0.45, -0.63, -0.49, -26.56, 13.73, 32.52
0.44, -0.70, -0.49, -25.26, 9.48, 33.65
0.46, -0.81, -0.50, -17.59, -6.51, 32.29
0.44, -0.87, -0.56, -4.34, 0.92, 24.78
0.26, -0.95, -0.57, -1.79, -5.22, -0.62
0.01, -1.00, -0.56, -4.16, 20.96, -11.68
0.12, -0.97, -0.53, -0.56, 22.83, -20.89
0.39, -0.86, -0.49, 4.79, 8.08, -22.30
0.48, -0.78, -0.45, 3.28, -9.63, -21.40
0.45, -0.73, -0.42, 1.39, -6.45, -21.04
0.42, -0.67, -0.36, -5.16, -3.11, -22.62
0.43, -0.62, -0.31, -13.31, 0.22, -16.99
0.49, -0.58, -0.29, -21.46, -2.54, -7.50
0.57, -0.56, -0.29, -29.89, -3.54, 3.57
0.61, -0.57, -0.33, -33.30, -1.40, 11.69
0.62, -0.59, -0.39, -33.49, 1.42, 21.23
0.60, -0.64, -0.46, -32.89, -0.70, 29.90
0.57, -0.70, -0.51, -27.30, -9.08, 34.44
0.51, -0.79, -0.58, -14.02, -15.50, 32.19
0.38, -0.89, -0.63, -7.33, -11.96, 16.46
0.09, -0.95, -0.67, -2.29, 1.96, -0.67
-0.04, -0.94, -0.66, -2.18, 30.22, -14.72
0.12, -0.89, -0.56, 4.43, 26.59, -24.09
0.33, -0.81, -0.52, 8.45, 7.33, -25.68
0.43, -0.76, -0.48, 6.91, -4.59, -24.18
0.45, -0.73, -0.42, 2.52, 3.29, -22.25
0.47, -0.69, -0.34, -8.25, 7.72, -20.78
0.50, -0.65, -0.28, -18.95, 13.21, -12.34
0.58, -0.62, -0.26, -28.48, 8.38, -3.77
0.66, -0.60, -0.30, -33.64, 0.62, 8.17
0.70, -0.60, -0.36, -33.24, -4.74, 18.32
0.65, -0.62, -0.43, -31.41, -2.37, 26.68
0.56, -0.66, -0.47, -26.98, -3.98, 31.14
0.50, -0.72, -0.53, -18.01, 2.11, 32.75
0.42, -0.80, -0.56, -10.01, -2.07, 22.08
0.22, -0.89, -0.56, -7.34, 0.38, 5.81
0.04, -0.94, -0.57, -4.71, 8.30, -8.58
0.06, -0.93, -0.55, -1.90, 16.05, -21.98
0.24, -0.87, -0.53, 4.90, 6.84, -26.39
0.39, -0.81, -0.52, 6.51, -3.06, -26.76
0.43, -0.79, -0.48, 5.50, 1.48, -27.12
0.43, -0.74, -0.43, 0.04, 12.11, -25.19
0.48, -0.68, -0.36, -8.68, 18.19, -17.53
0.58, -0.62, -0.30, -17.50, 14.51, -8.84
0.65, -0.57, -0.28, -24.05, 4.22, 4.36
0.69, -0.53, -0.30, -28.50, -7.21, 14.43
0.64, -0.54, -0.35, -31.91, -9.16, 22.18
0.52, -0.57, -0.42, -32.51, -1.10, 26.94
0.44, -0.62, -0.47, -30.33, 9.67, 29.67
0.42, -0.69, -0.50, -23.78, 13.17, 28.89
0.40, -0.81, -0.54, -18.59, 4.20, 22.43
0.29, -0.89, -0.56, -11.88, -7.74, 13.80
0.19, -0.97, -0.59, -4.94, -4.32, 0.14
0.16, -0.96, -0.60, -0.60, 6.89, -12.28
0.21, -0.92, -0.56, 5.62, 5.36, -21.64
0.33, -0.87, -0.54, 6.87, 9.55, -22.62
0.43, -0.82, -0.49, 4.96, 6.25, -22.77
0.43, -0.77, -0.43, -1.33, 11.83, -22.26
0.46, -0.70, -0.36, -9.52, 15.56, -18.59
0.53, -0.63, -0.28, -17.28, 10.23, -10.60
0.59, -0.58, -0.29, -25.80, -0.79, -0.25
0.64, -0.54, -0.28, -30.09, -6.85, 11.94
0.64, -0.53, -0.32, -32.05, -8.76, 20.06
0.56, -0.55, -0.37, -34.61, -1.89, 26.36
0.48, -0.60, -0.41, -35.03, 2.35, 31.32
0.46, -0.68, -0.48, -28.65, 2.58, 31.83
0.44, -0.79, -0.54, -17.91, -8.80, 24.37
0.30, -0.92, -0.57, -10.99, -19.46, 10.96
0.15, -1.00, -0.64, -1.90, -8.24, -1.54
0.12, -1.00, -0.66, 0.46, 9.17, -15.10
0.18, -0.93, -0.58, 6.54, 7.88, -23.74
0.34, -0.84, -0.56, 10.14, 8.69, -23.12
0.45, -0.80, -0.51, 7.38, 9.00, -22.30
0.47, -0.75, -0.43, 0.52, 13.92, -20.14
0.45, -0.68, -0.35, -10.89, 13.25, -18.50
0.48, -0.60, -0.29, -22.54, 9.18, -10.21
0.55, -0.55, -0.27, -31.76, 0.29, -2.31
0.59, -0.52, -0.30, -36.30, -9.80, 8.52
0.60, -0.52, -0.36, -35.39, -12.12, 17.58
0.55, -0.56, -0.43, -33.16, -3.04, 25.03
0.50, -0.61, -0.47, -29.09, 5.72, 29.40
0.48, -0.70, -0.51, -24.27, 10.21, 32.66
0.47, -0.79, -0.54, -17.00, 0.38, 27.40
0.38, -0.90, -0.57, -10.50, -7.02, 20.16
0.24, -0.98, -0.60, -2.08, 1.41, 6.96
0.13, -0.99, -0.62, -0.68, 10.10, -7.38
0.13, -0.95, -0.56, 3.86, 15.95, -19.56
0.29, -0.88, -0.55, 10.61, 11.64, -22.27
0.40, -0.83, -0.53, 12.18, -1.06, -25.19
0.39, -0.79, -0.50, 10.37, 9.87, -26.33
0.38, -0.73, -0.42, -1.23, 16.04, -25.72
0.43, -0.67, -0.32, -11.48, 18.41, -19.33
0.53, -0.60, -0.25, -23.35, 5.98, -9.92
0.60, -0.55, -0.26, -31.79, -5.29, -0.18
0.62, -0.53, -0.30, -34.70, -15.85, 10.30
0.58, -0.54, -0.37, -35.27, -13.03, 18.05
0.50, -0.58, -0.45, -31.91, 2.43, 24.09
0.45, -0.64, -0.51, -27.90, 13.62, 29.38
0.46, -0.71, -0.55, -19.67, 14.32, 31.34
0.45, -0.80, -0.57, -10.31, 0.14, 27.60
0.36, -0.92, -0.60, 0.27, -5.04, 15.71
0.19, -1.01, -0.60, 2.12, -2.12, -2.63
0.06, -1.00, -0.58, 1.56, 20.88, -16.50
0.13, -0.92, -0.53, 7.40, 15.62, -26.97
0.33, -0.86, -0.52, 12.05, 3.96, -28.75
0.40, -0.83, -0.49, 9.88, -0.90, -30.45
0.39, -0.77, -0.44, 3.27, 10.24, -30.85
0.42, -0.70, -0.34, -7.98, 16.19, -26.52
0.52, -0.61, -0.27, -19.43, 12.20, -16.23
0.62, -0.54, -0.26, -29.73, -1.45, -1.54
0.67, -0.48, -0.27, -35.28, -14.03, 9.51
0.65, -0.48, -0.32, -36.41, -15.27, 17.94
0.57, -0.54, -0.39, -37.35, -10.42, 25.33
0.48, -0.61, -0.46, -34.22, -1.37, 30.72
0.44, -0.68, -0.52, -27.92, 5.92, 33.31
0.43, -0.78, -0.54, -19.21, -6.54, 29.24
0.41, -0.89, -0.57, -8.98, -11.73, 24.75
0.30, -0.99, -0.60, -2.16, -19.40, 7.10
0.12, -1.02, -0.61, -0.40, 3.92, -7.42
0.08, -0.98, -0.56, 0.45, 13.10, -23.60
0.21, -0.90, -0.52, 5.40, 11.22, -28.88
0.37, -0.84, -0.52, 4.62, -6.83, -31.64
0.38, -0.80, -0.51, 2.91, -2.97, -31.28
0.38, -0.71, -0.45, -5.10, 5.27, -27.71
0.45, -0.62, -0.36, -12.33, 14.88, -21.71
0.57, -0.55, -0.29, -20.65, 7.11, -12.32
0.64, -0.52, -0.30, -27.99, 1.28, 4.65
0.68, -0.53, -0.34, -31.85, -2.88, 16.63
0.67, -0.56, -0.38, -32.08, -5.75, 25.74
0.56, -0.61, -0.44, -29.59, 0.91, 30.77
0.46, -0.67, -0.51, -25.36, 6.97, 31.88
0.40, -0.76, -0.53, -19.19, 2.67, 30.28
0.36, -0.85, -0.56, -9.68, -4.14, 23.35
0.27, -0.94, -0.58, -3.79, -10.39, 6.95
0.08, -0.99, -0.59, -4.44, 1.94, -11.74
0.02, -0.96, -0.56, -0.07, 15.10, -25.43
0.19, -0.89, -0.56, 7.51, 10.70, -32.14
0.37, -0.84, -0.56, 11.13, -2.30, -33.97
0.40, -0.81, -0.53, 9.03, 4.02, -31.37
0.42, -0.75, -0.46, 1.37, 19.16, -27.53
0.50, -0.66, -0.33, -9.91, 22.78, -21.62
0.60, -0.59, -0.25, -18.05, 7.95, -11.46
0.65, -0.53, -0.29, -27.21, -2.41, 2.87
0.65, -0.51, -0.33, -30.40, -5.43, 11.17
0.58, -0.53, -0.37, -32.59, -4.40, 17.18
0.50, -0.57, -0.44, -29.98, 2.49, 24.09
0.45, -0.64, -0.49, -25.48, 1.59, 29.19
0.46, -0.72, -0.52, -18.04, -1.87, 31.98
0.45, -0.82, -0.55, -10.61, -5.84, 28.09
0.35, -0.90, -0.55, -4.32, -4.10, 13.39
0.15, -0.97, -0.55, -2.60, -1.23, -4.50
0.04, -0.99, -0.55, -4.54, 13.38, -19.54
0.14, -0.94, -0.55, 3.09, 8.21, -28.84
0.30, -0.86, -0.55, 7.94, -2.87, -34.45
0.38, -0.82, -0.53, 7.54, -0.17, -34.00
0.41, -0.77, -0.47, 3.31, 16.05, -31.48
0.47, -0.69, -0.36, -7.49, 25.99, -26.10
0.57, -0.62, -0.28, -12.59, 17.29, -17.01
0.64, -0.55, -0.32, -19.56, 5.41, -5.93
0.66, -0.54, -0.34, -28.90, 0.46, 6.15
0.67, -0.55, -0.33, -32.20, 1.76, 15.16
0.64, -0.56, -0.39, -32.93, 6.19, 23.59
0.55, -0.60, -0.44, -32.57, 19.22, 28.28
0.46, -0.70, -0.45, -33.14, 14.78, 30.49
0.46, -0.79, -0.50, -27.85, 22.71, 32.71
0.42, -0.84, -0.49, -24.97, -4.05, 24.06
0.28, -0.88, -0.50, -14.23, -15.56, 13.49
0.20, -0.93, -0.59, -6.46, -18.05, -4.20
0.09, -0.93, -0.60, -6.81, -6.64, -18.04
0.11, -0.90, -0.55, 1.14, 1.57, -28.21
0.28, -0.84, -0.54, 5.26, -8.51, -32.35
0.38, -0.81, -0.55, 8.50, -17.14, -30.47
0.41, -0.75, -0.55, 9.17, 5.62, -26.25
0.47, -0.68, -0.45, 1.09, 16.06, -26.10
0.49, -0.63, -0.31, -8.22, 17.78, -18.61
0.58, -0.59, -0.26, -17.83, 1.57, -8.13
0.65, -0.56, -0.29, -28.47, -2.72, 6.71
0.66, -0.54, -0.31, -31.78, -8.79, 13.29
0.57, -0.52, -0.36, -33.88, -1.66, 19.79
0.48, -0.54, -0.44, -31.89, 5.97, 25.79
0.47, -0.63, -0.49, -25.74, 9.67, 31.30
0.49, -0.73, -0.53, -21.70, 2.59, 31.39
0.45, -0.84, -0.54, -15.32, -10.55, 26.60
0.38, -0.93, -0.55, -7.68, -18.45, 19.12
0.26, -0.98, -0.61, -1.15, -3.94, 1.62
0.12, -0.99, -0.59, -3.38, 9.84, -15.65
0.12, -0.94, -0.55, 1.51, 24.68, -24.99
0.28, -0.87, -0.55, 6.28, 14.53, -27.41
0.43, -0.80, -0.53, 7.97, 7.11, -27.26
0.43, -0.75, -0.47, 4.42, 4.47, -28.30
0.39, -0.68, -0.40, -5.46, 5.54, -22.56
0.49, -0.60, -0.30, -14.70, 12.69, -11.82
0.62, -0.54, -0.24, -23.82, 0.26, -2.74
0.65, -0.50, -0.29, -30.07, -4.39, 13.07
0.64, -0.50, -0.35, -33.13, -4.82, 20.78
0.58, -0.54, -0.42, -32.67, 1.72, 27.17
0.50, -0.59, -0.49, -28.69, 7.47, 31.91
0.48, -0.67, -0.54, -23.75, 6.70, 33.44
0.46, -0.78, -0.54, -19.72, -5.24, 30.75
0.41, -0.89, -0.54, -12.50, -15.29, 22.40
0.29, -0.98, -0.58, -4.16, -2.62, 7.38
0.10, -1.01, -0.59, -6.77, 11.54, -12.04
0.04, -0.99, -0.55, -4.75, 31.74, -23.25
0.25, -0.90, -0.53, 3.77, 19.31, -28.24
0.45, -0.82, -0.53, 6.49, 2.86, -26.95
0.45, -0.79, -0.49, 5.26, -1.64, -27.58
0.39, -0.74, -0.42, -1.19, 4.98, -27.23
0.42, -0.67, -0.36, -8.89, 9.40, -23.25
0.49, -0.60, -0.31, -16.45, 7.29, -15.87
0.56, -0.56, -0.29, -23.46, 6.07, -5.13
0.63, -0.54, -0.30, -27.88, 0.79, 6.78
0.66, -0.54, -0.36, -27.81, -1.96, 17.01
0.59, -0.56, -0.44, -27.93, -0.79, 24.39
0.51, -0.62, -0.48, -24.77, 5.23, 28.59
0.48, -0.68, -0.52, -19.96, 5.57, 32.19
0.47, -0.77, -0.54, -14.29, 6.22, 30.77
0.39, -0.86, -0.54, -9.65, 1.44, 19.97
0.21, -0.94, -0.55, -6.23, -0.33, 3.85
0.07, -0.97, -0.57, -5.12, 8.56, -13.38
0.10, -0.94, -0.56, 0.26, 10.16, -24.77
0.28, -0.86, -0.56, 8.48, 4.84, -29.47
0.38, -0.82, -0.55, 12.14, 1.44, -30.60
0.40, -0.80, -0.50, 7.96, 8.15, -30.67
0.41, -0.74, -0.41, -1.60, 18.61, -27.60
0.52, -0.67, -0.29, -11.66, 14.24, -21.60
0.63, -0.60, -0.26, -18.76, -0.11, -11.13
0.67, -0.55, -0.31, -26.58, -4.69, 0.65
0.66, -0.54, -0.33, -30.20, -4.52, 9.84
0.62, -0.55, -0.38, -30.13, 2.35, 17.41
0.55, -0.57, -0.46, -27.77, 10.78, 23.06
0.46, -0.63, -0.50, -23.02, 11.81, 26.83
0.44, -0.70, -0.52, -18.05, -5.59, 29.54
0.45, -0.79, -0.50, -10.31, -23.79, 28.94
0.45, -0.87, -0.51, -1.31, -22.53, 20.90
0.30, -0.94, -0.51, -1.19, -13.20, 3.69
0.04, -0.97, -0.49, -6.82, 8.35, -13.15
0.06, -0.94, -0.50, -5.28, 21.17, -24.65
0.31, -0.87, -0.51, -1.32, 8.54, -29.35
0.44, -0.82, -0.50, 0.24, -8.67, -28.79
0.46, -0.77, -0.48, -4.07, -3.58, -25.72
0.46, -0.71, -0.44, -8.36, 8.08, -24.04
0.49, -0.63, -0.38, -15.06, 18.67, -17.54
0.58, -0.59, -0.35, -20.78, 15.32, -5.71
0.69, -0.56, -0.35, -23.86, 6.63, 8.92
0.71, -0.55, -0.40, -23.07, -2.71, 18.99
0.59, -0.57, -0.44, -23.61, 3.45, 24.52
0.47, -0.61, -0.46, -21.63, 9.40, 24.41
0.40, -0.67, -0.48, -17.80, 11.30, 25.64
0.40, -0.74, -0.50, -13.41, 9.68, 22.87
0.36, -0.84, -0.50, -11.69, 3.55, 15.08
0.27, -0.90, -0.51, -8.77, 2.83, 3.74
0.21, -0.93, -0.52, -4.62, 6.30, -7.56
0.23, -0.93, -0.52, -0.97, 3.51, -19.13
0.30, -0.90, -0.53, 4.14, 1.20, -22.87
0.36, -0.86, -0.52, 6.29, -1.50, -27.25
0.39, -0.82, -0.49, 3.36, 9.18, -29.05
0.41, -0.77, -0.42, -4.79, 21.71, -26.82
0.48, -0.68, -0.32, -14.82, 24.15, -20.06
0.58, -0.60, -0.25, -21.53, 8.84, -7.35
0.68, -0.54, -0.26, -27.12, -5.66, 4.39
0.69, -0.50, -0.31, -27.94, -15.13, 13.54
0.58, -0.50, -0.38, -28.05, -6.48, 19.23
0.46, -0.54, -0.46, -27.32, 7.34, 23.07
0.42, -0.59, -0.49, -24.12, 17.13, 25.76
0.43, -0.67, -0.50, -20.33, 14.54, 27.49
0.45, -0.77, -0.49, -17.36, 2.43, 27.77
0.47, -0.87, -0.50, -11.21, -9.55, 23.63
0.41, -0.95, -0.51, -7.11, -15.04, 12.08
0.25, -0.97, -0.55, -5.28, 5.65, -2.36
0.16, -0.96, -0.53, -6.67, 10.97, -16.90
0.22, -0.92, -0.52, -2.29, 16.02, -20.73
0.38, -0.87, -0.50, 0.36, -0.97, -24.36
0.45, -0.81, -0.49, 2.72, -0.33, -24.61
0.42, -0.74, -0.47, -2.12, 5.68, -24.90
0.41, -0.68, -0.39, -9.77, 13.52, -21.68
0.49, -0.62, -0.31, -18.62, 14.68, -12.58
0.62, -0.57, -0.27, -25.38, 6.28, -0.08
0.69, -0.54, -0.30, -29.73, -2.35, 11.75
0.65, -0.54, -0.36, -30.79, -4.21, 19.29
0.56, -0.58, -0.43, -29.57, 1.83, 23.69
0.47, -0.64, -0.48, -28.07, 8.01, 25.77
0.45, -0.71, -0.51, -23.58, 1.34, 27.45
0.45, -0.79, -0.52, -19.45, -12.15, 26.79
0.45, -0.88, -0.54, -9.39, -10.98, 18.95
0.32, -0.95, -0.56, -4.68, -10.96, 2.98
0.09, -0.97, -0.56, -5.89, 14.64, -12.61
0.05, -0.94, -0.53, -2.68, 23.78, -24.38
0.28, -0.87, -0.52, 4.47, 10.77, -28.06
0.43, -0.81, -0.52, 8.56, -4.14, -28.13
0.44, -0.77, -0.48, 5.97, 1.93, -27.31
0.42, -0.72, -0.40, -0.67, 15.99, -23.79
0.48, -0.65, -0.30, -12.48, 16.14, -16.55
0.59, -0.59, -0.24, -20.25, 4.84, -3.76
0.69, -0.54, -0.26, -25.86, -5.11, 7.31
0.66, -0.53, -0.33, -27.56, -12.69, 14.29
0.52, -0.55, -0.40, -27.91, -0.99, 20.04
0.44, -0.59, -0.46, -27.49, 7.60, 20.71
0.42, -0.64, -0.50, -22.94, 15.95, 23.30
0.43, -0.71, -0.51, -21.21, 13.63, 24.69
0.44, -0.81, -0.51, -16.58, 5.07, 22.58
0.43, -0.90, -0.53, -11.24, -6.01, 13.95
0.35, -0.96, -0.55, -5.51, -5.58, 2.84
0.24, -0.94, -0.57, -4.00, 13.68, -11.20
0.20, -0.94, -0.55, 0.26, 16.26, -24.05
0.29, -0.88, -0.54, 5.73, 12.22, -26.32
0.41, -0.84, -0.54, 8.75, 6.31, -26.88
0.43, -0.79, -0.50, 6.82, 12.24, -26.94
0.45, -0.73, -0.40, -1.20, 22.79, -22.35
0.53, -0.66, -0.27, -12.89, 21.36, -13.98
0.64, -0.59, -0.21, -20.86, 8.37, -2.46
0.69, -0.52, -0.22, -27.52, -10.91, 9.84
0.64, -0.50, -0.28, -30.90, -16.99, 17.24
0.51, -0.53, -0.36, -32.25, -7.42, 21.75
0.40, -0.56, -0.42, -29.90, 2.52, 23.09
0.39, -0.61, -0.47, -25.69, 9.68, 24.82
0.43, -0.68, -0.49, -22.80, 8.82, 26.27
0.43, -0.79, -0.49, -18.97, -1.27, 23.87
0.41, -0.90, -0.50, -12.46, -10.75, 15.93
0.36, -0.98, -0.55, -4.91, -14.08, 6.09
0.27, -0.99, -0.61, -2.98, 4.64, -7.65
0.18, -0.94, -0.55, 0.08, 13.82, -20.74
0.24, -0.90, -0.54, 5.88, 7.81, -29.21
0.37, -0.87, -0.56, 11.34, 1.64, -30.16
0.41, -0.83, -0.54, 10.19, 1.33, -33.93
0.41, -0.78, -0.45, 2.21, 18.55, -28.79
0.51, -0.71, -0.28, -9.10, 23.76, -20.96
0.65, -0.61, -0.23, -17.59, 13.15, -9.45
0.71, -0.55, -0.25, -23.55, -2.12, 5.70
0.70, -0.52, -0.29, -26.87, -7.56, 13.79
0.59, -0.53, -0.35, -30.55, -4.54, 19.46
0.44, -0.55, -0.41, -30.72, 1.84, 21.34
0.38, -0.59, -0.45, -27.82, 8.57, 23.06
0.40, -0.67, -0.47, -24.65, 8.09, 24.69
0.43, -0.75, -0.47, -22.86, 2.47, 24.09
0.42, -0.82, -0.46, -19.16, -1.78, 21.26
0.38, -0.88, -0.48, -13.52, -10.80, 12.10
0.31, -0.93, -0.53, -7.46, -3.73, 2.61
0.26, -0.94, -0.56, -5.43, 1.51, -9.72
0.24, -0.93, -0.53, -0.51, 7.29, -18.77
0.30, -0.88, -0.53, 4.93, 3.29, -24.83
0.37, -0.85, -0.54, 6.72, -1.59, -28.97
0.44, -0.81, -0.51, 5.86, 5.53, -28.40
0.46, -0.75, -0.44, -0.34, 13.21, -24.24
0.54, -0.68, -0.32, -9.62, 13.91, -16.42
0.66, -0.62, -0.26, -16.86, 7.99, -2.57
0.73, -0.57, -0.27, -21.84, -0.95, 8.60
0.66, -0.55, -0.32, -26.08, -4.52, 13.61
0.49, -0.57, -0.38, -30.30, 4.91, 17.93
0.40, -0.60, -0.44, -28.79, 7.32, 17.57
0.40, -0.63, -0.48, -25.12, 8.25, 20.80
0.43, -0.68, -0.50, -21.50, 3.85, 22.92
0.46, -0.75, -0.48, -19.93, -2.70, 24.71
0.45, -0.80, -0.46, -18.47, -4.22, 22.77
0.41, -0.86, -0.45, -16.24, -7.45, 15.43
0.35, -0.89, -0.48, -13.51, 9.25, 7.69
0.26, -0.91, -0.48, -15.03, 8.48, -4.34
0.23, -0.88, -0.49, -13.25, 16.28, -9.86
0.34, -0.82, -0.50, -7.66, 7.15, -13.65
0.42, -0.79, -0.49, -4.46, -0.56, -17.63
0.39, -0.77, -0.49, -2.14, -5.81, -20.37
0.34, -0.75, -0.51, 0.62, 3.24, -24.56
0.35, -0.73, -0.50, 0.94, 10.54, -26.65
0.40, -0.72, -0.45, -2.11, 16.81, -23.17
0.51, -0.70, -0.39, -10.45, 17.91, -14.80
0.64, -0.67, -0.30, -17.27, 16.57, 1.15
0.76, -0.61, -0.27, -22.87, 2.96, 12.66
0.78, -0.58, -0.30, -27.83, -4.14, 24.28
0.67, -0.60, -0.34, -35.05, 1.00, 29.22
0.51, -0.64, -0.39, -38.55, 10.86, 31.94
0.42, -0.68, -0.42, -38.55, 11.94, 33.19
0.43, -0.76, -0.44, -30.40, -9.27, 30.36
0.38, -0.86, -0.51, -17.72, -25.34, 18.21
0.16, -0.95, -0.59, -11.36, -24.80, -3.14
-0.10, -0.97, -0.64, -9.42, 2.61, -17.70
-0.00, -0.91, -0.59, -1.44, 20.14, -30.17
0.28, -0.81, -0.55, 9.61, 8.23, -33.96
0.43, -0.77, -0.56, 16.29, -8.18, -33.15
0.40, -0.77, -0.57, 15.06, -1.75, -35.26
0.38, -0.74, -0.50, 9.23, 18.64, -34.37
0.49, -0.69, -0.37, -2.52, 35.06, -23.79
0.69, -0.62, -0.24, -16.97, 26.06, -9.32
0.85, -0.58, -0.18, -27.49, 11.79, 11.48
0.94, -0.55, -0.23, -30.75, -4.96, 25.87
0.79, -0.55, -0.30, -36.28, -3.99, 33.79
0.53, -0.59, -0.37, -40.06, 1.45, 35.74
0.40, -0.63, -0.44, -36.41, 8.64, 40.19
0.42, -0.68, -0.49, -25.85, 4.69, 36.40
0.34, -0.78, -0.51, -14.03, -27.40, 20.51
0.08, -0.88, -0.59, -5.31, -15.96, 5.43
-0.08, -0.96, -0.62, -3.81, -2.12, -16.28
0.02, -0.94, -0.57, 0.89, 12.22, -26.58
0.30, -0.85, -0.52, 8.84, 4.70, -27.97
0.49, -0.81, -0.52, 10.28, -1.10, -26.08
0.52, -0.79, -0.47, 4.14, 9.52, -22.96
0.55, -0.75, -0.40, -4.09, 18.81, -16.82
0.65, -0.70, -0.31, -17.78, 19.61, -5.73
0.73, -0.65, -0.25, -25.68, 10.46, 7.44
0.79, -0.61, -0.27, -30.96, -0.29, 17.72
0.71, -0.59, -0.34, -35.82, -0.29, 26.07
0.53, -0.59, -0.40, -38.32, 3.77, 27.57
0.42, -0.61, -0.45, -35.15, 10.13, 31.59
0.42, -0.67, -0.49, -25.96, 4.89, 29.39
0.36, -0.81, -0.53, -16.97, -16.31, 16.36
0.15, -0.90, -0.56, -11.16, -22.72, 2.33
-0.00, -0.96, -0.62, -8.68, -7.72, -12.73
0.05, -0.93, -0.59, -3.74, 3.74, -25.93
0.24, -0.82, -0.57, 7.00, 2.63, -29.94
0.39, -0.78, -0.58, 10.86, -3.77, -29.55
0.43, -0.78, -0.55, 10.82, 3.70, -28.76
0.44, -0.75, -0.49, 7.00, 19.78, -26.61
0.50, -0.69, -0.40, -2.10, 28.39, -22.01
0.57, -0.63, -0.30, -13.52, 24.77, -8.66
0.71, -0.58, -0.24, -21.26, 14.38, 6.51
0.81, -0.56, -0.25, -24.98, -4.84, 17.54
0.70, -0.57, -0.31, -29.97, -7.83, 26.24
0.52, -0.61, -0.36, -31.92, 1.29, 28.30
0.41, -0.65, -0.43, -29.81, 5.68, 29.06
0.42, -0.70, -0.47, -23.77, 7.49, 28.19
0.40, -0.80, -0.50, -17.66, -1.87, 20.31
0.27, -0.89, -0.53, -10.41, -13.17, 5.95
0.12, -0.96, -0.58, -5.18, -4.60, -10.04
0.11, -0.98, -0.59, -0.84, 4.50, -22.42
0.24, -0.92, -0.57, 7.45, 1.00, -29.65
0.38, -0.85, -0.57, 10.82, -1.38, -29.71
0.46, -0.81, -0.53, 11.36, 7.23, -28.34
0.47, -0.77, -0.48, 7.63, 23.65, -29.21
0.49, -0.71, -0.39, -3.71, 33.15, -22.02
0.58, -0.65, -0.28, -14.25, 24.21, -10.92
0.70, -0.58, -0.24, -19.69, 6.95, 4.88
0.76, -0.53, -0.27, -22.86, -14.48, 10.57
0.61, -0.53, -0.32, -25.20, -18.35, 16.71
0.41, -0.57, -0.38, -25.69, -8.04, 19.91
0.37, -0.61, -0.42, -25.37, -3.53, 21.08
0.37, -0.65, -0.43, -23.68, -3.57, 22.90
0.40, -0.70, -0.44, -23.52, -0.36, 23.33
0.40, -0.77, -0.44, -23.08, 2.25, 19.35
0.37, -0.83, -0.45, -21.19, 3.52, 13.83
0.35, -0.89, -0.49, -17.45, -0.91, 8.18
0.35, -0.92, -0.55, -12.18, -9.41, -0.99
0.35, -0.91, -0.58, -4.74, -9.63, -8.61
0.33, -0.87, -0.59, 3.32, -6.88, -18.64
0.32, -0.85, -0.58, 6.91, 0.62, -24.33
0.33, -0.85, -0.55, 8.17, 6.65, -26.30
0.38, -0.83, -0.49, 5.81, 16.98, -25.48
0.47, -0.77, -0.39, -2.61, 26.05, -20.61
0.56, -0.68, -0.28, -13.14, 20.15, -12.13
0.66, -0.61, -0.22, -21.28, 3.09, 1.49
0.73, -0.58, -0.25, -25.36, -5.27, 10.77
0.66, -0.57, -0.31, -30.30, -12.14, 15.76
0.51, -0.59, -0.37, -33.37, 0.36, 20.04
0.39, -0.61, -0.44, -33.52, 13.04, 19.74
0.37, -0.64, -0.48, -30.68, 22.31, 20.12
0.39, -0.72, -0.49, -30.00, 24.07, 20.13
0.40, -0.80, -0.47, -29.88, 17.42, 19.05
0.38, -0.87, -0.47, -24.59, -6.55, 14.11
0.36, -0.89, -0.51, -14.18, -25.83, 6.30
0.33, -0.89, -0.63, -4.62, -10.31, -1.71
0.22, -0.87, -0.61, -3.92, 1.79, -16.57
0.16, -0.82, -0.55, 3.18, 14.71, -24.71
0.26, -0.80, -0.58, 9.85, 1.27, -28.75
0.36, -0.80, -0.58, 14.04, -10.06, -29.56
0.42, -0.78, -0.53, 14.20, -1.32, -26.92
0.52, -0.71, -0.42, 2.61, 19.15, -19.93
0.63, -0.65, -0.22, -12.18, 22.20, -9.81
0.73, -0.60, -0.16, -24.46, 16.79, 5.62
0.78, -0.58, -0.22, -33.09, 2.83, 18.59
0.69, -0.61, -0.29, -37.38, -3.89, 22.80
0.52, -0.64, -0.39, -36.45, -2.42, 24.67
0.39, -0.65, -0.47, -32.15, 2.08, 22.79
0.37, -0.72, -0.50, -25.18, 3.46, 22.48
0.40, -0.75, -0.53, -17.62, -1.14, 22.70
0.39, -0.83, -0.53, -10.41, -3.22, 15.50
0.27, -0.89, -0.53, -5.90, -4.14, 5.01
0.16, -0.90, -0.54, -5.86, 15.90, -7.46
0.19, -0.87, -0.50, -5.13, 15.04, -17.12
0.32, -0.81, -0.47, -1.61, 6.88, -16.39
0.45, -0.77, -0.47, -0.40, -4.76, -16.79
0.42, -0.73, -0.47, -0.01, 3.03, -18.39
0.37, -0.69, -0.44, -4.44, 15.08, -17.97
0.42, -0.66, -0.38, -12.28, 20.20, -12.10
0.54, -0.63, -0.32, -21.22, 12.00, 0.44
0.67, -0.60, -0.27, -28.43, 2.26, 14.10
0.74, -0.58, -0.29, -30.95, -5.60, 23.50
0.72, -0.60, -0.34, -33.68, -7.90, 32.95
0.62, -0.66, -0.39, -34.80, -4.61, 40.43
0.53, -0.73, -0.46, -27.13, 0.18, 37.26
0.41, -0.84, -0.52, -20.92, -15.49, 24.25
0.18, -0.94, -0.63, -12.96, -5.29, 10.03
0.01, -0.99, -0.68, -8.36, -3.13, -10.18
0.00, -0.96, -0.64, -4.22, 20.82, -21.61
0.20, -0.86, -0.58, 5.02, 14.11, -28.08
0.37, -0.78, -0.56, 9.74, 1.90, -27.76
0.41, -0.76, -0.53, 9.12, 1.47, -27.08
0.39, -0.73, -0.48, 3.18, 11.22, -25.42
0.43, -0.66, -0.37, -6.98, 20.38, -20.57
0.54, -0.61, -0.28, -17.16, 20.98, -9.11
0.67, -0.57, -0.23, -26.23, 7.56, 6.40
0.76, -0.55, -0.26, -29.60, -4.24, 18.58
0.71, -0.56, -0.33, -32.72, -5.71, 28.05
0.57, -0.58, -0.38, -33.95, 1.58, 32.57
0.45, -0.63, -0.44, -32.28, 6.61, 37.70
0.44, -0.68, -0.49, -25.12, 5.51, 37.71
0.38, -0.79, -0.52, -17.38, -8.65, 23.81
0.16, -0.92, -0.55, -12.89, -16.65, 6.77
0.00, -0.99, -0.63, -6.20, -5.13, -9.53
0.05, -0.99, -0.62, -3.51, 10.60, -21.83
0.24, -0.92, -0.59, 6.77, 4.75, -26.76
0.40, -0.84, -0.57, 12.13, -0.06, -26.24
0.46, -0.81, -0.53, 10.49, 4.21, -26.09
0.45, -0.77, -0.46, 4.89, 15.58, -24.04
0.48, -0.70, -0.37, -4.96, 24.30, -19.88
0.56, -0.64, -0.28, -17.23, 20.11, -9.02
0.66, -0.59, -0.22, -26.69, 10.04, 5.59
0.75, -0.56, -0.25, -29.50, -5.85, 18.68
0.70, -0.56, -0.32, -32.45, -7.54, 27.45
0.55, -0.59, -0.39, -34.70, -0.04, 29.76
0.43, -0.62, -0.46, -32.65, 10.33, 32.85
0.42, -0.69, -0.52, -25.27, 13.01, 28.12
0.37, -0.82, -0.54, -22.28, -0.28, 14.25
0.17, -0.98, -0.58, -19.15, -7.00, 2.63
0.09, -1.00, -0.66, -11.81, 4.72, -10.00
0.12, -0.94, -0.63, -6.89, 16.92, -23.89
0.23, -0.88, -0.57, 1.01, 15.11, -26.95
0.38, -0.83, -0.55, 4.39, 6.27, -24.74
0.44, -0.79, -0.47, 3.36, 11.17, -21.11
0.44, -0.71, -0.43, -0.67, 16.07, -19.42
0.44, -0.63, -0.34, -8.55, 20.77, -13.29
0.51, -0.58, -0.27, -18.33, 12.20, -5.67
0.59, -0.56, -0.22, -26.77, 4.84, 4.88
0.65, -0.55, -0.22, -30.78, -9.37, 16.48
0.64, -0.56, -0.29, -33.69, -11.22, 25.26
0.56, -0.59, -0.36, -33.37, -5.69, 28.93
0.49, -0.64, -0.43, -31.59, 1.76, 32.85
0.45, -0.72, -0.49, -23.71, 0.25, 29.76
0.38, -0.86, -0.56, -14.83, -9.96, 17.20
0.21, -0.99, -0.60, -13.58, -8.98, 6.27
0.10, -1.00, -0.66, -5.70, 8.99, -7.34
0.14, -0.93, -0.63, -1.84, 16.83, -18.18
0.30, -0.86, -0.57, 5.05, 14.52, -18.87
0.43, -0.79, -0.54, 4.41, 7.60, -15.91
0.47, -0.73, -0.45, -0.88, 7.53, -12.76
0.49, -0.67, -0.38, -6.19, 8.60, -8.46
0.51, -0.61, -0.32, -15.46, 7.34, -2.70
0.54, -0.60, -0.28, -23.55, 3.34, 4.00
0.57, -0.60, -0.29, -31.30, 0.56, 13.54
0.58, -0.61, -0.34, -34.39, -1.07, 22.08
0.55, -0.62, -0.39, -33.71, -2.03, 24.17
0.48, -0.67, -0.47, -28.62, -3.72, 20.75
0.36, -0.77, -0.53, -27.04, -8.13, 15.35
0.30, -0.89, -0.59, -21.09, -3.81, 8.23
0.30, -0.92, -0.66, -12.94, 0.60, -2.07
0.19, -0.92, -0.67, -7.19, 13.58, -10.37
0.19, -0.91, -0.64, -2.71, 24.37, -17.12
0.31, -0.85, -0.60, 5.29, 19.39, -20.42
0.38, -0.79, -0.55, 8.21, 7.75, -18.49
0.43, -0.74, -0.47, 6.60, 10.76, -15.62
0.43, -0.68, -0.38, 0.39, 10.77, -15.38
0.42, -0.62, -0.29, -9.64, 13.56, -10.88
0.49, -0.61, -0.26, -17.92, 11.26, -1.44
0.59, -0.60, -0.25, -26.28, 1.21, 8.80
0.63, -0.60, -0.28, -29.18, -4.87, 18.29
0.60, -0.60, -0.34, -31.31, -3.59, 25.29
0.54, -0.63, -0.40, -28.78, 0.61, 28.72
0.46, -0.69, -0.47, -22.31, 1.69, 26.02
0.35, -0.79, -0.54, -16.45, -8.34, 17.87
0.21, -0.91, -0.60, -10.16, -9.41, 8.05
0.13, -0.94, -0.65, -1.93, -3.00, -7.63
0.11, -0.92, -0.62, 1.90, 6.40, -17.03
0.20, -0.87, -0.58, 8.23, 6.55, -23.29
0.34, -0.81, -0.55, 9.81, 0.77, -24.88
0.42, -0.79, -0.49, 7.16, 2.84, -20.97
0.47, -0.74, -0.43, 1.12, 11.02, -18.08
0.50, -0.68, -0.35, -6.77, 10.64, -15.63
0.54, -0.64, -0.31, -16.82, 14.89, -7.00
0.61, -0.63, -0.29, -26.84, 6.35, 3.05
0.66, -0.62, -0.30, -31.88, -0.44, 14.05
0.66, -0.60, -0.36, -33.97, -2.87, 22.84
0.57, -0.61, -0.41, -33.25, 2.46, 28.68
0.48, -0.65, -0.45, -29.32, 3.74, 30.66
0.43, -0.71, -0.50, -20.95, 3.03, 29.21
0.34, -0.83, -0.55, -13.62, -8.11, 15.12
0.12, -0.94, -0.59, -10.05, -10.15, 1.00
0.02, -0.96, -0.62, -4.42, 9.27, -10.58
0.11, -0.91, -0.58, 1.50, 7.73, -23.29
0.27, -0.84, -0.55, 7.50, 7.74, -24.46
0.40, -0.80, -0.51, 7.22, 1.77, -23.03
0.45, -0.78, -0.45, 1.65, 6.59, -20.41
0.47, -0.72, -0.39, -5.90, 11.09, -17.40
0.50, -0.65, -0.33, -15.43, 11.51, -10.93
0.55, -0.61, -0.30, -24.21, 2.77, -1.92
0.59, -0.58, -0.30, -31.00, -7.47, 6.48
0.58, -0.56, -0.37, -31.83, -11.04, 15.78
0.52, -0.56, -0.41, -30.22, -6.17, 20.12
0.47, -0.61, -0.46, -27.92, 5.40, 24.88
0.46, -0.68, -0.49, -24.04, 7.06, 27.23
0.45, -0.77, -0.52, -16.25, 2.17, 25.11
0.38, -0.88, -0.55, -8.96, -5.17, 17.95
0.27, -1.00, -0.57, -7.58, -9.31, 7.04
0.19, -1.03, -0.59, -1.74, 4.63, -5.72
0.18, -0.97, -0.58, -2.37, 4.91, -21.52
0.23, -0.92, -0.55, 4.21, 6.99, -25.86
0.35, -0.87, -0.55, 7.03, -1.05, -27.70
0.39, -0.83, -0.52, 7.25, 3.35, -28.02
0.38, -0.76, -0.47, 2.47, 9.41, -29.10
0.38, -0.68, -0.40, -3.17, 14.26, -22.45
0.45, -0.60, -0.34, -10.62, 11.81, -15.90
0.52, -0.53, -0.30, -16.96, 3.31, -6.31
0.56, -0.48, -0.30, -22.03, -1.05, 4.28
0.58, -0.48, -0.32, -24.24, -4.77, 12.74
0.55, -0.51, -0.39, -24.76, -4.29, 19.49
0.48, -0.58, -0.44, -25.16, 1.39, 25.43
0.44, -0.67, -0.47, -23.16, 6.41, 27.91
0.46, -0.76, -0.50, -17.98, 3.48, 27.01
0.43, -0.86, -0.52, -13.16, -6.33, 20.71
0.31, -0.96, -0.54, -9.57, -7.65, 7.69
0.17, -1.01, -0.57, -8.17, -3.63, -7.33
0.12, -1.00, -0.57, -4.02, 4.54, -19.62
0.20, -0.94, -0.57, 4.79, 4.92, -29.32
0.31, -0.89, -0.56, 8.14, 0.53, -33.63
0.38, -0.85, -0.53, 8.30, 9.73, -33.07
0.43, -0.79, -0.44, 2.34, 20.24, -30.53
0.49, -0.72, -0.34, -4.44, 18.08, -27.37
0.53, -0.66, -0.29, -9.64, 4.63, -17.72
0.59, -0.60, -0.33, -12.32, -5.96, -9.19
0.58, -0.55, -0.36, -15.54, -14.42, -3.39
0.50, -0.52, -0.37, -17.27, -14.59, 3.11
0.46, -0.52, -0.42, -15.50, -11.88, 7.36
0.41, -0.57, -0.46, -14.80, -5.65, 9.02
0.36, -0.65, -0.49, -15.65, 5.97, 9.32
0.35, -0.71, -0.49, -15.57, 11.79, 9.69
0.39, -0.75, -0.49, -12.87, 10.81, 8.52
0.42, -0.81, -0.49, -10.77, 6.84, 4.79
0.43, -0.91, -0.49, -10.52, 0.68, -0.19
0.42, -0.98, -0.49, -9.44, -4.92, -5.13
0.42, -0.98, -0.52, -6.41, -7.23, -9.12
0.42, -0.93, -0.54, -2.98, -7.26, -13.69
0.42, -0.87, -0.52, -0.98, 1.74, -17.68
0.43, -0.82, -0.46, -1.10, 15.37, -18.77
0.44, -0.76, -0.39, -5.90, 13.88, -18.96
0.43, -0.69, -0.33, -12.53, 15.40, -12.67
0.48, -0.63, -0.30, -20.87, 6.11, -6.46
0.53, -0.58, -0.28, -24.48, -4.31, 0.32
0.53, -0.53, -0.30, -25.67, -13.90, 6.14
0.49, -0.53, -0.37, -25.60, -13.34, 10.68
0.41, -0.57, -0.42, -23.91, -5.29, 12.31
0.37, -0.62, -0.47, -21.55, 2.40, 14.22
0.38, -0.69, -0.50, -16.48, 2.61, 15.22
0.41, -0.77, -0.52, -11.25, -3.84, 14.77
0.43, -0.86, -0.53, -6.81, -13.07, 10.88
0.42, -0.91, -0.55, -2.72, -13.72, 4.04
0.36, -0.93, -0.56, -0.07, -2.89, -4.47
0.30, -0.93, -0.56, 0.26, 8.37, -13.64
0.30, -0.91, -0.55, 0.76, 12.74, -18.09
0.36, -0.87, -0.52, 0.38, 17.45, -20.48
0.44, -0.81, -0.45, -5.09, 18.89, -19.56
0.46, -0.74, -0.36, -8.96, 13.55, -20.16
0.49, -0.67, -0.33, -12.76, 6.23, -16.03
0.51, -0.62, -0.35, -19.04, 7.94, -8.02
0.53, -0.60, -0.33, -23.65, 4.47, -2.27
0.55, -0.57, -0.33, -26.10, 3.80, 6.61
0.57, -0.55, -0.38, -26.92, 0.31, 15.43
0.54, -0.58, -0.42, -26.17, 4.57, 20.38
0.48, -0.64, -0.45, -24.91, 4.13, 24.21
0.46, -0.71, -0.47, -21.59, 0.40, 25.74
0.46, -0.76, -0.49, -17.89, -9.83, 22.81
0.40, -0.82, -0.52, -13.21, -8.89, 18.41
0.31, -0.91, -0.54, -10.06, 1.16, 4.76
0.20, -0.93, -0.55, -9.38, 10.04, -6.95
0.17, -0.96, -0.54, -7.01, 17.57, -14.64
0.26, -0.93, -0.55, -1.36, 15.62, -20.52
0.40, -0.87, -0.54, 4.30, 1.92, -24.92
0.42, -0.82, -0.52, 6.63, 2.42, -24.96
0.44, -0.77, -0.46, 2.55, 11.40, -23.68
0.43, -0.72, -0.36, -6.83, 22.04, -19.82
0.47, -0.64, -0.28, -14.32, 18.27, -15.08
0.55, -0.58, -0.26, -21.37, 5.03, -3.52
0.62, -0.55, -0.28, -26.81, -5.66, 6.66
0.62, -0.53, -0.30, -28.63, -12.25, 13.28
0.54, -0.53, -0.36, -28.38, -7.46, 18.79
0.45, -0.56, -0.42, -26.26, -0.98, 23.08
0.41, -0.64, -0.46, -23.69, -0.50, 25.15
0.43, -0.74, -0.49, -19.45, -7.00, 24.60
0.44, -0.82, -0.52, -12.40, -12.55, 20.18
0.38, -0.90, -0.55, -6.97, -9.50, 10.35
0.28, -0.97, -0.57, -5.25, -0.47, -0.46
0.23, -0.99, -0.56, -5.35, 10.83, -11.73
0.26, -0.94, -0.54, -2.60, 11.15, -20.62
0.35, -0.87, -0.54, 0.08, 6.79, -25.23
0.42, -0.82, -0.51, -0.89, 4.91, -26.57
0.44, -0.78, -0.48, -2.71, 14.79, -24.87
0.44, -0.71, -0.44, -7.06, 23.53, -22.82
0.47, -0.65, -0.38, -14.47, 29.61, -17.37
0.55, -0.61, -0.33, -22.24, 21.23, -8.14
0.65, -0.57, -0.30, -29.15, 10.90, 4.67
0.65, -0.54, -0.31, -31.46, 0.63, 12.54
0.57, -0.54, -0.36, -31.79, 2.95, 19.06
0.51, -0.58, -0.39, -32.61, 7.97, 21.01
0.43, -0.66, -0.43, -32.33, 10.71, 23.44
0.43, -0.73, -0.45, -28.52, -1.14, 21.67
0.44, -0.81, -0.49, -19.72, -12.74, 22.21
0.43, -0.87, -0.55, -13.87, -17.79, 15.71
0.31, -0.91, -0.55, -6.43, -7.58, 5.44
0.23, -0.93, -0.56, -4.29, 8.26, -8.04
0.20, -0.92, -0.54, -1.67, 14.33, -15.62
0.30, -0.86, -0.53, 4.19, 14.49, -18.50
0.40, -0.81, -0.52, 7.72, 2.55, -23.90
0.40, -0.77, -0.50, 8.59, 3.11, -22.71
0.39, -0.73, -0.46, 5.41, 3.31, -21.05
0.44, -0.68, -0.40, -0.48, 8.84, -15.14
0.54, -0.63, -0.33, -11.43, 11.71, -7.14
0.59, -0.58, -0.25, -21.71, 5.08, 2.29
0.61, -0.54, -0.27, -27.68, 2.40, 12.81
0.61, -0.54, -0.34, -30.42, -2.20, 19.69
0.54, -0.56, -0.40, -31.03, -1.83, 23.25
0.46, -0.60, -0.45, -30.03, 3.91, 26.69
0.45, -0.66, -0.48, -27.46, 4.26, 28.68
0.45, -0.75, -0.50, -22.49, -2.71, 27.90
0.43, -0.84, -0.52, -16.25, -10.13, 23.10
0.36, -0.93, -0.56, -7.75, -6.61, 14.00
0.25, -0.97, -0.59, -5.07, 7.25, -2.88
0.15, -0.99, -0.55, -6.68, 22.78, -12.87
0.22, -0.95, -0.52, -0.59, 19.32, -19.49
0.40, -0.86, -0.51, 4.66, 8.18, -21.08
0.46, -0.81, -0.48, 4.68, -0.36, -23.45
0.43, -0.76, -0.43, -0.52, 8.46, -22.20
0.44, -0.70, -0.37, -7.36, 12.51, -19.41
0.49, -0.62, -0.31, -15.69, 13.01, -10.90
0.57, -0.58, -0.28, -22.24, 2.38, -0.23
0.61, -0.54, -0.29, -27.46, -6.67, 8.79
0.60, -0.54, -0.33, -30.34, -10.18, 17.05
0.54, -0.55, -0.38, -32.14, -3.33, 22.51
0.48, -0.58, -0.44, -31.76, 5.47, 26.97
0.45, -0.64, -0.48, -29.95, 7.51, 28.08
0.43, -0.74, -0.50, -25.38, 1.40, 26.81
0.41, -0.86, -0.51, -20.92, -6.54, 23.08
0.35, -0.93, -0.58, -14.43, 3.72, 15.63
0.25, -0.94, -0.58, -10.00, 7.08, 2.18
0.19, -0.97, -0.57, -6.48, 21.74, -6.45
0.25, -0.96, -0.56, -4.84, 18.19, -16.14
0.32, -0.89, -0.53, 1.13, 14.11, -18.53
0.40, -0.82, -0.51, 1.16, 4.21, -19.26
0.42, -0.76, -0.46, 0.09, 4.12, -19.50
0.41, -0.69, -0.42, -3.40, 8.29, -19.49
0.40, -0.62, -0.36, -11.04, 11.85, -17.95
0.43, -0.58, -0.32, -16.64, 13.08, -11.85
0.52, -0.57, -0.30, -24.81, 6.09, -0.49
0.60, -0.57, -0.30, -28.39, -0.85, 9.46
0.64, -0.57, -0.35, -29.59, -4.69, 17.56
0.62, -0.59, -0.40, -29.05, -4.39, 25.63
0.57, -0.65, -0.45, -28.14, 0.41, 30.67
0.53, -0.73, -0.49, -25.13, -2.97, 32.78
0.48, -0.83, -0.51, -20.16, -14.79, 29.41
0.40, -0.91, -0.58, -11.23, -4.85, 20.60
0.21, -0.95, -0.61, -5.84, -1.72, 0.34
0.02, -0.98, -0.59, -5.11, 20.61, -13.25
0.09, -0.94, -0.58, 2.25, 21.01, -22.87
0.29, -0.81, -0.57, 11.04, 8.88, -25.99
0.38, -0.77, -0.55, 14.98, -0.56, -28.22
0.36, -0.73, -0.50, 11.35, 12.71, -27.59
0.38, -0.68, -0.41, 1.78, 23.30, -24.93
0.46, -0.62, -0.29, -7.95, 19.27, -17.29
0.62, -0.57, -0.25, -16.40, 7.32, -5.46
0.73, -0.55, -0.26, -25.04, -2.22, 10.50
0.73, -0.55, -0.27, -30.27, -7.84, 19.17
0.65, -0.57, -0.33, -32.73, -3.15, 27.96
0.55, -0.62, -0.40, -32.63, 3.53, 31.88
0.47, -0.68, -0.48, -27.92, 11.74, 35.56
0.43, -0.74, -0.52, -20.55, 7.35, 33.00
0.36, -0.85, -0.53, -13.36, -8.28, 25.81
0.24, -0.94, -0.56, -4.45, -6.62, 10.35
0.10, -1.00, -0.58, -3.19, -4.88, -9.63
0.03, -1.01, -0.54, -4.33, 14.12, -20.87
0.19, -0.92, -0.52, 3.69, 14.61, -28.09
0.37, -0.83, -0.51, 6.72, 0.81, -29.20
0.45, -0.79, -0.49, 6.49, 3.89, -26.50
0.45, -0.75, -0.43, 0.72, 8.75, -25.35
0.45, -0.68, -0.36, -7.39, 15.05, -19.91
0.53, -0.62, -0.29, -16.86, 11.96, -8.36
0.63, -0.58, -0.26, -23.48, 0.12, 3.04
0.69, -0.54, -0.29, -27.16, -8.52, 12.63
0.62, -0.54, -0.35, -29.76, -7.96, 19.34
0.49, -0.57, -0.40, -30.35, 3.45, 25.25
0.42, -0.63, -0.44, -28.14, 8.52, 28.27
0.43, -0.71, -0.50, -20.26, 3.71, 29.71
0.43, -0.82, -0.51, -11.42, -10.40, 23.86
0.35, -0.94, -0.52, -7.69, -18.90, 14.24
0.22, -1.00, -0.57, -3.46, -4.52, -2.94
0.09, -0.98, -0.56, -4.21, 9.41, -18.54
0.13, -0.93, -0.54, 0.92, 15.02, -26.93
0.31, -0.88, -0.54, 5.34, 3.34, -30.00
0.42, -0.85, -0.52, 9.14, -1.30, -31.28
0.43, -0.80, -0.49, 6.69, 1.33, -33.85
0.39, -0.75, -0.42, -0.41, 13.67, -30.64
0.46, -0.70, -0.33, -8.26, 14.69, -24.95
0.58, -0.65, -0.27, -10.90, -0.84, -16.89
0.63, -0.60, -0.31, -15.79, -7.72, -5.47
0.61, -0.57, -0.33, -20.14, -6.37, 3.72
0.57, -0.56, -0.34, -21.95, -2.91, 9.42
0.53, -0.55, -0.41, -22.29, -0.88, 15.41
0.47, -0.57, -0.45, -22.47, 2.15, 19.43
0.45, -0.66, -0.47, -19.54, 1.43, 20.51
0.45, -0.75, -0.49, -15.62, -1.63, 20.88
0.44, -0.83, -0.51, -12.31, -7.01, 16.96
0.38, -0.88, -0.50, -10.08, -5.29, 9.73
0.31, -0.93, -0.51, -7.55, 2.97, -0.04
0.26, -0.94, -0.51, -5.23, 9.81, -9.47
0.26, -0.93, -0.51, -2.57, 9.42, -18.38
0.33, -0.88, -0.50, 0.66, 7.56, -22.14
0.40, -0.83, -0.48, 0.31, 9.04, -24.01
0.43, -0.77, -0.42, -3.73, 10.12, -22.69
0.48, -0.71, -0.34, -9.81, 10.72, -18.10
0.53, -0.66, -0.31, -15.78, 4.37, -12.55
0.55, -0.62, -0.32, -21.36, -1.67, -4.20
0.55, -0.59, -0.34, -25.29, -0.50, 2.16
0.54, -0.56, -0.38, -24.47, -1.05, 7.91
0.51, -0.57, -0.44, -24.11, 6.08, 12.53
0.46, -0.61, -0.47, -23.13, 13.27, 15.60
0.45, -0.68, -0.49, -20.65, 15.50, 16.94
0.47, -0.76, -0.51, -17.09, 11.36, 18.18
0.47, -0.82, -0.51, -14.21, 5.21, 18.07
0.42, -0.88, -0.50, -9.51, 4.01, 13.17
0.35, -0.91, -0.49, -6.55, 8.89, 0.51
0.28, -0.93, -0.48, -6.58, 10.71, -9.08
0.24, -0.92, -0.48, -5.76, 10.69, -18.55
0.29, -0.88, -0.47, -3.83, 8.76, -24.88
0.36, -0.84, -0.45, -2.87, 6.83, -30.11
0.39, -0.78, -0.43, -5.27, 11.00, -28.42
0.44, -0.71, -0.36, -12.00, 15.89, -22.57
0.53, -0.64, -0.29, -17.91, 8.69, -15.77
0.61, -0.58, -0.28, -21.97, -2.94, -4.29
0.66, -0.54, -0.31, -25.19, -5.24, 8.85
0.64, -0.54, -0.34, -25.52, -6.07, 15.28
0.57, -0.57, -0.39, -25.48, 2.64, 22.24
0.49, -0.61, -0.44, -24.88, 9.66, 26.07
0.46, -0.66, -0.47, -21.96, 13.36, 28.38
0.45, -0.74, -0.48, -18.72, 3.91, 28.70
0.44, -0.82, -0.49, -13.10, -5.78, 25.50
0.40, -0.89, -0.50, -7.51, -5.71, 16.33
0.28, -0.93, -0.51, -4.78, 0.35, -0.31
0.13, -0.94, -0.52, -5.60, 11.11, -13.04
0.16, -0.93, -0.50, -3.14, 13.82, -21.31
0.33, -0.88, -0.49, 1.81, -0.08, -26.53
0.42, -0.82, -0.50, 4.06, -6.77, -27.44
0.43, -0.77, -0.47, 1.56, 3.44, -27.56
0.44, -0.71, -0.41, -5.98, 16.74, -25.08
0.50, -0.65, -0.32, -16.36, 19.68, -18.38
0.60, -0.59, -0.25, -24.14, 10.06, -5.44
0.73, -0.55, -0.27, -28.59, -0.56, 9.10
0.76, -0.53, -0.32, -30.24, -6.61, 19.39
0.66, -0.56, -0.36, -32.25, -0.15, 25.53
0.55, -0.62, -0.42, -31.30, 10.13, 30.39
0.48, -0.68, -0.48, -28.08, 13.77, 32.53
0.46, -0.79, -0.50, -23.76, 2.05, 28.49
0.44, -0.90, -0.51, -17.77, -10.09, 21.45
0.32, -0.97, -0.55, -11.12, -7.49, 7.51
0.12, -0.96, -0.58, -9.91, 5.08, -13.41
0.05, -0.93, -0.54, -7.45, 23.64, -24.51
0.23, -0.88, -0.53, 0.49, 13.57, -29.55
0.43, -0.81, -0.53, 5.30, -4.56, -29.66
0.45, -0.76, -0.51, 6.18, -2.71, -26.88
0.42, -0.70, -0.44, -0.65, 15.63, -24.38
0.45, -0.63, -0.31, -8.50, 20.57, -20.05
0.55, -0.57, -0.27, -17.78, 17.42, -8.82
0.65, -0.53, -0.25, -25.36, 4.07, 6.18
0.70, -0.52, -0.27, -29.62, -2.84, 16.79
0.65, -0.53, -0.34, -32.36, -4.37, 24.30
0.56, -0.58, -0.37, -32.51, 1.58, 29.57
0.52, -0.65, -0.44, -29.76, 7.15, 32.77
0.49, -0.74, -0.48, -24.06, 1.17, 31.90
0.46, -0.85, -0.51, -17.10, -8.16, 26.13
0.36, -0.95, -0.55, -10.96, -15.20, 15.87
0.20, -0.97, -0.61, -3.22, 2.83, -3.41
0.08, -0.96, -0.58, -3.77, 16.59, -17.57
0.16, -0.93, -0.53, 3.62, 18.08, -24.87
0.36, -0.85, -0.50, 6.20, 4.02, -26.95
0.44, -0.79, -0.47, 4.04, 1.12, -25.56
0.45, -0.72, -0.42, -1.33, 10.58, -23.45
0.49, -0.66, -0.33, -10.30, 16.98, -17.95
0.59, -0.61, -0.27, -20.08, 9.86, -7.27
0.68, -0.57, -0.26, -28.68, -1.02, 7.25
0.72, -0.56, -0.28, -33.55, -7.96, 18.04
0.67, -0.55, -0.36, -35.24, -3.72, 25.72
0.56, -0.56, -0.41, -38.74, 4.40, 28.59
0.46, -0.61, -0.45, -37.16, 7.41, 30.93
0.44, -0.70, -0.48, -33.09, -2.23, 28.61
0.45, -0.83, -0.52, -26.06, -18.64, 24.64
0.36, -0.90, -0.59, -17.02, -3.15, 16.13
0.14, -0.90, -0.60, -10.09, 3.31, -2.02
0.06, -0.90, -0.61, -2.88, 23.98, -11.48
0.18, -0.93, -0.57, 0.73, 14.10, -18.04
0.32, -0.89, -0.53, 9.03, 3.39, -21.82
0.39, -0.80, -0.50, 9.70, -11.04, -28.36
0.38, -0.76, -0.45, 6.73, 2.53, -26.42
0.43, -0.71, -0.40, 0.06, 12.62, -26.12
0.52, -0.66, -0.33, -8.00, 22.23, -18.04
0.62, -0.62, -0.30, -18.17, 19.99, -6.84
0.72, -0.60, -0.26, -26.70, 10.79, 8.52
0.79, -0.60, -0.28, -31.32, 2.14, 22.42
0.72, -0.60, -0.34, -34.26, 1.93, 32.32
0.62, -0.63, -0.40, -34.92, 1.02, 39.14
0.51, -0.68, -0.46, -24.70, 5.29, 40.08
0.41, -0.78, -0.49, -19.21, -11.37, 28.32
0.18, -0.89, -0.55, -13.09, -7.14, 11.73
-0.05, -0.91, -0.61, -6.77, -7.14, -11.38
-0.05, -0.89, -0.61, -4.83, 18.80, -21.72
0.16, -0.85, -0.55, 5.25, 7.96, -29.40
0.39, -0.79, -0.54, 9.10, 3.02, -28.17
0.49, -0.78, -0.50, 8.60, -0.96, -24.32
0.52, -0.75, -0.45, 3.33, 13.16, -19.85
0.54, -0.69, -0.37, -5.98, 22.31, -14.47
0.62, -0.64, -0.30, -17.95, 24.59, -3.19
0.71, -0.61, -0.27, -27.05, 12.79, 8.75
0.73, -0.58, -0.30, -32.85, 0.88, 20.15
0.67, -0.57, -0.36, -34.29, -3.91, 28.50
0.57, -0.58, -0.42, -34.07, -4.50, 34.60
0.49, -0.65, -0.48, -26.79, 6.51, 36.55
0.40, -0.72, -0.50, -17.16, 0.68, 25.18
0.21, -0.86, -0.51, -15.02, -7.80, 12.06
0.05, -0.95, -0.56, -9.00, 1.34, 0.12
0.08, -0.92, -0.58, -5.17, 11.22, -12.01
0.22, -0.86, -0.52, 3.40, 3.03, -21.78
0.36, -0.81, -0.52, 7.79, -2.49, -21.28
0.45, -0.81, -0.49, 4.37, -6.15, -21.49
0.45, -0.78, -0.45, 1.53, 5.55, -18.91
0.47, -0.71, -0.41, -2.78, 13.47, -14.84
0.55, -0.66, -0.35, -9.97, 19.82, -5.85
0.65, -0.65, -0.30, -18.28, 14.38, 5.20
0.71, -0.63, -0.30, -25.45, 1.75, 16.03
0.69, -0.62, -0.33, -29.56, -2.40, 25.63
0.59, -0.63, -0.37, -30.24, -1.99, 30.96
0.50, -0.65, -0.41, -26.60, 5.25, 32.13
0.39, -0.71, -0.47, -18.41, -1.12, 22.90
0.19, -0.80, -0.51, -12.73, -13.79, 7.78
0.05, -0.89, -0.55, -8.02, -11.34, -3.32
0.06, -0.90, -0.59, -2.78, 2.71, -13.71
0.20, -0.86, -0.55, 2.89, 3.93, -19.11
0.35, -0.80, -0.51, 4.68, 6.94, -17.09
0.48, -0.76, -0.47, 2.12, 9.50, -11.79
0.56, -0.74, -0.41, -2.48, 9.92, -4.16
0.63, -0.72, -0.35, -10.31, 10.17, 5.21
0.68, -0.70, -0.32, -20.19, 7.20, 13.91
0.67, -0.68, -0.31, -28.21, 2.86, 22.52
0.58, -0.66, -0.34, -31.33, -1.55, 24.51
0.46, -0.65, -0.41, -27.19, -4.77, 21.29
0.30, -0.70, -0.47, -23.08, -6.84, 12.48
0.19, -0.79, -0.49, -20.21, -3.95, 6.75
0.20, -0.83, -0.54, -12.04, -2.73, 1.77
0.23, -0.79, -0.57, -4.03, -3.53, -5.04
0.27, -0.77, -0.54, 1.07, 4.22, -8.29
0.34, -0.79, -0.48, 1.92, 9.35, -9.20
0.43, -0.81, -0.43, -2.20, 11.56, -7.05
0.52, -0.81, -0.37, -11.08, 12.60, -2.02
0.59, -0.78, -0.34, -17.13, 12.12, 3.93
0.61, -0.74, -0.33, -23.77, 4.96, 10.41
0.61, -0.71, -0.35, -26.79, 2.16, 16.25
0.56, -0.71, -0.38, -28.50, -2.52, 17.27
0.44, -0.72, -0.42, -26.54, -4.38, 16.34
0.31, -0.72, -0.49, -19.71, -2.06, 9.94
0.21, -0.75, -0.54, -11.46, -7.28, 1.13
0.14, -0.79, -0.57, -2.93, -8.37, -7.11
0.15, -0.83, -0.56, 0.75, 0.21, -12.63
0.24, -0.83, -0.49, 2.83, 2.14, -15.78
0.35, -0.79, -0.45, 2.98, 3.03, -12.95
0.46, -0.75, -0.41, -0.37, 5.50, -6.71
0.53, -0.73, -0.38, -5.55, 8.24, 1.57
0.55, -0.71, -0.35, -13.68, 7.78, 8.20
0.56, -0.70, -0.32, -19.57, 6.98, 16.70
0.55, -0.69, -0.32, -26.96, 2.76, 21.54
0.51, -0.68, -0.33, -30.93, -5.33, 23.46
0.39, -0.66, -0.38, -30.72, -9.44, 20.24
0.27, -0.67, -0.44, -29.18, -13.76, 14.39
0.19, -0.73, -0.47, -26.07, -14.25, 8.53
0.19, -0.78, -0.51, -21.34, -11.45, 5.54
0.23, -0.76, -0.54, -15.50, -6.98, 4.39
0.28, -0.75, -0.52, -12.58, -6.69, 2.85
0.34, -0.76, -0.49, -10.89, -5.05, 4.67
0.39, -0.75, -0.46, -11.20, -10.39, 5.32
0.40, -0.73, -0.43, -15.01, -13.77, 5.21
0.39, -0.74, -0.41, -20.76, -19.59, 6.33
0.36, -0.72, -0.43, -24.56, -26.06, 6.10
0.33, -0.69, -0.43, -29.34, -28.03, 8.54
0.31, -0.68, -0.43, -33.89, -35.96, 9.21
0.30, -0.66, -0.46, -33.37, -36.90, 11.03
0.32, -0.66, -0.50, -32.88, -36.67, 10.80
0.32, -0.70, -0.53, -30.79, -36.24, 11.20
0.28, -0.73, -0.57, -28.36, -35.83, 12.08
0.27, -0.74, -0.58, -27.75, -33.65, 14.75
0.25, -0.74, -0.55, -22.17, -41.47, 10.22
0.21, -0.75, -0.55, -22.82, -37.43, 9.74
0.23, -0.77, -0.52, -21.78, -39.73, 5.95
0.24, -0.79, -0.49, -24.97, -41.90, 4.80
0.24, -0.82, -0.48, -27.34, -43.02, 4.50
0.26, -0.82, -0.49, -28.88, -41.72, 4.33
0.30, -0.78, -0.51, -26.63, -37.78, 6.20
0.32, -0.76, -0.54, -21.51, -32.17, 8.82
0.33, -0.75, -0.56, -18.27, -29.02, 11.37
0.33, -0.75, -0.57, -12.12, -31.66, 14.17
0.35, -0.75, -0.56, -6.66, -39.01, 20.31
0.34, -0.75, -0.55, 0.02, -52.48, 20.99
0.27, -0.72, -0.55, 2.04, -59.22, 22.89
0.22, -0.75, -0.53, 4.96, -60.43, 25.73
0.20, -0.76, -0.51, 8.57, -57.90, 24.02
0.18, -0.77, -0.52, 12.56, -45.24, 21.55
0.15, -0.79, -0.54, 16.46, -30.93, 19.54
0.13, -0.81, -0.56, 19.39, -21.90, 18.23
0.13, -0.81, -0.55, 21.35, -21.72, 18.83
0.15, -0.82, -0.54, 22.73, -26.69, 21.09
0.22, -0.83, -0.51, 25.60, -39.74, 18.19
0.20, -0.82, -0.49, 26.02, -47.36, 15.76
0.18, -0.81, -0.50, 23.18, -43.69, 14.36
0.13, -0.81, -0.49, 19.25, -32.09, 11.11
0.08, -0.82, -0.48, 11.18, -14.56, 10.72
0.07, -0.84, -0.50, 4.96, -3.10, 11.15
0.11, -0.84, -0.50, -1.29, 4.59, 14.62
0.14, -0.83, -0.50, -9.03, 8.21, 16.28
0.16, -0.82, -0.49, -13.46, 7.22, 15.80
0.15, -0.81, -0.50, -17.05, 4.96, 17.42
0.12, -0.81, -0.51, -21.72, -0.47, 16.97
0.09, -0.81, -0.53, -22.85, 2.18, 16.74
0.08, -0.82, -0.54, -22.39, 4.53, 14.40
0.05, -0.83, -0.53, -23.33, 10.91, 10.83
-0.01, -0.83, -0.53, -22.90, 18.54, 5.54
-0.04, -0.83, -0.53, -20.97, 23.91, 1.58
-0.05, -0.84, -0.53, -16.05, 19.20, -5.73
-0.04, -0.87, -0.55, -10.55, 7.05, -11.11
-0.03, -0.89, -0.56, -6.81, -0.16, -13.75
-0.00, -0.90, -0.54, -2.07, 1.24, -18.92
0.00, -0.87, -0.51, -0.97, 3.51, -24.85
0.01, -0.83, -0.49, -0.09, 12.69, -26.95
0.08, -0.79, -0.47, -1.39, 28.70, -21.79
0.17, -0.76, -0.44, -5.67, 38.22, -14.07
0.24, -0.72, -0.44, -10.35, 36.95, -4.04
0.32, -0.69, -0.42, -13.97, 34.38, 8.17
0.37, -0.67, -0.40, -16.34, 27.35, 14.16
0.33, -0.67, -0.40, -23.32, 22.57, 18.58
0.24, -0.71, -0.40, -30.05, 28.42, 24.00
0.17, -0.75, -0.39, -34.55, 31.20, 27.87
0.14, -0.79, -0.42, -36.32, 24.22, 31.30
0.10, -0.81, -0.49, -30.61, -0.62, 27.65
-0.00, -0.82, -0.57, -14.43, -28.74, 15.34
-0.14, -0.87, -0.61, 0.02, -36.29, -0.02
-0.30, -0.94, -0.63, 7.75, -18.55, -14.93
-0.40, -0.95, -0.58, 7.33, 3.85, -32.25
-0.33, -0.92, -0.52, 4.43, 20.17, -40.54
-0.11, -0.86, -0.49, 4.47, 25.17, -40.25
0.18, -0.77, -0.48, 1.39, 34.48, -27.89
0.40, -0.69, -0.46, 0.82, 29.29, -16.27
0.49, -0.68, -0.42, -6.44, 4.57, -3.28
0.54, -0.72, -0.40, -14.76, 9.47, 15.66
0.57, -0.72, -0.38, -20.09, 20.11, 25.67
0.41, -0.70, -0.34, -33.25, 24.60, 29.07
0.21, -0.73, -0.35, -40.19, 30.83, 35.20
0.14, -0.75, -0.43, -33.78, 3.44, 32.27
0.01, -0.78, -0.55, -19.67, -37.17, 19.03
-0.19, -0.86, -0.64, -5.56, -50.56, 1.24
-0.41, -0.94, -0.63, -6.29, -28.10, -17.73
-0.46, -0.92, -0.53, -9.93, 11.46, -29.82
-0.28, -0.84, -0.49, -12.39, 28.04, -34.20
0.01, -0.77, -0.49, -10.60, 28.03, -28.46
0.27, -0.73, -0.49, -10.55, 17.84, -15.47
0.41, -0.70, -0.47, -11.69, 11.35, 0.65
0.50, -0.69, -0.44, -15.03, 11.74, 13.42
0.50, -0.70, -0.42, -21.88, 15.28, 21.94
0.41, -0.72, -0.41, -27.08, 22.10, 29.68
0.31, -0.75, -0.42, -31.68, 20.41, 31.08
0.19, -0.79, -0.45, -29.83, 10.95, 25.61
0.01, -0.90, -0.52, -22.69, -11.84, 9.95
-0.16, -0.97, -0.60, -17.58, -14.65, -5.22
-0.32, -0.98, -0.63, -15.36, -2.64, -21.70
-0.31, -0.93, -0.58, -13.52, 17.55, -34.01
-0.14, -0.87, -0.53, -8.72, 15.84, -37.19
0.04, -0.78, -0.53, -4.63, 11.80, -32.72
0.17, -0.77, -0.51, -5.53, 4.57, -23.95
0.25, -0.72, -0.45, -7.21, 8.03, -12.23
0.32, -0.65, -0.41, -10.52, 7.59, -2.34
0.35, -0.61, -0.38, -14.39, 8.11, 8.45
0.35, -0.61, -0.38, -19.95, 10.30, 17.97
0.31, -0.64, -0.38, -27.46, 16.09, 26.45
0.26, -0.67, -0.40, -31.13, 14.40, 33.74
0.22, -0.69, -0.43, -27.45, 8.12, 36.97
0.15, -0.75, -0.46, -21.87, -6.47, 28.83
-0.03, -0.85, -0.53, -18.20, -16.06, 17.67
-0.20, -0.92, -0.60, -16.68, -17.69, 2.24
-0.28, -0.94, -0.63, -8.42, -16.27, -13.21
-0.23, -0.96, -0.63, -2.97, -6.13, -22.35
-0.14, -0.94, -0.61, -2.78, -1.48, -32.16
-0.08, -0.90, -0.57, -1.84, 5.57, -38.26
0.04, -0.85, -0.55, 2.14, 11.92, -37.10
0.19, -0.79, -0.56, 2.04, 13.73, -30.17
0.30, -0.75, -0.51, 0.32, 4.62, -19.59
0.36, -0.71, -0.46, -4.19, 9.11, -6.76
0.40, -0.66, -0.42, -11.49, 7.06, 1.66
0.39, -0.64, -0.36, -20.41, 20.79, 11.56
0.34, -0.64, -0.33, -29.47, 23.38, 15.77
0.24, -0.67, -0.35, -37.67, 30.07, 23.04
0.20, -0.70, -0.38, -41.16, 24.91, 29.37
0.21, -0.76, -0.39, -41.01, 9.75, 30.79
0.19, -0.86, -0.41, -34.03, -33.65, 20.74
0.05, -0.93, -0.55, -22.67, -46.91, 11.62
-0.17, -0.95, -0.68, -15.72, -30.33, -11.42
-0.35, -0.97, -0.69, -12.29, -0.28, -25.56
-0.27, -0.97, -0.69, -7.54, 20.48, -36.83
-0.08, -0.92, -0.66, -1.40, 20.13, -41.96
0.08, -0.86, -0.61, 1.88, 20.36, -41.07
0.22, -0.80, -0.55, 1.27, 18.43, -33.73
0.33, -0.74, -0.48, 1.13, 21.72, -23.80
0.36, -0.66, -0.45, -4.34, 12.04, -17.31
0.31, -0.63, -0.37, -12.78, 14.00, -5.16
0.34, -0.61, -0.32, -21.21, 10.76, 4.45
0.36, -0.56, -0.32, -23.62, 9.51, 13.51
0.29, -0.54, -0.37, -26.96, 15.34, 18.63
0.21, -0.60, -0.41, -30.61, 23.86, 23.72
0.19, -0.69, -0.42, -30.60, 21.32, 31.44
0.20, -0.79, -0.45, -26.92, -0.44, 30.46
0.15, -0.88, -0.51, -17.22, -29.18, 21.70
0.03, -0.94, -0.63, -7.67, -32.65, 8.33
-0.14, -0.97, -0.68, -3.99, -17.47, -9.28
-0.26, -0.97, -0.67, -0.47, 12.21, -21.04
-0.18, -0.92, -0.63, 3.18, 18.63, -32.86
-0.02, -0.87, -0.61, 6.85, 9.64, -37.70
0.12, -0.85, -0.57, 7.71, -5.37, -33.78
0.25, -0.82, -0.51, 4.96, -10.95, -23.72
0.35, -0.74, -0.45, 3.54, -9.61, -16.09
0.37, -0.64, -0.41, -0.00, -15.08, -13.95
0.33, -0.62, -0.37, -12.46, 3.49, 1.72
0.36, -0.63, -0.32, -22.10, 14.98, 12.64
0.37, -0.62, -0.33, -28.45, 21.39, 20.45
0.31, -0.62, -0.37, -31.49, 24.02, 27.01
0.25, -0.66, -0.42, -35.34, 21.07, 34.82
0.21, -0.71, -0.44, -35.58, 7.71, 36.27
0.18, -0.84, -0.44, -29.14, -17.73, 33.23
0.11, -0.91, -0.52, -20.31, -32.03, 22.46
-0.09, -0.96, -0.68, -11.06, -33.36, 2.95
-0.32, -0.96, -0.73, -6.74, -13.46, -16.80
-0.34, -0.95, -0.68, -5.42, 29.33, -28.06
-0.16, -0.89, -0.62, -3.63, 28.52, -37.05
0.05, -0.82, -0.57, -1.07, 22.84, -33.61
0.22, -0.79, -0.52, -0.74, 9.77, -28.35
0.33, -0.75, -0.48, -3.23, 4.00, -16.27
0.42, -0.69, -0.43, -8.27, 6.81, 0.40
0.51, -0.63, -0.38, -14.63, 8.63, 10.98
0.49, -0.61, -0.34, -23.62, 15.05, 19.56
0.37, -0.63, -0.32, -32.61, 27.08, 27.00
0.27, -0.67, -0.35, -40.83, 33.35, 34.38
0.21, -0.70, -0.37, -43.79, 24.46, 38.49
0.20, -0.75, -0.38, -36.88, -7.52, 35.93
0.14, -0.82, -0.51, -21.46, -34.35, 27.73
-0.04, -0.86, -0.67, -16.97, -26.56, 15.84
-0.30, -0.87, -0.67, -10.75, -16.08, -4.12
-0.36, -0.87, -0.71, -2.91, 11.85, -16.75
-0.17, -0.87, -0.70, 1.32, 14.25, -21.62
-0.03, -0.83, -0.60, 0.78, 20.31, -23.05
0.12, -0.79, -0.53, -2.45, 22.95, -21.55
0.26, -0.76, -0.48, -4.30, 16.25, -15.48
0.37, -0.73, -0.47, -5.91, 8.42, -3.37
0.46, -0.70, -0.49, -10.54, 11.01, 12.45
0.48, -0.70, -0.45, -18.80, 22.08, 23.14
0.39, -0.71, -0.39, -28.17, 31.94, 30.54
0.31, -0.71, -0.36, -37.62, 37.07, 35.30
0.26, -0.71, -0.39, -35.13, 23.30, 33.76
0.14, -0.75, -0.47, -25.72, -14.00, 19.76
-0.08, -0.87, -0.59, -16.89, -31.62, 9.82
-0.25, -0.93, -0.69, -10.58, -31.17, -9.93
-0.35, -0.90, -0.69, -3.47, -5.57, -21.00
-0.24, -0.86, -0.62, 0.61, 6.87, -32.81
-0.04, -0.83, -0.57, 2.65, 10.38, -32.96
0.15, -0.80, -0.56, 4.84, 12.47, -26.29
0.31, -0.75, -0.55, 5.55, 9.44, -14.76
0.42, -0.70, -0.53, 4.28, 20.03, -1.85
0.48, -0.67, -0.47, -3.00, 27.12, 9.46
0.44, -0.67, -0.37, -16.50, 32.00, 18.61
0.38, -0.70, -0.33, -27.91, 31.78, 26.98
0.33, -0.72, -0.35, -35.45, 24.21, 32.84
0.25, -0.72, -0.38, -34.57, 11.53, 32.97
0.15, -0.73, -0.45, -28.31, -2.12, 26.54
-0.02, -0.79, -0.54, -20.51, -17.60, 13.16
-0.24, -0.86, -0.63, -13.71, -15.29, -0.62
-0.33, -0.88, -0.66, -8.14, -7.06, -14.19
-0.22, -0.89, -0.62, -2.66, 8.54, -20.88
-0.04, -0.86, -0.57, 2.83, -4.66, -26.40
0.11, -0.82, -0.56, 1.55, -0.84, -23.68
0.22, -0.79, -0.54, 0.96, 0.78, -16.59
0.34, -0.74, -0.50, -0.98, 13.23, -4.86
0.43, -0.69, -0.46, -6.86, 16.29, 6.97
0.45, -0.68, -0.40, -17.32, 25.57, 16.56
0.43, -0.70, -0.36, -28.16, 24.78, 25.88
0.38, -0.73, -0.36, -35.14, 21.21, 35.27
0.32, -0.73, -0.41, -36.62, 14.12, 37.34
0.18, -0.74, -0.48, -29.95, 5.45, 27.64
-0.02, -0.81, -0.55, -25.61, -8.69, 13.17
-0.24, -0.89, -0.62, -18.63, -19.90, -1.08
-0.32, -0.92, -0.70, -8.37, -8.83, -15.11
-0.25, -0.92, -0.68, -2.63, 2.03, -28.91
-0.14, -0.89, -0.63, 5.28, -2.47, -37.91
0.01, -0.86, -0.62, 8.57, 6.13, -35.88
0.17, -0.82, -0.58, 6.25, 11.82, -27.54
0.32, -0.75, -0.50, 1.53, 26.08, -14.95
0.42, -0.68, -0.41, -5.48, 17.09, -5.95
0.44, -0.63, -0.34, -12.61, 22.52, 8.32
0.45, -0.63, -0.33, -21.13, 22.33, 16.33
0.37, -0.67, -0.33, -33.35, 22.18, 25.01
0.27, -0.69, -0.37, -39.20, 23.12, 30.52
0.23, -0.68, -0.41, -35.85, 10.36, 33.15
0.18, -0.70, -0.48, -28.06, -7.38, 28.76
0.04, -0.78, -0.60, -14.03, -34.40, 10.77
-0.25, -0.91, -0.67, -7.59, -35.57, -7.27
-0.43, -0.99, -0.69, -6.17, -5.47, -22.25
-0.31, -0.94, -0.65, 1.34, 7.52, -35.21
-0.08, -0.85, -0.61, 8.67, 1.86, -39.47
0.14, -0.83, -0.58, 8.12, -5.29, -35.44
0.29, -0.78, -0.54, 5.05, 8.00, -21.06
0.41, -0.72, -0.49, 2.47, 13.72, -14.30
0.41, -0.66, -0.41, -3.33, 13.87, -2.56
0.44, -0.66, -0.36, -13.14, 28.98, 12.51
0.46, -0.68, -0.34, -22.14, 25.54, 17.89
0.37, -0.70, -0.34, -32.48, 26.13, 28.45
0.30, -0.71, -0.36, -34.02, 24.56, 34.17
0.25, -0.71, -0.40, -31.14, 9.52, 34.26
0.15, -0.75, -0.47, -24.95, -9.68, 27.68
-0.03, -0.82, -0.55, -14.80, -36.92, 9.65
-0.28, -0.89, -0.66, -3.03, -37.49, -10.37
-0.42, -0.91, -0.70, -0.47, -12.08, -25.51
-0.32, -0.88, -0.62, 5.70, 6.67, -36.84
-0.09, -0.82, -0.57, 8.94, 5.46, -37.86
0.18, -0.81, -0.56, 7.88, 0.88, -29.35
0.37, -0.78, -0.53, 5.37, 2.39, -11.51
0.52, -0.72, -0.47, -0.83, 15.61, 1.38
0.55, -0.69, -0.38, -11.41, 18.86, 11.46
0.49, -0.71, -0.34, -23.75, 29.37, 20.39
0.41, -0.74, -0.35, -35.08, 29.24, 28.51
0.33, -0.74, -0.40, -37.47, 26.51, 33.80
0.27, -0.72, -0.45, -36.50, 21.61, 35.58
0.17, -0.76, -0.48, -30.90, 5.27, 27.97
0.01, -0.82, -0.54, -18.91, -14.69, 14.62
-0.19, -0.87, -0.62, -8.49, -21.57, -1.29
-0.37, -0.90, -0.68, -0.70, -14.22, -18.82
-0.35, -0.89, -0.63, 4.29, 5.24, -28.61
-0.18, -0.84, -0.57, 7.99, 2.54, -35.17
0.04, -0.82, -0.53, 8.37, -2.87, -32.06
0.27, -0.79, -0.51, 6.32, -0.48, -19.79
0.42, -0.72, -0.47, 3.26, 5.93, -8.89
0.47, -0.67, -0.40, -2.33, 3.79, 3.36
0.47, -0.67, -0.36, -14.95, 23.27, 16.68
0.43, -0.71, -0.33, -26.64, 24.43, 20.87
0.34, -0.73, -0.33, -35.53, 27.27, 30.26
0.29, -0.73, -0.39, -36.96, 15.89, 32.72
0.22, -0.74, -0.44, -31.85, 3.38, 28.30
0.07, -0.79, -0.54, -21.79, -14.93, 18.52
-0.13, -0.86, -0.61, -14.62, -19.97, 2.81
-0.31, -0.92, -0.65, -4.38, -17.10, -14.77
-0.33, -0.93, -0.66, 1.44, 4.35, -27.60
-0.18, -0.90, -0.61, 6.80, 3.52, -36.22
-0.00, -0.86, -0.55, 8.04, 6.00, -35.12
0.20, -0.84, -0.52, 7.33, 3.16, -29.74
0.33, -0.79, -0.48, 3.15, 7.13, -16.22
0.46, -0.72, -0.41, -5.15, 12.23, -4.27
0.50, -0.66, -0.34, -13.12, 11.69, 8.05
0.48, -0.65, -0.30, -22.10, 16.80, 16.82
0.40, -0.68, -0.33, -31.93, 17.54, 23.43
0.27, -0.69, -0.38, -36.21, 16.48, 29.15
0.19, -0.69, -0.44, -33.21, 8.94, 30.40
0.14, -0.72, -0.49, -27.41, -0.13, 26.18
0.01, -0.80, -0.55, -19.43, -17.17, 14.79
-0.12, -0.88, -0.59, -12.70, -14.54, 2.15
-0.22, -0.92, -0.62, -8.58, -6.81, -10.80
-0.19, -0.92, -0.63, -2.77, 13.01, -17.35
-0.02, -0.89, -0.59, 1.68, 14.26, -20.63
0.12, -0.85, -0.55, 3.74, 11.97, -19.41
0.23, -0.84, -0.52, 3.21, 8.50, -17.09
0.26, -0.83, -0.48, -1.59, 5.16, -15.48
0.24, -0.78, -0.43, -7.44, 5.52, -11.54
0.25, -0.74, -0.40, -14.61, 6.88, -5.21
0.29, -0.71, -0.37, -21.27, 12.09, 1.58
0.30, -0.70, -0.37, -25.37, 6.96, 6.29
0.26, -0.70, -0.42, -26.68, 3.47, 9.60
0.20, -0.71, -0.46, -24.77, 0.29, 9.81
0.12, -0.73, -0.48, -19.27, -2.71, 8.08
0.07, -0.77, -0.52, -17.72, -4.53, 7.02
0.05, -0.82, -0.54, -13.59, -6.61, 4.96
0.05, -0.83, -0.54, -10.55, -4.11, 2.95
0.08, -0.82, -0.52, -8.12, 0.22, 0.56
0.11, -0.80, -0.50, -7.46, 5.70, 0.48
0.15, -0.78, -0.49, -9.03, 9.75, 0.93
0.19, -0.78, -0.48, -11.75, 13.60, 3.43
0.21, -0.79, -0.48, -13.77, 12.64, 7.14
0.21, -0.77, -0.47, -15.41, 8.91, 7.89
0.20, -0.77, -0.47, -16.55, 6.51, 9.25
0.18, -0.79, -0.47, -16.76, 2.73, 8.18
0.14, -0.82, -0.48, -16.43, 3.01, 7.29
0.10, -0.84, -0.50, -14.39, 1.75, 3.49
0.08, -0.86, -0.51, -10.54, 0.96, -2.64
0.06, -0.90, -0.52, -5.16, -0.75, -6.91
0.05, -0.93, -0.53, -1.85, -5.76, -13.39
0.04, -0.94, -0.53, 1.94, -10.29, -20.41
0.02, -0.92, -0.53, 5.58, -9.20, -27.57
0.03, -0.88, -0.53, 6.24, -9.54, -32.13
0.08, -0.82, -0.51, 4.38, -3.06, -27.80
0.20, -0.76, -0.47, -1.08, 10.04, -16.45
0.33, -0.68, -0.38, -6.40, 11.04, -7.72
0.39, -0.62, -0.32, -13.81, 13.81, 5.86
0.42, -0.58, -0.33, -19.13, 10.35, 16.10
0.36, -0.59, -0.35, -27.24, 6.62, 21.63
0.24, -0.65, -0.40, -30.09, 9.16, 28.03
0.18, -0.67, -0.45, -28.63, 6.85, 31.79
0.15, -0.71, -0.48, -23.71, 1.86, 29.70
0.08, -0.80, -0.51, -17.42, -9.50, 20.47
-0.06, -0.92, -0.57, -9.56, -15.38, 7.25
-0.17, -1.01, -0.61, -4.54, -11.05, -8.58
-0.20, -1.03, -0.62, -2.25, 7.74, -18.83
-0.11, -0.97, -0.59, 2.26, 11.07, -31.12
0.03, -0.90, -0.55, 4.87, 7.16, -35.34
0.17, -0.87, -0.52, 2.06, 7.10, -27.69
0.31, -0.82, -0.48, -6.09, 16.88, -16.83
0.41, -0.73, -0.38, -12.26, 17.88, -5.35
0.45, -0.64, -0.32, -18.21, 14.15, 4.38
0.43, -0.61, -0.32, -22.98, 7.35, 11.71
0.33, -0.64, -0.36, -28.18, 5.25, 18.32
0.22, -0.69, -0.40, -30.27, 8.90, 23.62
0.16, -0.70, -0.44, -28.66, 10.43, 26.77
0.16, -0.73, -0.46, -24.88, 5.75, 25.54
0.12, -0.78, -0.49, -20.71, -1.51, 20.90
0.03, -0.88, -0.54, -12.41, -10.10, 10.75
-0.09, -0.96, -0.58, -8.03, -8.99, -1.61
-0.16, -1.00, -0.61, -3.84, 3.39, -14.41
-0.15, -0.97, -0.59, 0.07, 6.60, -27.23
-0.06, -0.91, -0.54, 5.03, 3.29, -34.83
0.04, -0.89, -0.53, 6.18, -3.15, -35.54
0.17, -0.86, -0.50, 1.35, 2.69, -27.40
0.29, -0.78, -0.44, -5.73, 18.25, -15.15
0.39, -0.67, -0.34, -9.56, 12.40, -8.44
0.41, -0.61, -0.30, -16.04, 3.41, 2.00
0.39, -0.63, -0.33, -22.72, 5.54, 14.29
0.35, -0.66, -0.36, -29.26, 5.99, 18.09
0.26, -0.67, -0.38, -29.40, 8.30, 24.21
0.22, -0.68, -0.43, -28.02, 6.03, 30.42
0.21, -0.71, -0.47, -25.54, 7.65, 32.31
0.17, -0.78, -0.48, -26.36, 4.92, 30.90
0.09, -0.85, -0.51, -21.05, -5.42, 22.65
-0.03, -0.94, -0.55, -12.48, -17.66, 6.99
-0.17, -1.01, -0.62, -6.64, -18.03, -10.12
-0.23, -1.01, -0.66, -4.27, 7.35, -23.60
-0.15, -0.95, -0.60, 0.26, 14.32, -34.81
0.00, -0.86, -0.56, 2.57, 15.54, -34.90
0.19, -0.83, -0.53, -1.00, 12.72, -26.83
0.34, -0.78, -0.47, -5.02, 20.26, -14.86
0.42, -0.70, -0.40, -10.13, 23.30, -6.27
0.42, -0.65, -0.32, -19.75, 23.08, 0.80
0.36, -0.65, -0.33, -24.50, 18.35, 5.83
0.24, -0.67, -0.39, -28.56, 14.98, 8.36
0.14, -0.69, -0.44, -29.11, 14.64, 11.85
0.10, -0.71, -0.47, -24.84, 9.59, 13.43
0.12, -0.73, -0.48, -21.79, 2.25, 13.40
0.14, -0.76, -0.48, -20.53, 3.06, 14.31
0.14, -0.79, -0.47, -20.82, 15.30, 15.05
0.14, -0.78, -0.47, -24.58, 23.59, 14.43
0.14, -0.72, -0.49, -27.83, 32.39, 15.98
0.16, -0.72, -0.50, -31.48, 20.75, 15.44
0.18, -0.72, -0.49, -29.74, 18.52, 22.19
0.24, -0.76, -0.48, -29.41, -1.80, 23.80
0.21, -0.79, -0.49, -29.70, -7.84, 22.23
0.11, -0.80, -0.50, -29.33, -10.72, 21.18
0.08, -0.80, -0.50, -27.19, -9.43, 20.16
0.12, -0.80, -0.52, -25.12, -10.91, 19.39
0.12, -0.80, -0.52, -21.67, -8.31, 17.61
0.09, -0.82, -0.52, -21.61, -5.85, 15.18
0.07, -0.85, -0.52, -22.04, -3.97, 14.19
0.10, -0.85, -0.52, -21.70, -6.90, 13.12
0.12, -0.83, -0.51, -20.88, -6.85, 12.55
0.13, -0.81, -0.51, -21.08, -5.44, 10.16
0.12, -0.79, -0.51, -22.87, 0.76, 10.73
0.12, -0.75, -0.51, -24.30, 7.51, 13.59
0.14, -0.76, -0.50, -25.91, 7.20, 14.13
0.16, -0.74, -0.49, -27.04, 4.36, 16.38
0.15, -0.73, -0.48, -26.92, -0.62, 18.23
0.12, -0.75, -0.50, -28.02, -5.23, 21.13
0.10, -0.76, -0.52, -27.06, -7.80, 24.06
0.09, -0.76, -0.53, -25.37, -12.22, 22.99
0.07, -0.74, -0.54, -22.89, -10.61, 22.19
0.04, -0.74, -0.54, -20.05, -6.05, 21.26
-0.01, -0.75, -0.55, -17.91, -3.88, 17.87
-0.04, -0.78, -0.56, -15.51, -6.71, 16.86
-0.03, -0.82, -0.56, -13.56, -12.52, 13.89
-0.01, -0.83, -0.56, -10.36, -19.44, 10.18
-0.00, -0.84, -0.56, -7.27, -19.33, 5.61
-0.01, -0.83, -0.56, -6.96, -8.86, 0.96
-0.03, -0.83, -0.56, -7.65, 3.67, -4.86
-0.03, -0.84, -0.56, -7.66, 10.91, -7.77
0.01, -0.83, -0.56, -7.34, 9.23, -10.08
0.05, -0.82, -0.56, -7.02, 6.75, -11.52
0.08, -0.81, -0.56, -7.49, 5.35, -11.31
0.09, -0.80, -0.55, -7.88, 5.41, -10.52
0.09, -0.78, -0.54, -9.39, 5.59, -9.07
0.10, -0.77, -0.53, -10.16, 5.66, -7.36
0.10, -0.76, -0.52, -11.20, 7.00, -5.09
0.10, -0.75, -0.52, -11.68, 6.29, -3.87
0.08, -0.74, -0.52, -11.16, 4.58, -4.09
0.06, -0.73, -0.52, -10.21, 4.74, -2.87
0.05, -0.74, -0.52, -9.78, 4.14, -2.57
0.03, -0.74, -0.52, -10.04, 4.52, -1.25
0.03, -0.75, -0.51, -10.57, 5.17, -1.31
0.03, -0.75, -0.51, -10.20, 4.30, -1.95
0.03, -0.75, -0.51, -10.84, 3.70, -1.54
0.04, -0.74, -0.52, -10.53, 4.54, -2.18
0.03, -0.75, -0.52, -10.73, 5.43, -1.85
0.04, -0.76, -0.52, -11.26, 5.07, -1.65
0.05, -0.76, -0.52, -11.54, 5.13, -2.95
0.06, -0.76, -0.52, -11.99, 4.68, -2.39
0.07, -0.76, -0.52, -13.60, 6.83, -0.72
0.08, -0.76, -0.51, -14.65, 9.30, 1.09
0.09, -0.76, -0.51, -15.50, 10.71, 1.45
0.09, -0.76, -0.51, -15.99, 8.82, 2.37
0.09, -0.77, -0.51, -15.82, 4.91, 4.57
0.08, -0.77, -0.52, -14.75, 2.08, 4.40
0.06, -0.78, -0.52, -14.23, 1.49, 4.18
0.05, -0.78, -0.53, -14.15, 1.89, 3.85
0.03, -0.77, -0.53, -13.84, 4.12, 1.58
0.02, -0.78, -0.53, -13.92, 6.03, -0.29
0.02, -0.79, -0.53, -13.03, 6.63, -2.08
0.02, -0.80, -0.53, -10.97, 5.07, -4.60
0.03, -0.81, -0.53, -10.75, 4.11, -6.22
0.03, -0.80, -0.53, -9.72, 4.87, -9.02
0.02, -0.79, -0.54, -10.16, 6.98, -10.64
0.02, -0.79, -0.54, -8.96, 8.46, -11.69
0.03, -0.78, -0.54, -8.61, 8.83, -13.21
0.05, -0.78, -0.54, -7.67, 11.01, -14.70
0.05, -0.78, -0.54, -8.09, 10.26, -14.70
0.06, -0.78, -0.53, -6.68, 11.57, -16.16
0.06, -0.77, -0.53, -6.84, 12.34, -18.83
0.06, -0.79, -0.53, -7.24, 13.22, -18.27
0.06, -0.81, -0.52, -6.30, 10.03, -18.91
0.07, -0.83, -0.53, -5.62, 6.17, -19.53
0.10, -0.83, -0.53, -1.69, -2.61, -20.21
0.12, -0.83, -0.54, 2.84, -9.86, -21.48
0.11, -0.82, -0.54, 6.52, -9.76, -24.54
0.07, -0.83, -0.54, 9.73, -4.68, -27.44
0.04, -0.84, -0.54, 9.19, -0.70, -30.81
0.06, -0.81, -0.52, 11.62, 10.14, -31.00
0.12, -0.77, -0.50, 10.17, 17.97, -30.03
0.14, -0.73, -0.46, 7.31, 12.45, -31.34
0.13, -0.73, -0.43, 3.69, 2.64, -27.84
0.19, -0.74, -0.44, -1.40, 3.64, -17.14
0.30, -0.73, -0.42, -6.69, 7.08, -3.78
0.38, -0.67, -0.39, -13.88, 8.94, 9.75
0.43, -0.61, -0.37, -20.50, 20.69, 23.04
0.45, -0.59, -0.36, -27.41, 26.31, 31.69
0.40, -0.61, -0.38, -33.95, 28.07, 40.65
0.28, -0.66, -0.40, -35.32, 11.29, 44.43
0.18, -0.73, -0.46, -28.06, -5.53, 46.83
0.08, -0.84, -0.53, -19.71, -33.27, 34.35
-0.11, -0.96, -0.59, -6.75, -54.57, 11.65
-0.36, -1.06, -0.62, 1.83, -42.36, -12.97
-0.49, -1.08, -0.64, 0.14, 8.68, -37.65
-0.46, -1.02, -0.60, 3.60, 33.18, -59.50
-0.27, -0.94, -0.58, 9.80, 26.96, -64.00
0.02, -0.89, -0.62, 12.22, 16.87, -62.05
0.35, -0.81, -0.60, 10.33, 30.60, -43.02
0.53, -0.71, -0.46, 8.54, 14.58, -37.19
0.50, -0.64, -0.36, 0.39, 10.78, -19.45
0.51, -0.62, -0.35, -7.55, 23.67, -0.17
0.52, -0.59, -0.35, -18.73, 35.24, 12.71
0.44, -0.57, -0.34, -25.28, 37.49, 21.84
0.31, -0.60, -0.37, -31.39, 36.34, 28.49
0.24, -0.64, -0.39, -31.83, 30.37, 32.67
0.19, -0.69, -0.41, -31.05, 21.12, 35.10
0.13, -0.77, -0.43, -30.36, -5.33, 33.57
0.07, -0.85, -0.46, -21.13, -26.59, 26.13
-0.03, -0.90, -0.51, -12.61, -29.38, 8.10
-0.19, -0.97, -0.57, -5.44, -19.26, -10.99
-0.28, -1.02, -0.58, -4.27, 7.40, -25.04
-0.18, -1.01, -0.55, -1.57, 14.89, -36.65
-0.01, -0.95, -0.54, 4.46, 3.02, -43.51
0.15, -0.89, -0.54, 8.70, -7.73, -42.73
0.27, -0.84, -0.53, 6.68, 2.20, -29.84
0.39, -0.76, -0.46, -0.22, 17.56, -18.26
0.45, -0.67, -0.34, -4.97, 14.36, -7.93
0.48, -0.62, -0.30, -13.54, 15.93, 6.79
0.49, -0.62, -0.31, -21.38, 12.89, 14.59
0.37, -0.64, -0.35, -29.42, 12.13, 21.87
0.24, -0.66, -0.39, -34.99, 16.47, 26.57
0.18, -0.67, -0.41, -33.81, 12.38, 28.08
0.16, -0.71, -0.44, -31.29, 0.90, 27.17
0.11, -0.79, -0.48, -25.41, -12.49, 24.58
0.03, -0.90, -0.52, -16.03, -25.30, 10.11
-0.13, -0.98, -0.56, -10.96, -24.12, -3.23
-0.21, -1.00, -0.59, -7.89, -0.52, -17.57
-0.17, -0.94, -0.58, -3.99, 15.39, -30.42
-0.02, -0.87, -0.54, 0.41, 18.88, -33.74
0.16, -0.84, -0.53, 0.19, 9.71, -32.49
0.28, -0.82, -0.50, -1.54, 2.59, -23.12
0.37, -0.77, -0.47, -5.63, 3.13, -9.37
0.48, -0.70, -0.42, -10.61, 7.95, 2.40
0.51, -0.65, -0.35, -17.79, 9.61, 11.70
0.47, -0.64, -0.34, -25.41, 13.08, 18.91
0.39, -0.67, -0.36, -32.25, 20.30, 27.00
0.30, -0.71, -0.39, -35.24, 19.80, 32.78
0.24, -0.73, -0.42, -34.63, 12.76, 34.32
0.17, -0.80, -0.44, -31.62, -8.88, 28.24
0.07, -0.88, -0.48, -21.15, -34.92, 16.21
-0.10, -0.95, -0.56, -10.47, -39.99, -0.71
-0.29, -0.97, -0.64, -7.30, -14.92, -20.60
-0.33, -0.96, -0.61, -3.80, 15.80, -33.92
-0.17, -0.91, -0.56, -0.30, 25.16, -41.16
0.08, -0.85, -0.55, 3.46, 15.52, -39.77
0.27, -0.81, -0.53, 5.11, -0.24, -31.41
0.39, -0.76, -0.50, 4.58, -5.69, -18.79
0.46, -0.69, -0.45, 1.71, -2.04, -3.77
0.50, -0.63, -0.40, -8.15, 14.37, 8.10
0.44, -0.60, -0.31, -17.74, 19.84, 15.52
0.37, -0.62, -0.30, -26.10, 24.72, 22.94
0.29, -0.67, -0.35, -36.14, 24.36, 29.64
0.24, -0.70, -0.38, -36.44, 18.09, 34.17
0.21, -0.74, -0.42, -35.91, 7.23, 32.45
0.16, -0.81, -0.45, -33.38, -17.40, 27.70
0.06, -0.89, -0.48, -22.39, -42.84, 15.88
-0.06, -0.97, -0.57, -12.05, -44.14, -0.86
-0.26, -0.99, -0.67, -8.33, -17.88, -20.14
-0.31, -0.98, -0.65, -2.12, 16.78, -35.18
-0.14, -0.91, -0.61, 4.46, 26.66, -41.92
0.10, -0.86, -0.59, 7.67, 13.95, -41.78
0.26, -0.84, -0.56, 9.06, -2.83, -33.42
0.38, -0.79, -0.51, 7.72, -8.29, -20.48
0.48, -0.71, -0.45, 2.98, 4.55, -5.07
0.53, -0.63, -0.35, -6.80, 18.81, 6.22
0.46, -0.59, -0.27, -17.54, 21.59, 13.08
0.36, -0.62, -0.31, -28.00, 25.96, 19.82
0.27, -0.68, -0.35, -38.22, 23.69, 25.50
0.21, -0.71, -0.39, -39.18, 17.21, 29.07
0.20, -0.73, -0.43, -36.99, 4.97, 29.52
0.16, -0.81, -0.46, -33.06, -17.21, 24.39
0.09, -0.86, -0.48, -24.20, -28.58, 19.61
0.01, -0.94, -0.54, -15.72, -34.89, 5.49
-0.16, -0.97, -0.60, -9.65, -15.35, -10.07
-0.23, -0.96, -0.60, -8.59, 17.25, -23.06
-0.11, -0.91, -0.57, -3.89, 27.29, -30.63
0.09, -0.84, -0.54, -0.07, 24.04, -29.87
0.25, -0.82, -0.53, -0.95, 14.03, -24.46
0.32, -0.79, -0.49, -5.19, 6.51, -15.15
0.39, -0.74, -0.42, -8.60, 3.46, -4.53
0.46, -0.68, -0.39, -11.85, 0.93, 5.52
0.44, -0.64, -0.39, -17.38, 6.38, 11.53
0.32, -0.65, -0.38, -26.27, 19.94, 19.20
0.26, -0.69, -0.37, -33.36, 27.97, 24.72
0.23, -0.73, -0.39, -35.33, 15.90, 28.89
0.22, -0.78, -0.41, -29.25, -15.15, 24.18
0.14, -0.86, -0.49, -16.14, -49.77, 12.98
-0.05, -0.91, -0.63, -8.49, -38.36, -2.58
-0.28, -0.95, -0.64, -6.96, -9.95, -19.50
-0.29, -0.94, -0.60, -3.03, 22.36, -28.62
-0.06, -0.88, -0.60, 2.92, 21.18, -33.94
0.12, -0.84, -0.57, 4.94, 15.73, -31.29
0.25, -0.82, -0.52, 4.37, 4.99, -26.24
0.35, -0.78, -0.47, 2.97, -0.99, -14.72
0.43, -0.69, -0.43, -0.46, -2.18, -5.55
0.45, -0.63, -0.38, -7.81, 4.01, 4.42
0.40, -0.62, -0.33, -16.94, 13.13, 12.08
0.33, -0.65, -0.34, -25.56, 19.10, 19.96
0.27, -0.67, -0.38, -32.03, 20.00, 24.33
0.22, -0.68, -0.41, -33.85, 15.98, 28.64
0.23, -0.72, -0.42, -32.65, 2.18, 28.84
0.22, -0.82, -0.44, -26.36, -31.57, 23.20
0.09, -0.93, -0.54, -14.26, -39.22, 12.15
-0.11, -0.98, -0.64, -13.52, -19.68, -4.04
-0.28, -0.98, -0.62, -9.24, 6.25, -18.21
-0.18, -0.95, -0.60, -3.68, 22.26, -29.74
0.04, -0.89, -0.59, 1.37, 13.57, -33.01
0.16, -0.86, -0.56, 2.79, 7.95, -31.83
0.26, -0.83, -0.51, 1.02, 2.37, -26.74
0.34, -0.77, -0.45, -1.10, 1.53, -14.25
0.43, -0.68, -0.41, -5.68, 3.87, -3.77
0.44, -0.61, -0.37, -12.33, 11.30, 6.68
0.40, -0.60, -0.33, -18.69, 18.10, 13.82
0.33, -0.64, -0.35, -28.74, 21.76, 21.46
0.26, -0.67, -0.37, -34.48, 22.46, 26.76
0.24, -0.69, -0.39, -32.60, 9.81, 29.46
0.24, -0.76, -0.42, -29.35, -14.09, 27.98
0.15, -0.88, -0.47, -17.94, -42.78, 18.04
-0.05, -0.96, -0.59, -9.90, -38.72, 1.73
-0.27, -0.99, -0.66, -8.25, -10.48, -15.41
-0.30, -0.98, -0.62, -4.38, 18.45, -28.51
-0.13, -0.91, -0.59, 1.86, 21.57, -38.47
0.08, -0.87, -0.58, 3.43, 15.72, -37.15
0.26, -0.85, -0.52, 0.52, 4.81, -29.09
0.39, -0.80, -0.47, 1.43, 1.59, -20.19
0.45, -0.70, -0.46, -1.27, -6.01, -15.23
0.39, -0.65, -0.40, -8.91, 3.51, -0.80
0.37, -0.64, -0.34, -17.58, 10.94, 8.60
0.39, -0.62, -0.35, -22.19, 14.42, 14.79
0.31, -0.61, -0.38, -27.09, 11.96, 18.96
0.22, -0.64, -0.41, -30.77, 16.21, 25.36
0.23, -0.70, -0.41, -30.76, 7.64, 29.45
0.25, -0.84, -0.41, -25.44, -20.62, 26.21
0.16, -0.92, -0.48, -19.35, -33.90, 18.08
-0.02, -0.96, -0.59, -13.36, -28.09, 1.83
-0.21, -0.97, -0.63, -8.42, -9.09, -14.25
-0.22, -0.96, -0.62, -4.56, 17.88, -26.11
-0.06, -0.92, -0.59, -1.31, 15.71, -33.33
0.10, -0.87, -0.56, 1.78, 11.09, -32.46
0.23, -0.84, -0.52, -1.15, 3.99, -27.34
0.33, -0.78, -0.46, -5.30, 8.02, -14.21
0.43, -0.70, -0.41, -8.21, 6.37, -4.48
0.46, -0.62, -0.36, -14.90, 5.71, 6.18
0.42, -0.61, -0.34, -19.99, 5.27, 11.65
0.31, -0.63, -0.37, -27.04, 12.12, 16.30
0.22, -0.66, -0.40, -31.90, 14.60, 20.09
0.19, -0.70, -0.42, -30.16, 7.33, 22.59
0.21, -0.76, -0.45, -24.84, -8.57, 21.06
0.16, -0.87, -0.50, -18.41, -23.60, 15.09
0.04, -0.96, -0.55, -13.42, -27.00, 2.69
-0.09, -1.00, -0.60, -9.18, -13.54, -8.50
-0.15, -0.96, -0.62, -5.24, 8.51, -23.52
-0.10, -0.91, -0.60, -2.03, 14.87, -31.21
0.02, -0.88, -0.57, 0.02, 13.25, -34.46
0.16, -0.85, -0.54, 0.37, 6.67, -32.92
0.26, -0.80, -0.50, -1.45, 1.56, -25.97
0.35, -0.73, -0.43, -5.47, 3.85, -14.64
0.42, -0.65, -0.39, -5.62, 0.42, -8.19
0.39, -0.60, -0.40, -11.75, 3.36, 1.74
0.35, -0.61, -0.37, -21.11, 15.21, 12.94
0.35, -0.63, -0.37, -26.35, 17.09, 18.03
0.31, -0.65, -0.40, -29.20, 18.93, 21.60
0.25, -0.69, -0.43, -31.15, 20.66, 25.70
0.23, -0.77, -0.44, -31.58, 13.74, 27.82
0.23, -0.87, -0.46, -27.80, -4.09, 26.26
0.18, -0.94, -0.52, -20.37, -23.77, 17.83
0.02, -0.96, -0.63, -11.44, -20.81, 2.29
-0.18, -0.94, -0.67, -5.78, -4.95, -15.60
-0.23, -0.93, -0.64, -1.02, 14.31, -29.27
-0.09, -0.89, -0.60, 2.78, 13.43, -37.65
0.06, -0.85, -0.57, 5.62, 5.86, -37.96
0.19, -0.81, -0.51, 4.51, -4.76, -34.56
0.31, -0.72, -0.46, 0.78, 0.63, -21.14
0.44, -0.67, -0.42, 0.78, -5.20, -12.74
0.46, -0.61, -0.39, -6.29, -0.04, 0.48
0.45, -0.62, -0.36, -14.30, 13.45, 12.52
0.43, -0.63, -0.34, -23.42, 21.85, 21.21
0.36, -0.64, -0.35, -28.51, 26.39, 26.75
0.32, -0.67, -0.39, -32.62, 21.31, 32.05
0.29, -0.71, -0.43, -33.16, 12.75, 37.33
0.26, -0.76, -0.47, -30.23, -4.28, 37.70
0.18, -0.84, -0.51, -17.17, -14.26, 27.61
-0.03, -0.94, -0.60, -11.22, -12.08, 11.51
-0.25, -1.00, -0.65, -7.88, -6.84, -7.64
-0.29, -1.01, -0.64, -3.18, 19.02, -18.90
-0.13, -0.97, -0.58, -0.59, 17.71, -33.31
0.02, -0.89, -0.54, 1.91, 15.77, -37.90
0.16, -0.84, -0.50, 1.39, 9.83, -37.04
0.29, -0.81, -0.45, -1.41, -1.43, -30.77
0.39, -0.74, -0.43, -4.22, -4.52, -13.18
0.52, -0.66, -0.41, -5.42, -1.58, 1.76
0.56, -0.61, -0.36, -12.73, 7.87, 12.72
0.46, -0.61, -0.32, -22.59, 19.46, 20.05
0.35, -0.65, -0.31, -33.07, 33.34, 27.33
0.27, -0.69, -0.34, -39.33, 31.19, 31.37
0.24, -0.71, -0.38, -41.61, 17.14, 35.93
0.22, -0.77, -0.40, -35.91, -13.96, 34.22
0.17, -0.86, -0.50, -20.43, -46.92, 21.91
-0.03, -0.91, -0.64, -11.30, -42.00, 9.40
-0.26, -0.93, -0.68, -5.76, -20.70, -14.11
-0.31, -0.94, -0.67, -2.36, 13.83, -22.90
-0.12, -0.91, -0.62, 1.50, 21.18, -29.47
0.10, -0.85, -0.57, 3.56, 17.52, -29.70
0.24, -0.81, -0.54, 4.27, 6.36, -28.80
0.32, -0.78, -0.52, 5.44, -4.17, -22.58
0.38, -0.73, -0.50, 2.95, -4.99, -10.82
0.44, -0.69, -0.45, 0.01, 3.34, 3.83
0.45, -0.67, -0.40, -9.64, 16.41, 12.70
0.40, -0.67, -0.35, -19.87, 30.65, 20.37
0.32, -0.70, -0.31, -30.97, 38.21, 23.58
0.28, -0.72, -0.31, -37.96, 32.74, 28.54
0.27, -0.74, -0.35, -38.49, 13.67, 31.31
0.24, -0.76, -0.42, -33.78, -11.27, 30.08
0.13, -0.82, -0.50, -21.39, -32.64, 17.52
-0.06, -0.90, -0.57, -12.02, -44.86, -1.20
-0.26, -0.98, -0.63, -4.66, -19.44, -14.82
-0.28, -0.97, -0.65, -3.30, 14.28, -27.23
-0.14, -0.89, -0.59, 2.48, 23.01, -36.17
0.07, -0.83, -0.56, 7.19, 19.87, -35.32
0.27, -0.81, -0.54, 6.26, 7.09, -31.05
0.36, -0.79, -0.48, 2.96, -0.17, -19.28
0.46, -0.72, -0.43, 0.40, -1.06, -5.35
0.52, -0.66, -0.40, -4.53, 1.99, 6.03
0.50, -0.64, -0.37, -13.00, 14.36, 15.98
0.41, -0.67, -0.33, -25.54, 32.02, 23.11
0.30, -0.70, -0.31, -33.54, 38.47, 28.41
0.26, -0.72, -0.34, -37.52, 28.73, 34.44
0.27, -0.75, -0.39, -32.38, 8.41, 35.41
0.24, -0.83, -0.46, -24.94, -14.59, 26.44
0.04, -0.92, -0.51, -20.50, -30.20, 12.51
-0.21, -0.96, -0.59, -11.06, -21.67, -5.60
-0.25, -0.96, -0.66, -4.83, 0.81, -18.54
-0.15, -0.95, -0.64, -0.38, 14.61, -25.96
-0.01, -0.89, -0.59, 2.88, 14.30, -31.40
0.13, -0.82, -0.55, 5.58, 10.61, -31.40
0.24, -0.78, -0.50, 5.02, 4.23, -29.54
0.29, -0.74, -0.45, 0.92, -2.12, -19.12
0.35, -0.69, -0.40, -6.06, -1.97, -5.86
0.43, -0.65, -0.36, -13.15, 0.62, 4.21
0.44, -0.61, -0.33, -21.97, 7.63, 14.50
0.38, -0.62, -0.33, -31.99, 17.90, 22.25
0.32, -0.65, -0.35, -37.83, 25.16, 30.69
0.30, -0.67, -0.39, -40.30, 16.42, 37.36
0.29, -0.72, -0.44, -33.99, -1.75, 38.89
0.22, -0.81, -0.51, -24.94, -28.69, 28.35
0.02, -0.91, -0.61, -13.58, -24.89, 14.88
-0.19, -0.96, -0.68, -10.77, -8.43, -4.84
-0.31, -0.99, -0.67, -5.53, 12.83, -18.19
-0.17, -0.98, -0.62, -0.72, 25.56, -27.09
0.04, -0.92, -0.58, 4.40, 8.32, -33.43
0.18, -0.88, -0.53, 5.89, 2.76, -32.07
0.29, -0.83, -0.50, 5.33, -0.71, -27.22
0.34, -0.76, -0.47, 2.41, 6.95, -19.71
0.37, -0.69, -0.40, -3.55, 11.00, -10.58
0.40, -0.66, -0.31, -10.67, 16.85, 3.29
0.44, -0.65, -0.31, -17.42, 20.41, 13.46
0.43, -0.66, -0.30, -27.64, 20.96, 23.66
0.36, -0.69, -0.30, -35.11, 19.95, 30.12
0.31, -0.70, -0.34, -36.89, 7.89, 35.63
0.30, -0.71, -0.40, -32.37, 0.30, 37.64
0.20, -0.78, -0.47, -27.80, -18.85, 24.36
-0.04, -0.88, -0.52, -21.13, -23.04, 13.13
-0.22, -0.92, -0.62, -14.07, -12.52, -4.41
-0.28, -0.91, -0.69, -5.88, 0.19, -17.53
-0.13, -0.91, -0.65, 1.54, 9.78, -24.77
0.03, -0.89, -0.59, 7.04, -2.24, -30.06
0.19, -0.85, -0.57, 7.91, -0.41, -28.15
0.27, -0.81, -0.53, 4.86, 3.16, -22.54
0.35, -0.75, -0.46, 0.96, 11.95, -12.99
0.43, -0.70, -0.43, -4.98, 15.62, 0.48
0.47, -0.67, -0.37, -12.35, 22.50, 10.51
0.45, -0.68, -0.33, -22.79, 23.42, 18.80
0.37, -0.71, -0.32, -31.23, 24.77, 25.92
0.31, -0.73, -0.34, -35.99, 19.58, 30.74
0.27, -0.75, -0.37, -33.08, 10.20, 31.58
0.20, -0.80, -0.42, -29.61, -4.86, 23.73
0.03, -0.88, -0.49, -24.27, -13.30, 13.65
-0.12, -0.92, -0.57, -15.36, -16.23, -2.14
-0.22, -0.89, -0.64, -5.57, -8.51, -16.68
-0.17, -0.88, -0.63, 1.02, 5.25, -24.29
-0.03, -0.88, -0.59, 7.84, -1.20, -30.88
0.08, -0.85, -0.58, 9.73, 3.17, -31.03
0.19, -0.81, -0.53, 8.36, 0.48, -31.22
0.26, -0.77, -0.48, 6.50, 2.44, -22.82
0.38, -0.73, -0.45, 2.72, 6.32, -12.32
0.48, -0.69, -0.42, -3.04, 13.57, -0.70
0.47, -0.68, -0.36, -12.87, 19.48, 8.77
0.42, -0.69, -0.32, -23.25, 28.78, 17.59
0.37, -0.71, -0.32, -31.95, 29.98, 23.80
0.32, -0.72, -0.35, -36.85, 28.73, 31.06
0.30, -0.75, -0.37, -37.37, 15.98, 33.57
0.26, -0.81, -0.41, -33.33, -1.62, 30.25
0.13, -0.86, -0.48, -25.45, -21.20, 17.32
-0.09, -0.90, -0.57, -16.01, -18.30, 2.26
-0.25, -0.93, -0.64, -9.35, -12.60, -17.54
-0.25, -0.91, -0.65, -1.55, 11.92, -23.68
-0.07, -0.87, -0.60, 7.21, 4.34, -32.51
0.10, -0.83, -0.58, 11.14, -0.72, -29.97
0.21, -0.81, -0.53, 9.31, -4.41, -27.09
0.28, -0.77, -0.47, 6.05, -2.10, -19.20
0.37, -0.70, -0.43, 0.38, 11.73, -2.82
0.49, -0.66, -0.38, -8.39, 19.25, 7.32
0.49, -0.69, -0.31, -19.43, 21.73, 15.36
0.42, -0.69, -0.29, -29.75, 20.22, 22.75
0.35, -0.72, -0.32, -36.08, 24.44, 30.30
0.30, -0.74, -0.36, -37.75, 15.23, 33.33
0.25, -0.79, -0.39, -33.35, 1.04, 31.75
0.16, -0.87, -0.46, -25.82, -18.98, 20.33
-0.02, -0.93, -0.53, -18.83, -24.85, 4.64
-0.23, -0.94, -0.59, -12.45, -16.92, -13.32
-0.26, -0.92, -0.61, -5.66, 6.58, -22.33
-0.08, -0.90, -0.58, 3.22, -0.14, -30.08
0.07, -0.87, -0.56, 8.10, -10.45, -32.05
0.18, -0.85, -0.54, 8.28, -13.89, -31.04
0.26, -0.80, -0.50, 5.98, -11.60, -26.79
0.34, -0.75, -0.46, 1.56, 3.28, -12.34
0.45, -0.70, -0.41, -6.44, 12.47, -1.80
0.50, -0.68, -0.36, -14.71, 17.38, 10.41
0.48, -0.67, -0.35, -23.53, 22.22, 18.60
0.40, -0.69, -0.36, -34.30, 25.16, 24.56
0.29, -0.71, -0.38, -38.61, 29.22, 29.52
0.25, -0.73, -0.40, -38.09, 17.05, 31.14
0.20, -0.79, -0.45, -31.39, -6.22, 26.36
0.05, -0.85, -0.52, -22.25, -26.72, 10.53
-0.19, -0.91, -0.59, -13.74, -29.41, -7.14
-0.34, -0.92, -0.63, -8.82, -5.83, -22.96
-0.26, -0.87, -0.60, -2.06, 8.86, -33.50
-0.05, -0.82, -0.58, 4.83, 4.48, -36.37
0.16, -0.80, -0.56, 7.15, -0.36, -31.22
0.31, -0.79, -0.51, 4.47, 0.82, -21.80
0.44, -0.75, -0.46, -0.19, 9.28, -6.42
0.55, -0.71, -0.39, -5.60, 13.60, 6.76
0.57, -0.70, -0.34, -15.21, 19.01, 16.23
0.50, -0.72, -0.31, -26.60, 23.69, 20.70
0.38, -0.75, -0.30, -36.73, 21.54, 26.55
0.29, -0.76, -0.33, -41.64, 18.50, 32.28
0.25, -0.75, -0.39, -38.34, 10.08, 31.14
0.16, -0.77, -0.48, -29.42, 4.11, 23.73
-0.01, -0.81, -0.54, -22.08, -16.04, 6.43
-0.25, -0.87, -0.60, -9.64, -18.03, -7.68
-0.32, -0.89, -0.64, -2.42, -7.98, -20.63
-0.22, -0.89, -0.62, 5.73, 2.60, -29.87
-0.05, -0.85, -0.57, 12.29, -5.50, -33.94
0.14, -0.80, -0.54, 14.09, -9.21, -29.48
0.31, -0.78, -0.51, 12.34, -3.83, -18.14
0.46, -0.75, -0.46, 6.39, 13.66, -4.93
0.53, -0.72, -0.39, -1.36, 16.94, 6.35
0.51, -0.73, -0.36, -11.83, 32.65, 18.16
0.48, -0.74, -0.32, -24.92, 36.47, 23.40
0.40, -0.76, -0.28, -34.71, 30.72, 29.45
0.32, -0.77, -0.32, -39.28, 23.10, 33.30
0.26, -0.79, -0.38, -38.20, 10.66, 31.15
0.13, -0.81, -0.45, -29.65, -8.82, 18.74
-0.09, -0.84, -0.52, -20.83, -22.21, 4.02
-0.25, -0.88, -0.60, -10.84, -26.43, -15.56
-0.29, -0.90, -0.62, -3.28, -12.46, -24.55
-0.16, -0.87, -0.59, 4.19, -8.04, -31.29
0.01, -0.84, -0.56, 7.61, -8.48, -33.92
0.20, -0.82, -0.53, 8.18, -9.92, -27.70
0.36, -0.80, -0.50, 5.87, -1.64, -12.72
0.49, -0.74, -0.45, 1.15, 10.39, -1.51
0.51, -0.71, -0.36, -8.72, 13.17, 10.44
0.49, -0.71, -0.30, -23.49, 23.25, 18.26
0.45, -0.71, -0.28, -35.40, 15.64, 20.58
0.35, -0.71, -0.29, -45.41, 8.53, 25.79
0.30, -0.71, -0.35, -49.01, 4.03, 28.97
0.25, -0.75, -0.39, -47.99, 0.80, 28.24
0.17, -0.83, -0.43, -46.22, -8.92, 24.80
0.06, -0.90, -0.50, -38.36, -22.03, 15.62
-0.07, -0.93, -0.58, -28.63, -29.74, 1.00
-0.21, -0.91, -0.65, -18.34, -23.52, -14.53
-0.22, -0.88, -0.68, -7.47, -4.97, -23.92
-0.12, -0.83, -0.66, 2.10, -12.38, -33.56
-0.01, -0.81, -0.64, 9.16, -20.82, -33.25
0.12, -0.81, -0.59, 11.02, -28.41, -30.07
0.25, -0.77, -0.53, 6.07, -9.94, -16.01
0.39, -0.70, -0.43, -0.98, 4.74, -7.39
0.42, -0.66, -0.32, -9.41, -2.44, 1.14
0.44, -0.67, -0.31, -21.09, 9.55, 15.90
0.45, -0.70, -0.32, -31.92, 8.17, 18.90
0.35, -0.70, -0.35, -38.70, 10.00, 24.52
0.25, -0.70, -0.40, -41.61, 8.13, 29.12
0.19, -0.72, -0.44, -39.12, 6.02, 29.46
0.14, -0.78, -0.50, -35.19, -8.51, 25.29
0.04, -0.83, -0.57, -23.93, -23.34, 15.54
-0.13, -0.88, -0.65, -10.60, -41.04, -3.04
-0.28, -0.92, -0.71, -2.17, -32.34, -17.59
-0.30, -0.92, -0.71, 4.80, -12.40, -32.96
-0.20, -0.85, -0.67, 12.37, -9.89, -41.96
-0.01, -0.83, -0.63, 13.57, -10.40, -39.71
0.20, -0.83, -0.59, 10.99, 0.45, -28.11
0.40, -0.76, -0.50, 4.89, 9.10, -19.19
0.47, -0.71, -0.35, 0.39, 3.49, -6.04
0.49, -0.70, -0.34, -12.23, 14.38, 6.88
0.49, -0.70, -0.31, -23.31, 21.16, 16.47
0.42, -0.68, -0.31, -32.55, 21.20, 23.03
0.32, -0.69, -0.35, -39.70, 22.26, 28.30
0.22, -0.69, -0.39, -40.12, 20.78, 31.61
0.18, -0.71, -0.43, -37.53, 13.35, 33.05
0.13, -0.77, -0.48, -30.00, -9.57, 30.71
0.05, -0.83, -0.56, -17.11, -28.18, 17.94
-0.16, -0.88, -0.61, -6.07, -36.38, -2.36
-0.35, -0.93, -0.67, 0.06, -17.28, -17.70
-0.33, -0.93, -0.66, 4.91, 6.60, -29.54
-0.13, -0.86, -0.59, 10.04, 5.81, -35.06
0.06, -0.81, -0.55, 9.86, -3.20, -32.56
0.23, -0.80, -0.53, 8.12, -5.45, -22.42
0.36, -0.76, -0.49, 3.19, 3.90, -12.54
0.42, -0.71, -0.41, -3.95, 12.38, -0.52
0.45, -0.71, -0.33, -13.45, 17.73, 13.52
0.46, -0.71, -0.31, -21.74, 14.07, 16.65
0.36, -0.71, -0.35, -29.74, 14.23, 24.15
0.25, -0.70, -0.39, -35.38, 13.46, 27.94
0.17, -0.70, -0.42, -34.96, 9.60, 29.67
0.12, -0.72, -0.46, -29.15, -4.38, 27.10
0.04, -0.78, -0.52, -20.75, -25.07, 17.25
-0.10, -0.84, -0.59, -9.57, -38.81, 2.12
-0.26, -0.90, -0.66, -0.83, -36.40, -15.08
-0.33, -0.91, -0.70, 5.72, -5.94, -24.59
-0.23, -0.86, -0.63, 11.43, 10.62, -31.49
-0.03, -0.82, -0.57, 13.40, 12.89, -30.62
0.17, -0.82, -0.53, 10.07, 1.79, -25.32
0.31, -0.79, -0.50, 3.43, 0.86, -13.09
0.42, -0.72, -0.43, -5.06, 6.09, 2.06
0.48, -0.72, -0.36, -16.93, 10.62, 11.42
0.47, -0.72, -0.31, -30.50, 12.66, 17.90
0.37, -0.74, -0.33, -40.83, 17.99, 24.45
0.27, -0.74, -0.37, -48.33, 23.89, 30.30
0.18, -0.73, -0.41, -48.12, 22.92, 30.49
0.12, -0.75, -0.47, -41.12, 0.55, 25.76
0.02, -0.81, -0.54, -27.08, -28.35, 13.30
-0.15, -0.90, -0.62, -14.71, -43.79, -3.53
-0.35, -0.93, -0.66, -8.40, -22.85, -19.99
-0.37, -0.89, -0.62, -4.78, 13.67, -28.48
-0.16, -0.83, -0.57, -2.21, 20.66, -31.07
0.07, -0.79, -0.52, -2.21, 18.42, -26.58
0.26, -0.77, -0.49, -5.01, 6.13, -19.68
0.35, -0.72, -0.45, -9.59, -1.39, -10.21
0.40, -0.69, -0.42, -14.86, -4.57, 3.04
0.45, -0.70, -0.40, -23.28, -0.18, 13.13
0.44, -0.71, -0.39, -30.96, 8.02, 21.82
0.35, -0.69, -0.41, -38.65, 15.67, 29.92
0.26, -0.68, -0.44, -41.98, 16.31, 34.65
0.19, -0.72, -0.47, -34.62, -1.79, 29.44
0.05, -0.81, -0.57, -27.80, -15.18, 23.50
-0.17, -0.86, -0.65, -20.62, -22.20, 0.86
-0.39, -0.91, -0.67, -7.41, -33.90, -19.55
-0.39, -0.90, -0.69, 2.09, -3.48, -25.23
-0.22, -0.87, -0.66, 3.89, 4.79, -36.25
-0.07, -0.83, -0.59, 4.28, 17.69, -35.87
0.11, -0.81, -0.54, 3.13, 16.48, -31.83
0.31, -0.76, -0.50, -0.04, 10.49, -19.49
0.45, -0.72, -0.45, -4.76, 4.06, -1.90
0.52, -0.68, -0.42, -9.68, 2.42, 8.56
0.48, -0.66, -0.39, -20.85, 9.67, 15.08
0.35, -0.68, -0.38, -30.77, 23.38, 21.53
0.24, -0.69, -0.41, -38.44, 33.79, 29.52
0.17, -0.69, -0.42, -40.33, 27.71, 31.10
0.14, -0.76, -0.44, -34.58, -3.71, 27.54
0.05, -0.83, -0.53, -20.88, -40.28, 14.53
-0.13, -0.85, -0.68, -5.30, -49.63, -2.73
-0.38, -0.87, -0.73, -0.56, -35.84, -21.65
-0.42, -0.89, -0.66, 1.83, 8.51, -30.54
-0.22, -0.86, -0.59, 3.51, 9.33, -36.72
0.04, -0.83, -0.54, 2.50, 10.05, -34.16
0.21, -0.82, -0.52, 2.64, 2.11, -30.04
0.31, -0.79, -0.51, -0.06, -5.56, -22.00
0.38, -0.75, -0.48, -2.74, -3.97, -6.36
0.43, -0.72, -0.43, -8.01, -0.70, 1.66
0.40, -0.69, -0.38, -17.46, 9.47, 10.66
0.33, -0.70, -0.36, -26.98, 20.90, 15.88
0.25, -0.70, -0.39, -34.62, 30.78, 21.55
0.18, -0.69, -0.42, -40.81, 32.96, 25.58
0.16, -0.71, -0.43, -40.61, 17.85, 26.53
0.16, -0.78, -0.44, -33.98, -16.27, 22.12
0.06, -0.83, -0.54, -18.91, -48.21, 10.42
-0.18, -0.85, -0.67, -9.22, -42.91, -5.54
-0.38, -0.88, -0.72, -1.33, -23.67, -24.27
-0.38, -0.88, -0.69, 2.80, 10.85, -29.84
-0.19, -0.86, -0.63, 4.23, 12.82, -37.86
0.02, -0.85, -0.59, 5.54, 10.66, -37.23
0.21, -0.82, -0.55, 4.24, 4.88, -31.15
0.36, -0.78, -0.51, 1.60, 5.58, -18.45
0.45, -0.72, -0.47, -4.95, 4.79, -8.79
0.42, -0.68, -0.42, -12.74, 5.90, -0.11
0.36, -0.67, -0.38, -21.69, 19.08, 10.26
0.34, -0.66, -0.38, -27.31, 25.13, 16.76
0.27, -0.66, -0.42, -34.50, 29.83, 20.47
0.16, -0.67, -0.44, -37.25, 31.11, 21.96
0.12, -0.71, -0.45, -36.19, 20.01, 23.80
0.12, -0.77, -0.46, -34.54, -10.24, 22.63
0.09, -0.84, -0.48, -22.61, -36.63, 14.92
-0.02, -0.87, -0.60, -9.56, -49.35, -1.17
-0.24, -0.86, -0.69, -6.53, -34.10, -17.96
-0.33, -0.87, -0.65, -3.17, -0.11, -26.40
-0.20, -0.86, -0.61, -3.23, 6.65, -33.96
-0.02, -0.85, -0.58, -0.95, 2.09, -34.71
0.14, -0.83, -0.58, 1.05, -4.87, -34.24
0.28, -0.79, -0.57, 1.97, -10.28, -27.64
0.33, -0.74, -0.55, -0.65, -3.44, -17.73
0.37, -0.70, -0.51, -6.82, 4.65, -5.83
0.38, -0.66, -0.45, -12.18, 15.87, 4.26
0.37, -0.64, -0.41, -18.88, 26.38, 14.59
0.33, -0.63, -0.42, -25.66, 34.57, 22.57
0.26, -0.66, -0.43, -30.54, 37.18, 26.01
0.20, -0.67, -0.44, -31.60, 33.61, 32.23
0.17, -0.69, -0.44, -30.38, 24.65, 34.59
0.15, -0.75, -0.45, -28.54, 0.93, 32.04
0.06, -0.83, -0.50, -21.10, -26.08, 24.16
-0.08, -0.84, -0.60, -8.96, -30.02, 8.21
-0.27, -0.87, -0.66, -5.06, -20.67, -10.95
-0.34, -0.92, -0.64, -2.06, 9.46, -21.38
-0.18, -0.88, -0.61, 1.79, 14.83, -28.54
0.01, -0.82, -0.59, 2.69, 11.79, -29.21
0.17, -0.81, -0.56, 2.18, 6.43, -26.68
0.25, -0.81, -0.54, 3.16, -0.35, -21.91
0.31, -0.76, -0.54, 2.00, 0.55, -11.64
0.37, -0.69, -0.51, 0.64, 0.24, -1.66
0.37, -0.69, -0.47, -6.16, 8.08, 6.22
0.31, -0.67, -0.43, -12.80, 20.24, 14.53
0.22, -0.65, -0.42, -20.93, 27.58, 19.29
0.16, -0.65, -0.44, -24.54, 31.23, 22.36
0.15, -0.65, -0.45, -26.26, 24.25, 25.89
0.17, -0.67, -0.46, -26.79, 14.38, 26.96
0.18, -0.72, -0.45, -30.58, 6.79, 29.52
0.15, -0.79, -0.45, -30.64, -6.13, 29.68
0.11, -0.82, -0.49, -24.96, -14.53, 25.28
0.03, -0.83, -0.58, -14.02, -20.51, 14.37
-0.13, -0.86, -0.65, -6.25, -16.38, -4.09
-0.25, -0.90, -0.67, -1.52, -1.78, -14.80
-0.19, -0.91, -0.64, 3.50, 13.84, -21.17
-0.06, -0.86, -0.59, 8.57, 11.79, -24.91
0.05, -0.83, -0.55, 7.87, 10.33, -23.68
0.17, -0.83, -0.51, 4.19, 6.58, -21.89
0.26, -0.80, -0.46, 0.72, 2.12, -12.51
0.38, -0.75, -0.42, -2.93, -2.93, -1.16
0.45, -0.72, -0.40, -7.26, -0.48, 10.74
0.40, -0.71, -0.37, -18.82, 11.03, 16.99
0.28, -0.72, -0.34, -28.59, 25.73, 21.34
0.19, -0.73, -0.36, -35.22, 32.16, 24.88
0.17, -0.71, -0.41, -38.07, 23.21, 26.46
0.15, -0.72, -0.44, -38.25, 1.06, 26.91
0.12, -0.77, -0.47, -30.02, -33.96, 21.53
0.02, -0.81, -0.56, -14.35, -52.77, 10.76
-0.19, -0.84, -0.68, -6.29, -47.64, -9.52
-0.41, -0.89, -0.69, -6.53, -21.10, -22.20
-0.37, -0.89, -0.64, -1.61, 12.27, -29.49
-0.15, -0.81, -0.60, 0.98, 14.83, -32.43
0.08, -0.79, -0.58, 3.17, 12.14, -28.54
0.22, -0.79, -0.57, 3.88, 4.07, -22.65
0.37, -0.76, -0.52, 1.93, 2.11, -8.74
0.44, -0.73, -0.48, -1.59, 2.53, 2.87
0.48, -0.71, -0.44, -9.07, 13.89, 15.49
0.41, -0.71, -0.40, -19.36, 28.76, 20.89
0.28, -0.73, -0.36, -32.51, 43.86, 25.33
0.20, -0.74, -0.38, -39.73, 45.20, 30.38
0.16, -0.73, -0.41, -42.02, 33.64, 31.45
0.14, -0.76, -0.42, -40.01, -2.75, 26.20
0.05, -0.81, -0.50, -24.06, -45.17, 18.12
-0.13, -0.81, -0.67, -10.31, -46.29, 1.15
-0.38, -0.82, -0.71, -7.67, -30.90, -19.22
-0.44, -0.84, -0.65, -4.42, 10.03, -22.47
-0.21, -0.80, -0.60, -0.62, 12.37, -26.38
-0.01, -0.76, -0.57, 4.84, 6.39, -25.58
0.15, -0.75, -0.56, 9.48, -6.54, -24.52
0.23, -0.75, -0.55, 11.41, -16.47, -18.89
0.28, -0.76, -0.51, 5.63, -12.83, -10.03
0.32, -0.77, -0.46, -0.75, -1.58, 1.08
0.37, -0.75, -0.44, -8.43, 11.98, 10.54
0.38, -0.73, -0.40, -18.74, 28.41, 17.55
0.32, -0.74, -0.38, -27.81, 39.46, 23.50
0.27, -0.76, -0.37, -37.21, 40.11, 29.36
0.23, -0.76, -0.39, -40.07, 31.60, 31.94
0.18, -0.77, -0.42, -39.10, 6.28, 29.54
0.06, -0.81, -0.49, -26.83, -34.34, 19.02
-0.14, -0.84, -0.63, -14.54, -51.00, 3.26
-0.36, -0.85, -0.69, -6.80, -39.70, -17.72
-0.47, -0.85, -0.67, -1.96, -1.23, -26.52
-0.31, -0.83, -0.61, -0.64, 10.54, -35.15
-0.06, -0.80, -0.57, 3.71, 8.08, -33.63
0.14, -0.78, -0.56, 7.48, -5.00, -29.87
0.27, -0.77, -0.56, 6.94, -10.36, -21.06
0.33, -0.76, -0.52, 3.82, -6.89, -8.26
0.38, -0.74, -0.47, -3.27, 0.08, 1.99
0.42, -0.72, -0.42, -10.23, 13.27, 12.60
0.39, -0.71, -0.40, -20.68, 26.58, 19.30
0.30, -0.72, -0.38, -32.55, 39.23, 25.04
0.21, -0.73, -0.38, -39.70, 39.04, 31.37
0.17, -0.72, -0.40, -41.12, 30.01, 33.53
0.13, -0.73, -0.44, -35.12, 2.64, 28.94
0.01, -0.78, -0.53, -23.00, -30.47, 15.43
-0.20, -0.85, -0.61, -10.66, -44.91, -0.48
-0.41, -0.90, -0.66, -5.91, -30.62, -19.41
-0.45, -0.87, -0.65, -0.16, 8.75, -27.82
-0.27, -0.81, -0.59, 6.05, 13.82, -36.66
-0.03, -0.80, -0.58, 8.59, 13.22, -33.45
0.16, -0.80, -0.56, 10.04, 7.23, -28.37
0.29, -0.78, -0.53, 6.67, 3.80, -20.14
0.38, -0.75, -0.47, 0.28, 1.80, -6.91
0.45, -0.73, -0.42, -8.23, 4.10, 5.50
0.46, -0.71, -0.39, -17.92, 14.92, 15.94
0.38, -0.70, -0.37, -29.03, 29.61, 23.41
0.26, -0.71, -0.37, -40.64, 38.82, 29.27
0.17, -0.72, -0.38, -43.65, 32.14, 31.69
0.12, -0.74, -0.43, -41.10, 9.59, 31.47
0.05, -0.79, -0.53, -30.03, -27.17, 18.25
-0.13, -0.87, -0.60, -13.61, -55.22, 0.10
-0.36, -0.94, -0.69, -6.50, -45.20, -20.41
-0.47, -0.94, -0.67, -2.78, 3.72, -32.59
-0.33, -0.88, -0.61, 0.31, 22.15, -43.28
-0.07, -0.84, -0.58, 5.36, 24.85, -42.54
0.14, -0.83, -0.57, 5.32, 12.54, -37.07
0.30, -0.79, -0.52, 2.45, 2.35, -25.66
0.46, -0.73, -0.47, 1.44, -3.59, -10.00
0.52, -0.65, -0.44, -5.17, -5.28, 0.25
0.46, -0.60, -0.39, -15.64, 8.63, 12.04
0.33, -0.60, -0.35, -25.80, 27.36, 20.07
0.24, -0.62, -0.37, -36.98, 40.05, 28.03
0.18, -0.64, -0.40, -39.62, 39.70, 33.84
0.17, -0.65, -0.43, -37.92, 24.71, 39.88
0.17, -0.71, -0.45, -33.95, -10.85, 37.79
0.08, -0.83, -0.50, -18.04, -46.55, 27.95
-0.10, -0.90, -0.64, -12.41, -32.04, 13.83
-0.39, -0.94, -0.67, -10.91, -16.15, -12.40
-0.49, -0.94, -0.66, -5.27, 23.09, -20.71
-0.22, -0.92, -0.64, -1.42, 27.05, -28.94
-0.02, -0.89, -0.59, 0.63, 19.25, -31.55
0.10, -0.86, -0.58, 4.25, 7.29, -34.11
0.19, -0.82, -0.57, 5.22, -4.42, -32.29
0.26, -0.77, -0.54, 0.56, -5.21, -21.51
0.34, -0.72, -0.49, -4.86, 5.91, -6.13
0.41, -0.65, -0.43, -12.38, 9.48, 2.70
0.39, -0.60, -0.38, -19.20, 24.94, 16.17
0.33, -0.60, -0.36, -28.79, 32.98, 22.98
0.27, -0.65, -0.36, -36.18, 34.58, 29.37
0.21, -0.69, -0.38, -39.49, 26.05, 34.30
0.19, -0.71, -0.42, -41.33, 14.54, 38.68
0.17, -0.75, -0.46, -36.36, -2.70, 32.85
0.03, -0.80, -0.53, -23.96, -26.80, 19.51
-0.17, -0.88, -0.62, -19.66, -24.44, 8.06
-0.35, -0.92, -0.68, -12.72, -15.23, -12.69
-0.38, -0.90, -0.68, -6.97, 13.18, -22.37
-0.20, -0.89, -0.63, -1.40, 17.44, -27.68
-0.03, -0.84, -0.59, 1.59, 13.00, -29.73
0.12, -0.81, -0.55, 3.68, 7.00, -25.84
0.22, -0.78, -0.53, 3.84, 3.65, -19.52
0.28, -0.72, -0.49, 3.05, 5.29, -9.01
0.33, -0.69, -0.43, 0.17, 4.75, 3.29
0.37, -0.67, -0.39, -6.93, 7.33, 13.28
0.36, -0.69, -0.35, -15.17, 15.36, 22.46
0.29, -0.69, -0.34, -23.04, 21.41, 28.16
0.23, -0.69, -0.34, -32.62, 17.95, 33.77
0.20, -0.71, -0.36, -34.22, 1.40, 37.67
0.17, -0.74, -0.44, -26.56, -18.46, 30.77
0.04, -0.81, -0.53, -21.42, -35.28, 16.56
-0.21, -0.90, -0.62, -14.66, -41.00, 0.39
-0.37, -0.94, -0.71, -6.09, -22.20, -16.38
-0.34, -0.95, -0.73, -0.90, 3.34, -24.80
-0.20, -0.92, -0.67, 5.17, 11.32, -33.34
-0.03, -0.87, -0.64, 8.49, 15.50, -33.88
0.12, -0.83, -0.60, 9.82, 11.87, -30.78
0.22, -0.79, -0.56, 8.79, 12.35, -23.85
0.29, -0.73, -0.51, 5.22, 15.44, -14.04
0.33, -0.69, -0.45, -3.21, 14.10, -5.50
0.34, -0.67, -0.39, -10.89, 14.45, 5.66
0.34, -0.65, -0.36, -19.09, 18.98, 13.75
0.26, -0.65, -0.35, -30.22, 22.36, 18.99
0.20, -0.67, -0.36, -36.34, 25.44, 25.97
0.17, -0.69, -0.39, -37.65, 20.26, 30.84
0.16, -0.71, -0.41, -37.15, 1.85, 33.38
0.13, -0.78, -0.45, -27.24, -28.97, 27.05
0.00, -0.84, -0.55, -14.40, -41.90, 12.07
-0.26, -0.90, -0.67, -6.64, -37.99, -6.45
-0.45, -0.95, -0.71, -3.64, -2.52, -20.22
-0.34, -0.93, -0.65, 1.74, 23.50, -31.02
-0.11, -0.86, -0.60, 6.64, 18.29, -34.48
0.11, -0.84, -0.58, 8.49, 8.29, -30.16
0.25, -0.82, -0.56, 7.01, 6.18, -21.74
0.33, -0.75, -0.50, 3.25, 11.66, -11.80
0.35, -0.68, -0.43, -2.96, 9.71, -3.55
0.33, -0.66, -0.37, -12.12, 10.74, 6.38
0.32, -0.67, -0.35, -20.73, 15.17, 15.14
0.28, -0.69, -0.35, -28.96, 14.64, 20.17
0.20, -0.70, -0.38, -32.79, 17.18, 27.52
0.18, -0.70, -0.41, -33.08, 12.58, 32.20
0.17, -0.73, -0.44, -32.93, 3.84, 33.07
0.12, -0.79, -0.48, -26.69, -10.04, 30.38
0.01, -0.84, -0.57, -14.66, -24.71, 14.46
-0.22, -0.91, -0.64, -7.30, -32.91, -6.64
-0.38, -0.99, -0.70, -3.59, -4.00, -19.52
-0.31, -0.96, -0.68, 0.77, 14.85, -32.18
-0.16, -0.88, -0.62, 3.70, 16.87, -39.05
0.03, -0.84, -0.59, 6.75, 12.96, -36.83
0.20, -0.81, -0.54, 6.11, 10.09, -29.25
0.30, -0.76, -0.51, 2.31, 10.09, -20.29
0.33, -0.70, -0.45, -2.26, 8.48, -10.95
0.31, -0.67, -0.40, -9.48, 0.64, -1.21
0.34, -0.65, -0.37, -16.33, 18.10, 12.70
0.36, -0.64, -0.35, -25.29, 18.47, 18.84
0.25, -0.65, -0.34, -33.00, 25.30, 25.59
0.19, -0.68, -0.36, -34.95, 19.37, 33.38
0.17, -0.71, -0.41, -32.25, 5.27, 36.48
0.13, -0.75, -0.49, -26.12, -11.30, 31.84
-0.01, -0.84, -0.54, -18.53, -25.24, 16.64
-0.22, -0.92, -0.58, -12.30, -28.08, -1.43
-0.37, -0.95, -0.63, -6.17, -14.10, -18.95
-0.32, -0.95, -0.64, -1.42, 14.20, -26.98
-0.11, -0.90, -0.60, 2.27, 13.55, -31.70
0.04, -0.81, -0.56, 4.39, 12.34, -29.69
0.19, -0.80, -0.53, 3.41, 6.73, -25.89
0.28, -0.76, -0.49, -0.49, 6.99, -14.35
0.34, -0.70, -0.45, -5.40, 10.28, -2.89
0.37, -0.68, -0.40, -13.03, 11.75, 6.07
0.37, -0.67, -0.37, -21.07, 16.86, 16.84
0.33, -0.69, -0.36, -30.49, 21.72, 24.04
0.25, -0.70, -0.36, -35.21, 22.21, 30.48
0.21, -0.71, -0.39, -34.64, 14.96, 34.45
0.16, -0.75, -0.44, -29.89, 5.95, 31.09
0.03, -0.83, -0.51, -24.03, -16.60, 16.15
-0.18, -0.92, -0.56, -18.12, -25.44, 1.11
-0.33, -0.95, -0.65, -9.71, -21.56, -15.87
-0.31, -0.92, -0.66, -2.35, 5.80, -24.03
-0.16, -0.87, -0.62, 1.14, 7.64, -33.12
-0.03, -0.83, -0.59, 2.70, 15.92, -31.36
0.13, -0.81, -0.54, 2.49, 10.24, -28.56
0.22, -0.77, -0.50, 0.10, 4.75, -19.00
0.31, -0.72, -0.48, -1.69, 3.48, -9.20
0.38, -0.68, -0.46, -4.93, 5.83, 2.99
0.39, -0.66, -0.43, -11.81, 16.15, 12.05
0.34, -0.66, -0.38, -22.68, 28.90, 19.79
0.25, -0.69, -0.35, -30.67, 34.30, 26.51
0.21, -0.71, -0.38, -34.30, 30.84, 33.81
0.22, -0.73, -0.42, -32.40, 21.19, 36.56
0.17, -0.79, -0.46, -28.54, -5.70, 28.45
-0.02, -0.87, -0.51, -22.28, -23.21, 15.40
-0.23, -0.91, -0.59, -14.42, -25.84, -3.71
-0.38, -0.91, -0.65, -6.92, -7.96, -20.49
-0.34, -0.91, -0.65, -0.47, 15.33, -30.10
-0.16, -0.89, -0.61, 5.11, 15.82, -36.78
0.02, -0.85, -0.60, 7.48, 16.33, -36.60
0.15, -0.82, -0.56, 5.93, 6.62, -31.73
0.29, -0.77, -0.50, 3.84, 7.92, -17.46
0.44, -0.72, -0.46, 0.88, 10.96, -5.85
0.48, -0.67, -0.41, -8.45, 15.23, 6.74
0.43, -0.66, -0.35, -17.05, 27.20, 17.88
0.36, -0.66, -0.33, -28.74, 33.80, 24.60
0.27, -0.67, -0.35, -35.71, 33.93, 32.39
0.19, -0.67, -0.38, -35.57, 23.09, 35.81
0.15, -0.70, -0.43, -28.70, 5.36, 35.15
0.05, -0.78, -0.51, -20.70, -15.84, 23.11
-0.16, -0.87, -0.55, -16.89, -27.66, 5.41
-0.35, -0.91, -0.59, -9.04, -20.23, -9.71
-0.32, -0.90, -0.61, -5.93, 7.42, -17.41
-0.12, -0.89, -0.57, -1.69, 9.89, -23.17
0.04, -0.86, -0.54, 2.57, -0.35, -24.24
0.16, -0.85, -0.54, 3.68, -4.16, -22.51
0.21, -0.83, -0.54, 2.81, -6.72, -20.42
0.23, -0.78, -0.51, 0.48, 1.16, -12.71
0.28, -0.74, -0.47, -4.12, 9.24, -5.80
0.31, -0.71, -0.41, -12.09, 12.61, 3.55
0.34, -0.70, -0.34, -21.04, 17.93, 16.53
0.37, -0.69, -0.31, -29.51, 18.13, 27.07
0.36, -0.71, -0.32, -36.41, 12.97, 33.30
0.29, -0.71, -0.36, -37.69, 0.44, 38.01
0.18, -0.71, -0.43, -30.12, -6.94, 33.37
-0.00, -0.77, -0.54, -24.69, -20.24, 15.41
-0.31, -0.89, -0.60, -16.38, -29.85, -2.35
-0.48, -0.93, -0.69, -5.69, -17.61, -21.31
-0.40, -0.92, -0.71, 4.21, 4.68, -31.20
-0.20, -0.87, -0.66, 13.62, 11.48, -40.11
0.00, -0.85, -0.62, 15.39, 15.11, -38.96
0.16, -0.85, -0.57, 12.76, 6.72, -34.45
0.31, -0.81, -0.51, 7.65, 14.43, -17.00
0.48, -0.74, -0.44, 1.78, 21.12, -2.96
0.51, -0.69, -0.38, -8.49, 21.02, 8.05
0.41, -0.67, -0.32, -18.87, 32.12, 19.96
0.37, -0.68, -0.29, -30.17, 28.21, 25.82
0.28, -0.70, -0.30, -37.32, 25.36, 32.53
0.19, -0.71, -0.33, -38.78, 12.52, 34.56
0.12, -0.74, -0.40, -31.97, -8.79, 31.88
0.01, -0.79, -0.49, -22.34, -30.53, 18.89
-0.23, -0.85, -0.56, -10.76, -47.99, -2.12
-0.41, -0.92, -0.60, -5.77, -44.66, -17.67
-0.41, -0.92, -0.60, -1.24, -15.36, -26.80
-0.23, -0.86, -0.55, 3.06, -15.26, -36.67
-0.01, -0.83, -0.53, 4.80, -14.10, -35.08
0.19, -0.83, -0.53, 4.51, -12.37, -28.88
0.31, -0.81, -0.53, 1.68, -0.55, -21.14
0.36, -0.77, -0.48, -3.61, 8.75, -11.48
0.40, -0.74, -0.42, -10.28, 20.67, 2.63
0.46, -0.72, -0.38, -20.04, 30.24, 15.29
0.44, -0.72, -0.36, -27.76, 28.35, 22.63
0.35, -0.73, -0.38, -34.92, 27.32, 28.68
0.23, -0.74, -0.40, -37.52, 21.47, 31.34
0.13, -0.75, -0.43, -36.79, 11.00, 29.46
0.02, -0.79, -0.48, -31.26, 0.43, 23.15
-0.10, -0.84, -0.54, -23.82, -15.03, 8.21
-0.23, -0.90, -0.58, -14.60, -28.88, -9.84
-0.32, -0.92, -0.64, -7.00, -15.19, -20.14
-0.27, -0.88, -0.63, -1.91, 4.22, -30.00
-0.12, -0.83, -0.58, 1.94, 8.60, -31.61
0.05, -0.82, -0.55, 4.56, 9.54, -28.64
0.21, -0.81, -0.52, 2.11, 3.39, -22.05
0.30, -0.77, -0.48, -1.93, 8.42, -7.71
0.37, -0.72, -0.42, -8.55, 13.19, 0.70
0.40, -0.67, -0.36, -16.18, 13.69, 11.01
0.36, -0.66, -0.35, -22.77, 14.27, 18.06
0.28, -0.67, -0.38, -29.64, 16.33, 23.45
0.19, -0.68, -0.40, -32.28, 16.21, 27.40
0.15, -0.70, -0.43, -32.58, 13.38, 30.14
0.11, -0.76, -0.45, -31.73, 3.97, 25.64
0.04, -0.84, -0.48, -28.65, -13.79, 16.01
-0.08, -0.93, -0.52, -22.55, -27.20, 3.55
-0.21, -0.98, -0.60, -16.67, -23.30, -12.61
-0.26, -0.96, -0.64, -10.77, -0.60, -24.25
-0.16, -0.92, -0.62, -6.17, 10.92, -31.42
-0.02, -0.87, -0.61, 0.02, 8.31, -34.11
0.09, -0.83, -0.60, 4.80, 4.71, -31.85
0.17, -0.80, -0.57, 5.08, 6.49, -26.41
0.24, -0.76, -0.51, 0.33, 15.93, -16.56
0.31, -0.70, -0.43, -6.04, 19.89, -6.18
0.35, -0.64, -0.36, -10.93, 14.14, 3.40
0.37, -0.63, -0.35, -16.75, 13.96, 13.63
0.31, -0.64, -0.37, -23.23, 15.06, 19.76
0.21, -0.66, -0.39, -27.64, 18.50, 25.17
0.14, -0.69, -0.42, -27.21, 18.38, 30.20
0.15, -0.73, -0.45, -26.96, 12.42, 31.59
0.12, -0.80, -0.47, -25.06, -3.68, 26.65
0.02, -0.87, -0.51, -16.72, -23.85, 13.17
-0.14, -0.94, -0.57, -9.98, -28.84, -2.64
-0.27, -0.98, -0.64, -7.46, -10.93, -18.97
-0.29, -0.95, -0.63, -2.36, 11.75, -29.49
-0.15, -0.87, -0.60, 2.80, 15.36, -36.09
0.03, -0.85, -0.58, 5.36, 13.47, -33.65
0.17, -0.84, -0.55, 3.11, 7.59, -29.57
0.26, -0.80, -0.50, 0.35, 10.78, -17.98
0.36, -0.72, -0.43, -5.27, 15.88, -7.64
0.40, -0.68, -0.36, -11.89, 9.78, 3.05
0.39, -0.67, -0.32, -19.10, 9.02, 12.81
0.34, -0.66, -0.34, -24.74, 8.30, 18.29
0.22, -0.67, -0.38, -29.95, 12.13, 22.54
0.14, -0.68, -0.41, -30.51, 15.26, 26.96
0.12, -0.69, -0.44, -30.01, 18.00, 31.26
0.14, -0.74, -0.45, -30.93, 10.05, 30.77
0.11, -0.80, -0.46, -27.37, -3.96, 26.01
0.02, -0.89, -0.50, -20.87, -27.60, 14.87
-0.12, -0.92, -0.61, -12.82, -22.91, 2.15
-0.25, -0.91, -0.70, -6.08, -10.34, -17.06
-0.25, -0.90, -0.67, 1.60, 10.93, -22.11
-0.10, -0.87, -0.63, 6.15, 13.25, -28.52
0.02, -0.85, -0.61, 7.64, 15.08, -29.03
0.12, -0.84, -0.56, 6.20, 16.31, -27.53
0.19, -0.81, -0.50, 3.21, 13.51, -20.72
0.29, -0.74, -0.46, -0.69, 11.56, -9.99
0.39, -0.69, -0.42, -7.42, 12.43, 2.80
0.41, -0.66, -0.37, -16.54, 12.68, 11.91
0.35, -0.65, -0.33, -25.42, 16.32, 17.74
0.26, -0.66, -0.34, -33.01, 19.06, 22.79
0.21, -0.68, -0.37, -40.41, 18.02, 26.97
0.18, -0.72, -0.40, -42.16, 6.99, 29.17
0.17, -0.76, -0.43, -41.65, -10.23, 28.43
0.11, -0.81, -0.48, -37.24, -23.07, 18.68
-0.01, -0.88, -0.53, -32.46, -33.94, 3.87
-0.20, -0.94, -0.59, -27.22, -21.50, -8.80
-0.27, -0.95, -0.66, -18.60, -3.16, -20.18
-0.18, -0.92, -0.67, -10.84, 17.00, -23.33
-0.01, -0.85, -0.64, -0.50, 14.08, -27.32
0.09, -0.80, -0.61, 4.67, 17.49, -26.92
0.16, -0.78, -0.56, 5.68, 15.00, -24.48
0.19, -0.75, -0.51, 3.93, 11.55, -17.83
0.25, -0.71, -0.45, 0.15, 7.11, -8.38
0.33, -0.68, -0.42, -3.68, 8.39, 2.44
0.34, -0.66, -0.38, -11.76, 12.54, 10.12
0.29, -0.67, -0.35, -19.50, 16.38, 15.62
0.23, -0.70, -0.35, -25.78, 21.05, 22.50
0.21, -0.73, -0.41, -31.17, 17.24, 25.57
0.18, -0.77, -0.41, -34.20, 8.01, 27.13
0.12, -0.80, -0.44, -30.90, -14.34, 18.70
0.03, -0.86, -0.51, -22.03, -37.09, 7.53
-0.10, -0.92, -0.62, -14.40, -39.34, -8.48
-0.26, -0.95, -0.69, -12.83, -10.00, -18.78
-0.24, -0.88, -0.67, -7.52, 19.56, -28.30
-0.08, -0.84, -0.65, -3.26, 26.42, -32.37
0.08, -0.81, -0.61, -2.58, 25.08, -29.76
0.20, -0.80, -0.56, -4.63, 13.83, -25.23
0.28, -0.75, -0.50, -7.52, 8.60, -13.26
0.37, -0.68, -0.46, -10.95, 4.93, -3.98
0.40, -0.62, -0.42, -14.94, 3.18, 6.34
0.36, -0.60, -0.39, -21.23, 8.83, 13.71
0.28, -0.63, -0.38, -29.43, 23.01, 22.22
0.19, -0.68, -0.39, -31.84, 26.03, 26.11
0.16, -0.74, -0.41, -29.68, 17.57, 27.88
0.13, -0.81, -0.46, -24.33, -7.56, 21.42
0.00, -0.88, -0.54, -15.37, -21.67, 7.06
-0.17, -0.94, -0.62, -11.19, -23.47, -10.62
-0.29, -0.94, -0.64, -7.92, 2.62, -18.73
-0.20, -0.89, -0.63, -4.00, 19.50, -30.61
-0.04, -0.85, -0.61, -0.64, 17.37, -31.99
0.12, -0.84, -0.57, 0.96, 16.33, -28.44
0.27, -0.80, -0.52, -1.21, 5.75, -23.46
0.35, -0.74, -0.47, -2.07, -1.20, -12.18
0.43, -0.67, -0.43, -4.17, -5.82, -1.59
0.42, -0.63, -0.39, -10.27, -5.53, 7.06
0.34, -0.65, -0.36, -16.22, -1.01, 13.09
0.24, -0.67, -0.39, -23.13, 11.83, 17.65
0.17, -0.70, -0.42, -27.42, 17.70, 20.83
0.15, -0.72, -0.45, -29.19, 10.33, 20.43
0.13, -0.78, -0.48, -24.51, -12.39, 16.97
0.05, -0.87, -0.57, -12.56, -34.60, 6.57
-0.11, -0.90, -0.67, -6.41, -31.19, -7.51
-0.25, -0.93, -0.69, -2.66, -2.77, -17.46
-0.24, -0.90, -0.64, -0.51, 17.03, -30.98
-0.10, -0.85, -0.59, 2.06, 20.66, -33.88
0.11, -0.83, -0.56, 2.65, 16.42, -29.87
0.26, -0.80, -0.52, -0.09, 9.11, -22.70
0.35, -0.74, -0.45, -1.50, 6.08, -12.87
0.40, -0.69, -0.40, -6.30, -1.16, -5.27
0.38, -0.66, -0.37, -14.38, 3.45, 6.35
0.35, -0.64, -0.35, -21.62, 11.38, 13.58
0.29, -0.64, -0.37, -27.32, 13.25, 17.79
0.22, -0.66, -0.40, -31.00, 15.70, 20.59
0.17, -0.70, -0.42, -33.74, 14.42, 23.81
0.18, -0.75, -0.43, -34.92, 6.00, 24.51
0.17, -0.83, -0.47, -30.60, -15.00, 20.60
0.09, -0.89, -0.55, -18.08, -31.36, 11.36
-0.06, -0.92, -0.67, -8.71, -26.56, -4.70
-0.25, -0.95, -0.72, -4.56, -1.20, -17.27
-0.26, -0.93, -0.67, -1.98, 25.36, -28.65
-0.10, -0.87, -0.62, 1.40, 24.86, -34.06
0.06, -0.83, -0.59, 3.39, 15.00, -33.31
0.22, -0.80, -0.54, 1.13, 3.96, -26.29
0.33, -0.75, -0.48, -0.81, -1.15, -14.83
0.40, -0.67, -0.43, -4.48, -1.11, -7.70
0.39, -0.61, -0.39, -12.79, 1.04, 1.55
0.36, -0.60, -0.35, -20.92, 12.21, 13.90
0.33, -0.61, -0.35, -26.81, 18.10, 20.62
0.26, -0.64, -0.38, -31.57, 22.14, 23.29
0.20, -0.69, -0.42, -32.79, 18.04, 27.64
0.19, -0.75, -0.46, -33.49, 7.70, 27.32
0.18, -0.85, -0.48, -29.90, -18.16, 22.24
0.11, -0.93, -0.56, -18.46, -30.85, 13.54
-0.04, -0.96, -0.66, -9.93, -23.75, -2.47
-0.23, -0.97, -0.69, -8.41, 3.87, -17.21
-0.25, -0.93, -0.66, -8.02, 30.21, -27.86
-0.10, -0.84, -0.61, -1.52, 24.77, -32.40
0.09, -0.79, -0.59, 3.22, 10.14, -32.26
0.20, -0.78, -0.56, 2.63, -4.86, -28.92
0.25, -0.74, -0.50, -1.16, -1.96, -16.62
0.35, -0.67, -0.44, -4.78, 1.88, -5.26
0.42, -0.60, -0.39, -9.70, 2.45, 4.05
0.39, -0.58, -0.36, -15.58, 7.81, 13.08
0.31, -0.62, -0.37, -21.79, 12.89, 19.51
0.23, -0.68, -0.41, -25.95, 22.96, 24.75
0.19, -0.72, -0.44, -27.61, 17.62, 25.82
0.19, -0.75, -0.47, -26.62, 8.67, 27.21
0.17, -0.81, -0.48, -26.66, -6.81, 22.95
0.10, -0.88, -0.53, -18.27, -20.00, 15.55
-0.03, -0.92, -0.61, -10.05, -18.13, 1.86
-0.19, -0.93, -0.67, -6.38, -0.72, -15.03
-0.24, -0.92, -0.65, -4.29, 22.00, -24.86
-0.07, -0.87, -0.59, 1.31, 19.34, -31.11
0.07, -0.83, -0.58, 3.42, 9.86, -32.54
0.17, -0.81, -0.54, 1.55, 1.58, -28.72
0.27, -0.78, -0.49, -1.07, -0.19, -18.72
0.41, -0.70, -0.45, -4.74, 3.17, -5.13
0.47, -0.63, -0.40, -10.09, 2.68, 4.39
0.42, -0.61, -0.37, -16.61, 10.34, 12.48
0.34, -0.64, -0.37, -25.08, 15.39, 18.86
0.24, -0.68, -0.39, -31.16, 20.62, 22.47
0.21, -0.70, -0.43, -31.82, 13.66, 26.02
0.22, -0.72, -0.47, -30.84, 3.99, 28.42
0.22, -0.77, -0.48, -29.17, -7.46, 26.70
0.17, -0.85, -0.50, -22.38, -15.71, 23.96
0.05, -0.90, -0.58, -14.95, -8.09, 14.31
-0.15, -0.90, -0.66, -12.23, 4.09, -1.87
-0.28, -0.89, -0.70, -4.69, 12.41, -15.41
-0.18, -0.90, -0.66, -3.10, 22.68, -20.06
-0.04, -0.88, -0.58, 0.76, 11.16, -26.63
0.05, -0.82, -0.54, 2.37, 7.22, -28.85
0.14, -0.78, -0.52, 2.36, 1.24, -28.77
0.22, -0.75, -0.48, -0.83, -1.48, -22.89
0.30, -0.71, -0.44, -5.43, -2.76, -9.21
0.41, -0.66, -0.42, -8.16, 2.32, 4.79
0.47, -0.62, -0.39, -15.30, 9.38, 13.74
0.40, -0.63, -0.36, -24.01, 17.49, 19.99
0.29, -0.67, -0.36, -31.71, 27.66, 26.38
0.25, -0.70, -0.40, -34.95, 24.65, 31.75
0.23, -0.72, -0.46, -34.06, 13.10, 34.94
0.19, -0.78, -0.48, -27.52, -16.44, 28.44
0.06, -0.86, -0.55, -13.39, -38.94, 17.37
-0.14, -0.91, -0.67, -8.20, -26.24, -0.45
-0.33, -0.93, -0.69, -5.24, -3.82, -16.81
-0.30, -0.92, -0.65, -1.66, 21.93, -24.07
-0.07, -0.85, -0.61, 3.02, 17.74, -29.60
0.10, -0.80, -0.58, 5.89, 10.02, -28.62
0.22, -0.79, -0.55, 5.85, 2.31, -27.41
0.29, -0.76, -0.52, 2.82, -1.16, -18.31
0.36, -0.72, -0.47, -1.65, 2.97, -5.59
0.43, -0.69, -0.41, -8.29, 7.26, 4.81
0.44, -0.67, -0.38, -16.89, 14.86, 15.27
0.38, -0.67, -0.36, -25.21, 26.56, 21.69
0.31, -0.70, -0.36, -31.98, 31.62, 26.93
0.25, -0.72, -0.38, -36.33, 25.87, 31.71
0.22, -0.75, -0.40, -35.56, 11.68, 33.56
0.19, -0.79, -0.44, -27.93, -10.12, 29.29
0.07, -0.83, -0.52, -21.67, -25.56, 16.39
-0.17, -0.87, -0.60, -16.52, -30.25, 0.49
-0.31, -0.89, -0.65, -8.22, -16.65, -15.38
-0.24, -0.88, -0.65, -3.67, 6.10, -22.28
-0.09, -0.84, -0.62, 1.05, 4.99, -28.29
0.05, -0.79, -0.59, 3.94, 3.68, -27.49
0.18, -0.79, -0.57, 4.91, 2.49, -23.72
0.28, -0.77, -0.55, 2.53, 3.15, -16.63
0.33, -0.73, -0.51, -0.79, 9.76, -6.04
0.38, -0.71, -0.46, -6.01, 13.15, 2.41
0.40, -0.70, -0.42, -13.28, 18.44, 12.15
0.38, -0.70, -0.39, -22.61, 23.97, 20.32
0.31, -0.71, -0.37, -30.19, 29.73, 25.78
0.25, -0.72, -0.38, -33.97, 27.20, 29.72
0.22, -0.74, -0.40, -34.34, 16.91, 31.98
0.18, -0.77, -0.45, -28.28, 1.30, 27.57
0.03, -0.83, -0.53, -21.29, -22.80, 12.39
-0.16, -0.87, -0.61, -13.43, -27.40, -2.22
-0.30, -0.89, -0.68, -8.64, -9.34, -16.10
-0.24, -0.89, -0.64, -4.95, 9.18, -24.05
-0.07, -0.85, -0.59, 1.45, 5.52, -29.40
0.09, -0.81, -0.57, 4.15, 1.51, -28.41
0.21, -0.81, -0.55, 5.09, -1.51, -25.13
0.27, -0.79, -0.53, 3.53, 2.39, -19.12
0.31, -0.75, -0.50, -0.65, 7.31, -12.20
0.34, -0.71, -0.45, -5.80, 10.04, -3.54
0.35, -0.69, -0.40, -11.79, 14.55, 5.27
0.35, -0.68, -0.38, -17.58, 17.60, 11.92
0.31, -0.69, -0.38, -25.92, 19.68, 18.31
0.25, -0.71, -0.41, -29.99, 22.46, 24.38
0.23, -0.71, -0.42, -31.48, 12.75, 27.50
0.20, -0.73, -0.44, -27.47, 4.33, 28.23
0.17, -0.81, -0.49, -22.08, -12.55, 22.28
0.01, -0.84, -0.57, -14.48, -22.80, 9.12
-0.17, -0.87, -0.63, -6.36, -17.54, -6.15
-0.28, -0.91, -0.66, -4.13, 3.09, -16.83
-0.20, -0.91, -0.62, 0.03, 15.45, -24.08
-0.02, -0.86, -0.58, 4.51, 6.43, -26.93
0.14, -0.82, -0.55, 6.40, -3.17, -26.50
0.23, -0.81, -0.52, 4.46, -3.00, -22.90
0.27, -0.77, -0.49, -0.57, 2.70, -16.38
0.32, -0.73, -0.44, -6.40, 5.74, -7.55
0.36, -0.70, -0.39, -13.64, 10.55, 2.03
0.39, -0.69, -0.36, -19.21, 16.67, 13.37
0.36, -0.69, -0.37, -26.67, 16.48, 17.62
0.28, -0.71, -0.39, -32.83, 23.75, 26.33
0.25, -0.72, -0.41, -34.29, 21.27, 28.80
0.22, -0.73, -0.44, -32.09, 12.00, 29.93
0.19, -0.78, -0.47, -27.95, 3.77, 27.86
0.08, -0.84, -0.53, -21.36, -16.64, 14.52
-0.12, -0.88, -0.60, -10.49, -24.54, -0.11
-0.27, -0.90, -0.68, -5.36, -10.79, -14.64
-0.25, -0.90, -0.65, -1.39, 9.96, -24.47
-0.09, -0.85, -0.59, 5.69, 6.83, -28.55
0.08, -0.81, -0.58, 8.20, 1.52, -27.10
0.20, -0.79, -0.54, 6.74, 0.18, -23.02
0.26, -0.76, -0.50, 2.02, 8.53, -15.09
0.33, -0.72, -0.44, -3.94, 15.24, -6.85
0.38, -0.69, -0.39, -10.78, 17.31, 3.64
0.41, -0.69, -0.36, -18.48, 19.33, 12.06
0.38, -0.71, -0.36, -26.12, 15.86, 19.88
0.30, -0.73, -0.38, -32.97, 22.38, 27.15
0.25, -0.73, -0.40, -35.73, 18.32, 29.01
0.21, -0.74, -0.42, -32.80, 9.90, 28.38
0.16, -0.79, -0.47, -27.43, -7.23, 21.45
-0.00, -0.85, -0.55, -17.49, -20.91, 8.98
-0.20, -0.90, -0.63, -11.21, -18.59, -6.73
-0.32, -0.90, -0.67, -4.69, 2.55, -17.94
-0.21, -0.86, -0.63, 1.57, 11.33, -26.36
0.00, -0.82, -0.58, 6.58, 4.66, -27.72
0.15, -0.81, -0.54, 6.38, -1.74, -24.32
0.25, -0.79, -0.50, 2.53, -0.59, -19.11
0.31, -0.75, -0.46, -1.80, 7.22, -11.22
0.37, -0.72, -0.43, -8.78, 13.18, -3.12
0.41, -0.70, -0.39, -16.36, 16.02, 7.59
0.41, -0.71, -0.37, -24.39, 13.93, 15.21
0.35, -0.73, -0.38, -31.64, 18.74, 23.64
0.29, -0.73, -0.39, -36.48, 20.39, 27.94
0.24, -0.74, -0.41, -35.18, 13.92, 29.38
0.17, -0.76, -0.46, -29.96, 4.11, 24.35
0.03, -0.81, -0.55, -21.28, -19.78, 11.26
-0.16, -0.87, -0.62, -10.54, -26.05, -3.72
-0.30, -0.91, -0.67, -5.12, -12.80, -17.71
-0.27, -0.88, -0.63, 2.90, -0.11, -29.75
-0.10, -0.83, -0.60, 8.51, -1.62, -34.31
0.07, -0.82, -0.57, 10.05, -4.13, -31.99
0.21, -0.81, -0.53, 6.18, -3.86, -25.17
0.32, -0.76, -0.47, 1.67, 7.25, -14.15
0.43, -0.71, -0.42, -4.02, 7.11, -5.89
0.46, -0.68, -0.39, -9.92, 7.61, 4.93
0.44, -0.69, -0.38, -18.14, 18.22, 15.88
0.38, -0.71, -0.36, -29.00, 21.49, 22.13
0.28, -0.72, -0.36, -34.73, 21.35, 29.24
0.24, -0.71, -0.40, -35.90, 21.21, 32.36
0.22, -0.73, -0.43, -33.71, 2.76, 31.86
0.11, -0.79, -0.48, -25.72, -17.83, 23.04
-0.06, -0.85, -0.55, -16.72, -28.09, 7.75
-0.26, -0.90, -0.61, -10.78, -25.17, -9.94
-0.34, -0.92, -0.64, -6.41, -1.65, -19.17
-0.19, -0.88, -0.60, -0.15, 5.05, -27.84
0.01, -0.82, -0.57, 5.07, -4.37, -28.96
0.16, -0.80, -0.56, 5.55, -5.37, -25.13
0.26, -0.79, -0.53, 2.24, -0.51, -18.37
0.35, -0.76, -0.48, -2.43, 8.40, -8.26
0.41, -0.69, -0.43, -9.11, 10.21, 1.11
0.42, -0.71, -0.39, -18.48, 15.80, 11.46
0.40, -0.71, -0.38, -28.48, 15.69, 18.81
0.33, -0.72, -0.39, -34.84, 17.29, 25.62
0.26, -0.72, -0.42, -37.08, 14.29, 29.64
0.20, -0.73, -0.45, -35.47, 10.13, 28.79
0.13, -0.78, -0.51, -30.42, -1.71, 22.96
-0.01, -0.85, -0.56, -22.97, -16.77, 10.73
-0.18, -0.89, -0.62, -13.65, -15.98, -2.79
-0.26, -0.90, -0.66, -7.70, -2.65, -15.15
-0.21, -0.90, -0.62, -2.72, 9.83, -22.99
-0.06, -0.84, -0.58, 5.45, 6.14, -28.67
0.07, -0.80, -0.56, 9.16, -2.13, -29.00
0.16, -0.80, -0.53, 8.30, -3.25, -25.49
0.25, -0.78, -0.48, 4.96, 3.50, -16.80
0.33, -0.74, -0.43, -2.14, 10.79, -8.79
0.38, -0.70, -0.36, -8.99, 6.48, 0.24
0.39, -0.68, -0.34, -15.91, 12.69, 12.22
0.36, -0.69, -0.35, -24.25, 13.80, 16.48
0.29, -0.71, -0.37, -28.93, 17.89, 21.93
0.22, -0.72, -0.40, -29.89, 14.38, 26.27
0.20, -0.73, -0.45, -27.98, 5.95, 25.91
0.16, -0.78, -0.49, -22.66, -6.33, 24.15
0.07, -0.82, -0.55, -15.31, -17.00, 15.43
-0.10, -0.87, -0.59, -7.85, -21.01, -0.46
-0.23, -0.92, -0.62, -4.75, -12.94, -14.22
-0.22, -0.93, -0.62, 0.96, 0.48, -23.35
-0.12, -0.88, -0.59, 6.32, 0.74, -32.29
0.00, -0.83, -0.57, 8.72, -1.06, -32.55
0.14, -0.82, -0.54, 6.50, 2.16, -27.15
0.28, -0.80, -0.49, 3.88, 5.67, -19.38
0.37, -0.74, -0.44, -1.25, 6.23, -8.61
0.39, -0.70, -0.39, -9.60, 6.49, -0.27
0.38, -0.69, -0.37, -17.18, 17.53, 10.89
0.37, -0.68, -0.37, -25.32, 19.11, 17.06
0.31, -0.69, -0.38, -31.11, 19.32, 23.70
0.24, -0.70, -0.41, -34.13, 18.50, 26.67
0.19, -0.71, -0.43, -32.09, 14.48, 28.17
0.16, -0.76, -0.46, -30.79, 9.85, 28.85
0.09, -0.83, -0.51, -26.30, -6.95, 20.95
-0.05, -0.87, -0.55, -16.00, -21.06, 5.77
-0.19, -0.91, -0.61, -6.88, -20.11, -9.79
-0.28, -0.94, -0.66, -3.05, -0.75, -22.37
-0.22, -0.91, -0.61, 2.65, 7.89, -31.69
-0.06, -0.82, -0.56, 6.98, 5.82, -34.54
0.12, -0.82, -0.54, 8.49, 0.34, -31.78
0.25, -0.81, -0.51, 3.51, 2.88, -24.18
0.34, -0.77, -0.45, -1.46, 7.49, -16.05
0.39, -0.72, -0.38, -10.34, 6.40, -5.48
0.42, -0.70, -0.35, -16.83, 10.36, 5.90
0.43, -0.67, -0.35, -24.54, 14.71, 14.05
0.36, -0.67, -0.37, -32.01, 19.16, 20.58
0.26, -0.70, -0.40, -37.56, 21.82, 24.77
0.19, -0.71, -0.44, -37.04, 21.77, 27.02
0.18, -0.74, -0.48, -34.18, 18.48, 27.66
0.14, -0.80, -0.51, -31.67, 4.12, 24.48
0.02, -0.85, -0.55, -20.68, -13.50, 13.46
-0.12, -0.88, -0.61, -10.15, -17.54, -3.74
-0.25, -0.91, -0.66, -3.41, -4.27, -17.39
-0.24, -0.93, -0.63, -0.47, 16.59, -24.92
-0.08, -0.87, -0.57, 4.96, 13.19, -29.66
0.08, -0.81, -0.54, 7.59, 5.52, -28.20
0.22, -0.80, -0.50, 3.89, 3.09, -23.72
0.29, -0.79, -0.45, -2.13, 7.68, -15.90
0.34, -0.74, -0.39, -11.93, 13.52, -6.14
0.40, -0.70, -0.33, -19.68, 12.44, 4.74
0.43, -0.68, -0.32, -25.36, 8.95, 14.23
0.38, -0.69, -0.35, -31.28, 9.51, 21.10
0.27, -0.71, -0.38, -35.90, 11.35, 25.50
0.20, -0.72, -0.41, -35.70, 12.39, 29.22
0.19, -0.74, -0.45, -32.26, 9.36, 29.89
0.15, -0.79, -0.50, -27.17, -3.75, 22.75
0.02, -0.84, -0.55, -17.56, -19.55, 10.83
-0.13, -0.88, -0.62, -7.73, -20.08, -3.71
-0.23, -0.92, -0.67, -2.31, -9.61, -16.83
-0.19, -0.92, -0.63, 2.97, 5.37, -25.60
-0.05, -0.88, -0.59, 6.48, 1.94, -30.91
0.07, -0.83, -0.57, 9.02, -4.75, -30.46
0.17, -0.82, -0.55, 8.77, -3.33, -27.24
0.25, -0.80, -0.52, 5.00, 4.14, -19.89
0.32, -0.75, -0.47, -2.14, 12.23, -9.71
0.38, -0.70, -0.39, -9.46, 10.17, -1.66
0.39, -0.67, -0.35, -16.31, 12.15, 8.68
0.38, -0.66, -0.37, -24.79, 17.49, 15.85
0.31, -0.68, -0.39, -31.62, 21.82, 21.98
0.24, -0.70, -0.41, -34.02, 21.24, 24.55
0.21, -0.71, -0.45, -31.45, 16.75, 29.01
0.20, -0.75, -0.47, -29.00, 6.22, 28.42
0.13, -0.82, -0.51, -23.67, -7.70, 21.26
-0.01, -0.87, -0.55, -13.43, -17.21, 8.89
-0.16, -0.92, -0.61, -6.07, -17.59, -8.92
-0.26, -0.95, -0.65, -2.53, -0.90, -19.24
-0.20, -0.92, -0.61, 2.40, 6.48, -30.86
-0.06, -0.84, -0.57, 8.46, 3.13, -36.01
0.09, -0.82, -0.55, 10.42, -0.53, -33.16
0.23, -0.81, -0.52, 5.14, 5.32, -25.05
0.34, -0.75, -0.44, -2.27, 17.90, -11.58
0.42, -0.69, -0.37, -7.81, 11.25, -5.10
0.43, -0.66, -0.35, -15.85, 11.91, 11.30
0.42, -0.65, -0.35, -24.84, 17.25, 19.71
0.35, -0.66, -0.36, -32.23, 17.99, 25.07
0.24, -0.67, -0.38, -34.20, 18.34, 29.70
0.20, -0.70, -0.41, -32.65, 13.29, 30.88
0.17, -0.76, -0.45, -30.33, 1.72, 29.32
0.10, -0.84, -0.49, -24.39, -14.42, 22.64
-0.01, -0.90, -0.54, -16.28, -22.96, 8.10
-0.17, -0.94, -0.60, -9.21, -22.16, -10.11
-0.25, -0.95, -0.63, -5.27, -0.72, -21.30
-0.14, -0.91, -0.60, -0.08, 7.51, -30.78
0.02, -0.85, -0.57, 5.09, -0.45, -32.31
0.17, -0.83, -0.55, 4.43, -4.75, -28.70
0.26, -0.82, -0.51, 1.07, -0.45, -20.80
0.32, -0.76, -0.47, -4.94, 11.66, -11.26
0.39, -0.71, -0.41, -11.13, 15.96, -1.08
0.43, -0.69, -0.36, -16.97, 15.83, 8.81
0.41, -0.69, -0.37, -23.66, 15.55, 17.48
0.32, -0.69, -0.39, -30.93, 20.67, 23.02
0.23, -0.70, -0.41, -33.86, 22.95, 27.68
0.19, -0.71, -0.42, -32.19, 12.12, 28.25
0.16, -0.75, -0.46, -27.61, -5.32, 27.92
0.09, -0.82, -0.51, -21.33, -18.97, 19.38
-0.05, -0.89, -0.56, -13.88, -24.44, 2.41
-0.23, -0.93, -0.61, -10.38, -15.41, -12.80
-0.27, -0.92, -0.63, -5.18, 12.64, -21.42
-0.11, -0.88, -0.60, 0.93, 12.93, -30.30
0.05, -0.84, -0.58, 7.24, 4.79, -29.16
0.17, -0.83, -0.53, 8.89, -5.00, -29.82
0.22, -0.83, -0.53, 7.59, -6.69, -26.73
0.25, -0.79, -0.50, 5.00, 2.56, -17.39
0.32, -0.73, -0.46, -1.22, 12.17, -10.35
0.36, -0.69, -0.39, -7.44, 12.25, -0.37
0.37, -0.67, -0.34, -17.03, 16.15, 11.19
0.37, -0.65, -0.34, -24.07, 18.53, 18.47
0.31, -0.65, -0.37, -29.60, 20.48, 23.43
0.23, -0.67, -0.40, -33.17, 19.43, 26.46
0.19, -0.71, -0.42, -34.46, 14.66, 29.01
0.17, -0.77, -0.45, -33.16, 0.17, 28.82
0.13, -0.83, -0.48, -27.87, -10.03, 25.54
0.04, -0.90, -0.53, -20.07, -22.32, 11.27
-0.11, -0.93, -0.59, -12.56, -17.05, -5.26
-0.22, -0.94, -0.65, -8.44, 7.08, -16.85
-0.15, -0.92, -0.62, -3.77, 24.73, -23.22
0.02, -0.87, -0.58, 1.40, 13.83, -27.42
0.15, -0.82, -0.56, 3.37, 9.46, -25.21
0.22, -0.81, -0.52, 0.80, 5.06, -23.70
0.24, -0.78, -0.47, -2.59, 6.19, -18.36
0.27, -0.72, -0.43, -8.47, 8.46, -9.83
0.34, -0.68, -0.40, -13.17, 6.04, 2.40
0.40, -0.64, -0.37, -19.36, 7.17, 14.95
0.39, -0.62, -0.36, -24.88, 11.45, 23.51
0.30, -0.63, -0.36, -29.76, 19.69, 31.16
0.24, -0.66, -0.38, -33.71, 16.66, 37.15
0.22, -0.73, -0.40, -29.23, 1.95, 37.38
0.19, -0.84, -0.45, -21.38, -26.21, 28.74
0.01, -0.94, -0.54, -18.03, -28.20, 16.53
-0.23, -0.95, -0.61, -13.36, -17.64, -7.29
-0.33, -0.96, -0.63, -8.04, 3.08, -18.51
-0.16, -0.94, -0.63, -2.80, 19.17, -26.70
0.04, -0.88, -0.61, 1.74, 12.36, -29.44
0.15, -0.84, -0.57, 2.93, 13.40, -26.80
0.24, -0.82, -0.53, -1.36, 9.68, -23.49
0.28, -0.78, -0.48, -7.22, 6.83, -15.16
0.35, -0.73, -0.43, -11.03, 2.70, -4.78
0.40, -0.67, -0.40, -15.98, 0.61, 3.45
0.37, -0.64, -0.39, -21.41, 1.97, 10.82
0.28, -0.66, -0.40, -28.78, 11.57, 16.98
0.22, -0.69, -0.41, -31.82, 18.41, 22.14
0.19, -0.72, -0.42, -33.45, 12.53, 24.67
0.18, -0.76, -0.44, -29.09, -7.65, 22.20
0.10, -0.84, -0.50, -18.76, -27.80, 13.12
-0.05, -0.90, -0.62, -11.50, -23.19, -0.41
-0.24, -0.93, -0.66, -9.12, -7.23, -14.90
-0.25, -0.92, -0.63, -5.13, 24.07, -22.33
-0.07, -0.85, -0.59, 0.42, 16.79, -30.12
0.08, -0.81, -0.56, 3.67, 10.67, -27.86
0.21, -0.81, -0.53, 1.60, 6.53, -25.14
0.27, -0.75, -0.49, -0.09, 3.98, -19.26
0.32, -0.74, -0.44, -5.33, 5.27, -9.81
0.38, -0.71, -0.39, -10.95, 4.74, -0.15
0.41, -0.68, -0.37, -16.27, 5.90, 8.92
0.36, -0.67, -0.38, -20.01, 9.75, 15.17
0.27, -0.69, -0.41, -27.89, 20.83, 19.59
0.20, -0.72, -0.42, -30.81, 23.22, 23.09
0.19, -0.75, -0.42, -28.52, 12.89, 23.09
0.18, -0.82, -0.46, -24.38, -9.36, 19.07
0.08, -0.88, -0.53, -16.15, -27.45, 7.03
-0.11, -0.91, -0.62, -8.12, -21.06, -6.19
-0.21, -0.92, -0.64, -5.32, 2.61, -16.55
-0.17, -0.88, -0.60, -2.82, 16.76, -26.14
-0.03, -0.83, -0.57, -0.02, 17.34, -28.11
0.14, -0.80, -0.55, 2.66, 11.50, -24.85
0.25, -0.78, -0.51, 1.11, 6.39, -17.31
0.33, -0.75, -0.46, -0.98, 4.36, -10.15
0.37, -0.70, -0.43, -4.85, 2.26, -0.53
0.37, -0.66, -0.39, -11.90, 3.50, 7.92
0.33, -0.64, -0.36, -17.08, 5.98, 11.13
0.25, -0.65, -0.39, -22.91, 11.45, 15.07
0.19, -0.68, -0.41, -26.96, 16.79, 20.42
0.20, -0.71, -0.43, -27.89, 12.90, 23.75
0.22, -0.76, -0.46, -27.65, 1.53, 24.78
0.20, -0.82, -0.50, -22.01, -14.13, 19.88
0.09, -0.88, -0.56, -13.26, -20.58, 8.98
-0.07, -0.95, -0.63, -6.76, -11.08, -4.02
-0.17, -0.99, -0.66, -4.10, 11.49, -14.55
-0.12, -0.95, -0.62, 0.69, 19.91, -23.64
-0.01, -0.88, -0.58, 5.31, 16.77, -28.88
0.12, -0.84, -0.55, 4.44, 11.67, -28.48
0.21, -0.81, -0.50, 0.27, 8.54, -23.86
0.30, -0.76, -0.43, -2.78, 5.65, -15.38
0.36, -0.69, -0.39, -8.26, 1.29, -8.62
0.36, -0.65, -0.36, -13.91, -0.94, -1.96
0.32, -0.64, -0.34, -22.09, 4.60, 7.31
0.30, -0.65, -0.35, -26.22, 8.41, 14.71
0.25, -0.67, -0.39, -28.51, 14.44, 18.38
0.20, -0.69, -0.42, -28.51, 14.99, 22.90
0.19, -0.73, -0.44, -30.20, 10.12, 25.21
0.19, -0.78, -0.45, -28.88, -1.53, 25.33
0.17, -0.84, -0.50, -19.67, -15.75, 20.34
0.07, -0.88, -0.60, -11.34, -14.94, 8.73
-0.11, -0.93, -0.64, -6.78, -6.32, -6.64
-0.19, -0.97, -0.64, -4.23, 17.11, -15.72
-0.09, -0.93, -0.60, 1.37, 17.22, -24.88
0.03, -0.88, -0.57, 4.22, 9.57, -29.08
0.14, -0.86, -0.53, 4.31, 3.04, -27.63
0.23, -0.83, -0.49, 1.95, -2.74, -23.27
0.31, -0.77, -0.44, -1.54, -0.65, -14.33
0.37, -0.71, -0.39, -8.15, 2.53, -6.21
0.38, -0.66, -0.35, -15.58, 2.91, 0.86
0.35, -0.65, -0.33, -24.02, 9.28, 10.66
0.30, -0.66, -0.35, -30.78, 10.50, 15.09
0.24, -0.69, -0.40, -34.36, 13.86, 19.93
0.20, -0.70, -0.44, -33.66, 11.42, 23.33
0.20, -0.73, -0.47, -32.71, 6.59, 25.76
0.20, -0.78, -0.48, -28.55, -7.16, 25.16
0.15, -0.85, -0.54, -18.67, -21.74, 19.13
0.01, -0.89, -0.62, -10.07, -16.93, 6.43
-0.13, -0.94, -0.66, -7.93, -3.53, -8.94
-0.19, -0.96, -0.64, -5.50, 20.36, -17.09
-0.08, -0.90, -0.58, -1.68, 21.70, -23.82
0.04, -0.85, -0.57, 1.77, 11.13, -27.69
0.12, -0.83, -0.55, 4.49, -1.30, -29.83
0.17, -0.81, -0.52, 5.72, -12.91, -28.64
0.23, -0.78, -0.49, 1.73, -10.80, -20.07
0.32, -0.73, -0.43, -0.54, -6.69, -13.77
0.37, -0.66, -0.38, -7.11, -6.71, -5.43
0.36, -0.65, -0.35, -16.69, 10.63, 7.56
0.37, -0.66, -0.32, -26.92, 20.11, 13.87
0.33, -0.68, -0.34, -31.78, 26.95, 18.78
0.27, -0.71, -0.39, -35.28, 25.79, 21.94
0.24, -0.74, -0.44, -35.74, 22.48, 24.93
0.22, -0.77, -0.47, -34.92, 15.10, 27.94
0.20, -0.82, -0.49, -30.43, -1.66, 25.39
0.13, -0.88, -0.53, -19.19, -18.44, 19.59
-0.00, -0.89, -0.63, -6.58, -15.29, 1.67
-0.19, -0.91, -0.69, -3.34, -3.96, -13.50
-0.26, -0.93, -0.63, -1.02, 23.03, -22.58
-0.12, -0.88, -0.57, 3.74, 17.48, -30.32
0.04, -0.82, -0.54, 7.55, 6.42, -31.46
0.15, -0.81, -0.52, 5.29, -5.76, -30.97
0.24, -0.79, -0.46, 3.53, -9.50, -21.28
0.35, -0.74, -0.43, 0.67, -11.16, -10.82
0.43, -0.68, -0.41, -1.38, -11.24, -3.20
0.43, -0.67, -0.38, -8.56, 1.16, 7.63
0.35, -0.68, -0.34, -19.30, 14.19, 13.99
0.27, -0.70, -0.35, -28.53, 25.45, 19.11
0.23, -0.70, -0.38, -34.42, 28.19, 21.85
0.21, -0.69, -0.42, -35.95, 21.92, 24.79
0.21, -0.70, -0.46, -35.68, 10.98, 26.31
0.20, -0.75, -0.48, -32.97, -11.80, 25.35
0.16, -0.85, -0.50, -26.11, -29.73, 23.18
0.09, -0.91, -0.59, -13.96, -30.28, 11.45
-0.08, -0.92, -0.68, -6.31, -15.76, -9.43
-0.23, -0.94, -0.68, -4.27, 15.75, -19.14
-0.14, -0.92, -0.62, -1.03, 32.24, -25.07
0.06, -0.86, -0.58, 3.46, 23.37, -26.50
0.17, -0.83, -0.55, 3.54, 11.40, -27.26
0.22, -0.82, -0.48, 1.88, 0.02, -26.12
0.27, -0.80, -0.44, -0.72, -7.83, -18.05
0.33, -0.74, -0.42, -5.40, -13.89, -10.62
0.37, -0.68, -0.39, -10.95, -5.86, 0.56
0.37, -0.64, -0.34, -20.31, 7.51, 7.93
0.33, -0.63, -0.32, -28.53, 17.46, 14.69
0.28, -0.66, -0.35, -35.26, 26.20, 20.39
0.26, -0.69, -0.39, -36.16, 25.14, 25.70
0.26, -0.72, -0.43, -35.17, 14.26, 30.17
0.25, -0.79, -0.45, -33.09, -12.11, 30.68
0.20, -0.88, -0.49, -22.60, -35.12, 26.76
0.08, -0.91, -0.60, -10.31, -33.75, 13.91
-0.15, -0.92, -0.66, -7.31, -17.81, -7.65
-0.30, -0.96, -0.64, -7.87, 18.23, -16.73
-0.17, -0.91, -0.61, -4.95, 27.13, -24.82
0.00, -0.82, -0.59, 2.41, 15.78, -28.58
0.13, -0.79, -0.59, 4.49, 2.54, -29.90
0.17, -0.79, -0.56, 2.99, -8.52, -29.88
0.20, -0.77, -0.51, 0.66, -13.15, -25.09
0.28, -0.72, -0.47, -1.46, -9.30, -14.21
0.41, -0.67, -0.44, -4.72, 2.11, -3.06
0.43, -0.64, -0.38, -13.33, 9.17, 6.00
0.38, -0.64, -0.35, -22.19, 28.62, 17.71
0.34, -0.67, -0.36, -29.42, 37.23, 21.51
0.28, -0.70, -0.38, -34.60, 39.38, 24.60
0.22, -0.74, -0.41, -36.83, 30.34, 27.98
0.20, -0.79, -0.43, -37.98, 11.75, 27.16
0.18, -0.85, -0.45, -33.21, -19.73, 24.48
0.12, -0.88, -0.52, -22.16, -35.53, 17.25
-0.04, -0.88, -0.63, -12.56, -29.46, 0.62
-0.23, -0.88, -0.68, -6.09, -4.36, -16.51
-0.25, -0.89, -0.65, -3.17, 19.63, -23.74
-0.10, -0.86, -0.61, 0.91, 21.52, -29.12
0.07, -0.83, -0.57, 2.17, 12.24, -30.45
0.18, -0.81, -0.52, 1.62, -3.13, -27.90
0.27, -0.78, -0.49, 0.03, -9.91, -22.01
0.35, -0.73, -0.46, -4.57, -10.13, -11.15
0.42, -0.68, -0.41, -8.77, -5.21, -1.17
0.41, -0.65, -0.37, -17.54, 3.67, 6.16
0.34, -0.66, -0.35, -26.22, 15.76, 12.52
0.27, -0.69, -0.38, -32.69, 27.64, 19.25
0.24, -0.71, -0.41, -35.97, 24.28, 23.26
0.22, -0.72, -0.43, -34.55, 11.98, 27.19
0.22, -0.75, -0.47, -31.88, -4.57, 26.57
0.18, -0.80, -0.50, -22.80, -25.17, 24.16
0.08, -0.84, -0.57, -12.76, -29.39, 13.50
-0.10, -0.87, -0.65, -3.13, -17.78, -2.70
-0.22, -0.90, -0.70, 0.25, 4.13, -16.68
-0.18, -0.92, -0.64, 3.67, 23.08, -23.76
-0.02, -0.88, -0.58, 5.91, 19.11, -27.56
0.14, -0.84, -0.53, 5.15, 6.82, -29.26
0.23, -0.82, -0.47, 3.76, -2.13, -26.22
0.29, -0.78, -0.48, -1.76, -2.70, -19.46
0.37, -0.74, -0.43, -8.00, -2.99, -5.63
0.45, -0.68, -0.39, -14.56, 2.50, 4.45
0.46, -0.65, -0.35, -23.20, 12.33, 14.69
0.36, -0.65, -0.34, -32.28, 25.45, 20.72
0.28, -0.68, -0.37, -39.63, 34.85, 26.21
0.24, -0.69, -0.41, -41.89, 28.23, 32.59
0.24, -0.71, -0.43, -38.86, 9.66, 35.31
0.22, -0.77, -0.46, -30.05, -20.93, 33.09
0.11, -0.86, -0.54, -16.81, -42.19, 22.94
-0.12, -0.89, -0.67, -7.04, -28.96, 1.25
-0.36, -0.91, -0.72, -3.94, -6.57, -18.38
-0.37, -0.91, -0.69, -2.59, 28.78, -24.98
-0.10, -0.85, -0.60, 0.75, 22.48, -29.92
0.12, -0.80, -0.55, 3.04, 9.23, -27.81
0.25, -0.79, -0.53, 0.73, -5.71, -26.68
0.29, -0.77, -0.49, -3.94, -9.27, -21.47
0.34, -0.74, -0.45, -8.56, -7.41, -11.29
0.42, -0.70, -0.44, -13.84, 1.62, 4.07
0.47, -0.67, -0.41, -21.09, 16.52, 13.16
0.39, -0.66, -0.38, -30.21, 28.96, 20.29
0.29, -0.69, -0.38, -36.21, 40.23, 27.22
0.25, -0.71, -0.42, -38.85, 37.30, 30.94
0.23, -0.74, -0.43, -38.78, 20.98, 32.14
0.19, -0.81, -0.44, -33.52, -18.59, 27.84
0.06, -0.86, -0.54, -16.19, -40.53, 16.31
-0.15, -0.86, -0.71, -5.06, -34.74, -6.43
-0.40, -0.90, -0.72, -3.02, -0.44, -20.77
-0.34, -0.89, -0.62, 0.72, 23.54, -29.05
-0.05, -0.81, -0.58, 8.10, 8.73, -30.72
0.16, -0.79, -0.57, 13.11, -11.29, -30.56
0.24, -0.80, -0.55, 12.95, -25.33, -30.50
0.25, -0.80, -0.52, 11.79, -26.28, -26.42
0.30, -0.76, -0.51, 8.85, -20.66, -17.00
0.37, -0.70, -0.48, 4.99, -0.85, -8.14
0.37, -0.66, -0.42, -6.32, 11.72, -0.12
0.33, -0.67, -0.35, -18.43, 30.86, 11.66
0.34, -0.69, -0.35, -25.68, 35.06, 16.52
0.33, -0.71, -0.38, -29.89, 32.23, 21.59
0.29, -0.73, -0.41, -33.10, 27.71, 26.87
0.23, -0.76, -0.43, -34.36, 22.02, 28.79
0.18, -0.79, -0.45, -32.04, 9.28, 28.59
0.12, -0.82, -0.48, -22.96, -15.08, 23.74
0.02, -0.85, -0.57, -11.27, -30.32, 11.15
-0.16, -0.86, -0.67, -1.25, -23.45, -7.97
-0.27, -0.89, -0.67, 2.09, 3.74, -19.90
-0.18, -0.89, -0.61, 2.65, 16.61, -27.18
-0.00, -0.84, -0.56, 3.12, 15.32, -29.85
0.17, -0.82, -0.52, 1.00, 4.55, -28.14
0.28, -0.80, -0.49, -2.07, -3.66, -21.27
0.38, -0.76, -0.48, -4.37, -3.10, -10.30
0.44, -0.72, -0.45, -10.42, 6.23, 3.12
0.47, -0.69, -0.41, -17.88, 18.05, 11.46
0.42, -0.69, -0.37, -28.80, 30.04, 19.54
0.33, -0.70, -0.37, -36.95, 39.55, 24.44
0.27, -0.71, -0.39, -41.04, 44.00, 31.05
0.22, -0.73, -0.40, -42.71, 36.97, 32.27
0.17, -0.78, -0.42, -35.43, -8.67, 25.87
0.10, -0.83, -0.53, -19.53, -43.74, 20.15
-0.07, -0.84, -0.68, -3.31, -41.33, 0.68
-0.35, -0.87, -0.70, -2.30, -18.04, -18.46
-0.39, -0.90, -0.62, -1.13, 23.79, -24.93
-0.13, -0.83, -0.56, 2.64, 20.75, -30.22
0.12, -0.77, -0.54, 5.87, 8.54, -28.68
0.25, -0.77, -0.52, 5.53, -9.57, -26.17
0.32, -0.77, -0.50, 5.50, -17.82, -19.28
0.37, -0.74, -0.51, 2.75, -16.75, -8.86
0.40, -0.71, -0.48, -2.55, 0.40, 0.74
0.39, -0.69, -0.43, -12.45, 19.38, 10.17
0.34, -0.70, -0.38, -21.96, 33.13, 15.86
0.31, -0.71, -0.39, -26.78, 41.26, 22.33
0.29, -0.74, -0.40, -31.51, 34.86, 26.71
0.25, -0.77, -0.44, -33.88, 22.73, 29.88
0.21, -0.80, -0.43, -32.44, 0.06, 27.36
0.13, -0.82, -0.47, -23.65, -33.23, 19.03
-0.00, -0.85, -0.57, -9.44, -42.82, 4.76
-0.21, -0.89, -0.68, -3.11, -31.62, -16.55
-0.37, -0.92, -0.66, -0.57, 5.72, -25.84
-0.24, -0.88, -0.61, 4.43, 20.87, -34.66
0.02, -0.83, -0.58, 8.57, 16.27, -36.62
0.20, -0.81, -0.55, 8.28, 2.80, -33.53
0.32, -0.81, -0.51, 7.29, -5.23, -24.45
0.44, -0.76, -0.49, 3.64, -4.50, -12.37
0.50, -0.71, -0.45, -2.31, 6.57, 0.87
0.50, -0.68, -0.38, -12.68, 17.38, 9.15
0.42, -0.69, -0.33, -23.90, 27.17, 20.22
0.32, -0.71, -0.33, -34.58, 38.03, 23.59
0.24, -0.73, -0.35, -39.66, 39.27, 26.07
0.19, -0.74, -0.38, -40.72, 30.78, 27.49
0.18, -0.77, -0.40, -39.48, 0.49, 25.22
0.15, -0.83, -0.44, -27.64, -36.08, 20.07
0.05, -0.86, -0.55, -13.58, -47.26, 8.77
-0.16, -0.87, -0.64, -6.31, -31.12, -11.44
-0.32, -0.90, -0.64, -3.44, 3.02, -22.81
-0.22, -0.88, -0.59, 0.53, 18.37, -30.38
-0.02, -0.82, -0.57, 5.03, 15.14, -31.89
0.15, -0.80, -0.53, 3.81, 2.75, -30.73
0.26, -0.79, -0.49, 2.45, -7.21, -22.25
0.36, -0.73, -0.47, -0.21, -11.22, -12.22
0.43, -0.68, -0.44, -4.79, -5.92, 0.08
0.45, -0.66, -0.41, -14.00, 7.76, 9.88
0.40, -0.66, -0.37, -26.54, 20.73, 18.23
0.30, -0.67, -0.36, -34.27, 34.95, 26.80
0.25, -0.69, -0.40, -41.11, 33.09, 30.58
0.22, -0.70, -0.43, -41.66, 26.29, 33.50
0.22, -0.73, -0.44, -39.74, 4.20, 33.07
0.18, -0.81, -0.47, -30.95, -23.08, 29.60
0.06, -0.86, -0.58, -17.75, -28.60, 19.79
-0.14, -0.89, -0.68, -9.82, -16.73, -3.30
-0.35, -0.94, -0.70, -3.46, 1.06, -19.35
-0.27, -0.95, -0.67, 0.81, 30.14, -23.79
-0.01, -0.89, -0.59, 5.11, 19.62, -30.66
0.15, -0.84, -0.53, 7.79, 12.09, -29.19
0.26, -0.81, -0.51, 6.68, 1.12, -30.12
0.30, -0.78, -0.49, 5.21, -5.43, -24.40
0.35, -0.75, -0.47, 2.17, -6.12, -12.97
0.43, -0.72, -0.45, -4.26, 5.10, -2.78
0.40, -0.69, -0.40, -12.38, 15.88, 5.28
0.31, -0.68, -0.35, -22.49, 27.10, 13.60
0.31, -0.69, -0.35, -30.22, 34.97, 18.95
0.31, -0.71, -0.38, -36.14, 31.37, 25.75
0.28, -0.72, -0.40, -36.86, 22.56, 31.32
0.25, -0.73, -0.42, -35.67, 8.41, 31.90
0.19, -0.77, -0.45, -28.42, -14.62, 27.40
0.04, -0.82, -0.56, -12.69, -27.14, 15.73
-0.16, -0.87, -0.67, -7.81, -15.10, -4.13
-0.35, -0.90, -0.68, -2.79, 7.46, -17.46
-0.24, -0.88, -0.63, 2.95, 27.76, -22.00
0.02, -0.83, -0.56, 5.72, 14.79, -24.78
0.18, -0.81, -0.52, 5.52, 7.22, -21.23
0.29, -0.79, -0.49, 4.49, 0.11, -18.29
0.33, -0.76, -0.48, 0.54, 0.07, -10.78
0.37, -0.73, -0.45, -3.05, -0.87, -3.23
0.40, -0.72, -0.41, -10.83, 5.35, 4.94
0.37, -0.72, -0.38, -19.84, 11.18, 11.81
0.30, -0.72, -0.35, -29.20, 17.61, 17.26
0.27, -0.73, -0.35, -34.86, 18.57, 23.14
0.27, -0.73, -0.36, -38.74, 10.80, 26.60
0.25, -0.74, -0.39, -38.87, -6.17, 26.42
0.20, -0.76, -0.44, -31.39, -26.78, 20.70
0.09, -0.83, -0.52, -26.42, -30.67, 16.36
-0.07, -0.87, -0.59, -23.85, -19.70, 3.99
-0.19, -0.84, -0.63, -13.49, -9.00, -9.05
-0.15, -0.84, -0.67, -5.52, 1.75, -13.48
-0.04, -0.85, -0.66, 0.56, 9.17, -17.66
0.04, -0.81, -0.62, 6.84, 9.38, -19.00
0.11, -0.80, -0.59, 7.39, 11.90, -18.05
0.19, -0.81, -0.54, 6.18, 6.95, -18.59
0.24, -0.80, -0.50, 4.18, -0.31, -12.96
0.29, -0.76, -0.49, 1.01, 6.92, -6.69
0.33, -0.74, -0.45, -6.84, 20.48, 2.40
0.33, -0.73, -0.38, -16.28, 26.99, 7.21
0.33, -0.74, -0.34, -26.15, 23.74, 13.56
0.34, -0.75, -0.35, -33.01, 19.39, 20.39
0.32, -0.77, -0.36, -35.93, 10.10, 24.76
0.26, -0.77, -0.39, -34.34, 0.60, 23.45
0.17, -0.80, -0.45, -30.70, -11.88, 16.26
0.02, -0.84, -0.52, -22.98, -24.81, 2.50
-0.16, -0.87, -0.62, -12.91, -17.94, -11.44
-0.23, -0.87, -0.67, -8.69, 2.53, -19.93
-0.14, -0.84, -0.63, -1.69, 12.46, -26.13
0.01, -0.82, -0.58, 3.01, 9.14, -27.52
0.15, -0.81, -0.56, 5.13, 3.64, -25.44
0.23, -0.78, -0.50, 4.50, 4.65, -19.31
0.30, -0.73, -0.49, 1.43, 12.04, -11.73
0.36, -0.69, -0.41, -2.80, 11.50, -2.96
0.40, -0.67, -0.40, -9.97, 12.68, 8.20
0.41, -0.68, -0.38, -17.63, 17.10, 16.04
0.36, -0.71, -0.38, -25.18, 17.10, 22.55
0.29, -0.73, -0.39, -29.92, 20.74, 27.01
0.26, -0.75, -0.41, -32.16, 14.93, 26.40
0.23, -0.82, -0.42, -30.10, 3.07, 24.46
0.17, -0.91, -0.47, -25.51, -8.62, 16.07
0.02, -0.96, -0.59, -19.67, -20.29, -2.20
-0.19, -0.94, -0.67, -12.54, -12.13, -19.15
-0.26, -0.92, -0.65, -9.00, 15.12, -28.92
-0.15, -0.87, -0.62, -1.30, 14.51, -38.38
0.00, -0.80, -0.60, 4.75, 8.59, -36.52
0.16, -0.78, -0.57, 6.39, 7.76, -31.20
0.24, -0.74, -0.50, 3.97, 11.98, -22.49
0.31, -0.69, -0.44, 1.16, 12.91, -14.32
0.37, -0.64, -0.41, -0.16, 1.86, -6.79
0.38, -0.64, -0.40, -6.43, 3.73, 6.21
0.36, -0.65, -0.40, -14.10, 16.09, 14.81
0.31, -0.67, -0.37, -20.78, 16.68, 16.77
0.24, -0.68, -0.38, -23.97, 19.80, 23.86
0.24, -0.71, -0.40, -26.09, 15.52, 27.25
0.24, -0.77, -0.42, -26.39, 3.74, 28.28
0.19, -0.82, -0.45, -24.36, -10.25, 24.05
0.09, -0.87, -0.50, -18.33, -15.82, 14.48
-0.05, -0.90, -0.55, -13.56, -20.67, -2.44
-0.18, -0.94, -0.59, -9.24, -11.02, -15.04
-0.15, -0.93, -0.60, -2.21, -0.28, -25.01
-0.02, -0.87, -0.60, 4.79, 0.62, -30.68
0.09, -0.84, -0.58, 5.80, 4.00, -31.16
0.19, -0.83, -0.53, 4.45, 2.58, -28.34
0.31, -0.79, -0.48, 3.23, 7.36, -17.36
0.43, -0.73, -0.43, 0.94, -3.79, -11.28
0.46, -0.70, -0.40, -4.08, 3.46, 3.38
0.47, -0.69, -0.37, -12.59, 13.18, 10.43
0.42, -0.69, -0.33, -24.81, 18.16, 19.06
0.33, -0.70, -0.33, -33.90, 21.80, 25.27
0.28, -0.71, -0.36, -39.28, 15.60, 29.60
0.24, -0.70, -0.40, -38.90, 11.12, 32.88
0.20, -0.73, -0.45, -34.91, -0.85, 29.28
0.08, -0.78, -0.53, -27.52, -13.01, 18.78
-0.11, -0.85, -0.59, -18.97, -17.85, 4.56
-0.25, -0.89, -0.66, -10.87, -16.04, -12.26
-0.23, -0.89, -0.68, -2.81, 9.36, -15.08
-0.04, -0.87, -0.62, 2.33, 7.65, -22.79
0.11, -0.82, -0.55, 4.84, 4.79, -21.74
0.21, -0.80, -0.50, 2.35, 4.62, -17.90
0.30, -0.78, -0.47, -2.05, 4.79, -11.26
0.36, -0.74, -0.43, -6.76, 9.40, 0.51
0.43, -0.71, -0.37, -15.39, 11.16, 8.29
0.44, -0.71, -0.32, -24.79, 8.14, 16.56
0.39, -0.72, -0.30, -32.91, 8.28, 26.45
0.34, -0.73, -0.32, -38.19, 2.13, 30.02
0.26, -0.75, -0.37, -36.46, -5.39, 29.94
0.13, -0.77, -0.48, -29.29, -21.82, 17.20
-0.05, -0.83, -0.57, -21.73, -29.38, 3.55
-0.23, -0.90, -0.66, -11.83, -29.45, -11.54
-0.24, -0.93, -0.69, -3.82, -4.61, -15.25
-0.05, -0.90, -0.67, 5.47, 4.14, -22.76
0.08, -0.84, -0.64, 9.41, 7.54, -23.42
0.19, -0.83, -0.57, 7.07, 12.81, -21.53
0.26, -0.81, -0.52, 5.00, 8.57, -17.02
0.30, -0.76, -0.49, 1.15, 10.13, -6.88
0.36, -0.72, -0.43, -5.65, 14.92, -0.10
0.36, -0.70, -0.37, -15.48, 16.42, 4.81
0.30, -0.69, -0.34, -24.06, 14.99, 11.27
0.27, -0.70, -0.36, -32.34, 17.68, 17.28
0.25, -0.72, -0.38, -34.43, 14.23, 20.44
0.21, -0.74, -0.40, -31.82, 5.07, 23.32
0.18, -0.77, -0.47, -27.62, -5.55, 19.74
0.09, -0.80, -0.55, -18.87, -18.21, 8.51
-0.08, -0.84, -0.62, -6.21, -23.82, -5.91
-0.21, -0.91, -0.67, -1.90, -8.01, -15.44
-0.17, -0.92, -0.65, 4.78, 10.36, -24.71
-0.04, -0.86, -0.61, 10.37, 9.70, -31.62
0.12, -0.83, -0.58, 14.62, 6.88, -32.01
0.22, -0.83, -0.54, 12.73, 14.54, -24.53
0.33, -0.78, -0.47, 8.74, 21.10, -16.87
0.37, -0.73, -0.40, 5.90, 6.28, -12.65
0.36, -0.71, -0.38, 0.29, 4.01, 1.10
0.42, -0.71, -0.38, -7.45, 21.93, 13.86
0.39, -0.70, -0.33, -20.37, 25.08, 16.07
0.27, -0.71, -0.28, -29.52, 26.84, 22.19
0.26, -0.75, -0.30, -33.35, 18.28, 27.78
0.27, -0.76, -0.36, -35.57, 8.03, 29.72
0.22, -0.78, -0.43, -35.49, -0.52, 27.41
0.10, -0.80, -0.47, -31.93, -12.48, 18.31
-0.02, -0.83, -0.52, -26.72, -13.82, 8.34
-0.12, -0.84, -0.59, -21.57, -7.39, -4.05
-0.16, -0.83, -0.62, -15.00, -1.20, -12.12
-0.04, -0.85, -0.62, -9.23, 12.41, -9.04
0.14, -0.84, -0.59, -4.88, 5.55, -11.77
0.20, -0.80, -0.56, -1.55, 3.87, -11.48
0.23, -0.80, -0.53, -1.56, 4.51, -9.84
0.24, -0.82, -0.51, -1.10, 4.04, -6.73
0.24, -0.82, -0.49, -1.95, 3.20, -5.27
0.22, -0.80, -0.47, -4.81, 4.08, -5.76
0.20, -0.78, -0.44, -8.36, 7.25, -3.26
0.21, -0.75, -0.42, -14.06, 13.71, 0.69
0.25, -0.74, -0.39, -19.45, 15.22, 4.63
0.28, -0.75, -0.38, -26.28, 14.02, 9.41
0.28, -0.76, -0.38, -29.60, 12.80, 13.19
0.25, -0.77, -0.39, -32.13, 9.65, 15.37
0.21, -0.78, -0.40, -32.47, 6.67, 15.42
0.17, -0.82, -0.44, -28.42, -1.18, 12.95
0.10, -0.85, -0.51, -22.12, -12.32, 6.01
-0.04, -0.85, -0.58, -14.02, -12.60, -5.13
-0.13, -0.83, -0.62, -6.02, -5.57, -13.17
-0.06, -0.81, -0.61, 0.54, -0.22, -18.61
0.01, -0.80, -0.59, 6.66, -6.39, -22.79
0.06, -0.80, -0.56, 7.44, 0.74, -21.01
0.13, -0.78, -0.53, 6.41, 4.25, -18.58
0.23, -0.74, -0.49, 4.47, 3.50, -12.06
0.33, -0.72, -0.46, -0.31, 8.80, -1.45
0.42, -0.72, -0.41, -9.27, 12.67, 5.36
0.41, -0.72, -0.36, -20.10, 14.89, 13.00
0.37, -0.73, -0.35, -28.41, 20.41, 21.20
0.35, -0.74, -0.37, -34.73, 22.40, 26.11
0.28, -0.76, -0.38, -36.22, 14.48, 26.92
0.21, -0.82, -0.41, -33.63, 2.02, 21.23
0.12, -0.89, -0.46, -31.17, -17.46, 11.36
-0.04, -0.94, -0.52, -27.47, -23.34, -1.64
-0.18, -0.91, -0.57, -19.29, -18.80, -16.92
-0.16, -0.87, -0.60, -13.01, 0.58, -21.38
-0.01, -0.83, -0.62, -3.53, -1.97, -28.49
0.05, -0.80, -0.61, 3.00, -0.17, -27.22
0.12, -0.80, -0.58, 6.40, 4.74, -25.75
0.20, -0.77, -0.56, 8.59, 1.84, -22.01
0.27, -0.72, -0.52, 7.92, 2.12, -12.06
0.37, -0.69, -0.46, 5.12, 5.91, -2.38
0.42, -0.66, -0.41, -1.90, 7.50, 6.36
0.38, -0.66, -0.36, -14.79, 19.11, 16.09
0.35, -0.68, -0.34, -25.12, 25.18, 22.23
0.31, -0.69, -0.34, -31.72, 25.18, 28.62
0.28, -0.72, -0.36, -36.16, 15.71, 31.15
0.22, -0.79, -0.40, -35.73, 6.47, 29.26
0.15, -0.85, -0.46, -31.44, -2.12, 20.03
-0.02, -0.90, -0.54, -28.40, -8.72, 8.93
-0.19, -0.90, -0.61, -19.89, -9.91, -9.62
-0.21, -0.89, -0.65, -10.37, 3.24, -17.42
-0.04, -0.89, -0.64, -2.02, 6.27, -23.51
0.07, -0.85, -0.63, 5.29, 0.10, -26.31
0.13, -0.84, -0.58, 6.79, 2.92, -25.29
0.21, -0.84, -0.53, 7.59, -0.31, -25.10
0.27, -0.81, -0.51, 4.68, 2.60, -19.05
0.33, -0.77, -0.47, 1.29, 9.39, -11.10
0.37, -0.72, -0.41, -5.97, 15.38, -4.58
0.35, -0.70, -0.37, -14.04, 20.44, 2.49
0.34, -0.70, -0.35, -21.74, 23.03, 9.52
0.35, -0.70, -0.35, -30.66, 17.24, 17.17
0.32, -0.71, -0.37, -36.23, 15.56, 21.61
0.27, -0.71, -0.39, -36.19, 12.09, 24.00
0.22, -0.74, -0.43, -34.13, 4.50, 24.81
0.13, -0.79, -0.49, -26.09, -8.16, 19.27
-0.00, -0.85, -0.57, -17.12, -15.43, 5.29
-0.18, -0.90, -0.63, -10.03, -13.80, -10.39
-0.24, -0.89, -0.64, -3.60, 9.45, -17.83
-0.09, -0.85, -0.59, 5.52, 8.07, -26.37
0.06, -0.82, -0.57, 10.78, -0.65, -26.44
0.18, -0.83, -0.54, 11.35, -5.37, -22.69
0.27, -0.82, -0.50, 8.44, 0.31, -15.60
0.36, -0.76, -0.44, 3.11, 10.54, -9.14
0.40, -0.71, -0.38, -3.70, 5.38, -1.72
0.41, -0.70, -0.35, -11.87, 11.10, 9.55
0.43, -0.70, -0.35, -21.76, 15.34, 18.44
0.38, -0.70, -0.34, -31.17, 16.12, 24.12
0.31, -0.71, -0.35, -35.75, 13.01, 29.86
0.27, -0.72, -0.40, -35.06, 2.79, 29.61
0.21, -0.78, -0.47, -30.31, -3.75, 28.08
0.08, -0.81, -0.55, -23.04, -7.90, 16.48
-0.11, -0.88, -0.62, -14.74, -14.93, -0.42
-0.25, -0.92, -0.66, -6.89, -6.09, -13.03
-0.20, -0.93, -0.65, -2.49, 18.54, -19.03
-0.01, -0.90, -0.58, 3.70, 8.71, -25.19
0.13, -0.85, -0.54, 7.62, -0.06, -26.33
0.23, -0.83, -0.52, 8.19, -6.87, -23.53
0.29, -0.81, -0.49, 3.75, 2.45, -15.58
0.34, -0.77, -0.44, -1.18, 8.42, -10.08
0.34, -0.72, -0.38, -8.68, 11.47, -3.84
0.35, -0.70, -0.34, -16.16, 18.42, 6.99
0.38, -0.70, -0.33, -25.52, 17.90, 14.10
0.35, -0.70, -0.33, -32.31, 16.91, 22.23
0.30, -0.70, -0.36, -35.10, 11.36, 25.71
0.26, -0.70, -0.40, -33.32, 5.40, 29.35
0.21, -0.73, -0.45, -31.20, -3.18, 27.65
0.10, -0.78, -0.52, -22.60, -13.71, 16.98
-0.09, -0.85, -0.59, -11.68, -20.46, 1.96
-0.25, -0.92, -0.66, -5.40, -14.43, -12.75
-0.24, -0.95, -0.65, 0.57, 12.17, -19.29
-0.06, -0.91, -0.58, 6.54, 5.76, -28.45
0.11, -0.86, -0.54, 10.54, -5.41, -28.98
0.23, -0.85, -0.52, 8.68, -13.03, -26.44
0.31, -0.83, -0.49, 5.12, -6.69, -19.35
0.35, -0.78, -0.44, -1.33, 4.09, -12.30
0.37, -0.73, -0.37, -9.98, 5.40, -7.52
0.38, -0.70, -0.33, -16.43, 9.10, 2.66
0.39, -0.68, -0.34, -23.30, 9.85, 12.60
0.36, -0.68, -0.36, -30.76, 11.60, 18.41
0.29, -0.70, -0.39, -33.07, 12.66, 22.53
0.23, -0.69, -0.42, -32.21, 11.13, 26.33
0.21, -0.71, -0.45, -29.13, 5.49, 27.67
0.17, -0.77, -0.49, -25.52, -0.56, 23.83
0.08, -0.83, -0.56, -18.99, -7.22, 15.01
-0.07, -0.88, -0.57, -9.60, -13.13, 0.16
-0.16, -0.94, -0.62, -3.69, -6.64, -11.81
-0.13, -0.96, -0.62, 1.37, 6.56, -17.91
-0.02, -0.92, -0.56, 6.25, 2.26, -24.88
0.10, -0.85, -0.52, 8.40, 1.30, -25.24
0.20, -0.84, -0.49, 5.32, -1.71, -22.05
0.28, -0.81, -0.45, -0.84, 3.88, -15.15
0.35, -0.76, -0.41, -6.49, 9.81, -5.77
0.40, -0.71, -0.35, -15.12, 11.80, 1.21
0.40, -0.68, -0.31, -22.07, 9.43, 9.76
0.37, -0.68, -0.33, -28.88, 7.54, 17.24
0.30, -0.70, -0.38, -34.94, 12.90, 22.41
0.22, -0.70, -0.41, -35.46, 13.50, 25.34
0.19, -0.70, -0.43, -33.03, 11.37, 28.25
0.19, -0.76, -0.49, -29.22, -2.34, 24.03
0.07, -0.82, -0.54, -19.04, -20.40, 13.68
-0.09, -0.88, -0.60, -8.23, -25.94, -2.16
-0.21, -0.94, -0.67, -1.50, -12.03, -13.04
-0.21, -0.94, -0.63, 2.09, 11.51, -22.71
-0.07, -0.89, -0.58, 7.61, 10.02, -29.47
0.09, -0.83, -0.54, 9.54, 5.65, -28.76
0.22, -0.83, -0.51, 7.12, -3.89, -26.95
0.27, -0.82, -0.47, 1.15, -1.77, -17.29
0.35, -0.76, -0.43, -4.45, 5.89, -8.02
0.40, -0.71, -0.37, -12.18, 13.07, 2.16
0.42, -0.67, -0.32, -20.52, 14.59, 11.62
0.40, -0.66, -0.33, -27.96, 16.51, 20.61
0.33, -0.69, -0.37, -34.29, 19.03, 26.08
0.24, -0.70, -0.40, -34.13, 18.38, 29.53
0.19, -0.71, -0.44, -31.83, 12.46, 29.34
0.15, -0.76, -0.48, -24.11, 0.83, 27.45
0.08, -0.85, -0.51, -15.45, -13.29, 18.09
-0.06, -0.93, -0.55, -8.12, -18.84, 3.89
-0.20, -0.95, -0.60, -2.47, -4.08, -11.28
-0.20, -0.96, -0.57, 1.35, 14.91, -21.97
-0.03, -0.94, -0.52, 4.39, 6.97, -27.85
0.13, -0.90, -0.51, 7.73, -10.80, -26.86
0.23, -0.87, -0.52, 7.27, -15.49, -24.47
0.26, -0.84, -0.50, 2.75, -6.62, -22.26
0.27, -0.79, -0.45, -2.81, 2.93, -15.82
0.32, -0.73, -0.40, -10.36, 11.79, -6.33
0.39, -0.68, -0.37, -17.06, 15.85, 3.01
0.40, -0.64, -0.36, -23.74, 12.96, 12.49
0.34, -0.64, -0.37, -28.83, 15.40, 19.85
0.26, -0.67, -0.40, -33.40, 18.75, 22.20
0.18, -0.69, -0.43, -33.19, 15.45, 24.55
0.14, -0.72, -0.48, -28.02, 2.34, 24.90
0.09, -0.78, -0.52, -20.65, -12.35, 18.90
-0.01, -0.87, -0.57, -10.83, -20.77, 5.95
-0.14, -0.94, -0.60, -5.28, -12.50, -7.18
-0.21, -0.97, -0.60, -2.21, 10.19, -17.12
-0.12, -0.93, -0.56, 2.07, 12.92, -28.20
0.06, -0.88, -0.52, 6.12, 5.79, -29.13
0.20, -0.86, -0.51, 6.17, -3.55, -27.16
0.27, -0.83, -0.48, 1.05, -1.29, -20.34
0.33, -0.78, -0.41, -5.95, 8.34, -10.95
0.39, -0.71, -0.35, -13.22, 10.66, -2.33
0.42, -0.67, -0.32, -19.17, 9.09, 5.68
0.38, -0.65, -0.34, -24.97, 6.85, 13.34
0.31, -0.66, -0.36, -29.21, 10.23, 18.21
0.23, -0.69, -0.38, -30.84, 11.96, 23.06
0.19, -0.71, -0.42, -30.84, 10.38, 27.31
0.17, -0.73, -0.45, -28.96, 2.33, 27.56
0.14, -0.76, -0.49, -21.03, -6.49, 22.43
0.04, -0.84, -0.53, -13.78, -13.36, 11.08
-0.12, -0.96, -0.58, -10.14, -10.31, -1.87
-0.16, -1.02, -0.61, -7.88, 5.50, -12.77
-0.09, -0.98, -0.60, -3.33, 16.86, -20.28
0.05, -0.90, -0.57, 1.94, 9.48, -25.47
0.16, -0.85, -0.55, 4.52, 3.46, -24.18
0.21, -0.84, -0.51, 0.96, 0.35, -21.67
0.24, -0.80, -0.46, -4.06, 6.56, -14.89
0.29, -0.73, -0.41, -10.82, 10.66, -7.33
0.36, -0.67, -0.34, -16.76, 11.13, 1.19
0.39, -0.66, -0.30, -22.13, 5.56, 9.43
0.35, -0.68, -0.32, -28.35, 8.93, 16.21
0.28, -0.70, -0.36, -32.30, 17.20, 22.18
0.22, -0.71, -0.38, -33.18, 15.00, 25.25
0.20, -0.73, -0.42, -29.67, 4.18, 27.04
0.17, -0.77, -0.46, -23.44, -10.17, 23.42
0.09, -0.86, -0.51, -13.50, -24.20, 12.73
-0.06, -0.94, -0.57, -6.35, -24.89, -0.63
-0.21, -0.98, -0.61, -4.51, -1.24, -14.14
-0.19, -0.95, -0.59, -2.00, 24.32, -22.51
-0.01, -0.88, -0.55, 1.23, 18.96, -27.01
0.15, -0.83, -0.53, 0.01, 13.61, -23.72
0.23, -0.81, -0.49, -5.47, 7.48, -21.48
0.26, -0.78, -0.43, -13.44, 7.43, -14.27
0.32, -0.74, -0.37, -19.29, 1.53, -6.72
0.39, -0.70, -0.36, -22.47, -4.68, 4.21
0.41, -0.66, -0.38, -27.43, -1.90, 13.31
0.35, -0.66, -0.41, -33.48, 9.45, 19.82
0.26, -0.69, -0.44, -32.96, 12.50, 24.60
0.21, -0.73, -0.46, -27.06, 0.49, 22.87
0.13, -0.80, -0.54, -14.53, -14.85, 15.59
-0.01, -0.87, -0.62, -5.49, -12.16, 2.35
-0.18, -0.96, -0.63, -2.33, -9.32, -14.13
-0.21, -0.99, -0.59, 1.82, 17.48, -19.68
-0.05, -0.93, -0.57, 3.75, 17.75, -30.20
0.07, -0.87, -0.52, 5.53, 15.13, -31.13
0.19, -0.85, -0.48, 0.83, 7.43, -30.70
0.27, -0.83, -0.44, -4.40, 1.58, -23.92
0.33, -0.77, -0.40, -9.26, -1.99, -15.24
0.38, -0.70, -0.36, -13.67, -3.73, -7.36
0.41, -0.65, -0.36, -18.70, 1.74, 3.13
0.37, -0.63, -0.36, -25.35, 12.16, 11.28
0.30, -0.64, -0.37, -32.52, 23.61, 19.24
0.27, -0.66, -0.40, -34.08, 24.09, 23.79
0.24, -0.69, -0.45, -29.17, 8.65, 26.09
0.19, -0.75, -0.49, -21.96, -9.78, 21.98
0.08, -0.85, -0.53, -11.79, -31.80, 10.29
-0.09, -0.94, -0.60, -2.88, -26.24, -2.66
-0.20, -0.98, -0.62, -2.73, 1.85, -13.90
-0.15, -0.96, -0.55, -1.90, 23.02, -23.47
0.02, -0.90, -0.51, -1.33, 18.99, -26.59
0.19, -0.87, -0.49, -1.04, 5.63, -25.64
0.28, -0.86, -0.46, -4.18, -3.25, -21.44
0.32, -0.82, -0.44, -8.99, -6.42, -16.88
0.35, -0.75, -0.41, -14.26, -4.73, -8.53
0.34, -0.68, -0.38, -19.12, 1.13, -2.30
0.33, -0.65, -0.37, -22.12, 6.03, 6.88
0.32, -0.63, -0.40, -25.25, 7.30, 13.01
0.28, -0.65, -0.44, -27.66, 10.86, 17.97
0.24, -0.67, -0.45, -26.73, 5.59, 21.93
0.21, -0.70, -0.46, -22.33, -4.07, 25.49
0.18, -0.75, -0.48, -16.79, -12.92, 22.91
0.09, -0.85, -0.52, -9.27, -24.65, 13.56
-0.05, -0.93, -0.59, -3.77, -19.68, 1.37
-0.16, -0.97, -0.62, -3.03, 2.26, -12.87
-0.13, -0.96, -0.59, -2.66, 18.58, -22.22
0.03, -0.90, -0.55, -2.11, 16.57, -28.09
0.15, -0.87, -0.52, -1.12, 11.32, -27.90
0.25, -0.85, -0.49, -2.30, 1.86, -24.98
0.30, -0.81, -0.46, -4.44, -1.59, -17.06
0.35, -0.73, -0.43, -6.67, -2.47, -10.00
0.36, -0.68, -0.41, -12.21, -1.45, -3.33
0.33, -0.65, -0.36, -20.35, 4.71, 5.33
0.31, -0.65, -0.34, -25.35, 9.86, 11.43
0.30, -0.66, -0.37, -29.10, 13.39, 16.15
0.26, -0.68, -0.40, -29.78, 11.08, 20.99
0.22, -0.73, -0.42, -28.22, 5.21, 23.40
0.20, -0.78, -0.45, -26.54, -4.63, 22.88
0.15, -0.84, -0.48, -19.69, -15.79, 17.75
0.06, -0.90, -0.55, -10.38, -18.78, 6.66
-0.05, -0.94, -0.61, -5.66, -9.05, -6.77
-0.13, -0.97, -0.61, -4.97, 14.66, -15.70
-0.07, -0.95, -0.56, -4.04, 21.44, -23.45
0.05, -0.88, -0.54, -1.65, 13.47, -28.00
0.17, -0.84, -0.52, -0.75, 1.76, -27.21
0.24, -0.82, -0.48, -2.72, -5.37, -23.99
0.29, -0.77, -0.45, -5.69, -3.20, -15.85
0.33, -0.71, -0.41, -10.39, -2.35, -9.53
0.35, -0.66, -0.39, -16.31, 4.49, 0.02
0.34, -0.64, -0.37, -23.46, 12.37, 8.16
0.32, -0.65, -0.37, -27.66, 15.57, 13.41
0.29, -0.67, -0.39, -32.19, 17.92, 17.69
0.25, -0.70, -0.41, -31.54, 14.42, 21.38
0.23, -0.75, -0.43, -31.79, 9.20, 23.28
0.22, -0.81, -0.46, -29.77, -2.56, 23.80
0.17, -0.86, -0.50, -23.26, -14.79, 18.29
0.07, -0.89, -0.57, -12.30, -17.88, 7.04
-0.05, -0.90, -0.64, -5.29, -8.78, -6.05
-0.14, -0.92, -0.65, -1.18, 11.02, -17.96
-0.11, -0.91, -0.61, 2.02, 19.63, -25.63
0.01, -0.88, -0.56, 3.91, 15.10, -30.21
0.15, -0.86, -0.52, 2.01, 6.68, -28.92
0.25, -0.82, -0.48, -0.38, -1.07, -22.91
0.36, -0.75, -0.45, -4.42, 2.46, -12.48
0.43, -0.68, -0.40, -10.37, 2.74, -4.13
0.41, -0.65, -0.36, -18.94, 8.79, 6.96
0.37, -0.64, -0.35, -25.40, 16.18, 14.58
0.32, -0.65, -0.39, -31.53, 20.22, 20.02
0.25, -0.67, -0.42, -33.64, 21.63, 21.43
0.20, -0.69, -0.43, -31.79, 11.04, 25.12
0.20, -0.74, -0.46, -28.43, 3.49, 26.73
0.18, -0.79, -0.53, -24.78, -6.97, 25.21
0.10, -0.82, -0.55, -12.78, -11.30, 17.81
-0.01, -0.85, -0.60, -5.05, -15.07, 5.54
-0.12, -0.92, -0.63, 0.34, 2.18, -5.93
-0.14, -0.94, -0.60, -0.01, 22.06, -16.30
-0.02, -0.91, -0.56, 2.29, 23.65, -22.33
0.14, -0.86, -0.53, 1.84, 15.57, -21.12
0.26, -0.83, -0.49, -4.62, 10.21, -18.10
0.32, -0.79, -0.45, -8.10, 7.10, -9.63
0.40, -0.74, -0.41, -12.42, 7.91, 1.51
0.47, -0.69, -0.38, -17.67, 11.94, 11.89
0.44, -0.68, -0.36, -25.02, 17.57, 18.23
0.35, -0.70, -0.35, -34.42, 26.35, 24.88
0.27, -0.71, -0.37, -37.58, 24.59, 29.37
0.23, -0.70, -0.41, -36.12, 11.19, 32.88
0.21, -0.73, -0.46, -27.52, -13.09, 27.53
0.12, -0.79, -0.57, -14.26, -37.64, 20.68
-0.05, -0.83, -0.67, -5.60, -21.29, 4.11
-0.28, -0.88, -0.65, -3.80, -1.90, -13.24
-0.29, -0.92, -0.61, -0.88, 31.19, -18.15
-0.03, -0.91, -0.57, 2.00, 27.45, -22.15
0.17, -0.85, -0.53, 4.07, 15.48, -20.09
0.30, -0.82, -0.50, 2.96, 1.87, -15.76
0.35, -0.79, -0.48, -0.52, -2.95, -9.14
0.37, -0.75, -0.44, -5.37, 2.98, -0.09
0.37, -0.71, -0.39, -10.53, 9.14, 7.89
0.34, -0.70, -0.35, -20.79, 19.78, 14.88
0.30, -0.71, -0.32, -29.53, 24.23, 20.55
0.27, -0.71, -0.34, -32.41, 25.23, 25.16
0.27, -0.70, -0.39, -31.66, 10.21, 26.24
0.23, -0.73, -0.44, -28.02, 0.79, 24.29
0.09, -0.81, -0.47, -27.63, -9.32, 17.99
-0.02, -0.86, -0.50, -24.24, -14.19, 9.56
-0.09, -0.86, -0.60, -13.26, -8.87, -1.22
-0.09, -0.86, -0.66, -6.85, -4.28, -9.07
-0.04, -0.90, -0.62, -4.02, 9.80, -12.70
0.06, -0.87, -0.59, 1.08, 9.16, -16.05
0.16, -0.81, -0.56, 3.91, 10.87, -14.65
0.24, -0.80, -0.52, 1.53, 12.56, -9.14
0.31, -0.78, -0.48, -3.15, 19.43, -1.63
0.35, -0.73, -0.43, -8.81, 25.12, 7.42
0.37, -0.70, -0.38, -16.74, 28.27, 14.64
0.35, -0.72, -0.34, -25.95, 24.12, 19.48
0.30, -0.74, -0.34, -30.03, 16.33, 23.50
0.25, -0.75, -0.38, -30.20, 6.51, 22.47
0.14, -0.78, -0.44, -27.74, -6.90, 15.90
0.03, -0.83, -0.51, -22.93, -12.60, 7.15
-0.07, -0.85, -0.58, -12.43, -16.12, -5.24
-0.14, -0.85, -0.65, -6.85, -6.24, -13.53
-0.09, -0.87, -0.61, -1.32, 2.90, -17.87
0.03, -0.86, -0.56, 4.79, -0.10, -21.46
0.14, -0.82, -0.56, 6.63, -0.30, -20.93
0.21, -0.80, -0.53, 6.79, 3.74, -16.42
0.29, -0.77, -0.48, 2.54, 10.41, -9.03
0.34, -0.73, -0.43, -5.02, 16.41, -1.64
0.37, -0.71, -0.39, -12.87, 22.19, 6.47
0.37, -0.71, -0.36, -21.92, 21.44, 12.39
0.33, -0.74, -0.35, -28.89, 20.24, 16.85
0.28, -0.76, -0.38, -30.95, 11.88, 19.91
0.21, -0.78, -0.44, -27.54, 1.29, 17.78
0.12, -0.82, -0.52, -18.51, -13.50, 8.62
-0.03, -0.85, -0.60, -9.66, -17.18, -2.34
-0.15, -0.88, -0.63, -4.62, -3.24, -12.89
-0.15, -0.89, -0.59, -0.28, 10.10, -21.01
-0.03, -0.86, -0.54, 3.95, 7.45, -25.88
0.13, -0.84, -0.53, 7.11, 1.18, -23.33
0.25, -0.82, -0.50, 7.79, 0.51, -19.99
0.30, -0.80, -0.46, 4.92, 0.36, -16.02
0.30, -0.77, -0.43, -0.63, 2.02, -12.12
0.30, -0.75, -0.39, -7.07, 10.97, -6.81
0.32, -0.73, -0.36, -15.57, 16.20, 1.07
0.35, -0.71, -0.34, -21.08, 16.94, 10.53
0.37, -0.69, -0.35, -25.16, 13.81, 18.20
0.34, -0.69, -0.39, -26.09, 11.88, 24.14
0.27, -0.70, -0.42, -24.25, 8.75, 26.18
0.21, -0.73, -0.44, -24.54, 10.62, 26.40
0.13, -0.80, -0.45, -22.68, 6.14, 21.89
0.02, -0.86, -0.50, -16.92, -1.30, 9.62
-0.09, -0.92, -0.54, -11.59, -6.67, -3.68
-0.14, -0.97, -0.57, -9.40, -1.92, -14.06
-0.07, -0.95, -0.56, -5.54, -4.12, -23.74
0.04, -0.85, -0.54, 1.17, -8.74, -27.01
0.14, -0.84, -0.54, 2.88, -11.97, -26.93
0.20, -0.83, -0.50, 0.33, -6.73, -22.89
0.25, -0.80, -0.46, -1.85, -2.78, -18.78
0.30, -0.74, -0.42, -3.60, -5.92, -15.37
0.31, -0.71, -0.42, -6.82, -3.41, -8.80
0.33, -0.69, -0.42, -11.36, 5.69, 1.54
0.34, -0.68, -0.40, -15.47, 12.08, 7.79
0.33, -0.67, -0.40, -19.95, 16.97, 13.65
0.30, -0.70, -0.41, -22.11, 21.85, 20.21
0.29, -0.73, -0.43, -24.46, 19.93, 25.58
0.26, -0.76, -0.45, -25.72, 15.49, 27.65
0.21, -0.81, -0.46, -21.79, 3.44, 23.76
0.12, -0.86, -0.52, -16.84, -5.04, 12.85
-0.05, -0.91, -0.57, -10.18, -7.14, -0.90
-0.19, -0.95, -0.60, -6.05, 3.73, -14.48
-0.18, -0.95, -0.59, -1.86, 18.78, -21.30
-0.03, -0.89, -0.54, 0.88, 16.50, -25.25
0.15, -0.82, -0.50, 1.41, 14.80, -21.90
0.29, -0.77, -0.43, -2.74, 15.96, -13.83
0.39, -0.70, -0.37, -9.27, 14.66, -5.68
0.41, -0.67, -0.32, -15.41, 14.24, 2.85
0.37, -0.67, -0.33, -21.24, 17.50, 6.57
0.28, -0.68, -0.38, -21.58, 25.51, 9.02
0.18, -0.69, -0.43, -20.44, 34.04, 12.15
0.16, -0.73, -0.47, -18.02, 32.61, 15.44
0.20, -0.78, -0.47, -15.49, 25.25, 17.97
0.23, -0.80, -0.48, -12.38, 19.92, 17.33
0.20, -0.80, -0.49, -14.10, 22.60, 14.55
0.15, -0.82, -0.47, -17.28, 24.50, 11.92
0.15, -0.83, -0.45, -20.68, 18.94, 9.99
0.22, -0.82, -0.47, -20.00, 19.49, 13.96
0.27, -0.79, -0.49, -22.67, 17.02, 11.88
0.20, -0.77, -0.47, -23.24, 16.32, 12.08
0.16, -0.79, -0.46, -23.16, 8.88, 13.28
0.18, -0.85, -0.46, -20.58, -2.52, 12.13
0.19, -0.88, -0.46, -18.59, -5.85, 10.79
0.15, -0.87, -0.48, -17.20, -0.41, 5.84
0.10, -0.85, -0.47, -18.17, 13.29, 1.26
0.10, -0.84, -0.46, -21.09, 18.82, -0.03
0.16, -0.83, -0.47, -20.40, 13.25, -0.01
0.23, -0.80, -0.47, -19.37, 4.58, 1.40
0.25, -0.79, -0.47, -17.77, -3.40, 3.48
0.25, -0.78, -0.46, -17.88, -0.85, 4.30
0.23, -0.78, -0.45, -19.54, 4.35, 4.97
0.20, -0.76, -0.46, -19.78, 9.87, 6.59
0.18, -0.74, -0.48, -18.57, 10.02, 10.03
0.19, -0.75, -0.48, -17.94, 5.04, 12.72
0.21, -0.79, -0.48, -15.89, -4.78, 15.31
0.21, -0.80, -0.47, -15.93, -13.65, 16.02
0.19, -0.79, -0.46, -15.36, -14.82, 16.98
0.16, -0.79, -0.47, -16.07, -5.36, 15.75
0.13, -0.78, -0.48, -18.16, 5.24, 14.31
0.11, -0.78, -0.48, -19.51, 11.36, 13.40
0.12, -0.80, -0.48, -20.01, 8.79, 12.92
0.14, -0.82, -0.48, -20.03, 2.96, 11.19
0.15, -0.83, -0.48, -20.00, -5.81, 11.96
0.15, -0.84, -0.48, -18.58, -12.43, 11.36
0.15, -0.82, -0.50, -15.46, -10.89, 10.54
0.15, -0.81, -0.51, -14.33, -2.62, 8.94
0.12, -0.81, -0.51, -14.25, 5.34, 7.25
0.09, -0.82, -0.50, -14.30, 8.29, 4.74
0.09, -0.83, -0.49, -15.01, 5.59, 3.63
0.11, -0.83, -0.49, -13.32, -1.03, 2.61
0.13, -0.82, -0.49, -11.92, -8.39, 0.75
0.13, -0.81, -0.50, -10.89, -9.48, -0.38
0.11, -0.80, -0.50, -11.29, -6.49, -0.62
0.11, -0.80, -0.49, -12.80, -2.04, -1.89
0.11, -0.79, -0.48, -13.46, 0.25, -0.49
0.12, -0.78, -0.48, -13.73, 1.44, 0.18
0.13, -0.78, -0.47, -14.05, 2.02, 0.36
0.13, -0.78, -0.47, -16.11, 0.81, 0.46
0.12, -0.77, -0.46, -16.49, 0.13, 1.09
0.12, -0.77, -0.46, -17.43, -1.53, 2.72
0.11, -0.77, -0.46, -17.74, -3.79, 4.19
0.11, -0.77, -0.47, -17.03, -4.13, 4.46
0.11, -0.77, -0.47, -17.45, -6.21, 5.04
0.12, -0.77, -0.47, -17.15, -8.26, 5.65
0.11, -0.76, -0.48, -15.90, -10.29, 6.95
0.11, -0.76, -0.48, -16.04, -10.93, 8.03
0.10, -0.77, -0.48, -15.02, -13.29, 8.37
0.10, -0.78, -0.49, -14.94, -17.00, 10.10
0.10, -0.78, -0.49, -13.60, -14.80, 10.72
0.10, -0.78, -0.49, -12.47, -13.63, 9.87
0.08, -0.78, -0.50, -12.70, -10.97, 10.12
0.07, -0.78, -0.50, -12.10, -6.75, 10.24
0.07, -0.78, -0.51, -13.00, -3.94, 10.23
0.07, -0.78, -0.51, -13.89, -3.18, 9.53
0.07, -0.79, -0.51, -14.05, -4.26, 9.67
0.08, -0.78, -0.52, -14.79, -6.79, 8.56
0.08, -0.79, -0.51, -16.92, -7.53, 7.70
0.08, -0.80, -0.50, -19.09, -4.15, 7.11
0.07, -0.80, -0.50, -21.07, 0.86, 6.54
0.06, -0.80, -0.51, -21.27, 2.36, 5.82
0.06, -0.80, -0.52, -22.24, 3.80, 7.21
0.07, -0.80, -0.52, -20.96, 2.43, 7.33
0.08, -0.79, -0.53, -19.60, 1.19, 6.27
0.07, -0.79, -0.52, -18.00, 1.59, 6.59
0.06, -0.79, -0.52, -17.23, 2.60, 5.51
0.05, -0.79, -0.51, -17.54, 1.66, 4.93
0.05, -0.79, -0.51, -16.31, 0.89, 5.23
0.05, -0.80, -0.51, -15.98, 0.48, 5.68
0.04, -0.79, -0.50, -14.74, 0.30, 4.63
0.04, -0.78, -0.50, -14.27, 0.84, 4.23
0.03, -0.77, -0.50, -14.94, 1.46, 3.21
0.03, -0.77, -0.50, -15.16, 2.38, 2.99
0.04, -0.77, -0.50, -14.30, 2.48, 2.12
0.04, -0.78, -0.50, -14.03, 3.19, 1.69
0.04, -0.78, -0.50, -13.87, 1.44, 2.81
0.05, -0.79, -0.50, -12.90, 0.46, 1.85
0.05, -0.79, -0.50, -13.07, -0.30, 1.57
0.05, -0.78, -0.50, -12.88, 0.11, 1.02
0.04, -0.79, -0.51, -13.50, 0.92, 2.25
0.04, -0.78, -0.51, -12.88, 2.18, 1.20
0.03, -0.78, -0.52, -12.75, 2.33, 1.49
0.04, -0.78, -0.52, -12.93, 2.91, 0.30
0.04, -0.78, -0.52, -12.79, 1.59, 0.51
0.04, -0.78, -0.52, -12.69, 1.11, -1.63
0.04, -0.78, -0.51, -12.80, 1.96, -0.84
0.04, -0.78, -0.52, -13.20, 3.06, -0.18
0.04, -0.77, -0.52, -13.67, 4.34, -0.55
0.04, -0.77, -0.52, -14.00, 6.24, -0.43
0.04, -0.77, -0.52, -14.65, 5.12, -2.24
0.04, -0.77, -0.52, -14.17, 4.62, -1.60
0.04, -0.78, -0.52, -13.53, 3.07, -1.47
0.04, -0.78, -0.52, -12.86, 2.37, -2.32
0.04, -0.78, -0.53, -12.55, 4.04, -2.77
0.04, -0.77, -0.52, -13.32, 4.91, -2.97
0.02, -0.78, -0.51, -14.23, 7.03, -4.97
0.02, -0.79, -0.50, -15.04, 6.40, -5.02
0.02, -0.79, -0.51, -15.03, 4.52, -9.03
0.03, -0.78, -0.53, -12.82, 0.34, -9.49
0.03, -0.77, -0.55, -9.49, -1.43, -10.62
0.04, -0.79, -0.54, -9.21, -0.25, -11.93
0.04, -0.81, -0.52, -9.91, 3.87, -14.68
0.04, -0.81, -0.51, -9.66, 7.18, -17.76
0.04, -0.80, -0.51, -10.35, 9.23, -19.01
0.06, -0.81, -0.51, -10.66, 9.19, -19.85
0.07, -0.81, -0.52, -9.21, 7.23, -20.53
0.07, -0.80, -0.53, -8.88, 4.07, -22.73
0.08, -0.80, -0.53, -8.52, 1.41, -23.80
0.07, -0.81, -0.53, -9.37, 3.57, -25.60
0.07, -0.80, -0.53, -8.86, 8.33, -25.94
0.08, -0.78, -0.52, -9.20, 13.61, -26.47
0.09, -0.78, -0.52, -9.46, 15.78, -26.41
0.10, -0.77, -0.51, -9.00, 13.78, -26.04
0.12, -0.78, -0.51, -9.10, 8.21, -24.85
0.14, -0.78, -0.52, -8.06, 1.81, -23.07
0.14, -0.79, -0.51, -6.79, -0.68, -23.02
0.12, -0.79, -0.51, -6.40, 3.21, -22.83
0.10, -0.79, -0.51, -6.05, 9.86, -24.44
0.11, -0.79, -0.51, -5.08, 10.04, -24.64
0.11, -0.79, -0.50, -4.12, 5.72, -26.34
0.12, -0.80, -0.51, -1.79, -5.18, -27.45
0.13, -0.80, -0.53, 1.23, -9.75, -25.89
0.15, -0.81, -0.52, 3.47, -13.67, -25.78
0.15, -0.82, -0.51, 5.82, -8.79, -27.21
0.13, -0.82, -0.50, 4.82, 3.30, -27.57
0.13, -0.81, -0.48, 4.79, 14.19, -28.67
0.13, -0.81, -0.47, 2.54, 20.74, -29.25
0.15, -0.80, -0.47, 3.62, 20.05, -28.69
0.18, -0.80, -0.45, 4.66, 12.97, -26.74
0.20, -0.80, -0.44, 5.88, 4.34, -26.59
0.22, -0.81, -0.44, 7.64, -5.96, -27.00
0.21, -0.81, -0.44, 8.76, -13.40, -26.18
0.20, -0.80, -0.44, 10.00, -12.91, -27.18
0.19, -0.79, -0.43, 9.37, -6.27, -26.94
0.20, -0.79, -0.42, 9.76, 2.94, -25.88
0.22, -0.78, -0.40, 10.94, 6.62, -25.28
0.22, -0.77, -0.40, 11.70, 7.22, -24.64
0.21, -0.77, -0.40, 11.95, 4.25, -24.43
0.22, -0.77, -0.39, 11.03, -0.87, -23.52
0.26, -0.78, -0.40, 11.33, -5.21, -20.38
0.28, -0.78, -0.40, 10.64, -6.07, -17.62
0.28, -0.78, -0.39, 9.29, -0.09, -14.63
0.27, -0.79, -0.36, 5.25, 4.52, -12.79
0.27, -0.80, -0.36, 2.95, 2.16, -11.06
0.28, -0.80, -0.37, 0.48, -1.41, -7.91
0.30, -0.80, -0.38, -0.75, -1.59, -5.16
0.30, -0.80, -0.38, -2.88, -0.11, -2.22
0.30, -0.80, -0.38, -4.44, 1.47, -0.24
0.31, -0.79, -0.38, -7.00, 6.59, 5.93
0.34, -0.78, -0.38, -10.49, 12.92, 9.78
0.34, -0.77, -0.37, -14.40, 20.19, 13.68
0.34, -0.77, -0.38, -19.94, 22.27, 15.67
0.33, -0.79, -0.39, -22.08, 18.17, 20.80
0.31, -0.81, -0.41, -21.62, 10.05, 21.42
0.28, -0.83, -0.42, -20.70, 1.94, 17.22
0.21, -0.85, -0.44, -16.26, -7.12, 11.37
0.13, -0.88, -0.46, -10.39, -14.27, 2.30
0.06, -0.92, -0.48, -4.75, -14.38, -6.31
0.01, -0.96, -0.48, -2.64, -10.27, -16.26
-0.01, -0.96, -0.46, -1.07, -5.83, -26.55
0.04, -0.91, -0.45, 1.59, -2.85, -31.54
0.16, -0.82, -0.44, 2.09, 4.80, -28.86
0.31, -0.76, -0.39, -0.04, 13.77, -19.17
0.45, -0.71, -0.33, -4.18, 14.21, -10.23
0.51, -0.67, -0.33, -8.98, 16.25, 2.50
0.51, -0.65, -0.33, -15.29, 22.82, 13.06
0.48, -0.67, -0.34, -21.32, 27.38, 20.71
0.40, -0.72, -0.35, -28.77, 28.52, 27.45
0.36, -0.76, -0.35, -31.79, 20.11, 31.88
0.33, -0.78, -0.36, -28.18, 1.56, 35.02
0.26, -0.80, -0.41, -21.10, -13.36, 32.74
0.12, -0.87, -0.46, -13.49, -17.89, 22.35
-0.03, -0.95, -0.45, -10.38, -13.99, 7.09
-0.13, -0.99, -0.46, -6.79, -0.46, -9.46
-0.11, -0.97, -0.46, -4.59, 18.30, -20.20
0.02, -0.91, -0.41, -3.16, 23.17, -26.82
0.17, -0.87, -0.36, -7.13, 14.51, -24.28
0.34, -0.82, -0.36, -6.98, 3.87, -18.41
0.44, -0.77, -0.36, -8.67, -0.86, -7.57
0.50, -0.74, -0.37, -11.48, 7.49, 3.24
0.52, -0.74, -0.35, -17.05, 14.63, 13.83
0.49, -0.76, -0.32, -23.96, 24.07, 21.46
0.43, -0.78, -0.32, -28.64, 28.52, 25.75
0.37, -0.79, -0.35, -29.51, 22.71, 28.75
0.32, -0.82, -0.38, -25.94, 7.02, 27.25
0.24, -0.88, -0.41, -20.68, -14.92, 19.92
0.10, -0.96, -0.45, -16.19, -19.36, 9.65
-0.04, -0.98, -0.47, -10.61, -16.61, -9.11
-0.15, -0.96, -0.46, -10.26, 2.59, -19.44
-0.09, -0.94, -0.45, -7.71, 21.33, -28.45
0.05, -0.87, -0.44, -3.89, 18.60, -34.84
0.15, -0.81, -0.43, 1.06, 9.90, -32.53
0.25, -0.77, -0.42, 1.25, -0.85, -25.36
0.35, -0.73, -0.41, 0.96, -1.07, -12.66
0.45, -0.67, -0.39, -1.83, 6.87, -0.47
0.50, -0.64, -0.34, -9.59, 15.73, 10.61
0.50, -0.64, -0.28, -18.08, 23.52, 21.35
0.46, -0.68, -0.27, -27.00, 29.56, 30.87
0.42, -0.71, -0.30, -31.51, 27.19, 37.54
0.37, -0.76, -0.31, -33.04, 10.82, 40.82
0.31, -0.84, -0.35, -28.58, -8.69, 38.77
0.21, -0.94, -0.41, -21.31, -26.57, 29.22
0.04, -1.03, -0.44, -18.98, -28.93, 9.43
-0.17, -1.07, -0.47, -13.13, -11.24, -11.18
-0.21, -1.03, -0.50, -9.36, 17.18, -26.94
-0.06, -0.96, -0.49, -5.51, 28.99, -35.57
0.11, -0.90, -0.45, -1.32, 24.22, -36.95
0.25, -0.85, -0.43, 0.33, 10.20, -36.16
0.30, -0.82, -0.42, 0.13, -2.83, -30.77
0.34, -0.77, -0.39, -1.79, -9.07, -22.41
0.40, -0.71, -0.38, -4.84, -0.81, -10.22
0.47, -0.66, -0.35, -8.71, 8.54, 0.95
0.50, -0.63, -0.32, -15.84, 21.62, 15.45
0.50, -0.64, -0.31, -23.02, 28.02, 25.76
0.45, -0.68, -0.30, -29.27, 33.01, 34.00
0.39, -0.73, -0.31, -32.43, 25.45, 39.66
0.34, -0.78, -0.32, -31.34, 8.67, 41.42
0.29, -0.87, -0.33, -25.98, -16.47, 37.74
0.17, -0.98, -0.39, -21.81, -35.46, 25.25
-0.07, -1.03, -0.45, -15.64, -35.36, 3.14
-0.27, -1.02, -0.51, -9.13, -9.69, -19.28
-0.28, -0.99, -0.52, -5.14, 20.44, -35.38
-0.07, -0.91, -0.50, 1.63, 24.39, -42.27
0.13, -0.85, -0.47, 5.81, 17.05, -42.02
0.31, -0.82, -0.43, 5.30, -1.69, -39.80
0.37, -0.78, -0.41, 5.12, -11.86, -27.25
0.49, -0.72, -0.41, 2.92, -0.21, -9.44
0.61, -0.68, -0.38, -2.12, 12.23, 6.68
0.61, -0.65, -0.29, -12.40, 21.53, 18.33
0.53, -0.68, -0.24, -22.31, 31.83, 31.37
0.45, -0.72, -0.26, -31.04, 38.01, 38.08
0.36, -0.74, -0.28, -36.16, 29.04, 39.59
0.30, -0.79, -0.29, -36.85, 12.27, 41.83
0.26, -0.86, -0.33, -33.72, -15.39, 37.03
0.16, -0.93, -0.39, -25.43, -37.13, 24.88
-0.05, -0.99, -0.43, -17.59, -43.01, 4.40
-0.24, -1.02, -0.50, -11.61, -20.27, -17.20
-0.28, -0.99, -0.51, -8.32, 16.08, -31.83
-0.11, -0.91, -0.48, -2.73, 26.33, -38.52
0.13, -0.85, -0.47, 2.37, 21.29, -36.81
0.30, -0.83, -0.46, 3.75, 6.57, -33.34
0.38, -0.80, -0.42, 2.95, -4.21, -24.27
0.45, -0.77, -0.39, 1.24, -6.11, -10.99
0.53, -0.72, -0.37, -2.84, 3.19, 5.13
0.59, -0.69, -0.34, -10.60, 17.43, 17.87
0.51, -0.68, -0.27, -23.24, 30.72, 24.64
0.40, -0.71, -0.25, -33.78, 44.29, 32.28
0.34, -0.75, -0.26, -40.28, 39.02, 35.82
0.31, -0.78, -0.29, -39.73, 10.33, 36.58
0.27, -0.86, -0.34, -30.92, -31.14, 33.63
0.19, -0.96, -0.41, -21.43, -50.30, 22.47
-0.08, -1.03, -0.47, -10.95, -56.57, -4.41
-0.34, -1.08, -0.51, -8.37, -14.58, -25.21
-0.32, -1.06, -0.52, -5.67, 23.03, -43.99
-0.14, -0.94, -0.51, 1.04, 30.70, -52.00
0.12, -0.89, -0.50, 5.76, 22.63, -52.77
0.30, -0.86, -0.47, 5.70, 1.05, -46.50
0.45, -0.79, -0.44, 5.19, -1.19, -28.28
0.60, -0.68, -0.42, 1.40, 8.45, -7.41
0.68, -0.60, -0.35, -5.46, 18.12, 7.12
0.61, -0.56, -0.26, -16.88, 29.12, 20.71
0.48, -0.58, -0.25, -29.39, 37.72, 32.73
0.37, -0.64, -0.28, -38.85, 43.25, 38.77
0.25, -0.68, -0.29, -41.80, 29.92, 40.21
0.16, -0.72, -0.31, -36.40, -5.76, 38.65
0.19, -0.82, -0.35, -26.10, -34.70, 34.21
0.10, -0.95, -0.44, -15.97, -56.38, 16.34
-0.14, -1.01, -0.51, -12.65, -29.10, -2.40
-0.30, -1.04, -0.51, -9.30, 9.70, -21.74
-0.18, -1.02, -0.49, -1.89, 35.88, -32.16
0.09, -0.96, -0.49, 5.98, 23.50, -38.79
0.27, -0.92, -0.46, 9.35, 6.99, -38.07
0.36, -0.90, -0.42, 11.70, -10.37, -37.02
0.37, -0.84, -0.40, 10.69, -16.22, -32.19
0.39, -0.76, -0.40, 6.52, -17.73, -14.85
0.51, -0.69, -0.41, -1.68, 35.09, 6.01
0.62, -0.63, -0.27, -11.44, 26.58, 8.53
0.56, -0.64, -0.14, -21.53, 28.99, 26.77
0.52, -0.70, -0.21, -33.15, 28.65, 35.10
0.41, -0.73, -0.26, -38.97, 27.03, 40.03
0.29, -0.76, -0.26, -39.99, 20.92, 40.82
0.29, -0.83, -0.31, -34.19, -0.80, 44.13
0.27, -0.92, -0.40, -27.83, -29.72, 36.91
0.09, -0.97, -0.45, -18.67, -36.29, 21.23
-0.16, -0.99, -0.50, -11.65, -19.98, -0.74
-0.30, -1.00, -0.55, -6.97, 4.02, -23.11
-0.23, -0.97, -0.54, -1.61, 27.81, -33.60
-0.03, -0.90, -0.50, 3.90, 24.52, -39.86
0.15, -0.85, -0.47, 6.91, 17.94, -42.45
0.28, -0.84, -0.43, 6.06, 5.13, -40.07
0.31, -0.81, -0.41, 3.90, -1.68, -33.03
0.43, -0.77, -0.38, -0.88, -0.31, -18.81
0.55, -0.72, -0.35, -5.43, 1.05, -3.50
0.62, -0.68, -0.32, -14.02, 17.08, 12.29
0.59, -0.67, -0.27, -22.84, 30.10, 21.13
0.48, -0.71, -0.23, -33.63, 41.34, 29.65
0.38, -0.77, -0.25, -41.47, 44.51, 32.16
0.31, -0.80, -0.28, -45.35, 29.94, 35.09
0.27, -0.82, -0.30, -45.37, 2.59, 35.55
0.26, -0.88, -0.30, -36.54, -35.00, 29.64
0.17, -0.93, -0.39, -23.62, -58.12, 17.98
-0.10, -0.94, -0.53, -10.62, -45.05, -4.25
-0.34, -0.95, -0.56, -5.21, -8.59, -24.58
-0.32, -0.95, -0.54, -0.65, 27.59, -37.25
-0.07, -0.89, -0.51, 6.67, 33.16, -40.54
0.18, -0.83, -0.47, 9.55, 24.74, -36.66
0.38, -0.79, -0.41, 9.06, 9.66, -24.98
0.53, -0.74, -0.38, 7.07, 5.17, -7.68
0.62, -0.67, -0.35, 2.10, 3.11, 11.65
0.65, -0.65, -0.32, -6.65, 23.57, 27.21
0.59, -0.66, -0.26, -19.51, 30.71, 32.93
0.44, -0.71, -0.20, -30.08, 38.42, 38.78
0.34, -0.79, -0.22, -41.44, 30.16, 44.61
0.29, -0.83, -0.27, -39.14, 3.31, 44.03
0.24, -0.87, -0.38, -27.00, -32.10, 34.22
0.10, -0.93, -0.48, -15.46, -52.36, 14.84
-0.19, -1.01, -0.51, -11.86, -32.64, -4.82
-0.36, -1.00, -0.51, -8.36, 5.44, -26.22
-0.22, -0.97, -0.49, -2.39, 36.19, -35.33
0.06, -0.91, -0.46, 1.95, 30.09, -36.87
0.28, -0.88, -0.42, 2.18, 15.15, -33.60
0.37, -0.84, -0.39, 1.37, -4.88, -28.19
0.43, -0.79, -0.38, 1.24, -6.64, -15.54
0.49, -0.73, -0.38, -4.28, -0.55, -4.00
0.52, -0.70, -0.34, -12.31, 13.06, 7.31
0.52, -0.69, -0.26, -22.04, 18.98, 16.20
0.47, -0.71, -0.25, -30.29, 24.50, 25.11
0.40, -0.75, -0.29, -35.03, 25.38, 30.62
0.30, -0.78, -0.31, -35.97, 10.59, 29.09
0.21, -0.83, -0.37, -28.24, -12.36, 27.78
0.14, -0.90, -0.43, -16.61, -33.93, 12.61
-0.04, -0.98, -0.50, -6.38, -44.42, -3.44
-0.26, -1.01, -0.53, -4.10, -10.86, -21.47
-0.28, -0.96, -0.50, 0.05, 27.16, -37.87
-0.09, -0.88, -0.47, 5.86, 35.49, -42.08
0.16, -0.85, -0.43, 8.81, 19.25, -42.09
0.32, -0.84, -0.39, 6.65, -9.68, -33.49
0.44, -0.79, -0.39, 1.89, -5.51, -15.58
0.57, -0.72, -0.35, -5.44, 13.20, -1.37
0.64, -0.67, -0.24, -13.71, 10.35, 8.66
0.60, -0.68, -0.19, -24.50, 16.35, 20.44
0.51, -0.71, -0.23, -33.41, 25.62, 28.52
0.38, -0.75, -0.27, -41.12, 29.53, 32.46
0.28, -0.78, -0.29, -42.42, 20.57, 33.39
0.26, -0.82, -0.34, -38.90, -6.45, 32.38
0.26, -0.88, -0.39, -28.08, -29.14, 27.48
0.14, -0.96, -0.45, -17.34, -42.12, 13.19
-0.10, -1.02, -0.51, -10.44, -26.01, -6.47
-0.28, -1.03, -0.56, -6.85, 10.30, -22.50
-0.20, -0.98, -0.54, -0.68, 32.29, -35.28
0.03, -0.92, -0.49, 6.44, 24.30, -38.30
0.23, -0.89, -0.46, 10.37, 8.79, -38.06
0.32, -0.86, -0.43, 9.73, -7.48, -37.15
0.33, -0.82, -0.39, 8.31, -9.13, -28.29
0.39, -0.75, -0.35, -1.01, 1.27, -12.82
0.51, -0.67, -0.29, -9.13, 19.10, 2.85
0.59, -0.60, -0.21, -16.86, 14.46, 14.57
0.54, -0.60, -0.20, -26.16, 15.73, 24.54
0.43, -0.65, -0.24, -38.05, 23.07, 32.49
0.32, -0.69, -0.28, -41.65, 22.75, 36.92
0.27, -0.71, -0.32, -41.83, 14.97, 40.91
0.28, -0.79, -0.35, -36.85, -13.38, 41.79
0.27, -0.89, -0.40, -23.97, -44.08, 32.89
0.14, -1.00, -0.48, -17.62, -32.85, 22.36
-0.13, -1.04, -0.53, -14.20, -14.73, -3.46
-0.30, -1.05, -0.53, -3.81, 15.96, -19.12
-0.14, -1.03, -0.55, 1.97, 30.74, -32.46
0.07, -0.99, -0.52, 9.83, 18.69, -37.31
0.18, -0.95, -0.46, 11.14, 8.62, -42.37
0.23, -0.91, -0.43, 10.43, -2.31, -43.71
0.28, -0.84, -0.40, 7.35, -10.46, -36.96
0.43, -0.76, -0.38, -0.47, 5.62, -18.37
0.55, -0.67, -0.32, -7.76, 11.31, -7.76
0.57, -0.60, -0.21, -16.32, 10.82, 7.64
0.54, -0.59, -0.20, -25.01, 16.06, 19.51
0.46, -0.63, -0.26, -33.80, 20.03, 26.78
0.33, -0.67, -0.29, -38.19, 23.20, 32.71
0.27, -0.72, -0.32, -41.28, 12.18, 35.33
0.27, -0.78, -0.34, -35.49, -15.46, 36.73
0.27, -0.86, -0.39, -22.56, -37.97, 32.24
0.15, -0.97, -0.49, -13.64, -39.99, 16.86
-0.11, -1.02, -0.53, -10.12, -16.42, -1.22
-0.26, -1.07, -0.51, -9.13, 17.07, -17.93
-0.12, -1.04, -0.49, -5.04, 25.50, -29.50
0.12, -0.97, -0.47, 1.75, 9.28, -33.26
0.28, -0.91, -0.43, 3.58, -5.59, -35.17
0.31, -0.88, -0.39, 1.50, -14.04, -33.52
0.29, -0.82, -0.38, -0.14, -18.55, -29.58
0.30, -0.73, -0.38, -5.01, -9.91, -16.49
0.40, -0.67, -0.34, -12.85, 1.74, -4.94
0.46, -0.61, -0.27, -17.23, 0.41, 5.69
0.46, -0.60, -0.25, -20.73, 3.30, 14.51
0.38, -0.64, -0.28, -25.27, 10.60, 22.80
0.31, -0.70, -0.31, -28.54, 16.69, 28.35
0.27, -0.75, -0.34, -30.30, 8.66, 30.25
0.28, -0.81, -0.38, -26.82, -11.22, 31.26
0.28, -0.89, -0.44, -18.31, -24.17, 29.92
0.21, -0.97, -0.48, -14.08, -24.43, 17.10
0.05, -1.06, -0.48, -9.76, -18.11, 3.01
-0.08, -1.09, -0.52, -6.42, 6.39, -12.50
-0.11, -1.05, -0.52, -3.51, 27.04, -26.57
-0.03, -0.99, -0.48, 0.78, 31.75, -35.00
0.14, -0.93, -0.45, 2.49, 19.47, -37.06
0.22, -0.88, -0.41, 2.58, 3.75, -38.05
0.25, -0.82, -0.37, -0.67, -3.87, -30.85
0.32, -0.74, -0.35, -3.84, -2.22, -19.53
0.42, -0.66, -0.31, -9.95, -2.75, -9.06
0.46, -0.60, -0.27, -13.80, 2.42, 2.53
0.46, -0.58, -0.26, -21.18, 6.78, 11.89
0.43, -0.61, -0.28, -28.14, 13.60, 21.92
0.39, -0.65, -0.31, -30.96, 19.62, 29.94
0.35, -0.71, -0.34, -31.54, 16.19, 35.56
0.33, -0.77, -0.37, -29.21, 1.98, 36.32
0.31, -0.85, -0.42, -23.67, -15.54, 37.36
0.26, -0.94, -0.47, -15.53, -19.32, 29.46
0.12, -1.04, -0.48, -12.33, -13.20, 13.96
-0.08, -1.09, -0.49, -9.62, 2.09, -4.11
-0.15, -1.09, -0.51, -5.99, 19.91, -19.13
-0.08, -1.03, -0.50, -0.41, 27.64, -30.73
0.07, -0.97, -0.45, 2.51, 20.14, -36.00
0.17, -0.91, -0.42, 3.72, 8.61, -40.58
0.21, -0.85, -0.37, 2.47, -9.29, -39.36
0.25, -0.78, -0.34, -0.93, -16.64, -28.88
0.36, -0.70, -0.34, -1.70, -7.48, -16.30
0.44, -0.61, -0.31, -5.63, -9.14, -8.26
0.43, -0.58, -0.27, -10.76, -5.31, 3.22
0.43, -0.60, -0.28, -19.03, 6.18, 17.88
0.45, -0.64, -0.30, -23.20, 10.08, 28.29
0.43, -0.67, -0.32, -24.97, 10.10, 36.10
0.37, -0.73, -0.36, -26.40, 3.24, 38.63
0.31, -0.81, -0.41, -25.05, -11.03, 39.62
0.24, -0.89, -0.45, -19.33, -17.16, 36.17
0.13, -0.98, -0.50, -15.95, -16.01, 23.31
-0.01, -1.06, -0.47, -13.89, -20.95, 4.31
-0.13, -1.09, -0.50, -9.83, -1.07, -8.66
-0.13, -1.05, -0.52, -7.56, 16.76, -24.70
-0.05, -0.98, -0.47, -3.93, 20.26, -31.93
0.11, -0.93, -0.43, -2.79, 4.30, -33.89
0.24, -0.86, -0.40, -2.25, -23.59, -33.09
0.27, -0.81, -0.37, -2.46, -49.05, -30.97
0.29, -0.76, -0.37, -3.31, -46.95, -19.38
0.35, -0.70, -0.37, -7.27, -48.57, -14.98
0.31, -0.63, -0.31, -12.83, -40.85, -8.21
0.32, -0.62, -0.27, -19.54, -53.08, -0.04
0.35, -0.64, -0.31, -19.70, -64.00, 11.02
0.35, -0.66, -0.37, -17.59, -64.00, 16.80
0.27, -0.71, -0.38, -16.95, -64.00, 17.74
0.20, -0.77, -0.41, -16.50, -64.00, 20.81
0.18, -0.80, -0.48, -15.44, -64.00, 23.75
0.19, -0.78, -0.52, -13.36, -64.00, 22.96
0.21, -0.79, -0.53, -5.00, -64.00, 17.72
0.28, -0.83, -0.53, 4.79, -64.00, 22.77
0.24, -0.94, -0.52, 6.87, -64.00, 20.01
0.01, -1.03, -0.45, 2.00, -64.00, 8.32
-0.20, -1.06, -0.38, 1.88, -60.47, -1.70
-0.18, -1.03, -0.40, 3.48, -47.16, -13.54
-0.03, -1.00, -0.38, -0.53, -47.81, -18.05
0.10, -0.97, -0.34, -6.30, -55.10, -17.23
0.20, -0.92, -0.32, -10.20, -59.81, -17.36
0.20, -0.85, -0.23, -16.02, -64.00, -16.27
0.12, -0.82, -0.28, -16.94, -45.12, -9.83
0.11, -0.79, -0.41, -15.52, -24.91, -5.85
0.12, -0.75, -0.39, -14.97, -15.05, 0.36
0.17, -0.73, -0.40, -14.51, -13.71, 9.75
0.20, -0.74, -0.41, -15.79, -13.75, 12.92
0.13, -0.76, -0.33, -15.80, -7.02, 15.78
0.06, -0.79, -0.35, -13.37, 1.20, 16.16
0.01, -0.83, -0.40, -12.05, -6.17, 14.12
0.03, -0.87, -0.40, -8.98, -12.39, 11.01
-0.01, -0.91, -0.37, -5.51, -2.74, 2.47
-0.12, -0.97, -0.32, -6.87, 19.37, -8.23
-0.18, -1.02, -0.34, -10.34, 30.02, -16.84
-0.11, -0.98, -0.34, -12.49, 23.32, -23.60
-0.01, -0.91, -0.34, -13.70, 5.02, -28.15
0.04, -0.86, -0.35, -14.26, -8.40, -29.17
0.07, -0.81, -0.36, -15.02, -3.94, -24.41
0.12, -0.75, -0.39, -15.40, 12.61, -14.41
0.22, -0.68, -0.40, -15.10, 12.16, -2.42
0.31, -0.65, -0.41, -14.42, 10.41, 12.35
0.33, -0.65, -0.42, -11.67, 3.33, 21.00
0.23, -0.72, -0.42, -12.03, 3.92, 26.29
0.12, -0.75, -0.42, -11.29, -0.56, 29.42
0.08, -0.81, -0.43, -10.17, -9.84, 29.45
0.07, -0.88, -0.40, -9.82, -17.01, 25.73
0.05, -0.96, -0.41, -6.57, -21.88, 18.09
-0.05, -1.02, -0.40, -5.51, -17.50, 4.52
-0.20, -1.07, -0.38, -6.28, -7.03, -7.31
-0.23, -1.08, -0.38, -8.89, 5.32, -16.71
-0.15, -1.01, -0.41, -8.72, 17.27, -25.42
-0.07, -0.94, -0.39, -10.39, 13.28, -28.14
0.03, -0.89, -0.34, -13.24, 6.34, -28.67
0.05, -0.84, -0.32, -17.78, -0.11, -30.21
0.05, -0.78, -0.31, -19.72, -1.81, -26.11
0.08, -0.74, -0.35, -19.31, 6.12, -19.02
0.16, -0.69, -0.38, -18.82, 9.18, -7.74
0.26, -0.65, -0.40, -16.20, 11.19, 6.98
0.34, -0.62, -0.41, -14.92, 12.69, 16.58
0.27, -0.65, -0.39, -13.77, 19.77, 24.75
0.15, -0.71, -0.38, -12.80, 24.65, 29.38
0.10, -0.77, -0.40, -11.16, 21.21, 30.37
0.09, -0.84, -0.41, -10.55, 7.52, 28.34
0.09, -0.92, -0.42, -8.26, -8.14, 23.21
0.02, -0.99, -0.39, -9.15, -1.89, 13.43
-0.13, -1.05, -0.36, -11.90, 12.60, -3.55
-0.25, -1.09, -0.36, -16.08, 39.78, -15.24
-0.21, -1.07, -0.40, -17.16, 64.00, -23.75
-0.09, -1.00, -0.43, -17.95, 62.01, -32.62
0.06, -0.94, -0.41, -21.04, 51.01, -30.72
0.16, -0.91, -0.36, -24.81, 40.46, -30.69
0.15, -0.86, -0.37, -24.76, 38.67, -31.44
0.15, -0.80, -0.40, -27.56, 37.89, -28.08
0.18, -0.78, -0.36, -31.76, 38.99, -24.43
0.19, -0.76, -0.37, -34.37, 37.14, -15.92
0.22, -0.71, -0.39, -37.80, 33.78, -8.75
0.26, -0.69, -0.34, -39.91, 35.65, -2.04
0.28, -0.69, -0.36, -36.96, 27.48, 4.48
0.26, -0.69, -0.42, -38.13, 23.59, 12.50
0.25, -0.72, -0.42, -40.14, 23.36, 19.08
0.24, -0.76, -0.43, -41.76, 18.24, 23.76
0.21, -0.77, -0.46, -41.41, 2.03, 25.01
0.18, -0.80, -0.49, -33.70, -13.20, 24.33
0.12, -0.85, -0.54, -25.31, -21.46, 16.17
-0.05, -0.93, -0.55, -22.86, -17.02, 1.29
-0.19, -1.00, -0.51, -21.88, -1.73, -13.82
-0.20, -1.00, -0.52, -19.36, 14.41, -21.80
-0.08, -0.95, -0.53, -14.13, 20.99, -28.47
0.06, -0.90, -0.49, -12.30, 17.30, -30.47
0.16, -0.86, -0.43, -10.04, 14.61, -28.67
0.20, -0.81, -0.42, -9.33, 10.91, -27.97
0.16, -0.75, -0.40, -11.10, 10.56, -23.66
0.16, -0.70, -0.37, -13.15, 9.16, -16.17
0.22, -0.66, -0.36, -15.62, 4.27, -7.04
0.31, -0.62, -0.36, -16.73, -0.88, 3.52
0.37, -0.62, -0.38, -16.98, 0.77, 15.03
0.37, -0.64, -0.42, -17.76, -0.95, 21.54
0.29, -0.68, -0.44, -17.12, 2.14, 26.86
0.24, -0.74, -0.47, -15.61, 2.17, 29.82
0.25, -0.83, -0.51, -10.21, -7.84, 31.55
0.24, -0.90, -0.55, -2.92, -13.72, 27.90
0.14, -0.98, -0.53, -1.60, -20.98, 15.08
-0.07, -1.03, -0.47, -1.27, -7.14, -1.01
-0.23, -1.04, -0.44, -4.47, 14.53, -19.20
-0.23, -1.01, -0.44, -4.74, 33.25, -30.51
-0.08, -0.95, -0.43, -3.18, 30.47, -36.24
0.09, -0.88, -0.40, -4.40, 19.17, -36.24
0.16, -0.82, -0.37, -6.48, 0.13, -34.66
0.18, -0.75, -0.36, -9.04, -8.38, -29.17
0.22, -0.68, -0.38, -11.33, -7.44, -19.84
0.29, -0.62, -0.40, -13.18, -4.41, -8.69
0.36, -0.57, -0.42, -13.22, -2.39, 3.17
0.37, -0.57, -0.45, -15.09, -0.49, 16.84
0.38, -0.61, -0.49, -15.82, 5.46, 25.67
0.33, -0.66, -0.50, -15.34, 6.34, 30.31
0.23, -0.73, -0.52, -8.40, 7.36, 32.51
0.18, -0.82, -0.54, -4.64, 4.46, 30.58
0.15, -0.93, -0.52, -4.16, -2.68, 28.06
0.11, -1.02, -0.48, -3.84, -4.98, 19.62
0.01, -1.06, -0.46, -4.83, -2.23, 4.22
-0.11, -1.07, -0.43, -8.35, 14.56, -12.13
-0.15, -1.05, -0.41, -9.31, 29.44, -24.67
-0.05, -1.01, -0.40, -10.30, 29.36, -31.70
0.10, -0.95, -0.39, -10.42, 18.17, -35.04
0.16, -0.87, -0.37, -12.28, 1.82, -34.94
0.18, -0.79, -0.37, -13.79, -7.59, -31.07
0.21, -0.72, -0.36, -16.20, -12.28, -23.51
0.29, -0.64, -0.37, -16.01, -10.33, -11.37
0.36, -0.57, -0.40, -13.37, -8.72, -0.18
0.34, -0.55, -0.40, -14.54, -8.28, 9.35
0.31, -0.58, -0.43, -14.52, 1.05, 22.21
0.28, -0.62, -0.46, -14.39, 0.79, 26.42
0.22, -0.66, -0.47, -12.02, 6.49, 31.08
0.20, -0.74, -0.50, -6.82, 5.13, 31.48
0.19, -0.84, -0.51, -3.63, -0.97, 31.25
0.18, -0.94, -0.52, -1.53, -5.88, 27.36
0.12, -1.04, -0.50, -1.18, -6.55, 17.50
-0.02, -1.08, -0.45, -3.86, 3.62, 2.04
-0.15, -1.09, -0.41, -8.30, 22.46, -15.48
-0.15, -1.03, -0.39, -10.54, 33.61, -25.97
-0.02, -1.00, -0.39, -10.68, 29.43, -31.12
0.13, -0.93, -0.36, -12.30, 13.71, -32.55
0.20, -0.86, -0.34, -14.60, 0.88, -30.22
0.20, -0.78, -0.35, -16.33, -8.11, -26.34
0.22, -0.70, -0.35, -16.77, -9.56, -19.74
0.27, -0.63, -0.37, -16.59, -10.84, -8.74
0.33, -0.58, -0.39, -15.29, -5.72, 3.08
0.35, -0.55, -0.43, -13.76, -2.81, 13.97
0.35, -0.57, -0.45, -13.71, 2.22, 24.58
0.29, -0.63, -0.47, -13.88, 4.35, 30.69
0.24, -0.70, -0.49, -9.53, 8.84, 34.98
0.21, -0.79, -0.51, -5.01, 3.74, 34.46
0.20, -0.89, -0.52, -1.23, -6.38, 30.29
0.13, -1.01, -0.50, -1.62, -9.93, 22.81
0.00, -1.09, -0.46, -3.82, -0.29, 9.35
-0.17, -1.12, -0.40, -10.64, 16.23, -7.86
-0.21, -1.06, -0.37, -14.73, 36.17, -21.91
-0.06, -1.01, -0.37, -15.02, 34.55, -30.28
0.11, -0.93, -0.37, -16.21, 20.18, -30.80
0.20, -0.87, -0.36, -18.67, 1.41, -27.81
0.21, -0.80, -0.35, -18.64, -7.62, -24.39
0.22, -0.71, -0.36, -18.47, -9.96, -18.55
0.24, -0.64, -0.38, -16.00, -5.23, -11.63
0.29, -0.60, -0.40, -15.34, -2.04, 0.54
0.35, -0.58, -0.42, -13.86, 2.24, 13.49
0.37, -0.60, -0.43, -13.12, 2.25, 23.97
0.28, -0.64, -0.44, -13.24, 4.02, 29.54
0.25, -0.70, -0.45, -9.79, 5.31, 33.73
0.22, -0.79, -0.47, -8.13, -2.12, 34.95
0.20, -0.88, -0.48, -5.63, -10.59, 33.27
0.14, -0.98, -0.48, -2.97, -14.62, 22.45
-0.00, -1.09, -0.46, -6.09, -2.17, 7.86
-0.16, -1.12, -0.42, -9.35, 14.40, -8.20
-0.20, -1.11, -0.42, -13.05, 34.75, -22.24
-0.08, -1.04, -0.41, -12.31, 40.06, -29.29
0.10, -0.96, -0.40, -12.97, 27.91, -31.20
0.21, -0.89, -0.38, -14.07, 13.45, -27.49
0.23, -0.81, -0.36, -15.81, 0.25, -24.22
0.20, -0.73, -0.35, -17.42, -3.04, -17.61
0.21, -0.65, -0.36, -16.75, -5.25, -10.81
0.22, -0.59, -0.36, -15.83, -3.26, -2.03
0.23, -0.55, -0.37, -16.29, -3.19, 5.01
0.25, -0.56, -0.39, -15.86, -3.20, 16.40
0.29, -0.59, -0.43, -13.38, -3.10, 24.44
0.28, -0.65, -0.46, -8.73, -2.41, 29.21
0.25, -0.75, -0.48, -2.39, 1.62, 31.28
0.23, -0.87, -0.50, -0.60, 5.73, 30.14
0.22, -1.00, -0.49, -0.85, 1.62, 27.86
0.17, -1.07, -0.47, -3.16, 0.88, 20.51
0.05, -1.09, -0.44, -3.71, 8.16, 3.69
-0.09, -1.11, -0.40, -8.22, 17.96, -12.26
-0.13, -1.12, -0.38, -14.67, 30.23, -23.84
-0.02, -1.05, -0.37, -15.86, 26.87, -31.48
0.10, -0.94, -0.35, -18.45, 16.71, -32.12
0.17, -0.84, -0.34, -20.92, 3.55, -26.75
0.18, -0.75, -0.34, -21.01, -3.85, -24.26
0.20, -0.66, -0.34, -20.12, -8.83, -17.63
0.24, -0.61, -0.36, -18.81, -13.58, -10.49
0.26, -0.58, -0.39, -17.97, -12.06, -0.24
0.29, -0.58, -0.42, -17.97, -5.46, 12.57
0.31, -0.59, -0.45, -14.59, 0.34, 21.36
0.30, -0.62, -0.47, -11.22, 6.96, 29.86
0.27, -0.70, -0.48, -7.04, 6.71, 37.29
0.25, -0.78, -0.48, -4.88, 1.69, 38.78
0.23, -0.88, -0.49, -0.24, -7.26, 34.83
0.15, -0.98, -0.48, -1.90, -6.79, 23.44
-0.04, -1.08, -0.42, -7.95, 5.38, 9.54
-0.18, -1.13, -0.40, -11.20, 17.30, -8.02
-0.19, -1.13, -0.38, -15.43, 29.37, -20.03
-0.07, -1.07, -0.39, -15.77, 28.18, -30.32
0.08, -0.98, -0.38, -16.52, 21.29, -32.96
0.17, -0.91, -0.36, -16.65, 8.26, -31.86
0.20, -0.84, -0.37, -17.88, 1.36, -29.18
0.20, -0.72, -0.36, -19.67, -7.46, -24.29
0.22, -0.67, -0.36, -19.74, -8.82, -15.73
0.27, -0.61, -0.37, -19.28, -7.17, -6.40
0.31, -0.56, -0.38, -19.05, -3.09, 4.22
0.32, -0.55, -0.39, -17.81, -2.77, 15.68
0.31, -0.59, -0.42, -13.87, 0.71, 26.48
0.28, -0.65, -0.44, -10.69, 3.50, 32.19
0.23, -0.72, -0.45, -8.56, 2.70, 36.56
0.22, -0.81, -0.46, -3.45, -7.51, 37.34
0.20, -0.91, -0.49, 1.50, -6.35, 31.79
0.10, -1.02, -0.48, -2.07, -11.67, 18.06
-0.06, -1.10, -0.44, -2.90, 7.53, 5.06
-0.15, -1.15, -0.41, -6.95, 18.33, -11.16
-0.16, -1.13, -0.39, -10.35, 37.57, -24.04
-0.02, -1.05, -0.38, -9.82, 33.63, -29.82
0.12, -0.95, -0.38, -10.55, 19.48, -30.48
0.20, -0.88, -0.36, -13.59, 6.27, -27.91
0.21, -0.79, -0.35, -13.72, -0.65, -23.40
0.19, -0.69, -0.33, -14.72, -7.69, -18.39
0.19, -0.63, -0.33, -15.86, -9.59, -9.57
0.22, -0.58, -0.34, -15.94, -10.42, -1.16
0.24, -0.55, -0.36, -14.72, -11.34, 8.84
0.27, -0.55, -0.38, -13.91, -9.10, 17.81
0.27, -0.59, -0.41, -10.96, -6.41, 25.78
0.25, -0.66, -0.44, -6.23, -1.50, 30.79
0.25, -0.78, -0.48, -1.67, -4.01, 34.88
0.25, -0.89, -0.52, 3.37, -2.21, 34.74
0.22, -1.01, -0.51, 4.00, -5.05, 30.41
0.12, -1.10, -0.47, 2.19, -0.79, 18.52
-0.01, -1.16, -0.42, -2.11, 6.00, 4.69
-0.13, -1.18, -0.38, -8.71, 17.38, -12.98
-0.17, -1.13, -0.34, -15.28, 32.02, -26.04
-0.06, -1.04, -0.34, -16.69, 31.33, -33.54
0.09, -0.94, -0.33, -19.42, 17.21, -33.96
0.17, -0.86, -0.32, -21.62, 0.86, -30.11
0.20, -0.77, -0.33, -22.99, -10.70, -24.58
0.22, -0.69, -0.34, -22.74, -18.15, -17.03
0.23, -0.62, -0.36, -22.33, -17.06, -9.66
0.24, -0.56, -0.39, -19.95, -10.98, -0.69
0.28, -0.53, -0.42, -17.86, -5.28, 11.08
0.31, -0.55, -0.44, -14.39, 1.00, 22.69
0.30, -0.61, -0.45, -10.85, 5.80, 32.06
0.27, -0.70, -0.46, -7.89, 6.29, 37.61
0.24, -0.80, -0.46, -2.99, 0.73, 39.70
0.23, -0.92, -0.46, 1.22, -10.67, 36.88
0.13, -1.02, -0.45, 0.58, -17.96, 22.81
-0.07, -1.12, -0.41, -3.91, -2.40, 9.13
-0.21, -1.16, -0.38, -11.26, 15.57, -11.10
-0.24, -1.14, -0.35, -15.26, 36.93, -21.89
-0.08, -1.06, -0.36, -15.12, 35.20, -29.69
0.11, -0.97, -0.35, -16.46, 19.21, -31.15
0.18, -0.90, -0.33, -20.11, 2.27, -29.28
0.19, -0.82, -0.32, -22.97, -5.76, -24.24
0.19, -0.73, -0.33, -22.73, -10.92, -17.96
0.21, -0.63, -0.35, -21.70, -14.51, -10.98
0.24, -0.58, -0.36, -19.40, -11.45, -2.14
0.28, -0.57, -0.38, -18.94, -7.94, 8.83
0.30, -0.59, -0.41, -16.30, -3.59, 20.78
0.28, -0.63, -0.43, -13.96, -0.42, 30.09
0.25, -0.70, -0.45, -9.55, -0.97, 35.83
0.23, -0.78, -0.47, -5.09, -6.49, 37.82
0.22, -0.88, -0.50, 1.70, -17.98, 32.46
0.11, -0.99, -0.49, 1.95, -20.04, 21.48
-0.06, -1.11, -0.45, -2.86, -1.62, 7.22
-0.22, -1.16, -0.39, -10.14, 15.18, -9.47
-0.27, -1.13, -0.36, -15.26, 35.75, -24.23
-0.15, -1.05, -0.37, -14.90, 35.83, -32.52
0.03, -0.95, -0.38, -16.20, 23.79, -35.93
0.13, -0.88, -0.36, -17.99, 10.05, -32.58
0.16, -0.80, -0.34, -19.89, 0.64, -27.12
0.18, -0.71, -0.35, -19.05, -2.36, -20.14
0.23, -0.64, -0.35, -19.62, -6.66, -12.81
0.29, -0.59, -0.37, -17.08, -3.16, -0.03
0.36, -0.57, -0.40, -15.27, -4.82, 12.11
0.36, -0.59, -0.40, -11.10, 2.19, 25.79
0.32, -0.65, -0.40, -11.93, 7.38, 32.11
0.25, -0.72, -0.39, -12.17, 11.42, 37.91
0.21, -0.80, -0.41, -10.08, 1.27, 41.74
0.21, -0.87, -0.43, -6.96, -19.19, 39.92
0.17, -0.96, -0.44, -1.82, -35.55, 28.27
-0.03, -1.04, -0.43, -2.64, -21.32, 8.95
-0.29, -1.12, -0.38, -12.80, 3.72, -11.63
-0.35, -1.16, -0.38, -16.53, 36.39, -22.77
-0.17, -1.09, -0.40, -14.97, 38.42, -32.43
0.03, -0.99, -0.40, -13.04, 30.35, -34.66
0.16, -0.93, -0.40, -13.20, 16.93, -34.22
0.19, -0.85, -0.38, -14.94, 6.28, -31.22
0.20, -0.77, -0.37, -14.53, 1.74, -25.31
0.23, -0.69, -0.37, -15.77, -0.24, -14.91
0.29, -0.63, -0.37, -14.65, 3.73, -2.19
0.34, -0.58, -0.36, -15.04, 4.30, 11.07
0.34, -0.57, -0.35, -15.85, -0.21, 20.32
0.25, -0.61, -0.35, -18.17, 4.47, 30.21
0.21, -0.67, -0.36, -20.44, 5.32, 36.02
0.18, -0.73, -0.38, -19.41, -2.54, 40.51
0.20, -0.80, -0.41, -13.48, -22.01, 40.14
0.18, -0.89, -0.46, -4.60, -38.77, 31.50
0.01, -0.99, -0.49, -2.17, -27.71, 13.32
-0.25, -1.12, -0.43, -9.76, 1.91, -4.38
-0.35, -1.18, -0.41, -15.20, 28.30, -19.72
-0.21, -1.11, -0.43, -13.55, 43.56, -30.06
-0.01, -1.01, -0.43, -11.53, 32.90, -36.42
0.13, -0.95, -0.41, -10.52, 20.76, -37.88
0.18, -0.91, -0.37, -14.18, 9.30, -35.16
0.20, -0.85, -0.35, -18.07, 2.25, -28.99
0.22, -0.76, -0.35, -20.74, -1.48, -18.88
0.28, -0.67, -0.37, -18.57, 1.18, -8.76
0.33, -0.60, -0.37, -16.78, 2.06, 2.03
0.34, -0.58, -0.37, -16.14, 1.68, 12.77
0.30, -0.59, -0.37, -17.58, 5.22, 23.52
0.23, -0.63, -0.36, -19.32, 8.97, 29.53
0.18, -0.68, -0.37, -19.26, 6.85, 34.44
0.18, -0.73, -0.38, -17.23, -5.16, 38.69
0.19, -0.80, -0.42, -12.02, -25.69, 36.57
0.15, -0.89, -0.46, -2.93, -31.82, 28.61
-0.00, -1.00, -0.49, -2.40, -14.20, 15.16
-0.23, -1.09, -0.45, -8.74, 7.82, -3.07
-0.28, -1.15, -0.41, -10.40, 30.31, -14.62
-0.15, -1.11, -0.42, -10.50, 34.13, -25.92
0.01, -1.03, -0.42, -8.65, 27.38, -31.99
0.09, -0.96, -0.40, -9.76, 18.58, -35.85
0.13, -0.90, -0.37, -13.46, 9.10, -35.48
0.15, -0.84, -0.36, -16.79, 6.43, -30.17
0.19, -0.76, -0.35, -20.03, -1.29, -22.51
0.24, -0.67, -0.35, -19.85, 0.71, -11.01
0.31, -0.60, -0.36, -19.26, -1.74, -1.39
0.33, -0.56, -0.37, -17.78, -1.01, 10.54
0.32, -0.57, -0.38, -15.20, -1.04, 21.44
0.27, -0.61, -0.40, -15.87, 3.92, 28.95
0.21, -0.67, -0.39, -16.98, 8.77, 34.41
0.18, -0.75, -0.40, -14.93, -0.09, 35.82
0.19, -0.84, -0.44, -9.67, -11.65, 36.16
0.18, -0.93, -0.47, -4.93, -23.42, 30.55
0.06, -1.02, -0.48, -1.21, -17.81, 18.42
-0.14, -1.08, -0.45, -3.70, 2.46, 0.45
-0.27, -1.14, -0.42, -8.94, 24.83, -14.54
-0.22, -1.12, -0.40, -10.56, 38.95, -25.34
-0.04, -1.04, -0.39, -9.37, 30.97, -32.15
0.09, -0.95, -0.38, -10.72, 14.26, -36.47
0.14, -0.90, -0.35, -15.05, 4.74, -33.94
0.15, -0.84, -0.33, -18.55, -3.34, -30.01
0.17, -0.76, -0.38, -19.19, -4.45, -22.57
0.23, -0.67, -0.37, -18.69, -4.45, -14.20
0.28, -0.61, -0.37, -18.41, -1.22, -2.56
0.31, -0.57, -0.38, -16.61, 0.81, 8.51
0.32, -0.58, -0.40, -16.04, 3.40, 19.29
0.28, -0.62, -0.41, -17.47, 7.52, 27.04
0.22, -0.69, -0.41, -18.53, 10.98, 33.59
0.18, -0.76, -0.41, -16.68, 3.56, 36.22
0.17, -0.83, -0.44, -11.60, -8.92, 34.59
0.15, -0.93, -0.46, -6.41, -18.17, 31.06
0.06, -1.02, -0.44, -6.55, -22.07, 15.77
-0.15, -1.09, -0.41, -6.49, -4.26, -0.42
-0.28, -1.12, -0.40, -13.32, 19.76, -17.28
-0.24, -1.08, -0.40, -11.52, 40.69, -27.57
-0.01, -0.98, -0.41, -10.40, 30.04, -32.99
0.12, -0.91, -0.39, -11.41, 12.73, -32.63
0.17, -0.85, -0.36, -13.47, -0.65, -28.46
0.17, -0.78, -0.34, -15.80, -6.93, -25.82
0.17, -0.70, -0.35, -16.18, -8.13, -18.20
0.22, -0.64, -0.36, -15.88, -2.95, -7.81
0.29, -0.60, -0.38, -15.24, -2.86, 2.15
0.31, -0.59, -0.39, -14.57, -0.42, 14.34
0.31, -0.62, -0.41, -11.70, 2.25, 22.11
0.26, -0.67, -0.42, -10.78, 3.23, 26.72
0.19, -0.76, -0.43, -10.18, 6.41, 28.19
0.17, -0.86, -0.45, -7.68, 6.73, 28.03
0.15, -0.95, -0.46, -6.62, 2.38, 23.29
0.12, -1.04, -0.45, -6.60, -0.36, 19.66
0.07, -1.09, -0.44, -6.23, 0.83, 10.68
-0.02, -1.09, -0.42, -6.78, 10.62, -4.86
-0.14, -1.07, -0.39, -11.30, 22.22, -18.94
-0.15, -1.03, -0.38, -13.05, 34.90, -26.95
-0.02, -0.95, -0.38, -12.93, 27.18, -30.97
0.09, -0.89, -0.34, -15.62, 10.56, -29.32
0.13, -0.81, -0.33, -17.69, -1.09, -27.81
0.13, -0.73, -0.32, -18.54, -6.36, -23.15
0.14, -0.65, -0.32, -18.64, -10.23, -17.25
0.18, -0.59, -0.35, -16.21, -6.85, -5.10
0.28, -0.56, -0.38, -14.20, -4.61, 5.66
0.33, -0.57, -0.40, -10.38, -2.58, 17.50
0.31, -0.61, -0.41, -8.51, -0.96, 26.39
0.24, -0.69, -0.43, -8.29, 3.16, 29.60
0.18, -0.79, -0.44, -6.07, 4.77, 28.41
0.16, -0.90, -0.46, -3.43, 2.95, 27.53
0.14, -1.00, -0.48, -4.04, 2.11, 21.16
0.09, -1.09, -0.46, -4.86, 3.75, 14.39
0.02, -1.13, -0.43, -5.33, 10.58, 2.12
-0.06, -1.14, -0.40, -8.71, 21.47, -11.80
-0.10, -1.12, -0.37, -13.14, 29.15, -23.86
-0.05, -1.05, -0.36, -13.86, 33.03, -32.39
0.03, -0.96, -0.34, -17.61, 21.46, -37.62
0.08, -0.89, -0.32, -19.93, 8.21, -35.22
0.12, -0.80, -0.32, -20.75, -8.09, -30.56
0.17, -0.69, -0.33, -18.69, -14.18, -22.56
0.23, -0.59, -0.36, -14.63, -5.60, -9.61
0.30, -0.53, -0.35, -11.63, -8.90, -3.51
0.28, -0.53, -0.35, -12.31, -5.53, 10.51
0.28, -0.58, -0.37, -10.51, -2.14, 21.51
0.25, -0.63, -0.38, -12.25, -0.06, 25.36
0.19, -0.71, -0.40, -9.75, 1.19, 25.60
0.18, -0.82, -0.45, -8.01, -4.51, 22.68
0.17, -0.95, -0.49, -3.90, -2.75, 23.40
0.16, -1.04, -0.51, -4.01, 5.12, 18.17
0.07, -1.09, -0.47, -5.85, 15.21, 8.85
-0.01, -1.12, -0.41, -8.22, 27.01, -2.25
-0.04, -1.12, -0.37, -11.61, 29.10, -12.92
-0.03, -1.07, -0.34, -13.70, 25.40, -23.74
0.01, -1.01, -0.31, -16.07, 14.25, -31.26
0.04, -0.94, -0.29, -18.27, 0.91, -36.65
0.05, -0.86, -0.29, -21.00, -9.74, -36.01
0.10, -0.77, -0.31, -19.73, -13.63, -29.95
0.20, -0.68, -0.35, -14.82, -12.16, -19.26
0.32, -0.59, -0.38, -8.65, -5.71, -8.15
0.36, -0.55, -0.38, -6.15, -5.79, 2.58
0.33, -0.56, -0.37, -7.10, -0.42, 16.44
0.30, -0.60, -0.39, -10.18, 1.85, 24.19
0.24, -0.66, -0.39, -12.16, 3.53, 28.77
0.19, -0.73, -0.40, -11.63, 1.38, 30.36
0.18, -0.83, -0.44, -7.93, -2.38, 30.02
0.16, -0.94, -0.47, -4.43, -2.82, 24.79
0.11, -1.05, -0.45, -4.56, -8.30, 18.27
0.03, -1.13, -0.43, -4.12, 2.76, 8.63
-0.06, -1.15, -0.39, -9.16, 13.92, -6.64
-0.12, -1.11, -0.36, -11.68, 29.03, -21.34
-0.08, -1.04, -0.34, -13.75, 30.64, -30.20
0.02, -0.98, -0.33, -16.56, 19.72, -35.71
0.09, -0.91, -0.32, -17.77, 5.28, -37.08
0.10, -0.84, -0.30, -20.31, -14.03, -33.50
0.16, -0.76, -0.32, -18.14, -11.12, -19.54
0.31, -0.64, -0.38, -10.10, -7.13, -7.14
0.38, -0.54, -0.37, -5.61, -9.72, -0.47
0.35, -0.54, -0.37, -4.60, -2.43, 12.67
0.33, -0.60, -0.38, -6.63, 3.44, 21.87
0.26, -0.66, -0.38, -9.72, 10.53, 28.34
0.21, -0.72, -0.39, -11.18, 8.15, 29.24
0.21, -0.83, -0.41, -6.74, -2.11, 28.21
0.20, -0.93, -0.43, -3.93, -12.09, 25.43
0.15, -1.05, -0.44, -2.02, -12.18, 15.62
0.02, -1.13, -0.40, -5.82, -9.83, 3.79
-0.11, -1.16, -0.37, -9.26, 9.91, -10.74
-0.16, -1.11, -0.35, -12.92, 27.05, -26.21
-0.06, -1.03, -0.34, -13.19, 31.39, -36.47
0.02, -0.96, -0.33, -14.83, 17.92, -41.11
0.08, -0.91, -0.31, -17.50, -2.62, -41.14
0.17, -0.84, -0.33, -17.76, -13.14, -29.50
0.34, -0.72, -0.37, -14.14, -0.44, -13.18
0.43, -0.61, -0.37, -11.27, -3.97, -4.14
0.41, -0.55, -0.34, -12.46, 1.50, 8.60
0.37, -0.57, -0.35, -14.06, 0.38, 18.54
0.26, -0.64, -0.36, -21.29, 8.92, 26.39
0.18, -0.69, -0.37, -19.63, 17.12, 29.94
0.18, -0.73, -0.42, -15.65, 13.40, 31.02
0.20, -0.81, -0.44, -7.92, 0.72, 30.76
0.21, -0.92, -0.46, 1.16, -12.87, 26.40
0.12, -1.03, -0.46, 5.49, -13.81, 13.46
-0.08, -1.13, -0.41, -0.86, -1.19, -5.47
-0.23, -1.17, -0.34, -10.91, 28.47, -21.68
-0.18, -1.12, -0.30, -16.80, 37.10, -33.83
-0.00, -1.02, -0.30, -17.16, 21.23, -38.65
0.15, -0.95, -0.29, -19.14, -2.58, -41.02
0.19, -0.90, -0.29, -21.11, -18.38, -37.03
0.23, -0.81, -0.33, -23.03, -14.33, -22.77
0.34, -0.66, -0.37, -17.79, 6.62, -5.32
0.45, -0.58, -0.35, -16.74, 1.34, 3.78
0.43, -0.55, -0.34, -11.57, -1.64, 14.00
0.33, -0.59, -0.36, -16.53, -1.93, 21.55
0.20, -0.66, -0.36, -18.72, 11.41, 24.84
0.14, -0.71, -0.40, -14.84, 16.00, 25.92
0.17, -0.76, -0.43, -8.50, 9.01, 28.13
0.21, -0.85, -0.43, -5.38, -3.43, 27.24
0.19, -0.96, -0.42, -0.48, -16.13, 21.66
0.06, -1.05, -0.39, -0.71, -13.99, 10.21
-0.10, -1.13, -0.34, -8.79, 3.90, -7.00
-0.19, -1.13, -0.32, -15.04, 21.43, -21.14
-0.10, -1.05, -0.31, -16.20, 24.10, -31.14
0.05, -0.98, -0.32, -16.64, 9.43, -37.53
0.13, -0.94, -0.34, -16.43, -7.94, -38.76
0.17, -0.89, -0.36, -16.29, -18.09, -34.72
0.23, -0.80, -0.40, -14.02, 1.15, -19.51
0.37, -0.68, -0.42, -10.51, 10.42, -7.88
0.42, -0.60, -0.37, -10.43, 5.65, 0.95
0.41, -0.59, -0.34, -11.53, 3.03, 12.33
0.33, -0.65, -0.34, -20.07, 4.48, 17.83
0.21, -0.70, -0.34, -22.11, 14.34, 22.79
0.17, -0.73, -0.38, -19.51, 13.80, 23.57
0.19, -0.77, -0.42, -12.24, 3.86, 25.29
0.20, -0.86, -0.43, -7.15, -4.96, 25.43
0.17, -0.97, -0.41, -2.25, -11.96, 19.26
0.06, -1.04, -0.39, -1.79, -6.50, 7.62
-0.06, -1.12, -0.35, -7.03, 4.90, -8.00
-0.14, -1.09, -0.32, -12.34, 17.56, -20.44
-0.08, -1.03, -0.32, -13.96, 16.29, -32.50
0.04, -0.98, -0.32, -13.24, 2.55, -38.26
0.13, -0.94, -0.33, -15.05, -15.56, -37.62
0.20, -0.87, -0.36, -14.63, -10.13, -28.07
0.33, -0.75, -0.38, -12.14, 4.00, -14.91
0.42, -0.66, -0.36, -12.09, -0.31, -6.02
0.41, -0.63, -0.33, -15.32, 6.46, 7.66
0.39, -0.64, -0.35, -18.90, 3.76, 14.75
0.29, -0.66, -0.36, -22.32, 6.95, 21.77
0.20, -0.69, -0.36, -22.21, 9.33, 23.29
0.17, -0.73, -0.39, -18.50, 8.27, 24.97
0.17, -0.78, -0.41, -11.51, 0.80, 24.39
0.17, -0.87, -0.42, -6.26, -7.85, 22.92
0.12, -0.95, -0.41, -1.49, -12.61, 16.32
0.02, -1.02, -0.38, -1.25, -5.65, 4.44
-0.08, -1.07, -0.35, -4.41, 7.28, -10.20
-0.11, -1.06, -0.33, -8.54, 17.55, -22.52
-0.04, -1.02, -0.33, -9.52, 13.05, -31.86
0.08, -0.97, -0.33, -11.84, 0.39, -35.52
0.16, -0.93, -0.34, -13.73, -8.84, -30.93
0.28, -0.86, -0.38, -13.94, 0.26, -16.94
0.41, -0.75, -0.39, -11.65, 12.02, -7.96
0.45, -0.66, -0.34, -13.49, 8.39, 2.12
0.42, -0.65, -0.33, -16.67, 8.13, 12.18
0.33, -0.69, -0.33, -26.59, 10.08, 19.06
0.24, -0.72, -0.34, -28.91, 17.29, 23.95
0.21, -0.72, -0.37, -27.54, 15.77, 26.62
0.23, -0.74, -0.39, -22.64, 7.27, 31.55
0.24, -0.80, -0.42, -16.52, -7.01, 32.99
0.19, -0.87, -0.44, -7.41, -18.40, 28.14
0.03, -0.93, -0.44, -3.36, -15.30, 15.64
-0.18, -1.00, -0.39, -6.65, -4.78, -4.79
-0.29, -1.06, -0.35, -10.73, 17.55, -15.93
-0.18, -1.03, -0.33, -12.23, 22.55, -26.76
-0.01, -0.94, -0.34, -9.65, 6.78, -32.63
0.13, -0.88, -0.34, -7.87, -9.72, -38.42
0.17, -0.89, -0.37, -10.19, -23.44, -41.06
0.19, -0.88, -0.40, -11.66, 11.27, -23.27
0.43, -0.82, -0.44, -13.64, 31.18, -8.23
0.61, -0.73, -0.39, -13.76, 30.75, 6.83
0.64, -0.70, -0.35, -15.68, 17.56, 18.83
0.46, -0.75, -0.31, -29.52, 21.12, 26.05
0.26, -0.80, -0.28, -35.38, 27.19, 28.56
0.16, -0.80, -0.29, -36.68, 19.53, 29.13
0.17, -0.79, -0.32, -29.58, -11.86, 28.56
0.16, -0.81, -0.38, -13.43, -46.54, 19.72
0.00, -0.87, -0.44, -0.96, -52.28, 2.72
-0.27, -0.93, -0.41, -2.42, -25.71, -14.83
-0.38, -1.00, -0.36, -8.34, 24.87, -25.68
-0.19, -0.95, -0.35, -5.47, 35.29, -35.44
0.07, -0.87, -0.35, -5.38, 19.14, -37.24
0.26, -0.86, -0.37, -5.26, -9.95, -31.78
0.36, -0.87, -0.42, -7.19, -14.25, -15.09
0.46, -0.82, -0.45, -7.03, 11.29, -2.09
0.49, -0.75, -0.38, -14.12, 18.78, 5.09
0.44, -0.75, -0.33, -18.81, 24.88, 15.49
0.36, -0.79, -0.32, -30.11, 26.14, 20.96
0.26, -0.81, -0.32, -33.37, 27.15, 24.62
0.22, -0.81, -0.33, -30.24, 11.45, 22.58
0.22, -0.82, -0.35, -22.58, -12.15, 23.50
0.17, -0.86, -0.38, -10.48, -37.51, 16.07
0.02, -0.91, -0.39, -3.65, -41.45, 0.06
-0.18, -0.96, -0.38, -2.93, -21.60, -15.62
-0.25, -0.97, -0.35, -3.56, 11.12, -30.76
-0.12, -0.94, -0.34, -3.46, 21.56, -38.93
0.08, -0.91, -0.35, -2.59, 11.68, -39.43
0.26, -0.89, -0.38, -4.71, -9.61, -30.91
0.39, -0.86, -0.42, -4.51, -2.13, -13.93
0.50, -0.78, -0.41, -6.13, 2.89, -5.26
0.49, -0.72, -0.36, -12.12, 7.81, 6.82
0.42, -0.71, -0.34, -19.27, 8.74, 14.44
0.31, -0.72, -0.34, -27.52, 16.55, 20.88
0.21, -0.72, -0.36, -29.86, 17.49, 22.87
0.17, -0.73, -0.39, -24.43, 6.88, 22.06
0.16, -0.79, -0.40, -15.29, -11.07, 19.87
0.13, -0.88, -0.42, -8.28, -25.06, 14.24
0.03, -0.96, -0.41, -4.07, -21.13, 3.66
-0.09, -0.99, -0.40, -6.01, -2.19, -9.78
-0.12, -0.99, -0.38, -6.65, 19.79, -18.66
-0.03, -0.95, -0.37, -7.20, 19.05, -26.86
0.12, -0.92, -0.36, -7.16, 4.27, -28.37
0.22, -0.91, -0.36, -10.80, -9.23, -22.24
0.30, -0.85, -0.38, -10.61, -1.01, -13.97
0.38, -0.76, -0.37, -11.09, 1.12, -3.70
0.39, -0.69, -0.34, -14.16, 8.04, 4.67
0.36, -0.69, -0.32, -20.54, 15.54, 13.38
0.30, -0.71, -0.33, -26.75, 17.17, 19.53
0.25, -0.73, -0.34, -27.40, 13.94, 23.96
0.25, -0.74, -0.38, -23.00, 7.79, 27.16
0.26, -0.79, -0.40, -18.37, -0.88, 28.38
0.21, -0.86, -0.40, -12.38, -9.60, 24.58
0.10, -0.94, -0.41, -5.72, -12.74, 16.72
-0.01, -1.00, -0.40, -4.47, -8.71, 0.41
-0.11, -1.06, -0.38, -9.04, 2.12, -12.64
-0.12, -1.04, -0.37, -9.79, 15.49, -24.35
-0.01, -0.98, -0.36, -10.28, 12.28, -32.47
0.10, -0.94, -0.36, -10.89, 4.26, -33.86
0.18, -0.92, -0.37, -13.13, -9.03, -32.52
0.24, -0.87, -0.40, -11.80, -1.23, -22.06
0.32, -0.77, -0.41, -13.38, -3.15, -15.93
0.34, -0.70, -0.38, -11.57, 7.97, -7.16
0.33, -0.66, -0.35, -17.48, 6.87, 1.07
0.32, -0.66, -0.34, -20.97, 14.12, 13.17
0.32, -0.67, -0.34, -23.34, 7.72, 18.44
0.28, -0.68, -0.35, -21.79, 5.59, 22.65
0.23, -0.73, -0.37, -19.06, 3.16, 25.80
0.22, -0.81, -0.38, -14.63, -2.15, 27.42
0.20, -0.88, -0.39, -11.04, -7.97, 25.49
0.15, -0.95, -0.40, -7.67, -9.11, 17.88
0.07, -1.00, -0.40, -6.13, -3.33, 6.28
-0.06, -1.05, -0.39, -7.84, 5.80, -6.62
-0.06, -1.05, -0.37, -10.86, 16.03, -17.75
0.01, -1.01, -0.36, -12.29, 13.14, -26.15
0.10, -0.96, -0.37, -12.60, 5.24, -29.04
0.16, -0.90, -0.37, -14.30, -3.02, -29.31
0.20, -0.85, -0.37, -14.84, -3.91, -22.99
0.26, -0.77, -0.39, -13.43, -0.55, -14.67
0.33, -0.70, -0.40, -11.89, 7.61, -4.29
0.36, -0.65, -0.37, -13.61, 9.01, 3.47
0.36, -0.64, -0.35, -16.31, 5.75, 13.19
0.31, -0.67, -0.35, -19.63, 6.87, 20.11
0.24, -0.69, -0.34, -20.63, 10.25, 25.28
0.21, -0.71, -0.36, -18.11, 9.81, 28.30
0.22, -0.78, -0.39, -15.36, 2.71, 31.74
0.22, -0.82, -0.40, -10.50, -5.37, 30.81
0.17, -0.93, -0.41, -7.99, -9.02, 24.38
0.08, -0.99, -0.41, -8.67, -1.43, 15.10
-0.02, -1.05, -0.40, -10.82, 7.39, -0.98
-0.07, -1.08, -0.39, -11.57, 15.01, -10.80
-0.01, -1.08, -0.40, -12.65, 20.66, -20.28
0.09, -1.04, -0.39, -13.34, 17.46, -25.87
0.16, -0.97, -0.38, -14.57, 12.76, -27.75
0.19, -0.90, -0.36, -16.48, 9.93, -26.96
0.20, -0.83, -0.34, -18.54, 3.90, -23.62
0.23, -0.75, -0.34, -19.06, 1.62, -14.63
0.30, -0.67, -0.36, -17.24, 1.64, -5.09
0.35, -0.62, -0.36, -13.58, 4.24, 5.69
0.36, -0.59, -0.36, -12.36, 3.48, 13.23
0.31, -0.62, -0.35, -12.84, 7.62, 23.40
0.26, -0.69, -0.35, -11.24, 10.88, 30.32
0.24, -0.75, -0.35, -9.61, 4.72, 34.92
0.24, -0.82, -0.35, -7.05, -5.02, 34.81
0.21, -0.88, -0.36, -4.62, -6.84, 30.67
0.11, -0.92, -0.39, -7.13, 1.45, 23.21
0.00, -0.98, -0.37, -10.22, 7.79, 13.24
-0.05, -1.05, -0.37, -13.31, 9.17, 4.03
-0.05, -1.06, -0.39, -15.06, 3.97, -9.29
-0.03, -1.02, -0.41, -14.22, 9.54, -16.38
0.03, -0.96, -0.42, -13.22, 10.29, -22.66
0.09, -0.90, -0.41, -15.31, 17.67, -21.57
0.15, -0.83, -0.39, -14.61, 22.93, -18.55
0.19, -0.77, -0.38, -15.48, 15.73, -13.63
0.26, -0.72, -0.38, -14.77, 9.81, -2.84
0.35, -0.69, -0.37, -14.37, 0.51, 3.80
0.35, -0.68, -0.36, -11.75, -0.35, 9.51
0.32, -0.71, -0.35, -11.77, 1.12, 16.33
0.28, -0.77, -0.35, -10.92, 2.70, 23.82
0.26, -0.82, -0.37, -9.07, -1.18, 27.25
0.24, -0.86, -0.38, -7.10, -9.03, 24.54
0.16, -0.91, -0.38, -6.84, -16.39, 19.21
0.05, -0.97, -0.36, -9.56, -8.69, 10.35
-0.05, -1.00, -0.34, -12.86, -2.23, -1.78
-0.08, -1.01, -0.35, -16.01, 3.39, -9.26
-0.04, -0.97, -0.36, -17.52, 9.28, -15.33
0.04, -0.90, -0.37, -18.05, 11.25, -14.65
0.11, -0.83, -0.36, -16.61, 9.42, -13.51
0.18, -0.77, -0.35, -17.71, 1.50, -9.64
0.22, -0.75, -0.34, -17.54, -4.35, -2.31
0.25, -0.73, -0.35, -18.12, -6.20, 5.00
0.27, -0.72, -0.37, -16.03, -4.12, 9.62
0.27, -0.72, -0.40, -14.57, -3.18, 14.67
0.27, -0.75, -0.42, -11.64, -2.18, 19.92
0.25, -0.81, -0.44, -9.07, -2.24, 22.36
0.19, -0.90, -0.44, -9.07, 3.22, 19.89
0.10, -0.93, -0.42, -9.68, 4.95, 12.72
0.01, -0.98, -0.39, -10.83, 5.68, 4.75
-0.01, -1.02, -0.40, -10.99, 3.76, -6.31
-0.04, -1.03, -0.39, -12.01, 10.13, -13.64
-0.04, -1.02, -0.37, -14.91, 17.63, -21.14
0.02, -0.96, -0.37, -14.89, 20.42, -25.90
0.11, -0.88, -0.37, -14.44, 15.78, -26.36
0.16, -0.83, -0.35, -15.71, 7.18, -23.50
0.18, -0.78, -0.34, -16.31, 6.53, -18.25
0.21, -0.72, -0.33, -16.73, 0.21, -11.68
0.26, -0.67, -0.34, -14.22, 0.47, -3.38
0.31, -0.64, -0.35, -14.42, -0.03, 6.23
0.33, -0.64, -0.35, -13.41, 3.48, 16.50
0.32, -0.66, -0.35, -13.47, 6.11, 24.72
0.29, -0.71, -0.36, -12.41, 8.62, 33.47
0.27, -0.78, -0.37, -11.32, 1.48, 35.81
0.26, -0.86, -0.39, -5.97, -15.13, 34.13
0.17, -0.95, -0.39, -6.50, -24.03, 25.32
-0.02, -1.03, -0.38, -9.48, -6.87, 11.18
-0.17, -1.08, -0.36, -13.69, 2.20, -3.41
-0.18, -1.09, -0.39, -13.36, 11.62, -15.13
-0.09, -1.05, -0.41, -12.36, 18.32, -24.77
-0.01, -0.99, -0.41, -11.70, 19.62, -30.67
0.09, -0.93, -0.40, -12.17, 20.41, -31.48
0.16, -0.86, -0.38, -13.04, 10.43, -28.69
0.21, -0.79, -0.36, -14.46, 7.55, -21.30
0.24, -0.73, -0.34, -16.45, -1.03, -15.48
0.26, -0.68, -0.34, -15.13, -1.30, -5.74
0.28, -0.64, -0.35, -15.75, -0.49, 1.83
0.30, -0.64, -0.36, -15.89, 6.26, 12.94
0.30, -0.66, -0.37, -14.46, 7.26, 20.49
0.26, -0.69, -0.37, -14.06, 10.63, 28.35
0.24, -0.75, -0.36, -12.88, 8.00, 32.18
0.24, -0.84, -0.36, -10.07, 0.73, 34.76
0.22, -0.88, -0.38, -3.70, -10.44, 31.09
0.13, -0.95, -0.38, -1.85, -13.87, 21.92
-0.03, -1.03, -0.37, -4.94, -4.90, 10.48
-0.13, -1.06, -0.34, -8.33, 7.08, -4.10
-0.16, -1.04, -0.33, -12.41, 15.00, -14.76
-0.08, -0.99, -0.34, -11.47, 17.92, -21.95
0.05, -0.94, -0.35, -13.81, 10.17, -24.52
0.13, -0.88, -0.34, -14.92, 3.66, -21.43
0.17, -0.83, -0.34, -16.69, -0.41, -19.69
0.19, -0.78, -0.34, -19.17, -5.31, -13.75
0.23, -0.73, -0.36, -19.28, -2.54, -6.18
0.28, -0.70, -0.39, -17.71, -2.81, 1.93
0.31, -0.70, -0.41, -15.03, 2.44, 11.40
0.32, -0.71, -0.43, -12.18, 5.42, 18.10
0.29, -0.75, -0.42, -10.26, 6.99, 24.96
0.24, -0.82, -0.41, -8.61, 5.42, 27.73
0.20, -0.89, -0.40, -5.66, -4.29, 25.17
0.12, -0.97, -0.39, -5.77, -6.96, 15.85
-0.01, -1.04, -0.37, -5.71, -5.04, 2.86
-0.13, -1.07, -0.35, -8.78, 4.79, -10.68
-0.19, -1.06, -0.33, -14.26, 17.93, -22.73
-0.12, -1.01, -0.33, -14.62, 24.87, -28.78
0.02, -0.92, -0.33, -15.99, 17.15, -32.72
0.11, -0.86, -0.32, -16.78, 8.65, -29.33
0.17, -0.79, -0.32, -17.92, -0.81, -24.48
0.21, -0.72, -0.33, -19.62, -5.81, -17.98
0.24, -0.65, -0.35, -16.82, -9.14, -7.73
0.29, -0.61, -0.37, -15.96, -5.95, 3.45
0.33, -0.61, -0.38, -15.00, -0.33, 14.91
0.31, -0.62, -0.39, -12.90, 5.77, 24.47
0.27, -0.67, -0.40, -11.05, 13.44, 31.34
0.23, -0.74, -0.41, -9.06, 9.54, 35.93
0.22, -0.84, -0.41, -4.93, -1.64, 35.91
0.19, -0.94, -0.41, -1.60, -16.01, 28.97
0.07, -1.05, -0.39, -0.40, -22.88, 15.27
-0.09, -1.12, -0.39, -2.76, -4.02, -1.39
-0.22, -1.16, -0.35, -12.03, 15.36, -14.92
-0.21, -1.14, -0.34, -14.11, 38.30, -25.83
-0.01, -1.05, -0.35, -13.67, 34.71, -31.99
0.14, -0.97, -0.34, -14.73, 19.21, -34.07
0.19, -0.91, -0.32, -18.57, 8.18, -31.56
0.21, -0.84, -0.31, -19.70, -2.91, -25.14
0.22, -0.74, -0.32, -19.63, -5.60, -18.05
0.23, -0.63, -0.33, -18.00, -5.02, -8.53
0.27, -0.60, -0.35, -16.63, -0.42, 1.49
0.30, -0.59, -0.35, -16.21, 3.64, 12.88
0.30, -0.61, -0.36, -15.46, 8.29, 22.14
0.27, -0.67, -0.37, -14.88, 11.98, 29.31
0.23, -0.73, -0.38, -12.22, 7.23, 33.22
0.22, -0.83, -0.39, -9.14, -4.52, 35.63
0.22, -0.91, -0.42, -5.32, -17.07, 32.04
0.15, -1.00, -0.43, -4.21, -19.78, 21.22
-0.01, -1.07, -0.41, -4.07, -3.22, 7.70
-0.16, -1.12, -0.38, -10.04, 14.46, -10.91
-0.23, -1.13, -0.35, -13.20, 32.01, -20.56
-0.08, -1.06, -0.36, -12.68, 33.55, -29.17
0.07, -0.97, -0.35, -12.25, 19.70, -32.56
0.15, -0.90, -0.33, -14.40, 6.08, -31.00
0.17, -0.84, -0.30, -18.60, -2.30, -26.82
0.17, -0.77, -0.29, -20.41, -7.04, -22.40
0.18, -0.70, -0.31, -20.38, -12.46, -17.29
0.21, -0.65, -0.34, -16.72, -9.12, -8.12
0.26, -0.63, -0.38, -14.46, -7.41, 1.18
0.29, -0.63, -0.40, -10.18, 3.87, 12.99
0.31, -0.65, -0.40, -9.06, 9.46, 20.13
0.28, -0.71, -0.38, -7.92, 13.98, 27.31
0.24, -0.81, -0.37, -8.20, 9.81, 30.53
0.21, -0.85, -0.37, -6.69, 2.40, 31.47
0.18, -0.92, -0.37, -4.80, -6.40, 26.79
0.09, -1.00, -0.35, -5.16, -10.94, 18.95
-0.01, -1.07, -0.32, -5.55, -12.35, 8.27
-0.09, -1.09, -0.33, -8.79, -1.56, -5.60
-0.15, -1.06, -0.31, -13.36, 15.35, -18.39
-0.08, -1.01, -0.33, -13.26, 22.76, -25.57
0.06, -0.94, -0.35, -13.45, 12.79, -30.50
0.14, -0.90, -0.34, -14.76, 0.87, -29.51
0.18, -0.85, -0.36, -14.83, -5.15, -26.04
0.21, -0.79, -0.37, -15.06, -11.33, -20.43
0.25, -0.71, -0.40, -12.42, -6.56, -9.72
0.31, -0.67, -0.42, -11.58, 4.95, 0.23
0.37, -0.65, -0.40, -13.21, 11.41, 10.75
0.35, -0.67, -0.38, -16.42, 14.27, 20.68
0.28, -0.71, -0.39, -19.96, 23.10, 26.86
0.21, -0.76, -0.38, -21.53, 20.34, 30.88
0.18, -0.82, -0.37, -16.08, 4.50, 33.07
0.19, -0.88, -0.38, -9.08, -13.99, 29.63
0.10, -0.95, -0.37, -4.60, -25.14, 17.99
-0.07, -1.02, -0.34, -3.79, -14.60, 2.96
-0.25, -1.07, -0.31, -10.46, 6.76, -13.58
-0.28, -1.03, -0.30, -13.43, 37.74, -24.74
-0.08, -0.99, -0.33, -10.59, 35.07, -31.97
0.11, -0.92, -0.34, -9.49, 16.55, -33.03
0.20, -0.90, -0.33, -11.08, 1.43, -31.58
0.23, -0.85, -0.33, -13.11, -8.72, -26.92
0.24, -0.79, -0.34, -17.02, -13.30, -19.15
0.29, -0.72, -0.36, -14.88, 1.74, -4.72
0.38, -0.65, -0.37, -16.86, 6.71, 4.51
0.37, -0.63, -0.35, -16.71, 7.34, 16.05
0.33, -0.65, -0.36, -19.23, 8.57, 25.43
0.25, -0.69, -0.36, -19.12, 13.30, 31.49
0.18, -0.74, -0.36, -16.70, 13.19, 33.71
0.16, -0.80, -0.37, -12.88, -6.05, 34.09
0.19, -0.87, -0.40, -4.87, -21.07, 33.09
0.13, -0.97, -0.42, -1.61, -26.61, 21.25
-0.04, -1.06, -0.40, -1.52, -9.73, 5.21
-0.21, -1.13, -0.38, -7.20, 14.33, -11.54
-0.24, -1.14, -0.35, -10.44, 44.38, -22.37
-0.07, -1.09, -0.36, -9.85, 43.28, -30.53
0.11, -1.00, -0.35, -7.21, 28.11, -33.61
0.17, -0.94, -0.33, -9.37, 12.87, -35.42
0.18, -0.90, -0.30, -12.13, 4.95, -33.55
0.17, -0.85, -0.29, -15.60, -1.38, -30.66
0.18, -0.77, -0.30, -18.71, -7.44, -22.16
0.25, -0.69, -0.32, -17.02, -0.39, -8.73
0.33, -0.61, -0.32, -17.45, -0.88, -0.14
0.36, -0.58, -0.31, -17.75, -2.38, 11.89
0.33, -0.60, -0.33, -18.64, -6.90, 19.85
0.25, -0.65, -0.35, -20.00, 1.40, 24.10
0.17, -0.70, -0.37, -20.01, 9.96, 27.76
0.16, -0.77, -0.39, -18.59, 9.25, 30.86
0.20, -0.85, -0.41, -12.55, -4.90, 32.02
0.22, -0.92, -0.45, -3.54, -10.61, 29.54
0.13, -1.00, -0.44, -2.36, -9.11, 18.61
-0.02, -1.08, -0.40, -2.88, 5.95, 5.66
-0.14, -1.13, -0.37, -7.94, 21.49, -11.63
-0.17, -1.13, -0.33, -13.24, 36.92, -21.76
-0.06, -1.07, -0.32, -12.65, 37.27, -29.99
0.10, -0.99, -0.31, -11.14, 23.21, -33.85
0.17, -0.93, -0.29, -13.54, 9.18, -35.30
0.17, -0.88, -0.28, -16.83, 0.96, -33.56
0.18, -0.82, -0.28, -18.90, -5.85, -28.68
0.21, -0.74, -0.30, -20.23, -13.62, -19.13
0.28, -0.66, -0.33, -16.75, -1.82, -6.76
0.35, -0.60, -0.33, -15.62, -7.49, 2.57
0.35, -0.58, -0.32, -14.58, -3.29, 14.54
0.31, -0.60, -0.34, -14.69, -3.81, 23.34
0.24, -0.64, -0.35, -13.90, 1.73, 28.68
0.18, -0.70, -0.36, -11.98, 4.55, 30.11
0.17, -0.78, -0.38, -9.67, -0.43, 33.03
0.19, -0.87, -0.40, -4.84, -8.57, 32.96
0.19, -0.96, -0.43, -0.41, -10.89, 27.43
0.11, -1.05, -0.43, -0.73, -3.97, 16.77
-0.02, -1.13, -0.39, -6.71, 10.32, 3.56
-0.09, -1.17, -0.35, -12.11, 22.85, -7.66
-0.05, -1.14, -0.33, -13.70, 27.32, -18.83
0.04, -1.07, -0.33, -15.15, 24.11, -26.04
0.10, -0.99, -0.31, -16.35, 20.70, -31.23
0.12, -0.93, -0.29, -20.31, 11.47, -33.32
0.14, -0.87, -0.29, -23.39, 3.61, -28.83
0.18, -0.79, -0.30, -22.63, -4.29, -24.66
0.21, -0.70, -0.33, -21.02, -12.78, -16.23
0.27, -0.63, -0.36, -15.49, -7.11, -3.55
0.32, -0.58, -0.37, -12.57, -6.14, 5.27
0.31, -0.57, -0.36, -12.15, -1.19, 14.83
0.28, -0.61, -0.36, -13.40, 3.24, 22.54
0.22, -0.66, -0.37, -13.01, 8.59, 28.88
0.18, -0.74, -0.38, -11.61, 9.75, 31.32
0.19, -0.83, -0.39, -7.97, -0.86, 33.94
0.21, -0.92, -0.41, -4.15, -8.22, 32.69
0.18, -0.99, -0.42, -1.04, -10.52, 25.38
0.07, -1.07, -0.40, -1.87, 4.38, 14.40
-0.04, -1.12, -0.36, -8.30, 15.99, 1.01
-0.11, -1.15, -0.33, -10.85, 26.02, -9.39
-0.06, -1.10, -0.31, -13.97, 29.56, -21.07
0.03, -1.03, -0.30, -14.68, 25.87, -26.96
0.11, -0.94, -0.29, -16.71, 17.28, -29.73
0.16, -0.87, -0.27, -19.58, 5.63, -28.30
0.17, -0.81, -0.26, -22.76, -1.91, -24.13
0.20, -0.75, -0.27, -23.88, -11.70, -19.40
0.24, -0.70, -0.31, -21.53, -19.56, -14.51
0.25, -0.66, -0.35, -17.63, -22.79, -6.89
0.27, -0.64, -0.42, -13.95, -6.08, 3.12
0.28, -0.65, -0.44, -12.41, 3.63, 11.84
0.28, -0.69, -0.44, -8.14, 13.98, 20.25
0.27, -0.74, -0.45, -7.74, 17.88, 26.38
0.24, -0.81, -0.42, -7.66, 14.90, 29.08
0.21, -0.89, -0.40, -6.65, 9.38, 29.27
0.18, -0.96, -0.38, -6.21, -4.37, 22.51
0.09, -1.03, -0.36, -7.01, -6.29, 11.79
-0.07, -1.07, -0.32, -11.21, 3.55, -3.02
-0.16, -1.08, -0.29, -14.64, 21.77, -15.08
-0.11, -1.05, -0.29, -16.23, 32.48, -23.88
0.03, -0.98, -0.30, -14.49, 27.46, -29.18
0.13, -0.92, -0.28, -15.64, 13.10, -29.00
0.17, -0.86, -0.27, -19.16, -1.80, -27.46
0.20, -0.80, -0.27, -20.78, -14.22, -22.62
0.22, -0.73, -0.28, -22.67, -23.28, -17.05
0.24, -0.66, -0.31, -20.14, -24.10, -6.21
0.29, -0.59, -0.36, -17.20, -14.05, 2.93
0.31, -0.57, -0.39, -13.86, -6.19, 12.68
0.31, -0.61, -0.40, -10.39, 0.61, 22.94
0.29, -0.69, -0.42, -8.34, 6.70, 29.88
0.25, -0.81, -0.42, -5.89, 3.03, 32.97
0.22, -0.91, -0.42, -3.46, -1.66, 31.98
0.19, -1.00, -0.42, -2.08, -9.69, 26.72
0.12, -1.07, -0.40, -3.23, -3.28, 16.74
-0.01, -1.13, -0.36, -8.78, 3.28, 2.09
-0.12, -1.14, -0.33, -14.05, 19.15, -12.23
-0.13, -1.11, -0.32, -16.66, 31.69, -22.57
-0.03, -1.00, -0.32, -16.94, 32.73, -29.81
0.08, -0.95, -0.31, -16.67, 24.70, -31.46
0.13, -0.85, -0.29, -21.06, 9.03, -29.13
0.16, -0.80, -0.27, -23.28, -0.08, -24.36
0.18, -0.72, -0.27, -23.79, -14.67, -18.32
0.23, -0.65, -0.30, -20.44, -17.95, -10.04
0.28, -0.60, -0.36, -15.82, -14.72, -0.18
0.30, -0.58, -0.39, -12.51, -6.55, 8.92
0.31, -0.61, -0.41, -9.79, 2.36, 17.69
0.31, -0.66, -0.42, -10.02, 9.30, 25.59
0.29, -0.77, -0.41, -7.78, 10.63, 29.99
0.26, -0.88, -0.41, -7.06, 10.10, 29.54
0.23, -0.98, -0.40, -7.04, -0.27, 27.85
0.18, -1.05, -0.39, -6.88, -4.82, 20.16
0.08, -1.11, -0.36, -7.67, -2.90, 10.83
-0.03, -1.12, -0.34, -10.45, 8.98, -6.25
-0.12, -1.11, -0.32, -15.71, 22.76, -18.58
-0.09, -1.05, -0.32, -15.75, 33.28, -27.17
0.04, -0.96, -0.32, -16.51, 27.66, -30.10
0.12, -0.89, -0.30, -18.64, 15.90, -29.59
0.17, -0.82, -0.29, -21.14, 2.92, -24.52
0.21, -0.75, -0.27, -22.60, -10.78, -17.58
0.22, -0.67, -0.27, -21.78, -22.55, -10.16
0.25, -0.60, -0.32, -17.74, -19.43, -0.11
0.28, -0.57, -0.36, -14.51, -15.27, 8.01
0.29, -0.59, -0.39, -10.04, -2.97, 18.21
0.30, -0.64, -0.42, -9.12, 2.73, 25.09
0.27, -0.71, -0.43, -7.40, 9.36, 31.49
0.24, -0.81, -0.43, -5.83, 8.00, 33.37
0.22, -0.93, -0.42, -4.59, 0.16, 30.60
0.19, -1.01, -0.42, -3.13, -7.37, 25.91
0.11, -1.08, -0.40, -4.04, -9.38, 14.94
-0.05, -1.12, -0.35, -8.86, 3.06, -1.70
-0.18, -1.14, -0.32, -14.24, 20.94, -14.50
-0.15, -1.09, -0.32, -16.13, 34.69, -25.40
0.01, -1.00, -0.32, -15.10, 30.55, -30.49
0.12, -0.92, -0.31, -16.53, 16.00, -32.03
0.17, -0.87, -0.28, -19.33, 4.74, -29.16
0.20, -0.80, -0.27, -21.69, -7.71, -22.42
0.25, -0.72, -0.29, -19.38, -17.43, -16.35
0.27, -0.65, -0.33, -15.77, -15.82, -6.56
0.31, -0.62, -0.36, -12.47, -5.46, 3.08
0.33, -0.63, -0.38, -11.73, 2.75, 12.99
0.32, -0.66, -0.40, -11.36, 8.14, 22.18
0.29, -0.72, -0.40, -11.54, 11.04, 29.27
0.25, -0.79, -0.41, -9.14, 9.92, 31.81
0.23, -0.89, -0.41, -7.49, -2.99, 30.20
0.20, -0.98, -0.41, -5.55, -17.49, 24.38
0.06, -1.04, -0.39, -6.15, -11.01, 12.46
-0.12, -1.07, -0.34, -11.46, 1.42, -4.19
-0.24, -1.08, -0.32, -15.58, 24.09, -17.18
-0.18, -1.04, -0.32, -16.03, 35.54, -27.14
0.00, -0.97, -0.32, -13.53, 30.54, -30.76
0.13, -0.91, -0.30, -15.31, 15.67, -30.12
0.17, -0.84, -0.27, -18.20, 1.46, -26.65
0.21, -0.75, -0.26, -19.62, -8.46, -19.37
0.27, -0.71, -0.29, -20.15, -14.70, -13.35
0.30, -0.66, -0.32, -17.89, -18.29, -5.09
0.33, -0.63, -0.36, -15.67, -9.23, 6.16
0.37, -0.64, -0.40, -12.42, 2.50, 16.98
0.37, -0.67, -0.42, -10.95, 8.09, 26.63
0.31, -0.73, -0.42, -10.14, 12.02, 33.60
0.26, -0.81, -0.40, -9.09, 8.67, 35.63
0.23, -0.91, -0.38, -5.60, -6.65, 34.98
0.18, -1.00, -0.37, -5.61, -22.86, 26.36
0.03, -1.07, -0.34, -7.29, -21.09, 11.52
-0.16, -1.10, -0.32, -12.71, -5.18, -8.49
-0.28, -1.09, -0.32, -18.26, 22.32, -18.70
-0.17, -1.02, -0.36, -16.80, 37.10, -26.13
0.03, -0.92, -0.37, -13.66, 28.36, -27.55
0.15, -0.86, -0.35, -13.65, 13.35, -26.05
0.20, -0.80, -0.32, -15.02, 2.91, -20.80
0.22, -0.75, -0.31, -17.49, -3.59, -15.63
0.24, -0.69, -0.32, -17.76, -9.97, -9.35
0.26, -0.66, -0.34, -16.86, -6.17, -0.18
0.30, -0.65, -0.37, -15.66, -2.46, 8.72
0.30, -0.66, -0.40, -12.00, 5.03, 19.49
0.30, -0.69, -0.42, -9.66, 10.51, 27.09
0.28, -0.75, -0.41, -6.90, 8.09, 33.66
0.25, -0.83, -0.40, -4.96, 1.86, 34.07
0.21, -0.92, -0.39, -4.21, -8.40, 28.46
0.14, -1.01, -0.37, -2.70, -13.24, 19.03
-0.00, -1.10, -0.35, -8.32, -6.08, 3.56
-0.16, -1.15, -0.30, -15.38, 11.43, -12.56
-0.19, -1.14, -0.31, -18.23, 33.49, -22.62
-0.04, -1.06, -0.34, -16.68, 32.93, -30.55
0.12, -0.97, -0.35, -11.91, 25.88, -32.22
0.18, -0.90, -0.33, -13.37, 14.46, -31.54
0.19, -0.86, -0.31, -15.54, 8.87, -27.36
0.22, -0.79, -0.30, -17.33, -0.26, -19.20
0.25, -0.71, -0.29, -18.69, -7.33, -11.42
0.27, -0.63, -0.30, -16.74, -10.00, -2.02
0.27, -0.59, -0.31, -16.12, -8.01, 5.71
0.27, -0.60, -0.33, -15.58, -2.36, 15.96
0.25, -0.64, -0.36, -14.20, -0.69, 23.21
0.22, -0.69, -0.37, -11.88, -1.50, 28.21
0.20, -0.76, -0.39, -6.73, -2.48, 30.00
0.19, -0.86, -0.41, -2.31, -8.94, 28.92
0.16, -0.95, -0.43, -1.33, -9.44, 23.32
0.08, -1.04, -0.41, -4.09, -3.55, 13.64
-0.01, -1.09, -0.38, -8.81, 8.53, 1.76
-0.09, -1.12, -0.35, -16.21, 22.60, -10.41
-0.07, -1.10, -0.33, -19.85, 31.89, -18.54
0.04, -1.03, -0.34, -19.00, 27.70, -23.54
0.14, -0.95, -0.34, -19.66, 16.06, -26.79
0.16, -0.90, -0.32, -20.79, 7.65, -27.02
0.15, -0.86, -0.31, -22.93, 3.40, -23.24
0.17, -0.79, -0.32, -22.10, -2.32, -19.65
0.20, -0.72, -0.32, -19.83, -6.52, -13.05
0.23, -0.67, -0.33, -16.61, -10.82, -6.96
0.25, -0.64, -0.35, -12.14, -5.24, 1.34
0.27, -0.64, -0.35, -10.24, -2.26, 9.73
0.28, -0.67, -0.35, -8.10, 1.79, 18.56
0.27, -0.71, -0.36, -8.22, 4.77, 23.50
0.23, -0.78, -0.36, -7.11, 5.36, 25.46
0.21, -0.85, -0.38, -7.24, 2.15, 25.51
0.19, -0.93, -0.40, -5.42, -0.04, 21.18
0.15, -1.01, -0.40, -5.49, -2.24, 15.06
0.08, -1.08, -0.38, -6.32, 0.65, 6.92
-0.02, -1.10, -0.35, -7.81, 10.53, -6.74
-0.09, -1.07, -0.32, -11.38, 24.27, -17.05
-0.05, -1.03, -0.31, -11.86, 25.91, -25.05
0.05, -0.96, -0.30, -12.25, 19.31, -29.48
0.10, -0.90, -0.28, -15.65, 6.71, -31.52
0.12, -0.84, -0.27, -17.16, -4.71, -27.57
0.18, -0.77, -0.29, -17.12, -18.45, -22.70
0.24, -0.69, -0.33, -15.29, -18.75, -13.09
0.31, -0.64, -0.36, -12.08, -9.42, -0.85
0.36, -0.61, -0.37, -9.64, -3.09, 9.27
0.36, -0.62, -0.37, -9.97, 0.42, 20.83
0.31, -0.68, -0.36, -13.42, 5.59, 27.65
0.23, -0.75, -0.36, -16.39, 6.93, 30.38
0.18, -0.81, -0.37, -13.67, 5.27, 31.97
0.18, -0.89, -0.39, -11.50, -6.92, 30.35
0.17, -0.97, -0.39, -8.36, -17.58, 24.85
0.11, -1.04, -0.40, -5.40, -12.55, 14.59
-0.03, -1.09, -0.38, -9.38, 0.07, -1.30
-0.16, -1.13, -0.34, -14.64, 25.16, -13.82
-0.13, -1.11, -0.33, -16.07, 38.13, -24.86
0.01, -1.02, -0.33, -13.58, 32.20, -30.81
0.12, -0.96, -0.32, -12.77, 17.36, -36.46
0.15, -0.91, -0.30, -14.87, 4.01, -37.56
0.16, -0.86, -0.28, -16.90, -10.34, -34.10
0.19, -0.79, -0.31, -16.04, -12.74, -24.79
0.27, -0.70, -0.34, -14.12, -3.98, -11.97
0.34, -0.62, -0.33, -11.49, -3.63, -3.34
0.34, -0.59, -0.33, -11.50, -2.84, 7.04
0.33, -0.61, -0.34, -14.88, -0.48, 17.05
0.27, -0.65, -0.34, -17.82, 2.71, 22.95
0.19, -0.70, -0.36, -16.60, 5.77, 26.64
0.16, -0.76, -0.38, -14.58, 1.91, 26.67
0.17, -0.84, -0.41, -9.47, -2.58, 26.93
0.16, -0.93, -0.42, -5.73, -8.06, 22.58
0.11, -1.01, -0.42, -3.96, -3.44, 13.92
0.03, -1.09, -0.40, -6.85, 8.26, 1.97
-0.05, -1.13, -0.37, -11.10, 25.34, -9.08
-0.06, -1.11, -0.34, -14.33, 36.40, -21.80
0.03, -1.07, -0.31, -15.15, 33.29, -28.08
0.12, -1.00, -0.29, -15.65, 15.41, -34.87
0.15, -0.94, -0.28, -18.40, 1.77, -36.64
0.17, -0.89, -0.29, -20.99, -12.25, -32.10
0.21, -0.82, -0.31, -20.78, -10.06, -22.76
0.29, -0.72, -0.34, -16.95, -5.22, -14.82
0.33, -0.64, -0.34, -13.03, -4.97, -5.87
0.33, -0.61, -0.34, -11.67, 0.63, 5.75
0.32, -0.63, -0.36, -12.23, 4.95, 14.21
0.27, -0.67, -0.37, -15.40, 8.67, 18.26
0.22, -0.71, -0.41, -16.48, 10.55, 22.29
0.19, -0.74, -0.38, -17.00, 8.97, 24.08
0.19, -0.80, -0.39, -15.38, 5.12, 26.09
0.18, -0.87, -0.39, -11.58, -0.46, 25.24
0.13, -0.94, -0.39, -9.03, -2.75, 19.31
0.05, -1.00, -0.36, -8.10, -4.64, 7.72
-0.04, -1.07, -0.34, -8.93, 5.74, -5.99
-0.09, -1.09, -0.31, -13.58, 17.63, -16.58
-0.05, -1.06, -0.30, -14.11, 25.57, -24.80
0.08, -1.00, -0.31, -11.38, 17.12, -31.19
0.16, -0.95, -0.32, -10.01, 9.07, -33.30
0.21, -0.92, -0.31, -11.08, -2.56, -32.74
0.24, -0.86, -0.32, -10.82, -7.96, -25.18
0.30, -0.78, -0.34, -9.96, -2.27, -15.64
0.36, -0.70, -0.33, -11.45, 2.30, -6.53
0.39, -0.65, -0.31, -12.20, 2.90, 3.37
0.38, -0.63, -0.31, -13.86, 0.10, 10.94
0.32, -0.65, -0.32, -17.95, 2.20, 19.82
0.25, -0.70, -0.33, -20.15, 5.44, 23.10
0.21, -0.74, -0.35, -18.87, 2.84, 25.07
0.20, -0.80, -0.37, -16.42, -5.60, 28.02
0.20, -0.90, -0.39, -11.96, -14.36, 25.48
0.15, -0.96, -0.41, -7.87, -13.24, 19.40
0.04, -1.04, -0.39, -7.05, -8.75, 6.07
-0.07, -1.09, -0.38, -6.95, 6.03, -5.85
-0.11, -1.09, -0.37, -10.51, 22.95, -17.42
-0.05, -1.04, -0.35, -10.23, 29.25, -27.30
0.06, -0.96, -0.34, -9.94, 23.21, -30.82
0.16, -0.91, -0.31, -10.72, 9.75, -31.14
0.20, -0.85, -0.30, -11.02, -1.04, -26.76
0.25, -0.78, -0.31, -12.87, -4.18, -16.27
0.33, -0.70, -0.33, -11.92, 5.45, -4.70
0.41, -0.63, -0.31, -13.02, 3.95, 6.46
0.42, -0.60, -0.30, -13.14, 0.81, 14.08
0.37, -0.64, -0.30, -17.72, -1.89, 22.95
0.27, -0.71, -0.31, -19.44, 6.18, 28.37
0.23, -0.78, -0.33, -18.06, 2.54, 30.75
0.23, -0.86, -0.36, -13.79, -11.60, 30.82
0.22, -0.93, -0.38, -8.33, -24.04, 26.46
0.14, -1.00, -0.40, -4.13, -25.36, 16.06
-0.03, -1.07, -0.38, -5.35, -13.05, -1.02
-0.19, -1.13, -0.37, -10.50, 14.96, -14.19
-0.17, -1.11, -0.37, -11.97, 36.90, -27.67
-0.01, -1.02, -0.37, -8.93, 34.57, -33.68
0.15, -0.96, -0.36, -7.68, 20.54, -34.54
0.22, -0.92, -0.34, -9.12, 5.19, -32.38
0.24, -0.86, -0.32, -11.32, -1.14, -25.17
0.27, -0.78, -0.31, -14.03, -1.29, -14.00
0.34, -0.69, -0.30, -14.31, 8.58, -4.37
0.39, -0.62, -0.28, -15.31, 3.27, 4.71
0.38, -0.60, -0.28, -14.75, -2.53, 13.79
0.30, -0.64, -0.30, -18.65, -1.64, 21.18
0.20, -0.69, -0.31, -19.21, 5.39, 24.42
0.17, -0.73, -0.34, -18.36, 7.54, 26.46
0.20, -0.78, -0.36, -15.59, -2.52, 28.26
0.23, -0.85, -0.39, -11.17, -11.67, 28.30
0.19, -0.93, -0.40, -8.68, -12.84, 23.33
0.09, -1.01, -0.40, -7.53, -5.16, 12.52
-0.03, -1.08, -0.38, -9.67, 5.92, -0.00
-0.10, -1.11, -0.37, -10.50, 24.45, -10.60
-0.04, -1.09, -0.35, -10.63, 29.51, -20.14
0.08, -1.04, -0.33, -10.33, 21.83, -25.47
0.19, -0.98, -0.31, -12.38, 10.78, -27.01
0.22, -0.93, -0.30, -14.34, -0.11, -27.23
0.22, -0.87, -0.30, -15.19, -4.54, -24.91
0.23, -0.81, -0.31, -18.16, -4.27, -17.71
0.26, -0.74, -0.32, -19.11, -2.62, -10.22
0.30, -0.67, -0.32, -18.79, 1.29, -0.91
0.34, -0.63, -0.33, -17.54, -0.61, 7.51
0.33, -0.63, -0.35, -17.16, -0.13, 13.90
0.26, -0.68, -0.36, -18.45, 4.42, 17.86
0.19, -0.74, -0.37, -17.38, 13.12, 22.18
0.18, -0.78, -0.39, -16.34, 14.27, 24.90
0.19, -0.83, -0.41, -10.19, 11.53, 25.62
0.20, -0.88, -0.41, -4.39, 5.91, 23.23
0.15, -0.95, -0.40, -2.01, 5.09, 14.38
0.06, -1.04, -0.37, -2.98, 9.69, 3.20
-0.04, -1.11, -0.32, -9.05, 17.72, -8.70
-0.07, -1.12, -0.28, -13.38, 26.79, -19.11
0.02, -1.06, -0.28, -15.29, 23.50, -25.82
0.14, -0.99, -0.28, -15.86, 12.81, -29.14
0.22, -0.92, -0.28, -15.23, 0.72, -30.54
0.24, -0.87, -0.30, -16.56, -4.29, -26.67
0.27, -0.80, -0.31, -18.09, -3.01, -16.31
0.33, -0.71, -0.32, -17.09, 2.78, -4.73
0.38, -0.64, -0.32, -16.75, 1.59, 3.55
0.34, -0.61, -0.32, -15.72, -6.28, 9.06
0.30, -0.63, -0.33, -20.13, -3.89, 15.87
0.21, -0.69, -0.34, -19.97, 4.14, 21.08
0.18, -0.73, -0.37, -17.21, 8.16, 23.74
0.20, -0.78, -0.39, -11.58, 4.29, 25.46
0.23, -0.85, -0.40, -7.21, -2.45, 26.33
0.20, -0.93, -0.39, -3.75, -9.81, 21.25
0.11, -1.01, -0.34, -1.97, -6.29, 9.22
-0.03, -1.09, -0.35, -8.46, 4.84, -4.08
-0.11, -1.12, -0.33, -13.17, 22.72, -15.01
-0.04, -1.07, -0.32, -13.78, 27.42, -23.74
0.09, -0.97, -0.32, -12.39, 18.72, -26.26
0.20, -0.94, -0.31, -11.68, 6.60, -28.03
0.23, -0.89, -0.31, -12.35, -3.20, -25.45
0.24, -0.83, -0.31, -15.42, -2.49, -18.96
0.29, -0.75, -0.31, -16.24, 1.03, -9.40
0.32, -0.68, -0.31, -17.34, 3.23, -1.44
0.36, -0.64, -0.30, -17.08, 0.74, 5.80
0.36, -0.64, -0.32, -17.59, -3.77, 12.71
0.28, -0.68, -0.33, -20.33, -2.41, 17.66
0.21, -0.73, -0.36, -20.17, 7.73, 24.22
0.21, -0.77, -0.39, -16.82, 9.96, 25.39
0.22, -0.81, -0.41, -14.98, 7.64, 27.34
0.23, -0.87, -0.42, -9.89, -0.86, 24.92
0.15, -0.94, -0.42, -5.05, -1.40, 16.89
0.01, -1.04, -0.40, -6.63, 3.44, 3.29
-0.11, -1.11, -0.35, -10.06, 19.02, -10.32
-0.12, -1.12, -0.31, -14.11, 30.89, -20.41
-0.01, -1.06, -0.29, -13.39, 25.66, -27.86
0.13, -0.98, -0.28, -12.97, 10.54, -32.02
0.19, -0.92, -0.28, -12.23, -5.72, -35.65
0.18, -0.87, -0.30, -12.19, -10.71, -34.50
0.20, -0.81, -0.32, -14.54, -5.04, -25.69
0.29, -0.73, -0.33, -12.87, 8.68, -16.75
0.39, -0.65, -0.32, -11.67, -3.73, -11.37
0.39, -0.63, -0.32, -12.83, 1.83, 3.00
0.42, -0.64, -0.35, -14.10, 7.71, 14.55
0.41, -0.66, -0.34, -16.12, 6.11, 21.83
0.29, -0.71, -0.34, -16.48, 11.28, 28.95
0.26, -0.76, -0.36, -16.86, 12.30, 31.63
0.23, -0.82, -0.36, -16.47, 7.40, 34.81
0.23, -0.87, -0.37, -9.54, -3.04, 32.34
0.18, -0.96, -0.39, -4.42, -16.57, 21.95
0.03, -1.05, -0.37, -2.19, -12.01, 5.84
-0.14, -1.12, -0.34, -7.84, 2.29, -11.74
-0.18, -1.13, -0.32, -13.07, 27.74, -24.32
-0.05, -1.04, -0.32, -10.99, 30.11, -33.33
0.14, -0.96, -0.32, -9.37, 16.57, -37.25
0.25, -0.94, -0.31, -9.72, -7.50, -35.70
0.27, -0.91, -0.32, -12.59, -10.55, -28.53
0.33, -0.82, -0.33, -13.69, -1.73, -17.59
0.38, -0.73, -0.33, -15.58, 3.86, -9.52
0.40, -0.65, -0.30, -15.54, 4.84, 2.54
0.42, -0.62, -0.30, -18.35, 3.18, 11.46
0.37, -0.64, -0.30, -22.89, 2.36, 17.96
0.28, -0.69, -0.31, -25.32, 7.46, 24.15
0.24, -0.74, -0.34, -22.43, 9.54, 26.86
0.24, -0.80, -0.37, -16.43, 3.47, 29.00
0.24, -0.88, -0.37, -11.12, -4.12, 28.45
0.21, -0.96, -0.38, -5.91, -14.82, 22.06
0.08, -1.01, -0.37, -3.83, -12.22, 10.05
-0.07, -1.07, -0.34, -7.46, 3.77, -7.70
-0.15, -1.08, -0.33, -10.65, 19.23, -20.73
-0.07, -1.04, -0.33, -11.72, 24.59, -28.27
0.11, -0.98, -0.33, -10.79, 12.62, -31.41
0.25, -0.93, -0.33, -9.73, -3.72, -30.01
0.29, -0.89, -0.32, -11.59, -8.62, -27.16
0.30, -0.84, -0.32, -14.22, -3.85, -18.47
0.33, -0.78, -0.33, -14.81, 3.36, -9.32
0.35, -0.72, -0.32, -18.08, -2.66, -4.19
0.31, -0.68, -0.29, -20.30, -6.79, 4.92
0.30, -0.66, -0.31, -19.41, -14.22, 7.43
0.24, -0.68, -0.32, -20.68, -13.95, 9.45
0.16, -0.73, -0.32, -20.99, -8.94, 10.99
0.14, -0.77, -0.36, -17.27, -4.90, 10.57
0.14, -0.81, -0.39, -12.00, -7.43, 8.37
0.14, -0.88, -0.40, -6.49, -8.27, 5.26
0.12, -0.96, -0.40, -3.76, -7.53, -1.09
0.10, -1.02, -0.38, -6.04, -0.40, -6.24
0.12, -1.02, -0.37, -7.01, 2.55, -13.18
0.19, -0.98, -0.37, -7.78, 6.78, -16.06
0.21, -0.94, -0.36, -11.05, 10.46, -16.35
0.27, -0.90, -0.34, -12.28, 11.11, -12.41
0.30, -0.86, -0.32, -14.21, 7.34, -10.55
0.30, -0.83, -0.30, -16.94, 1.97, -5.82
0.29, -0.79, -0.30, -19.18, -1.57, -2.11
0.29, -0.74, -0.31, -20.51, 0.60, 4.28
0.28, -0.71, -0.32, -20.46, -2.91, 5.52
0.25, -0.71, -0.34, -19.65, 0.78, 8.16
0.21, -0.75, -0.35, -18.67, 4.10, 10.47
0.20, -0.80, -0.36, -16.28, 3.51, 10.70
0.20, -0.85, -0.37, -12.90, -1.33, 9.51
0.20, -0.89, -0.38, -9.50, -4.31, 8.06
0.17, -0.94, -0.37, -9.69, -4.61, 2.01
0.13, -0.97, -0.37, -8.32, -0.81, -3.23
0.11, -0.99, -0.37, -8.99, 4.78, -9.86
0.12, -0.98, -0.37, -10.28, 8.62, -13.77
0.16, -0.94, -0.37, -10.10, 10.82, -14.48
0.23, -0.88, -0.36, -11.33, 11.17, -11.82
0.27, -0.82, -0.34, -11.38, 12.52, -7.46
0.30, -0.79, -0.31, -15.01, 7.49, -1.62
0.30, -0.77, -0.28, -17.46, 1.71, 2.22
0.28, -0.75, -0.29, -20.35, -2.21, 6.77
0.27, -0.73, -0.31, -20.82, -0.09, 12.06
0.27, -0.72, -0.34, -18.86, 3.74, 16.73
0.27, -0.73, -0.34, -17.61, 5.38, 20.44
0.27, -0.77, -0.35, -17.61, 5.05, 23.63
0.25, -0.83, -0.36, -16.64, 3.07, 26.32
0.24, -0.87, -0.36, -15.23, -0.23, 25.79
0.21, -0.92, -0.37, -12.87, -11.19, 22.22
0.14, -0.97, -0.37, -8.23, -21.00, 11.91
0.02, -1.02, -0.38, -6.78, -21.46, -0.31
-0.09, -1.05, -0.37, -8.17, -6.35, -15.40
-0.14, -1.03, -0.36, -10.06, 12.90, -28.99
-0.03, -0.98, -0.36, -10.12, 20.26, -35.92
0.10, -0.92, -0.36, -9.96, 14.72, -37.81
0.25, -0.87, -0.37, -10.23, 2.54, -31.26
0.32, -0.80, -0.40, -9.81, 8.51, -15.30
0.45, -0.71, -0.40, -10.04, 21.72, -0.88
0.53, -0.67, -0.33, -13.76, 14.09, 8.12
0.47, -0.66, -0.28, -19.29, 3.76, 17.29
0.33, -0.71, -0.28, -26.17, 8.54, 23.14
0.19, -0.75, -0.28, -28.19, 15.07, 23.14
0.14, -0.77, -0.30, -26.77, 13.11, 24.80
0.19, -0.80, -0.33, -20.53, 0.74, 26.69
0.25, -0.84, -0.36, -15.69, -15.27, 28.25
0.22, -0.86, -0.36, -11.97, -17.32, 24.25
0.12, -0.88, -0.37, -10.30, -8.01, 16.35
-0.00, -0.92, -0.37, -8.96, 1.62, 6.34
-0.05, -0.99, -0.37, -8.10, 6.00, -5.57
-0.03, -1.05, -0.36, -9.51, 7.68, -12.19
0.06, -1.05, -0.36, -8.55, 1.62, -20.31
0.15, -0.98, -0.36, -8.45, -2.67, -25.49
0.18, -0.94, -0.34, -10.78, -0.77, -26.71
0.21, -0.90, -0.34, -14.31, 3.31, -23.59
0.24, -0.84, -0.36, -16.15, 7.85, -16.17
0.30, -0.77, -0.37, -17.74, 8.56, -6.54
0.38, -0.71, -0.37, -17.82, 10.19, 4.85
0.42, -0.66, -0.36, -18.47, 3.61, 12.87
0.36, -0.66, -0.34, -21.90, 6.62, 22.63
0.28, -0.69, -0.34, -24.34, 12.71, 28.47
0.22, -0.72, -0.35, -24.45, 11.20, 33.68
0.22, -0.75, -0.36, -19.44, -0.81, 36.62
0.22, -0.81, -0.38, -10.88, -17.92, 31.98
0.09, -0.87, -0.40, -8.95, -19.72, 22.16
-0.10, -0.94, -0.37, -16.39, 5.79, 11.98
-0.13, -0.98, -0.34, -17.59, 16.21, 2.22
-0.01, -0.98, -0.38, -13.04, 13.55, -3.26
0.07, -0.97, -0.39, -13.50, 9.81, -5.98
0.12, -0.94, -0.37, -12.83, 11.32, -8.71
0.17, -0.90, -0.35, -13.58, 9.94, -9.19
0.23, -0.86, -0.35, -15.53, 9.51, -4.67
0.28, -0.83, -0.34, -17.20, 7.61, 3.23
0.32, -0.79, -0.33, -18.76, 4.55, 11.03
0.33, -0.78, -0.34, -18.27, -3.62, 15.82
0.30, -0.80, -0.34, -15.73, -10.55, 17.64
0.22, -0.82, -0.36, -13.36, -11.91, 15.70
0.12, -0.86, -0.37, -11.04, -3.84, 12.66
0.04, -0.89, -0.36, -14.73, 1.98, 7.87
0.02, -0.92, -0.35, -13.69, 4.63, 4.52
0.05, -0.91, -0.36, -13.00, -3.50, -0.70
0.05, -0.89, -0.38, -9.11, -7.75, -6.41
0.04, -0.89, -0.39, -7.30, -0.06, -10.11
0.04, -0.90, -0.38, -7.59, 2.95, -13.38
0.07, -0.91, -0.37, -9.16, 4.85, -13.06
0.12, -0.90, -0.36, -10.72, 3.95, -11.11
0.17, -0.84, -0.35, -12.43, 3.77, -9.02
0.21, -0.79, -0.35, -13.16, 5.29, -3.76
0.25, -0.76, -0.36, -14.27, 4.96, 1.35
0.28, -0.76, -0.37, -15.39, 5.00, 8.54
0.31, -0.76, -0.37, -18.95, 3.72, 15.70
0.30, -0.76, -0.41, -19.35, 0.74, 21.68
0.25, -0.77, -0.39, -18.83, -2.43, 22.07
0.17, -0.82, -0.39, -18.19, 2.74, 21.86
0.07, -0.87, -0.38, -18.90, 2.12, 16.78
0.03, -0.93, -0.38, -12.04, -2.70, 9.76
-0.00, -0.98, -0.39, -8.04, -10.42, -2.62
-0.07, -1.02, -0.39, -7.46, -4.66, -13.75
-0.10, -1.02, -0.40, -9.00, 11.68, -23.27
-0.04, -0.98, -0.40, -9.62, 23.54, -28.36
0.05, -0.91, -0.39, -8.51, 24.52, -31.32
0.12, -0.86, -0.36, -10.09, 14.21, -31.41
0.17, -0.82, -0.36, -10.56, 9.58, -24.79
0.23, -0.76, -0.36, -12.68, 4.60, -14.32
0.33, -0.70, -0.35, -12.27, 12.45, 0.19
0.40, -0.63, -0.33, -14.57, 7.75, 10.35
0.39, -0.62, -0.31, -16.39, 5.34, 19.65
0.33, -0.65, -0.30, -19.00, 8.07, 30.17
0.25, -0.70, -0.30, -23.03, 10.12, 34.81
0.20, -0.75, -0.32, -21.49, 1.76, 39.04
0.21, -0.80, -0.36, -13.05, -14.81, 37.07
0.19, -0.89, -0.41, -5.51, -26.96, 31.92
0.04, -0.97, -0.41, -5.69, -20.18, 17.05
-0.17, -1.06, -0.36, -7.69, -8.70, 2.05
-0.23, -1.12, -0.38, -9.87, 7.31, -13.28
-0.18, -1.12, -0.40, -10.03, 23.87, -23.51
-0.06, -1.05, -0.41, -8.33, 27.10, -32.95
0.07, -0.97, -0.41, -6.26, 17.68, -36.61
0.13, -0.92, -0.38, -9.85, 4.79, -36.96
0.17, -0.88, -0.38, -10.68, 2.08, -28.94
0.25, -0.80, -0.40, -11.85, 12.37, -18.03
0.34, -0.71, -0.37, -13.60, 13.99, -7.43
0.38, -0.65, -0.32, -16.33, 12.04, 5.31
0.40, -0.62, -0.30, -19.69, 12.08, 16.77
0.34, -0.64, -0.29, -24.87, 12.60, 24.76
0.25, -0.68, -0.30, -28.94, 14.43, 31.69
0.18, -0.72, -0.32, -27.45, 11.49, 36.16
0.19, -0.75, -0.34, -22.93, -3.66, 39.66
0.22, -0.80, -0.39, -12.26, -27.41, 39.25
0.16, -0.86, -0.42, -2.63, -32.80, 28.50
-0.08, -0.94, -0.40, -1.93, -17.42, 11.26
-0.31, -1.03, -0.37, -6.24, 14.45, -8.53
-0.31, -1.10, -0.38, -8.33, 40.24, -19.05
-0.11, -1.08, -0.39, -6.45, 35.71, -27.16
0.09, -1.02, -0.38, -3.85, 18.69, -30.54
0.18, -0.94, -0.37, -2.56, -2.70, -33.90
0.18, -0.94, -0.37, -4.27, -9.54, -33.06
0.19, -0.89, -0.40, -6.21, 9.39, -25.04
0.29, -0.83, -0.40, -8.84, 20.78, -17.07
0.38, -0.75, -0.36, -11.08, 24.33, -2.63
0.44, -0.71, -0.33, -13.73, 18.10, 8.25
0.40, -0.70, -0.31, -19.13, 9.76, 14.66
0.24, -0.72, -0.29, -25.20, 14.69, 19.25
0.12, -0.74, -0.30, -28.83, 15.41, 20.45
0.09, -0.75, -0.31, -26.58, 10.09, 22.55
0.14, -0.75, -0.34, -21.74, -0.87, 24.74
0.16, -0.77, -0.36, -16.75, -10.51, 27.52
0.13, -0.80, -0.39, -13.16, -10.83, 23.73
0.05, -0.85, -0.40, -9.85, -7.94, 15.17
-0.08, -0.92, -0.39, -8.26, 1.20, 4.40
-0.15, -1.00, -0.38, -9.56, 7.52, -8.24
-0.12, -1.05, -0.37, -8.47, 15.81, -15.44
-0.01, -1.04, -0.37, -5.79, 8.67, -23.49
0.09, -1.00, -0.37, -3.37, 7.10, -27.87
0.13, -0.95, -0.36, -5.02, 7.43, -30.45
0.13, -0.91, -0.34, -9.28, 8.58, -28.62
0.20, -0.87, -0.35, -10.49, 15.65, -19.02
0.34, -0.80, -0.36, -12.99, 16.61, -8.07
0.44, -0.74, -0.33, -16.07, 9.97, 3.65
0.46, -0.70, -0.31, -18.81, -0.01, 13.21
0.37, -0.68, -0.31, -25.20, 2.14, 20.41
0.22, -0.70, -0.33, -29.06, 11.96, 25.01
0.14, -0.72, -0.35, -27.52, 17.01, 28.37
0.16, -0.73, -0.38, -21.79, 6.00, 32.39
0.21, -0.80, -0.39, -13.37, -17.76, 32.06
0.17, -0.88, -0.39, -5.21, -36.73, 24.57
-0.03, -0.96, -0.39, -2.83, -24.16, 7.49
-0.27, -1.04, -0.37, -10.87, -1.47, -11.89
-0.31, -1.09, -0.37, -11.33, 35.74, -19.13
-0.11, -1.05, -0.40, -9.27, 32.46, -28.80
0.09, -0.98, -0.39, -4.12, 20.46, -31.56
0.17, -0.95, -0.38, -4.17, 6.06, -32.35
0.18, -0.92, -0.35, -6.96, -1.35, -33.29
0.16, -0.87, -0.33, -11.08, 1.09, -27.49
0.23, -0.79, -0.35, -15.62, 11.71, -15.03
0.36, -0.71, -0.34, -16.49, 17.66, -2.96
0.46, -0.63, -0.31, -18.49, 10.89, 9.63
0.44, -0.62, -0.29, -22.04, 0.20, 18.80
0.31, -0.66, -0.30, -26.59, 5.00, 25.68
0.20, -0.70, -0.31, -29.15, 10.39, 30.03
0.17, -0.74, -0.34, -23.94, 5.50, 33.96
0.20, -0.78, -0.38, -15.81, -13.33, 36.84
0.20, -0.86, -0.40, -6.76, -35.34, 31.26
0.05, -0.95, -0.41, -1.41, -32.01, 16.36
-0.17, -1.03, -0.40, -6.79, -1.13, -0.53
-0.31, -1.09, -0.37, -12.48, 20.99, -16.58
-0.21, -1.08, -0.40, -9.57, 41.72, -24.71
0.01, -1.02, -0.40, -11.03, 26.83, -30.16
0.13, -0.96, -0.38, -9.88, 14.88, -28.67
0.22, -0.90, -0.38, -12.29, 7.00, -27.97
0.23, -0.84, -0.36, -14.52, 9.27, -21.69
0.26, -0.78, -0.36, -16.66, 12.76, -14.88
0.32, -0.74, -0.37, -18.57, 15.43, -3.26
0.39, -0.72, -0.35, -20.32, 10.91, 5.58
0.37, -0.71, -0.34, -23.34, 6.43, 12.28
0.30, -0.73, -0.34, -27.94, 9.66, 17.54
0.24, -0.77, -0.34, -30.62, 10.29, 20.06
0.22, -0.83, -0.35, -29.93, 4.61, 21.54
0.22, -0.89, -0.36, -28.15, -11.44, 21.58
0.16, -0.93, -0.38, -23.87, -19.41, 15.07
0.01, -0.95, -0.40, -21.88, -9.59, 1.67
-0.15, -0.98, -0.39, -23.34, 7.39, -10.22
-0.17, -0.99, -0.40, -21.56, 19.91, -17.88
-0.06, -0.95, -0.41, -16.50, 18.99, -23.49
0.07, -0.89, -0.40, -12.19, 10.54, -25.33
0.15, -0.85, -0.39, -8.75, 4.41, -25.30
0.16, -0.82, -0.38, -8.82, 5.75, -23.74
0.16, -0.78, -0.36, -10.85, 8.26, -20.92
0.20, -0.74, -0.34, -11.39, 5.73, -15.98
0.25, -0.72, -0.34, -11.99, 1.24, -7.74
0.30, -0.71, -0.36, -12.11, 1.57, 1.21
0.34, -0.70, -0.36, -13.52, 5.41, 10.49
0.34, -0.72, -0.37, -13.70, 4.92, 15.64
0.29, -0.74, -0.38, -14.35, 9.33, 22.02
0.23, -0.79, -0.38, -12.56, 9.53, 23.28
0.19, -0.84, -0.38, -11.25, 3.07, 22.68
0.16, -0.90, -0.39, -8.35, -6.30, 18.64
0.11, -0.95, -0.39, -5.76, -14.44, 10.22
0.01, -0.97, -0.38, -4.14, -11.35, -0.05
-0.10, -0.99, -0.38, -5.47, 2.71, -11.30
-0.12, -0.99, -0.37, -5.92, 15.35, -20.46
-0.01, -0.96, -0.36, -3.38, 12.48, -26.81
0.06, -0.92, -0.36, -1.14, 1.47, -31.63
0.10, -0.88, -0.36, -2.52, -8.72, -28.65
0.15, -0.82, -0.35, -3.80, -9.14, -20.72
0.27, -0.73, -0.36, -4.67, 6.95, -2.51
0.39, -0.63, -0.34, -5.12, 3.57, 10.61
0.45, -0.57, -0.31, -3.99, 0.87, 19.26
0.42, -0.59, -0.32, -9.28, -4.75, 24.50
0.30, -0.68, -0.35, -16.38, 1.26, 31.50
0.23, -0.76, -0.39, -19.30, 4.93, 33.00
0.20, -0.83, -0.43, -15.06, 1.37, 31.45
0.17, -0.91, -0.46, -9.16, -7.53, 25.60
0.12, -1.02, -0.45, -3.00, -14.72, 19.37
0.03, -1.10, -0.43, 0.33, -11.28, 4.19
-0.15, -1.16, -0.39, -6.28, 6.85, -14.12
-0.23, -1.13, -0.34, -11.14, 36.90, -28.33
-0.10, -1.08, -0.33, -11.38, 38.88, -39.17
0.06, -1.00, -0.34, -9.81, 19.36, -45.39
0.15, -0.94, -0.34, -12.45, -0.49, -42.48
0.20, -0.88, -0.35, -15.09, -2.29, -31.64
0.32, -0.77, -0.38, -11.50, 16.41, -14.48
0.43, -0.62, -0.36, -8.40, 7.15, -7.86
0.40, -0.54, -0.31, -6.99, 7.39, 5.62
0.36, -0.55, -0.30, -10.69, 2.88, 14.11
0.26, -0.60, -0.30, -15.23, 7.96, 21.29
0.17, -0.64, -0.32, -16.27, 10.16, 24.31
0.17, -0.69, -0.36, -13.49, 8.10, 27.59
0.22, -0.76, -0.40, -7.29, 1.09, 29.69
0.23, -0.85, -0.42, -3.73, -3.31, 29.02
0.18, -0.95, -0.43, -0.75, 6.07, 27.58
0.10, -1.04, -0.40, -0.89, 12.44, 18.46
-0.02, -1.11, -0.35, -4.03, 21.58, 6.30
-0.08, -1.14, -0.30, -9.51, 23.96, -7.49
-0.07, -1.11, -0.27, -11.38, 24.82, -18.51
0.01, -1.04, -0.27, -10.62, 16.39, -28.80
0.07, -0.96, -0.28, -9.84, 11.72, -36.47
0.08, -0.93, -0.28, -13.47, -1.79, -42.09
0.11, -0.90, -0.29, -16.39, -9.27, -33.31
0.26, -0.82, -0.36, -11.62, 3.81, -18.36
0.44, -0.70, -0.40, -5.88, 1.92, -11.92
0.44, -0.64, -0.35, -5.19, -0.69, -1.25
0.41, -0.65, -0.34, -9.57, 7.38, 10.70
0.38, -0.68, -0.33, -18.38, 10.31, 20.13
0.27, -0.71, -0.33, -21.60, 18.98, 25.89
0.21, -0.73, -0.34, -22.63, 16.86, 28.99
0.20, -0.78, -0.34, -20.65, 6.32, 30.48
0.21, -0.84, -0.37, -14.46, -8.58, 30.66
0.15, -0.92, -0.39, -8.36, -17.06, 23.08
0.01, -1.01, -0.38, -5.91, -6.65, 12.44
-0.11, -1.08, -0.36, -8.07, 8.49, -5.16
-0.19, -1.09, -0.34, -10.52, 30.81, -15.43
-0.09, -1.05, -0.33, -8.72, 38.52, -22.96
0.08, -0.98, -0.31, -7.20, 26.07, -27.79
0.18, -0.93, -0.28, -7.98, 7.49, -30.64
0.20, -0.89, -0.26, -10.96, -5.39, -31.74
0.20, -0.85, -0.25, -14.38, -14.02, -28.65
0.24, -0.80, -0.28, -15.66, -7.43, -15.92
0.36, -0.72, -0.32, -14.67, -2.54, -7.01
0.41, -0.65, -0.32, -13.69, -6.74, 3.39
0.41, -0.63, -0.34, -13.99, -1.51, 14.69
0.36, -0.67, -0.34, -21.25, 1.72, 21.76
0.27, -0.70, -0.34, -22.58, 11.60, 27.36
0.23, -0.74, -0.36, -21.80, 12.10, 31.77
0.24, -0.80, -0.39, -18.97, -2.11, 34.31
0.25, -0.88, -0.41, -10.21, -14.99, 33.99
0.19, -1.00, -0.43, -4.30, -19.10, 25.85
0.00, -1.05, -0.39, -4.87, -4.82, 9.72
-0.20, -1.12, -0.32, -10.96, 12.78, -10.88
-0.25, -1.13, -0.32, -13.00, 35.91, -20.78
-0.08, -1.03, -0.32, -10.72, 33.89, -30.46
0.09, -0.98, -0.31, -8.85, 22.92, -35.29
0.17, -0.93, -0.29, -11.23, 5.11, -37.35
0.19, -0.90, -0.27, -13.68, -4.31, -35.97
0.21, -0.84, -0.28, -16.66, -15.88, -29.33
0.28, -0.76, -0.33, -14.65, -5.83, -13.55
0.41, -0.65, -0.35, -11.95, -4.37, -5.89
0.40, -0.60, -0.32, -12.08, -2.92, 6.90
0.37, -0.60, -0.32, -14.22, 1.44, 16.27
0.31, -0.64, -0.33, -19.55, 5.45, 24.38
0.24, -0.69, -0.32, -21.02, 9.05, 29.06
0.22, -0.73, -0.35, -17.98, 4.86, 31.56
0.23, -0.80, -0.37, -12.30, -9.71, 32.37
0.20, -0.89, -0.38, -7.05, -18.15, 29.59
0.14, -1.00, -0.39, -3.89, -21.22, 21.63
0.04, -1.09, -0.38, -2.76, -9.53, 7.22
-0.08, -1.14, -0.35, -8.77, 6.22, -6.96
-0.15, -1.15, -0.33, -11.76, 28.94, -19.80
-0.05, -1.09, -0.33, -12.47, 33.28, -28.82
0.09, -1.01, -0.33, -10.31, 20.82, -34.61
0.17, -0.96, -0.31, -11.87, 5.26, -37.86
0.18, -0.91, -0.29, -13.48, -6.95, -38.66
0.20, -0.86, -0.30, -14.94, -11.08, -29.96
0.30, -0.77, -0.33, -14.71, -2.27, -19.13
0.38, -0.69, -0.33, -14.01, -4.49, -12.53
0.38, -0.63, -0.32, -14.64, 0.73, -1.49
0.36, -0.62, -0.32, -18.29, 6.47, 11.49
0.33, -0.63, -0.32, -21.26, 5.43, 18.41
0.26, -0.64, -0.32, -22.28, 7.96, 24.35
0.21, -0.68, -0.34, -20.71, 7.75, 27.59
0.20, -0.75, -0.36, -16.63, 0.65, 29.04
0.18, -0.85, -0.37, -11.76, -8.99, 28.80
0.15, -0.94, -0.39, -6.22, -16.15, 21.75
0.06, -1.02, -0.40, -2.01, -6.05, 11.13
-0.05, -1.08, -0.37, -4.12, 9.82, -3.20
-0.09, -1.11, -0.34, -6.39, 26.77, -12.38
-0.01, -1.09, -0.33, -8.29, 27.00, -24.63
0.10, -1.03, -0.31, -7.27, 18.29, -30.09
0.16, -0.99, -0.30, -8.81, 4.82, -32.87
0.19, -0.95, -0.28, -11.71, -6.34, -33.55
0.21, -0.85, -0.28, -14.04, -13.02, -26.41
0.28, -0.77, -0.31, -12.32, -6.35, -16.36
0.36, -0.65, -0.31, -13.42, -4.57, -6.79
0.38, -0.59, -0.28, -12.29, -4.60, 2.64
0.36, -0.58, -0.28, -12.38, 1.16, 14.39
0.35, -0.61, -0.30, -15.57, -0.77, 22.51
0.30, -0.67, -0.32, -14.91, 0.94, 31.07
0.28, -0.73, -0.33, -14.82, -5.86, 34.37
0.26, -0.82, -0.36, -9.12, -12.60, 35.04
0.23, -0.91, -0.40, -4.90, -18.11, 28.92
0.13, -1.02, -0.41, -4.63, -9.38, 20.86
0.00, -1.12, -0.39, -5.55, -3.61, 9.01
-0.08, -1.17, -0.39, -7.60, 12.87, -5.86
-0.12, -1.17, -0.36, -11.65, 27.02, -20.57
-0.08, -1.10, -0.35, -11.96, 37.40, -29.19
0.06, -1.01, -0.34, -13.44, 32.38, -34.83
0.16, -0.93, -0.31, -17.71, 20.66, -33.87
0.20, -0.86, -0.28, -20.52, 8.18, -28.09
0.25, -0.76, -0.27, -21.96, -4.86, -21.40
0.28, -0.67, -0.27, -20.95, -10.55, -12.82
0.32, -0.62, -0.30, -19.98, -5.81, -1.99
0.36, -0.59, -0.32, -19.06, -1.48, 8.68
0.38, -0.61, -0.33, -17.67, 1.52, 18.41
0.35, -0.66, -0.34, -17.05, 5.97, 26.76
0.29, -0.73, -0.34, -17.05, 10.06, 30.39
0.27, -0.83, -0.35, -15.33, 7.40, 33.10
0.25, -0.92, -0.35, -10.94, -9.98, 29.98
0.22, -1.00, -0.37, -4.49, -22.73, 23.84
0.11, -1.06, -0.38, -2.71, -18.02, 9.56
-0.10, -1.12, -0.34, -9.65, 2.31, -7.29
-0.22, -1.12, -0.31, -14.90, 32.00, -19.55
-0.09, -1.05, -0.33, -13.70, 39.27, -26.86
0.10, -0.97, -0.33, -11.82, 24.65, -30.91
0.21, -0.92, -0.31, -12.26, 7.08, -28.94
0.23, -0.87, -0.29, -15.27, -5.47, -25.29
0.25, -0.80, -0.29, -16.63, -9.49, -20.69
0.27, -0.74, -0.30, -16.65, -12.22, -13.29
0.29, -0.69, -0.32, -16.03, -6.00, -6.74
0.32, -0.65, -0.34, -16.77, 1.26, 3.44
0.34, -0.64, -0.36, -15.32, 8.95, 13.73
0.35, -0.67, -0.37, -15.29, 8.59, 20.52
0.30, -0.72, -0.37, -16.62, 13.63, 26.85
0.26, -0.79, -0.37, -16.31, 14.98, 30.25
0.24, -0.86, -0.36, -15.76, 6.88, 31.15
0.23, -0.95, -0.35, -11.34, -5.99, 29.08
0.15, -1.01, -0.37, -8.43, -14.32, 18.37
-0.05, -1.05, -0.34, -9.69, -1.50, 3.45
-0.16, -1.09, -0.31, -13.94, 12.23, -12.43
-0.15, -1.08, -0.33, -13.10, 29.62, -22.77
-0.01, -1.01, -0.33, -10.86, 25.50, -29.37
0.14, -0.95, -0.32, -9.31, 15.35, -32.16
0.21, -0.91, -0.30, -11.59, 4.76, -31.80
0.24, -0.86, -0.29, -13.96, -5.53, -27.19
0.27, -0.80, -0.29, -15.75, -4.06, -18.34
0.31, -0.71, -0.30, -16.17, -5.31, -12.73
0.32, -0.65, -0.32, -15.38, -2.73, -2.40
0.35, -0.63, -0.33, -15.49, 3.15, 5.76
0.36, -0.65, -0.35, -14.36, 7.66, 15.36
0.32, -0.67, -0.35, -15.18, 10.53, 22.14
0.27, -0.72, -0.36, -13.55, 16.79, 27.88
0.25, -0.78, -0.38, -10.77, 13.24, 29.48
0.25, -0.85, -0.37, -7.79, 6.85, 30.89
0.23, -0.95, -0.37, -2.17, -6.02, 25.19
0.14, -1.04, -0.34, -1.08, -11.26, 13.82
0.00, -1.11, -0.31, -4.67, -0.57, 0.43
-0.15, -1.14, -0.28, -12.98, 13.29, -15.35
-0.11, -1.09, -0.28, -14.75, 26.09, -25.00
0.06, -1.00, -0.30, -15.79, 17.03, -32.09
0.16, -0.94, -0.29, -17.17, 5.29, -31.12
0.21, -0.88, -0.30, -17.94, -7.48, -28.12
0.25, -0.80, -0.32, -18.56, -10.27, -21.63
0.29, -0.72, -0.34, -16.73, -6.45, -13.63
0.33, -0.65, -0.36, -13.93, -3.36, -3.60
0.36, -0.62, -0.37, -13.60, 5.26, 6.88
0.38, -0.63, -0.37, -12.79, 8.94, 14.68
0.34, -0.66, -0.36, -13.04, 12.26, 22.26
0.28, -0.71, -0.37, -11.75, 17.69, 28.27
0.24, -0.77, -0.36, -10.38, 15.10, 29.74
0.22, -0.84, -0.37, -7.16, 10.75, 30.33
0.20, -0.93, -0.36, -2.47, -5.26, 24.60
0.13, -1.03, -0.35, -2.71, -6.63, 14.22
0.00, -1.11, -0.31, -7.58, -1.08, 2.01
-0.10, -1.16, -0.28, -12.74, 13.24, -11.27
-0.09, -1.12, -0.28, -16.06, 27.14, -23.18
0.03, -1.04, -0.29, -15.27, 22.51, -30.26
0.16, -0.97, -0.29, -15.24, 12.06, -30.51
0.21, -0.91, -0.27, -18.41, -1.23, -30.16
0.21, -0.84, -0.26, -20.81, -9.93, -26.03
0.22, -0.76, -0.28, -19.40, -10.19, -21.90
0.25, -0.69, -0.32, -14.89, -13.14, -16.29
0.29, -0.64, -0.36, -12.09, -2.65, -4.40
0.36, -0.63, -0.38, -10.20, 6.54, 6.42
0.40, -0.64, -0.37, -9.75, 10.88, 15.05
0.38, -0.67, -0.36, -10.74, 14.23, 24.66
0.32, -0.75, -0.35, -13.02, 16.88, 27.38
0.27, -0.83, -0.34, -13.46, 12.60, 28.25
0.25, -0.92, -0.34, -11.51, 4.52, 27.29
0.24, -1.00, -0.34, -11.29, -7.46, 20.34
0.15, -1.07, -0.32, -11.84, -10.34, 12.03
0.03, -1.10, -0.32, -12.96, -0.50, -3.68
-0.08, -1.11, -0.30, -17.24, 15.28, -16.16
-0.07, -1.07, -0.32, -15.92, 31.95, -25.40
0.06, -0.99, -0.32, -13.71, 25.93, -32.13
0.16, -0.93, -0.29, -14.38, 11.54, -30.40
0.22, -0.87, -0.27, -16.90, -0.68, -27.91
0.23, -0.79, -0.26, -18.83, -10.18, -23.05
0.25, -0.71, -0.25, -18.79, -15.89, -16.84
0.29, -0.63, -0.30, -15.90, -10.92, -5.36
0.35, -0.59, -0.34, -13.56, -3.34, 5.44
0.40, -0.59, -0.35, -11.57, -1.39, 15.93
0.39, -0.63, -0.36, -11.69, 2.14, 24.84
0.33, -0.69, -0.37, -13.91, 7.73, 30.03
0.28, -0.78, -0.37, -14.98, 10.55, 34.71
0.27, -0.87, -0.38, -14.65, 4.58, 33.03
0.26, -0.95, -0.38, -10.56, -10.09, 29.96
0.20, -1.05, -0.40, -6.40, -16.48, 20.53
0.03, -1.12, -0.37, -9.74, 0.17, 5.89
-0.14, -1.16, -0.32, -14.78, 13.61, -10.30
-0.14, -1.12, -0.32, -14.75, 32.90, -20.74
-0.00, -1.03, -0.33, -13.90, 29.51, -31.14
0.11, -0.96, -0.31, -13.80, 22.40, -34.02
0.19, -0.91, -0.31, -15.11, 9.42, -32.52
0.24, -0.85, -0.30, -15.54, -2.05, -28.52
0.26, -0.76, -0.30, -17.73, -9.84, -21.80
0.28, -0.69, -0.30, -16.15, -7.62, -11.05
0.32, -0.61, -0.31, -14.14, -4.97, -4.62
0.34, -0.58, -0.33, -13.02, 2.35, 6.16
0.37, -0.61, -0.34, -11.59, 4.08, 15.16
0.36, -0.66, -0.33, -13.13, 7.74, 24.31
0.32, -0.73, -0.34, -12.70, 7.84, 29.42
0.29, -0.80, -0.36, -12.97, 5.63, 34.10
0.28, -0.86, -0.36, -7.89, 0.62, 34.40
0.26, -0.95, -0.38, -5.75, -8.54, 27.52
0.17, -1.04, -0.37, -7.69, -6.99, 19.87
0.04, -1.10, -0.35, -9.59, 3.34, 9.42
-0.04, -1.11, -0.33, -11.28, 12.11, -7.23
-0.09, -1.09, -0.31, -11.58, 22.93, -17.01
-0.01, -1.05, -0.31, -9.47, 28.11, -26.14
0.11, -1.00, -0.31, -7.01, 16.27, -31.24
0.17, -0.94, -0.29, -8.06, 7.15, -31.74
0.21, -0.89, -0.27, -11.98, 2.15, -31.90
0.23, -0.84, -0.26, -15.74, -6.48, -27.23
0.28, -0.77, -0.28, -17.60, -9.24, -19.79
0.33, -0.66, -0.31, -17.54, -3.69, -7.50
0.39, -0.62, -0.33, -16.94, 0.14, 3.45
0.42, -0.59, -0.34, -15.92, 2.71, 13.42
0.39, -0.61, -0.36, -17.19, 4.34, 21.45
0.31, -0.65, -0.36, -18.55, 11.53, 29.72
0.26, -0.72, -0.37, -17.77, 14.98, 36.41
0.25, -0.79, -0.39, -14.40, 9.02, 37.92
0.25, -0.86, -0.39, -8.18, -5.48, 34.18
0.16, -0.96, -0.37, -4.74, -10.05, 27.27
0.03, -1.04, -0.34, -5.26, 2.89, 14.98
-0.10, -1.12, -0.30, -9.72, 15.26, -0.53
-0.15, -1.14, -0.25, -13.37, 26.94, -10.65
-0.03, -1.09, -0.25, -13.20, 32.25, -18.49
0.10, -1.00, -0.24, -13.74, 15.04, -23.40
0.20, -0.93, -0.23, -15.92, 0.79, -21.30
0.28, -0.90, -0.24, -17.04, -9.54, -19.23
0.31, -0.83, -0.28, -16.22, -14.31, -15.23
0.31, -0.78, -0.32, -14.87, -13.02, -9.24
0.33, -0.72, -0.36, -12.82, -6.96, -2.78
0.33, -0.69, -0.39, -13.49, -1.12, 4.20
0.32, -0.67, -0.39, -14.29, 6.42, 10.54
0.30, -0.68, -0.38, -15.18, 6.79, 17.79
0.26, -0.70, -0.37, -15.00, 2.46, 22.49
0.23, -0.74, -0.35, -14.51, -2.90, 25.30
0.18, -0.81, -0.34, -14.05, -10.55, 24.49
0.07, -0.87, -0.34, -18.01, 1.62, 21.14
0.01, -0.90, -0.32, -23.96, 5.25, 15.51
0.03, -0.90, -0.33, -23.89, 9.99, 15.80
0.11, -0.88, -0.38, -21.00, 10.96, 12.24
0.13, -0.87, -0.40, -19.03, 13.18, 10.24
0.13, -0.87, -0.40, -16.53, 15.41, 7.49
0.14, -0.90, -0.39, -14.17, 12.27, 7.93
0.16, -0.92, -0.37, -12.02, 8.65, 6.60
0.17, -0.92, -0.35, -12.48, 6.20, 5.62
0.15, -0.91, -0.33, -12.93, 6.62, 4.01
0.14, -0.90, -0.32, -13.56, 9.05, 2.49
0.15, -0.89, -0.31, -14.77, 13.23, 1.81
0.16, -0.88, -0.31, -17.62, 14.63, 0.96
0.17, -0.87, -0.30, -19.36, 13.01, 1.19
0.19, -0.86, -0.30, -21.57, 9.09, 3.17
0.21, -0.85, -0.32, -20.96, 6.27, 4.25
0.21, -0.84, -0.34, -21.01, 4.31, 5.76
0.19, -0.83, -0.35, -20.50, 5.50, 9.08
0.19, -0.83, -0.36, -19.51, 4.16, 11.07
0.18, -0.83, -0.35, -18.00, 2.95, 12.96
0.18, -0.82, -0.35, -18.26, 0.89, 14.94
0.17, -0.82, -0.34, -16.23, -2.71, 15.41
0.15, -0.82, -0.33, -15.85, -4.91, 15.71
0.13, -0.84, -0.32, -16.24, -3.77, 15.71
0.12, -0.85, -0.32, -16.32, -5.15, 16.37
0.11, -0.85, -0.31, -17.50, -3.49, 16.12
0.11, -0.84, -0.31, -18.37, -1.38, 15.50
0.10, -0.84, -0.33, -18.18, 0.41, 15.23
0.10, -0.84, -0.34, -17.12, -0.19, 15.24
0.11, -0.85, -0.34, -15.87, -1.71, 15.12
0.13, -0.86, -0.35, -16.11, -7.42, 16.84
0.14, -0.86, -0.35, -16.76, -13.67, 17.06
0.12, -0.85, -0.36, -17.05, -15.25, 14.98
0.08, -0.83, -0.37, -18.29, -10.44, 16.04
0.07, -0.83, -0.38, -19.74, -5.69, 16.24
0.08, -0.84, -0.38, -20.93, -3.27, 16.38
0.09, -0.84, -0.37, -21.42, -3.70, 18.12
0.09, -0.85, -0.36, -22.12, -6.18, 19.36
0.10, -0.85, -0.37, -21.63, -9.01, 20.28
0.11, -0.84, -0.38, -19.77, -12.83, 22.17
0.11, -0.83, -0.38, -18.46, -13.72, 24.23
0.09, -0.84, -0.38, -15.94, -13.11, 25.20
0.08, -0.86, -0.37, -15.34, -12.88, 26.69
0.06, -0.87, -0.35, -14.27, -14.68, 26.44
0.04, -0.87, -0.35, -14.04, -19.56, 26.28
0.04, -0.87, -0.34, -12.71, -28.99, 24.78
0.04, -0.88, -0.34, -11.23, -35.71, 23.21
0.02, -0.89, -0.35, -9.78, -36.85, 19.85
-0.02, -0.89, -0.35, -9.14, -28.55, 18.20
-0.05, -0.89, -0.35, -10.13, -16.34, 15.24
-0.07, -0.89, -0.34, -12.58, -6.21, 13.09
-0.07, -0.88, -0.32, -13.30, -3.57, 12.58
-0.04, -0.87, -0.33, -14.68, -6.23, 11.46
-0.01, -0.87, -0.34, -13.83, -15.02, 11.66
-0.01, -0.86, -0.34, -14.85, -20.35, 10.59
-0.02, -0.85, -0.34, -14.79, -18.74, 12.30
-0.04, -0.83, -0.34, -14.74, -14.38, 13.06
-0.05, -0.82, -0.35, -16.53, -9.09, 14.54
-0.04, -0.80, -0.36, -18.14, -6.19, 18.03
-0.03, -0.79, -0.36, -19.06, -4.59, 21.02
-0.02, -0.77, -0.37, -19.31, -3.68, 25.25
-0.01, -0.75, -0.37, -19.88, -3.43, 29.90
-0.02, -0.74, -0.38, -22.39, -3.56, 33.79
-0.02, -0.74, -0.38, -22.59, -6.88, 39.21
-0.03, -0.73, -0.39, -24.30, -8.93, 44.62
-0.05, -0.73, -0.38, -26.47, -9.77, 47.97
-0.07, -0.73, -0.38, -29.58, -8.28, 52.12
-0.09, -0.75, -0.40, -33.10, -7.40, 58.26
-0.10, -0.76, -0.42, -34.25, -5.67, 61.31
-0.13, -0.76, -0.43, -37.45, -4.04, 64.00
-0.17, -0.77, -0.43, -36.58, -1.22, 64.00
-0.20, -0.75, -0.42, -31.54, -1.65, 64.00
-0.22, -0.74, -0.42, -30.28, -5.93, 64.00
-0.23, -0.76, -0.41, -29.86, -8.38, 64.00
-0.26, -0.79, -0.40, -26.06, -12.74, 64.00
-0.29, -0.77, -0.40, -23.22, -13.45, 64.00
-0.31, -0.75, -0.40, -17.97, -12.06, 63.56
-0.33, -0.75, -0.41, -13.05, -8.70, 61.93
-0.35, -0.76, -0.40, -8.08, -5.45, 60.43
-0.36, -0.77, -0.39, -5.13, -1.54, 57.60
-0.37, -0.77, -0.38, -1.21, -0.29, 55.12
-0.36, -0.76, -0.38, 3.10, -1.43, 52.53
-0.35, -0.76, -0.38, 7.15, -4.96, 50.64
-0.34, -0.77, -0.38, 9.22, -8.84, 49.19
-0.34, -0.78, -0.38, 12.18, -9.77, 46.65
-0.34, -0.78, -0.37, 14.67, -8.59, 47.65
-0.34, -0.79, -0.35, 13.03, -6.30, 46.51
-0.35, -0.81, -0.34, 13.51, -4.36, 45.79
-0.35, -0.82, -0.33, 8.50, -3.79, 42.60
-0.35, -0.83, -0.32, 4.51, -6.83, 41.47
-0.35, -0.86, -0.31, 1.21, -10.87, 38.04
-0.36, -0.87, -0.31, -1.38, -10.86, 36.60
-0.38, -0.86, -0.31, -6.93, -8.40, 31.26
-0.41, -0.85, -0.31, -11.06, -4.90, 26.51
-0.44, -0.83, -0.30, -12.95, -1.10, 21.08
-0.46, -0.82, -0.29, -14.34, 0.10, 17.57
-0.47, -0.81, -0.30, -20.46, 3.74, 13.84
-0.47, -0.79, -0.31, -17.89, 3.37, 9.85
-0.46, -0.77, -0.32, -19.82, 0.35, 8.65
-0.46, -0.76, -0.32, -18.70, -1.32, 6.38
-0.47, -0.74, -0.33, -19.51, -1.60, 3.62
-0.47, -0.72, -0.33, -18.37, -0.51, 2.67
-0.47, -0.70, -0.34, -17.99, 1.80, 2.51
-0.47, -0.69, -0.34, -17.53, 2.32, 3.76
-0.46, -0.67, -0.34, -18.21, 2.90, 4.36
-0.45, -0.66, -0.34, -17.13, 0.72, 5.07
-0.45, -0.66, -0.35, -17.64, -4.19, 5.55
-0.44, -0.65, -0.35, -18.01, -7.76, 5.72
-0.45, -0.65, -0.35, -17.16, -9.90, 5.37
-0.46, -0.65, -0.35, -17.86, -8.64, 6.21
-0.48, -0.66, -0.35, -17.94, -4.75, 6.31
-0.50, -0.67, -0.35, -17.85, -0.04, 6.20
-0.50, -0.67, -0.35, -18.66, 1.69, 6.34
-0.49, -0.67, -0.36, -16.76, 1.98, 7.66
-0.49, -0.67, -0.36, -14.79, 2.55, 6.72
-0.49, -0.67, -0.36, -14.34, 3.06, 5.96
-0.49, -0.67, -0.36, -12.34, 4.29, 5.75
-0.48, -0.68, -0.35, -11.35, 3.36, 6.49
-0.47, -0.69, -0.35, -10.80, 3.42, 6.38
-0.47, -0.69, -0.34, -10.38, 4.22, 6.26
-0.46, -0.69, -0.33, -9.15, 4.27, 7.02
-0.46, -0.70, -0.32, -9.44, 2.95, 6.28
-0.45, -0.70, -0.31, -9.00, 0.67, 6.31
-0.45, -0.70, -0.31, -9.83, -0.77, 7.22
-0.45, -0.70, -0.31, -10.01, -2.55, 5.60
-0.46, -0.69, -0.30, -11.11, -1.63, 5.42
-0.47, -0.68, -0.30, -11.68, -1.50, 5.10
-0.48, -0.67, -0.30, -13.81, -0.75, 5.28
-0.49, -0.67, -0.29, -15.60, -0.68, 5.20
-0.49, -0.66, -0.29, -16.07, -0.91, 4.52
-0.50, -0.65, -0.29, -17.42, -1.85, 3.82
-0.51, -0.65, -0.30, -18.06, -4.02, 4.67
-0.51, -0.65, -0.31, -18.01, -3.61, 3.12
-0.51, -0.65, -0.31, -18.09, -4.41, 2.85
-0.51, -0.65, -0.32, -18.86, -4.58, 4.15
-0.51, -0.66, -0.32, -19.15, -3.87, 4.11
