ax,ay,az,gx,gy,gz
-0.07, -0.31, -0.89, -13.24, 2.11, -0.16
-0.07, -0.31, -0.89, -12.94, 2.79, 1.29
-0.07, -0.31, -0.89, -13.36, 3.20, 0.06
-0.07, -0.31, -0.88, -13.18, 3.03, 0.20
-0.07, -0.31, -0.88, -12.96, 3.31, 0.30
-0.07, -0.31, -0.89, -13.59, 3.54, 0.40
-0.07, -0.31, -0.89, -13.72, 4.18, -0.22
-0.07, -0.31, -0.89, -13.78, 3.69, 0.71
-0.07, -0.31, -0.89, -13.75, 3.48, 0.51
-0.07, -0.31, -0.89, -13.64, 3.13, 0.36
-0.07, -0.31, -0.89, -13.52, 2.59, -0.57
-0.07, -0.31, -0.88, -14.01, 3.26, 0.29
-0.08, -0.31, -0.89, -13.95, 4.18, 0.09
-0.08, -0.31, -0.89, -13.42, 4.22, 0.58
-0.07, -0.31, -0.89, -12.98, 3.98, 0.89
-0.07, -0.31, -0.89, -13.57, 4.45, -0.06
-0.07, -0.31, -0.89, -13.59, 3.93, 0.50
-0.07, -0.31, -0.89, -13.49, 3.58, 0.72
-0.07, -0.31, -0.89, -13.84, 3.38, 0.82
-0.07, -0.31, -0.89, -13.27, 2.73, 0.78
-0.07, -0.31, -0.89, -13.42, 3.12, -0.18
-0.07, -0.31, -0.88, -13.63, 3.73, -0.24
-0.08, -0.31, -0.88, -13.90, 3.88, 0.00
-0.07, -0.31, -0.89, -13.50, 4.03, -0.18
-0.07, -0.31, -0.89, -13.42, 4.24, 0.28
-0.07, -0.31, -0.89, -13.02, 4.69, 0.26
-0.07, -0.31, -0.89, -13.70, 4.37, -0.00
-0.07, -0.31, -0.88, -13.82, 4.31, -0.10
-0.07, -0.31, -0.89, -13.24, 3.58, 0.38
-0.07, -0.31, -0.89, -13.76, 4.15, -0.02
-0.07, -0.31, -0.89, -13.91, 3.21, 0.87
-0.07, -0.31, -0.89, -13.87, 3.42, -0.08
-0.07, -0.31, -0.89, -14.06, 3.21, 0.94
-0.07, -0.31, -0.88, -13.43, 3.21, 0.37
-0.07, -0.31, -0.88, -14.09, 4.20, 0.28
-0.07, -0.31, -0.89, -13.94, 4.13, -0.52
-0.07, -0.31, -0.89, -13.99, 4.37, 0.50
-0.07, -0.31, -0.89, -13.72, 3.59, 0.46
-0.07, -0.31, -0.89, -13.52, 3.79, 0.23
-0.07, -0.31, -0.89, -14.40, 3.42, 0.39
-0.07, -0.31, -0.89, -14.18, 4.23, 0.71
-0.07, -0.31, -0.88, -13.48, 4.01, -0.16
-0.07, -0.31, -0.88, -13.77, 4.82, -0.22
-0.07, -0.31, -0.89, -14.10, 5.19, -0.05
-0.07, -0.31, -0.88, -14.79, 7.25, -0.06
-0.08, -0.31, -0.88, -14.88, 9.04, -1.00
-0.08, -0.31, -0.88, -15.70, 13.17, -0.48
-0.08, -0.31, -0.89, -15.57, 14.42, -1.40
-0.07, -0.30, -0.89, -16.18, 17.51, -0.46
-0.06, -0.30, -0.88, -16.09, 16.43, -1.96
-0.06, -0.30, -0.88, -15.57, 19.35, -1.78
-0.07, -0.29, -0.87, -16.13, 22.18, -4.08
-0.06, -0.29, -0.86, -15.16, 21.00, -6.46
-0.05, -0.28, -0.87, -11.66, 14.82, -8.67
-0.02, -0.28, -0.90, -12.43, 16.20, -5.47
-0.02, -0.30, -0.87, -11.12, 20.83, -7.52
-0.07, -0.29, -0.85, -17.58, 24.99, -5.62
-0.08, -0.25, -0.83, -12.27, 19.89, -7.85
-0.10, -0.20, -0.82, -19.58, 26.53, -13.97
-0.10, -0.17, -0.81, -13.96, 18.13, -17.25
-0.09, -0.13, -0.81, -11.54, 2.85, -19.83
-0.11, -0.13, -0.81, -13.11, -14.75, -23.91
-0.16, -0.15, -0.75, -15.10, -33.36, -24.20
-0.20, -0.17, -0.69, -17.65, -41.14, -30.51
-0.19, -0.16, -0.72, -19.09, -46.83, -31.71
-0.15, -0.15, -0.74, -12.52, -51.64, -34.08
-0.15, -0.17, -0.78, -13.32, -46.35, -35.06
-0.17, -0.21, -0.80, -15.79, -34.43, -32.26
-0.19, -0.24, -0.80, -19.57, -23.90, -29.93
-0.19, -0.25, -0.80, -22.22, -15.67, -27.87
-0.16, -0.25, -0.81, -24.46, -15.74, -27.67
-0.13, -0.26, -0.82, -26.42, -19.44, -28.33
-0.09, -0.26, -0.84, -27.68, -27.24, -30.05
-0.08, -0.28, -0.88, -30.25, -34.60, -29.52
-0.08, -0.30, -0.92, -35.33, -37.75, -30.38
-0.07, -0.32, -0.94, -41.79, -37.79, -28.26
-0.06, -0.33, -0.94, -47.57, -35.69, -27.85
-0.04, -0.33, -0.95, -52.14, -37.49, -26.93
-0.01, -0.33, -0.95, -55.14, -41.41, -24.08
0.00, -0.33, -0.97, -58.14, -48.63, -23.67
-0.02, -0.32, -0.99, -58.50, -51.67, -24.48
-0.04, -0.31, -1.01, -60.88, -47.86, -23.78
-0.07, -0.30, -1.02, -64.00, -45.90, -23.41
-0.09, -0.29, -1.00, -64.00, -58.47, -20.43
-0.03, -0.30, -0.96, -64.00, -64.00, -12.95
0.00, -0.28, -0.85, -64.00, -64.00, -8.70
-0.12, -0.19, -0.81, -62.10, -58.33, -17.79
-0.26, -0.12, -0.93, -57.65, -23.11, -25.06
-0.32, -0.13, -1.11, -56.74, 1.23, -26.76
-0.30, -0.15, -1.17, -55.41, 5.10, -17.85
-0.24, -0.17, -1.15, -50.59, 1.34, -10.94
-0.20, -0.18, -1.09, -46.34, -7.30, -11.57
-0.16, -0.19, -1.03, -42.54, -23.38, -10.38
-0.12, -0.20, -0.99, -37.01, -44.04, -8.17
-0.11, -0.18, -0.98, -26.66, -62.59, -8.43
-0.13, -0.16, -1.00, -19.13, -64.00, -7.16
-0.18, -0.16, -1.03, -13.15, -64.00, -1.33
-0.22, -0.17, -1.02, -10.40, -64.00, 6.61
-0.24, -0.19, -0.98, -15.58, -64.00, 9.12
-0.23, -0.22, -0.92, -13.63, -64.00, 8.94
-0.25, -0.20, -0.87, -5.00, -64.00, 6.62
-0.31, -0.18, -0.85, -0.39, -64.00, 6.96
-0.40, -0.17, -0.83, 1.35, -64.00, 2.07
-0.46, -0.16, -0.83, 3.28, -64.00, -6.97
-0.46, -0.17, -0.84, 9.46, -64.00, -1.02
-0.46, -0.17, -0.83, 7.29, -64.00, 1.06
-0.50, -0.19, -0.80, 5.92, -62.98, -2.72
-0.53, -0.19, -0.78, 8.87, -54.21, -0.49
-0.51, -0.19, -0.78, 10.11, -44.15, 0.49
-0.48, -0.18, -0.76, 8.74, -29.45, 1.33
-0.46, -0.19, -0.72, 5.79, -27.89, 3.05
-0.45, -0.20, -0.69, 5.46, -32.26, 7.53
-0.46, -0.19, -0.68, 5.09, -39.84, 8.66
-0.48, -0.18, -0.68, 6.58, -51.95, 5.62
-0.51, -0.18, -0.71, 9.27, -61.25, 6.32
-0.49, -0.19, -0.74, 11.25, -60.88, 9.34
-0.48, -0.19, -0.72, 9.75, -56.39, 8.38
-0.55, -0.20, -0.65, 7.82, -48.96, 4.98
-0.61, -0.21, -0.63, 8.10, -41.38, 4.46
-0.60, -0.21, -0.65, 6.21, -34.99, 5.36
-0.59, -0.20, -0.65, 1.87, -25.50, 5.79
-0.60, -0.20, -0.63, 0.00, -20.25, 5.96
-0.61, -0.21, -0.61, -1.66, -18.36, 5.52
-0.60, -0.21, -0.62, -3.36, -18.08, 5.59
-0.60, -0.20, -0.61, -3.77, -17.52, 5.35
-0.61, -0.20, -0.60, -3.94, -11.76, 4.05
-0.63, -0.20, -0.61, -4.67, -4.10, 2.46
-0.66, -0.20, -0.62, -4.23, 0.22, 1.88
-0.66, -0.21, -0.63, -3.89, 4.12, 3.43
-0.65, -0.22, -0.64, -1.62, 8.46, 2.52
-0.64, -0.21, -0.66, 1.44, 14.81, 3.70
-0.64, -0.21, -0.66, 0.73, 23.79, 0.95
-0.64, -0.22, -0.66, 3.25, 29.72, 0.16
-0.62, -0.22, -0.66, 6.02, 29.99, 1.05
-0.59, -0.22, -0.65, 5.02, 30.79, 2.95
-0.60, -0.24, -0.65, 5.72, 24.67, 1.59
-0.59, -0.24, -0.67, 6.60, 18.61, 3.71
-0.55, -0.23, -0.68, 5.65, 10.66, 7.32
-0.55, -0.22, -0.65, 7.52, 1.55, 8.32
-0.57, -0.20, -0.64, 10.34, -3.20, 9.17
-0.59, -0.21, -0.65, 11.72, 0.68, 8.39
-0.60, -0.23, -0.67, 10.04, 6.75, 7.90
-0.59, -0.22, -0.67, 11.46, 13.91, 8.79
-0.59, -0.21, -0.66, 10.80, 21.90, 8.89
-0.59, -0.21, -0.65, 8.10, 22.47, 11.46
-0.58, -0.22, -0.64, 3.09, 19.32, 13.83
-0.57, -0.23, -0.59, -2.67, 17.84, 16.90
-0.58, -0.23, -0.55, -5.56, 10.36, 17.57
-0.58, -0.21, -0.58, -4.81, 2.54, 16.60
-0.58, -0.20, -0.64, -2.47, -2.90, 14.70
-0.61, -0.19, -0.67, 0.07, -0.88, 12.51
-0.63, -0.19, -0.67, -0.66, 1.34, 8.36
-0.65, -0.21, -0.63, -3.39, 2.41, 7.42
-0.64, -0.23, -0.60, -5.87, 0.69, 5.93
-0.63, -0.25, -0.59, -10.29, -1.36, 5.49
-0.62, -0.26, -0.58, -11.80, -8.07, 5.76
-0.61, -0.24, -0.59, -9.91, -12.21, 6.68
-0.61, -0.22, -0.63, -6.62, -15.59, 5.40
-0.62, -0.23, -0.65, -5.06, -15.99, 4.79
-0.62, -0.24, -0.64, -3.34, -11.24, 3.72
-0.64, -0.24, -0.61, -2.23, -0.16, 1.82
-0.65, -0.24, -0.60, -2.09, 7.96, -0.83
-0.65, -0.25, -0.60, -2.51, 10.44, -0.91
-0.63, -0.25, -0.61, -1.87, 9.06, 0.42
-0.59, -0.25, -0.61, -0.28, 9.10, 3.73
-0.57, -0.25, -0.60, -1.55, 11.21, 5.86
-0.57, -0.27, -0.59, -3.34, 13.74, 8.26
-0.57, -0.27, -0.58, -6.77, 17.53, 11.81
-0.56, -0.25, -0.57, -8.57, 21.82, 17.72
-0.55, -0.23, -0.57, -10.84, 32.08, 20.83
-0.56, -0.22, -0.57, -16.49, 51.21, 22.95
-0.56, -0.24, -0.56, -23.06, 64.00, 26.46
-0.52, -0.27, -0.57, -31.16, 64.00, 33.65
-0.45, -0.29, -0.57, -34.76, 64.00, 43.99
-0.39, -0.25, -0.60, -29.40, 64.00, 44.15
-0.41, -0.17, -0.65, -33.68, 64.00, 46.87
-0.47, -0.15, -0.63, -44.34, 64.00, 44.08
-0.48, -0.17, -0.60, -53.10, 64.00, 58.92
-0.42, -0.16, -0.64, -43.61, 34.10, 54.24
-0.40, -0.08, -0.69, -39.05, 6.48, 49.84
-0.45, -0.05, -0.73, -30.04, -1.01, 42.36
-0.59, -0.06, -0.75, -22.24, 14.94, 40.72
-0.67, -0.06, -0.75, -29.28, 44.26, 38.27
-0.71, -0.08, -0.73, -35.94, 64.00, 37.77
-0.71, -0.10, -0.73, -40.74, 64.00, 30.84
-0.62, -0.09, -0.74, -39.86, 64.00, 36.86
-0.51, -0.07, -0.76, -37.91, 58.57, 36.64
-0.45, -0.07, -0.79, -35.58, 36.28, 32.12
-0.47, -0.06, -0.81, -32.62, 20.96, 26.11
-0.51, -0.06, -0.83, -30.83, 7.51, 21.13
-0.51, -0.06, -0.84, -28.44, -6.70, 22.99
-0.48, -0.07, -0.86, -28.52, -19.19, 21.21
-0.47, -0.07, -0.87, -25.21, -28.25, 14.53
-0.53, -0.06, -0.90, -19.85, -28.81, 9.97
-0.61, -0.04, -0.92, -17.56, -24.10, 4.80
-0.65, -0.03, -0.94, -14.17, -17.81, -6.17
-0.65, -0.05, -0.97, -7.70, -11.48, -9.59
-0.63, -0.07, -0.99, -3.16, -10.38, -19.82
-0.63, -0.08, -1.01, 1.87, -12.72, -24.73
-0.62, -0.09, -1.02, 6.38, -15.98, -26.11
-0.60, -0.10, -1.02, 13.30, -15.36, -32.56
-0.60, -0.11, -1.03, 15.65, -11.98, -31.74
-0.63, -0.13, -1.04, 19.72, -2.79, -43.35
-0.65, -0.14, -1.03, 22.66, 6.12, -46.68
-0.64, -0.15, -1.02, 26.35, 13.76, -53.07
-0.62, -0.16, -1.01, 29.15, 18.59, -56.25
-0.61, -0.16, -1.00, 33.96, 25.56, -62.92
-0.59, -0.17, -0.99, 37.85, 32.39, -64.00
-0.57, -0.19, -0.97, 40.25, 38.46, -64.00
-0.56, -0.21, -0.94, 41.59, 45.34, -64.00
-0.56, -0.22, -0.92, 43.98, 46.92, -64.00
-0.56, -0.22, -0.91, 47.29, 47.99, -64.00
-0.54, -0.22, -0.90, 47.73, 50.23, -64.00
-0.53, -0.24, -0.88, 49.11, 54.23, -64.00
-0.53, -0.26, -0.85, 49.17, 60.38, -64.00
-0.51, -0.27, -0.81, 49.12, 64.00, -64.00
-0.50, -0.27, -0.79, 48.49, 64.00, -64.00
-0.47, -0.28, -0.76, 51.37, 64.00, -64.00
-0.42, -0.29, -0.75, 50.40, 62.71, -64.00
-0.39, -0.32, -0.73, 51.55, 58.03, -64.00
-0.38, -0.33, -0.71, 55.51, 55.91, -64.00
-0.35, -0.35, -0.73, 58.21, 48.97, -64.00
-0.33, -0.37, -0.75, 59.12, 46.09, -64.00
-0.31, -0.39, -0.74, 60.19, 48.80, -64.00
-0.29, -0.40, -0.69, 58.94, 55.29, -64.00
-0.28, -0.41, -0.64, 55.13, 58.71, -64.00
-0.25, -0.42, -0.61, 52.18, 56.81, -64.00
-0.21, -0.43, -0.59, 49.60, 54.14, -64.00
-0.17, -0.44, -0.58, 48.79, 53.03, -64.00
-0.13, -0.44, -0.59, 48.37, 56.28, -64.00
-0.10, -0.45, -0.59, 46.31, 59.15, -64.00
-0.07, -0.47, -0.58, 44.34, 58.18, -64.00
-0.04, -0.47, -0.56, 43.90, 51.75, -64.00
-0.00, -0.47, -0.56, 41.89, 47.69, -64.00
0.03, -0.48, -0.54, 40.99, 45.88, -64.00
0.05, -0.50, -0.53, 38.82, 47.47, -64.00
0.06, -0.51, -0.51, 36.03, 49.52, -64.00
0.10, -0.52, -0.51, 34.50, 49.12, -64.00
0.13, -0.53, -0.51, 31.36, 44.60, -62.00
0.17, -0.54, -0.52, 29.88, 38.24, -56.76
0.20, -0.55, -0.52, 27.57, 29.72, -51.23
0.22, -0.56, -0.52, 25.70, 23.55, -46.06
0.23, -0.57, -0.51, 22.24, 17.69, -41.74
0.24, -0.59, -0.50, 20.33, 14.43, -38.65
0.25, -0.60, -0.50, 18.75, 14.62, -35.42
0.25, -0.61, -0.51, 16.81, 13.54, -31.60
0.25, -0.63, -0.53, 14.58, 14.35, -28.92
0.24, -0.65, -0.55, 12.99, 14.64, -26.29
0.25, -0.66, -0.57, 10.68, 15.26, -25.14
0.26, -0.68, -0.59, 8.38, 12.74, -21.73
0.28, -0.70, -0.58, 4.19, 10.27, -21.51
0.28, -0.72, -0.58, 1.53, 8.92, -22.08
0.27, -0.73, -0.60, -3.19, 10.27, -21.07
0.27, -0.74, -0.61, -9.03, 13.82, -21.94
0.27, -0.75, -0.62, -15.93, 18.64, -22.02
0.28, -0.74, -0.63, -22.58, 21.64, -22.14
0.28, -0.74, -0.63, -28.10, 24.40, -20.92
0.29, -0.74, -0.63, -32.45, 25.63, -19.77
0.29, -0.73, -0.64, -36.12, 27.49, -20.35
0.29, -0.71, -0.63, -38.91, 28.23, -19.10
0.29, -0.70, -0.63, -41.24, 28.02, -18.87
0.29, -0.70, -0.63, -41.84, 27.98, -18.21
0.29, -0.69, -0.63, -42.06, 26.84, -18.56
0.29, -0.67, -0.63, -40.67, 27.24, -20.02
0.29, -0.66, -0.63, -40.35, 26.10, -20.89
0.29, -0.65, -0.63, -38.91, 26.30, -20.58
0.29, -0.64, -0.62, -37.10, 27.79, -22.35
0.30, -0.64, -0.62, -35.06, 28.98, -22.13
0.31, -0.64, -0.62, -32.09, 30.22, -23.47
0.32, -0.63, -0.63, -28.90, 31.01, -24.16
0.34, -0.62, -0.64, -25.19, 31.37, -25.20
0.35, -0.62, -0.65, -21.78, 32.33, -26.02
0.36, -0.62, -0.64, -19.37, 33.27, -26.41
0.37, -0.64, -0.64, -17.27, 34.57, -28.07
0.38, -0.64, -0.63, -14.96, 34.68, -27.60
0.40, -0.64, -0.63, -13.10, 35.12, -26.97
0.42, -0.64, -0.64, -11.64, 35.74, -27.97
0.44, -0.64, -0.63, -10.33, 34.87, -28.11
0.45, -0.63, -0.63, -8.47, 31.16, -28.13
0.45, -0.63, -0.62, -7.33, 29.77, -27.95
0.45, -0.63, -0.61, -6.63, 28.58, -27.41
0.46, -0.63, -0.62, -4.84, 27.93, -27.54
0.47, -0.63, -0.61, -3.24, 28.50, -26.41
0.47, -0.62, -0.60, -1.92, 29.79, -27.63
0.47, -0.62, -0.60, -1.90, 32.20, -28.92
0.47, -0.62, -0.58, -0.43, 33.46, -29.55
0.48, -0.61, -0.57, -0.67, 33.85, -28.28
0.50, -0.61, -0.56, -0.91, 33.43, -28.99
0.52, -0.61, -0.55, -1.47, 31.85, -28.59
0.54, -0.61, -0.54, -1.30, 28.08, -28.57
0.55, -0.60, -0.53, -1.85, 24.42, -28.10
0.56, -0.60, -0.53, -0.83, 23.72, -28.54
0.55, -0.59, -0.52, -3.48, 25.45, -27.60
0.55, -0.59, -0.51, -5.12, 31.70, -28.24
0.56, -0.58, -0.50, -5.50, 36.52, -26.91
0.59, -0.58, -0.49, -6.93, 35.98, -24.45
0.62, -0.58, -0.48, -7.78, 31.65, -22.55
0.63, -0.58, -0.47, -9.35, 27.11, -22.01
0.63, -0.57, -0.47, -9.85, 25.28, -20.54
0.63, -0.57, -0.46, -11.96, 25.86, -20.55
0.63, -0.57, -0.45, -13.43, 27.01, -17.81
0.64, -0.56, -0.44, -13.94, 26.29, -16.84
0.64, -0.56, -0.44, -14.91, 26.55, -13.42
0.65, -0.56, -0.44, -15.31, 24.97, -12.34
0.66, -0.56, -0.44, -16.16, 22.88, -11.21
0.67, -0.55, -0.44, -15.51, 20.75, -10.47
0.68, -0.55, -0.43, -15.50, 17.25, -8.42
0.68, -0.56, -0.43, -16.09, 15.12, -6.07
0.68, -0.56, -0.44, -15.37, 12.45, -6.17
0.67, -0.55, -0.44, -14.82, 11.01, -5.29
0.67, -0.55, -0.44, -14.17, 12.10, -4.89
0.66, -0.55, -0.44, -14.03, 14.02, -4.72
0.66, -0.56, -0.44, -12.34, 14.09, -3.61
0.67, -0.56, -0.44, -11.62, 11.45, -3.66
0.68, -0.55, -0.45, -10.60, 7.59, -3.28
0.69, -0.55, -0.46, -9.79, 4.43, -4.33
0.68, -0.56, -0.46, -8.79, 4.24, -5.55
0.67, -0.56, -0.46, -6.89, 4.98, -5.77
0.66, -0.56, -0.46, -6.15, 5.67, -5.62
0.66, -0.57, -0.46, -5.56, 5.77, -6.15
0.67, -0.57, -0.46, -5.53, 4.17, -6.79
0.68, -0.56, -0.46, -5.01, 2.75, -6.61
0.68, -0.56, -0.46, -4.66, 2.55, -6.94
0.68, -0.56, -0.46, -5.15, 3.43, -6.82
0.68, -0.56, -0.46, -5.07, 4.34, -6.57
0.68, -0.56, -0.46, -6.16, 4.79, -6.12
0.69, -0.57, -0.47, -6.49, 4.44, -5.59
0.69, -0.56, -0.47, -7.14, 4.72, -4.69
0.69, -0.56, -0.47, -8.04, 4.14, -3.71
0.69, -0.56, -0.47, -9.32, 4.44, -3.96
0.69, -0.56, -0.47, -10.18, 4.19, -2.48
0.69, -0.56, -0.47, -11.43, 5.65, -3.13
0.69, -0.56, -0.46, -12.61, 6.65, -2.32
0.69, -0.55, -0.47, -12.85, 7.00, -2.23
0.68, -0.56, -0.47, -14.12, 7.20, -0.11
0.69, -0.56, -0.47, -15.33, 5.66, -0.48
0.69, -0.56, -0.47, -15.65, 4.14, -0.86
0.69, -0.56, -0.47, -16.84, 3.64, -0.01
0.68, -0.55, -0.47, -17.35, 4.91, -0.54
0.68, -0.55, -0.46, -18.22, 6.31, 0.39
0.68, -0.55, -0.47, -19.05, 7.91, 0.83
0.68, -0.55, -0.47, -18.63, 7.29, 0.71
0.69, -0.55, -0.48, -18.02, 7.39, 0.97
0.69, -0.55, -0.48, -17.91, 6.61, 0.18
0.69, -0.55, -0.48, -17.55, 6.25, 0.45
0.68, -0.56, -0.47, -17.54, 7.61, 1.32
0.68, -0.56, -0.47, -17.23, 10.12, 0.60
0.68, -0.55, -0.47, -17.58, 9.59, 1.14
0.69, -0.55, -0.47, -17.53, 10.14, 1.78
0.69, -0.55, -0.47, -17.06, 9.05, 1.40
0.69, -0.55, -0.47, -17.14, 8.54, 1.32
0.69, -0.55, -0.47, -17.11, 7.78, 2.10
0.69, -0.55, -0.46, -17.21, 6.68, 2.63
0.69, -0.55, -0.46, -17.08, 6.90, 1.62
0.69, -0.55, -0.45, -18.25, 7.08, 2.35
0.69, -0.55, -0.45, -17.90, 6.36, 1.64
0.69, -0.55, -0.46, -18.12, 5.79, 2.07
0.70, -0.55, -0.46, -17.77, 4.68, 3.50
0.70, -0.55, -0.46, -16.76, 4.29, 3.64
0.69, -0.55, -0.46, -16.56, 3.91, 2.70
0.69, -0.55, -0.45, -16.43, 4.93, 3.97
0.69, -0.55, -0.45, -15.53, 5.47, 3.43
0.69, -0.55, -0.46, -15.28, 4.77, 4.37
0.69, -0.55, -0.46, -14.19, 4.56, 3.69
0.69, -0.55, -0.46, -13.68, 3.82, 3.62
0.69, -0.55, -0.46, -12.95, 3.33, 3.62
0.69, -0.56, -0.46, -12.88, 3.71, 3.43
0.69, -0.56, -0.46, -12.37, 3.04, 3.36
0.69, -0.56, -0.46, -11.95, 2.12, 3.10
0.69, -0.56, -0.46, -12.24, 2.67, 2.83
0.69, -0.56, -0.47, -11.89, 2.85, 3.54
0.69, -0.57, -0.47, -12.10, 3.51, 2.54
0.69, -0.57, -0.47, -10.96, 2.94, 2.14
0.69, -0.57, -0.47, -11.31, 2.80, 1.98
0.68, -0.57, -0.47, -11.14, 2.55, 0.04
0.68, -0.57, -0.48, -11.59, 3.13, 0.51
0.68, -0.57, -0.47, -12.54, 3.96, 0.47
0.68, -0.57, -0.47, -13.48, 4.56, 0.03
0.69, -0.57, -0.47, -12.80, 4.10, 0.33
0.69, -0.57, -0.47, -12.68, 4.13, 0.55
0.68, -0.57, -0.47, -12.89, 4.73, 1.25
0.68, -0.57, -0.47, -13.43, 5.26, -0.30
0.68, -0.56, -0.47, -13.91, 5.42, 1.16
0.68, -0.56, -0.46, -14.32, 5.61, 1.30
0.69, -0.56, -0.46, -14.93, 5.73, 0.52
0.69, -0.56, -0.46, -14.79, 4.68, 1.12
0.68, -0.56, -0.46, -15.07, 5.45, 0.89
0.68, -0.56, -0.46, -15.24, 5.04, 2.14
0.68, -0.55, -0.46, -16.14, 4.80, 1.51
0.68, -0.55, -0.46, -14.93, 4.47, 3.18
0.68, -0.56, -0.46, -14.98, 3.99, 2.26
0.68, -0.56, -0.47, -14.30, 2.38, 0.99
0.68, -0.56, -0.47, -14.06, 3.39, 1.79
0.68, -0.56, -0.47, -13.25, 2.92, 2.18
0.68, -0.56, -0.46, -13.43, 3.69, 1.57
0.68, -0.56, -0.46, -13.39, 3.09, 1.51
0.68, -0.56, -0.46, -12.52, 2.09, 2.50
0.68, -0.56, -0.46, -11.78, 1.29, 2.98
0.68, -0.56, -0.45, -11.56, -0.05, 1.61
0.68, -0.56, -0.44, -11.19, -1.67, 4.62
0.68, -0.55, -0.43, -11.53, -4.55, 4.73
0.68, -0.55, -0.42, -11.54, -7.32, 7.46
0.67, -0.54, -0.41, -12.03, -11.13, 9.22
0.66, -0.53, -0.38, -13.52, -17.26, 13.40
0.66, -0.52, -0.34, -16.57, -26.86, 20.34
0.65, -0.49, -0.29, -19.70, -40.54, 27.93
0.65, -0.47, -0.23, -24.26, -58.29, 36.51
0.64, -0.43, -0.19, -29.99, -64.00, 44.28
0.62, -0.40, -0.16, -38.05, -64.00, 51.39
0.59, -0.39, -0.15, -45.72, -64.00, 58.46
0.55, -0.38, -0.12, -54.50, -64.00, 64.00
0.49, -0.38, -0.11, -62.85, -64.00, 64.00
0.46, -0.37, -0.09, -64.00, -64.00, 64.00
0.47, -0.36, -0.09, -64.00, -64.00, 64.00
0.48, -0.33, -0.11, -64.00, -64.00, 64.00
0.45, -0.31, -0.15, -64.00, -64.00, 64.00
0.37, -0.29, -0.24, -64.00, -64.00, 64.00
0.28, -0.29, -0.33, -64.00, -64.00, 64.00
0.17, -0.33, -0.44, -63.92, -64.00, 64.00
0.07, -0.39, -0.56, -60.47, -64.00, 64.00
-0.01, -0.46, -0.62, -55.11, -64.00, 64.00
-0.07, -0.50, -0.70, -52.55, -64.00, 64.00
-0.13, -0.51, -0.74, -51.74, -64.00, 64.00
-0.20, -0.49, -0.72, -51.92, -64.00, 64.00
-0.29, -0.48, -0.72, -55.88, -64.00, 64.00
-0.34, -0.48, -0.76, -57.46, -64.00, 64.00
-0.33, -0.49, -0.82, -57.09, -64.00, 64.00
-0.33, -0.50, -0.85, -59.75, -64.00, 64.00
-0.38, -0.51, -0.86, -55.73, -64.00, 64.00
-0.42, -0.48, -0.85, -45.12, -64.00, 64.00
-0.47, -0.44, -0.84, -45.30, -64.00, 64.00
-0.58, -0.46, -0.85, -51.49, -58.40, 64.00
-0.70, -0.47, -0.86, -60.63, -16.59, 64.00
-0.76, -0.44, -0.90, -64.00, 9.77, 64.00
-0.71, -0.37, -0.93, -64.00, 16.04, 64.00
-0.62, -0.31, -0.98, -64.00, 4.62, 64.00
-0.60, -0.28, -1.03, -63.68, 2.60, 64.00
-0.65, -0.26, -1.05, -62.61, 17.26, 64.00
-0.70, -0.26, -1.05, -61.88, 39.19, 64.00
-0.70, -0.26, -1.01, -64.00, 61.27, 64.00
-0.66, -0.24, -1.00, -63.31, 64.00, 63.68
-0.63, -0.21, -1.03, -63.88, 64.00, 52.51
-0.59, -0.17, -1.05, -64.00, 58.21, 47.26
-0.53, -0.14, -1.06, -64.00, 34.26, 42.38
-0.49, -0.12, -1.05, -60.05, 7.12, 35.12
-0.48, -0.08, -1.03, -53.80, -19.53, 28.05
-0.49, -0.05, -1.01, -47.71, -32.15, 23.92
-0.50, -0.05, -0.99, -39.84, -34.25, 19.14
-0.53, -0.06, -0.98, -32.47, -28.29, 15.62
-0.55, -0.07, -0.96, -28.84, -18.25, 17.06
-0.54, -0.07, -0.92, -25.73, -9.88, 16.99
-0.53, -0.06, -0.88, -23.66, -4.85, 16.51
-0.51, -0.06, -0.84, -19.86, -4.49, 16.76
-0.49, -0.06, -0.82, -19.10, -7.78, 16.60
-0.48, -0.05, -0.79, -18.29, -12.65, 16.90
-0.47, -0.05, -0.76, -16.25, -17.99, 16.89
-0.47, -0.04, -0.73, -17.67, -23.33, 15.60
-0.47, -0.05, -0.72, -18.50, -26.05, 16.89
-0.47, -0.05, -0.70, -21.69, -28.82, 17.92
-0.47, -0.05, -0.68, -26.76, -29.11, 18.53
-0.49, -0.04, -0.69, -28.41, -27.38, 19.05
-0.51, -0.03, -0.70, -28.84, -24.16, 19.08
-0.54, -0.02, -0.71, -27.20, -18.59, 17.26
-0.56, -0.01, -0.72, -23.86, -16.30, 14.67
-0.58, 0.01, -0.78, -17.89, -19.51, 12.67
-0.59, 0.01, -0.84, -11.91, -19.47, 11.35
-0.60, -0.02, -0.86, -9.16, -13.19, 9.28
-0.64, -0.06, -0.85, -10.63, -3.23, 5.39
-0.67, -0.08, -0.83, -13.10, 2.80, 1.45
-0.65, -0.08, -0.83, -13.83, 5.63, -0.50
-0.57, -0.07, -0.81, -15.59, 2.42, 0.23
-0.52, -0.06, -0.77, -17.34, -2.54, 1.64
-0.50, -0.04, -0.74, -17.18, -8.64, 1.84
-0.51, -0.02, -0.72, -15.96, -14.08, 3.02
-0.51, -0.01, -0.71, -15.28, -18.68, 3.42
-0.53, 0.00, -0.71, -13.17, -22.83, 3.26
-0.56, 0.01, -0.72, -12.68, -22.83, 4.27
-0.59, 0.02, -0.72, -10.12, -20.33, 2.19
-0.63, 0.02, -0.72, -5.10, -18.00, -0.34
-0.64, 0.03, -0.75, -2.42, -18.54, -1.26
-0.65, 0.04, -0.77, -0.00, -22.48, -4.17
-0.66, 0.04, -0.76, -1.54, -31.22, -8.66
-0.68, 0.04, -0.76, 2.17, -42.98, -13.74
-0.71, 0.05, -0.78, 5.73, -64.00, -21.37
-0.74, 0.05, -0.80, 7.55, -64.00, -23.45
-0.73, 0.01, -0.76, 11.05, -64.00, -28.83
-0.72, -0.05, -0.72, 14.45, -64.00, -34.42
-0.73, -0.09, -0.70, 19.87, -64.00, -40.90
-0.77, -0.11, -0.70, 20.49, -64.00, -51.52
-0.82, -0.11, -0.71, 27.23, -64.00, -55.17
-0.83, -0.12, -0.70, 25.22, -55.85, -56.29
-0.81, -0.16, -0.66, 26.38, -41.15, -60.54
-0.78, -0.21, -0.66, 27.12, -34.21, -63.00
-0.77, -0.24, -0.70, 29.69, -38.92, -64.00
-0.77, -0.23, -0.78, 33.39, -38.43, -64.00
-0.75, -0.21, -0.83, 40.00, -35.71, -64.00
-0.77, -0.20, -0.89, 48.58, -27.60, -64.00
-0.81, -0.22, -0.92, 55.26, -17.54, -64.00
-0.84, -0.28, -0.89, 49.91, -0.51, -64.00
-0.85, -0.40, -0.81, 37.55, 24.25, -64.00
-0.90, -0.49, -0.69, 24.30, 62.20, -64.00
-1.04, -0.52, -0.66, 12.48, 64.00, -64.00
-1.19, -0.49, -0.68, 4.29, 64.00, -64.00
-1.19, -0.46, -0.73, -2.18, 64.00, -64.00
-1.02, -0.47, -0.79, -0.45, 64.00, -64.00
-0.81, -0.47, -0.80, 7.15, 64.00, -64.00
-0.69, -0.47, -0.77, 13.96, 64.00, -64.00
-0.67, -0.47, -0.71, 14.75, 64.00, -64.00
-0.72, -0.47, -0.63, 12.43, 64.00, -64.00
-0.75, -0.46, -0.58, 7.83, 64.00, -64.00
-0.71, -0.46, -0.54, 3.87, 64.00, -64.00
-0.58, -0.45, -0.51, 3.12, 64.00, -64.00
-0.46, -0.43, -0.48, 7.03, 64.00, -64.00
-0.40, -0.41, -0.45, 6.11, 64.00, -64.00
-0.37, -0.40, -0.40, 6.32, 64.00, -64.00
-0.27, -0.40, -0.41, 5.84, 64.00, -64.00
-0.12, -0.39, -0.43, 6.46, 64.00, -64.00
0.01, -0.38, -0.40, 8.59, 64.00, -64.00
0.14, -0.38, -0.36, 10.85, 64.00, -64.00
0.22, -0.39, -0.35, 12.75, 64.00, -64.00
0.24, -0.38, -0.36, 14.67, 64.00, -64.00
0.24, -0.38, -0.36, 12.18, 64.00, -64.00
0.28, -0.38, -0.36, 10.34, 64.00, -64.00
0.36, -0.39, -0.35, 7.18, 64.00, -64.00
0.45, -0.40, -0.32, 4.91, 64.00, -64.00
0.50, -0.41, -0.31, 2.14, 64.00, -64.00
0.51, -0.42, -0.30, -1.99, 64.00, -64.00
0.51, -0.43, -0.29, -5.44, 64.00, -58.66
0.53, -0.43, -0.30, -7.92, 64.00, -52.41
0.57, -0.44, -0.33, -9.51, 64.00, -46.70
0.62, -0.46, -0.35, -9.91, 64.00, -39.90
0.64, -0.47, -0.36, -10.75, 55.50, -33.37
0.66, -0.49, -0.36, -11.23, 51.64, -27.34
0.66, -0.49, -0.36, -9.67, 47.52, -25.54
0.67, -0.49, -0.37, -8.46, 40.85, -20.64
0.68, -0.50, -0.39, -7.55, 30.19, -18.09
0.69, -0.51, -0.40, -5.64, 23.66, -14.16
0.70, -0.52, -0.41, -3.72, 16.54, -13.27
0.69, -0.52, -0.42, -3.56, 13.65, -11.71
0.67, -0.53, -0.43, -1.84, 14.88, -11.61
0.66, -0.53, -0.44, -0.56, 17.35, -10.76
0.66, -0.54, -0.44, 0.38, 16.39, -9.68
0.68, -0.55, -0.44, 0.19, 13.97, -7.76
0.70, -0.56, -0.44, 1.44, 8.52, -8.23
0.70, -0.55, -0.46, 3.34, 4.02, -9.72
0.70, -0.55, -0.47, 4.39, 2.57, -9.73
0.68, -0.56, -0.46, 4.31, 4.84, -10.78
0.66, -0.56, -0.46, 3.62, 11.25, -11.67
0.65, -0.57, -0.45, 1.00, 22.01, -11.21
0.66, -0.56, -0.44, 1.54, 23.21, -11.39
0.69, -0.56, -0.46, 0.69, 20.41, -10.96
0.71, -0.56, -0.48, 1.69, 16.43, -10.69
0.72, -0.57, -0.49, 1.35, 11.24, -10.91
0.72, -0.58, -0.49, 1.88, 5.79, -10.43
0.71, -0.58, -0.48, 0.79, 3.97, -10.23
0.69, -0.59, -0.47, -1.32, 7.69, -10.67
0.67, -0.60, -0.44, -2.61, 13.53, -11.17
0.68, -0.60, -0.43, -6.34, 15.74, -12.46
0.69, -0.60, -0.42, -8.92, 11.51, -12.10
0.70, -0.59, -0.39, -11.41, 4.94, -10.43
0.71, -0.58, -0.38, -14.05, -4.28, -10.55
0.71, -0.58, -0.38, -15.93, -10.72, -9.99
0.70, -0.57, -0.37, -18.36, -12.72, -10.71
0.68, -0.55, -0.38, -20.76, -8.54, -12.34
0.67, -0.52, -0.42, -21.85, -2.56, -12.78
0.67, -0.50, -0.45, -24.28, 3.30, -11.44
0.69, -0.48, -0.48, -21.30, 1.83, -8.05
0.73, -0.46, -0.53, -18.96, -0.33, -3.47
0.76, -0.44, -0.56, -14.95, 1.45, 1.48
0.78, -0.43, -0.57, -10.98, 2.53, 5.79
0.78, -0.44, -0.57, -8.79, 4.90, 11.00
0.77, -0.47, -0.53, -6.85, 10.04, 16.55
0.74, -0.52, -0.51, -6.77, 13.66, 16.06
0.72, -0.57, -0.49, -4.72, 20.11, 18.01
0.71, -0.61, -0.47, -3.87, 19.56, 15.82
0.70, -0.65, -0.45, -1.34, 23.00, 13.47
0.70, -0.69, -0.42, 2.52, 20.88, 10.30
0.67, -0.71, -0.41, 3.92, 12.18, 1.22
0.60, -0.70, -0.38, -0.10, 12.58, -6.83
0.54, -0.68, -0.29, -11.00, 13.13, -17.85
0.54, -0.64, -0.26, -23.19, 9.12, -21.82
0.63, -0.58, -0.27, -34.53, -9.80, -22.04
0.76, -0.51, -0.32, -40.25, -34.43, -16.19
0.85, -0.43, -0.43, -36.15, -50.98, -10.27
0.86, -0.37, -0.54, -30.24, -50.16, -5.95
0.80, -0.35, -0.63, -17.18, -33.27, 0.42
0.73, -0.37, -0.70, -6.51, 2.96, 8.15
0.70, -0.42, -0.73, 5.49, 29.38, 14.20
0.69, -0.49, -0.69, 12.75, 52.89, 20.06
0.70, -0.57, -0.58, 17.38, 57.18, 22.53
0.73, -0.62, -0.51, 23.44, 47.71, 18.80
0.70, -0.68, -0.43, 19.49, 39.81, 10.23
0.61, -0.73, -0.30, 10.23, 44.20, 1.10
0.58, -0.73, -0.24, 6.17, 29.05, -12.30
0.54, -0.70, -0.24, -11.52, 25.26, -18.99
0.54, -0.67, -0.13, -26.08, 25.21, -24.64
0.62, -0.61, -0.16, -36.75, 15.51, -23.33
0.77, -0.51, -0.24, -43.80, -7.92, -16.90
0.89, -0.44, -0.34, -39.83, -38.74, -9.22
0.93, -0.39, -0.46, -30.35, -56.59, -1.60
0.88, -0.37, -0.55, -18.82, -51.80, 7.86
0.78, -0.38, -0.62, -5.10, -23.73, 11.85
0.71, -0.43, -0.66, 5.64, 14.46, 15.99
0.67, -0.49, -0.62, 11.38, 34.54, 17.08
0.68, -0.61, -0.52, 14.39, 41.15, 17.88
0.71, -0.70, -0.43, 14.48, 40.37, 14.53
0.72, -0.73, -0.34, 16.20, 36.31, 6.91
0.71, -0.74, -0.30, 12.34, 12.24, -4.83
0.64, -0.76, -0.22, -0.59, 0.84, -13.31
0.61, -0.75, -0.16, -13.98, -3.98, -19.33
0.60, -0.67, -0.16, -27.76, -0.34, -18.98
0.65, -0.56, -0.25, -33.71, -4.71, -16.79
0.75, -0.45, -0.36, -29.85, -17.70, -9.71
0.81, -0.38, -0.49, -25.26, -30.27, -0.91
0.84, -0.35, -0.55, -16.54, -36.38, 7.17
0.83, -0.35, -0.62, -7.52, -28.72, 16.36
0.80, -0.38, -0.65, -0.48, -14.23, 20.65
0.72, -0.45, -0.60, 2.34, 5.12, 22.97
0.65, -0.55, -0.52, 1.55, 28.06, 24.57
0.66, -0.65, -0.45, 2.46, 40.46, 18.38
0.69, -0.71, -0.39, 1.08, 41.75, 14.04
0.72, -0.77, -0.35, -0.61, 29.87, 6.57
0.69, -0.81, -0.29, -7.46, 21.31, -1.32
0.66, -0.80, -0.25, -14.20, 10.73, -10.93
0.63, -0.74, -0.21, -27.64, 3.40, -16.55
0.64, -0.66, -0.19, -39.04, -5.27, -17.80
0.71, -0.56, -0.26, -44.97, -24.51, -13.61
0.79, -0.47, -0.38, -43.82, -51.57, -5.52
0.85, -0.41, -0.48, -38.58, -62.82, 1.18
0.83, -0.37, -0.55, -26.60, -64.00, 6.11
0.77, -0.38, -0.63, -12.48, -51.52, 9.74
0.67, -0.43, -0.67, -1.29, -1.88, 13.76
0.60, -0.49, -0.64, 5.14, 35.90, 12.72
0.57, -0.56, -0.58, 8.98, 60.12, 13.41
0.61, -0.63, -0.49, 8.69, 64.00, 14.26
0.70, -0.67, -0.41, 12.62, 54.78, 11.11
0.72, -0.71, -0.37, 7.99, 22.97, 0.66
0.65, -0.78, -0.23, -4.87, 15.71, -5.93
0.62, -0.80, -0.20, -10.51, 5.94, -16.35
0.59, -0.73, -0.24, -29.42, -0.98, -17.33
0.63, -0.65, -0.21, -37.29, -7.90, -16.56
0.74, -0.55, -0.31, -40.05, -23.89, -10.12
0.84, -0.48, -0.45, -35.52, -51.32, -1.16
0.88, -0.43, -0.52, -27.74, -62.32, 5.01
0.83, -0.41, -0.57, -14.08, -47.12, 8.95
0.71, -0.42, -0.65, -2.67, -17.44, 8.50
0.62, -0.46, -0.67, 4.52, 21.45, 13.48
0.59, -0.54, -0.61, 9.67, 43.32, 15.09
0.60, -0.61, -0.50, 10.88, 58.89, 13.65
0.62, -0.67, -0.41, 12.07, 61.87, 8.04
0.64, -0.71, -0.34, 12.19, 46.49, -5.05
0.63, -0.75, -0.28, 5.22, 40.88, -10.25
0.63, -0.78, -0.23, -1.82, 23.56, -19.88
0.61, -0.74, -0.18, -21.18, 16.72, -19.76
0.66, -0.67, -0.14, -31.50, 3.90, -20.70
0.77, -0.57, -0.22, -39.24, -17.93, -14.85
0.88, -0.48, -0.35, -39.05, -48.62, -4.51
0.93, -0.42, -0.45, -32.93, -64.00, 3.65
0.87, -0.39, -0.54, -22.52, -64.00, 9.57
0.76, -0.39, -0.63, -7.31, -46.66, 8.61
0.60, -0.42, -0.68, 0.90, 5.01, 13.57
0.56, -0.49, -0.62, 6.78, 37.59, 11.95
0.56, -0.59, -0.55, 8.34, 64.00, 12.14
0.60, -0.67, -0.43, 7.95, 64.00, 10.11
0.68, -0.70, -0.37, 8.61, 56.10, 5.25
0.71, -0.71, -0.29, -0.43, 26.63, -2.75
0.69, -0.74, -0.20, -9.29, 9.69, -8.52
0.65, -0.74, -0.17, -23.68, -2.42, -14.50
0.65, -0.68, -0.18, -34.16, -11.60, -11.30
0.72, -0.59, -0.24, -39.79, -27.71, -5.40
0.80, -0.51, -0.33, -41.51, -48.60, 1.24
0.83, -0.45, -0.44, -36.39, -64.00, 8.51
0.82, -0.42, -0.53, -27.50, -64.00, 10.79
0.75, -0.41, -0.59, -14.67, -64.00, 11.62
0.67, -0.43, -0.68, -2.16, -46.61, 15.60
0.62, -0.50, -0.70, 6.47, -11.82, 13.62
0.57, -0.56, -0.64, 9.80, 27.31, 12.83
0.57, -0.63, -0.55, 8.43, 53.59, 8.37
0.59, -0.68, -0.48, 5.31, 60.62, 5.88
0.65, -0.72, -0.43, 2.37, 56.79, 4.58
0.69, -0.76, -0.37, 2.69, 37.58, -2.64
0.65, -0.79, -0.31, -7.03, 26.80, -9.05
0.61, -0.79, -0.23, -12.20, 20.23, -14.04
0.63, -0.72, -0.25, -22.93, 1.13, -14.69
0.67, -0.65, -0.23, -36.90, -14.68, -10.76
0.71, -0.56, -0.23, -42.76, -29.11, -7.19
0.74, -0.48, -0.33, -44.17, -41.06, -0.22
0.78, -0.43, -0.43, -41.03, -57.88, 5.70
0.78, -0.40, -0.51, -32.41, -64.00, 10.62
0.71, -0.38, -0.60, -15.94, -46.82, 14.35
0.65, -0.39, -0.70, -0.74, -21.90, 13.80
0.57, -0.45, -0.71, 11.03, -1.00, 18.83
0.57, -0.53, -0.64, 17.67, 22.41, 17.18
0.57, -0.62, -0.53, 15.90, 40.93, 13.37
0.57, -0.67, -0.43, 13.73, 51.85, 10.98
0.61, -0.72, -0.38, 8.89, 46.53, 5.32
0.63, -0.78, -0.35, 2.44, 28.40, -4.03
0.60, -0.83, -0.27, -10.93, 21.50, -10.74
0.60, -0.83, -0.22, -17.96, 10.70, -18.65
0.60, -0.78, -0.24, -30.92, 6.67, -22.30
0.63, -0.70, -0.27, -37.92, -1.82, -19.49
0.73, -0.61, -0.37, -35.87, -17.96, -12.78
0.79, -0.51, -0.46, -35.30, -38.47, -5.01
0.79, -0.46, -0.50, -29.94, -53.26, -0.24
0.76, -0.41, -0.57, -20.72, -54.28, 3.62
0.70, -0.40, -0.62, -12.46, -38.43, 9.23
0.63, -0.41, -0.65, -4.29, -16.37, 11.26
0.58, -0.45, -0.63, 0.71, 9.17, 16.37
0.58, -0.52, -0.57, 2.42, 24.49, 16.48
0.58, -0.58, -0.44, 0.62, 39.97, 18.36
0.62, -0.65, -0.38, 0.69, 38.87, 14.96
0.66, -0.72, -0.35, -3.05, 29.30, 9.90
0.62, -0.77, -0.30, -11.12, 13.76, -0.20
0.55, -0.79, -0.25, -19.89, 11.18, -7.67
0.55, -0.76, -0.26, -25.50, 7.23, -12.62
0.59, -0.70, -0.30, -30.93, -3.08, -14.03
0.64, -0.63, -0.33, -34.95, -15.67, -11.88
0.69, -0.57, -0.41, -37.14, -31.65, -5.86
0.74, -0.51, -0.48, -38.16, -51.89, 0.51
0.77, -0.44, -0.56, -31.96, -64.00, 10.82
0.79, -0.39, -0.65, -20.88, -64.00, 17.50
0.69, -0.38, -0.71, -9.41, -54.54, 21.71
0.61, -0.42, -0.74, -3.41, -33.24, 25.54
0.53, -0.52, -0.69, 3.65, -16.96, 24.29
0.48, -0.60, -0.62, 5.61, 18.16, 21.16
0.45, -0.67, -0.53, 3.77, 39.88, 13.32
0.46, -0.74, -0.46, -0.96, 50.69, 9.53
0.55, -0.81, -0.41, -5.72, 42.11, 1.43
0.60, -0.85, -0.36, -13.08, 29.57, -5.67
0.62, -0.83, -0.34, -20.79, 18.34, -9.67
0.66, -0.77, -0.33, -27.63, 4.61, -11.73
0.69, -0.69, -0.34, -33.38, -10.95, -11.16
0.67, -0.63, -0.38, -38.98, -25.59, -8.38
0.63, -0.57, -0.41, -45.44, -37.80, -4.50
0.63, -0.51, -0.40, -54.31, -50.23, 0.76
0.62, -0.45, -0.44, -52.15, -56.95, 4.09
0.61, -0.38, -0.63, -38.09, -55.20, 5.95
0.59, -0.34, -0.80, -23.09, -50.07, 7.09
0.53, -0.40, -0.82, -10.82, -47.67, 9.92
0.48, -0.51, -0.80, 7.23, -4.46, 13.44
0.50, -0.57, -0.83, 17.56, 37.47, 7.65
0.49, -0.61, -0.73, 16.36, 64.00, 9.53
0.54, -0.66, -0.60, 13.86, 64.00, 12.13
0.61, -0.73, -0.53, 12.14, 64.00, 10.22
0.64, -0.79, -0.48, 10.63, 55.43, 1.64
0.60, -0.83, -0.41, 2.96, 40.77, -9.37
0.54, -0.86, -0.30, -10.69, 29.29, -19.21
0.53, -0.83, -0.25, -21.51, 28.90, -23.06
0.58, -0.72, -0.27, -30.04, 16.96, -23.44
0.65, -0.63, -0.30, -39.32, -4.58, -16.95
0.73, -0.55, -0.34, -42.40, -28.27, -9.97
0.75, -0.46, -0.43, -40.48, -54.80, -1.59
0.69, -0.39, -0.48, -37.43, -64.00, 5.17
0.62, -0.36, -0.55, -27.72, -58.84, 10.73
0.56, -0.35, -0.65, -14.38, -47.14, 12.67
0.50, -0.36, -0.72, -1.69, -34.15, 12.30
0.44, -0.41, -0.77, 15.30, 1.36, 17.44
0.47, -0.49, -0.78, 25.87, 28.15, 13.17
0.49, -0.59, -0.72, 29.67, 48.49, 16.30
0.55, -0.68, -0.61, 27.27, 53.11, 16.28
0.59, -0.76, -0.52, 23.81, 55.23, 14.29
0.60, -0.84, -0.44, 18.57, 36.90, 1.82
0.55, -0.90, -0.32, -0.37, 37.96, -5.91
0.54, -0.93, -0.24, -13.19, 27.20, -15.94
0.55, -0.87, -0.26, -28.25, 20.62, -20.58
0.56, -0.77, -0.27, -44.50, 11.88, -22.83
0.60, -0.67, -0.31, -52.99, -7.16, -20.13
0.67, -0.56, -0.44, -52.66, -29.19, -12.14
0.74, -0.46, -0.57, -46.81, -56.43, -8.35
0.68, -0.38, -0.64, -34.83, -64.00, -6.04
0.59, -0.34, -0.73, -20.35, -37.48, -2.68
0.52, -0.36, -0.80, -6.54, -6.15, -3.49
0.44, -0.42, -0.80, 5.94, 39.18, 0.81
0.45, -0.51, -0.78, 13.84, 64.00, -0.66
0.51, -0.60, -0.68, 16.37, 64.00, 2.88
0.62, -0.66, -0.56, 18.88, 64.00, 4.39
0.68, -0.71, -0.49, 17.43, 64.00, 2.83
0.68, -0.78, -0.39, 11.53, 40.38, -6.41
0.61, -0.82, -0.29, -0.39, 35.56, -14.77
0.55, -0.83, -0.21, -13.70, 41.20, -26.26
0.52, -0.80, -0.19, -28.93, 39.75, -34.39
0.55, -0.76, -0.19, -46.02, 36.72, -33.90
0.68, -0.68, -0.25, -50.35, 15.51, -30.97
0.79, -0.58, -0.40, -48.39, -19.94, -24.15
0.85, -0.49, -0.49, -43.19, -44.03, -20.06
0.80, -0.43, -0.57, -32.12, -54.61, -16.22
0.69, -0.39, -0.66, -20.72, -28.37, -14.20
0.59, -0.38, -0.74, -7.15, 14.30, -14.03
0.55, -0.40, -0.77, 0.49, 54.98, -7.07
0.61, -0.46, -0.71, 5.32, 64.00, -3.26
0.68, -0.54, -0.57, 9.89, 64.00, 5.13
0.75, -0.62, -0.46, 14.00, 59.96, 0.33
0.73, -0.68, -0.38, 8.27, 46.71, -2.78
0.68, -0.73, -0.25, -2.45, 38.88, -10.46
0.63, -0.75, -0.21, -8.79, 24.38, -22.52
0.59, -0.74, -0.17, -26.93, 22.25, -28.04
0.61, -0.72, -0.13, -40.17, 28.24, -29.83
0.71, -0.62, -0.20, -46.23, 11.09, -29.11
0.81, -0.50, -0.34, -45.81, -13.63, -18.99
0.88, -0.40, -0.47, -36.38, -37.50, -11.75
0.85, -0.34, -0.59, -26.00, -48.19, -5.05
0.76, -0.33, -0.63, -15.32, -32.71, -2.63
0.68, -0.35, -0.65, -6.01, 5.61, 0.49
0.63, -0.40, -0.65, 2.23, 36.95, 2.26
0.63, -0.48, -0.62, 7.45, 59.32, 6.92
0.70, -0.56, -0.54, 13.80, 61.29, 7.08
0.74, -0.64, -0.43, 16.53, 52.17, 1.50
0.72, -0.71, -0.32, 10.83, 41.57, -7.46
0.67, -0.76, -0.20, 1.24, 40.30, -16.34
0.68, -0.74, -0.16, -7.75, 34.19, -23.07
0.72, -0.67, -0.14, -24.63, 25.41, -23.06
0.78, -0.60, -0.12, -34.55, 12.28, -20.56
0.83, -0.52, -0.21, -42.21, -13.12, -14.31
0.88, -0.45, -0.31, -44.97, -40.14, -4.82
0.89, -0.37, -0.41, -39.28, -63.77, 1.54
0.83, -0.30, -0.55, -28.34, -64.00, 3.78
0.71, -0.28, -0.64, -13.73, -46.04, 6.67
0.63, -0.32, -0.70, 1.34, 1.80, 8.00
0.59, -0.41, -0.72, 10.02, 28.35, 6.90
0.62, -0.52, -0.60, 14.37, 63.99, 8.18
0.70, -0.61, -0.49, 15.80, 64.00, 3.41
0.77, -0.66, -0.39, 13.63, 64.00, 4.89
0.84, -0.72, -0.30, 10.05, 43.62, -0.19
0.83, -0.77, -0.20, -1.61, 24.08, -6.95
0.78, -0.78, -0.13, -10.21, 11.31, -16.28
0.73, -0.72, -0.09, -30.12, 8.04, -22.09
0.73, -0.64, -0.09, -40.26, 0.74, -24.12
0.78, -0.53, -0.20, -47.70, -11.01, -20.11
0.83, -0.44, -0.33, -46.03, -27.57, -14.24
0.85, -0.36, -0.48, -36.38, -42.23, -7.18
0.83, -0.29, -0.60, -22.95, -33.23, -1.03
0.78, -0.27, -0.66, -10.20, -13.28, 0.57
0.72, -0.32, -0.66, -1.41, 14.30, 6.98
0.71, -0.43, -0.61, 2.00, 30.02, 9.86
0.74, -0.52, -0.52, 4.63, 44.25, 10.67
0.77, -0.57, -0.45, 8.58, 47.25, 8.89
0.78, -0.61, -0.38, 9.35, 44.55, 6.92
0.77, -0.68, -0.32, 7.73, 29.45, -0.01
0.75, -0.73, -0.21, -0.23, 26.22, -7.17
0.71, -0.75, -0.12, -8.83, 16.34, -17.78
0.69, -0.70, -0.09, -27.53, 19.98, -19.89
0.75, -0.61, -0.09, -37.44, 7.69, -20.65
0.82, -0.49, -0.19, -45.37, -20.19, -15.06
0.89, -0.41, -0.29, -45.07, -44.80, -8.98
0.88, -0.36, -0.45, -33.78, -57.42, -3.38
0.82, -0.32, -0.57, -24.03, -48.91, 0.26
0.75, -0.29, -0.66, -7.65, -10.59, 3.71
0.69, -0.31, -0.70, 1.24, 20.46, 8.14
0.67, -0.39, -0.64, 4.94, 32.83, 12.00
0.73, -0.50, -0.52, 7.33, 41.10, 10.79
0.78, -0.58, -0.41, 10.37, 47.20, 7.74
0.80, -0.62, -0.35, 9.44, 39.08, 4.57
0.82, -0.70, -0.27, 3.79, 28.12, 0.25
0.80, -0.76, -0.18, -4.43, 21.81, -7.30
0.77, -0.75, -0.11, -15.32, 16.77, -12.22
0.79, -0.67, -0.09, -27.38, 8.91, -13.88
0.85, -0.56, -0.12, -38.17, -15.00, -13.46
0.86, -0.49, -0.19, -45.83, -38.45, -9.17
0.82, -0.43, -0.27, -48.86, -54.62, -8.98
0.78, -0.36, -0.45, -39.44, -59.82, -7.83
0.76, -0.30, -0.62, -24.13, -44.71, -3.08
0.76, -0.27, -0.73, -9.31, -20.79, 1.45
0.70, -0.31, -0.70, 3.22, 0.50, 8.94
0.71, -0.41, -0.63, 10.61, 40.72, 8.85
0.73, -0.49, -0.53, 14.88, 58.72, 7.48
0.79, -0.55, -0.42, 8.85, 58.64, 11.09
0.87, -0.63, -0.30, 5.55, 45.68, 13.02
0.89, -0.70, -0.25, 4.18, 20.22, 5.96
0.82, -0.75, -0.19, -6.80, 10.02, -3.12
0.74, -0.75, -0.09, -19.80, 4.56, -13.93
0.71, -0.70, -0.07, -35.07, 7.22, -16.62
0.76, -0.59, -0.15, -41.67, -4.72, -17.72
0.81, -0.48, -0.29, -42.27, -22.81, -14.11
0.84, -0.40, -0.41, -41.36, -36.85, -8.94
0.82, -0.35, -0.49, -31.87, -46.75, -7.10
0.80, -0.31, -0.60, -21.70, -48.78, -0.89
0.79, -0.30, -0.63, -10.99, -25.85, 6.28
0.77, -0.32, -0.65, 0.26, 12.79, 10.04
0.77, -0.37, -0.64, 4.35, 22.57, 18.29
0.83, -0.46, -0.52, 5.72, 28.56, 20.74
0.82, -0.57, -0.37, 6.01, 31.60, 12.77
0.74, -0.65, -0.33, 7.58, 38.46, 6.46
0.72, -0.71, -0.29, 0.95, 34.85, -3.39
0.73, -0.75, -0.21, -6.04, 32.35, -8.91
0.75, -0.73, -0.16, -17.04, 18.16, -15.00
0.77, -0.67, -0.12, -30.11, 15.46, -17.09
0.80, -0.56, -0.18, -34.33, 3.46, -15.82
0.85, -0.45, -0.30, -35.31, -20.32, -9.92
0.87, -0.37, -0.40, -33.02, -42.31, -3.27
0.83, -0.33, -0.46, -26.83, -48.82, 0.14
0.78, -0.31, -0.55, -20.02, -44.58, 4.73
0.75, -0.31, -0.57, -14.23, -38.45, 9.97
0.73, -0.35, -0.55, -5.86, -21.79, 13.55
0.72, -0.39, -0.53, 1.88, 11.70, 13.97
0.73, -0.45, -0.52, 8.57, 39.45, 12.54
0.75, -0.50, -0.47, 6.44, 50.74, 14.88
0.80, -0.58, -0.37, 4.22, 52.18, 14.87
0.82, -0.64, -0.29, 4.80, 46.18, 6.70
0.78, -0.69, -0.29, -1.12, 25.49, -0.54
0.74, -0.73, -0.19, -15.80, 3.13, -8.46
0.73, -0.72, -0.10, -32.38, -2.88, -14.17
0.75, -0.60, -0.15, -37.90, -9.93, -15.61
0.83, -0.49, -0.31, -38.90, -28.52, -9.87
0.91, -0.38, -0.44, -30.78, -50.94, 0.55
0.92, -0.37, -0.57, -18.67, -64.00, 5.45
0.85, -0.36, -0.62, -6.15, -57.91, 5.97
0.72, -0.36, -0.62, 3.02, -19.89, 6.48
0.66, -0.38, -0.65, 11.30, 23.50, 9.25
0.69, -0.42, -0.61, 12.26, 40.07, 12.63
0.78, -0.48, -0.46, 11.82, 47.68, 13.86
0.76, -0.53, -0.36, 8.51, 52.74, 14.51
0.76, -0.59, -0.29, 6.24, 40.49, 7.42
0.76, -0.65, -0.22, -0.31, 23.02, 0.79
0.73, -0.71, -0.13, -12.31, 3.28, -7.42
0.68, -0.72, -0.07, -26.07, 4.77, -12.65
0.69, -0.66, -0.09, -31.86, 5.09, -15.32
0.77, -0.55, -0.20, -31.94, -16.65, -10.00
0.89, -0.47, -0.31, -33.20, -49.61, -3.03
0.93, -0.43, -0.41, -25.16, -64.00, 2.71
0.88, -0.38, -0.56, -14.31, -64.00, 5.91
0.81, -0.34, -0.64, -2.96, -49.47, 8.82
0.71, -0.36, -0.64, 5.03, -17.18, 9.89
0.64, -0.42, -0.60, 7.04, 20.65, 11.91
0.66, -0.49, -0.54, 6.55, 33.39, 11.72
0.72, -0.55, -0.44, 5.26, 39.06, 12.51
0.75, -0.60, -0.37, 2.32, 36.87, 10.82
0.76, -0.64, -0.33, 2.76, 31.46, 5.64
0.72, -0.66, -0.31, -1.53, 24.46, -1.24
0.66, -0.70, -0.27, -10.67, 16.70, -8.69
0.63, -0.71, -0.21, -22.11, 16.12, -14.56
0.67, -0.66, -0.20, -27.75, 6.21, -17.50
0.76, -0.58, -0.29, -32.29, -20.12, -7.96
0.88, -0.49, -0.37, -34.93, -62.40, 3.64
0.99, -0.42, -0.44, -30.52, -64.00, 11.77
0.95, -0.32, -0.55, -16.65, -64.00, 12.62
0.76, -0.28, -0.63, -7.85, -64.00, 10.79
0.59, -0.34, -0.69, 3.11, -1.48, 19.52
0.59, -0.42, -0.70, 7.71, 27.45, 19.85
0.63, -0.48, -0.57, 8.45, 43.19, 25.40
0.70, -0.52, -0.43, 7.45, 45.87, 22.93
0.69, -0.58, -0.36, 2.29, 43.82, 16.55
0.66, -0.65, -0.31, -2.22, 33.80, 7.27
0.64, -0.73, -0.28, -8.03, 19.32, -1.01
0.66, -0.80, -0.22, -19.38, 2.53, -8.81
0.69, -0.80, -0.17, -31.28, 0.16, -11.86
0.76, -0.70, -0.26, -33.51, -15.64, -13.32
0.84, -0.58, -0.41, -34.36, -37.48, -5.83
0.92, -0.51, -0.51, -26.37, -63.82, -1.62
0.89, -0.49, -0.61, -14.98, -64.00, 2.18
0.79, -0.45, -0.67, -5.62, -52.37, 2.03
0.68, -0.43, -0.66, -0.85, -17.49, 2.64
0.61, -0.44, -0.62, 2.34, 20.99, 2.94
0.59, -0.48, -0.54, -1.48, 47.65, 6.18
0.64, -0.53, -0.44, -3.44, 58.64, 9.39
0.73, -0.55, -0.35, -6.14, 53.67, 12.91
0.76, -0.58, -0.30, -5.84, 35.37, 12.85
0.74, -0.60, -0.28, -4.78, 15.21, 7.68
0.67, -0.61, -0.24, -9.32, -2.99, 0.66
0.59, -0.61, -0.15, -19.00, -0.97, -1.74
0.59, -0.58, -0.15, -26.61, -4.67, -2.84
0.69, -0.51, -0.23, -30.22, -27.16, 4.97
0.82, -0.44, -0.33, -30.05, -58.96, 16.01
0.90, -0.41, -0.44, -24.54, -64.00, 25.90
0.89, -0.38, -0.54, -13.39, -64.00, 27.97
0.78, -0.37, -0.64, 0.13, -64.00, 26.94
0.64, -0.43, -0.71, 10.43, -53.51, 24.39
0.50, -0.56, -0.69, 12.29, -15.48, 21.17
0.45, -0.69, -0.62, 14.13, 29.76, 11.53
0.46, -0.76, -0.57, 11.20, 54.54, 7.38
0.57, -0.80, -0.51, 8.44, 57.86, 5.40
0.70, -0.84, -0.47, 9.27, 38.91, 1.91
0.76, -0.85, -0.44, 7.25, 16.08, -4.51
0.70, -0.84, -0.40, 1.32, 3.74, -14.34
0.61, -0.80, -0.34, -14.07, -4.43, -17.85
0.58, -0.74, -0.29, -29.31, -14.07, -18.35
0.62, -0.63, -0.32, -38.31, -36.16, -14.55
0.71, -0.50, -0.42, -41.02, -53.61, -4.47
0.78, -0.38, -0.49, -35.46, -59.37, 0.69
0.73, -0.30, -0.59, -28.34, -44.60, 5.29
0.62, -0.30, -0.68, -16.03, -34.95, 11.69
0.60, -0.36, -0.78, -3.55, 1.08, 21.25
0.62, -0.44, -0.76, 3.22, 11.33, 23.67
0.62, -0.52, -0.61, -0.17, 23.51, 26.90
0.61, -0.57, -0.49, -1.34, 40.79, 20.61
0.53, -0.62, -0.48, -4.83, 60.47, 19.55
0.53, -0.67, -0.47, -1.67, 56.35, 14.13
0.59, -0.80, -0.42, -0.04, 43.19, 6.19
0.58, -0.90, -0.34, -9.42, 26.13, -5.59
0.52, -0.91, -0.19, -28.14, 26.13, -14.41
0.57, -0.79, -0.17, -38.28, 18.48, -14.56
0.71, -0.64, -0.23, -47.79, -16.30, -9.10
0.84, -0.54, -0.30, -48.75, -54.12, 0.30
0.85, -0.48, -0.40, -46.22, -64.00, 3.41
0.75, -0.43, -0.53, -36.19, -64.00, 5.92
0.60, -0.36, -0.67, -21.71, -54.55, 6.26
0.54, -0.35, -0.77, -9.38, -25.10, 12.21
0.54, -0.43, -0.77, 2.65, 6.20, 17.97
0.57, -0.53, -0.71, 10.20, 29.66, 16.73
0.57, -0.59, -0.59, 8.50, 44.42, 17.27
0.60, -0.61, -0.50, 4.88, 38.06, 16.59
0.63, -0.66, -0.45, 2.72, 29.13, 17.83
0.60, -0.75, -0.38, 3.32, 22.60, 7.12
0.49, -0.85, -0.33, -2.81, 32.78, -4.21
0.41, -0.90, -0.22, -10.66, 36.78, -19.57
0.45, -0.85, -0.20, -27.84, 37.58, -23.88
0.59, -0.75, -0.23, -36.04, 4.88, -19.65
0.79, -0.61, -0.32, -45.58, -45.84, -9.01
0.88, -0.52, -0.37, -48.44, -64.00, -0.59
0.84, -0.44, -0.44, -45.98, -64.00, 3.37
0.72, -0.39, -0.56, -35.98, -64.00, 4.81
0.54, -0.36, -0.72, -20.38, -64.00, 1.54
0.44, -0.37, -0.90, 0.56, -19.17, 9.64
0.44, -0.44, -0.94, 14.22, 11.57, 10.16
0.50, -0.55, -0.81, 19.81, 43.42, 13.21
0.52, -0.62, -0.65, 17.35, 57.81, 10.37
0.55, -0.66, -0.54, 12.47, 64.00, 9.82
0.58, -0.70, -0.50, 9.34, 60.34, 5.75
0.59, -0.78, -0.46, 5.54, 52.98, 0.54
0.57, -0.85, -0.42, -0.12, 38.40, -9.51
0.53, -0.88, -0.36, -12.68, 29.57, -17.98
0.50, -0.84, -0.27, -27.28, 28.61, -26.58
0.54, -0.77, -0.26, -37.83, 21.81, -30.81
0.65, -0.68, -0.33, -46.88, -5.88, -25.07
0.77, -0.59, -0.43, -46.36, -41.51, -12.59
0.84, -0.48, -0.50, -44.74, -64.00, -6.62
0.77, -0.40, -0.55, -36.99, -64.00, -1.67
0.63, -0.33, -0.64, -25.73, -45.37, -0.61
0.54, -0.32, -0.74, -13.38, -10.79, 6.98
0.53, -0.36, -0.80, -1.48, 22.74, 14.42
0.55, -0.44, -0.75, 4.51, 40.23, 16.23
0.56, -0.52, -0.63, 10.58, 52.64, 15.65
0.56, -0.57, -0.57, 11.50, 60.90, 13.59
0.56, -0.62, -0.53, 14.48, 60.21, 10.47
0.54, -0.71, -0.49, 12.99, 57.82, 3.07
0.50, -0.83, -0.38, 5.64, 60.30, -6.79
0.50, -0.90, -0.27, -7.37, 48.04, -19.36
0.54, -0.88, -0.18, -27.82, 34.02, -27.04
0.61, -0.81, -0.16, -46.11, 25.09, -29.52
0.70, -0.70, -0.23, -56.25, 7.10, -28.13
0.78, -0.60, -0.39, -55.70, -23.10, -20.99
0.85, -0.50, -0.57, -46.73, -44.90, -12.19
0.82, -0.44, -0.67, -37.12, -50.49, -8.73
0.69, -0.40, -0.73, -25.51, -29.70, -6.01
0.59, -0.38, -0.75, -18.01, 7.60, -3.69
0.54, -0.39, -0.73, -13.18, 36.34, -0.66
0.56, -0.45, -0.66, -9.27, 58.81, 1.57
0.63, -0.50, -0.62, -2.79, 64.00, 2.62
0.70, -0.54, -0.58, 2.14, 63.88, 6.42
0.73, -0.58, -0.51, 5.88, 53.46, 6.28
0.69, -0.68, -0.39, 5.76, 53.77, -0.13
0.63, -0.77, -0.31, 2.34, 54.45, -9.57
0.59, -0.77, -0.24, -10.46, 41.52, -17.81
0.59, -0.72, -0.14, -30.78, 27.76, -21.44
0.65, -0.64, -0.07, -48.64, 10.89, -22.69
0.76, -0.55, -0.15, -57.29, -20.18, -15.04
0.87, -0.44, -0.31, -57.57, -57.29, -4.49
0.91, -0.35, -0.49, -44.13, -64.00, 4.59
0.82, -0.29, -0.63, -27.40, -64.00, 10.79
0.68, -0.28, -0.71, -12.01, -38.92, 11.87
0.54, -0.32, -0.74, 3.10, 9.51, 17.47
0.52, -0.46, -0.70, 8.77, 40.60, 15.59
0.55, -0.56, -0.59, 12.08, 57.31, 12.29
0.61, -0.63, -0.49, 12.20, 60.24, 8.22
0.67, -0.69, -0.45, 14.29, 50.01, 6.54
0.71, -0.77, -0.39, 13.43, 36.64, -1.08
0.69, -0.83, -0.33, 10.50, 30.24, -9.92
0.65, -0.82, -0.27, 0.86, 32.50, -16.51
0.64, -0.75, -0.22, -11.27, 25.82, -20.53
0.68, -0.67, -0.18, -27.05, 6.31, -19.59
0.77, -0.60, -0.20, -38.37, -17.02, -15.53
0.83, -0.51, -0.31, -40.38, -47.32, -8.25
0.82, -0.40, -0.44, -36.19, -64.00, -2.15
0.75, -0.33, -0.56, -27.25, -61.67, 4.47
0.68, -0.29, -0.68, -10.13, -35.88, 5.58
0.60, -0.29, -0.78, 6.32, 2.92, 9.74
0.56, -0.37, -0.77, 13.83, 30.85, 13.95
0.59, -0.52, -0.65, 18.36, 54.65, 12.68
0.64, -0.63, -0.51, 18.30, 56.54, 12.27
0.71, -0.69, -0.45, 14.96, 46.80, 6.81
0.72, -0.75, -0.37, 10.37, 44.15, 2.21
0.68, -0.79, -0.31, 4.49, 33.32, -7.35
0.67, -0.80, -0.26, -8.24, 28.96, -13.41
0.68, -0.79, -0.20, -21.04, 22.88, -18.32
0.71, -0.73, -0.18, -32.79, 11.08, -18.85
0.76, -0.63, -0.22, -41.59, -15.38, -17.46
0.79, -0.50, -0.32, -45.53, -47.10, -11.96
0.78, -0.44, -0.41, -43.40, -64.00, -9.71
0.73, -0.37, -0.54, -33.62, -53.95, -4.41
0.67, -0.29, -0.67, -19.88, -19.49, -2.29
0.63, -0.27, -0.75, -7.77, 15.96, 7.22
0.65, -0.34, -0.75, 0.68, 38.24, 15.69
0.70, -0.47, -0.64, 5.85, 47.41, 19.54
0.73, -0.58, -0.52, 9.19, 42.72, 20.78
0.74, -0.66, -0.43, 10.86, 28.94, 19.33
0.70, -0.73, -0.34, 9.32, 23.18, 13.92
0.63, -0.82, -0.21, 7.16, 17.04, -0.05
0.57, -0.86, -0.14, 0.31, 18.92, -12.50
0.57, -0.86, -0.06, -15.77, 25.63, -21.21
0.67, -0.78, -0.12, -20.20, 14.79, -24.36
0.80, -0.63, -0.20, -25.32, -16.23, -22.21
0.89, -0.52, -0.33, -25.08, -54.36, -15.66
0.88, -0.40, -0.46, -23.17, -64.00, -10.34
0.79, -0.31, -0.55, -16.31, -51.34, -8.71
0.69, -0.26, -0.64, -11.40, -24.93, -3.24
0.65, -0.26, -0.70, -3.85, 4.88, 5.22
0.66, -0.31, -0.72, 0.86, 19.85, 12.09
0.66, -0.43, -0.64, 4.44, 22.47, 18.10
0.69, -0.53, -0.56, 5.91, 25.72, 18.48
0.70, -0.61, -0.50, 10.42, 25.94, 17.62
0.67, -0.70, -0.46, 11.05, 24.72, 15.72
0.62, -0.81, -0.37, 6.91, 20.98, 5.58
0.56, -0.87, -0.26, -2.53, 37.89, -6.02
0.56, -0.85, -0.19, -13.30, 30.53, -14.21
0.64, -0.79, -0.11, -25.88, 24.81, -18.07
0.76, -0.72, -0.12, -25.84, 3.13, -17.28
0.83, -0.62, -0.24, -28.08, -36.35, -11.73
0.87, -0.50, -0.34, -29.33, -58.41, -3.80
0.82, -0.39, -0.39, -28.98, -64.00, -1.10
0.74, -0.30, -0.48, -25.34, -52.32, 2.60
0.70, -0.27, -0.57, -21.51, -42.27, 7.90
0.68, -0.30, -0.66, -10.53, -19.26, 14.84
0.65, -0.39, -0.69, -1.65, -1.63, 17.47
0.62, -0.51, -0.66, 3.74, 16.62, 17.71
0.63, -0.62, -0.58, 7.41, 34.06, 13.73
0.66, -0.69, -0.55, 8.31, 39.77, 15.28
0.70, -0.76, -0.49, 7.24, 39.07, 14.90
0.70, -0.82, -0.41, 6.44, 28.22, 2.46
0.62, -0.88, -0.30, -6.84, 33.03, -6.45
0.58, -0.88, -0.21, -17.34, 32.26, -16.83
0.65, -0.79, -0.17, -26.49, 27.85, -16.08
0.75, -0.68, -0.17, -33.08, 2.90, -16.07
0.79, -0.57, -0.25, -37.17, -28.64, -9.63
0.81, -0.47, -0.30, -38.29, -48.46, -1.48
0.79, -0.37, -0.35, -37.19, -60.86, 3.90
0.74, -0.31, -0.40, -36.90, -50.84, 11.91
0.70, -0.28, -0.48, -29.71, -48.09, 16.75
0.68, -0.29, -0.58, -20.71, -40.93, 24.26
0.65, -0.37, -0.62, -11.85, -37.59, 26.73
0.60, -0.48, -0.61, -5.58, -29.92, 27.09
0.57, -0.58, -0.57, -1.64, -10.64, 23.35
0.55, -0.61, -0.56, -3.21, 7.10, 19.10
0.55, -0.61, -0.56, -4.47, 18.49, 20.85
0.61, -0.66, -0.53, -3.42, 18.98, 19.62
0.64, -0.77, -0.46, -3.97, 12.87, 14.34
0.63, -0.91, -0.40, -8.93, 6.04, 6.04
0.61, -0.89, -0.34, -19.55, 4.08, -0.46
0.65, -0.81, -0.31, -25.62, -1.74, -4.20
0.70, -0.70, -0.35, -29.62, -15.70, -2.84
0.72, -0.64, -0.42, -29.63, -34.94, -1.32
0.68, -0.60, -0.46, -29.57, -44.84, -1.62
0.61, -0.52, -0.51, -25.84, -39.19, -1.23
0.56, -0.45, -0.56, -24.77, -36.98, -0.30
0.56, -0.39, -0.59, -20.99, -30.38, 3.94
0.60, -0.39, -0.63, -16.44, -24.11, 9.24
0.64, -0.43, -0.67, -6.16, -21.44, 12.42
0.61, -0.47, -0.71, 5.20, -5.86, 14.36
0.56, -0.53, -0.74, 14.74, 13.88, 16.37
0.56, -0.59, -0.70, 17.29, 19.83, 20.25
0.60, -0.65, -0.61, 16.08, 20.81, 21.21
0.59, -0.68, -0.51, 14.99, 15.25, 14.59
0.50, -0.75, -0.41, 8.10, 13.65, 4.13
0.44, -0.87, -0.30, -5.38, 16.60, -9.36
0.45, -0.93, -0.23, -21.17, 21.25, -14.37
0.54, -0.87, -0.21, -30.00, 14.36, -16.04
0.68, -0.72, -0.29, -33.20, -14.93, -11.68
0.77, -0.61, -0.33, -36.87, -48.25, -7.57
0.75, -0.56, -0.34, -37.02, -64.00, -3.84
0.66, -0.49, -0.46, -34.54, -64.00, 1.88
0.59, -0.41, -0.55, -31.07, -63.99, 2.81
0.54, -0.36, -0.64, -19.42, -45.39, 2.45
0.48, -0.37, -0.74, -7.26, -23.68, 5.83
0.51, -0.42, -0.82, 5.25, 5.63, 12.66
0.56, -0.48, -0.80, 13.08, 18.10, 17.24
0.56, -0.56, -0.70, 15.74, 25.03, 20.27
0.55, -0.63, -0.63, 13.13, 28.25, 19.07
0.54, -0.69, -0.58, 13.38, 26.71, 17.42
0.52, -0.74, -0.54, 10.67, 22.55, 11.09
0.47, -0.83, -0.45, 1.05, 21.21, 2.24
0.42, -0.90, -0.36, -13.01, 18.83, -7.56
0.44, -0.87, -0.30, -27.54, 24.44, -8.02
0.55, -0.76, -0.31, -33.99, 5.12, -8.74
0.65, -0.64, -0.39, -39.21, -22.97, -3.01
0.69, -0.58, -0.43, -40.00, -48.28, 1.00
0.63, -0.55, -0.45, -37.49, -63.53, 2.52
0.55, -0.52, -0.53, -35.68, -60.57, 6.67
0.51, -0.47, -0.57, -27.26, -47.77, 7.02
0.49, -0.42, -0.72, -16.12, -25.10, 10.54
0.50, -0.40, -0.81, 0.09, 1.76, 15.46
0.54, -0.44, -0.86, 11.97, 20.09, 19.40
0.53, -0.54, -0.80, 19.55, 31.39, 22.80
0.52, -0.64, -0.70, 19.46, 38.97, 23.05
0.52, -0.71, -0.58, 16.23, 33.74, 18.58
0.48, -0.75, -0.51, 13.85, 25.60, 8.14
0.39, -0.84, -0.39, -1.96, 28.94, -3.89
0.34, -0.94, -0.29, -16.42, 35.69, -12.69
0.43, -0.94, -0.27, -30.66, 31.76, -14.19
0.57, -0.82, -0.30, -37.53, 4.58, -11.46
0.68, -0.69, -0.36, -43.39, -26.06, -5.80
0.68, -0.61, -0.41, -43.71, -54.80, -3.29
0.58, -0.54, -0.45, -43.77, -61.76, -1.73
0.47, -0.49, -0.50, -44.85, -57.33, 1.21
0.43, -0.44, -0.58, -38.38, -43.70, 4.31
0.47, -0.38, -0.73, -20.29, -27.60, 9.34
0.50, -0.35, -0.83, -5.79, -12.69, 13.85
0.49, -0.42, -0.82, 6.96, 6.11, 18.72
0.46, -0.52, -0.77, 16.05, 25.30, 18.34
0.44, -0.62, -0.71, 18.78, 40.69, 18.26
0.45, -0.68, -0.63, 15.85, 40.79, 18.11
0.49, -0.74, -0.55, 12.86, 32.04, 15.93
0.50, -0.81, -0.46, 6.84, 22.79, 7.65
0.44, -0.88, -0.38, -3.77, 22.95, -0.76
0.40, -0.93, -0.34, -16.37, 20.15, -10.04
0.43, -0.90, -0.33, -29.38, 16.07, -12.86
0.50, -0.81, -0.34, -37.29, -2.21, -13.62
0.58, -0.71, -0.39, -44.11, -30.81, -11.24
0.59, -0.64, -0.44, -45.73, -57.15, -12.66
0.52, -0.57, -0.49, -45.15, -64.00, -11.72
0.47, -0.47, -0.61, -36.50, -46.75, -7.49
0.47, -0.40, -0.75, -20.84, -19.18, -2.91
0.48, -0.35, -0.82, -6.21, 3.71, 3.96
0.49, -0.39, -0.83, 5.02, 20.00, 12.77
0.49, -0.49, -0.73, 6.52, 20.95, 16.04
0.49, -0.58, -0.60, 8.90, 17.79, 15.67
0.44, -0.65, -0.54, 3.49, 17.07, 12.06
0.43, -0.70, -0.52, 0.17, 18.14, 9.54
0.43, -0.75, -0.52, -1.06, 18.83, 6.11
0.44, -0.81, -0.50, -2.24, 22.07, 1.52
0.43, -0.86, -0.46, -9.92, 21.91, -4.32
0.43, -0.85, -0.44, -17.14, 15.45, -10.38
0.46, -0.78, -0.44, -25.87, -1.61, -11.53
0.51, -0.71, -0.44, -31.10, -21.14, -13.34
0.51, -0.65, -0.47, -32.91, -37.68, -13.53
0.47, -0.59, -0.52, -33.34, -40.90, -11.27
0.46, -0.52, -0.56, -36.68, -30.55, -5.72
0.51, -0.44, -0.63, -30.03, -23.38, 0.57
0.55, -0.38, -0.75, -20.95, -9.96, 7.89
0.54, -0.40, -0.82, -9.57, 0.19, 12.12
0.48, -0.49, -0.82, -3.44, 17.22, 18.03
0.47, -0.59, -0.78, 1.37, 28.46, 19.89
0.45, -0.65, -0.73, 2.27, 29.06, 14.51
0.39, -0.69, -0.66, -0.27, 42.59, 8.62
0.36, -0.74, -0.64, 0.22, 55.39, 4.88
0.39, -0.79, -0.61, -0.45, 59.24, -0.08
0.42, -0.86, -0.53, -1.97, 55.44, -6.37
0.42, -0.91, -0.45, -9.67, 52.34, -14.93
0.44, -0.88, -0.37, -20.24, 45.64, -18.99
0.50, -0.76, -0.32, -30.74, 22.73, -20.03
0.57, -0.69, -0.31, -41.98, -6.48, -19.14
0.59, -0.62, -0.33, -49.86, -35.66, -15.65
0.58, -0.53, -0.41, -49.57, -52.38, -12.65
0.55, -0.43, -0.55, -41.52, -46.39, -6.46
0.55, -0.35, -0.69, -26.86, -23.51, -1.63
0.53, -0.33, -0.81, -9.18, 3.05, 2.92
0.45, -0.39, -0.85, 3.12, 28.62, 8.14
0.42, -0.52, -0.81, 11.50, 47.12, 9.33
0.45, -0.61, -0.73, 14.00, 57.85, 5.54
0.46, -0.67, -0.67, 15.09, 64.00, 2.86
0.45, -0.71, -0.66, 17.81, 64.00, -2.19
0.43, -0.79, -0.64, 18.03, 64.00, -8.06
0.41, -0.88, -0.56, 13.09, 64.00, -20.04
0.41, -0.93, -0.48, 8.88, 64.00, -29.23
0.47, -0.90, -0.39, -5.58, 64.00, -38.37
0.57, -0.85, -0.28, -16.80, 64.00, -48.78
0.54, -0.78, -0.24, -37.87, 64.00, -51.52
0.54, -0.69, -0.27, -51.39, 64.00, -49.31
0.65, -0.59, -0.36, -58.59, 39.70, -41.82
0.80, -0.49, -0.46, -54.94, -5.91, -35.50
0.83, -0.42, -0.59, -46.74, -32.88, -30.31
0.75, -0.40, -0.64, -32.52, -18.71, -26.80
0.63, -0.41, -0.72, -17.50, 36.95, -24.48
0.54, -0.41, -0.76, -7.74, 64.00, -19.20
0.55, -0.45, -0.70, -3.55, 64.00, -7.56
0.66, -0.51, -0.57, 2.41, 64.00, -3.28
0.73, -0.60, -0.45, 3.95, 64.00, -7.56
0.71, -0.69, -0.29, -3.26, 51.46, -14.62
0.65, -0.74, -0.14, -10.38, 36.06, -29.93
0.54, -0.71, -0.12, -23.58, 47.13, -36.10
0.55, -0.68, -0.10, -36.24, 49.14, -39.97
0.69, -0.62, -0.11, -42.61, 26.41, -33.82
0.86, -0.56, -0.20, -47.82, -8.95, -26.47
0.98, -0.46, -0.31, -39.02, -41.41, -20.90
0.89, -0.32, -0.49, -26.24, -43.42, -18.17
0.75, -0.27, -0.60, -18.74, -23.24, -15.54
0.65, -0.31, -0.63, -8.94, 21.02, -12.17
0.70, -0.37, -0.65, -2.41, 46.62, -5.96
0.80, -0.44, -0.61, 1.89, 52.78, 7.21
0.89, -0.50, -0.51, 4.67, 41.14, 12.14
0.88, -0.57, -0.40, 8.07, 27.96, 10.29
0.78, -0.64, -0.31, 6.40, 24.50, 2.03
0.69, -0.70, -0.24, 1.32, 9.50, -9.66
0.64, -0.73, -0.17, -13.49, 12.08, -18.32
0.66, -0.69, -0.13, -24.65, 20.16, -22.11
0.73, -0.57, -0.19, -34.78, 9.49, -21.26
0.82, -0.46, -0.26, -42.12, -13.77, -14.37
0.88, -0.41, -0.34, -46.42, -48.42, -8.94
0.87, -0.36, -0.46, -40.57, -61.80, -4.36
0.80, -0.29, -0.62, -29.71, -48.99, -1.35
0.71, -0.24, -0.71, -13.34, -3.59, 3.45
0.68, -0.29, -0.78, -1.31, 33.85, 9.65
0.71, -0.41, -0.74, 5.01, 51.40, 17.67
0.77, -0.53, -0.58, 9.12, 47.96, 16.43
0.79, -0.59, -0.45, 11.30, 48.53, 10.86
0.76, -0.67, -0.36, 8.97, 53.20, 3.34
0.74, -0.73, -0.28, 4.42, 35.89, -5.99
0.72, -0.75, -0.21, -6.43, 34.43, -14.55
0.71, -0.70, -0.16, -15.82, 32.16, -19.76
0.77, -0.60, -0.14, -28.58, 25.86, -18.93
0.85, -0.52, -0.17, -36.07, 5.32, -14.35
0.89, -0.44, -0.24, -41.60, -21.21, -6.75
0.88, -0.37, -0.32, -40.45, -40.88, -1.53
0.82, -0.30, -0.45, -31.90, -44.95, -0.46
0.75, -0.28, -0.56, -21.29, -38.24, 1.51
0.69, -0.31, -0.62, -7.59, -11.67, 5.04
0.68, -0.37, -0.63, 2.69, 22.70, 6.58
0.71, -0.46, -0.58, 9.12, 48.32, 7.00
0.79, -0.53, -0.49, 12.91, 55.26, 9.69
0.88, -0.59, -0.42, 13.80, 40.64, 8.25
0.86, -0.66, -0.33, 8.05, 38.30, 6.37
0.80, -0.72, -0.20, 0.36, 22.76, -4.56
0.76, -0.71, -0.15, -10.06, 19.63, -9.59
0.76, -0.67, -0.11, -23.86, 8.97, -14.04
0.78, -0.61, -0.11, -32.21, 3.73, -14.02
0.83, -0.51, -0.20, -36.48, -15.29, -12.30
0.85, -0.43, -0.30, -38.63, -36.02, -8.49
0.83, -0.38, -0.39, -34.78, -41.18, -7.44
0.78, -0.35, -0.51, -29.76, -47.49, -7.76
0.73, -0.33, -0.58, -19.51, -39.88, -4.16
0.73, -0.34, -0.64, -7.97, 0.38, -0.85
0.75, -0.37, -0.66, 2.61, 35.90, 1.80
0.79, -0.41, -0.64, 6.25, 46.79, 12.51
0.89, -0.48, -0.51, 5.69, 40.00, 18.34
0.92, -0.55, -0.38, 9.03, 33.82, 18.23
0.84, -0.61, -0.34, 7.47, 15.12, 5.92
0.73, -0.70, -0.22, -4.95, 28.17, -2.08
0.67, -0.77, -0.15, -8.48, 20.18, -16.33
0.68, -0.73, -0.15, -24.71, 19.40, -19.60
0.75, -0.66, -0.11, -30.99, 16.84, -24.21
0.84, -0.56, -0.19, -33.09, 2.05, -22.46
0.91, -0.48, -0.27, -33.86, -21.91, -18.37
0.89, -0.43, -0.33, -33.81, -38.87, -13.54
0.82, -0.39, -0.40, -34.57, -39.82, -12.74
0.76, -0.33, -0.48, -27.35, -32.06, -12.28
0.73, -0.27, -0.59, -19.77, -13.93, -6.87
0.74, -0.26, -0.63, -10.65, 10.17, 0.46
0.79, -0.34, -0.61, -3.49, 23.76, 5.87
0.85, -0.38, -0.55, -0.38, 23.61, 14.23
0.92, -0.45, -0.45, 2.78, 15.41, 18.37
0.91, -0.51, -0.40, 6.58, 20.57, 17.63
0.82, -0.59, -0.35, 4.96, 21.47, 10.21
0.74, -0.66, -0.28, -0.04, 22.97, 1.28
0.72, -0.71, -0.20, -8.25, 18.25, -9.16
0.72, -0.70, -0.16, -19.66, 18.63, -15.64
0.81, -0.63, -0.14, -26.37, 11.76, -19.54
0.87, -0.53, -0.19, -30.11, -4.71, -17.80
0.93, -0.45, -0.28, -31.92, -27.31, -13.96
0.90, -0.40, -0.37, -29.96, -41.44, -9.64
0.84, -0.34, -0.47, -26.66, -37.92, -8.05
0.78, -0.28, -0.54, -19.60, -23.62, -6.44
0.76, -0.23, -0.61, -11.48, 5.49, 0.22
0.75, -0.23, -0.64, -6.06, 21.95, 8.87
0.77, -0.30, -0.61, -0.84, 23.87, 15.14
0.85, -0.39, -0.53, 4.72, 18.71, 21.14
0.91, -0.44, -0.45, 8.26, 14.63, 22.21
0.86, -0.50, -0.37, 10.56, 15.41, 18.25
0.74, -0.63, -0.29, 4.17, 18.57, 9.14
0.68, -0.77, -0.18, -6.10, 23.21, -2.58
0.69, -0.82, -0.13, -18.60, 18.14, -9.46
0.76, -0.74, -0.08, -28.67, 16.71, -16.12
0.86, -0.59, -0.16, -33.46, -0.96, -16.60
0.93, -0.47, -0.26, -37.57, -26.11, -9.60
0.93, -0.41, -0.34, -34.33, -45.49, -5.44
0.84, -0.36, -0.42, -33.85, -44.15, -0.51
0.77, -0.30, -0.47, -27.68, -35.12, 0.32
0.73, -0.21, -0.55, -18.72, -11.03, 5.82
0.73, -0.19, -0.60, -11.15, 0.60, 12.73
0.78, -0.27, -0.59, -4.96, 1.02, 21.14
0.79, -0.39, -0.53, 2.23, 7.99, 24.20
0.82, -0.45, -0.47, 5.46, 7.14, 23.02
0.83, -0.47, -0.45, 8.64, 15.83, 27.63
0.82, -0.53, -0.42, 10.93, 12.92, 21.32
0.76, -0.65, -0.35, 9.29, 13.92, 12.58
0.66, -0.78, -0.27, 2.33, 6.83, -1.99
0.67, -0.82, -0.19, -10.45, 4.10, -13.20
0.74, -0.75, -0.14, -23.46, 6.96, -19.88
0.84, -0.63, -0.19, -28.04, -11.50, -20.84
0.93, -0.53, -0.29, -34.35, -34.19, -13.74
0.95, -0.48, -0.39, -31.10, -53.52, -11.89
0.85, -0.41, -0.53, -23.50, -46.49, -8.25
0.76, -0.33, -0.62, -15.81, -24.34, -7.01
0.73, -0.28, -0.64, -8.39, -0.43, -1.49
0.75, -0.29, -0.65, -3.34, 20.73, 7.17
0.80, -0.37, -0.59, -2.68, 25.08, 14.11
0.83, -0.46, -0.48, -1.77, 23.60, 16.47
0.83, -0.51, -0.40, -4.70, 26.92, 15.08
0.79, -0.53, -0.37, -4.09, 30.89, 15.90
0.77, -0.56, -0.37, -3.64, 23.41, 15.34
0.75, -0.62, -0.30, -6.46, 12.44, 7.36
0.66, -0.69, -0.21, -14.46, 6.97, -3.54
0.56, -0.72, -0.11, -31.19, 11.95, -15.61
0.66, -0.66, -0.11, -39.78, 7.30, -19.44
0.80, -0.51, -0.23, -44.70, -20.01, -13.47
0.88, -0.42, -0.32, -47.62, -52.88, -6.24
0.85, -0.36, -0.44, -45.01, -56.64, 2.55
0.81, -0.28, -0.57, -36.86, -52.46, 6.17
0.76, -0.21, -0.70, -23.07, -43.89, 8.92
0.71, -0.21, -0.77, -7.24, -21.26, 14.87
0.68, -0.30, -0.81, 7.59, 21.03, 17.91
0.66, -0.43, -0.73, 12.37, 43.43, 19.63
0.72, -0.54, -0.56, 12.29, 48.78, 21.85
0.81, -0.60, -0.43, 10.22, 40.26, 21.15
0.86, -0.67, -0.33, 7.15, 23.90, 15.01
0.82, -0.72, -0.29, 4.64, 9.45, 3.40
0.74, -0.76, -0.24, -7.59, 4.65, -4.27
0.72, -0.77, -0.17, -18.66, 10.99, -11.03
0.76, -0.69, -0.19, -24.61, 0.90, -13.56
0.82, -0.59, -0.28, -29.74, -20.38, -10.61
0.84, -0.50, -0.30, -36.25, -47.28, -10.71
0.80, -0.44, -0.35, -39.76, -57.96, -7.50
0.76, -0.35, -0.46, -37.62, -55.19, -0.41
0.77, -0.25, -0.60, -30.45, -41.52, 5.26
0.77, -0.18, -0.68, -21.76, -29.98, 12.20
0.72, -0.22, -0.70, -5.90, -7.90, 19.93
0.71, -0.34, -0.75, 6.94, 22.15, 21.95
0.69, -0.46, -0.68, 12.23, 30.14, 23.72
0.70, -0.53, -0.56, 11.00, 37.61, 24.92
0.71, -0.57, -0.49, 12.16, 38.43, 21.33
0.68, -0.62, -0.42, 10.65, 39.99, 15.35
0.66, -0.73, -0.31, 7.90, 28.91, 2.15
0.62, -0.83, -0.21, -5.52, 24.12, -10.47
0.63, -0.86, -0.14, -22.20, 27.08, -14.44
0.76, -0.73, -0.15, -29.89, 8.44, -15.32
0.88, -0.55, -0.22, -39.21, -22.80, -8.83
0.91, -0.45, -0.31, -37.97, -53.87, -4.26
0.84, -0.38, -0.44, -35.58, -64.00, 1.63
0.75, -0.33, -0.55, -25.27, -58.62, 2.38
0.67, -0.26, -0.66, -12.83, -33.73, 3.25
0.61, -0.24, -0.73, -1.49, 2.55, 8.84
0.63, -0.30, -0.76, 7.45, 32.92, 13.30
0.66, -0.41, -0.69, 9.48, 41.73, 18.80
0.74, -0.51, -0.56, 13.12, 37.25, 22.52
0.81, -0.56, -0.50, 16.21, 21.41, 18.82
0.74, -0.61, -0.45, 14.25, 13.54, 11.60
0.64, -0.73, -0.32, 7.41, 19.03, -1.70
0.57, -0.85, -0.25, -8.78, 24.14, -15.00
0.61, -0.87, -0.18, -26.31, 29.90, -17.98
0.78, -0.75, -0.21, -34.61, 10.00, -13.82
0.92, -0.60, -0.29, -40.36, -26.50, -6.30
0.93, -0.50, -0.36, -41.55, -59.44, -3.72
0.80, -0.44, -0.46, -39.21, -64.00, -1.00
0.67, -0.36, -0.56, -31.87, -56.48, -0.36
0.62, -0.29, -0.68, -21.13, -24.41, 0.60
0.57, -0.26, -0.72, -9.40, 2.31, 5.05
0.61, -0.31, -0.77, 2.91, 36.59, 12.21
0.69, -0.43, -0.69, 9.15, 53.25, 15.30
0.75, -0.51, -0.56, 13.58, 56.42, 17.16
0.80, -0.58, -0.49, 15.56, 47.14, 20.42
0.80, -0.66, -0.44, 16.60, 25.45, 14.11
0.70, -0.74, -0.35, 10.59, 18.63, 1.44
0.59, -0.83, -0.18, -7.72, 20.80, -16.58
0.55, -0.85, -0.11, -27.21, 32.47, -22.42
0.66, -0.75, -0.13, -40.25, 17.97, -22.30
0.85, -0.60, -0.24, -45.67, -15.96, -12.30
0.95, -0.47, -0.37, -44.91, -61.38, -3.80
0.89, -0.37, -0.46, -36.75, -64.00, 2.01
0.74, -0.30, -0.61, -23.90, -59.71, 5.71
0.61, -0.26, -0.69, -14.09, -32.20, 5.12
0.55, -0.28, -0.73, -1.27, 7.25, 13.26
0.59, -0.35, -0.73, 4.34, 28.05, 16.61
0.66, -0.47, -0.62, 8.97, 38.09, 21.05
0.72, -0.55, -0.53, 10.84, 27.57, 20.24
0.74, -0.61, -0.48, 12.17, 24.87, 16.75
0.71, -0.66, -0.46, 17.47, 25.58, 9.35
0.63, -0.71, -0.41, 13.98, 36.69, 0.11
0.59, -0.77, -0.30, 5.18, 41.35, -11.89
0.61, -0.80, -0.17, -17.25, 46.06, -18.15
0.69, -0.76, -0.14, -30.80, 33.27, -19.06
0.81, -0.64, -0.22, -43.45, 0.19, -15.47
0.91, -0.54, -0.32, -49.42, -44.71, -6.99
0.93, -0.45, -0.41, -46.95, -64.00, -0.84
0.84, -0.39, -0.54, -37.87, -64.00, 5.63
0.72, -0.33, -0.65, -26.82, -56.86, 6.22
0.59, -0.30, -0.71, -14.75, -18.98, 7.72
0.54, -0.35, -0.74, -4.78, 23.34, 10.14
0.57, -0.46, -0.68, 0.45, 49.56, 11.49
0.66, -0.56, -0.59, 4.75, 52.14, 11.49
0.73, -0.61, -0.49, 4.09, 46.80, 10.03
0.76, -0.65, -0.43, 5.16, 36.45, 6.74
0.74, -0.71, -0.37, 2.80, 26.88, -2.01
0.66, -0.76, -0.28, -3.18, 25.34, -9.88
0.61, -0.78, -0.21, -16.23, 31.06, -18.11
0.65, -0.72, -0.18, -25.06, 23.55, -18.63
0.78, -0.60, -0.20, -36.52, 0.54, -15.82
0.85, -0.50, -0.25, -41.03, -32.76, -7.85
0.87, -0.40, -0.35, -41.84, -64.00, 1.72
0.84, -0.33, -0.42, -40.62, -64.00, 10.91
0.77, -0.29, -0.49, -33.73, -64.00, 13.45
0.65, -0.28, -0.60, -23.85, -50.37, 13.51
0.56, -0.33, -0.69, -9.96, -34.25, 17.82
0.57, -0.40, -0.76, 7.74, -3.48, 23.41
0.61, -0.49, -0.75, 17.95, 15.01, 19.66
0.64, -0.55, -0.60, 18.67, 29.42, 21.18
0.66, -0.61, -0.52, 14.13, 34.53, 17.57
0.65, -0.66, -0.47, 12.03, 37.56, 13.13
0.62, -0.74, -0.41, 5.37, 36.78, 4.43
0.61, -0.83, -0.31, -4.67, 28.18, -4.78
0.62, -0.85, -0.25, -20.00, 20.24, -10.48
0.68, -0.79, -0.20, -33.62, 8.22, -11.65
0.78, -0.66, -0.24, -40.30, -17.92, -7.42
0.85, -0.55, -0.32, -44.87, -58.11, -0.72
0.85, -0.50, -0.38, -48.73, -64.00, 4.87
0.79, -0.45, -0.43, -50.21, -64.00, 7.85
0.69, -0.38, -0.58, -39.15, -64.00, 3.67
0.58, -0.30, -0.81, -18.49, -35.02, 6.44
0.56, -0.31, -0.95, -1.99, 4.01, 13.83
0.63, -0.40, -0.97, 12.55, 26.14, 25.35
0.70, -0.52, -0.82, 13.70, 16.04, 31.61
0.71, -0.61, -0.59, 8.23, 7.43, 32.97
0.65, -0.64, -0.43, 4.10, 7.08, 26.04
0.49, -0.66, -0.37, -2.17, 11.83, 11.02
0.36, -0.74, -0.31, -17.24, 24.88, -4.41
0.34, -0.81, -0.26, -30.95, 32.72, -13.38
0.44, -0.79, -0.26, -42.33, 35.93, -13.43
0.61, -0.67, -0.32, -43.82, 10.75, -11.68
0.74, -0.58, -0.37, -45.91, -19.27, -8.69
0.77, -0.53, -0.38, -45.20, -43.42, -6.42
0.74, -0.51, -0.44, -45.91, -53.53, -0.74
0.69, -0.44, -0.55, -37.49, -51.72, 0.67
0.61, -0.37, -0.68, -26.02, -38.08, 1.79
0.54, -0.34, -0.74, -13.83, -15.84, 6.67
0.54, -0.38, -0.75, -3.76, 5.11, 10.65
0.58, -0.44, -0.69, 0.30, 10.51, 11.73
0.61, -0.49, -0.62, 3.02, 5.41, 13.60
0.64, -0.55, -0.58, 3.01, 2.79, 14.15
0.63, -0.61, -0.53, 2.05, 4.95, 9.78
0.58, -0.69, -0.49, -1.13, 11.16, 3.75
0.54, -0.76, -0.45, -8.14, 13.13, -2.47
0.53, -0.79, -0.44, -15.91, 10.17, -8.44
0.58, -0.76, -0.47, -20.73, -4.89, -11.85
0.64, -0.67, -0.51, -25.46, -21.00, -11.44
0.66, -0.58, -0.53, -26.88, -29.67, -10.10
0.62, -0.50, -0.55, -27.21, -27.21, -7.85
0.58, -0.43, -0.58, -32.62, -18.33, -4.36
0.58, -0.37, -0.62, -33.50, -20.81, 1.61
0.61, -0.33, -0.70, -25.91, -23.47, 9.24
0.67, -0.33, -0.79, -12.65, -13.46, 17.04
0.66, -0.37, -0.85, 3.45, -3.28, 18.24
0.55, -0.46, -0.80, 9.85, 20.20, 19.05
0.47, -0.56, -0.72, 11.70, 42.60, 16.05
0.47, -0.62, -0.64, 11.47, 53.07, 15.42
0.53, -0.68, -0.53, 6.91, 46.45, 11.59
0.56, -0.76, -0.42, 0.82, 36.16, 4.85
0.57, -0.82, -0.36, -10.13, 24.02, -3.03
0.55, -0.80, -0.32, -23.96, 6.50, -10.77
0.57, -0.71, -0.31, -36.20, -10.77, -10.81
0.64, -0.62, -0.37, -42.34, -31.58, -9.33
0.65, -0.54, -0.39, -48.86, -49.53, -9.96
0.59, -0.49, -0.43, -47.41, -46.78, -6.85
0.54, -0.43, -0.50, -46.16, -44.51, -5.34
0.55, -0.39, -0.59, -40.86, -41.93, 0.09
0.61, -0.36, -0.72, -24.75, -41.96, 3.78
0.60, -0.33, -0.85, -7.92, -26.68, 12.36
0.60, -0.35, -0.90, 6.65, -5.70, 18.47
0.58, -0.42, -0.84, 14.42, 16.92, 20.88
0.53, -0.52, -0.74, 15.70, 33.66, 20.57
0.50, -0.58, -0.69, 14.13, 36.15, 19.14
0.50, -0.63, -0.65, 12.78, 39.45, 13.01
0.48, -0.70, -0.60, 10.35, 42.47, 5.54
0.45, -0.79, -0.53, 2.44, 44.27, -4.54
0.46, -0.85, -0.49, -5.69, 36.74, -9.78
0.50, -0.83, -0.45, -15.45, 30.76, -15.72
0.56, -0.74, -0.45, -21.89, 16.58, -17.30
0.62, -0.64, -0.47, -29.53, -2.83, -16.12
0.66, -0.57, -0.48, -34.81, -21.87, -14.18
0.64, -0.53, -0.53, -38.73, -31.41, -10.54
0.59, -0.47, -0.60, -36.30, -30.52, -8.71
0.55, -0.40, -0.69, -25.52, -9.20, -5.30
0.54, -0.31, -0.78, -9.39, 17.52, -0.48
0.54, -0.29, -0.79, 0.47, 45.66, 9.77
0.58, -0.35, -0.70, 4.60, 50.50, 16.47
0.61, -0.43, -0.54, 5.22, 48.29, 27.00
0.65, -0.48, -0.45, 3.19, 26.80, 31.21
0.65, -0.50, -0.39, 1.76, 0.69, 32.25
0.61, -0.55, -0.37, 0.64, -19.52, 28.07
0.50, -0.64, -0.30, -12.05, -24.25, 21.80
0.43, -0.71, -0.29, -18.56, -18.64, 16.26
0.46, -0.68, -0.36, -22.44, -10.51, 12.85
0.53, -0.62, -0.42, -19.22, -6.32, 11.19
0.59, -0.60, -0.53, -13.62, -3.00, 11.29
0.63, -0.60, -0.60, -8.56, -2.48, 10.38
0.62, -0.63, -0.60, -5.39, 1.67, 11.79
0.58, -0.64, -0.53, -6.40, 2.90, 11.83
0.55, -0.65, -0.52, -9.02, 4.01, 11.53
0.55, -0.65, -0.51, -11.77, -13.16, 9.20
0.56, -0.64, -0.50, -14.19, -20.88, 9.42
0.58, -0.64, -0.52, -13.25, -27.35, 6.45
0.55, -0.62, -0.57, -10.37, -28.35, 7.97
0.54, -0.60, -0.59, -7.20, -30.27, 10.15
0.55, -0.59, -0.60, -3.82, -31.55, 9.86
0.55, -0.59, -0.58, -4.43, -34.41, 8.96
0.51, -0.61, -0.56, -7.72, -35.64, 6.34
0.47, -0.63, -0.54, -11.83, -33.82, 3.79
0.46, -0.65, -0.55, -14.24, -27.28, 1.28
0.45, -0.63, -0.60, -13.98, -16.33, 2.86
0.47, -0.61, -0.63, -12.03, -14.43, 2.00
0.51, -0.61, -0.63, -9.46, -16.65, 2.85
0.53, -0.65, -0.60, -5.89, -26.31, 1.26
0.49, -0.69, -0.60, -4.86, -27.75, 2.08
0.43, -0.71, -0.59, -6.38, -25.54, -0.81
0.40, -0.69, -0.58, -6.15, -25.81, -2.72
0.40, -0.67, -0.58, -6.27, -29.15, -6.62
0.43, -0.69, -0.56, -8.34, -35.91, -7.72
0.44, -0.71, -0.54, -9.78, -48.41, -11.18
0.39, -0.70, -0.56, -9.89, -50.99, -14.90
0.36, -0.68, -0.61, -8.27, -49.04, -16.10
0.35, -0.65, -0.64, -5.96, -45.46, -20.28
0.34, -0.63, -0.67, -3.61, -39.13, -21.15
0.36, -0.60, -0.71, -0.06, -33.72, -21.26
0.37, -0.60, -0.72, 2.21, -31.80, -19.05
0.40, -0.60, -0.68, 4.33, -31.46, -16.00
0.41, -0.59, -0.66, 6.86, -30.19, -12.32
0.40, -0.56, -0.67, 7.14, -29.46, -9.58
0.40, -0.55, -0.65, 8.26, -30.65, -8.89
0.38, -0.56, -0.66, 9.97, -26.75, -5.64
0.36, -0.58, -0.65, 10.92, -27.11, -2.96
0.37, -0.59, -0.63, 12.17, -22.97, 0.68
0.38, -0.58, -0.62, 14.20, -24.94, 1.21
0.35, -0.55, -0.65, 14.76, -15.96, 4.65
0.34, -0.54, -0.64, 13.66, -8.79, 5.92
0.34, -0.55, -0.64, 14.98, -2.38, 8.69
0.38, -0.56, -0.63, 14.06, -9.69, 12.86
0.43, -0.60, -0.59, 14.46, -18.87, 15.83
0.42, -0.62, -0.57, 16.74, -26.22, 12.01
0.35, -0.64, -0.55, 16.29, -31.55, 9.45
0.30, -0.71, -0.55, 14.71, -26.12, 6.59
0.30, -0.77, -0.58, 15.87, -22.93, 2.98
0.30, -0.78, -0.62, 19.73, -16.62, 0.72
0.31, -0.77, -0.64, 23.14, -9.37, -1.33
0.31, -0.77, -0.64, 23.84, -1.73, -4.74
0.31, -0.77, -0.63, 21.57, -2.18, -6.56
0.33, -0.76, -0.59, 17.78, -7.51, -8.77
0.37, -0.77, -0.54, 12.12, -20.38, -11.21
0.38, -0.77, -0.51, 7.69, -20.37, -10.87
0.35, -0.76, -0.56, 5.72, -17.77, -15.50
0.30, -0.76, -0.58, 4.13, -17.14, -16.70
0.28, -0.77, -0.60, 4.48, -20.64, -18.75
0.28, -0.79, -0.62, 6.91, -27.98, -20.91
0.27, -0.80, -0.61, 7.09, -31.30, -25.39
0.25, -0.80, -0.60, 9.18, -29.28, -29.80
0.24, -0.76, -0.63, 10.34, -10.65, -27.01
0.27, -0.72, -0.63, 8.93, 0.45, -25.09
0.29, -0.69, -0.60, 8.23, 7.89, -23.77
0.29, -0.67, -0.56, 5.90, -1.12, -24.78
0.28, -0.67, -0.54, 6.23, -11.34, -24.05
0.31, -0.66, -0.52, 6.10, -11.41, -18.47
0.35, -0.64, -0.49, 0.24, -21.54, -13.47
0.35, -0.60, -0.47, -1.94, -25.13, -9.11
0.35, -0.59, -0.46, -4.26, -27.09, -6.42
0.34, -0.63, -0.48, -4.93, -29.32, -6.02
0.30, -0.67, -0.54, -7.21, -24.82, -2.16
0.30, -0.66, -0.59, -5.92, -19.64, 3.62
0.33, -0.64, -0.63, 0.69, -13.57, 3.64
0.33, -0.63, -0.65, 2.84, -12.29, 2.77
0.32, -0.67, -0.64, -2.02, -5.90, 2.52
0.33, -0.72, -0.60, -8.14, 5.62, 6.21
0.39, -0.72, -0.62, -10.66, 20.03, 11.79
0.45, -0.69, -0.68, -10.11, 29.17, 15.50
0.43, -0.68, -0.71, -6.07, 34.68, 13.22
0.39, -0.75, -0.75, -0.41, 48.84, 16.05
0.37, -0.87, -0.70, -2.56, 42.95, 14.06
0.35, -0.95, -0.58, -1.79, 41.65, 10.13
0.27, -0.96, -0.50, -7.02, 37.04, 0.36
0.16, -0.94, -0.45, -10.22, 37.45, -12.60
0.12, -0.96, -0.38, -12.46, 27.44, -22.96
0.17, -1.01, -0.30, -14.50, 0.73, -29.19
0.28, -1.00, -0.26, -17.99, -27.20, -33.51
0.39, -0.89, -0.26, -17.56, -29.67, -29.40
0.50, -0.67, -0.35, -10.24, -16.54, -22.66
0.41, -0.50, -0.36, -13.93, -37.63, -23.56
0.29, -0.45, -0.37, -10.78, -20.95, -15.98
0.37, -0.43, -0.38, -15.69, -45.19, -5.59
0.41, -0.41, -0.40, -16.96, -53.22, 5.10
0.47, -0.36, -0.53, -6.30, -63.06, 10.94
0.44, -0.36, -0.67, -0.79, -44.38, 15.66
0.34, -0.46, -0.75, 3.95, -9.21, 21.02
0.28, -0.58, -0.78, 3.61, 25.49, 28.42
0.29, -0.71, -0.73, 7.51, 40.28, 33.31
0.35, -0.87, -0.68, 9.35, 25.08, 33.39
0.35, -1.05, -0.61, 6.79, -0.79, 29.12
0.26, -1.15, -0.56, 2.34, -17.80, 16.77
0.11, -1.16, -0.52, -2.68, -17.82, -5.03
0.01, -1.12, -0.48, -8.39, 3.94, -25.58
0.03, -1.08, -0.42, -17.28, 16.95, -41.06
0.14, -1.01, -0.40, -23.08, 16.99, -46.07
0.30, -0.87, -0.42, -26.80, 9.22, -39.40
0.47, -0.68, -0.48, -26.79, 15.04, -19.45
0.59, -0.47, -0.46, -24.98, 0.91, -5.65
0.56, -0.33, -0.43, -23.61, -15.40, 4.19
0.54, -0.28, -0.48, -20.97, -33.43, 15.30
0.45, -0.30, -0.55, -18.98, -31.98, 16.17
0.29, -0.42, -0.57, -17.87, -4.31, 21.28
0.23, -0.54, -0.61, -16.94, 18.34, 26.34
0.26, -0.64, -0.65, -11.78, 24.66, 31.97
0.36, -0.75, -0.70, 1.47, 21.66, 37.66
0.42, -0.93, -0.68, 11.02, -3.72, 34.07
0.35, -1.08, -0.62, 15.73, -9.60, 30.53
0.19, -1.14, -0.56, 15.43, -5.82, 12.59
-0.04, -1.13, -0.44, 7.29, 20.72, -15.23
-0.16, -1.11, -0.36, -9.58, 51.57, -32.91
0.01, -1.05, -0.28, -21.28, 46.79, -39.22
0.30, -0.94, -0.27, -31.45, 15.52, -39.84
0.42, -0.80, -0.27, -39.73, -27.73, -41.67
0.35, -0.67, -0.32, -43.47, -46.39, -39.85
0.32, -0.52, -0.45, -43.25, -34.32, -24.32
0.50, -0.37, -0.59, -31.70, -0.47, -0.40
0.65, -0.24, -0.66, -17.23, -8.93, 14.65
0.60, -0.24, -0.73, -2.35, 0.74, 25.79
0.43, -0.43, -0.70, -2.90, 0.46, 29.08
0.20, -0.65, -0.66, -5.45, 26.84, 29.13
0.18, -0.78, -0.61, -5.56, 41.74, 28.69
0.29, -0.86, -0.59, 4.71, 31.19, 23.79
0.36, -0.99, -0.59, 10.44, 4.42, 19.06
0.30, -1.12, -0.56, 8.71, 1.97, 9.51
0.14, -1.15, -0.49, 6.41, 13.83, -7.89
0.01, -1.09, -0.40, -2.65, 42.29, -27.54
0.06, -1.03, -0.29, -12.39, 50.28, -38.53
0.24, -0.97, -0.25, -25.16, 22.26, -40.62
0.36, -0.88, -0.22, -38.24, -31.20, -44.68
0.31, -0.74, -0.27, -46.59, -62.54, -40.77
0.37, -0.55, -0.42, -41.77, -47.84, -22.37
0.57, -0.35, -0.59, -26.15, -17.62, 2.23
0.63, -0.19, -0.60, -18.22, -31.01, 15.90
0.50, -0.20, -0.65, -5.46, -19.93, 25.59
0.32, -0.36, -0.67, -7.04, -4.31, 28.16
0.18, -0.57, -0.62, -4.98, 24.66, 28.35
0.19, -0.69, -0.63, -3.26, 32.10, 28.95
0.29, -0.76, -0.62, 5.32, 24.57, 26.55
0.36, -0.92, -0.59, 10.12, 11.77, 23.85
0.31, -1.14, -0.54, 4.94, -3.97, 17.64
0.25, -1.20, -0.49, 0.09, -3.61, 5.32
0.10, -1.14, -0.43, -6.63, 4.57, -16.69
0.01, -1.08, -0.36, -15.25, 24.05, -36.69
0.07, -1.04, -0.32, -22.17, 11.27, -50.37
0.18, -0.99, -0.33, -31.39, -23.77, -57.22
0.30, -0.86, -0.40, -36.32, -28.84, -44.07
0.55, -0.65, -0.55, -26.19, 0.29, -13.84
0.73, -0.39, -0.58, -14.97, -21.41, -4.48
0.53, -0.27, -0.46, -18.01, -33.73, 7.68
0.38, -0.28, -0.51, -11.86, -32.68, 18.82
0.26, -0.35, -0.55, -15.56, -25.82, 14.21
0.18, -0.47, -0.54, -14.62, 1.04, 20.50
0.25, -0.56, -0.59, -14.69, 14.89, 27.48
0.36, -0.64, -0.64, -8.78, 18.00, 36.04
0.41, -0.77, -0.67, 4.72, 10.74, 37.97
0.37, -0.96, -0.64, 10.56, -4.21, 31.80
0.28, -1.16, -0.57, 4.41, -17.00, 23.05
0.17, -1.21, -0.51, 1.74, -24.08, 8.50
0.05, -1.13, -0.45, -1.98, -17.19, -17.63
-0.05, -1.06, -0.39, -12.74, 1.12, -37.99
-0.03, -1.01, -0.33, -26.55, 13.60, -49.94
0.15, -0.89, -0.35, -33.57, 17.72, -44.35
0.39, -0.70, -0.39, -33.96, 7.37, -33.28
0.52, -0.53, -0.43, -26.66, -18.58, -17.45
0.54, -0.39, -0.47, -22.93, -29.72, 6.76
0.55, -0.31, -0.47, -16.11, -50.15, 21.53
0.41, -0.28, -0.46, -4.08, -64.00, 19.36
0.20, -0.37, -0.46, -5.24, -55.60, 17.33
0.11, -0.56, -0.50, -10.47, -27.86, 18.10
0.16, -0.69, -0.57, -8.50, -2.76, 20.59
0.20, -0.74, -0.61, -6.79, -7.36, 19.01
0.26, -0.84, -0.71, 6.15, -0.07, 19.84
0.35, -0.98, -0.75, 12.20, -8.39, 15.62
0.32, -1.07, -0.70, 8.17, -13.03, 10.53
0.18, -1.05, -0.64, 4.64, -3.65, 0.15
0.07, -1.01, -0.54, -3.15, 6.22, -16.80
0.04, -0.98, -0.46, -12.46, 11.90, -28.22
0.11, -0.96, -0.44, -19.20, -4.78, -32.10
0.23, -0.89, -0.47, -20.17, -18.33, -29.90
0.33, -0.73, -0.55, -15.68, -12.16, -19.17
0.40, -0.61, -0.59, -7.52, -1.11, -12.69
0.33, -0.56, -0.50, -7.76, -8.34, -13.04
0.24, -0.64, -0.46, -8.66, -7.43, -12.96
0.22, -0.73, -0.47, -10.53, -14.45, -16.77
0.22, -0.74, -0.51, -10.48, -19.34, -14.90
0.28, -0.70, -0.54, -6.18, -19.16, -8.04
0.35, -0.64, -0.55, -3.14, -10.60, -0.04
0.35, -0.64, -0.48, -4.71, -1.71, 2.01
0.29, -0.69, -0.45, -7.62, -1.24, 3.39
0.23, -0.74, -0.48, -9.78, -6.48, 3.99
0.23, -0.77, -0.52, -6.68, -13.51, 3.92
0.23, -0.75, -0.54, -3.86, -11.95, 2.90
0.21, -0.75, -0.53, -2.61, -1.12, 3.25
0.20, -0.78, -0.52, -4.68, 2.83, 2.84
0.22, -0.78, -0.53, -5.97, 3.47, 4.39
0.26, -0.77, -0.53, -7.05, -1.99, 5.51
0.27, -0.74, -0.55, -8.34, 1.44, 6.57
0.24, -0.73, -0.54, -9.30, 5.48, 5.48
0.21, -0.77, -0.54, -11.70, 8.41, 4.84
0.21, -0.83, -0.52, -13.87, 8.09, 2.60
0.20, -0.85, -0.54, -13.91, 3.74, -0.29
0.19, -0.83, -0.55, -13.11, 1.27, -4.64
0.19, -0.82, -0.54, -13.08, 0.86, -5.49
0.22, -0.84, -0.51, -13.92, -2.02, -7.93
0.24, -0.86, -0.47, -19.23, -12.02, -9.14
0.25, -0.85, -0.44, -23.40, -27.40, -10.03
0.28, -0.80, -0.44, -24.62, -43.63, -9.10
0.28, -0.74, -0.45, -25.94, -46.72, -7.22
0.25, -0.67, -0.46, -22.37, -28.61, -3.78
0.20, -0.63, -0.47, -20.38, -14.10, -2.74
0.17, -0.62, -0.46, -20.70, -3.96, 0.69
0.19, -0.64, -0.45, -20.97, -13.54, 2.08
0.22, -0.67, -0.46, -23.43, -19.97, 7.06
0.28, -0.67, -0.47, -26.18, -20.52, 14.79
0.34, -0.63, -0.50, -25.81, -15.51, 22.52
0.34, -0.60, -0.58, -22.05, -4.10, 28.67
0.32, -0.62, -0.66, -15.09, 5.79, 33.75
0.32, -0.68, -0.71, -11.64, -1.09, 39.39
0.21, -0.74, -0.72, -5.95, 0.70, 35.36
0.06, -0.82, -0.73, 1.98, 6.54, 24.58
-0.06, -0.96, -0.70, 4.41, 15.88, 11.30
-0.08, -1.11, -0.62, -1.29, 21.64, -1.35
-0.03, -1.13, -0.55, -8.01, 28.29, -11.81
0.04, -1.04, -0.49, -12.36, 41.12, -21.83
0.11, -0.93, -0.45, -15.89, 47.70, -27.51
0.19, -0.84, -0.47, -18.66, 45.42, -25.53
0.26, -0.79, -0.46, -22.26, 25.90, -23.94
0.28, -0.74, -0.43, -26.42, 4.09, -20.69
0.26, -0.68, -0.41, -29.81, -5.95, -17.27
0.22, -0.62, -0.41, -33.18, -2.26, -12.14
0.24, -0.56, -0.46, -29.82, 8.88, -2.37
0.30, -0.50, -0.53, -24.51, 14.64, 7.12
0.33, -0.48, -0.58, -17.40, 7.43, 14.61
0.27, -0.55, -0.55, -14.00, 5.50, 18.75
0.21, -0.64, -0.53, -11.73, 7.95, 19.09
0.17, -0.71, -0.50, -12.83, 9.30, 18.79
0.17, -0.75, -0.53, -11.45, 6.88, 17.70
0.17, -0.75, -0.54, -11.80, 4.78, 17.77
0.18, -0.77, -0.56, -11.57, 2.09, 15.57
0.19, -0.79, -0.57, -11.21, 5.11, 13.01
0.18, -0.80, -0.56, -14.75, 11.93, 11.28
0.18, -0.81, -0.53, -19.48, 21.36, 11.16
0.19, -0.80, -0.53, -23.49, 20.28, 11.78
0.22, -0.78, -0.55, -24.78, 16.30, 14.18
0.25, -0.76, -0.57, -23.92, 15.74, 15.66
0.24, -0.75, -0.58, -25.80, 14.95, 15.12
0.21, -0.72, -0.57, -26.49, 16.74, 16.75
0.20, -0.69, -0.57, -23.53, 9.51, 19.22
0.21, -0.69, -0.58, -17.73, 6.41, 20.55
0.18, -0.73, -0.55, -20.33, 6.29, 18.27
0.12, -0.77, -0.52, -22.85, 14.94, 17.17
0.12, -0.75, -0.55, -22.65, 26.90, 17.98
0.16, -0.70, -0.54, -23.64, 23.80, 18.03
0.16, -0.69, -0.53, -17.18, 14.78, 17.97
0.18, -0.76, -0.57, -13.89, 10.90, 20.19
0.18, -0.84, -0.54, -16.89, 1.42, 16.44
0.14, -0.85, -0.53, -14.02, -1.60, 13.47
0.13, -0.79, -0.57, -8.82, 12.56, 10.17
0.09, -0.75, -0.56, -12.18, 23.07, 3.02
0.05, -0.77, -0.53, -13.95, 37.37, 0.94
0.13, -0.80, -0.53, -16.67, 29.06, 1.01
0.22, -0.82, -0.53, -17.41, 12.07, 4.43
0.29, -0.83, -0.54, -17.01, 1.10, 5.76
0.28, -0.80, -0.56, -15.57, 1.56, 5.13
0.18, -0.75, -0.55, -16.26, 19.00, 3.94
0.10, -0.73, -0.57, -17.80, 29.83, -0.05
0.09, -0.74, -0.56, -17.39, 29.93, -0.90
0.17, -0.76, -0.55, -16.67, 15.79, -0.24
0.24, -0.79, -0.56, -16.95, 6.20, 1.25
0.25, -0.80, -0.55, -16.81, 4.00, 0.08
0.18, -0.76, -0.56, -15.46, 13.49, -0.41
0.14, -0.73, -0.58, -15.01, 25.78, -2.28
0.15, -0.73, -0.57, -13.68, 21.91, -2.00
0.20, -0.74, -0.56, -11.72, 17.33, 0.16
0.23, -0.76, -0.55, -11.67, 11.74, -2.17
0.19, -0.77, -0.54, -12.32, 14.36, -3.85
0.16, -0.78, -0.53, -11.57, 18.67, -6.47
0.17, -0.79, -0.53, -11.16, 20.40, -9.69
0.18, -0.79, -0.54, -9.94, 21.36, -11.95
0.18, -0.80, -0.54, -8.96, 16.95, -14.64
0.19, -0.80, -0.55, -6.01, 16.08, -18.86
0.20, -0.80, -0.54, -5.11, 18.03, -21.52
0.20, -0.80, -0.53, -3.05, 20.90, -23.39
0.20, -0.78, -0.52, -3.86, 21.80, -24.07
0.24, -0.77, -0.51, -4.20, 20.86, -24.79
0.26, -0.74, -0.51, -4.54, 17.96, -21.95
0.28, -0.71, -0.49, -4.17, 11.26, -19.85
0.29, -0.70, -0.49, -5.83, 5.39, -16.22
0.31, -0.70, -0.46, -5.61, -2.45, -13.31
0.31, -0.69, -0.48, -4.65, -4.23, -10.91
0.27, -0.67, -0.51, -2.91, 1.97, -9.95
0.23, -0.68, -0.51, -1.75, 8.82, -7.79
0.23, -0.71, -0.49, -2.18, 9.36, -6.96
0.27, -0.73, -0.48, -2.14, 8.59, -6.21
0.29, -0.73, -0.50, -3.46, 2.51, -6.90
0.26, -0.73, -0.51, -3.78, 3.23, -6.76
0.25, -0.74, -0.51, -3.21, 5.88, -7.42
0.25, -0.76, -0.52, -3.17, 9.99, -7.72
0.26, -0.78, -0.52, -4.35, 12.24, -9.33
0.27, -0.79, -0.52, -5.19, 9.54, -9.14
0.27, -0.78, -0.53, -6.63, 6.56, -10.29
0.26, -0.78, -0.53, -8.36, 2.60, -10.41
0.27, -0.78, -0.53, -9.06, -0.71, -10.70
0.28, -0.79, -0.54, -9.98, -2.43, -9.69
0.29, -0.78, -0.53, -11.70, 2.23, -10.78
0.28, -0.77, -0.52, -11.64, 8.66, -12.28
0.22, -0.75, -0.54, -13.15, 12.66, -11.45
0.26, -0.74, -0.54, -14.83, 10.42, -11.21
0.34, -0.72, -0.53, -12.94, 3.91, -7.84
0.34, -0.71, -0.53, -12.68, 1.55, -5.34
0.33, -0.72, -0.51, -13.35, 2.48, -3.71
0.31, -0.72, -0.50, -13.36, 2.07, -2.37
0.31, -0.72, -0.49, -14.64, 5.37, -1.27
0.31, -0.73, -0.49, -14.05, 4.36, -1.22
0.30, -0.73, -0.50, -13.55, 3.48, -0.24
0.30, -0.75, -0.50, -11.95, -0.49, -2.43
0.30, -0.77, -0.50, -10.02, 0.17, -2.14
0.30, -0.78, -0.50, -9.86, -0.70, -5.30
0.29, -0.78, -0.50, -8.09, 4.72, -5.62
0.29, -0.78, -0.50, -6.96, 7.83, -7.47
0.30, -0.78, -0.50, -5.96, 10.94, -7.73
0.32, -0.78, -0.48, -7.06, 10.32, -7.10
0.35, -0.76, -0.47, -8.26, 8.08, -6.07
0.34, -0.74, -0.47, -9.01, 5.88, -4.84
0.34, -0.72, -0.47, -10.96, 5.64, -0.59
0.35, -0.71, -0.47, -12.05, 8.06, 2.16
0.35, -0.69, -0.48, -13.31, 12.98, 5.53
0.34, -0.68, -0.48, -16.23, 16.59, 8.74
0.32, -0.68, -0.49, -15.67, 17.28, 10.17
0.32, -0.67, -0.51, -14.68, 14.15, 12.34
0.33, -0.68, -0.51, -13.04, 14.16, 13.16
0.31, -0.72, -0.52, -11.37, 17.29, 10.49
0.27, -0.77, -0.53, -11.62, 25.75, 8.10
0.24, -0.80, -0.53, -9.91, 31.31, 3.92
0.24, -0.83, -0.54, -8.81, 37.97, -0.01
0.31, -0.84, -0.53, -8.19, 37.15, -2.57
0.33, -0.85, -0.52, -8.60, 38.73, -3.72
0.34, -0.84, -0.49, -8.35, 38.23, -6.15
0.33, -0.82, -0.48, -9.07, 43.93, -8.53
0.33, -0.82, -0.47, -12.96, 48.08, -11.45
0.33, -0.81, -0.46, -14.27, 47.04, -12.17
0.34, -0.80, -0.46, -16.31, 38.60, -13.58
0.36, -0.79, -0.46, -16.05, 30.24, -11.73
0.39, -0.78, -0.45, -14.90, 24.07, -10.64
0.39, -0.75, -0.44, -15.68, 24.66, -10.93
0.36, -0.73, -0.43, -16.60, 22.49, -10.27
0.36, -0.73, -0.41, -16.64, 13.35, -7.84
0.40, -0.73, -0.42, -14.84, -4.15, -5.93
0.41, -0.73, -0.42, -15.18, -14.73, -4.26
0.40, -0.74, -0.42, -14.50, -20.34, -6.75
0.37, -0.73, -0.44, -13.89, -24.16, -4.33
0.37, -0.74, -0.44, -12.89, -23.44, -1.59
0.40, -0.74, -0.44, -11.35, -24.60, -1.69
0.40, -0.74, -0.46, -9.70, -25.41, 0.21
0.40, -0.74, -0.47, -8.70, -28.46, 0.86
0.40, -0.75, -0.47, -8.28, -28.14, 1.12
0.40, -0.75, -0.48, -8.16, -30.90, 1.68
0.41, -0.76, -0.46, -8.14, -23.99, 3.14
0.40, -0.76, -0.45, -8.40, -20.64, 0.64
0.37, -0.76, -0.47, -8.06, -17.12, 2.84
0.36, -0.76, -0.47, -8.67, -15.48, 1.62
0.35, -0.76, -0.48, -8.43, -19.52, 2.48
0.35, -0.75, -0.49, -8.05, -21.96, 2.53
0.34, -0.75, -0.49, -7.79, -21.29, 1.39
0.32, -0.75, -0.50, -9.01, -20.60, 1.55
0.31, -0.75, -0.50, -10.28, -21.17, 4.04
0.33, -0.75, -0.48, -10.16, -20.70, 3.44
0.35, -0.75, -0.48, -10.29, -22.30, 4.84
0.33, -0.75, -0.48, -11.23, -22.12, 4.67
0.30, -0.76, -0.49, -11.55, -23.72, 3.18
0.29, -0.76, -0.50, -11.99, -27.09, 3.99
0.30, -0.76, -0.50, -10.88, -35.97, 3.88
0.32, -0.76, -0.49, -11.22, -37.83, 5.69
0.33, -0.75, -0.48, -9.40, -34.87, 6.20
0.30, -0.74, -0.47, -10.52, -26.19, 6.64
0.26, -0.75, -0.46, -11.65, -18.25, 4.76
0.24, -0.76, -0.47, -13.48, -17.70, 5.60
0.25, -0.75, -0.48, -14.25, -25.65, 5.09
0.29, -0.74, -0.49, -14.16, -36.13, 6.50
0.31, -0.73, -0.49, -13.74, -51.29, 9.88
0.32, -0.73, -0.50, -14.27, -57.87, 11.67
0.30, -0.73, -0.49, -13.97, -50.43, 13.50
0.25, -0.73, -0.51, -13.27, -31.69, 13.13
0.20, -0.73, -0.53, -12.63, -5.66, 12.73
0.17, -0.74, -0.53, -11.27, 10.19, 10.88
0.17, -0.77, -0.54, -12.16, 18.36, 10.93
0.22, -0.79, -0.55, -10.02, 12.04, 9.73
0.25, -0.81, -0.56, -9.37, 4.35, 10.71
0.26, -0.82, -0.55, -8.34, -2.98, 10.36
0.24, -0.84, -0.52, -7.91, -6.44, 8.30
0.23, -0.86, -0.49, -8.87, -0.76, 5.61
0.21, -0.87, -0.47, -10.80, 6.85, 0.38
0.16, -0.86, -0.48, -12.69, 16.43, -4.12
0.15, -0.83, -0.49, -13.51, 20.03, -4.53
0.20, -0.81, -0.50, -12.63, 17.17, -6.56
0.24, -0.79, -0.51, -11.09, 10.34, -6.08
0.23, -0.78, -0.49, -11.92, 5.70, -6.24
0.22, -0.77, -0.46, -12.26, 9.96, -6.19
0.20, -0.74, -0.45, -13.89, 17.40, -8.57
0.17, -0.72, -0.45, -16.29, 25.26, -7.10
0.22, -0.70, -0.45, -18.29, 29.42, -6.27
0.24, -0.69, -0.47, -19.12, 28.62, -2.03
0.29, -0.68, -0.51, -18.83, 24.96, 3.06
0.32, -0.67, -0.52, -17.43, 14.83, 9.42
0.33, -0.67, -0.52, -15.88, 13.18, 17.16
0.35, -0.69, -0.54, -10.18, 15.53, 21.86
0.33, -0.72, -0.54, -11.28, 18.07, 20.99
0.25, -0.78, -0.53, -10.98, 18.78, 18.47
0.20, -0.86, -0.55, -10.19, 16.96, 15.31
0.21, -0.91, -0.54, -8.03, 12.52, 9.08
0.20, -0.95, -0.54, -6.60, 7.12, 1.00
0.15, -0.95, -0.53, -7.56, 6.94, -5.54
0.13, -0.94, -0.49, -10.03, 11.35, -13.32
0.17, -0.93, -0.46, -9.76, 8.48, -17.00
0.24, -0.90, -0.41, -12.68, -0.45, -21.85
0.24, -0.87, -0.37, -14.83, -3.73, -25.18
0.23, -0.82, -0.39, -19.97, -7.42, -25.47
0.23, -0.75, -0.37, -27.80, -11.08, -21.20
0.26, -0.67, -0.36, -33.12, -15.66, -17.00
0.29, -0.59, -0.39, -35.74, -20.54, -7.07
0.36, -0.52, -0.45, -33.76, -18.82, 9.61
0.47, -0.47, -0.54, -22.52, -20.79, 25.98
0.47, -0.46, -0.58, -15.48, -27.77, 34.04
0.33, -0.51, -0.60, -8.70, -19.81, 39.78
0.23, -0.60, -0.60, -5.51, -30.70, 37.24
0.10, -0.75, -0.56, -6.10, -26.78, 29.55
0.05, -0.87, -0.61, -0.56, -2.32, 23.65
0.07, -0.96, -0.64, 2.64, 12.53, 16.93
0.09, -1.01, -0.62, 2.86, 20.86, 10.82
0.12, -1.05, -0.57, 4.62, 25.02, 1.82
0.11, -1.06, -0.48, -2.18, 23.14, -13.71
0.06, -1.02, -0.42, -9.83, 26.11, -25.62
0.09, -0.96, -0.39, -17.30, 30.90, -30.14
0.19, -0.88, -0.38, -25.29, 19.90, -29.74
0.27, -0.80, -0.38, -33.91, -0.19, -23.38
0.31, -0.69, -0.37, -38.14, -15.96, -17.36
0.31, -0.60, -0.40, -35.91, -24.96, -12.89
0.27, -0.54, -0.44, -33.05, -34.82, -7.77
0.28, -0.51, -0.59, -21.38, -10.68, 12.44
0.49, -0.48, -0.74, -2.11, -0.47, 29.23
0.53, -0.49, -0.69, 5.37, -23.75, 35.78
0.26, -0.59, -0.57, 2.90, -17.46, 34.67
0.01, -0.76, -0.52, 1.14, 13.21, 24.72
-0.05, -0.88, -0.50, -4.06, 34.43, 15.43
0.04, -0.95, -0.51, -3.29, 26.47, 10.84
0.15, -0.98, -0.52, -0.06, 10.77, 5.78
0.14, -1.02, -0.50, -2.81, 2.29, -5.22
0.02, -1.03, -0.43, -7.16, 19.01, -20.96
0.01, -0.97, -0.41, -8.12, 43.27, -28.14
0.13, -0.89, -0.41, -14.89, 37.73, -28.54
0.27, -0.83, -0.38, -26.34, 13.06, -21.91
0.34, -0.77, -0.37, -32.01, -16.73, -14.62
0.36, -0.67, -0.40, -33.49, -35.16, -10.42
0.33, -0.57, -0.47, -27.87, -37.15, -2.64
0.30, -0.53, -0.52, -21.80, -32.24, 3.00
0.27, -0.53, -0.58, -13.55, -9.35, 14.57
0.32, -0.55, -0.66, -1.05, 1.12, 24.76
0.34, -0.58, -0.64, -0.36, -2.06, 33.69
0.27, -0.66, -0.57, -0.02, 7.92, 34.09
0.20, -0.78, -0.57, 1.50, 19.09, 33.16
0.20, -0.88, -0.58, 3.86, 17.14, 27.94
0.17, -0.98, -0.59, 9.81, 0.03, 14.49
0.01, -1.08, -0.55, 5.59, 6.14, -2.70
-0.14, -1.13, -0.48, 1.87, 33.99, -19.12
-0.15, -1.06, -0.41, -7.94, 58.12, -35.33
0.01, -0.95, -0.35, -13.03, 64.00, -35.66
0.23, -0.88, -0.34, -21.45, 40.62, -29.53
0.39, -0.80, -0.32, -32.19, 1.77, -18.39
0.43, -0.69, -0.34, -33.80, -32.47, -7.71
0.38, -0.57, -0.37, -33.61, -51.84, -0.68
0.29, -0.48, -0.42, -28.09, -47.75, 6.44
0.22, -0.45, -0.49, -21.24, -34.43, 12.43
0.21, -0.48, -0.56, -12.16, -15.38, 17.65
0.22, -0.54, -0.60, -4.51, -6.47, 21.30
0.22, -0.62, -0.63, 2.20, 2.44, 24.12
0.22, -0.73, -0.60, 1.86, -0.25, 22.72
0.18, -0.85, -0.60, 6.17, 23.52, 25.74
0.21, -0.95, -0.64, 10.08, 21.22, 22.32
0.18, -1.03, -0.58, 8.61, 20.82, 18.15
0.13, -1.09, -0.53, 9.44, 13.58, 7.90
0.00, -1.09, -0.50, 5.24, 21.54, -9.89
-0.11, -1.04, -0.39, -11.77, 33.44, -30.07
-0.11, -0.98, -0.32, -20.33, 62.02, -34.28
0.11, -0.88, -0.37, -28.44, 50.60, -27.15
0.34, -0.75, -0.38, -39.50, 18.36, -15.99
0.40, -0.63, -0.38, -40.75, -13.75, -5.09
0.36, -0.52, -0.43, -39.01, -31.86, 2.89
0.30, -0.46, -0.48, -35.53, -34.97, 8.64
0.24, -0.47, -0.55, -24.09, -14.44, 14.21
0.19, -0.54, -0.60, -15.08, -2.00, 13.48
0.10, -0.65, -0.60, -10.34, 15.57, 14.81
0.16, -0.75, -0.66, -2.57, 28.18, 21.80
0.31, -0.80, -0.68, 4.12, 36.57, 25.88
0.37, -0.85, -0.63, 10.01, 33.33, 27.28
0.29, -0.96, -0.55, 8.89, 24.43, 22.44
0.16, -1.06, -0.49, 9.01, 27.22, 9.97
0.00, -1.12, -0.41, 1.11, 25.41, -10.84
-0.15, -1.07, -0.30, -13.77, 50.98, -28.57
-0.08, -1.02, -0.25, -20.20, 64.00, -34.82
0.21, -0.89, -0.31, -26.00, 44.02, -27.02
0.43, -0.78, -0.30, -34.13, -3.92, -16.67
0.45, -0.67, -0.31, -37.99, -36.40, -3.37
0.37, -0.56, -0.36, -36.32, -49.10, 0.43
0.27, -0.48, -0.42, -28.84, -43.46, 4.03
0.21, -0.46, -0.51, -18.93, -27.92, 9.55
0.21, -0.53, -0.59, -10.56, -2.70, 15.66
0.23, -0.63, -0.60, -5.96, 8.62, 18.43
0.24, -0.72, -0.61, -0.49, 13.65, 20.46
0.28, -0.80, -0.66, 6.18, 17.91, 21.67
0.30, -0.89, -0.66, 14.58, 13.04, 16.20
0.21, -1.00, -0.61, 14.85, 21.65, 6.04
0.07, -1.13, -0.48, 4.27, 33.25, -6.57
-0.04, -1.18, -0.39, -7.50, 47.38, -18.73
-0.01, -1.09, -0.34, -15.20, 52.25, -27.99
0.15, -0.97, -0.35, -15.55, 38.40, -30.33
0.30, -0.88, -0.35, -21.96, 5.58, -29.11
0.31, -0.81, -0.32, -28.60, -18.54, -20.88
0.25, -0.69, -0.32, -34.06, -29.85, -14.66
0.22, -0.56, -0.33, -36.05, -25.90, -6.88
0.23, -0.44, -0.39, -31.37, -20.82, 2.76
0.29, -0.39, -0.47, -23.98, -18.51, 14.12
0.35, -0.41, -0.57, -13.72, -10.11, 21.16
0.35, -0.53, -0.63, -5.63, -0.10, 27.62
0.25, -0.63, -0.64, -1.32, 3.92, 28.66
0.22, -0.77, -0.67, 5.65, 19.02, 31.84
0.26, -0.86, -0.69, 11.28, 14.93, 28.34
0.25, -0.96, -0.65, 19.55, 17.04, 19.50
0.12, -1.11, -0.53, 13.10, 24.91, 4.51
-0.03, -1.26, -0.38, -0.87, 39.69, -10.29
-0.07, -1.23, -0.35, -9.28, 53.38, -23.54
0.03, -1.06, -0.32, -14.72, 51.09, -32.61
0.21, -0.93, -0.33, -16.73, 29.66, -31.30
0.35, -0.86, -0.30, -25.93, -9.84, -27.28
0.35, -0.78, -0.28, -34.24, -30.63, -21.44
0.25, -0.63, -0.29, -42.48, -38.32, -15.82
0.20, -0.50, -0.33, -42.31, -30.29, -10.24
0.23, -0.40, -0.41, -35.24, -19.28, 0.70
0.32, -0.37, -0.53, -24.31, -6.21, 14.40
0.39, -0.42, -0.62, -11.84, -6.75, 22.60
0.33, -0.54, -0.66, -2.33, -4.69, 28.80
0.28, -0.68, -0.70, 6.79, 10.21, 33.84
0.29, -0.80, -0.72, 13.95, 24.27, 33.92
0.28, -0.88, -0.66, 19.64, 17.78, 27.77
0.17, -1.02, -0.54, 21.73, 28.37, 16.90
0.03, -1.22, -0.46, 14.28, 36.30, 0.15
-0.12, -1.30, -0.33, -3.32, 44.57, -18.96
-0.09, -1.21, -0.26, -13.87, 59.28, -29.92
0.15, -1.04, -0.29, -15.08, 46.88, -32.46
0.38, -0.91, -0.26, -26.06, 12.38, -27.93
0.42, -0.82, -0.24, -36.87, -27.05, -20.71
0.35, -0.68, -0.28, -46.78, -45.96, -13.15
0.28, -0.50, -0.35, -45.25, -43.15, -8.54
0.23, -0.40, -0.46, -36.50, -30.83, -2.20
0.23, -0.35, -0.57, -25.91, -9.95, 6.42
0.29, -0.40, -0.64, -13.83, 6.07, 15.92
0.33, -0.54, -0.68, -3.71, 12.98, 25.24
0.31, -0.69, -0.67, 0.22, 17.46, 30.57
0.29, -0.80, -0.63, 7.47, 22.89, 33.85
0.28, -0.88, -0.59, 19.18, 15.45, 25.32
0.19, -1.04, -0.51, 19.28, 14.41, 9.87
0.03, -1.22, -0.38, -0.82, 24.33, -6.75
-0.08, -1.26, -0.30, -11.15, 43.10, -17.46
0.02, -1.14, -0.28, -17.29, 51.15, -28.49
0.23, -0.99, -0.29, -16.66, 34.26, -29.93
0.38, -0.93, -0.29, -21.99, -3.56, -28.37
0.39, -0.87, -0.29, -27.60, -35.15, -28.97
0.31, -0.77, -0.32, -33.91, -47.48, -25.89
0.22, -0.64, -0.36, -38.04, -42.30, -20.53
0.21, -0.50, -0.44, -36.87, -26.19, -9.76
0.29, -0.38, -0.53, -27.18, -7.92, 1.31
0.36, -0.34, -0.63, -13.76, 1.16, 13.30
0.36, -0.42, -0.67, -2.74, 9.65, 23.39
0.30, -0.60, -0.64, -0.97, 17.42, 29.89
0.25, -0.74, -0.59, -4.22, 20.33, 34.95
0.26, -0.79, -0.57, 6.20, 15.05, 37.44
0.25, -0.85, -0.57, 20.84, -5.68, 24.22
0.15, -1.05, -0.49, 16.31, 14.79, 13.14
-0.01, -1.27, -0.34, 0.42, 14.70, -2.62
-0.07, -1.27, -0.29, -12.90, 31.21, -15.11
-0.01, -1.13, -0.25, -19.03, 44.91, -28.26
0.19, -0.99, -0.29, -20.25, 32.20, -29.92
0.36, -0.93, -0.29, -30.32, -1.82, -28.77
0.39, -0.84, -0.31, -34.71, -33.97, -25.97
0.34, -0.72, -0.39, -35.49, -44.74, -23.32
0.26, -0.58, -0.48, -33.82, -36.17, -18.75
0.23, -0.47, -0.54, -30.33, -14.16, -8.73
0.26, -0.40, -0.60, -23.36, 4.68, 2.50
0.34, -0.39, -0.63, -14.36, 12.81, 15.12
0.38, -0.49, -0.62, -8.70, 9.83, 24.92
0.35, -0.63, -0.59, -4.54, 13.32, 33.61
0.32, -0.76, -0.58, 5.08, 7.15, 36.58
0.26, -0.86, -0.53, 13.43, -1.50, 27.90
0.16, -1.01, -0.47, 12.83, -6.64, 12.93
0.03, -1.17, -0.40, 0.12, 7.13, -2.29
-0.06, -1.21, -0.32, -14.73, 29.59, -13.38
0.06, -1.10, -0.29, -15.29, 49.06, -20.92
0.24, -0.99, -0.31, -15.76, 20.94, -26.86
0.37, -0.96, -0.32, -22.28, -14.42, -27.71
0.35, -0.92, -0.37, -20.54, -35.45, -28.06
0.27, -0.78, -0.42, -19.99, -38.13, -28.80
0.17, -0.64, -0.43, -17.69, -20.32, -26.01
0.14, -0.53, -0.42, -18.19, -12.32, -16.91
0.24, -0.45, -0.44, -16.96, -2.10, 1.19
0.36, -0.38, -0.44, -20.68, -26.81, 13.56
0.40, -0.36, -0.49, -11.01, -28.48, 28.30
0.39, -0.39, -0.59, 2.18, -36.22, 30.59
0.28, -0.52, -0.61, 6.55, -16.82, 32.83
0.17, -0.76, -0.62, 10.06, 5.16, 30.36
0.15, -0.99, -0.61, 10.06, 20.44, 28.26
0.19, -1.12, -0.58, 8.12, 28.16, 29.21
0.22, -1.19, -0.52, 4.40, 16.99, 19.79
0.15, -1.18, -0.45, -0.23, 12.19, 4.30
0.04, -1.15, -0.38, -8.12, 17.81, -13.23
-0.01, -1.10, -0.32, -17.00, 26.32, -27.20
0.06, -1.05, -0.28, -25.03, 18.10, -37.73
0.17, -0.98, -0.29, -30.02, -4.79, -41.12
0.22, -0.87, -0.33, -33.59, -23.38, -37.78
0.29, -0.72, -0.40, -30.89, -18.98, -26.71
0.36, -0.53, -0.48, -23.21, -11.42, -16.60
0.37, -0.42, -0.44, -26.70, -6.15, -5.28
0.40, -0.41, -0.44, -26.24, -13.28, 9.96
0.45, -0.45, -0.54, -18.35, -11.38, 22.30
0.39, -0.52, -0.62, -9.52, -12.78, 22.49
0.23, -0.64, -0.61, -1.43, 1.62, 21.98
0.14, -0.78, -0.63, 7.27, 27.27, 21.54
0.17, -0.92, -0.60, 11.14, 43.52, 20.78
0.19, -1.04, -0.51, 8.60, 37.86, 19.44
0.19, -1.09, -0.41, 5.15, 22.80, 15.41
0.15, -1.07, -0.39, 3.35, 13.17, 3.97
0.11, -1.02, -0.35, 1.08, 6.50, -10.94
0.06, -1.00, -0.30, -8.91, 3.74, -22.06
0.03, -0.99, -0.24, -18.35, 4.06, -29.45
0.09, -0.93, -0.21, -29.65, -1.28, -32.69
0.19, -0.83, -0.25, -35.50, -17.55, -29.90
0.28, -0.71, -0.31, -38.35, -27.40, -19.85
0.36, -0.59, -0.41, -33.44, -30.18, -8.17
0.40, -0.47, -0.46, -27.97, -38.52, 3.54
0.40, -0.44, -0.49, -26.05, -50.53, 14.62
0.35, -0.48, -0.54, -17.87, -45.19, 18.73
0.25, -0.57, -0.59, -15.00, -22.60, 16.49
0.14, -0.68, -0.63, -7.32, 9.17, 14.73
0.12, -0.83, -0.66, -1.01, 18.20, 11.58
0.18, -0.96, -0.65, 7.64, 43.41, 15.53
0.27, -1.07, -0.62, 8.06, 39.42, 13.80
0.27, -1.10, -0.52, 3.77, 27.48, 10.73
0.23, -1.07, -0.43, 3.37, 13.79, 1.92
0.15, -1.05, -0.38, -3.41, 2.83, -10.49
0.06, -1.04, -0.34, -10.90, -2.10, -22.83
-0.01, -0.98, -0.28, -20.38, -2.73, -35.71
0.00, -0.88, -0.24, -32.10, 2.53, -38.95
0.13, -0.78, -0.25, -41.08, 5.37, -27.68
0.32, -0.62, -0.32, -42.83, 3.88, -11.33
0.44, -0.47, -0.38, -36.84, -21.00, 1.28
0.47, -0.40, -0.45, -26.67, -46.87, 12.17
0.39, -0.41, -0.56, -15.52, -61.15, 17.18
0.23, -0.49, -0.57, -9.83, -34.05, 20.04
0.12, -0.60, -0.57, -3.28, -1.52, 16.76
0.08, -0.71, -0.61, -1.38, 33.46, 18.12
0.15, -0.81, -0.62, 2.12, 46.30, 17.49
0.26, -0.92, -0.61, 6.67, 44.91, 20.15
0.31, -1.03, -0.54, 7.96, 30.63, 19.04
0.28, -1.12, -0.47, 3.26, 16.65, 16.99
0.21, -1.13, -0.41, 0.13, 4.46, 6.67
0.12, -1.07, -0.39, -2.80, -2.73, -6.54
0.04, -1.03, -0.37, -8.28, -2.72, -20.50
-0.03, -1.00, -0.30, -20.74, -1.02, -33.53
-0.00, -0.93, -0.24, -33.71, 9.33, -40.14
0.12, -0.82, -0.27, -42.17, 9.21, -34.53
0.33, -0.66, -0.33, -44.15, 7.29, -17.29
0.44, -0.51, -0.42, -35.55, -12.64, -1.39
0.48, -0.42, -0.50, -25.81, -38.09, 12.33
0.42, -0.41, -0.56, -14.48, -47.85, 18.01
0.25, -0.48, -0.57, -6.28, -27.28, 19.97
0.10, -0.59, -0.57, -0.23, 9.27, 18.83
0.06, -0.72, -0.60, 0.99, 38.59, 15.99
0.15, -0.84, -0.60, 3.10, 52.41, 18.02
0.27, -0.96, -0.58, 7.43, 44.67, 18.84
0.33, -1.06, -0.52, 6.93, 27.11, 20.21
0.31, -1.13, -0.45, 4.86, 8.15, 17.16
0.22, -1.12, -0.41, 5.91, -1.70, 4.28
0.07, -1.06, -0.39, 2.15, -9.63, -14.70
-0.07, -1.03, -0.28, -9.39, 6.27, -31.17
-0.13, -1.00, -0.20, -27.67, 14.62, -43.69
-0.01, -0.90, -0.21, -37.00, 24.10, -43.41
0.23, -0.76, -0.27, -45.81, -3.52, -34.72
0.38, -0.62, -0.36, -44.35, -10.35, -13.71
0.50, -0.48, -0.47, -29.55, -27.69, 0.24
0.48, -0.38, -0.54, -18.16, -39.88, 11.72
0.37, -0.40, -0.58, -5.71, -36.28, 18.01
0.22, -0.50, -0.56, -4.12, -16.21, 19.64
0.09, -0.64, -0.52, -2.63, 12.64, 20.45
0.11, -0.74, -0.50, -3.46, 27.89, 19.37
0.20, -0.84, -0.49, -3.70, 28.86, 21.15
0.34, -0.94, -0.54, 5.08, 13.07, 24.12
0.37, -1.03, -0.54, 7.46, -3.61, 24.18
0.28, -1.09, -0.49, 8.85, -14.81, 20.18
0.17, -1.09, -0.45, 8.46, -17.79, 4.87
-0.03, -1.06, -0.41, 2.19, -10.02, -16.10
-0.22, -1.04, -0.27, -19.12, 10.54, -35.66
-0.17, -1.01, -0.23, -26.43, 36.34, -42.41
0.10, -0.91, -0.29, -29.82, 20.28, -42.04
0.30, -0.80, -0.34, -33.18, -8.65, -34.04
0.41, -0.69, -0.42, -28.74, -22.47, -13.83
0.44, -0.55, -0.46, -24.19, -30.16, -1.09
0.40, -0.44, -0.47, -18.24, -27.23, 11.91
0.34, -0.43, -0.47, -12.97, -42.79, 11.94
0.21, -0.52, -0.48, -17.70, -24.99, 14.62
0.14, -0.64, -0.51, -20.91, -7.87, 12.40
0.15, -0.73, -0.57, -21.23, 10.09, 12.21
0.19, -0.79, -0.62, -19.47, 16.45, 15.54
0.26, -0.86, -0.69, -9.92, 28.19, 17.73
0.29, -0.96, -0.70, 0.93, 27.74, 13.68
0.19, -1.10, -0.61, 2.72, 30.70, 11.14
0.14, -1.19, -0.51, -0.25, 24.46, 4.43
0.07, -1.15, -0.41, -2.33, 22.70, -9.61
0.01, -1.07, -0.34, -5.81, 17.55, -27.72
0.01, -0.99, -0.30, -11.17, 15.54, -38.62
0.06, -0.91, -0.25, -25.38, 12.89, -42.76
0.19, -0.78, -0.22, -40.91, 14.91, -29.86
0.37, -0.61, -0.24, -44.54, 9.58, -13.03
0.47, -0.44, -0.29, -39.14, -33.28, -1.92
0.45, -0.38, -0.39, -30.30, -56.52, 11.59
0.36, -0.40, -0.48, -18.23, -64.00, 12.63
0.20, -0.49, -0.49, -12.93, -58.11, 15.99
0.06, -0.61, -0.49, -6.94, -28.87, 15.52
0.05, -0.68, -0.54, -5.97, 2.70, 16.26
0.12, -0.73, -0.57, -2.21, 17.68, 17.72
0.22, -0.84, -0.60, 4.56, 20.99, 17.19
0.29, -1.00, -0.61, 8.61, 16.27, 15.61
0.27, -1.15, -0.56, 5.68, 9.17, 12.33
0.20, -1.18, -0.51, 0.72, 11.12, 7.68
0.10, -1.12, -0.45, -3.99, 8.18, -5.31
0.03, -1.07, -0.39, -9.65, 9.98, -18.74
0.02, -1.03, -0.35, -14.32, 4.85, -28.27
0.05, -0.97, -0.35, -19.07, 1.58, -34.06
0.15, -0.86, -0.36, -25.94, -2.38, -31.48
0.26, -0.72, -0.35, -30.89, 2.43, -18.83
0.35, -0.56, -0.40, -24.21, -15.27, -8.85
0.34, -0.46, -0.40, -22.88, -33.36, -1.64
0.30, -0.45, -0.42, -22.90, -45.42, 7.26
0.26, -0.49, -0.48, -16.71, -44.36, 12.22
0.19, -0.54, -0.51, -14.77, -30.20, 14.12
0.13, -0.64, -0.53, -10.72, -2.86, 18.73
0.15, -0.74, -0.60, -3.86, 14.09, 19.43
0.20, -0.83, -0.64, 0.89, 18.66, 19.58
0.23, -0.96, -0.64, 6.16, 21.64, 18.56
0.24, -1.09, -0.58, 4.55, 12.41, 13.32
0.15, -1.14, -0.48, -1.44, 5.90, 4.96
0.03, -1.12, -0.40, -9.10, 4.94, -8.76
-0.04, -1.07, -0.36, -15.25, 2.95, -23.10
-0.03, -1.02, -0.35, -19.21, 2.32, -31.83
0.07, -0.94, -0.35, -23.69, -0.11, -33.18
0.19, -0.82, -0.35, -29.72, 5.84, -23.97
0.32, -0.68, -0.40, -25.35, 2.81, -11.09
0.35, -0.53, -0.38, -24.33, -21.70, -7.19
0.27, -0.47, -0.39, -22.84, -25.58, 3.25
0.27, -0.47, -0.46, -19.42, -32.67, 8.92
0.24, -0.50, -0.51, -14.44, -33.31, 10.96
0.16, -0.59, -0.50, -15.26, -14.34, 15.63
0.16, -0.70, -0.55, -8.68, 9.41, 19.17
0.19, -0.78, -0.60, -5.68, 15.34, 17.48
0.19, -0.88, -0.62, 1.33, 21.00, 15.65
0.18, -1.01, -0.60, 3.23, 17.39, 9.75
0.15, -1.12, -0.52, -4.41, 16.00, 3.76
0.09, -1.13, -0.45, -8.67, 11.86, -5.72
0.04, -1.07, -0.40, -14.32, 7.77, -16.60
0.03, -1.02, -0.37, -16.75, 2.91, -25.76
0.07, -0.97, -0.36, -20.87, -7.09, -28.31
0.18, -0.87, -0.39, -24.40, 6.66, -18.10
0.31, -0.68, -0.41, -21.36, -3.71, -12.07
0.26, -0.53, -0.36, -24.95, -17.19, -3.70
0.25, -0.48, -0.38, -20.04, -19.58, 6.80
0.27, -0.48, -0.44, -17.86, -35.30, 6.66
0.21, -0.53, -0.49, -15.65, -26.06, 10.92
0.17, -0.63, -0.54, -11.67, -3.53, 16.18
0.18, -0.71, -0.62, -3.35, 16.42, 18.77
0.20, -0.81, -0.64, -2.50, 32.49, 21.38
0.22, -0.88, -0.62, -2.36, 32.47, 20.64
0.20, -0.99, -0.55, -3.33, 20.12, 15.05
0.15, -1.12, -0.47, -6.42, 7.95, 8.72
0.10, -1.17, -0.42, -11.92, -0.67, -2.48
-0.01, -1.14, -0.38, -15.12, -3.58, -19.53
-0.11, -1.06, -0.35, -19.16, 4.58, -37.20
-0.10, -0.97, -0.33, -24.30, 4.87, -46.64
0.05, -0.86, -0.36, -30.55, 16.27, -33.36
0.35, -0.67, -0.43, -28.74, 19.64, -12.42
0.49, -0.45, -0.40, -30.68, -3.98, 7.91
0.47, -0.33, -0.40, -18.45, -42.53, 13.97
0.23, -0.34, -0.44, -18.38, -61.35, 12.56
0.06, -0.53, -0.46, -16.90, -27.22, 14.33
0.07, -0.68, -0.58, -7.54, 15.28, 16.52
0.16, -0.71, -0.64, -3.88, 28.98, 21.96
0.23, -0.76, -0.67, -0.38, 42.39, 29.58
0.22, -0.83, -0.65, 5.62, 35.85, 23.79
0.14, -0.94, -0.58, 6.68, 31.92, 18.68
0.11, -1.07, -0.48, 3.85, 22.63, 10.70
0.09, -1.16, -0.41, -2.84, 10.60, 2.93
0.01, -1.13, -0.35, -10.69, 10.99, -10.74
-0.07, -1.04, -0.31, -17.29, 23.00, -24.64
-0.05, -0.96, -0.29, -22.98, 24.01, -36.20
0.04, -0.90, -0.28, -33.97, 7.68, -36.73
0.17, -0.82, -0.31, -39.61, -15.80, -25.54
0.36, -0.66, -0.44, -33.41, -7.90, -6.84
0.50, -0.48, -0.55, -22.58, -8.07, 10.29
0.45, -0.35, -0.58, -9.33, -17.70, 16.54
0.26, -0.38, -0.58, -3.45, -14.51, 18.48
0.09, -0.56, -0.57, -1.56, 17.70, 19.39
0.08, -0.74, -0.57, -2.00, 44.26, 19.50
0.16, -0.78, -0.56, -5.19, 50.50, 23.68
0.24, -0.80, -0.58, -4.11, 39.23, 26.62
0.26, -0.84, -0.59, 3.35, 32.29, 27.48
0.27, -0.98, -0.56, 18.72, 20.69, 19.71
0.20, -1.16, -0.53, 28.15, 22.03, 5.73
-0.03, -1.29, -0.39, 13.92, 13.24, -13.60
-0.24, -1.26, -0.26, -3.38, 59.18, -28.45
-0.15, -1.07, -0.20, -9.99, 64.00, -41.73
0.11, -0.91, -0.19, -23.52, 54.77, -40.57
0.34, -0.83, -0.18, -38.65, 2.29, -32.01
0.39, -0.72, -0.21, -50.40, -40.02, -22.40
0.32, -0.55, -0.28, -52.67, -58.69, -15.90
0.27, -0.43, -0.43, -47.67, -45.47, -2.14
0.30, -0.35, -0.58, -29.71, -10.18, 18.53
0.35, -0.34, -0.72, -7.29, 1.94, 23.61
0.28, -0.47, -0.71, 0.37, 11.99, 29.37
0.20, -0.67, -0.67, 4.63, 20.80, 34.06
0.14, -0.80, -0.64, 0.64, 37.46, 31.05
0.14, -0.87, -0.57, 6.38, 39.63, 25.33
0.19, -0.97, -0.55, 16.54, 33.12, 21.32
0.20, -1.15, -0.51, 17.88, 8.48, 6.92
0.02, -1.29, -0.40, 3.75, 17.18, -4.31
-0.13, -1.25, -0.28, -9.30, 53.92, -16.34
-0.02, -1.07, -0.25, -13.68, 64.00, -27.65
0.18, -0.91, -0.23, -23.18, 34.25, -25.89
0.31, -0.87, -0.23, -32.16, -3.67, -17.98
0.33, -0.76, -0.24, -41.64, -42.56, -11.55
0.25, -0.60, -0.28, -45.27, -51.48, -7.61
0.19, -0.44, -0.37, -40.51, -41.28, -1.85
0.21, -0.36, -0.49, -32.23, -15.63, 9.03
0.30, -0.37, -0.62, -12.74, -1.01, 16.88
0.33, -0.48, -0.70, -0.06, 10.68, 23.52
0.31, -0.70, -0.71, 6.09, 22.88, 30.62
0.30, -0.88, -0.67, 14.99, 33.65, 35.61
0.29, -0.98, -0.59, 23.59, 25.69, 30.09
0.23, -1.12, -0.51, 30.08, -5.08, 7.01
-0.05, -1.24, -0.38, 9.57, 7.71, -11.12
-0.27, -1.29, -0.20, -13.87, 52.05, -26.08
-0.14, -1.12, -0.18, -18.06, 64.00, -34.60
0.18, -0.91, -0.21, -24.70, 38.87, -30.61
0.40, -0.86, -0.21, -36.24, -11.53, -19.72
0.43, -0.77, -0.25, -38.82, -52.72, -12.22
0.32, -0.63, -0.32, -36.04, -64.00, -11.81
0.16, -0.49, -0.42, -29.48, -47.49, -7.87
0.14, -0.43, -0.50, -25.36, -23.11, 0.99
0.20, -0.44, -0.56, -17.34, -0.85, 10.44
0.29, -0.49, -0.60, -7.83, 4.35, 17.95
0.32, -0.63, -0.60, -2.49, 7.72, 24.46
0.32, -0.78, -0.60, 1.34, 10.38, 28.31
0.30, -0.89, -0.59, 4.68, 12.80, 30.42
0.28, -0.96, -0.55, 11.30, 9.46, 25.33
0.19, -1.06, -0.49, 10.81, 0.69, 13.22
0.03, -1.17, -0.42, 2.96, 1.50, -3.21
-0.13, -1.19, -0.34, -12.87, 23.00, -17.51
-0.14, -1.11, -0.27, -19.59, 47.84, -28.36
0.08, -0.98, -0.29, -22.73, 34.42, -30.08
0.28, -0.90, -0.28, -30.15, -2.32, -23.77
0.35, -0.82, -0.30, -31.66, -31.96, -17.05
0.29, -0.69, -0.33, -31.64, -40.51, -13.46
0.19, -0.57, -0.36, -28.85, -35.74, -11.09
0.17, -0.48, -0.42, -23.94, -20.75, -2.71
0.23, -0.44, -0.47, -22.47, -17.66, 7.29
0.29, -0.46, -0.51, -15.01, -16.35, 17.14
0.30, -0.53, -0.53, -11.75, -20.94, 22.57
0.25, -0.67, -0.53, -8.43, -7.34, 25.40
0.23, -0.81, -0.62, -4.28, 4.27, 27.21
0.22, -0.91, -0.64, 3.79, 14.72, 25.61
0.20, -1.00, -0.60, 10.41, 12.55, 21.98
0.17, -1.13, -0.56, 13.44, 6.39, 13.88
0.07, -1.20, -0.48, 7.93, 3.28, -4.71
-0.12, -1.18, -0.35, -9.23, 20.18, -23.07
-0.16, -1.10, -0.25, -16.68, 46.63, -33.80
0.05, -0.98, -0.25, -24.92, 35.33, -36.82
0.23, -0.88, -0.23, -35.50, -0.52, -29.32
0.33, -0.77, -0.26, -38.46, -27.23, -17.16
0.34, -0.64, -0.33, -37.53, -46.55, -11.15
0.27, -0.49, -0.42, -28.59, -38.34, -0.89
0.26, -0.41, -0.51, -20.22, -29.41, 6.94
0.23, -0.39, -0.56, -7.14, -24.82, 10.69
0.16, -0.49, -0.54, -5.95, -7.49, 15.63
0.12, -0.66, -0.53, -4.92, 14.97, 18.86
0.18, -0.78, -0.55, -3.93, 19.05, 21.18
0.23, -0.83, -0.59, -2.00, 25.54, 23.21
0.25, -0.88, -0.61, 5.16, 24.13, 22.89
0.24, -0.99, -0.59, 11.31, 22.55, 19.29
0.20, -1.13, -0.54, 13.59, 12.62, 10.62
0.08, -1.21, -0.44, 10.09, 10.55, -3.47
-0.10, -1.20, -0.33, -6.74, 22.95, -21.99
-0.16, -1.11, -0.19, -16.58, 47.27, -32.99
0.03, -0.96, -0.20, -24.40, 43.57, -34.87
0.22, -0.82, -0.20, -35.27, 12.38, -28.14
0.34, -0.74, -0.23, -41.17, -15.45, -17.21
0.35, -0.59, -0.30, -40.81, -44.90, -6.21
0.32, -0.46, -0.39, -35.93, -45.22, 2.74
0.29, -0.39, -0.52, -22.69, -35.38, 8.48
0.23, -0.40, -0.63, -6.25, -12.96, 13.31
0.15, -0.50, -0.65, 2.42, 8.12, 17.92
0.13, -0.71, -0.65, 3.40, 37.82, 21.32
0.19, -0.84, -0.62, 0.34, 40.74, 23.52
0.23, -0.87, -0.60, -3.58, 43.64, 26.53
0.26, -0.86, -0.59, -1.18, 39.19, 26.97
0.23, -0.95, -0.60, 15.42, 39.13, 17.55
0.12, -1.13, -0.55, 17.92, 25.47, 0.10
-0.08, -1.31, -0.43, 5.41, 44.71, -13.00
-0.19, -1.29, -0.28, -8.31, 64.00, -27.79
-0.07, -1.10, -0.23, -11.00, 64.00, -38.75
0.18, -0.94, -0.21, -22.69, 63.46, -39.27
0.34, -0.85, -0.17, -36.83, 19.67, -28.19
0.40, -0.73, -0.17, -46.77, -16.96, -15.46
0.37, -0.56, -0.19, -55.16, -41.41, -6.77
0.32, -0.44, -0.28, -48.37, -47.22, 0.23
0.28, -0.36, -0.45, -29.88, -37.94, 7.58
0.24, -0.36, -0.56, -12.18, -23.81, 12.14
0.18, -0.50, -0.61, 2.20, -0.82, 16.30
0.14, -0.68, -0.61, 5.38, 24.07, 20.17
0.18, -0.79, -0.61, 3.49, 43.05, 23.12
0.28, -0.83, -0.57, 3.85, 46.53, 29.43
0.35, -0.86, -0.54, 11.37, 26.12, 27.61
0.31, -0.99, -0.52, 16.21, 11.88, 21.90
0.18, -1.16, -0.45, 15.35, 16.06, 12.20
0.01, -1.25, -0.33, 13.02, 10.08, -10.47
-0.14, -1.25, -0.18, -5.51, 26.92, -21.35
-0.07, -1.17, -0.08, -16.77, 48.97, -27.26
0.17, -1.00, -0.08, -26.13, 22.54, -25.92
0.36, -0.83, -0.09, -36.48, -23.97, -21.56
0.40, -0.72, -0.19, -37.52, -59.00, -14.63
0.32, -0.58, -0.30, -39.60, -64.00, -8.06
0.26, -0.48, -0.38, -38.62, -64.00, -1.87
0.22, -0.44, -0.50, -30.27, -49.68, 2.05
0.23, -0.45, -0.66, -14.06, -26.14, 7.94
0.19, -0.53, -0.75, 2.84, -1.13, 11.53
0.16, -0.71, -0.78, 12.78, 37.56, 18.59
0.25, -0.85, -0.76, 17.51, 53.11, 23.79
0.32, -0.92, -0.66, 15.85, 42.72, 28.96
0.34, -0.98, -0.52, 20.80, 23.00, 29.31
0.26, -1.11, -0.44, 24.87, -4.12, 8.55
-0.02, -1.24, -0.30, 2.86, -0.71, -13.07
-0.30, -1.30, -0.08, -26.98, 45.43, -25.17
-0.13, -1.14, -0.14, -25.53, 64.00, -31.04
0.22, -0.90, -0.23, -31.22, 34.59, -30.28
0.40, -0.84, -0.23, -32.50, -14.69, -17.47
0.45, -0.77, -0.26, -34.34, -48.99, -11.70
0.32, -0.66, -0.31, -37.12, -55.33, -10.09
0.17, -0.53, -0.36, -36.13, -38.30, -6.47
0.14, -0.46, -0.43, -32.77, -17.92, 1.25
0.20, -0.44, -0.51, -21.42, -3.24, 9.67
0.27, -0.48, -0.57, -10.98, 3.35, 17.56
0.27, -0.61, -0.56, -5.77, 5.61, 21.64
0.25, -0.77, -0.58, 3.32, 9.56, 27.13
0.28, -0.83, -0.62, 18.63, 16.38, 28.39
0.29, -0.95, -0.60, 27.31, 10.17, 19.67
0.19, -1.09, -0.52, 26.15, 7.01, 9.77
0.02, -1.24, -0.38, 9.39, 29.64, -3.63
-0.09, -1.27, -0.27, -5.31, 51.39, -19.45
0.00, -1.16, -0.24, -9.91, 64.00, -26.64
0.21, -1.06, -0.28, -12.37, 40.16, -27.30
0.35, -1.00, -0.24, -17.77, -0.50, -26.05
0.33, -0.92, -0.28, -21.57, -26.88, -24.37
0.23, -0.78, -0.27, -29.58, -33.02, -22.23
0.16, -0.63, -0.29, -35.14, -15.61, -16.27
0.17, -0.48, -0.34, -35.70, -3.33, -7.22
0.24, -0.38, -0.42, -33.39, -2.38, 9.09
0.33, -0.36, -0.51, -22.16, -7.07, 21.02
0.34, -0.44, -0.55, -13.77, -13.85, 22.63
0.29, -0.60, -0.55, -9.55, -9.62, 32.62
0.25, -0.73, -0.60, -5.29, -1.53, 34.24
0.21, -0.78, -0.66, 7.76, 11.54, 31.18
0.15, -0.87, -0.67, 22.71, 14.53, 17.45
0.05, -1.09, -0.57, 23.35, 48.41, 7.13
-0.00, -1.36, -0.34, 1.90, 55.26, -0.81
0.05, -1.38, -0.25, -6.52, 55.04, -8.62
0.16, -1.20, -0.18, -17.96, 47.91, -17.73
0.28, -1.07, -0.19, -19.43, 30.10, -19.99
0.36, -1.00, -0.22, -26.85, -2.78, -21.19
0.36, -0.92, -0.25, -30.36, -24.18, -21.38
0.28, -0.81, -0.28, -35.28, -34.05, -22.51
0.16, -0.66, -0.28, -43.26, -28.99, -20.23
0.09, -0.58, -0.31, -44.26, -15.64, -13.97
0.12, -0.46, -0.37, -39.66, -9.40, -7.82
0.21, -0.39, -0.44, -29.75, -4.68, 5.01
0.32, -0.42, -0.51, -17.71, -7.31, 18.34
0.35, -0.52, -0.52, -10.08, -18.41, 30.11
0.28, -0.64, -0.52, -4.82, -15.18, 37.94
0.22, -0.71, -0.55, 4.27, -14.58, 32.13
0.11, -0.79, -0.57, 14.67, -1.13, 25.06
0.06, -0.93, -0.57, 20.02, 28.45, 15.61
0.08, -1.14, -0.51, 12.98, 47.06, 8.36
0.09, -1.24, -0.40, 5.58, 47.76, -1.73
0.11, -1.24, -0.29, -5.92, 47.25, -9.09
0.18, -1.19, -0.26, -18.36, 45.56, -13.50
0.28, -1.08, -0.25, -19.81, 26.93, -16.07
0.40, -0.96, -0.28, -22.37, -0.36, -14.54
0.34, -0.88, -0.28, -23.85, -22.45, -17.41
0.19, -0.80, -0.29, -25.13, -24.32, -16.27
0.12, -0.72, -0.30, -28.55, -19.79, -16.70
0.09, -0.64, -0.31, -30.62, -11.30, -13.66
0.14, -0.55, -0.33, -28.97, -6.83, -5.72
0.26, -0.51, -0.39, -25.39, -10.60, 6.06
0.35, -0.51, -0.47, -18.37, -15.41, 17.08
0.36, -0.56, -0.51, -12.03, -19.90, 25.59
0.30, -0.65, -0.54, -3.03, -16.37, 28.22
0.23, -0.77, -0.59, 7.12, -7.55, 25.59
0.17, -0.91, -0.62, 18.00, 10.99, 14.88
0.09, -1.08, -0.60, 15.96, 27.54, 3.11
0.17, -1.14, -0.34, -10.02, 50.66, -16.76
0.25, -1.04, -0.30, -10.11, 34.61, -19.16
0.28, -0.96, -0.29, -14.29, 7.55, -24.33
0.22, -0.90, -0.25, -20.73, -4.23, -25.79
0.17, -0.83, -0.23, -28.22, -7.72, -24.04
0.14, -0.72, -0.21, -37.76, -9.11, -17.06
0.15, -0.61, -0.22, -40.64, -8.46, -9.98
0.21, -0.50, -0.27, -41.47, -17.21, -1.28
0.27, -0.43, -0.35, -37.39, -20.70, 5.85
0.33, -0.42, -0.47, -23.55, -21.16, 16.11
0.32, -0.49, -0.55, -12.45, -18.72, 21.77
0.27, -0.62, -0.60, -4.32, 1.27, 26.98
0.24, -0.76, -0.63, 1.34, 10.53, 29.12
0.26, -0.87, -0.66, 16.13, 20.84, 29.68
0.25, -0.96, -0.66, 25.86, 17.23, 19.12
0.15, -1.15, -0.51, 16.78, 38.15, 11.39
0.04, -1.29, -0.32, 6.37, 34.17, -3.60
0.03, -1.28, -0.26, -4.09, 32.80, -17.16
0.02, -1.19, -0.17, -19.79, 43.79, -28.86
0.13, -1.06, -0.19, -19.15, 39.68, -32.36
0.26, -0.95, -0.20, -27.10, 9.87, -34.58
0.31, -0.89, -0.21, -30.47, -15.53, -31.53
0.29, -0.81, -0.25, -36.35, -31.35, -28.66
0.18, -0.69, -0.27, -40.67, -31.70, -27.51
0.13, -0.58, -0.33, -40.07, -23.93, -21.90
0.20, -0.47, -0.43, -32.52, -10.39, -12.20
0.30, -0.42, -0.52, -24.10, -1.32, 1.49
0.40, -0.42, -0.60, -11.65, 3.41, 15.53
0.38, -0.51, -0.62, 0.25, 7.14, 26.90
0.36, -0.65, -0.60, 4.46, 19.82, 34.51
0.33, -0.78, -0.58, 6.04, 22.05, 36.39
0.29, -0.87, -0.53, 9.24, 12.47, 34.20
0.21, -0.99, -0.46, 12.33, 6.04, 24.06
0.13, -1.14, -0.40, 6.32, 11.59, 11.81
0.02, -1.23, -0.29, -1.78, 16.14, -3.67
-0.06, -1.21, -0.21, -14.65, 30.99, -17.97
0.03, -1.11, -0.18, -15.30, 48.27, -24.26
0.22, -1.01, -0.22, -19.68, 24.97, -27.83
0.35, -0.96, -0.21, -25.12, -13.88, -27.18
0.37, -0.90, -0.25, -27.21, -40.67, -26.96
0.28, -0.81, -0.29, -28.75, -51.75, -33.48
0.15, -0.71, -0.34, -28.87, -38.47, -33.38
0.14, -0.63, -0.40, -28.20, -18.48, -23.75
0.25, -0.54, -0.45, -26.26, -7.53, -9.13
0.39, -0.46, -0.50, -21.42, -1.15, 13.08
0.51, -0.42, -0.55, -12.21, -7.71, 23.84
0.45, -0.46, -0.54, -7.22, -14.18, 32.12
0.28, -0.61, -0.48, -4.25, -5.38, 36.60
0.18, -0.77, -0.48, -1.35, 2.52, 35.01
0.15, -0.90, -0.46, 0.96, 8.63, 30.49
0.15, -1.01, -0.43, 2.29, 5.71, 24.49
0.13, -1.09, -0.41, 1.03, 0.86, 14.39
0.08, -1.14, -0.37, -3.06, 7.27, -0.22
0.02, -1.14, -0.32, -9.43, 17.98, -14.01
0.03, -1.11, -0.28, -15.97, 26.54, -26.63
0.15, -1.08, -0.28, -21.14, 11.46, -31.57
0.24, -1.02, -0.29, -26.90, -16.09, -35.28
0.25, -0.92, -0.31, -30.75, -32.41, -34.60
0.26, -0.79, -0.36, -29.89, -23.98, -26.42
0.32, -0.64, -0.45, -22.01, -7.89, -14.61
0.34, -0.50, -0.49, -19.42, -6.32, -4.56
0.32, -0.43, -0.46, -18.45, -1.67, 8.59
0.31, -0.44, -0.47, -14.86, -0.05, 13.65
0.28, -0.50, -0.46, -15.50, 2.11, 18.04
0.24, -0.64, -0.46, -12.83, 7.72, 21.95
0.26, -0.76, -0.52, -7.61, 20.33, 26.94
0.30, -0.83, -0.58, 1.18, 20.18, 27.57
0.29, -0.92, -0.56, 8.24, 27.11, 28.13
0.25, -1.04, -0.49, 10.37, 26.45, 26.12
0.20, -1.15, -0.42, 7.46, 17.36, 18.40
0.12, -1.16, -0.35, 6.18, 9.09, -1.83
-0.01, -1.14, -0.25, -3.17, 9.21, -17.30
-0.08, -1.14, -0.16, -18.43, 26.76, -33.03
0.03, -1.08, -0.15, -25.33, 21.67, -41.01
0.20, -0.97, -0.19, -33.11, -4.90, -40.33
0.32, -0.87, -0.28, -33.54, -24.27, -34.29
0.32, -0.74, -0.34, -33.15, -45.15, -30.60
0.27, -0.61, -0.39, -27.53, -33.72, -22.84
0.27, -0.50, -0.47, -21.26, -12.21, -12.21
0.34, -0.42, -0.50, -20.70, -3.16, 5.78
0.40, -0.40, -0.52, -15.59, -5.68, 21.21
0.39, -0.44, -0.55, -5.71, -15.60, 28.49
0.24, -0.57, -0.50, -4.39, -4.69, 28.71
0.14, -0.73, -0.49, -1.25, 5.99, 26.85
0.16, -0.87, -0.51, 4.16, 27.09, 28.34
0.23, -0.96, -0.52, 7.32, 24.43, 25.71
0.24, -1.08, -0.47, 7.03, 18.40, 24.92
0.22, -1.16, -0.43, 5.95, 9.58, 17.64
0.15, -1.17, -0.36, 2.18, 7.12, 4.85
0.06, -1.12, -0.30, -3.79, 14.88, -13.45
-0.02, -1.08, -0.21, -16.88, 22.97, -28.46
0.01, -1.04, -0.17, -25.30, 26.16, -35.27
0.18, -0.96, -0.18, -33.28, 7.34, -34.58
0.31, -0.86, -0.23, -37.90, -18.33, -27.44
0.35, -0.73, -0.30, -37.80, -41.40, -21.38
0.33, -0.56, -0.37, -34.04, -36.46, -9.00
0.36, -0.46, -0.45, -26.16, -24.01, 5.59
0.39, -0.39, -0.49, -18.78, -26.90, 15.39
0.35, -0.43, -0.55, -8.13, -22.61, 23.13
0.25, -0.57, -0.52, -6.31, -7.56, 23.42
0.15, -0.74, -0.51, -5.46, 14.07, 23.30
0.13, -0.87, -0.52, -3.61, 25.76, 22.00
0.21, -0.94, -0.54, 5.10, 31.55, 23.71
0.28, -1.03, -0.51, 6.67, 18.59, 21.49
0.27, -1.14, -0.44, 5.32, -0.33, 19.85
0.21, -1.17, -0.38, 4.09, -15.31, 10.10
0.10, -1.12, -0.35, 0.43, -13.18, -9.26
-0.10, -1.07, -0.25, -16.23, 1.85, -29.10
-0.18, -1.03, -0.17, -26.93, 27.60, -41.00
0.01, -0.94, -0.21, -35.36, 25.81, -43.45
0.21, -0.84, -0.25, -42.23, -2.12, -35.56
0.37, -0.70, -0.32, -42.90, -12.57, -14.83
0.48, -0.55, -0.42, -29.69, -20.89, -2.70
0.44, -0.41, -0.45, -23.79, -42.21, 5.87
0.38, -0.42, -0.50, -14.80, -35.32, 17.87
0.31, -0.49, -0.54, -7.28, -35.43, 19.36
0.16, -0.61, -0.49, -6.87, -6.30, 22.01
0.11, -0.73, -0.48, -4.87, 12.04, 21.45
0.13, -0.82, -0.49, -4.03, 28.21, 21.53
0.20, -0.88, -0.52, 4.40, 27.50, 19.71
0.26, -0.99, -0.52, 8.61, 24.70, 16.37
0.26, -1.13, -0.47, 5.24, 16.10, 14.88
0.20, -1.20, -0.41, 0.43, 10.07, 9.82
0.12, -1.14, -0.36, -2.08, 8.16, -2.93
0.03, -1.07, -0.33, -6.33, 9.89, -17.15
0.01, -1.04, -0.30, -12.08, 8.59, -27.93
0.05, -0.99, -0.26, -19.11, 2.17, -36.54
0.12, -0.90, -0.24, -28.24, -0.93, -33.62
0.23, -0.78, -0.25, -36.74, 3.68, -16.82
0.37, -0.61, -0.30, -32.70, -6.56, -6.16
0.39, -0.49, -0.34, -30.10, -31.02, 1.96
0.37, -0.46, -0.41, -26.44, -42.03, 10.44
0.28, -0.50, -0.49, -20.03, -44.60, 10.09
0.14, -0.58, -0.52, -17.19, -13.65, 13.85
0.08, -0.67, -0.54, -10.97, 13.89, 13.95
0.10, -0.74, -0.56, -9.66, 32.16, 16.18
0.20, -0.84, -0.58, -1.91, 38.30, 18.68
0.28, -0.93, -0.58, 3.99, 34.93, 16.29
0.26, -1.07, -0.51, 1.73, 24.36, 13.73
0.19, -1.16, -0.42, -1.74, 21.03, 9.21
0.12, -1.15, -0.34, -8.08, 17.62, -3.25
0.06, -1.10, -0.29, -14.33, 14.81, -15.88
0.03, -1.04, -0.28, -18.06, 9.60, -25.43
0.08, -0.97, -0.28, -21.01, 3.65, -31.77
0.16, -0.89, -0.29, -25.25, -3.43, -30.12
0.25, -0.80, -0.30, -28.88, 1.17, -17.17
0.35, -0.66, -0.32, -27.98, -6.51, -4.53
0.40, -0.54, -0.32, -26.34, -27.69, 8.21
0.35, -0.49, -0.31, -28.23, -43.49, 15.08
0.27, -0.50, -0.38, -23.06, -55.38, 15.12
0.14, -0.54, -0.42, -22.12, -29.84, 15.27
0.08, -0.61, -0.47, -15.66, -3.61, 14.14
0.11, -0.70, -0.56, -8.23, 18.26, 17.25
0.20, -0.84, -0.62, 2.24, 28.30, 18.30
0.27, -0.93, -0.66, 10.52, 31.30, 18.59
0.27, -1.05, -0.59, 10.23, 29.22, 16.41
0.18, -1.13, -0.48, 4.71, 22.68, 7.43
0.07, -1.14, -0.37, -4.46, 19.71, -6.23
0.01, -1.10, -0.32, -14.07, 17.24, -17.92
0.06, -1.05, -0.31, -19.27, 12.98, -26.66
0.10, -0.99, -0.33, -19.61, 7.61, -30.84
0.19, -0.91, -0.36, -19.81, 11.52, -25.78
0.31, -0.83, -0.38, -18.93, 12.58, -16.92
0.35, -0.70, -0.37, -18.29, -1.20, -9.99
0.29, -0.62, -0.33, -20.17, -10.30, -5.65
0.19, -0.59, -0.29, -23.36, -14.36, -2.88
0.15, -0.58, -0.31, -25.50, -11.27, 2.07
0.19, -0.58, -0.35, -23.08, -11.48, 4.59
0.24, -0.60, -0.42, -19.30, -9.16, 10.22
0.26, -0.66, -0.47, -13.97, -3.42, 16.39
0.27, -0.74, -0.53, -7.57, 7.03, 19.29
0.27, -0.83, -0.57, -0.14, 14.84, 18.55
0.24, -0.93, -0.55, 3.37, 17.79, 16.66
0.20, -1.04, -0.49, 0.81, 18.06, 11.30
0.15, -1.12, -0.41, -5.40, 15.24, 2.57
0.09, -1.11, -0.37, -10.03, 9.12, -8.40
0.04, -1.06, -0.34, -15.37, 7.54, -20.39
0.04, -1.01, -0.33, -18.24, 8.52, -30.56
0.10, -0.94, -0.34, -21.39, 7.81, -31.49
0.21, -0.85, -0.36, -23.05, 13.05, -20.79
0.35, -0.72, -0.38, -23.37, 11.48, -6.23
0.39, -0.60, -0.35, -24.78, -1.80, 4.44
0.36, -0.53, -0.32, -22.94, -16.14, 12.27
0.27, -0.52, -0.35, -23.03, -28.95, 12.09
0.17, -0.58, -0.38, -23.23, -16.59, 15.76
0.16, -0.63, -0.44, -16.51, -4.99, 20.32
0.21, -0.66, -0.50, -9.19, 3.16, 22.35
0.23, -0.74, -0.52, -2.84, 6.23, 23.21
0.22, -0.87, -0.53, 1.47, 8.68, 20.30
0.21, -1.00, -0.53, 2.77, 5.15, 16.31
0.16, -1.08, -0.49, 3.18, 5.18, 7.74
0.09, -1.12, -0.43, 1.21, 3.69, -4.44
0.02, -1.10, -0.36, -7.89, 6.75, -15.88
0.00, -1.06, -0.32, -16.05, 13.43, -24.84
0.07, -0.99, -0.30, -18.98, 9.12, -29.34
0.15, -0.91, -0.32, -23.81, -0.86, -30.27
0.23, -0.83, -0.36, -26.70, -4.31, -19.69
0.32, -0.72, -0.41, -23.77, -2.06, -6.64
0.36, -0.60, -0.42, -20.68, -8.29, 3.82
0.34, -0.52, -0.40, -18.03, -16.34, 9.89
0.24, -0.54, -0.41, -16.60, -23.63, 10.98
0.14, -0.62, -0.42, -16.28, -5.21, 12.51
0.11, -0.68, -0.46, -8.68, 11.37, 12.94
0.17, -0.72, -0.51, -3.09, 19.89, 14.57
0.22, -0.79, -0.52, 0.25, 24.39, 16.37
0.25, -0.87, -0.54, 3.38, 29.71, 17.59
0.25, -0.95, -0.52, 5.60, 29.88, 17.43
0.21, -1.02, -0.48, 6.63, 27.54, 13.14
0.15, -1.06, -0.42, 7.21, 28.18, 4.61
0.06, -1.07, -0.34, 6.86, 30.58, -8.46
-0.00, -1.04, -0.34, -0.46, 37.98, -19.00
0.02, -1.00, -0.28, -7.92, 40.11, -25.76
0.10, -0.92, -0.25, -15.81, 32.87, -28.64
0.21, -0.84, -0.23, -24.85, 9.52, -24.54
0.30, -0.75, -0.24, -32.67, -9.05, -13.85
0.35, -0.63, -0.30, -33.08, -19.77, -2.07
0.38, -0.56, -0.37, -27.85, -22.89, 7.70
0.35, -0.56, -0.46, -19.20, -20.03, 13.61
0.26, -0.59, -0.51, -8.46, -11.47, 14.66
0.17, -0.69, -0.52, -2.99, 10.72, 16.31
0.14, -0.78, -0.53, 0.78, 27.92, 15.04
0.22, -0.85, -0.52, -1.21, 38.18, 15.10
0.26, -0.89, -0.50, -3.53, 37.76, 18.20
0.29, -0.91, -0.48, -4.79, 31.92, 20.77
0.28, -0.96, -0.44, -2.65, 22.49, 19.57
0.23, -1.04, -0.40, -1.87, 17.35, 15.22
0.18, -1.10, -0.37, -1.26, 12.10, 7.39
0.07, -1.10, -0.35, -3.23, 18.16, -5.35
-0.04, -1.05, -0.30, -9.99, 28.58, -20.90
-0.04, -0.99, -0.25, -16.78, 46.44, -27.01
0.08, -0.92, -0.22, -25.25, 33.42, -30.93
0.24, -0.84, -0.21, -34.58, 11.72, -26.06
0.34, -0.74, -0.21, -40.38, -19.64, -16.15
0.35, -0.66, -0.25, -41.28, -29.65, -8.27
0.29, -0.56, -0.32, -35.22, -29.37, -2.02
0.24, -0.51, -0.43, -27.36, -17.60, 3.38
0.25, -0.53, -0.51, -13.38, 2.57, 9.05
0.27, -0.59, -0.59, -2.99, 15.13, 13.35
0.27, -0.69, -0.61, 3.70, 22.11, 17.46
0.27, -0.82, -0.56, 4.81, 32.80, 20.46
0.29, -0.92, -0.51, 3.84, 39.65, 20.94
0.30, -0.99, -0.43, 1.46, 32.79, 20.88
0.30, -1.07, -0.39, 4.62, 21.85, 18.63
0.25, -1.12, -0.39, 6.55, 8.54, 8.59
0.07, -1.13, -0.34, 3.51, 14.01, -9.00
-0.11, -1.11, -0.24, -12.39, 30.21, -24.44
-0.11, -1.04, -0.17, -18.45, 54.41, -30.81
0.09, -0.92, -0.17, -26.67, 38.21, -31.15
0.32, -0.82, -0.16, -36.83, 6.55, -21.10
0.43, -0.71, -0.19, -42.58, -29.22, -8.05
0.41, -0.60, -0.24, -40.97, -43.19, 3.28
0.34, -0.49, -0.32, -34.25, -43.32, 7.71
0.26, -0.47, -0.41, -24.14, -33.32, 11.13
0.21, -0.51, -0.51, -10.00, -12.16, 14.30
0.18, -0.60, -0.55, -5.12, 3.68, 15.04
0.18, -0.75, -0.56, 0.16, 21.81, 17.21
0.23, -0.86, -0.57, 3.30, 27.38, 19.61
0.31, -0.92, -0.57, 2.70, 30.21, 23.53
0.33, -0.94, -0.53, 2.05, 25.38, 23.30
0.30, -0.99, -0.48, 5.35, 24.71, 20.50
0.24, -1.09, -0.41, 5.89, 18.32, 12.30
0.14, -1.20, -0.35, 1.63, 16.38, 0.89
-0.01, -1.22, -0.28, -8.13, 20.91, -11.69
-0.10, -1.14, -0.20, -18.42, 43.18, -23.43
0.01, -0.99, -0.20, -19.06, 50.22, -27.22
0.21, -0.86, -0.19, -28.21, 20.28, -24.82
0.34, -0.76, -0.17, -37.97, -13.65, -15.87
0.38, -0.67, -0.21, -41.53, -39.39, -7.45
0.32, -0.56, -0.25, -41.12, -47.17, -3.30
0.27, -0.47, -0.34, -33.01, -31.52, 5.33
0.28, -0.51, -0.46, -20.04, -15.49, 8.81
0.28, -0.56, -0.55, -9.16, 0.46, 14.34
0.27, -0.67, -0.60, 0.15, 16.73, 20.56
0.27, -0.80, -0.61, 8.77, 23.20, 27.10
0.28, -0.87, -0.57, 12.65, 26.24, 29.10
0.28, -0.93, -0.49, 16.12, 10.39, 21.66
0.20, -1.03, -0.44, 20.01, 1.96, 6.76
0.01, -1.18, -0.31, 4.91, 13.65, -9.82
-0.14, -1.26, -0.19, -14.40, 40.63, -18.76
-0.06, -1.18, -0.16, -22.09, 64.00, -24.29
0.19, -1.01, -0.23, -21.35, 39.88, -24.59
0.38, -0.91, -0.25, -25.25, -1.90, -19.86
0.42, -0.85, -0.25, -28.61, -35.94, -16.05
0.32, -0.76, -0.27, -34.41, -43.36, -13.35
0.20, -0.65, -0.31, -34.16, -27.51, -11.48
0.14, -0.55, -0.36, -30.69, -10.57, -7.79
0.18, -0.50, -0.41, -24.37, 4.67, 0.13
0.32, -0.52, -0.50, -13.57, 15.77, 10.73
0.42, -0.58, -0.55, -5.43, 15.65, 19.32
0.41, -0.68, -0.54, 2.28, 14.63, 26.73
0.36, -0.79, -0.52, 5.58, 10.16, 32.40
0.33, -0.89, -0.48, 9.14, 8.54, 30.95
0.28, -1.00, -0.46, 13.96, -11.50, 15.86
0.12, -1.11, -0.40, 6.37, -2.41, 1.41
-0.09, -1.24, -0.24, -14.98, 23.90, -13.32
-0.11, -1.25, -0.21, -24.86, 48.85, -20.67
0.12, -1.12, -0.22, -29.30, 40.88, -24.89
0.32, -1.00, -0.26, -28.92, 10.98, -23.42
0.39, -0.93, -0.30, -30.04, -22.41, -22.23
0.31, -0.87, -0.32, -30.10, -36.31, -24.26
0.18, -0.78, -0.33, -32.38, -26.62, -26.89
0.09, -0.67, -0.33, -34.00, -10.71, -25.04
0.11, -0.57, -0.34, -32.98, 4.79, -15.88
0.22, -0.50, -0.35, -29.15, 3.40, -4.03
0.36, -0.48, -0.39, -22.16, 1.10, 11.94
0.47, -0.48, -0.45, -10.64, -13.04, 18.27
0.43, -0.57, -0.47, -2.98, -11.60, 28.01
0.32, -0.71, -0.48, 1.62, 3.38, 31.74
0.26, -0.83, -0.50, 3.94, 17.84, 32.47
0.25, -0.90, -0.50, 7.77, 15.59, 30.66
0.25, -0.98, -0.48, 16.88, -5.98, 22.27
0.17, -1.10, -0.44, 19.75, -17.30, 5.28
-0.04, -1.23, -0.29, 0.97, -0.53, -10.62
-0.18, -1.25, -0.16, -13.96, 41.66, -24.75
-0.02, -1.10, -0.20, -17.50, 50.84, -31.98
0.24, -0.98, -0.23, -21.95, 18.89, -30.17
0.41, -0.94, -0.24, -25.63, -20.90, -23.82
0.41, -0.87, -0.28, -28.34, -45.32, -20.12
0.31, -0.73, -0.32, -26.31, -41.48, -17.72
0.23, -0.61, -0.34, -25.91, -24.84, -10.30
0.25, -0.53, -0.38, -22.01, -9.97, 1.22
0.31, -0.48, -0.41, -17.74, -16.01, 11.51
0.31, -0.50, -0.43, -13.29, -25.61, 17.05
0.26, -0.59, -0.43, -15.20, -20.07, 19.18
0.21, -0.71, -0.47, -8.91, 2.80, 21.65
0.24, -0.78, -0.53, -4.39, 16.57, 24.82
0.29, -0.84, -0.57, -1.90, 22.36, 32.42
0.33, -0.91, -0.59, 7.15, 12.38, 35.80
0.28, -0.99, -0.55, 14.95, -14.22, 25.21
0.10, -1.12, -0.44, 12.17, -10.97, 7.22
-0.14, -1.22, -0.23, -10.23, 8.72, -15.97
-0.25, -1.21, -0.17, -24.94, 52.77, -27.14
-0.02, -1.07, -0.20, -26.74, 54.66, -33.35
0.27, -0.95, -0.26, -28.08, 23.79, -29.29
0.39, -0.90, -0.29, -30.05, -15.16, -24.61
0.38, -0.81, -0.32, -29.02, -29.11, -21.33
0.29, -0.66, -0.32, -32.81, -23.41, -16.17
0.26, -0.58, -0.36, -28.83, -1.77, -2.58
0.34, -0.48, -0.41, -20.60, 0.27, 9.47
0.35, -0.46, -0.44, -11.38, -12.18, 13.77
0.26, -0.57, -0.43, -9.22, -9.83, 16.71
0.17, -0.72, -0.43, -7.05, 7.19, 16.28
0.17, -0.82, -0.44, -8.39, 19.26, 15.73
0.19, -0.84, -0.45, -8.83, 24.28, 17.93
0.25, -0.85, -0.52, -4.03, 32.07, 21.49
0.30, -0.92, -0.54, 2.17, 32.66, 22.50
0.31, -1.03, -0.49, 8.09, 22.01, 22.74
0.28, -1.11, -0.41, 13.00, 6.84, 14.32
0.15, -1.14, -0.41, 13.17, 8.12, -3.61
-0.12, -1.16, -0.19, -12.49, 9.64, -28.23
-0.24, -1.13, -0.10, -22.06, 64.00, -35.31
0.01, -0.99, -0.16, -27.32, 56.63, -43.97
0.27, -0.85, -0.21, -32.87, 23.60, -37.23
0.42, -0.76, -0.27, -32.83, -22.22, -23.69
0.45, -0.67, -0.32, -33.13, -50.03, -14.20
0.39, -0.59, -0.34, -33.84, -59.79, -6.75
0.33, -0.51, -0.40, -28.84, -36.88, 6.83
0.35, -0.47, -0.47, -18.91, -25.53, 13.45
0.29, -0.50, -0.51, -10.06, -9.64, 18.71
0.21, -0.63, -0.50, -8.21, 9.31, 22.33
0.20, -0.77, -0.52, -6.56, 21.11, 24.06
0.24, -0.84, -0.52, -5.36, 21.14, 26.23
0.28, -0.86, -0.53, 0.13, 27.19, 29.09
0.32, -0.93, -0.53, 9.85, 14.02, 28.39
0.31, -1.04, -0.54, 22.38, -3.66, 21.01
0.16, -1.18, -0.45, 18.45, -2.57, 6.67
-0.15, -1.25, -0.22, -0.91, 24.50, -18.65
-0.30, -1.21, -0.15, -13.81, 64.00, -32.22
-0.10, -1.06, -0.14, -18.94, 64.00, -42.31
0.26, -0.94, -0.16, -25.62, 46.04, -36.18
0.48, -0.85, -0.18, -32.62, -8.38, -23.54
0.48, -0.74, -0.23, -36.73, -46.24, -13.99
0.36, -0.60, -0.29, -34.99, -47.31, -8.57
0.25, -0.51, -0.32, -31.85, -44.36, -8.16
0.18, -0.50, -0.37, -27.67, -24.04, -1.26
0.21, -0.53, -0.45, -20.87, -13.85, 9.33
0.29, -0.58, -0.51, -11.41, -3.01, 18.05
0.34, -0.66, -0.52, -5.85, 6.22, 23.09
0.32, -0.75, -0.53, -0.66, 11.46, 26.22
0.28, -0.83, -0.52, -0.69, 24.06, 32.08
0.32, -0.90, -0.52, 4.10, 25.48, 34.35
0.33, -0.98, -0.51, 11.60, 5.55, 29.26
0.25, -1.09, -0.48, 16.71, -13.92, 17.43
0.01, -1.22, -0.34, 3.69, -1.64, -3.71
-0.24, -1.26, -0.18, -13.55, 32.35, -21.11
-0.21, -1.16, -0.14, -19.71, 64.00, -32.77
0.10, -1.00, -0.16, -23.97, 56.28, -35.27
0.39, -0.91, -0.18, -31.62, 3.71, -24.76
0.52, -0.84, -0.24, -33.50, -38.05, -14.47
0.44, -0.72, -0.29, -34.40, -60.27, -12.99
0.27, -0.61, -0.33, -34.29, -46.86, -8.76
0.18, -0.52, -0.39, -28.55, -22.50, -2.85
0.20, -0.48, -0.45, -20.57, -4.33, 4.86
0.27, -0.50, -0.53, -8.13, 5.61, 14.41
0.32, -0.59, -0.55, -1.21, 10.87, 21.53
0.32, -0.71, -0.54, 3.45, 23.72, 28.49
0.32, -0.81, -0.47, 1.92, 21.54, 32.36
0.30, -0.87, -0.46, -1.43, 10.61, 32.01
0.23, -0.92, -0.50, 8.27, 5.20, 21.87
0.13, -1.03, -0.48, 11.05, 4.05, 8.71
-0.03, -1.20, -0.38, 7.71, 24.26, -8.93
-0.13, -1.27, -0.29, -4.59, 50.86, -19.59
-0.06, -1.18, -0.23, -9.41, 64.00, -27.72
0.18, -1.04, -0.21, -10.81, 63.03, -31.39
0.40, -0.94, -0.21, -17.61, 23.58, -24.83
0.45, -0.87, -0.21, -24.48, -20.14, -21.51
0.37, -0.76, -0.20, -35.10, -44.67, -17.19
0.27, -0.65, -0.22, -40.15, -40.34, -9.33
0.21, -0.54, -0.28, -38.43, -29.67, -4.66
0.23, -0.46, -0.37, -29.12, -16.54, 6.67
0.31, -0.47, -0.48, -13.01, -7.87, 16.31
0.33, -0.56, -0.52, -1.48, -1.96, 24.16
0.29, -0.70, -0.52, 3.61, 7.24, 27.89
0.26, -0.81, -0.51, 5.37, 14.12, 29.26
0.27, -0.87, -0.51, 8.23, 18.69, 30.11
0.29, -0.94, -0.49, 14.68, 10.45, 25.13
0.20, -1.10, -0.43, 17.24, -8.78, 10.23
0.07, -1.24, -0.34, 7.78, 17.93, 1.49
-0.10, -1.29, -0.20, -9.88, 36.21, -16.30
-0.07, -1.18, -0.18, -16.39, 63.75, -24.59
0.10, -1.06, -0.16, -20.69, 46.40, -31.88
0.27, -1.00, -0.18, -27.48, 13.51, -27.39
0.36, -0.93, -0.20, -35.81, -23.35, -25.02
0.34, -0.82, -0.25, -38.41, -39.79, -23.21
0.23, -0.68, -0.28, -42.80, -38.56, -21.91
0.16, -0.57, -0.31, -41.57, -25.10, -15.39
0.21, -0.49, -0.38, -35.34, -14.88, -4.04
0.33, -0.43, -0.46, -24.58, -11.65, 10.04
0.43, -0.44, -0.53, -7.14, -13.03, 20.18
0.40, -0.53, -0.57, 4.23, -7.08, 26.23
0.28, -0.69, -0.53, 6.04, 3.39, 26.09
0.21, -0.84, -0.50, 5.29, 25.44, 29.20
0.25, -0.94, -0.48, 4.00, 35.46, 29.99
0.29, -1.01, -0.46, 6.85, 31.71, 27.46
0.29, -1.11, -0.43, 10.55, 8.99, 21.32
0.19, -1.21, -0.39, 12.80, -3.72, 7.59
-0.01, -1.24, -0.28, 1.86, 9.86, -11.46
-0.18, -1.20, -0.18, -12.81, 47.71, -28.82
-0.11, -1.10, -0.13, -18.12, 64.00, -38.67
0.15, -0.98, -0.15, -24.38, 44.96, -38.81
0.34, -0.92, -0.16, -31.49, 4.21, -30.16
0.45, -0.84, -0.19, -34.91, -37.46, -24.57
0.38, -0.70, -0.22, -39.46, -61.53, -19.95
0.29, -0.59, -0.28, -38.62, -53.19, -10.64
0.27, -0.48, -0.38, -31.64, -37.32, 0.03
0.30, -0.41, -0.44, -24.21, -21.43, 13.73
0.35, -0.43, -0.52, -8.26, -17.27, 20.80
0.27, -0.54, -0.55, -2.97, -7.52, 24.36
0.18, -0.72, -0.53, 0.28, 10.60, 23.36
0.17, -0.86, -0.53, 2.74, 29.82, 24.92
0.23, -0.93, -0.53, 6.29, 36.99, 25.43
0.29, -0.99, -0.50, 11.65, 35.72, 25.75
0.29, -1.11, -0.43, 15.83, 19.09, 18.51
0.18, -1.23, -0.35, 13.32, 3.37, 3.98
-0.00, -1.26, -0.25, -2.13, 18.00, -11.12
-0.13, -1.19, -0.13, -14.30, 48.64, -30.03
-0.05, -1.08, -0.12, -18.85, 56.54, -36.96
0.20, -0.99, -0.12, -28.77, 28.45, -37.39
0.37, -0.93, -0.14, -34.09, -6.17, -30.44
0.42, -0.81, -0.19, -40.32, -47.13, -25.53
0.36, -0.69, -0.23, -40.08, -53.84, -17.22
0.31, -0.55, -0.33, -34.56, -40.46, -6.41
0.31, -0.45, -0.40, -27.65, -25.60, 2.79
0.33, -0.41, -0.46, -17.05, -19.75, 13.40
0.32, -0.46, -0.52, -7.70, -14.94, 19.48
0.24, -0.59, -0.52, -2.97, -4.77, 21.40
0.18, -0.73, -0.53, 1.60, 7.07, 22.95
0.19, -0.84, -0.54, 6.27, 18.72, 22.05
0.21, -0.91, -0.53, 7.79, 25.84, 21.28
0.22, -1.01, -0.51, 11.91, 38.70, 19.86
0.23, -1.11, -0.45, 10.24, 31.61, 17.17
0.20, -1.17, -0.35, 8.67, 22.92, 9.51
0.10, -1.17, -0.30, 2.09, 21.06, -4.21
-0.00, -1.14, -0.21, -10.36, 32.35, -21.24
-0.02, -1.07, -0.14, -20.90, 43.07, -30.48
0.10, -1.00, -0.11, -28.79, 32.20, -33.56
0.26, -0.92, -0.14, -35.10, 7.38, -29.86
0.35, -0.84, -0.17, -39.97, -25.03, -24.98
0.35, -0.73, -0.22, -40.90, -40.59, -19.45
0.30, -0.60, -0.29, -38.81, -39.44, -12.63
0.29, -0.51, -0.36, -32.84, -26.21, -1.78
0.34, -0.44, -0.45, -20.73, -10.58, 8.99
0.38, -0.45, -0.54, -8.04, -5.87, 16.49
0.35, -0.55, -0.55, -2.99, 4.41, 22.59
0.29, -0.71, -0.52, -0.42, 9.75, 25.18
0.27, -0.85, -0.50, 0.94, 24.16, 30.18
0.28, -0.92, -0.49, 2.38, 24.58, 29.87
0.29, -1.00, -0.45, 6.10, 25.51, 29.28
0.27, -1.10, -0.43, 12.22, 2.54, 19.37
0.14, -1.19, -0.36, 6.87, 5.89, 7.88
-0.02, -1.23, -0.24, -5.36, 26.52, -9.86
-0.11, -1.19, -0.18, -17.01, 47.72, -25.78
-0.02, -1.07, -0.12, -25.98, 59.20, -34.53
0.21, -0.98, -0.13, -33.14, 37.40, -31.81
0.37, -0.89, -0.15, -41.63, -6.35, -26.20
0.40, -0.80, -0.20, -42.50, -34.77, -18.62
0.33, -0.67, -0.30, -40.04, -47.62, -16.52
0.23, -0.57, -0.36, -35.54, -39.25, -14.65
0.20, -0.51, -0.44, -26.70, -17.25, -8.22
0.25, -0.50, -0.51, -18.24, 4.21, 0.58
0.33, -0.54, -0.58, -6.83, 21.53, 10.50
0.38, -0.61, -0.58, -0.16, 22.90, 21.11
0.40, -0.74, -0.53, 5.44, 28.02, 27.64
0.39, -0.85, -0.49, 12.89, 14.12, 27.83
0.31, -0.96, -0.40, 14.62, 0.74, 20.31
0.16, -1.15, -0.29, 6.71, 4.20, 8.01
0.03, -1.25, -0.18, -8.71, 13.76, -4.26
0.00, -1.21, -0.14, -19.04, 31.34, -12.40
0.10, -1.09, -0.13, -22.77, 33.74, -20.13
0.24, -1.00, -0.17, -24.45, 13.59, -23.19
0.33, -0.97, -0.20, -29.73, -22.76, -25.11
0.33, -0.91, -0.25, -28.54, -47.22, -26.79
0.26, -0.82, -0.30, -28.88, -56.36, -31.63
0.17, -0.73, -0.32, -33.43, -47.29, -29.64
0.19, -0.65, -0.36, -34.14, -34.86, -17.09
0.32, -0.53, -0.43, -26.89, -18.76, -0.39
0.42, -0.44, -0.46, -21.46, -29.69, 10.08
0.42, -0.42, -0.47, -13.42, -34.46, 21.85
0.41, -0.50, -0.55, -2.13, -29.25, 29.34
0.29, -0.63, -0.54, 3.10, -21.75, 28.28
0.17, -0.77, -0.51, 7.88, 7.96, 30.75
0.13, -0.90, -0.48, 5.79, 21.14, 25.07
0.12, -1.02, -0.43, 4.72, 28.08, 22.65
0.15, -1.11, -0.38, -0.12, 21.62, 19.67
0.18, -1.15, -0.31, -7.62, 6.82, 12.20
0.15, -1.13, -0.23, -17.47, -3.51, -1.29
0.09, -1.09, -0.18, -26.28, -9.69, -13.82
0.07, -1.08, -0.18, -35.79, -14.71, -22.72
0.11, -1.04, -0.23, -36.91, -26.61, -29.00
0.15, -0.94, -0.28, -40.95, -46.67, -35.79
0.16, -0.83, -0.33, -39.96, -55.91, -31.75
0.22, -0.70, -0.39, -36.98, -54.87, -22.15
0.34, -0.54, -0.44, -29.02, -39.40, -8.57
0.44, -0.47, -0.49, -21.08, -22.25, 4.54
0.47, -0.44, -0.59, -5.93, -20.01, 14.83
0.38, -0.49, -0.66, 2.36, -7.45, 21.79
0.20, -0.66, -0.55, 2.50, 12.99, 18.28
0.04, -0.83, -0.50, 3.88, 39.05, 15.09
0.07, -0.92, -0.47, 2.61, 53.39, 14.56
0.19, -0.99, -0.43, 3.26, 43.64, 13.52
0.26, -1.06, -0.40, 1.79, 25.79, 16.04
0.27, -1.09, -0.36, 0.47, 10.77, 13.05
0.20, -1.07, -0.31, -0.95, 0.04, 3.46
0.10, -1.05, -0.28, -3.68, -6.81, -10.86
0.03, -1.05, -0.25, -11.18, -6.16, -22.45
-0.04, -1.03, -0.18, -26.74, -11.86, -35.70
-0.04, -0.96, -0.17, -33.57, 1.50, -38.77
0.11, -0.79, -0.26, -37.48, -3.47, -34.13
0.30, -0.67, -0.33, -35.89, -8.15, -20.99
0.45, -0.55, -0.42, -26.60, -24.51, -1.58
0.53, -0.45, -0.48, -18.18, -34.21, 12.84
0.47, -0.44, -0.54, -9.34, -52.58, 15.96
0.25, -0.53, -0.52, -8.47, -36.26, 16.91
0.06, -0.69, -0.46, -5.14, -7.10, 11.89
0.03, -0.80, -0.46, -4.94, 27.88, 10.48
0.10, -0.88, -0.48, -3.88, 31.67, 10.58
0.22, -0.93, -0.50, 3.51, 39.76, 13.92
0.33, -1.02, -0.50, 5.89, 30.19, 13.21
0.32, -1.10, -0.42, 2.27, 18.16, 13.35
0.26, -1.13, -0.33, -3.17, 5.71, 7.41
0.18, -1.12, -0.26, -9.14, -9.64, -2.67
0.11, -1.09, -0.25, -13.76, -26.40, -14.08
0.06, -1.05, -0.29, -15.07, -20.84, -28.83
-0.04, -0.95, -0.21, -35.17, -22.88, -41.10
-0.05, -0.83, -0.22, -39.63, 26.55, -28.00
0.22, -0.65, -0.31, -34.47, 22.29, -18.81
0.46, -0.51, -0.35, -25.48, -7.13, -5.46
0.54, -0.48, -0.42, -20.32, -42.78, 13.03
0.47, -0.50, -0.47, -13.37, -64.00, 17.45
0.24, -0.55, -0.46, -13.63, -51.55, 19.25
0.03, -0.65, -0.40, -11.24, -20.75, 17.51
0.01, -0.73, -0.41, -10.02, 6.69, 21.54
0.12, -0.79, -0.43, -9.36, 5.28, 22.42
0.21, -0.86, -0.48, 0.41, -5.07, 22.00
0.22, -0.97, -0.49, 4.33, -10.18, 16.76
0.16, -1.08, -0.45, -0.98, -2.79, 7.94
0.07, -1.15, -0.42, -7.82, 3.30, -1.18
0.02, -1.14, -0.38, -13.42, 14.62, -9.63
0.05, -1.08, -0.33, -17.36, 9.66, -19.01
0.11, -1.05, -0.32, -20.48, -3.62, -21.63
0.19, -0.99, -0.33, -21.90, -10.75, -20.83
0.26, -0.83, -0.38, -18.96, -11.29, -18.03
0.27, -0.70, -0.37, -21.08, -21.77, -16.09
0.21, -0.64, -0.30, -24.61, -23.64, -12.05
0.19, -0.64, -0.30, -28.40, -32.35, -5.55
0.23, -0.62, -0.35, -32.37, -29.53, 4.21
0.28, -0.58, -0.43, -23.49, -35.21, 9.35
0.24, -0.60, -0.49, -18.08, -33.04, 12.72
0.15, -0.70, -0.51, -13.37, -11.12, 17.40
0.14, -0.80, -0.54, -5.41, 4.29, 17.63
0.14, -0.86, -0.55, 1.24, 12.61, 13.53
0.14, -0.97, -0.54, 4.31, 14.64, 8.54
0.13, -1.08, -0.49, -0.11, 12.04, 2.46
0.10, -1.11, -0.43, -4.19, 10.99, -5.89
0.05, -1.08, -0.37, -10.78, 12.17, -14.80
0.04, -1.05, -0.32, -16.67, 7.29, -20.23
0.09, -1.02, -0.29, -21.92, -2.72, -22.31
0.20, -0.92, -0.32, -22.40, -2.36, -16.21
0.27, -0.75, -0.34, -21.97, -14.85, -16.49
0.19, -0.64, -0.30, -26.08, -29.38, -14.84
0.14, -0.63, -0.32, -24.82, -22.08, -6.99
0.21, -0.61, -0.39, -24.84, -21.85, -0.77
0.28, -0.57, -0.45, -20.31, -26.10, 5.43
0.26, -0.58, -0.49, -14.72, -29.67, 10.95
0.17, -0.70, -0.49, -16.11, -13.17, 15.69
0.16, -0.78, -0.53, -9.12, -1.30, 20.94
0.19, -0.79, -0.56, -6.90, 3.49, 21.71
0.18, -0.83, -0.53, -3.44, 4.58, 20.21
0.12, -0.93, -0.48, -0.44, 4.93, 15.60
0.08, -1.04, -0.41, -6.61, 1.46, 7.53
0.03, -1.11, -0.37, -12.93, 5.72, -1.87
-0.01, -1.08, -0.35, -16.92, 8.15, -12.28
-0.00, -1.03, -0.36, -19.56, 7.51, -19.11
0.06, -0.99, -0.36, -19.96, 0.29, -22.20
0.17, -0.93, -0.36, -22.56, 7.28, -14.19
0.31, -0.79, -0.40, -16.84, 8.83, -8.67
0.27, -0.65, -0.38, -17.96, -18.90, -10.72
0.12, -0.63, -0.30, -20.66, -17.51, -5.56
0.10, -0.66, -0.33, -22.02, -15.73, -2.31
0.16, -0.62, -0.40, -21.11, -3.87, 4.57
0.22, -0.59, -0.45, -13.14, -14.29, 9.19
0.21, -0.64, -0.47, -10.18, -9.04, 18.44
0.19, -0.73, -0.49, -6.28, 1.31, 20.43
0.17, -0.78, -0.52, -1.92, 8.06, 19.12
0.15, -0.84, -0.53, 3.73, 13.15, 17.32
0.10, -0.95, -0.50, 3.23, 12.80, 12.12
0.04, -1.08, -0.44, -3.01, 16.29, 4.23
0.02, -1.13, -0.41, -9.01, 13.34, -4.90
0.01, -1.08, -0.38, -15.73, 10.86, -12.54
0.03, -1.03, -0.38, -17.67, 9.09, -18.62
0.10, -0.97, -0.39, -16.75, 12.62, -17.68
0.19, -0.89, -0.39, -16.51, 9.98, -14.08
0.25, -0.78, -0.39, -16.25, -3.95, -11.47
0.21, -0.71, -0.33, -22.84, -12.54, -5.69
0.15, -0.67, -0.30, -23.69, -13.89, -1.91
0.15, -0.62, -0.33, -23.76, -11.23, 3.85
0.18, -0.58, -0.38, -19.56, -14.82, 5.14
0.16, -0.60, -0.45, -13.37, -10.93, 11.49
0.14, -0.68, -0.47, -10.65, -3.27, 15.79
0.15, -0.75, -0.49, -6.43, 4.76, 20.03
0.16, -0.80, -0.50, -3.12, 10.66, 21.90
0.17, -0.86, -0.50, -1.79, 10.93, 21.06
0.14, -0.93, -0.48, -3.59, 9.83, 17.60
0.08, -1.02, -0.43, -7.27, 9.41, 10.73
0.03, -1.06, -0.42, -10.56, 12.20, 0.49
-0.01, -1.05, -0.40, -14.74, 15.56, -8.15
-0.02, -1.03, -0.38, -18.38, 20.72, -16.25
0.03, -0.98, -0.38, -20.20, 19.75, -20.41
0.11, -0.92, -0.37, -21.30, 12.67, -21.44
0.18, -0.86, -0.37, -21.58, 6.99, -18.43
0.23, -0.79, -0.39, -21.05, 0.80, -12.39
0.24, -0.72, -0.40, -19.23, -2.00, -4.21
0.21, -0.65, -0.39, -18.09, -3.99, 1.74
0.14, -0.61, -0.37, -16.43, -8.83, 2.66
0.08, -0.61, -0.36, -17.73, -5.97, 5.10
0.08, -0.65, -0.37, -14.90, 0.80, 9.72
0.18, -0.67, -0.42, -10.49, 2.86, 17.09
0.22, -0.71, -0.45, -6.14, 1.97, 23.23
0.23, -0.77, -0.50, -3.66, 5.55, 27.49
0.20, -0.82, -0.52, -2.06, 7.82, 26.13
0.13, -0.89, -0.53, 1.41, 13.94, 20.99
0.07, -0.99, -0.47, 1.05, 18.15, 10.03
0.00, -1.13, -0.45, -6.03, 21.35, 0.64
-0.03, -1.17, -0.41, -10.42, 23.23, -8.15
-0.02, -1.10, -0.35, -17.10, 28.32, -17.75
0.03, -1.02, -0.31, -18.08, 26.46, -24.85
0.10, -0.95, -0.30, -22.00, 13.35, -28.36
0.14, -0.88, -0.30, -26.09, -2.10, -26.49
0.16, -0.78, -0.32, -27.20, -12.55, -22.42
0.19, -0.68, -0.36, -26.12, -11.13, -9.84
0.26, -0.56, -0.42, -17.77, -4.26, 3.87
0.30, -0.47, -0.45, -11.98, -8.86, 10.69
0.24, -0.50, -0.44, -8.47, -10.32, 14.17
0.13, -0.64, -0.44, -8.59, -0.44, 19.58
0.13, -0.74, -0.48, -5.38, 13.31, 23.61
0.15, -0.78, -0.52, -1.13, 14.64, 24.13
0.15, -0.84, -0.55, 1.69, 23.11, 22.05
0.13, -0.93, -0.56, 6.22, 23.96, 18.21
0.09, -1.02, -0.52, 6.31, 23.35, 11.61
0.04, -1.13, -0.45, 2.09, 23.16, 2.81
-0.02, -1.15, -0.35, -3.63, 27.80, -8.84
-0.07, -1.09, -0.30, -12.07, 39.51, -19.39
-0.03, -1.01, -0.27, -12.86, 42.87, -24.45
0.09, -0.93, -0.26, -22.12, 25.06, -24.38
0.19, -0.85, -0.23, -29.13, -3.98, -20.60
0.23, -0.79, -0.24, -32.99, -26.20, -16.58
0.20, -0.69, -0.29, -33.53, -31.41, -12.13
0.16, -0.60, -0.35, -27.47, -22.35, -3.84
0.19, -0.53, -0.45, -17.39, -8.05, 6.12
0.24, -0.51, -0.51, -9.23, -1.61, 12.22
0.23, -0.59, -0.51, -6.88, 0.51, 17.96
0.20, -0.71, -0.53, -1.70, 11.53, 23.80
0.17, -0.80, -0.54, 0.46, 12.79, 20.38
0.12, -0.88, -0.53, -0.28, 23.89, 18.97
0.10, -0.96, -0.52, 2.67, 27.80, 14.03
0.10, -1.04, -0.47, 2.17, 26.63, 6.32
0.06, -1.13, -0.40, -1.46, 19.76, -2.22
0.02, -1.16, -0.33, -10.30, 22.58, -9.62
0.01, -1.10, -0.27, -16.75, 26.24, -18.41
0.07, -1.01, -0.27, -16.70, 21.64, -21.82
0.14, -0.93, -0.27, -23.30, 3.47, -25.18
0.16, -0.88, -0.24, -29.07, -13.32, -25.79
0.14, -0.81, -0.24, -35.20, -22.87, -23.11
0.13, -0.71, -0.30, -37.17, -20.84, -17.02
0.16, -0.59, -0.38, -29.69, -14.92, -5.73
0.26, -0.49, -0.48, -17.40, -2.60, 10.21
0.34, -0.46, -0.53, -5.47, -14.31, 13.58
0.27, -0.57, -0.51, -7.12, -6.71, 19.49
0.17, -0.71, -0.50, -2.94, 8.28, 23.30
0.13, -0.80, -0.53, 0.03, 23.41, 21.98
0.15, -0.85, -0.53, -0.46, 29.46, 22.82
0.17, -0.92, -0.51, 3.41, 24.52, 20.76
0.18, -1.02, -0.47, 6.17, 17.30, 15.35
0.09, -1.12, -0.41, 2.16, 9.85, 4.10
-0.04, -1.16, -0.31, -4.43, 20.30, -7.82
-0.09, -1.11, -0.24, -12.86, 33.93, -17.33
-0.02, -1.04, -0.21, -17.16, 28.24, -23.11
0.15, -0.97, -0.20, -24.42, 0.27, -24.36
0.22, -0.92, -0.19, -32.88, -29.86, -24.30
0.21, -0.84, -0.24, -35.97, -47.11, -23.94
0.17, -0.72, -0.32, -35.06, -50.33, -20.17
0.18, -0.62, -0.41, -27.25, -33.72, -7.68
0.27, -0.51, -0.51, -17.46, -11.94, 9.63
0.32, -0.45, -0.54, -8.80, -27.44, 11.72
0.21, -0.52, -0.49, -12.58, -18.15, 17.55
0.11, -0.69, -0.46, -11.54, -5.74, 20.76
0.09, -0.78, -0.52, -6.19, 13.53, 22.43
0.11, -0.80, -0.57, -1.98, 22.51, 23.03
0.13, -0.86, -0.60, 2.54, 29.95, 23.91
0.12, -0.94, -0.56, 6.41, 29.97, 20.07
0.09, -1.03, -0.49, 6.49, 25.09, 12.29
0.02, -1.13, -0.39, -0.33, 20.19, -0.90
-0.08, -1.16, -0.31, -10.54, 37.60, -7.60
-0.07, -1.09, -0.24, -17.98, 48.02, -19.01
0.04, -0.99, -0.22, -20.33, 36.02, -24.41
0.18, -0.94, -0.21, -28.16, 10.85, -26.46
0.20, -0.90, -0.22, -33.76, -16.61, -26.94
0.17, -0.80, -0.28, -36.42, -27.25, -22.84
0.18, -0.67, -0.36, -31.53, -16.98, -13.34
0.27, -0.54, -0.49, -17.24, 9.43, 2.15
0.36, -0.46, -0.56, -3.44, 8.16, 10.40
0.32, -0.50, -0.54, -2.60, 2.80, 17.15
0.21, -0.67, -0.47, -4.02, 10.83, 22.05
0.15, -0.78, -0.46, -2.32, 24.36, 24.11
0.13, -0.80, -0.45, -4.82, 28.80, 25.69
0.15, -0.83, -0.46, -1.72, 24.10, 24.76
0.16, -0.93, -0.48, 3.42, 18.56, 21.32
0.14, -1.02, -0.46, 6.92, 15.13, 14.96
0.06, -1.16, -0.40, 5.87, 19.78, 3.12
-0.07, -1.15, -0.33, -2.94, 27.28, -8.07
-0.14, -1.10, -0.25, -12.65, 59.79, -15.89
0.03, -1.00, -0.23, -14.50, 47.50, -21.34
0.22, -0.92, -0.23, -24.41, 5.08, -16.66
0.29, -0.87, -0.21, -30.84, -26.71, -13.16
0.19, -0.79, -0.24, -34.05, -42.62, -14.26
0.11, -0.70, -0.30, -35.58, -39.68, -14.39
0.06, -0.63, -0.38, -29.75, -27.38, -11.26
0.12, -0.60, -0.49, -21.71, -6.34, -1.46
0.26, -0.59, -0.61, -6.21, 12.32, 9.52
0.34, -0.61, -0.66, 6.01, 19.66, 18.35
0.33, -0.67, -0.62, 7.64, 26.47, 27.66
0.25, -0.79, -0.52, 4.89, 26.58, 27.10
0.17, -0.89, -0.45, 1.91, 31.94, 26.14
0.13, -0.97, -0.40, 5.99, 19.74, 15.28
0.04, -1.06, -0.38, 5.09, 14.00, 0.69
-0.13, -1.16, -0.29, -6.64, 25.05, -13.42
-0.16, -1.16, -0.23, -14.04, 64.00, -16.31
0.07, -1.01, -0.27, -8.52, 64.00, -21.48
0.27, -0.91, -0.26, -14.04, 32.21, -17.51
0.33, -0.91, -0.21, -23.33, -5.40, -12.72
0.27, -0.86, -0.20, -32.23, -23.56, -10.59
0.16, -0.72, -0.21, -36.41, -27.79, -10.91
0.11, -0.61, -0.30, -33.34, -18.50, -7.06
0.14, -0.57, -0.40, -23.19, -10.23, -1.97
0.19, -0.57, -0.50, -12.55, -0.03, 4.86
0.26, -0.61, -0.57, -0.83, 10.40, 14.57
0.30, -0.69, -0.59, 7.95, 19.10, 22.36
0.30, -0.78, -0.55, 9.49, 23.57, 27.52
0.25, -0.89, -0.51, 9.99, 18.47, 25.69
0.18, -0.98, -0.45, 6.75, 8.12, 13.12
-0.03, -1.10, -0.36, -3.11, 22.89, 3.17
-0.08, -1.17, -0.29, -8.04, 37.76, -8.21
-0.02, -1.15, -0.27, -14.05, 45.50, -12.00
0.13, -1.06, -0.26, -13.71, 39.98, -13.27
0.26, -0.96, -0.27, -18.36, 12.15, -15.00
0.26, -0.90, -0.25, -23.01, -11.62, -14.92
0.20, -0.84, -0.22, -30.38, -24.43, -13.23
0.14, -0.75, -0.24, -33.40, -22.06, -11.34
0.11, -0.65, -0.29, -32.31, -14.12, -7.82
0.16, -0.58, -0.35, -26.28, -8.98, 0.37
0.23, -0.54, -0.42, -20.35, -8.65, 7.40
0.29, -0.55, -0.49, -7.83, -4.87, 15.91
0.28, -0.62, -0.52, 1.38, 0.26, 21.39
0.24, -0.76, -0.54, 8.76, 8.79, 21.09
0.18, -0.89, -0.52, 8.58, 16.04, 16.44
0.11, -1.01, -0.47, 4.13, 30.58, 13.16
0.10, -1.08, -0.42, 3.87, 34.68, 9.13
0.13, -1.12, -0.38, 4.36, 25.62, 2.37
0.10, -1.15, -0.32, 0.14, 20.67, -8.41
0.03, -1.15, -0.25, -9.44, 21.51, -15.85
0.03, -1.08, -0.19, -13.46, 25.96, -24.18
0.10, -0.98, -0.18, -17.94, 14.27, -26.59
0.18, -0.90, -0.16, -29.02, -5.64, -22.15
0.24, -0.82, -0.17, -34.67, -20.19, -16.51
0.24, -0.68, -0.21, -36.89, -27.37, -10.54
0.23, -0.57, -0.30, -31.76, -25.42, -3.75
0.24, -0.49, -0.40, -23.12, -29.02, 1.49
0.23, -0.49, -0.47, -16.14, -21.14, 9.70
0.24, -0.58, -0.53, -6.79, -9.97, 16.50
0.20, -0.67, -0.52, -3.29, 6.84, 21.60
0.20, -0.79, -0.51, -1.52, 13.05, 22.66
0.19, -0.89, -0.50, -1.88, 16.59, 21.65
0.17, -0.96, -0.52, 2.25, 22.26, 20.54
0.17, -1.01, -0.52, 7.92, 30.13, 16.33
0.18, -1.09, -0.46, 9.62, 21.16, 9.14
0.12, -1.19, -0.37, 3.56, 17.16, -2.04
-0.04, -1.21, -0.24, -13.60, 27.17, -15.12
-0.11, -1.11, -0.15, -20.93, 52.76, -23.87
0.06, -0.99, -0.16, -22.45, 40.73, -28.06
0.25, -0.92, -0.15, -32.07, 5.96, -23.07
0.32, -0.86, -0.16, -36.64, -26.76, -15.77
0.28, -0.72, -0.23, -36.93, -35.98, -11.45
0.20, -0.59, -0.29, -33.76, -29.00, -8.12
0.18, -0.50, -0.37, -22.88, -9.46, 1.20
0.24, -0.48, -0.47, -13.16, -4.44, 8.27
0.27, -0.54, -0.52, -3.74, 7.97, 16.87
0.28, -0.64, -0.52, -0.13, 14.88, 23.16
0.24, -0.76, -0.49, 0.54, 12.46, 23.89
0.21, -0.87, -0.46, 2.63, 15.70, 23.36
0.21, -0.95, -0.47, 5.27, 13.62, 21.75
0.21, -1.03, -0.47, 13.97, 11.04, 17.47
0.16, -1.13, -0.44, 13.81, 15.24, 8.77
0.04, -1.21, -0.34, 7.05, 23.78, -6.37
-0.07, -1.21, -0.26, -5.38, 38.73, -17.67
-0.03, -1.12, -0.18, -15.55, 51.34, -22.86
0.13, -1.01, -0.19, -16.75, 33.54, -24.50
0.26, -0.91, -0.16, -28.14, -4.36, -24.48
0.26, -0.84, -0.15, -32.42, -21.18, -18.78
0.20, -0.73, -0.19, -41.18, -32.23, -15.31
0.15, -0.63, -0.26, -37.83, -19.05, -7.58
0.18, -0.54, -0.36, -29.87, -13.36, -1.03
0.22, -0.50, -0.44, -19.47, -5.26, 5.39
0.26, -0.55, -0.50, -10.30, 1.03, 12.35
0.24, -0.66, -0.50, -6.42, 10.19, 14.83
0.23, -0.78, -0.51, -3.65, 22.38, 19.87
0.26, -0.86, -0.53, -2.31, 24.79, 23.20
0.28, -0.89, -0.52, 3.74, 25.23, 22.58
0.24, -0.97, -0.52, 10.51, 23.86, 14.74
0.12, -1.12, -0.41, 5.96, 18.77, 1.90
-0.03, -1.26, -0.29, -4.41, 38.38, -7.74
-0.08, -1.26, -0.18, -16.79, 55.22, -18.85
0.05, -1.12, -0.14, -17.32, 60.00, -22.31
0.23, -1.00, -0.15, -22.50, 29.20, -23.77
0.32, -0.94, -0.14, -32.00, -7.86, -22.06
0.31, -0.86, -0.15, -38.65, -37.47, -17.99
0.23, -0.73, -0.19, -42.00, -40.47, -14.54
0.17, -0.57, -0.28, -38.17, -31.46, -9.40
0.16, -0.48, -0.37, -28.90, -16.98, -0.96
0.21, -0.43, -0.47, -15.15, -4.52, 7.86
0.26, -0.47, -0.53, -2.94, 3.09, 9.12
0.26, -0.59, -0.53, 1.49, 9.76, 19.09
0.28, -0.74, -0.52, 5.81, 20.00, 27.55
0.32, -0.84, -0.50, 8.02, 5.04, 31.32
0.32, -0.90, -0.49, 14.35, 4.53, 28.47
0.23, -1.02, -0.47, 16.69, -6.17, 15.27
0.06, -1.18, -0.34, 7.15, 21.92, 5.14
-0.09, -1.31, -0.19, -8.13, 31.03, -9.46
-0.10, -1.28, -0.15, -18.61, 43.41, -16.81
0.05, -1.14, -0.17, -19.32, 43.92, -22.61
0.23, -0.98, -0.22, -18.60, 21.06, -22.19
0.30, -0.93, -0.21, -22.33, -7.75, -22.46
0.26, -0.86, -0.22, -27.84, -28.22, -22.21
0.19, -0.77, -0.23, -33.07, -27.00, -20.46
0.13, -0.64, -0.27, -35.74, -16.28, -19.26
0.13, -0.54, -0.33, -34.30, -7.05, -10.44
0.25, -0.49, -0.42, -26.22, 3.92, 2.41
0.39, -0.49, -0.52, -13.75, 2.99, 10.94
0.40, -0.57, -0.57, -6.58, 11.46, 21.71
0.35, -0.70, -0.55, -1.46, 10.02, 29.43
0.30, -0.82, -0.51, 0.33, 18.05, 35.17
0.30, -0.91, -0.51, 4.80, 14.32, 32.57
0.22, -1.00, -0.50, 8.87, 1.95, 18.85
0.05, -1.16, -0.39, 0.98, 28.05, 4.29
-0.11, -1.31, -0.24, -11.34, 41.64, -9.33
-0.15, -1.31, -0.20, -21.63, 62.71, -19.75
-0.00, -1.16, -0.17, -20.17, 64.00, -27.48
0.21, -1.02, -0.20, -21.89, 42.88, -28.17
0.33, -0.94, -0.16, -28.42, 3.94, -24.56
0.35, -0.84, -0.15, -36.58, -24.79, -18.68
0.28, -0.71, -0.18, -46.67, -34.82, -15.43
0.20, -0.56, -0.22, -45.57, -28.72, -10.56
0.21, -0.45, -0.37, -36.37, -15.41, -0.41
0.28, -0.39, -0.45, -23.59, -5.51, 8.35
0.33, -0.43, -0.53, -9.37, 4.29, 14.73
0.36, -0.56, -0.58, 0.78, 12.29, 25.96
0.37, -0.71, -0.56, 4.65, 13.64, 33.88
0.34, -0.86, -0.48, 5.80, 2.53, 38.20
0.28, -0.95, -0.46, 16.10, -8.47, 27.56
0.11, -1.09, -0.41, 11.62, 0.85, 9.13
-0.08, -1.27, -0.23, -5.88, 33.07, -0.69
-0.09, -1.31, -0.19, -12.54, 46.60, -7.80
0.05, -1.18, -0.20, -18.57, 47.45, -12.89
0.22, -1.02, -0.20, -19.78, 26.35, -15.75
0.29, -0.93, -0.21, -28.56, -7.51, -14.28
0.29, -0.84, -0.18, -34.71, -32.08, -13.34
0.22, -0.69, -0.22, -38.32, -39.66, -10.73
0.14, -0.61, -0.27, -41.17, -37.13, -8.06
0.13, -0.53, -0.33, -36.96, -23.84, -0.17
0.21, -0.49, -0.42, -27.63, -17.75, 6.04
0.29, -0.50, -0.55, -7.68, -8.33, 15.17
0.33, -0.60, -0.62, 3.51, -7.47, 19.27
0.30, -0.77, -0.64, 12.33, 13.12, 25.72
0.27, -0.90, -0.59, 13.42, 33.39, 28.55
0.27, -0.98, -0.55, 17.43, 31.12, 26.05
0.22, -1.06, -0.46, 19.07, 20.16, 13.38
0.05, -1.21, -0.31, 4.76, 29.96, 0.23
-0.11, -1.33, -0.12, -12.96, 37.24, -14.25
-0.06, -1.25, -0.13, -21.61, 54.93, -20.13
0.12, -1.07, -0.16, -20.94, 35.15, -26.39
0.28, -0.94, -0.18, -26.93, 14.64, -22.25
0.33, -0.89, -0.17, -34.86, -17.79, -18.16
0.30, -0.79, -0.22, -39.45, -34.99, -14.15
0.22, -0.63, -0.26, -43.18, -39.72, -12.18
0.17, -0.55, -0.33, -36.45, -25.87, -8.80
0.18, -0.50, -0.43, -28.83, -9.79, -3.47
0.25, -0.52, -0.53, -16.03, 1.50, 3.75
0.31, -0.60, -0.60, -2.32, 13.85, 13.54
0.32, -0.71, -0.60, 5.45, 21.40, 20.19
0.30, -0.82, -0.55, 8.01, 33.30, 25.04
0.29, -0.88, -0.51, 11.71, 25.29, 23.04
0.22, -0.96, -0.44, 16.84, 24.01, 13.76
0.09, -1.11, -0.34, 11.63, 30.14, -1.41
-0.02, -1.28, -0.21, -1.21, 46.98, -11.13
-0.01, -1.25, -0.18, -6.26, 55.84, -17.73
0.11, -1.10, -0.19, -9.52, 54.74, -23.56
0.23, -0.98, -0.20, -11.73, 31.57, -24.28
0.32, -0.93, -0.16, -23.66, 2.67, -22.02
0.33, -0.88, -0.14, -33.28, -27.24, -19.43
0.29, -0.77, -0.16, -44.28, -39.54, -16.64
0.21, -0.66, -0.22, -46.89, -41.99, -14.94
0.16, -0.56, -0.32, -40.81, -31.50, -10.64
0.19, -0.50, -0.45, -29.07, -15.65, -4.70
0.25, -0.50, -0.54, -14.92, -1.28, 2.81
0.29, -0.57, -0.60, 0.13, 11.70, 12.47
0.31, -0.69, -0.61, 10.70, 24.46, 20.42
0.30, -0.79, -0.55, 13.12, 36.74, 25.20
0.30, -0.85, -0.48, 13.21, 32.48, 25.29
0.30, -0.92, -0.40, 11.06, 27.55, 22.84
0.23, -1.04, -0.33, 10.62, 14.94, 11.86
0.09, -1.17, -0.25, 1.57, 21.83, 0.27
-0.01, -1.23, -0.19, -4.83, 29.02, -9.25
0.03, -1.16, -0.15, -8.87, 47.27, -15.32
0.17, -1.05, -0.14, -11.93, 26.15, -23.48
0.28, -0.98, -0.12, -23.18, 0.16, -22.98
0.33, -0.93, -0.13, -31.59, -30.46, -24.16
0.34, -0.83, -0.21, -36.54, -42.20, -23.63
0.28, -0.71, -0.29, -39.05, -45.64, -21.65
0.22, -0.61, -0.37, -34.91, -26.36, -14.34
0.24, -0.53, -0.49, -23.83, -6.71, -5.71
0.31, -0.48, -0.57, -9.40, 15.35, 7.86
0.37, -0.52, -0.59, 1.25, 25.40, 18.23
0.33, -0.64, -0.49, 0.87, 26.50, 27.14
0.30, -0.77, -0.38, -4.61, 23.00, 36.40
0.28, -0.80, -0.32, -3.60, 6.50, 38.47
0.23, -0.82, -0.28, -1.49, -8.15, 34.94
0.15, -0.91, -0.25, -7.41, -16.29, 26.78
0.06, -1.02, -0.18, -21.07, -3.04, 17.82
0.01, -1.04, -0.18, -26.94, 6.48, 9.40
0.08, -0.97, -0.25, -28.59, 10.43, 6.32
0.20, -0.94, -0.31, -24.97, 3.41, 6.70
0.30, -0.94, -0.36, -20.73, -8.17, 8.17
0.33, -0.92, -0.38, -18.15, -20.64, 7.51
0.29, -0.89, -0.36, -17.07, -29.70, 7.13
0.23, -0.88, -0.33, -21.00, -30.43, 4.96
0.19, -0.87, -0.33, -21.62, -26.59, 3.72
0.18, -0.84, -0.34, -20.60, -24.47, 3.15
0.21, -0.81, -0.35, -18.80, -16.81, 5.94
0.24, -0.80, -0.36, -16.87, -13.32, 8.57
0.23, -0.79, -0.37, -14.16, -15.52, 13.78
0.23, -0.78, -0.39, -11.88, -20.59, 17.27
0.22, -0.79, -0.39, -10.13, -20.53, 18.53
0.13, -0.82, -0.37, -10.39, -17.84, 17.86
0.10, -0.86, -0.37, -12.62, -11.45, 16.74
0.08, -0.89, -0.38, -14.46, -0.65, 16.07
0.08, -0.88, -0.39, -12.95, -2.80, 13.84
0.09, -0.86, -0.42, -8.23, -0.58, 13.09
0.09, -0.90, -0.42, -7.71, 1.47, 9.46
0.06, -0.92, -0.39, -7.72, 7.99, 6.99
0.06, -0.93, -0.37, -7.66, 11.16, 2.97
0.09, -0.92, -0.36, -8.27, 11.13, 0.81
0.12, -0.90, -0.36, -10.11, 11.31, -2.26
0.12, -0.90, -0.35, -11.71, 13.12, -3.21
0.14, -0.89, -0.35, -11.98, 14.73, -4.74
0.16, -0.89, -0.35, -13.46, 12.60, -3.00
0.18, -0.88, -0.35, -13.62, 11.29, -1.35
0.20, -0.86, -0.35, -14.24, 8.49, -0.07
0.20, -0.84, -0.36, -13.81, 9.74, 1.83
0.20, -0.82, -0.35, -12.45, 10.11, 3.71
0.18, -0.81, -0.36, -13.13, 14.63, 6.29
0.17, -0.81, -0.35, -14.06, 13.56, 8.30
0.18, -0.81, -0.35, -13.20, 9.83, 13.33
0.21, -0.80, -0.36, -9.51, 2.94, 15.09
0.20, -0.80, -0.36, -9.48, 4.71, 16.97
0.14, -0.82, -0.33, -10.21, 10.45, 16.42
0.11, -0.85, -0.33, -10.84, 16.34, 17.23
0.11, -0.86, -0.33, -11.97, 15.18, 15.72
0.10, -0.87, -0.31, -11.52, 4.43, 15.23
0.11, -0.89, -0.34, -8.51, -4.39, 13.85
0.10, -0.90, -0.35, -5.57, -4.32, 9.68
0.06, -0.90, -0.35, -5.11, 1.37, 6.43
0.03, -0.90, -0.34, -5.93, 9.74, 4.75
0.05, -0.90, -0.33, -6.66, 11.83, 3.38
0.10, -0.89, -0.32, -7.22, 8.35, 2.67
0.14, -0.89, -0.33, -7.37, 3.16, 2.94
0.14, -0.89, -0.32, -7.37, -0.15, 2.18
0.12, -0.88, -0.32, -9.17, 0.55, 3.63
0.12, -0.88, -0.31, -10.59, 2.02, 4.14
0.12, -0.87, -0.31, -12.47, 2.50, 5.71
0.12, -0.85, -0.30, -14.79, 2.56, 7.01
0.13, -0.84, -0.31, -15.74, 0.20, 8.76
0.15, -0.84, -0.32, -14.32, -4.01, 12.13
0.15, -0.83, -0.33, -15.65, -8.61, 14.73
0.13, -0.83, -0.33, -14.20, -11.80, 16.79
0.11, -0.83, -0.33, -14.48, -14.90, 17.67
0.10, -0.83, -0.33, -13.67, -15.58, 19.44
0.09, -0.83, -0.35, -13.57, -15.33, 20.47
0.09, -0.82, -0.35, -12.55, -15.60, 22.21
0.09, -0.82, -0.35, -10.11, -18.07, 24.93
0.10, -0.83, -0.34, -10.38, -24.27, 25.81
0.10, -0.84, -0.33, -8.72, -34.38, 28.24
0.08, -0.84, -0.34, -8.38, -42.61, 27.73
0.04, -0.83, -0.34, -8.14, -40.74, 28.59
0.01, -0.82, -0.33, -7.29, -34.97, 27.17
-0.00, -0.82, -0.32, -8.81, -27.54, 27.51
0.00, -0.83, -0.32, -9.53, -24.29, 28.89
0.00, -0.84, -0.31, -11.97, -29.90, 31.08
0.02, -0.86, -0.30, -12.71, -41.68, 31.99
0.03, -0.86, -0.30, -11.36, -54.41, 30.12
0.01, -0.85, -0.33, -10.06, -57.52, 27.79
-0.05, -0.84, -0.35, -7.50, -55.10, 26.77
-0.12, -0.84, -0.36, -7.81, -44.40, 28.34
-0.09, -0.89, -0.30, -10.31, -44.17, 31.83
-0.05, -0.93, -0.26, -9.34, -47.66, 28.11
-0.08, -0.92, -0.30, -8.79, -48.30, 26.83
-0.13, -0.90, -0.30, -7.76, -43.89, 23.28
-0.15, -0.90, -0.29, -7.74, -39.53, 20.33
-0.15, -0.91, -0.30, -8.20, -41.13, 18.67
-0.12, -0.90, -0.31, -7.76, -48.16, 17.01
-0.10, -0.89, -0.29, -9.03, -60.31, 17.85
-0.09, -0.87, -0.28, -5.28, -57.04, 14.84
-0.10, -0.89, -0.28, -5.53, -62.66, 12.60
-0.18, -0.92, -0.25, -8.53, -53.74, 10.05
-0.24, -0.91, -0.25, -7.66, -44.26, 11.14
-0.20, -0.88, -0.26, -7.56, -40.55, 12.52
-0.13, -0.87, -0.26, -7.57, -50.00, 11.63
-0.13, -0.86, -0.26, -6.20, -61.49, 11.41
-0.13, -0.85, -0.26, -4.89, -64.00, 11.73
-0.16, -0.84, -0.24, -2.80, -64.00, 12.63
-0.19, -0.85, -0.22, -4.21, -61.28, 12.28
-0.23, -0.86, -0.23, -3.27, -52.49, 10.83
-0.25, -0.85, -0.23, -2.44, -41.52, 11.21
-0.26, -0.85, -0.22, -2.96, -33.02, 12.57
-0.25, -0.85, -0.20, -1.44, -33.04, 11.66
-0.22, -0.86, -0.20, -2.10, -39.71, 13.23
-0.21, -0.87, -0.19, -4.73, -46.51, 11.48
-0.22, -0.87, -0.18, -4.10, -52.21, 10.23
-0.25, -0.86, -0.18, -3.71, -49.67, 8.19
-0.28, -0.86, -0.17, -4.42, -43.13, 7.38
-0.31, -0.87, -0.16, -6.27, -33.86, 8.11
-0.30, -0.88, -0.17, -7.69, -29.49, 7.17
-0.27, -0.87, -0.18, -9.34, -31.36, 9.15
-0.24, -0.86, -0.17, -9.73, -38.47, 7.29
-0.24, -0.86, -0.17, -8.18, -43.88, 6.71
-0.25, -0.86, -0.18, -7.96, -45.39, 7.05
-0.28, -0.86, -0.17, -8.33, -41.17, 6.28
-0.30, -0.86, -0.15, -7.11, -33.01, 6.36
-0.31, -0.86, -0.14, -8.05, -24.76, 5.99
-0.31, -0.85, -0.15, -7.97, -23.08, 6.35
-0.27, -0.84, -0.14, -8.10, -29.48, 7.85
-0.25, -0.84, -0.12, -7.91, -34.22, 5.15
-0.27, -0.84, -0.10, -6.88, -33.02, 6.18
-0.31, -0.84, -0.10, -6.42, -25.28, 6.81
-0.33, -0.84, -0.11, -6.03, -11.63, 4.56
-0.34, -0.84, -0.10, -6.59, -0.27, 5.36
-0.33, -0.84, -0.10, -7.28, 3.93, 5.02
-0.30, -0.85, -0.10, -8.66, -0.48, 6.61
-0.28, -0.85, -0.08, -8.03, -5.60, 4.55
-0.27, -0.84, -0.08, -7.14, -12.35, 5.31
-0.28, -0.85, -0.10, -6.83, -17.18, 4.65
-0.29, -0.84, -0.11, -5.78, -20.92, 7.08
-0.29, -0.84, -0.10, -6.10, -24.36, 6.95
-0.30, -0.84, -0.09, -5.21, -24.95, 6.58
-0.31, -0.85, -0.08, -7.09, -25.33, 7.78
-0.31, -0.85, -0.09, -7.54, -28.68, 7.87
-0.30, -0.85, -0.09, -7.68, -34.56, 7.51
-0.29, -0.84, -0.09, -6.10, -39.86, 8.96
-0.29, -0.85, -0.09, -6.49, -44.30, 9.41
-0.30, -0.84, -0.09, -5.62, -45.89, 8.58
-0.32, -0.84, -0.09, -4.79, -45.55, 7.54
-0.34, -0.84, -0.08, -4.02, -42.54, 7.41
-0.35, -0.84, -0.05, -3.56, -38.60, 7.22
-0.35, -0.84, -0.04, -4.11, -32.96, 8.22
-0.35, -0.84, -0.05, -3.62, -28.01, 7.25
-0.35, -0.84, -0.05, -3.97, -23.67, 7.30
-0.34, -0.84, -0.01, -6.90, -26.15, 7.86
-0.33, -0.85, 0.01, -7.89, -32.40, 7.40
-0.33, -0.85, 0.00, -7.32, -35.85, 7.80
-0.34, -0.84, -0.01, -7.35, -32.97, 8.31
-0.37, -0.84, -0.01, -6.64, -25.31, 7.57
-0.38, -0.84, -0.00, -7.99, -18.71, 7.51
-0.37, -0.84, 0.00, -8.66, -18.29, 7.62
-0.35, -0.83, 0.01, -9.44, -22.38, 6.95
-0.35, -0.83, 0.02, -8.76, -23.52, 7.20
-0.36, -0.82, 0.03, -7.18, -19.04, 5.66
-0.40, -0.82, 0.02, -7.21, -6.24, 3.95
-0.43, -0.82, 0.02, -8.53, 9.59, 3.98
-0.43, -0.82, 0.04, -10.32, 15.19, 3.92
-0.40, -0.83, 0.05, -11.86, 10.88, 3.43
-0.36, -0.84, 0.05, -13.20, 0.74, 2.56
-0.36, -0.83, 0.04, -13.85, -4.94, 1.53
-0.39, -0.83, 0.04, -14.07, -1.32, 0.98
-0.40, -0.84, 0.03, -14.04, 6.46, 1.47
-0.40, -0.84, 0.01, -15.81, 13.35, 1.92
-0.40, -0.84, 0.01, -17.54, 19.74, 0.16
-0.41, -0.84, 0.02, -19.44, 26.90, -1.10
-0.41, -0.86, 0.03, -22.16, 30.34, -2.00
-0.40, -0.87, 0.02, -24.64, 28.09, -2.21
-0.38, -0.87, 0.00, -25.73, 25.90, -3.48
-0.39, -0.86, -0.00, -26.40, 28.90, -8.27
-0.41, -0.85, -0.00, -27.27, 32.03, -8.75
-0.41, -0.85, -0.01, -27.48, 30.01, -10.18
-0.38, -0.85, -0.02, -26.87, 26.23, -11.91
-0.37, -0.86, -0.02, -27.08, 25.99, -14.29
-0.40, -0.86, 0.02, -28.65, 32.80, -17.05
-0.44, -0.85, 0.03, -30.22, 48.03, -20.06
-0.44, -0.85, 0.00, -30.69, 60.55, -22.47
-0.42, -0.84, -0.02, -32.94, 64.00, -22.87
-0.36, -0.84, -0.02, -36.13, 60.47, -22.39
-0.30, -0.84, -0.02, -36.03, 41.15, -22.43
-0.26, -0.83, -0.04, -33.65, 23.66, -22.06
-0.26, -0.82, -0.09, -31.22, 18.90, -22.60
-0.32, -0.82, -0.08, -31.25, 25.98, -26.89
-0.39, -0.83, -0.03, -33.97, 44.91, -26.67
-0.41, -0.85, -0.01, -36.75, 56.35, -25.55
-0.33, -0.86, -0.07, -36.54, 54.07, -26.37
-0.24, -0.86, -0.13, -34.17, 38.62, -24.82
-0.19, -0.83, -0.14, -30.28, 22.09, -25.33
-0.20, -0.82, -0.12, -27.47, 17.26, -24.63
-0.23, -0.82, -0.12, -24.87, 18.83, -21.76
-0.23, -0.84, -0.15, -23.42, 17.49, -21.21
-0.21, -0.84, -0.18, -22.07, 15.72, -19.66
-0.21, -0.83, -0.17, -19.46, 17.32, -19.37
-0.23, -0.83, -0.16, -18.68, 22.73, -17.63
-0.24, -0.83, -0.15, -18.33, 26.97, -16.15
-0.21, -0.84, -0.16, -17.95, 24.06, -14.17
-0.18, -0.84, -0.17, -15.94, 14.97, -11.16
-0.15, -0.83, -0.18, -13.79, 3.84, -10.73
-0.17, -0.84, -0.16, -13.41, -0.27, -10.59
-0.22, -0.85, -0.15, -13.73, 7.16, -11.19
-0.25, -0.86, -0.15, -14.26, 15.40, -9.83
-0.24, -0.87, -0.14, -14.34, 19.21, -10.02
-0.19, -0.87, -0.15, -14.28, 15.06, -9.64
-0.18, -0.88, -0.16, -14.62, 6.73, -9.34
-0.17, -0.88, -0.15, -13.37, 2.42, -9.94
-0.20, -0.89, -0.14, -13.94, 8.22, -11.95
-0.24, -0.89, -0.14, -14.92, 22.19, -10.63
-0.24, -0.89, -0.17, -14.23, 33.22, -10.92
-0.20, -0.88, -0.20, -15.67, 33.49, -8.26
-0.16, -0.87, -0.20, -14.48, 25.46, -8.52
-0.15, -0.85, -0.17, -13.43, 19.09, -9.35
-0.17, -0.85, -0.17, -13.68, 18.97, -10.79
-0.20, -0.86, -0.17, -14.22, 17.75, -8.69
-0.19, -0.87, -0.17, -13.54, 14.23, -8.53
-0.18, -0.87, -0.18, -13.40, 12.92, -9.71
-0.19, -0.88, -0.17, -14.07, 15.64, -7.93
-0.20, -0.89, -0.14, -12.44, 18.98, -8.56
-0.17, -0.89, -0.15, -14.13, 17.30, -7.68
-0.15, -0.89, -0.16, -15.14, 11.07, -8.21
-0.14, -0.89, -0.16, -14.57, 7.67, -7.49
-0.15, -0.88, -0.13, -16.20, 5.38, -8.57
-0.16, -0.89, -0.14, -18.32, 3.79, -7.44
-0.14, -0.90, -0.14, -17.80, 0.60, -5.98
-0.12, -0.89, -0.16, -17.20, -2.26, -6.74
-0.12, -0.88, -0.19, -17.82, -3.42, -4.70
-0.12, -0.87, -0.18, -18.39, -12.53, -5.07
-0.09, -0.87, -0.18, -15.66, -23.97, -5.46
-0.11, -0.89, -0.18, -16.83, -24.73, -5.77
-0.16, -0.91, -0.15, -17.89, -16.56, -7.69
-0.20, -0.92, -0.14, -20.57, -10.25, -10.65
-0.19, -0.94, -0.14, -21.68, -13.00, -11.27
-0.16, -0.93, -0.16, -22.41, -19.58, -14.12
-0.15, -0.92, -0.17, -22.36, -27.81, -16.21
-0.15, -0.91, -0.17, -23.92, -32.20, -17.82
-0.15, -0.91, -0.17, -22.73, -32.99, -17.55
-0.15, -0.90, -0.20, -22.41, -21.50, -15.91
-0.16, -0.87, -0.22, -21.58, -8.12, -13.53
-0.14, -0.85, -0.20, -22.05, -8.37, -10.27
-0.09, -0.86, -0.18, -23.21, -16.72, -8.03
-0.08, -0.87, -0.18, -22.19, -24.54, -6.98
-0.11, -0.86, -0.19, -20.08, -25.38, -5.35
-0.14, -0.85, -0.18, -20.54, -23.02, -5.67
-0.17, -0.86, -0.18, -21.02, -18.06, -5.14
-0.17, -0.86, -0.18, -21.64, -17.84, -4.54
-0.14, -0.85, -0.20, -20.64, -22.78, -4.27
-0.12, -0.85, -0.20, -19.21, -25.86, -4.21
-0.13, -0.85, -0.20, -17.80, -23.19, -3.56
-0.14, -0.87, -0.21, -17.80, -20.85, -3.60
-0.16, -0.88, -0.20, -19.25, -16.29, -3.79
-0.16, -0.89, -0.19, -19.11, -14.35, -1.23
-0.12, -0.88, -0.22, -18.54, -20.33, -1.17
-0.12, -0.88, -0.20, -18.19, -20.58, -2.88
-0.16, -0.90, -0.18, -20.20, -13.86, -3.08
-0.18, -0.93, -0.18, -21.55, -4.99, -2.23
-0.16, -0.91, -0.20, -21.81, -2.18, -0.76
-0.12, -0.89, -0.21, -21.66, -9.22, -0.16
-0.08, -0.88, -0.21, -19.11, -14.52, 0.02
-0.10, -0.87, -0.21, -18.42, -15.96, -1.61
-0.15, -0.88, -0.20, -19.46, -10.49, -2.09
-0.16, -0.90, -0.18, -20.73, -10.27, -1.44
-0.14, -0.90, -0.17, -21.36, -13.92, -2.21
-0.13, -0.89, -0.16, -22.66, -17.56, -2.20
-0.14, -0.88, -0.17, -21.90, -16.96, -3.26
-0.15, -0.88, -0.18, -21.44, -14.57, -3.08
-0.15, -0.89, -0.20, -21.54, -11.48, -3.46
-0.15, -0.89, -0.19, -22.27, -8.72, -4.70
-0.15, -0.89, -0.19, -22.10, -5.37, -3.42
-0.13, -0.88, -0.23, -20.71, -6.02, -2.77
-0.11, -0.86, -0.24, -19.71, -9.82, -1.16
-0.10, -0.85, -0.23, -20.69, -13.17, 2.24
-0.10, -0.86, -0.22, -18.79, -16.47, 2.34
-0.12, -0.87, -0.21, -17.74, -15.15, 2.66
-0.16, -0.87, -0.25, -14.58, -9.49, 4.25
-0.16, -0.86, -0.28, -11.36, -8.18, 3.54
-0.16, -0.84, -0.27, -9.09, -6.97, 6.03
-0.16, -0.85, -0.23, -8.88, -4.90, 6.52
-0.18, -0.87, -0.20, -7.72, 3.23, 4.18
-0.19, -0.89, -0.19, -8.05, 4.81, 3.18
-0.19, -0.90, -0.19, -8.10, 3.89, 1.65
-0.18, -0.91, -0.20, -9.36, -3.48, -1.13
-0.17, -0.91, -0.21, -8.68, -7.68, -1.25
-0.15, -0.91, -0.20, -9.27, -11.75, -2.71
-0.15, -0.91, -0.18, -10.84, -11.51, -4.55
-0.16, -0.92, -0.18, -14.01, -8.10, -5.01
-0.18, -0.93, -0.17, -16.33, -3.26, -6.79
-0.17, -0.92, -0.17, -17.66, -3.46, -6.03
-0.15, -0.89, -0.17, -16.74, -7.26, -6.87
-0.12, -0.87, -0.20, -14.26, -9.25, -6.04
-0.11, -0.87, -0.24, -9.98, -10.25, -3.11
-0.12, -0.86, -0.25, -6.00, -13.49, -2.03
-0.10, -0.86, -0.25, -2.99, -20.93, -1.67
-0.09, -0.85, -0.24, -1.21, -25.24, -0.14
-0.11, -0.84, -0.21, 0.07, -24.31, 2.00
-0.14, -0.85, -0.15, -3.13, -19.44, 2.07
-0.17, -0.87, -0.11, -5.12, -12.30, 3.53
-0.19, -0.88, -0.13, -6.25, -7.94, 2.45
-0.20, -0.88, -0.16, -5.30, -7.39, 1.00
-0.20, -0.87, -0.18, -3.62, -3.65, -1.75
-0.19, -0.88, -0.16, -1.71, 2.59, -4.45
-0.22, -0.91, -0.13, -3.60, 13.99, -4.11
-0.22, -0.94, -0.13, -6.37, 19.30, -5.73
-0.18, -0.95, -0.15, -9.14, 13.55, -5.71
-0.13, -0.93, -0.14, -9.38, 6.14, -6.13
-0.10, -0.90, -0.14, -10.76, 2.46, -5.46
-0.13, -0.88, -0.15, -9.00, 5.42, -4.90
-0.16, -0.87, -0.17, -9.08, 8.62, -4.05
-0.16, -0.86, -0.15, -10.64, 10.12, -3.89
-0.16, -0.86, -0.12, -10.29, 13.75, -3.75
-0.18, -0.86, -0.16, -10.28, 20.15, -1.27
-0.17, -0.86, -0.20, -7.29, 17.62, 1.61
-0.14, -0.85, -0.21, -6.54, 15.32, 2.76
-0.12, -0.84, -0.18, -6.20, 12.77, 6.28
-0.12, -0.84, -0.13, -5.44, 9.98, 5.91
-0.15, -0.86, -0.11, -7.15, 14.64, 4.50
-0.18, -0.90, -0.09, -10.15, 19.09, 3.37
-0.17, -0.93, -0.07, -11.44, 21.61, 2.96
-0.16, -0.94, -0.09, -14.11, 23.20, 1.46
-0.14, -0.95, -0.12, -15.44, 20.46, -0.37
-0.13, -0.95, -0.12, -17.62, 17.56, -2.33
-0.13, -0.94, -0.11, -20.21, 15.45, -5.48
-0.13, -0.95, -0.10, -25.05, 16.03, -9.00
-0.15, -0.96, -0.08, -28.60, 18.42, -9.64
-0.15, -0.96, -0.10, -31.96, 14.89, -11.15
-0.11, -0.95, -0.14, -34.11, 10.58, -9.97
-0.07, -0.90, -0.15, -34.53, 0.60, -8.89
-0.06, -0.88, -0.14, -36.34, -2.98, -8.99
-0.09, -0.90, -0.18, -32.25, 1.92, -8.46
-0.12, -0.90, -0.22, -31.02, 8.71, -8.33
-0.12, -0.87, -0.20, -30.36, 12.69, -8.85
-0.10, -0.86, -0.19, -30.43, 10.97, -7.00
-0.09, -0.85, -0.17, -30.73, 5.92, -6.18
-0.11, -0.85, -0.22, -25.44, 8.44, -5.31
-0.14, -0.84, -0.22, -25.60, 3.63, -4.17
-0.11, -0.84, -0.19, -23.09, -5.78, -2.50
-0.08, -0.85, -0.21, -22.72, -15.25, 0.80
-0.06, -0.85, -0.22, -21.78, -22.20, 5.48
-0.06, -0.83, -0.23, -19.88, -30.77, 11.20
-0.06, -0.81, -0.29, -16.31, -43.76, 17.49
-0.06, -0.79, -0.32, -12.21, -55.45, 22.79
-0.09, -0.78, -0.33, 0.16, -64.00, 23.58
-0.13, -0.77, -0.41, 13.36, -60.95, 25.02
-0.13, -0.78, -0.42, 18.24, -51.99, 21.74
-0.19, -0.82, -0.33, 22.60, -30.81, 21.68
-0.26, -0.88, -0.28, 23.11, -3.35, 23.56
-0.24, -0.97, -0.15, 16.74, 11.16, 18.67
-0.28, -1.04, -0.05, 10.69, 32.56, 10.46
-0.38, -1.06, 0.02, -0.05, 45.72, -2.25
-0.40, -1.11, 0.07, -10.29, 46.86, -15.76
-0.36, -1.14, 0.08, -28.25, 46.10, -25.70
-0.29, -1.08, 0.05, -34.43, 46.70, -28.69
-0.13, -0.98, -0.07, -37.94, 38.90, -27.13
-0.05, -0.90, -0.14, -39.74, 30.23, -20.31
0.04, -0.82, -0.19, -38.98, 13.47, -8.82
0.08, -0.74, -0.23, -33.75, -10.42, 3.64
0.10, -0.69, -0.28, -26.31, -37.18, 14.76
0.09, -0.66, -0.31, -16.50, -53.26, 21.86
0.02, -0.66, -0.30, -3.06, -64.00, 23.74
-0.12, -0.67, -0.38, 15.20, -56.99, 24.22
-0.24, -0.68, -0.41, 22.11, -26.87, 17.76
-0.35, -0.73, -0.18, 23.25, -0.19, 15.16
-0.41, -0.84, -0.03, 20.70, 35.53, 6.89
-0.43, -1.01, 0.00, 11.07, 63.43, -1.17
-0.41, -1.10, 0.03, 1.39, 64.00, -7.30
-0.32, -1.14, 0.04, -8.94, 59.03, -19.38
-0.26, -1.13, 0.05, -22.65, 46.58, -24.99
-0.18, -1.08, 0.06, -34.19, 32.69, -27.31
-0.08, -1.03, -0.00, -43.12, 23.78, -23.85
-0.03, -0.95, -0.11, -45.61, 11.08, -15.54
-0.02, -0.84, -0.22, -42.19, -3.38, -6.66
0.01, -0.74, -0.33, -31.08, -20.85, 0.64
0.03, -0.68, -0.39, -18.74, -38.71, 11.50
0.05, -0.69, -0.36, -9.95, -51.69, 14.93
-0.01, -0.73, -0.35, 3.52, -55.72, 18.62
-0.13, -0.76, -0.43, 13.11, -37.82, 19.10
-0.19, -0.78, -0.32, 11.71, -9.93, 12.18
-0.33, -0.82, -0.13, 6.60, 15.39, 12.94
-0.37, -0.91, -0.04, -2.08, 42.05, 5.36
-0.36, -1.00, -0.03, -6.33, 62.63, 0.54
-0.37, -1.04, -0.05, -7.78, 64.00, -4.34
-0.28, -1.08, -0.09, -10.30, 59.96, -12.80
-0.24, -1.10, -0.03, -18.91, 63.90, -25.46
-0.28, -1.09, 0.02, -29.65, 64.00, -33.11
-0.26, -1.04, -0.04, -39.21, 64.00, -33.21
-0.16, -0.95, -0.06, -46.62, 53.75, -30.07
-0.03, -0.83, -0.13, -43.50, 26.89, -20.14
0.10, -0.74, -0.26, -35.62, -0.85, -9.33
0.12, -0.66, -0.37, -22.30, -29.61, 1.61
0.11, -0.63, -0.36, -13.58, -46.82, 11.58
0.08, -0.67, -0.29, -3.52, -52.14, 14.53
-0.04, -0.71, -0.30, 3.46, -40.27, 18.78
-0.12, -0.75, -0.29, 8.40, -21.90, 22.23
-0.17, -0.78, -0.24, 13.03, 3.77, 18.59
-0.25, -0.83, -0.21, 13.16, 28.46, 9.80
-0.36, -0.92, -0.12, 9.72, 51.48, 0.34
-0.35, -1.05, -0.05, 2.42, 60.54, -6.40
-0.26, -1.13, -0.04, -3.82, 59.66, -11.94
-0.17, -1.14, -0.00, -18.01, 56.22, -20.24
-0.15, -1.11, 0.06, -30.46, 46.21, -25.74
-0.16, -1.06, 0.03, -46.55, 29.04, -29.23
-0.13, -1.00, -0.07, -50.89, 18.98, -22.01
-0.02, -0.89, -0.18, -47.39, 1.88, -17.85
0.09, -0.78, -0.29, -36.29, -14.27, -6.09
0.13, -0.69, -0.41, -21.88, -36.76, 6.69
0.17, -0.66, -0.41, -12.08, -56.77, 17.07
0.13, -0.68, -0.34, -0.44, -64.00, 20.67
-0.02, -0.71, -0.41, 14.00, -64.00, 27.06
-0.09, -0.74, -0.41, 16.36, -56.53, 25.44
-0.14, -0.79, -0.20, 9.47, -31.66, 23.55
-0.26, -0.84, -0.04, 8.99, 5.35, 18.20
-0.37, -0.93, -0.10, 3.92, 33.97, 12.66
-0.37, -1.04, -0.07, -0.55, 45.50, 2.94
-0.30, -1.11, -0.05, -6.51, 41.94, -7.79
-0.25, -1.13, -0.02, -16.68, 36.55, -21.62
-0.27, -1.12, 0.07, -35.74, 31.13, -28.62
-0.26, -1.08, 0.06, -43.27, 26.72, -29.88
-0.13, -0.99, -0.10, -46.84, 14.47, -27.63
-0.03, -0.87, -0.24, -41.21, -1.14, -18.87
0.05, -0.74, -0.34, -29.65, -14.51, -8.57
0.07, -0.67, -0.42, -18.46, -29.02, 3.81
0.10, -0.66, -0.39, -9.70, -44.85, 13.14
0.06, -0.69, -0.34, 2.59, -55.11, 20.11
-0.02, -0.72, -0.43, 13.63, -52.10, 24.64
-0.10, -0.74, -0.36, 11.70, -32.53, 25.88
-0.17, -0.79, -0.14, 13.23, -10.48, 23.86
-0.29, -0.85, -0.15, 13.26, 27.57, 14.58
-0.41, -0.95, -0.13, 6.50, 54.29, 5.46
-0.40, -1.05, 0.01, 1.73, 64.00, -3.55
-0.32, -1.11, -0.01, -3.72, 64.00, -13.40
-0.22, -1.14, 0.00, -21.00, 55.26, -22.00
-0.19, -1.10, 0.11, -36.71, 40.91, -26.72
-0.16, -1.02, 0.06, -44.88, 32.26, -25.28
-0.06, -0.93, -0.12, -45.15, 12.99, -17.01
0.05, -0.82, -0.23, -37.69, -11.52, -10.45
0.07, -0.72, -0.32, -24.70, -28.95, -2.54
0.06, -0.68, -0.39, -15.44, -42.37, 7.96
0.06, -0.71, -0.31, -10.12, -55.88, 12.58
-0.02, -0.75, -0.28, -1.01, -52.54, 18.82
-0.08, -0.77, -0.32, 2.66, -48.06, 20.78
-0.13, -0.80, -0.27, 6.43, -33.34, 20.50
-0.21, -0.82, -0.25, 9.15, -8.02, 17.54
-0.27, -0.85, -0.21, 11.27, 20.33, 8.98
-0.36, -0.92, -0.15, 7.55, 51.32, 3.36
-0.35, -1.03, -0.04, -2.83, 63.18, -5.94
-0.30, -1.12, 0.00, -12.22, 64.00, -12.41
-0.22, -1.17, 0.00, -27.21, 46.80, -22.58
-0.20, -1.14, 0.14, -49.04, 30.06, -31.06
-0.18, -1.06, 0.07, -49.59, 32.11, -30.78
-0.11, -0.96, -0.18, -50.81, 28.95, -26.93
-0.01, -0.84, -0.28, -41.18, 20.39, -15.85
0.11, -0.71, -0.38, -25.39, -0.47, -3.95
0.17, -0.64, -0.49, -10.41, -20.59, 9.71
0.14, -0.63, -0.42, -2.88, -46.51, 15.61
0.04, -0.69, -0.30, 4.39, -62.23, 20.60
-0.05, -0.78, -0.32, 7.54, -59.19, 24.02
-0.09, -0.82, -0.24, 4.54, -46.79, 21.19
-0.18, -0.83, -0.15, 8.94, -19.78, 19.97
-0.27, -0.85, -0.20, 8.29, 11.20, 16.49
-0.30, -0.92, -0.21, 9.16, 28.81, 9.19
-0.30, -0.99, -0.11, 6.10, 43.32, 1.39
-0.30, -1.08, -0.00, -4.91, 55.97, -11.08
-0.32, -1.15, 0.07, -20.37, 51.10, -22.10
-0.30, -1.15, 0.14, -42.64, 40.34, -31.29
-0.23, -1.08, 0.11, -48.71, 33.19, -32.83
-0.11, -0.97, -0.09, -49.12, 25.55, -30.54
-0.02, -0.86, -0.26, -43.79, 18.60, -20.75
0.08, -0.75, -0.33, -31.20, 4.74, -8.27
0.14, -0.66, -0.41, -16.02, -11.63, 5.57
0.16, -0.63, -0.45, -6.68, -35.20, 17.96
0.11, -0.67, -0.33, -1.64, -56.09, 19.68
-0.04, -0.76, -0.29, 9.15, -54.16, 24.81
-0.12, -0.80, -0.35, 13.31, -47.74, 25.54
-0.13, -0.81, -0.30, 16.11, -28.33, 21.05
-0.20, -0.84, -0.17, 13.03, 2.08, 20.17
-0.29, -0.90, -0.11, 10.51, 32.53, 12.81
-0.34, -1.00, -0.06, 4.59, 55.98, 6.51
-0.31, -1.08, -0.02, -4.28, 59.58, -2.14
-0.24, -1.13, 0.00, -14.27, 48.25, -12.27
-0.22, -1.12, 0.07, -33.00, 34.82, -23.67
-0.23, -1.06, 0.12, -44.96, 35.63, -26.01
-0.18, -0.98, -0.07, -43.99, 31.38, -23.99
-0.07, -0.88, -0.26, -41.16, 23.35, -16.35
0.06, -0.77, -0.32, -30.21, 1.55, -7.07
0.12, -0.69, -0.38, -14.50, -14.26, 4.59
0.12, -0.66, -0.42, -6.78, -35.84, 16.66
0.08, -0.72, -0.29, -1.97, -49.02, 17.97
-0.03, -0.78, -0.26, 2.86, -38.60, 24.69
-0.12, -0.81, -0.25, 4.56, -33.21, 24.56
-0.16, -0.81, -0.22, 9.30, -15.25, 20.43
-0.25, -0.82, -0.20, 6.44, 12.17, 16.76
-0.33, -0.85, -0.12, 1.25, 33.94, 14.05
-0.31, -0.89, -0.04, 1.49, 42.72, 10.44
-0.24, -0.94, -0.08, -3.99, 40.80, 6.74
-0.19, -0.99, -0.12, -8.38, 29.15, 5.60
-0.17, -1.00, -0.12, -15.20, 17.92, 1.28
-0.16, -0.98, -0.09, -17.63, 10.78, -0.17
-0.15, -0.97, -0.12, -18.48, 10.85, -2.07
-0.15, -0.96, -0.17, -17.41, 13.12, -5.15
-0.17, -0.95, -0.18, -18.12, 16.76, -6.21
-0.17, -0.94, -0.18, -18.83, 16.80, -8.46
-0.14, -0.93, -0.18, -21.40, 17.19, -10.32
-0.14, -0.92, -0.18, -21.86, 21.63, -10.81
-0.14, -0.91, -0.18, -24.79, 25.03, -11.61
-0.10, -0.90, -0.18, -23.98, 19.02, -10.41
-0.06, -0.89, -0.20, -22.54, 11.63, -8.41
-0.06, -0.89, -0.21, -22.14, 7.76, -8.38
-0.11, -0.88, -0.17, -24.44, 11.48, -10.25
-0.17, -0.90, -0.14, -25.85, 18.01, -8.25
-0.17, -0.91, -0.17, -25.73, 19.01, -11.29
-0.14, -0.91, -0.19, -27.13, 15.90, -10.36
-0.10, -0.89, -0.17, -29.19, 8.76, -9.43
-0.10, -0.89, -0.18, -28.12, 3.31, -9.20
-0.12, -0.87, -0.23, -25.37, 7.70, -10.62
-0.16, -0.85, -0.25, -24.67, 15.71, -11.74
-0.16, -0.86, -0.25, -22.05, 20.26, -10.45
-0.11, -0.85, -0.25, -23.50, 18.81, -9.85
-0.06, -0.85, -0.23, -22.34, 11.98, -7.84
-0.05, -0.85, -0.24, -18.94, 8.91, -6.10
-0.06, -0.84, -0.29, -14.44, 8.57, -4.44
-0.08, -0.84, -0.28, -12.02, 13.34, -6.59
-0.11, -0.86, -0.24, -13.70, 17.78, -5.41
-0.09, -0.88, -0.22, -16.31, 17.89, -5.34
-0.07, -0.89, -0.21, -16.46, 20.96, -6.47
-0.07, -0.88, -0.23, -15.96, 27.88, -6.68
-0.09, -0.88, -0.27, -13.42, 38.09, -5.96
-0.10, -0.89, -0.27, -14.59, 42.98, -8.59
-0.08, -0.91, -0.23, -13.32, 36.90, -7.74
-0.05, -0.90, -0.26, -13.32, 32.93, -9.59
-0.07, -0.89, -0.23, -13.91, 33.96, -9.71
-0.08, -0.91, -0.21, -17.79, 28.24, -7.96
0.00, -0.93, -0.17, -19.20, 16.97, -9.60
0.00, -0.93, -0.17, -20.02, 20.22, -10.06
-0.06, -0.91, -0.23, -22.96, 16.34, -11.63
-0.04, -0.90, -0.23, -22.39, 9.41, -9.12
0.04, -0.89, -0.26, -19.41, 12.06, -3.87
0.05, -0.86, -0.28, -19.54, 8.56, -1.60
0.02, -0.85, -0.24, -19.43, 0.65, 1.13
0.02, -0.84, -0.22, -18.69, -8.78, 2.25
0.03, -0.85, -0.24, -17.20, -18.24, 4.10
-0.00, -0.86, -0.25, -16.98, -22.79, 5.08
-0.00, -0.86, -0.28, -14.72, -14.62, 9.50
-0.01, -0.86, -0.30, -13.56, -8.36, 7.11
-0.10, -0.86, -0.30, -14.71, -1.57, 5.71
-0.14, -0.89, -0.22, -15.63, -4.80, 6.94
-0.10, -0.89, -0.28, -11.71, -10.07, 7.16
-0.09, -0.86, -0.33, -11.06, -17.12, 4.50
-0.08, -0.86, -0.32, -6.38, -26.63, 7.33
-0.06, -0.86, -0.38, 2.27, -39.09, 8.50
-0.05, -0.82, -0.49, 15.93, -50.24, 14.69
-0.01, -0.78, -0.55, 26.56, -64.00, 21.47
0.08, -0.79, -0.47, 24.41, -62.58, 28.45
0.17, -0.85, -0.11, 10.37, -51.79, 22.12
-0.15, -0.91, 0.08, 3.16, 7.60, 22.41
-0.43, -0.94, -0.17, 3.66, 64.00, 18.96
-0.39, -1.00, -0.22, -1.68, 63.50, 4.74
-0.23, -1.07, -0.07, -7.38, 37.48, -2.92
-0.15, -1.08, -0.03, -11.79, 20.61, -14.25
-0.20, -1.08, -0.03, -20.20, 35.63, -26.19
-0.23, -1.10, -0.03, -30.60, 47.92, -31.42
-0.13, -1.05, -0.08, -36.49, 44.97, -29.20
0.01, -0.94, -0.18, -37.30, 22.87, -21.79
0.09, -0.82, -0.25, -34.68, -5.08, -14.50
0.12, -0.74, -0.31, -27.30, -29.45, -3.05
0.14, -0.68, -0.33, -20.15, -45.15, 5.14
0.11, -0.66, -0.33, -5.63, -55.29, 14.36
0.03, -0.65, -0.43, 10.30, -62.35, 21.56
-0.01, -0.65, -0.51, 25.39, -64.00, 23.80
-0.02, -0.69, -0.40, 20.44, -40.13, 20.00
-0.13, -0.79, 0.02, 3.43, 2.44, 13.86
-0.36, -0.91, 0.12, 4.91, 44.50, 19.13
-0.32, -1.01, -0.19, 2.59, 48.51, 10.70
-0.18, -1.06, -0.21, 4.21, 44.65, 1.40
-0.15, -1.07, -0.11, -0.50, 37.28, -10.67
-0.22, -1.12, -0.03, -17.54, 34.66, -20.99
-0.25, -1.17, 0.04, -31.47, 37.80, -27.63
-0.19, -1.13, -0.01, -40.34, 36.95, -30.51
-0.08, -1.03, -0.16, -42.28, 24.67, -24.70
0.03, -0.92, -0.24, -43.14, 2.50, -20.31
0.09, -0.82, -0.27, -35.31, -16.39, -12.02
0.11, -0.75, -0.35, -27.58, -29.93, 0.01
0.12, -0.71, -0.38, -21.98, -36.27, 7.09
0.10, -0.69, -0.30, -13.39, -38.79, 13.71
0.02, -0.68, -0.37, -0.54, -33.38, 20.51
-0.02, -0.69, -0.42, 8.45, -24.00, 20.09
-0.09, -0.70, -0.31, 9.41, -16.65, 18.86
-0.17, -0.77, -0.16, 4.75, 2.07, 22.82
-0.18, -0.87, -0.05, 2.15, 4.82, 17.94
-0.19, -0.97, -0.14, 3.54, 16.77, 13.02
-0.22, -1.02, -0.19, 0.58, 23.98, 3.96
-0.23, -1.05, -0.14, -0.24, 34.35, -3.33
-0.22, -1.06, -0.11, -7.38, 40.90, -9.01
-0.19, -1.09, -0.06, -14.20, 35.53, -13.70
-0.14, -1.10, -0.01, -25.46, 23.03, -21.81
-0.13, -1.06, -0.03, -33.56, 21.72, -26.56
-0.13, -0.99, -0.12, -39.88, 20.06, -25.11
-0.10, -0.91, -0.16, -44.28, 8.79, -21.12
-0.02, -0.81, -0.20, -39.62, -10.25, -13.64
0.05, -0.73, -0.29, -30.88, -24.12, -6.70
0.08, -0.70, -0.35, -22.55, -32.93, 4.19
0.11, -0.69, -0.36, -9.89, -40.89, 14.64
0.10, -0.69, -0.46, 8.52, -46.16, 22.34
0.05, -0.69, -0.54, 19.44, -40.88, 24.62
-0.04, -0.73, -0.39, 18.16, -20.35, 24.00
-0.16, -0.81, -0.10, 8.29, 10.14, 20.44
-0.33, -0.92, 0.03, 2.63, 36.59, 16.40
-0.34, -1.01, -0.09, -1.25, 41.26, 8.08
-0.22, -1.06, -0.18, 0.20, 32.58, -0.70
-0.15, -1.07, -0.14, -4.65, 27.76, -8.59
-0.17, -1.09, -0.03, -17.65, 26.97, -16.94
-0.20, -1.12, 0.04, -29.52, 28.73, -23.93
-0.15, -1.09, -0.02, -37.65, 25.53, -26.78
-0.08, -1.00, -0.13, -40.85, 15.14, -24.04
-0.03, -0.90, -0.20, -42.15, 1.26, -18.37
0.02, -0.81, -0.26, -34.61, -16.44, -10.82
0.07, -0.72, -0.35, -25.51, -25.69, -2.68
0.08, -0.70, -0.33, -19.47, -27.76, 5.66
0.06, -0.70, -0.33, -6.57, -21.37, 14.74
0.05, -0.70, -0.43, 3.48, -12.88, 19.05
0.01, -0.71, -0.43, 11.55, -7.35, 19.21
-0.08, -0.74, -0.33, 15.57, 6.28, 20.64
-0.16, -0.79, -0.23, 11.98, 18.49, 19.75
-0.20, -0.89, -0.09, 6.34, 21.61, 18.21
-0.19, -0.99, -0.10, 3.55, 16.34, 11.18
-0.17, -1.04, -0.13, 1.26, 16.53, 4.73
-0.19, -1.06, -0.09, -2.60, 21.23, -4.58
-0.22, -1.09, -0.06, -10.20, 23.52, -10.38
-0.21, -1.10, -0.02, -21.37, 23.24, -18.78
-0.18, -1.07, -0.02, -28.88, 17.27, -23.89
-0.12, -1.00, -0.09, -35.73, 12.21, -23.36
-0.07, -0.94, -0.12, -41.12, -1.12, -22.39
-0.03, -0.87, -0.15, -40.60, -12.79, -17.56
-0.01, -0.80, -0.23, -35.81, -18.35, -9.85
0.01, -0.74, -0.32, -28.47, -15.92, -1.82
0.05, -0.70, -0.35, -17.52, -15.67, 7.47
0.10, -0.69, -0.41, -1.31, -21.30, 18.07
0.11, -0.70, -0.49, 8.32, -24.37, 25.58
0.05, -0.73, -0.41, 14.97, -14.59, 23.45
-0.11, -0.78, -0.24, 13.29, 13.27, 21.35
-0.27, -0.87, -0.12, 6.39, 26.25, 18.26
-0.28, -0.98, -0.09, 1.32, 26.44, 15.76
-0.19, -1.03, -0.13, -0.95, 21.84, 6.55
-0.18, -1.04, -0.10, -2.79, 23.42, -4.17
-0.22, -1.06, -0.03, -11.29, 25.75, -11.74
-0.24, -1.11, 0.02, -22.44, 26.40, -22.81
-0.21, -1.10, -0.00, -30.30, 28.77, -29.87
-0.16, -1.01, -0.05, -36.39, 25.10, -31.92
-0.08, -0.95, -0.13, -39.80, 12.70, -26.03
0.03, -0.88, -0.19, -39.67, -6.07, -19.24
0.08, -0.79, -0.26, -33.48, -17.38, -8.59
0.11, -0.72, -0.34, -25.51, -20.31, 3.68
0.14, -0.69, -0.38, -12.95, -23.16, 15.22
0.13, -0.68, -0.44, 2.93, -30.81, 23.65
0.06, -0.69, -0.50, 14.34, -28.21, 29.62
-0.00, -0.72, -0.38, 16.29, -13.80, 28.78
-0.14, -0.78, -0.11, 12.50, 13.90, 21.60
-0.31, -0.89, -0.02, 6.00, 35.44, 16.44
-0.32, -1.01, -0.07, 2.04, 39.94, 8.31
-0.23, -1.06, -0.10, -0.53, 35.06, -2.44
-0.19, -1.06, -0.04, -7.74, 23.49, -12.99
-0.20, -1.09, 0.03, -20.47, 21.87, -20.87
-0.19, -1.09, 0.04, -29.55, 21.44, -27.95
-0.15, -1.04, -0.02, -37.33, 19.42, -31.55
-0.10, -1.00, -0.15, -38.96, 18.19, -29.79
-0.04, -0.94, -0.23, -41.37, 15.62, -24.02
0.02, -0.85, -0.25, -37.25, 5.75, -13.85
0.07, -0.76, -0.33, -27.80, 1.22, -4.87
0.12, -0.71, -0.38, -17.01, -2.84, 8.46
0.17, -0.70, -0.39, -6.31, -13.18, 17.29
0.13, -0.69, -0.41, 5.59, -16.68, 22.18
0.02, -0.71, -0.40, 10.50, -9.98, 23.38
-0.11, -0.74, -0.30, 11.69, 7.53, 21.65
-0.18, -0.80, -0.18, 7.69, 25.23, 18.91
-0.23, -0.91, -0.09, -0.23, 33.69, 15.41
-0.21, -1.01, -0.10, -3.20, 36.40, 10.72
-0.16, -1.07, -0.12, -5.20, 32.18, 1.71
-0.15, -1.08, -0.11, -7.79, 30.52, -6.36
-0.16, -1.09, -0.04, -14.36, 25.97, -15.41
-0.16, -1.10, -0.01, -21.76, 24.13, -24.05
-0.17, -1.07, -0.05, -30.81, 25.81, -34.50
-0.19, -1.01, -0.07, -38.14, 30.92, -37.94
-0.14, -0.95, -0.13, -43.25, 33.90, -35.46
-0.02, -0.89, -0.23, -43.78, 25.15, -22.83
0.10, -0.78, -0.30, -36.67, 11.45, -4.71
0.26, -0.68, -0.43, -21.71, -13.62, 15.64
0.38, -0.61, -0.48, -5.24, -49.36, 22.60
0.24, -0.62, -0.42, 5.85, -59.41, 25.98
-0.03, -0.70, -0.38, 11.57, -37.54, 27.05
-0.20, -0.77, -0.28, 9.96, -1.67, 22.96
-0.27, -0.83, -0.13, 6.37, 23.27, 18.37
-0.27, -0.93, -0.08, 2.96, 34.58, 13.33
-0.22, -1.01, -0.12, -2.26, 28.83, 7.17
-0.16, -1.08, -0.13, -3.28, 29.97, -4.08
-0.16, -1.09, -0.11, -6.54, 35.87, -13.39
-0.18, -1.11, -0.06, -16.82, 35.21, -20.08
-0.12, -1.11, -0.01, -26.21, 23.96, -26.62
-0.08, -1.07, -0.03, -33.08, 16.16, -34.05
-0.08, -1.02, -0.11, -39.45, 26.16, -33.69
-0.05, -0.94, -0.22, -42.17, 27.43, -27.60
0.04, -0.83, -0.24, -40.04, 14.40, -12.59
0.17, -0.73, -0.33, -25.90, -9.16, 3.57
0.30, -0.65, -0.45, -13.63, -35.76, 17.02
0.27, -0.63, -0.41, -1.27, -61.03, 17.99
0.06, -0.69, -0.35, 4.06, -49.94, 19.55
-0.15, -0.77, -0.30, 7.26, -18.73, 16.04
-0.25, -0.81, -0.25, 6.77, 14.73, 13.45
-0.23, -0.87, -0.20, 2.80, 32.60, 12.69
-0.16, -0.94, -0.16, 2.06, 33.71, 9.44
-0.09, -1.00, -0.18, 0.83, 27.71, 4.77
-0.08, -1.05, -0.14, -1.75, 25.38, -3.53
-0.13, -1.09, -0.08, -8.90, 29.89, -12.35
-0.17, -1.11, 0.00, -20.04, 30.31, -22.77
-0.15, -1.10, 0.02, -29.92, 28.43, -27.13
-0.09, -1.06, -0.03, -37.67, 30.44, -31.64
-0.02, -0.99, -0.13, -43.41, 30.65, -29.09
0.02, -0.89, -0.18, -45.89, 27.13, -20.12
0.14, -0.80, -0.25, -36.48, 10.37, -2.87
0.25, -0.70, -0.39, -21.60, -23.52, 7.94
0.27, -0.63, -0.44, -9.92, -47.69, 14.00
0.14, -0.65, -0.33, -4.99, -57.56, 13.39
-0.10, -0.73, -0.23, -4.73, -35.02, 10.25
-0.25, -0.81, -0.26, -1.48, 2.75, 9.81
-0.21, -0.83, -0.31, 2.24, 19.72, 9.88
-0.07, -0.86, -0.31, 5.59, 21.55, 11.98
-0.01, -0.93, -0.28, 5.07, 21.93, 10.80
-0.03, -1.01, -0.23, 2.27, 25.01, 5.90
-0.10, -1.07, -0.16, -3.84, 33.84, -1.95
-0.16, -1.11, -0.09, -11.01, 38.29, -9.76
-0.16, -1.12, -0.03, -22.31, 33.17, -17.61
-0.10, -1.10, 0.02, -34.21, 20.02, -22.29
-0.02, -1.06, -0.00, -41.58, 10.36, -23.76
0.07, -0.98, -0.11, -41.08, 11.95, -17.56
0.14, -0.86, -0.29, -33.69, 4.47, -9.15
0.17, -0.75, -0.32, -27.28, -16.60, -4.24
0.12, -0.70, -0.28, -18.45, -21.59, 0.20
0.06, -0.70, -0.31, -13.88, -23.07, 9.91
0.04, -0.70, -0.29, -10.51, -32.03, 10.99
0.02, -0.72, -0.25, -7.04, -33.35, 13.47
-0.03, -0.78, -0.34, 3.38, -23.98, 17.81
-0.04, -0.80, -0.43, 7.89, -13.30, 18.36
-0.03, -0.84, -0.35, 9.98, -8.17, 18.66
-0.06, -0.93, -0.22, 6.19, 6.08, 16.26
-0.16, -1.02, -0.21, 1.68, 26.58, 10.99
-0.22, -1.06, -0.18, -3.68, 37.54, 4.02
-0.19, -1.08, -0.11, -11.10, 33.56, -4.45
-0.17, -1.10, -0.00, -18.61, 29.93, -12.53
-0.17, -1.09, 0.01, -27.88, 24.36, -22.40
-0.11, -1.05, -0.04, -33.91, 22.17, -25.23
0.01, -0.98, -0.14, -37.89, 23.00, -23.52
0.10, -0.88, -0.23, -37.30, 10.46, -12.70
0.18, -0.76, -0.29, -27.78, -10.92, -0.50
0.23, -0.70, -0.32, -21.83, -32.50, 10.06
0.21, -0.69, -0.32, -13.16, -47.49, 14.63
0.07, -0.69, -0.30, -6.37, -53.97, 12.80
-0.09, -0.73, -0.33, -0.84, -39.51, 16.86
-0.11, -0.78, -0.35, 1.86, -24.57, 20.83
-0.02, -0.82, -0.26, 0.52, -22.67, 21.22
0.00, -0.89, -0.20, 4.68, -2.84, 17.72
-0.09, -0.95, -0.28, 3.62, 18.57, 16.10
-0.18, -0.99, -0.25, 2.48, 36.38, 11.07
-0.18, -1.03, -0.15, -3.64, 38.90, 3.93
-0.17, -1.07, -0.08, -9.75, 32.18, -3.25
-0.17, -1.08, -0.02, -18.48, 22.77, -13.59
-0.16, -1.07, 0.06, -30.15, 15.25, -22.33
-0.15, -1.05, 0.04, -38.36, 10.13, -30.60
-0.12, -0.99, -0.11, -41.41, 24.19, -31.32
-0.04, -0.90, -0.26, -40.24, 30.33, -21.07
0.12, -0.78, -0.33, -29.28, 8.17, -6.56
0.24, -0.70, -0.41, -18.04, -23.62, 4.09
0.24, -0.66, -0.41, -11.54, -44.94, 14.83
0.13, -0.69, -0.27, -10.63, -59.01, 12.75
-0.07, -0.76, -0.22, -9.75, -44.29, 16.44
-0.15, -0.79, -0.31, -4.44, -18.82, 18.03
-0.10, -0.80, -0.31, -1.24, -7.11, 15.83
-0.08, -0.85, -0.28, 4.22, 11.43, 14.81
-0.11, -0.94, -0.30, 4.88, 28.67, 11.23
-0.15, -0.99, -0.25, 4.75, 45.94, 6.59
-0.16, -1.03, -0.17, 1.11, 50.95, -0.88
-0.15, -1.09, -0.12, -8.21, 40.41, -7.36
-0.12, -1.12, -0.05, -17.61, 26.27, -14.33
-0.08, -1.09, 0.01, -29.99, 19.96, -19.44
-0.06, -1.04, -0.02, -36.68, 25.68, -22.43
-0.02, -0.96, -0.11, -39.46, 23.64, -18.25
0.08, -0.87, -0.22, -36.00, 5.03, -8.45
0.18, -0.77, -0.32, -24.15, -24.16, -2.25
0.16, -0.71, -0.35, -16.53, -36.84, 5.45
0.10, -0.70, -0.35, -9.88, -38.37, 11.91
0.03, -0.70, -0.32, -2.94, -39.37, 12.90
-0.07, -0.73, -0.32, -0.47, -22.33, 16.75
-0.09, -0.79, -0.25, 1.23, -10.88, 15.35
-0.10, -0.83, -0.24, 4.33, 2.85, 15.94
-0.10, -0.87, -0.28, 7.46, 16.77, 13.39
-0.13, -0.93, -0.26, 5.73, 23.59, 10.19
-0.14, -0.99, -0.19, 3.33, 25.70, 6.28
-0.13, -1.06, -0.13, -5.23, 22.88, -1.80
-0.14, -1.11, -0.04, -13.75, 22.85, -10.44
-0.16, -1.11, 0.00, -22.59, 21.34, -17.71
-0.13, -1.07, -0.04, -29.57, 23.79, -21.34
-0.07, -1.01, -0.12, -33.31, 20.84, -21.13
0.01, -0.91, -0.18, -34.89, 4.19, -17.45
0.09, -0.83, -0.23, -31.64, -14.81, -8.37
0.13, -0.77, -0.29, -24.73, -27.11, 0.14
0.12, -0.72, -0.37, -15.45, -31.42, 8.68
0.10, -0.68, -0.40, -6.36, -37.34, 14.10
0.03, -0.70, -0.31, -1.40, -39.50, 16.37
-0.08, -0.77, -0.33, 5.43, -24.32, 20.79
-0.09, -0.82, -0.30, 3.68, -12.19, 17.34
-0.12, -0.86, -0.20, 4.44, 5.15, 14.45
-0.18, -0.91, -0.20, 3.67, 27.48, 11.20
-0.23, -0.98, -0.21, 0.78, 39.76, 5.66
-0.19, -1.02, -0.16, -1.50, 38.30, 0.99
-0.14, -1.05, -0.13, -6.90, 32.62, -5.18
-0.14, -1.06, -0.05, -14.37, 27.43, -12.53
-0.14, -1.07, -0.00, -23.54, 23.90, -18.29
-0.11, -1.00, -0.06, -31.56, 25.44, -20.96
-0.04, -0.95, -0.13, -34.71, 26.38, -16.11
0.03, -0.82, -0.17, -35.91, 16.58, -10.63
0.08, -0.77, -0.21, -31.37, 4.81, 0.58
0.14, -0.73, -0.29, -22.93, -11.91, 8.36
0.14, -0.72, -0.33, -14.65, -28.71, 11.59
0.09, -0.75, -0.32, -7.53, -36.75, 14.87
0.03, -0.80, -0.29, -1.41, -31.03, 14.28
-0.05, -0.84, -0.31, 2.62, -14.29, 14.38
-0.07, -0.88, -0.29, 4.85, -2.17, 12.74
-0.08, -0.93, -0.25, 5.85, 9.57, 8.48
-0.11, -0.97, -0.24, 3.78, 18.06, 6.46
-0.16, -1.00, -0.18, -0.89, 21.00, -0.03
-0.16, -1.02, -0.12, -5.95, 20.72, -4.51
-0.14, -1.04, -0.07, -13.74, 15.90, -9.30
-0.12, -1.05, -0.02, -20.13, 7.66, -14.41
-0.09, -1.04, -0.04, -29.80, 3.36, -17.61
-0.06, -0.97, -0.09, -34.63, 5.07, -16.30
-0.04, -0.91, -0.17, -36.01, 2.06, -11.46
0.02, -0.81, -0.24, -31.60, -9.22, -2.59
0.09, -0.74, -0.29, -25.12, -27.94, 4.90
0.10, -0.72, -0.31, -18.29, -39.85, 12.90
0.07, -0.72, -0.33, -8.77, -42.34, 15.57
-0.01, -0.73, -0.41, 3.90, -34.57, 20.22
-0.08, -0.73, -0.47, 14.74, -23.88, 23.17
-0.07, -0.77, -0.40, 15.97, -6.25, 20.52
-0.10, -0.85, -0.18, 11.65, 5.12, 14.42
-0.22, -0.95, -0.08, 6.35, 29.51, 12.83
-0.27, -1.03, -0.12, -1.93, 42.63, 6.84
-0.23, -1.06, -0.08, -4.97, 40.14, 0.45
-0.17, -1.06, -0.07, -8.54, 30.26, -6.62
-0.13, -1.08, -0.04, -15.83, 21.88, -14.24
-0.12, -1.07, -0.02, -23.07, 17.75, -20.97
-0.12, -1.03, -0.04, -32.19, 16.84, -24.38
-0.11, -0.94, -0.06, -39.21, 18.41, -26.74
-0.09, -0.91, -0.11, -41.52, 20.35, -22.57
-0.03, -0.84, -0.18, -42.27, 16.82, -13.70
0.09, -0.78, -0.27, -33.46, 1.37, -0.14
0.21, -0.69, -0.38, -20.10, -27.44, 11.05
0.26, -0.68, -0.40, -7.01, -45.45, 20.81
0.16, -0.70, -0.41, 6.03, -48.16, 21.02
-0.03, -0.74, -0.41, 11.33, -27.49, 21.78
-0.13, -0.78, -0.29, 12.81, -8.20, 17.89
-0.20, -0.84, -0.16, 9.49, 7.08, 15.57
-0.21, -0.95, -0.11, 2.01, 18.49, 12.20
-0.20, -1.03, -0.07, -3.73, 22.07, 7.14
-0.18, -1.05, -0.07, -8.85, 20.74, -0.68
-0.16, -1.05, -0.08, -11.15, 19.86, -7.12
-0.14, -1.06, -0.09, -16.06, 12.11, -10.83
-0.11, -1.06, -0.08, -21.88, 0.95, -17.11
-0.10, -1.03, -0.09, -30.15, -3.88, -22.59
-0.14, -0.99, -0.10, -35.08, 3.64, -24.99
-0.16, -0.92, -0.15, -38.28, 14.08, -21.60
-0.09, -0.85, -0.23, -36.43, 20.41, -13.80
0.03, -0.77, -0.31, -28.81, 11.10, -1.99
0.16, -0.70, -0.39, -16.70, -3.64, 12.92
0.23, -0.66, -0.43, -2.91, -23.75, 20.68
0.15, -0.67, -0.43, 6.68, -23.80, 26.87
0.01, -0.71, -0.34, 9.30, -7.06, 28.26
-0.10, -0.76, -0.15, 8.42, 8.71, 25.73
-0.21, -0.85, -0.09, 6.41, 25.80, 21.85
-0.22, -0.94, -0.11, 1.73, 33.22, 16.55
-0.19, -1.01, -0.07, -0.51, 31.49, 9.58
-0.14, -1.05, -0.08, -3.20, 21.29, 4.45
-0.10, -1.10, -0.09, -9.99, 11.47, -3.04
-0.11, -1.12, -0.07, -17.05, 3.75, -10.66
-0.12, -1.09, -0.05, -26.44, 0.25, -13.23
-0.08, -1.03, -0.08, -29.80, -7.56, -14.87
-0.06, -0.97, -0.16, -31.75, -17.63, -14.77
-0.08, -0.91, -0.19, -32.30, -24.64, -18.25
-0.14, -0.86, -0.19, -32.84, -14.27, -15.80
-0.15, -0.84, -0.22, -32.70, -4.25, -10.26
-0.05, -0.80, -0.29, -24.58, -5.01, -0.32
0.09, -0.74, -0.37, -10.62, -17.82, 10.00
0.15, -0.71, -0.46, 1.52, -27.42, 17.64
0.09, -0.73, -0.43, 4.63, -22.85, 19.52
-0.04, -0.78, -0.25, 3.38, -3.28, 19.73
-0.20, -0.81, -0.15, 5.06, 22.73, 16.99
-0.28, -0.87, -0.16, 4.37, 47.86, 14.79
-0.24, -0.93, -0.12, 0.74, 47.16, 9.21
-0.15, -0.98, -0.07, -2.67, 26.80, 6.04
-0.08, -1.03, -0.04, -9.69, 6.83, -2.76
-0.12, -1.07, 0.03, -22.06, 2.02, -10.40
-0.15, -1.06, 0.01, -28.05, 6.12, -10.04
-0.09, -1.00, -0.10, -31.14, -5.89, -10.19
-0.01, -0.93, -0.20, -28.15, -21.21, -8.52
0.00, -0.88, -0.27, -24.65, -28.95, -5.66
-0.03, -0.86, -0.29, -24.35, -28.34, 0.84
-0.01, -0.84, -0.27, -21.09, -30.59, 8.66
0.03, -0.81, -0.34, -11.06, -33.12, 13.71
0.01, -0.77, -0.39, -1.54, -32.09, 15.25
-0.05, -0.77, -0.31, -0.01, -28.81, 16.54
-0.10, -0.81, -0.23, 2.66, -25.34, 14.97
-0.15, -0.84, -0.17, 3.97, -6.92, 14.70
-0.22, -0.87, -0.13, 2.06, 18.91, 11.46
-0.26, -0.92, -0.09, 0.92, 35.48, 6.21
-0.26, -0.98, -0.06, -8.70, 12.38, -0.55
-0.21, -1.02, -0.00, -13.62, 2.54, -4.78
-0.16, -1.02, 0.00, -20.59, -3.25, -11.90
-0.16, -0.99, -0.04, -26.53, -2.33, -12.67
-0.12, -0.95, -0.11, -27.01, -4.46, -12.65
-0.07, -0.88, -0.22, -23.77, -12.54, -10.14
-0.05, -0.85, -0.27, -19.96, -17.55, -4.89
-0.03, -0.83, -0.28, -17.59, -24.49, -0.49
-0.01, -0.83, -0.25, -15.93, -30.05, 4.17
-0.04, -0.82, -0.23, -13.60, -27.67, 7.69
-0.07, -0.82, -0.26, -9.92, -21.16, 14.28
-0.03, -0.82, -0.32, -4.44, -13.71, 15.57
-0.07, -0.81, -0.28, 1.28, -3.22, 14.41
-0.18, -0.83, -0.21, 5.52, 20.13, 14.37
-0.26, -0.88, -0.19, 7.59, 42.21, 8.48
-0.29, -0.96, -0.13, 0.63, 36.45, 1.08
-0.27, -1.01, 0.01, -8.94, 21.46, -7.38
-0.23, -1.04, 0.11, -19.52, 10.67, -11.95
-0.19, -1.02, 0.07, -25.71, 4.64, -17.77
-0.14, -0.98, -0.02, -31.38, 4.70, -18.76
-0.09, -0.95, -0.13, -30.73, -3.71, -12.57
-0.02, -0.88, -0.21, -27.71, -16.35, -9.01
0.01, -0.82, -0.29, -21.42, -23.66, -3.95
-0.00, -0.79, -0.33, -17.65, -26.42, 3.14
-0.00, -0.78, -0.30, -11.43, -29.06, 6.49
-0.05, -0.77, -0.29, -4.12, -24.86, 8.95
-0.11, -0.77, -0.34, 3.78, -9.20, 9.68
-0.14, -0.79, -0.30, 5.27, 7.03, 11.30
-0.16, -0.82, -0.18, 5.93, 22.51, 14.44
-0.17, -0.86, -0.15, 7.43, 36.43, 17.91
-0.14, -0.92, -0.16, 7.02, 40.07, 13.44
-0.15, -0.98, -0.11, 4.87, 31.70, 7.79
-0.19, -1.04, -0.01, -4.73, 16.97, -0.05
-0.24, -1.08, 0.09, -14.46, 10.16, -11.68
-0.29, -1.07, 0.10, -25.42, 16.49, -19.85
-0.28, -1.03, 0.01, -33.24, 16.39, -23.12
-0.15, -0.97, -0.08, -34.94, 4.45, -19.31
-0.02, -0.88, -0.18, -32.67, -8.16, -13.06
0.05, -0.80, -0.28, -24.53, -19.87, -5.21
0.06, -0.75, -0.32, -18.78, -31.38, 2.79
0.04, -0.75, -0.33, -12.35, -33.48, 11.27
0.04, -0.76, -0.31, -4.80, -39.33, 15.49
-0.02, -0.77, -0.34, 5.41, -38.76, 19.45
-0.07, -0.78, -0.35, 11.15, -28.54, 18.38
-0.17, -0.81, -0.26, 14.40, -2.13, 15.83
-0.26, -0.85, -0.11, 7.88, 28.95, 19.89
-0.27, -0.94, 0.04, 1.57, 38.69, 14.52
-0.25, -1.02, 0.05, -3.21, 42.69, 10.63
-0.24, -1.06, 0.03, -10.01, 28.77, -2.83
-0.27, -1.07, 0.04, -17.39, 19.36, -14.86
-0.29, -1.05, 0.07, -28.69, 20.28, -22.78
-0.25, -1.01, 0.05, -35.05, 21.41, -27.47
-0.17, -0.98, -0.08, -38.25, 20.70, -24.21
-0.08, -0.92, -0.20, -38.32, 11.84, -16.15
0.03, -0.82, -0.25, -34.41, -4.90, -7.04
0.10, -0.75, -0.30, -26.04, -29.02, 8.63
0.15, -0.72, -0.34, -18.84, -47.26, 18.01
0.13, -0.73, -0.33, -8.23, -63.00, 20.75
0.03, -0.75, -0.33, 1.19, -53.66, 24.53
-0.08, -0.79, -0.28, 5.82, -33.68, 23.31
-0.22, -0.82, -0.18, 10.81, -8.58, 21.84
-0.29, -0.87, -0.15, 10.07, 17.48, 20.27
-0.30, -0.93, -0.07, 7.97, 33.06, 11.85
-0.32, -1.00, 0.00, 0.69, 39.79, 4.53
-0.33, -1.07, 0.07, -12.52, 24.26, -8.51
-0.33, -1.09, 0.14, -24.88, 15.87, -18.00
-0.30, -1.05, 0.11, -31.33, 14.88, -23.64
-0.23, -1.01, -0.01, -35.70, 11.38, -26.45
-0.14, -0.97, -0.15, -36.50, 5.68, -19.59
-0.04, -0.90, -0.24, -33.90, -8.21, -14.78
0.03, -0.81, -0.31, -25.11, -19.56, -2.99
0.04, -0.75, -0.35, -18.76, -26.04, 5.84
0.04, -0.75, -0.33, -12.25, -29.06, 13.33
0.01, -0.76, -0.29, -4.88, -31.57, 17.12
-0.05, -0.77, -0.31, 3.04, -28.13, 20.21
-0.11, -0.80, -0.29, 5.81, -20.90, 17.59
-0.19, -0.84, -0.16, 7.00, -8.64, 16.09
-0.24, -0.89, -0.09, 5.94, 9.23, 13.89
-0.27, -0.95, -0.03, 1.09, 25.92, 6.87
-0.32, -0.98, 0.01, 0.84, 43.02, 1.23
-0.32, -1.01, 0.01, -4.19, 48.25, -8.53
-0.31, -1.05, 0.03, -15.20, 36.44, -17.76
-0.25, -1.03, 0.09, -27.14, 16.35, -24.21
-0.21, -0.98, 0.07, -34.12, 6.43, -26.53
-0.14, -0.93, -0.06, -37.10, -0.62, -23.54
-0.07, -0.89, -0.14, -36.87, -10.60, -16.65
-0.00, -0.81, -0.23, -29.42, -22.54, -7.68
0.03, -0.75, -0.32, -20.29, -33.11, 1.84
0.02, -0.73, -0.36, -9.53, -37.20, 8.45
0.00, -0.74, -0.36, 0.34, -46.15, 14.12
-0.05, -0.76, -0.34, 8.42, -45.21, 16.42
-0.10, -0.80, -0.28, 9.46, -32.96, 16.41
-0.19, -0.84, -0.17, 6.84, -10.44, 17.34
-0.26, -0.87, -0.04, 2.01, 14.97, 15.97
-0.29, -0.93, 0.01, 1.30, 32.04, 9.44
-0.31, -0.99, -0.02, 0.29, 42.71, 1.56
-0.31, -1.05, -0.02, -10.19, 34.02, -7.77
-0.28, -1.09, 0.06, -21.12, 26.96, -18.06
-0.24, -1.06, 0.11, -29.03, 23.82, -21.67
-0.18, -1.02, 0.05, -35.40, 20.62, -23.64
-0.12, -1.00, -0.08, -38.15, 13.08, -18.57
-0.04, -0.92, -0.19, -35.43, -0.04, -15.10
-0.00, -0.82, -0.23, -29.73, -13.34, -9.27
0.01, -0.76, -0.27, -21.73, -22.60, -2.40
-0.00, -0.77, -0.30, -15.79, -26.69, 6.22
0.01, -0.77, -0.27, -9.15, -34.16, 10.89
-0.01, -0.78, -0.28, 1.33, -36.56, 15.82
-0.06, -0.79, -0.33, 8.90, -32.96, 17.83
-0.12, -0.83, -0.27, 6.76, -9.60, 16.70
-0.20, -0.86, -0.08, 0.33, 6.76, 18.59
-0.25, -0.91, 0.03, 1.10, 22.51, 14.39
-0.28, -0.98, 0.00, -3.13, 34.91, 7.28
-0.32, -1.04, -0.01, -7.09, 35.85, -3.12
-0.33, -1.06, 0.01, -14.03, 31.74, -14.04
-0.30, -1.04, 0.08, -25.44, 29.22, -21.80
-0.25, -1.02, 0.11, -35.08, 24.33, -28.03
-0.18, -1.00, 0.00, -38.97, 22.95, -27.42
-0.10, -0.94, -0.16, -38.82, 17.53, -18.27
-0.01, -0.82, -0.21, -37.49, -1.02, -12.18
0.04, -0.73, -0.22, -27.83, -18.50, -2.14
0.02, -0.71, -0.25, -22.16, -27.61, 6.07
-0.01, -0.73, -0.27, -16.27, -31.43, 12.84
-0.04, -0.73, -0.26, -5.78, -37.55, 16.27
-0.07, -0.74, -0.29, 4.56, -41.80, 20.50
-0.09, -0.79, -0.31, 8.08, -34.19, 18.21
-0.16, -0.84, -0.16, 3.78, -5.33, 15.47
-0.30, -0.88, -0.02, 2.48, 21.01, 18.10
-0.30, -0.95, -0.06, 3.42, 29.79, 11.86
-0.24, -1.02, -0.14, -0.95, 31.79, 4.44
-0.23, -1.06, -0.08, -5.28, 28.92, -4.93
-0.26, -1.08, 0.02, -14.99, 28.79, -13.02
-0.26, -1.09, 0.06, -23.92, 27.79, -18.92
-0.20, -1.07, 0.05, -33.38, 21.95, -22.80
-0.14, -1.02, -0.04, -38.89, 15.78, -19.45
-0.07, -0.91, -0.12, -38.81, 1.71, -12.99
-0.01, -0.80, -0.18, -35.86, -16.51, -8.28
0.02, -0.72, -0.24, -24.04, -28.73, -0.41
-0.02, -0.71, -0.27, -18.40, -29.89, 5.72
-0.04, -0.73, -0.27, -10.16, -28.69, 11.25
-0.05, -0.75, -0.29, -0.81, -30.85, 15.06
-0.06, -0.77, -0.32, 7.04, -31.66, 18.17
-0.10, -0.81, -0.30, 8.76, -24.03, 18.08
-0.17, -0.86, -0.19, 6.13, -8.72, 17.77
-0.24, -0.92, -0.08, 3.72, 4.29, 16.90
-0.26, -1.01, -0.04, 0.51, 7.93, 9.48
-0.27, -1.09, -0.01, -6.65, 11.95, 0.25
-0.30, -1.10, 0.02, -13.74, 13.97, -10.98
-0.31, -1.06, 0.03, -21.76, 20.51, -17.27
-0.29, -1.02, 0.02, -25.91, 24.26, -25.85
-0.25, -0.97, -0.04, -31.17, 24.66, -27.29
-0.18, -0.90, -0.10, -31.40, 18.46, -20.51
-0.08, -0.80, -0.12, -31.23, 1.83, -13.78
-0.00, -0.74, -0.14, -26.84, -16.10, -5.15
0.02, -0.71, -0.18, -20.86, -28.53, 3.12
-0.00, -0.71, -0.22, -14.71, -37.49, 9.46
-0.03, -0.73, -0.26, -4.01, -39.77, 13.23
-0.08, -0.76, -0.31, 7.13, -30.96, 12.94
-0.16, -0.80, -0.34, 13.22, -13.22, 13.72
-0.23, -0.86, -0.27, 12.72, 16.32, 10.02
-0.30, -0.92, -0.12, 7.64, 36.60, 9.82
-0.31, -0.98, -0.03, 5.05, 37.24, 4.31
-0.26, -1.03, -0.03, -0.72, 30.87, -4.79
-0.27, -1.05, 0.00, -6.10, 33.61, -13.18
-0.29, -1.04, 0.03, -11.75, 38.61, -18.99
-0.24, -1.02, 0.05, -17.44, 40.34, -23.70
-0.15, -1.00, 0.03, -23.30, 39.02, -23.43
-0.08, -0.96, -0.01, -32.32, 25.79, -18.39
0.00, -0.89, -0.04, -33.47, 3.38, -8.67
0.06, -0.80, -0.10, -28.06, -19.50, -4.25
0.06, -0.75, -0.18, -22.72, -33.48, 2.82
0.03, -0.76, -0.24, -15.42, -39.71, 9.77
-0.00, -0.78, -0.27, -7.71, -38.52, 13.35
-0.06, -0.79, -0.30, 2.71, -26.26, 14.09
-0.15, -0.80, -0.28, 3.28, -1.15, 16.07
-0.23, -0.84, -0.18, 4.85, 14.58, 22.39
-0.21, -0.89, -0.15, 4.69, 11.41, 13.36
-0.23, -0.94, -0.13, 5.88, 17.23, 8.80
-0.29, -0.99, -0.10, 3.93, 29.04, 2.20
-0.33, -1.04, -0.02, -4.32, 35.93, -6.21
-0.34, -1.08, 0.05, -11.74, 44.20, -15.59
-0.30, -1.08, 0.09, -21.46, 44.50, -18.93
-0.20, -1.05, 0.10, -31.77, 31.00, -23.80
-0.13, -0.99, 0.06, -35.76, 18.62, -23.52
-0.07, -0.94, -0.09, -38.25, 17.15, -16.95
-0.01, -0.87, -0.18, -37.27, 2.25, -8.59
0.05, -0.75, -0.20, -28.86, -13.94, -3.63
0.06, -0.69, -0.27, -16.91, -24.11, 7.15
0.03, -0.71, -0.30, -11.44, -30.48, 14.09
0.02, -0.75, -0.28, -5.61, -36.86, 16.97
-0.05, -0.77, -0.27, 4.12, -27.72, 18.97
-0.13, -0.78, -0.26, 5.61, -2.61, 19.46
-0.21, -0.84, -0.17, 5.77, 6.27, 22.27
-0.23, -0.91, -0.12, 6.04, 14.88, 13.12
-0.26, -0.98, -0.10, 4.82, 26.47, 9.06
-0.31, -1.02, -0.05, 3.30, 41.70, -0.34
-0.33, -1.06, -0.01, -3.35, 50.13, -8.72
-0.29, -1.11, 0.05, -17.55, 40.96, -16.51
-0.23, -1.09, 0.13, -30.29, 30.78, -21.35
-0.17, -1.03, 0.11, -35.59, 22.44, -22.74
-0.11, -0.98, -0.04, -37.63, 16.20, -18.10
-0.03, -0.90, -0.17, -37.13, 5.38, -10.98
0.04, -0.80, -0.21, -32.77, -10.53, -4.12
0.08, -0.71, -0.26, -19.68, -22.24, 9.08
0.09, -0.69, -0.30, -12.65, -33.89, 16.86
0.05, -0.73, -0.26, -6.65, -44.34, 20.34
-0.04, -0.77, -0.21, -0.57, -42.62, 23.50
-0.13, -0.78, -0.21, 2.37, -33.21, 26.93
-0.18, -0.81, -0.17, 0.47, -24.34, 24.54
-0.23, -0.86, -0.10, -3.21, -11.89, 21.77
-0.29, -0.91, -0.02, -6.11, 3.66, 14.21
-0.38, -0.96, -0.00, -6.55, 23.25, 5.03
-0.41, -1.03, -0.04, -8.63, 39.39, -4.52
-0.38, -1.08, -0.06, -11.49, 46.06, -14.27
-0.29, -1.08, -0.05, -16.02, 43.47, -20.72
-0.22, -1.05, -0.01, -22.40, 33.04, -25.81
-0.18, -1.01, 0.01, -31.97, 26.01, -26.39
-0.14, -0.96, -0.04, -37.20, 20.11, -22.49
-0.07, -0.89, -0.12, -37.88, 9.48, -15.04
0.02, -0.81, -0.18, -33.21, -7.24, -6.62
0.07, -0.75, -0.20, -25.22, -19.59, 2.85
0.07, -0.73, -0.24, -18.78, -27.43, 11.89
0.03, -0.74, -0.27, -9.20, -29.25, 16.73
-0.03, -0.75, -0.29, -0.25, -31.65, 19.67
-0.07, -0.79, -0.30, 7.32, -26.36, 20.07
-0.13, -0.82, -0.26, 9.20, -13.22, 19.20
-0.20, -0.86, -0.19, 7.21, -3.07, 15.61
-0.26, -0.92, -0.10, 5.11, 11.38, 12.86
-0.29, -0.98, -0.05, 4.70, 25.63, 6.71
-0.30, -1.04, -0.03, -2.86, 34.51, -1.09
-0.31, -1.07, 0.04, -10.97, 35.89, -11.79
-0.31, -1.06, 0.13, -22.71, 29.14, -20.00
-0.29, -1.04, 0.14, -31.58, 21.16, -25.54
-0.22, -1.01, 0.07, -39.72, 11.60, -28.35
-0.14, -0.95, -0.03, -46.92, 2.16, -26.62
-0.06, -0.87, -0.13, -39.28, -5.65, -17.34
-0.00, -0.78, -0.24, -34.66, -12.00, -8.24
0.02, -0.73, -0.30, -24.50, -22.44, -2.45
-0.02, -0.73, -0.32, -18.37, -17.89, 5.86
-0.04, -0.74, -0.31, -9.10, -11.77, 16.10
-0.02, -0.74, -0.32, 1.77, -17.83, 21.27
-0.04, -0.76, -0.32, 7.73, -11.31, 21.40
-0.10, -0.79, -0.19, 9.82, -3.85, 24.95
-0.17, -0.85, -0.13, 13.28, 5.16, 19.21
-0.22, -0.94, -0.13, 13.72, 24.55, 15.24
-0.29, -0.96, -0.08, 11.78, 45.17, 9.18
-0.32, -1.01, 0.01, 4.54, 51.54, 2.72
-0.31, -1.09, 0.09, -10.83, 35.62, -8.65
-0.30, -1.12, 0.22, -31.68, 14.44, -22.82
-0.31, -1.07, 0.25, -40.94, 9.18, -30.46
-0.22, -1.01, 0.09, -45.11, 7.07, -32.88
-0.13, -0.97, -0.16, -44.82, 2.88, -29.20
-0.03, -0.87, -0.30, -38.05, -4.24, -20.54
0.03, -0.76, -0.34, -24.24, -12.11, -8.14
0.07, -0.74, -0.38, -19.55, -23.13, 3.46
0.09, -0.78, -0.31, -13.83, -30.20, 14.45
0.01, -0.78, -0.29, -5.53, -30.32, 20.59
-0.05, -0.77, -0.32, 1.45, -21.54, 22.37
-0.15, -0.77, -0.28, 7.96, -5.35, 18.51
-0.24, -0.78, -0.19, 9.56, 14.14, 20.21
-0.28, -0.85, -0.09, 12.49, 30.33, 13.68
-0.30, -0.91, -0.06, 12.93, 48.96, 8.12
-0.31, -0.98, -0.03, 5.72, 56.73, 1.95
-0.27, -1.05, 0.05, -7.91, 39.50, -8.50
-0.27, -1.09, 0.21, -26.70, 19.67, -19.97
-0.28, -1.05, 0.24, -36.63, 12.60, -26.54
-0.22, -1.00, 0.07, -40.46, 10.28, -29.15
-0.12, -0.97, -0.13, -42.58, 2.98, -29.83
-0.04, -0.90, -0.21, -36.25, -3.31, -19.95
0.02, -0.82, -0.28, -27.81, -10.27, -10.15
0.05, -0.79, -0.34, -22.71, -18.69, -1.40
0.04, -0.79, -0.32, -18.68, -16.69, 11.73
0.04, -0.78, -0.27, -11.22, -26.46, 19.34
0.02, -0.76, -0.29, -3.60, -32.83, 25.74
-0.04, -0.76, -0.33, 3.94, -31.46, 27.86
-0.10, -0.78, -0.25, 6.16, -17.32, 26.73
-0.21, -0.80, -0.10, 7.71, 2.62, 20.46
-0.33, -0.87, -0.06, 8.64, 27.91, 15.73
-0.37, -0.95, -0.06, 7.49, 47.77, 2.83
-0.36, -1.02, -0.04, 3.60, 60.17, -1.91
-0.31, -1.08, 0.03, -8.61, 42.44, -13.43
-0.27, -1.09, 0.16, -26.13, 26.43, -24.45
-0.25, -1.05, 0.19, -35.35, 20.00, -30.60
-0.22, -1.01, 0.07, -41.02, 18.98, -33.57
-0.13, -0.97, -0.13, -42.79, 11.61, -26.24
0.00, -0.88, -0.26, -34.55, 0.43, -18.02
0.07, -0.77, -0.32, -24.87, -13.48, -7.44
0.07, -0.74, -0.36, -17.51, -20.73, 4.26
0.06, -0.76, -0.34, -10.65, -21.32, 16.17
0.05, -0.77, -0.29, -1.83, -30.04, 20.32
-0.02, -0.77, -0.32, 8.65, -27.14, 23.47
-0.11, -0.77, -0.31, 12.71, -13.95, 19.83
-0.20, -0.80, -0.15, 8.33, 4.84, 21.04
-0.25, -0.86, 0.00, 9.05, 18.46, 13.31
-0.30, -0.94, -0.01, 6.43, 41.46, 7.99
-0.32, -1.02, -0.04, 0.88, 47.53, -1.94
-0.30, -1.08, 0.02, -12.21, 37.85, -12.17
-0.27, -1.08, 0.14, -23.36, 24.27, -22.83
-0.24, -1.04, 0.14, -31.59, 20.14, -27.46
-0.19, -1.01, 0.00, -34.76, 22.55, -28.02
-0.11, -0.97, -0.13, -37.26, 20.22, -26.86
-0.04, -0.89, -0.23, -29.51, 13.17, -15.63
0.05, -0.79, -0.29, -23.76, -1.29, -7.07
0.09, -0.76, -0.29, -17.25, -21.50, 2.98
0.06, -0.77, -0.27, -14.48, -28.70, 13.20
0.02, -0.77, -0.23, -10.92, -36.43, 16.96
-0.06, -0.77, -0.22, -3.55, -35.47, 19.14
-0.12, -0.77, -0.24, 1.88, -26.60, 18.31
-0.18, -0.81, -0.22, 4.06, -11.40, 13.87
-0.28, -0.86, -0.15, 4.98, 9.96, 15.69
-0.25, -0.92, -0.12, 6.51, 24.16, 8.36
-0.25, -0.98, -0.10, 4.22, 40.27, 4.76
-0.26, -1.03, -0.05, 0.89, 53.01, -3.57
-0.26, -1.07, 0.01, -7.52, 57.12, -8.91
-0.25, -1.09, 0.09, -21.98, 40.05, -20.04
-0.24, -1.06, 0.14, -35.96, 24.71, -28.64
-0.21, -1.01, 0.11, -45.15, 16.15, -31.88
-0.13, -0.97, -0.01, -52.05, 9.69, -29.35
-0.02, -0.90, -0.16, -43.01, -4.12, -18.88
0.06, -0.78, -0.26, -33.45, -16.20, -14.34
0.06, -0.73, -0.36, -21.06, -15.35, -1.07
0.07, -0.73, -0.41, -9.19, -18.36, 10.84
0.09, -0.73, -0.40, 0.41, -28.29, 19.91
0.06, -0.76, -0.34, 7.34, -38.15, 23.74
-0.02, -0.78, -0.29, 10.43, -34.29, 24.23
-0.13, -0.79, -0.21, 10.83, -18.86, 23.08
-0.22, -0.81, -0.09, 8.86, 2.28, 21.10
-0.29, -0.87, -0.02, 8.42, 22.13, 15.70
-0.30, -0.96, -0.02, 5.01, 35.47, 8.16
-0.29, -1.04, -0.00, -1.74, 39.45, -2.31
-0.28, -1.10, 0.03, -11.56, 34.53, -9.44
-0.25, -1.11, 0.08, -23.58, 23.43, -19.14
-0.23, -1.08, 0.10, -33.74, 14.37, -27.11
-0.19, -1.03, 0.03, -39.98, 11.86, -31.12
-0.14, -0.99, -0.09, -43.55, 12.66, -27.66
-0.07, -0.92, -0.19, -41.93, 6.05, -20.39
0.01, -0.83, -0.26, -34.32, -1.90, -11.90
0.07, -0.76, -0.33, -24.66, -12.15, 2.70
0.12, -0.73, -0.38, -15.38, -26.68, 12.97
0.12, -0.73, -0.35, -8.68, -35.86, 22.53
0.04, -0.76, -0.29, -0.18, -39.29, 26.30
-0.06, -0.78, -0.30, 5.71, -29.26, 28.11
-0.15, -0.79, -0.28, 9.28, -10.86, 26.67
-0.21, -0.82, -0.15, 8.42, 6.12, 25.21
-0.26, -0.88, -0.04, 7.10, 19.69, 16.86
-0.31, -0.95, 0.00, 4.84, 33.86, 11.63
-0.33, -1.00, 0.01, 0.37, 40.34, -1.75
-0.32, -1.06, 0.04, -8.74, 39.95, -11.42
-0.31, -1.09, 0.10, -24.69, 28.47, -22.16
-0.27, -1.06, 0.15, -34.61, 17.05, -29.39
-0.22, -1.02, 0.08, -39.13, 14.56, -34.77
-0.17, -0.99, -0.07, -44.30, 17.57, -36.07
-0.12, -0.95, -0.20, -42.78, 18.93, -27.27
-0.04, -0.85, -0.25, -37.35, 15.87, -18.14
0.09, -0.75, -0.31, -28.62, -1.40, -2.19
0.16, -0.72, -0.37, -20.02, -20.35, 7.39
0.11, -0.73, -0.37, -12.50, -23.51, 17.49
0.04, -0.75, -0.34, -4.85, -25.71, 23.64
-0.03, -0.77, -0.33, 5.69, -23.22, 25.00
-0.11, -0.79, -0.34, 15.72, -14.68, 24.12
-0.17, -0.83, -0.30, 15.96, 8.62, 24.50
-0.17, -0.90, -0.10, 8.90, 18.22, 23.37
-0.20, -0.96, 0.05, 3.68, 25.62, 13.35
-0.27, -0.99, 0.08, 0.13, 45.50, 8.89
-0.31, -1.03, 0.08, -9.05, 40.50, -5.64
-0.33, -1.07, 0.07, -19.78, 22.92, -18.25
-0.31, -1.04, 0.10, -30.38, 11.66, -27.97
-0.26, -0.99, 0.09, -34.57, 10.24, -35.61
-0.19, -0.97, -0.05, -41.81, 15.82, -36.68
-0.10, -0.95, -0.18, -38.22, 10.30, -27.22
0.01, -0.85, -0.27, -35.21, 5.66, -15.52
0.11, -0.77, -0.36, -24.09, -8.65, 0.76
0.17, -0.73, -0.41, -14.56, -22.25, 12.15
0.17, -0.74, -0.41, -5.33, -37.55, 22.59
0.08, -0.77, -0.37, 2.58, -39.02, 25.60
-0.09, -0.79, -0.31, 6.69, -21.03, 25.33
-0.20, -0.80, -0.22, 7.83, 2.58, 22.93
-0.26, -0.83, -0.09, 6.19, 19.33, 19.65
-0.28, -0.89, -0.02, 4.92, 37.04, 13.21
-0.28, -0.96, 0.00, 4.09, 42.34, 4.97
-0.26, -1.02, 0.01, -4.58, 29.50, -6.54
-0.26, -1.08, 0.06, -17.39, 10.35, -18.19
-0.28, -1.05, 0.12, -25.35, 4.92, -27.00
-0.27, -1.00, 0.09, -32.32, 6.78, -33.78
-0.22, -0.98, -0.09, -37.54, 10.78, -35.01
-0.13, -0.95, -0.17, -38.14, 9.50, -29.15
-0.02, -0.87, -0.24, -32.60, 4.72, -16.62
0.10, -0.79, -0.32, -26.60, -10.55, -6.17
0.12, -0.76, -0.37, -19.54, -20.74, 6.18
0.11, -0.78, -0.38, -10.26, -29.87, 13.93
0.05, -0.79, -0.32, -6.71, -24.80, 20.53
-0.04, -0.80, -0.28, -2.34, -13.57, 21.09
-0.12, -0.80, -0.25, 3.42, 2.24, 20.15
-0.20, -0.82, -0.21, 8.19, 21.35, 17.62
-0.23, -0.87, -0.17, 10.54, 37.01, 15.03
-0.21, -0.95, -0.15, 10.09, 44.94, 13.74
-0.17, -0.98, -0.07, 5.19, 42.12, 6.31
-0.18, -1.01, 0.04, -5.62, 28.65, 0.29
-0.20, -1.06, 0.12, -17.58, 9.74, -14.06
-0.25, -1.06, 0.12, -27.77, 5.92, -22.09
-0.26, -1.00, 0.08, -35.19, 2.82, -26.57
-0.19, -0.95, -0.02, -39.96, 0.44, -29.32
-0.10, -0.90, -0.16, -37.97, -3.59, -21.53
0.01, -0.84, -0.27, -31.83, -12.90, -12.11
0.09, -0.79, -0.37, -22.43, -21.52, -0.17
0.11, -0.78, -0.41, -14.43, -27.25, 11.98
0.06, -0.80, -0.37, -9.03, -30.12, 19.69
0.02, -0.82, -0.37, -2.44, -25.37, 27.31
-0.05, -0.83, -0.37, 2.41, -14.63, 27.16
-0.14, -0.82, -0.28, 4.89, 2.68, 28.46
-0.21, -0.83, -0.16, 5.01, 17.10, 27.11
-0.23, -0.89, -0.07, 0.05, 29.14, 21.36
-0.28, -0.95, 0.02, -3.45, 36.05, 14.95
-0.29, -1.00, 0.06, -11.17, 20.93, 0.75
-0.32, -1.02, 0.10, -20.48, 14.03, -13.12
-0.36, -1.01, 0.13, -27.89, 20.84, -22.95
-0.31, -0.99, 0.09, -33.83, 18.14, -30.11
-0.23, -0.95, -0.05, -34.82, 14.21, -35.68
-0.15, -0.91, -0.14, -33.31, 8.58, -34.50
-0.07, -0.87, -0.19, -31.96, 3.94, -28.73
-0.01, -0.83, -0.24, -27.66, 4.65, -17.66
0.07, -0.81, -0.30, -23.81, -4.66, -5.14
0.15, -0.79, -0.34, -15.60, -15.80, 8.10
0.18, -0.78, -0.32, -11.37, -26.29, 17.54
0.12, -0.78, -0.29, -3.60, -25.82, 26.47
0.04, -0.79, -0.30, 1.99, -21.27, 27.35
-0.08, -0.81, -0.30, 8.54, -7.64, 27.51
-0.17, -0.83, -0.22, 11.94, 12.62, 23.66
-0.24, -0.87, -0.12, 12.87, 32.74, 18.43
-0.27, -0.96, -0.06, 8.65, 44.60, 12.21
-0.24, -1.00, -0.00, -0.31, 22.51, 4.28
-0.24, -1.04, 0.09, -15.16, -5.29, -8.78
-0.28, -1.04, 0.13, -21.17, -4.12, -19.71
-0.33, -1.02, 0.08, -31.79, 4.16, -28.09
-0.31, -1.01, 0.01, -38.43, 6.77, -36.27
-0.23, -0.97, -0.09, -39.41, 9.04, -34.98
-0.13, -0.92, -0.21, -37.96, 9.57, -30.42
-0.02, -0.86, -0.30, -33.62, 5.69, -18.44
0.08, -0.82, -0.36, -24.23, -4.38, -5.50
0.16, -0.80, -0.43, -17.16, -10.21, 7.03
0.18, -0.79, -0.45, -6.81, -7.52, 24.03
0.17, -0.80, -0.47, 2.19, -11.27, 33.36
0.08, -0.82, -0.42, 4.86, -1.05, 38.44
-0.06, -0.82, -0.28, 9.79, 14.21, 37.68
-0.16, -0.83, -0.12, 10.37, 28.00, 34.32
-0.26, -0.87, 0.01, 6.94, 34.23, 25.37
-0.31, -0.95, 0.12, -5.05, 9.47, 9.80
-0.38, -1.01, 0.22, -20.02, -15.10, -13.37
-0.46, -0.99, 0.23, -27.38, 1.01, -25.87
-0.44, -0.98, 0.14, -33.28, 12.03, -36.15
-0.30, -0.97, -0.02, -35.58, 16.28, -38.69
-0.11, -0.94, -0.16, -35.66, 9.80, -31.30
0.04, -0.87, -0.28, -29.60, -2.76, -19.44
0.12, -0.81, -0.35, -23.57, -12.38, -3.47
0.15, -0.78, -0.39, -15.02, -19.66, 8.38
0.13, -0.80, -0.43, -8.81, -20.20, 21.86
0.10, -0.81, -0.43, -2.50, -22.24, 29.65
0.01, -0.81, -0.36, 1.43, -13.85, 33.55
-0.12, -0.82, -0.26, 8.50, 2.77, 33.33
-0.19, -0.85, -0.15, 7.80, 12.80, 25.62
-0.28, -0.91, -0.01, 6.31, 28.30, 16.53
-0.36, -0.97, 0.06, -0.55, 30.30, 1.84
-0.40, -1.03, 0.14, -17.11, 11.10, -16.79
-0.41, -1.02, 0.18, -26.08, 13.37, -27.79
-0.34, -0.97, 0.10, -32.04, 11.79, -34.21
-0.22, -0.95, -0.09, -33.93, 12.89, -34.02
-0.09, -0.91, -0.21, -31.14, 9.96, -27.39
0.04, -0.86, -0.30, -26.92, -1.43, -14.54
0.13, -0.80, -0.37, -17.84, -16.57, -2.71
0.14, -0.79, -0.43, -12.34, -22.91, 13.52
0.14, -0.80, -0.39, -5.56, -31.32, 21.00
0.06, -0.80, -0.33, 0.10, -28.45, 25.64
-0.08, -0.80, -0.33, 8.49, -13.27, 28.06
-0.16, -0.81, -0.26, 12.47, -0.33, 26.46
-0.20, -0.85, -0.14, 11.49, 11.28, 22.63
-0.21, -0.92, -0.03, 7.83, 24.59, 16.87
-0.28, -0.97, 0.05, 2.16, 33.29, 6.68
-0.33, -1.02, 0.09, -8.46, 24.28, -5.00
-0.35, -1.06, 0.11, -21.03, 12.54, -19.94
-0.33, -1.02, 0.11, -29.54, 8.66, -27.01
-0.28, -0.98, 0.04, -34.19, 8.52, -32.68
-0.18, -0.95, -0.10, -37.34, 7.82, -29.54
-0.09, -0.91, -0.20, -34.96, 1.27, -25.35
-0.02, -0.83, -0.26, -29.61, 0.35, -14.48
0.04, -0.79, -0.33, -23.02, -8.34, -1.01
0.08, -0.77, -0.38, -16.62, -18.58, 7.37
0.08, -0.76, -0.34, -11.74, -24.10, 18.67
0.03, -0.77, -0.30, -3.84, -25.55, 22.70
-0.05, -0.79, -0.34, 5.83, -13.22, 25.66
-0.12, -0.80, -0.33, 10.91, 0.31, 21.45
-0.22, -0.84, -0.20, 13.96, 22.74, 19.69
-0.24, -0.90, -0.08, 11.71, 37.80, 15.96
-0.24, -0.99, -0.02, 6.54, 48.23, 10.16
-0.24, -1.04, 0.02, -1.87, 35.65, -2.32
-0.25, -1.07, 0.09, -16.72, 11.45, -14.71
-0.30, -1.05, 0.15, -26.82, 9.38, -27.03
-0.33, -1.01, 0.12, -35.71, 9.88, -31.96
-0.26, -0.99, 0.02, -42.06, 7.45, -34.78
-0.14, -0.95, -0.09, -43.64, 1.94, -31.23
-0.03, -0.87, -0.22, -38.37, -3.89, -18.66
0.07, -0.79, -0.32, -29.96, -15.40, -6.41
0.12, -0.75, -0.38, -21.48, -26.95, 5.20
0.10, -0.75, -0.39, -13.56, -25.99, 14.12
0.05, -0.77, -0.36, -5.69, -23.52, 20.84
-0.02, -0.78, -0.37, 1.97, -14.35, 23.90
-0.11, -0.80, -0.31, 8.22, -0.05, 22.15
-0.18, -0.83, -0.22, 11.88, 20.83, 20.63
-0.22, -0.89, -0.13, 11.58, 33.00, 18.41
-0.22, -0.97, -0.09, 8.35, 40.98, 12.95
-0.23, -1.01, -0.01, -2.02, 33.58, 4.56
-0.26, -1.02, 0.11, -13.48, 13.65, -10.15
-0.32, -1.01, 0.18, -26.68, 11.15, -22.81
-0.35, -1.00, 0.15, -33.84, 13.13, -32.17
-0.28, -0.98, 0.01, -36.96, 13.06, -36.88
-0.18, -0.94, -0.14, -37.41, 10.77, -31.85
-0.03, -0.89, -0.24, -32.40, 5.08, -21.52
0.09, -0.82, -0.33, -24.58, -8.43, -9.68
0.13, -0.78, -0.40, -16.62, -15.83, 4.70
0.13, -0.79, -0.40, -10.94, -18.44, 14.81
0.08, -0.81, -0.35, -5.81, -18.40, 21.24
-0.01, -0.82, -0.34, 1.82, -10.03, 22.87
-0.12, -0.82, -0.32, 7.91, 3.54, 23.05
-0.17, -0.83, -0.23, 11.21, 15.25, 19.28
-0.19, -0.88, -0.14, 8.73, 23.29, 18.03
-0.21, -0.93, -0.05, 7.37, 32.40, 10.24
-0.25, -0.97, 0.01, 0.21, 40.02, 2.53
-0.27, -1.03, 0.07, -11.39, 23.62, -9.00
-0.27, -1.06, 0.14, -25.11, 8.59, -20.72
-0.26, -1.02, 0.15, -32.60, 5.49, -26.23
-0.21, -0.98, 0.06, -37.06, 0.46, -31.86
-0.13, -0.95, -0.08, -38.93, -1.40, -27.09
-0.03, -0.90, -0.19, -36.43, -8.04, -18.88
0.07, -0.82, -0.27, -29.80, -18.94, -9.29
0.10, -0.79, -0.34, -21.84, -31.81, 0.84
0.06, -0.78, -0.38, -16.72, -25.95, 10.05
0.03, -0.78, -0.35, -7.98, -17.94, 20.12
0.01, -0.77, -0.35, 0.87, -13.27, 23.63
-0.05, -0.77, -0.35, 5.29, -2.93, 28.72
-0.09, -0.80, -0.26, 12.76, -0.69, 26.15
-0.15, -0.83, -0.18, 12.90, 17.99, 22.32
-0.24, -0.90, -0.10, 10.79, 38.26, 20.34
-0.28, -0.97, -0.04, 6.78, 49.13, 12.69
-0.27, -1.02, 0.03, -2.42, 37.60, 4.08
-0.25, -1.07, 0.11, -15.30, 9.12, -10.95
-0.30, -1.07, 0.19, -28.11, 1.48, -25.56
-0.34, -1.03, 0.13, -34.89, 15.37, -33.12
-0.28, -1.01, -0.02, -39.53, 18.30, -34.48
-0.15, -0.96, -0.15, -39.81, 12.12, -27.79
0.01, -0.88, -0.28, -34.05, -0.42, -19.32
0.12, -0.80, -0.32, -26.98, -19.37, -10.10
0.10, -0.79, -0.35, -21.29, -23.75, 1.65
0.03, -0.79, -0.35, -17.01, -15.33, 12.13
0.01, -0.75, -0.34, -9.45, -14.41, 17.72
-0.02, -0.78, -0.35, -0.90, -14.37, 22.83
-0.07, -0.80, -0.38, 9.25, -6.90, 23.13
-0.12, -0.81, -0.33, 13.44, 5.48, 25.39
-0.12, -0.84, -0.18, 16.78, 6.90, 21.88
-0.15, -0.91, -0.06, 9.54, 18.25, 16.29
-0.26, -0.96, 0.10, 2.10, 39.61, 6.67
-0.36, -1.00, 0.19, -7.14, 50.90, -2.24
-0.34, -1.06, 0.14, -20.75, 23.86, -19.34
-0.32, -1.07, 0.12, -34.24, 11.97, -30.05
-0.28, -0.99, 0.12, -35.26, 11.49, -39.04
-0.22, -0.95, -0.01, -39.00, 15.63, -40.44
-0.11, -0.95, -0.18, -39.78, 15.98, -35.10
0.00, -0.89, -0.26, -35.04, 7.85, -26.24
0.10, -0.82, -0.33, -27.81, -12.74, -20.81
0.04, -0.82, -0.35, -25.98, -6.90, -13.48
-0.05, -0.82, -0.36, -17.28, 8.93, -2.64
-0.01, -0.78, -0.39, -11.23, 10.92, 8.01
0.08, -0.75, -0.39, -1.09, 2.67, 14.45
0.05, -0.78, -0.36, 6.23, 0.86, 20.55
-0.02, -0.82, -0.31, 10.75, 6.99, 22.58
-0.06, -0.85, -0.19, 9.43, 18.19, 22.77
-0.10, -0.88, -0.07, 8.05, 21.63, 18.10
-0.18, -0.91, 0.00, 5.13, 37.22, 12.40
-0.24, -0.98, 0.02, 1.01, 41.01, 2.68
-0.25, -1.04, 0.02, -6.95, 29.15, -9.20
-0.24, -1.03, 0.07, -14.30, 24.17, -22.11
-0.23, -1.01, 0.09, -23.71, 23.75, -30.70
-0.20, -1.01, 0.05, -33.88, 22.16, -32.35
-0.12, -0.99, -0.04, -38.48, 14.19, -28.53
0.00, -0.93, -0.13, -37.24, -2.49, -24.94
0.08, -0.87, -0.21, -34.63, -22.65, -18.59
0.06, -0.83, -0.26, -31.86, -22.52, -12.42
0.04, -0.82, -0.32, -23.38, -16.80, -0.27
0.07, -0.78, -0.40, -14.04, -8.86, 10.87
0.11, -0.74, -0.43, -1.52, -10.01, 15.86
0.07, -0.77, -0.39, 3.70, -12.96, 23.62
0.01, -0.83, -0.34, 8.42, -10.33, 25.37
-0.05, -0.84, -0.23, 7.21, 0.55, 25.76
-0.10, -0.85, -0.11, 5.25, 11.51, 25.88
-0.15, -0.89, -0.04, 2.58, 17.19, 21.08
-0.20, -0.94, -0.01, -0.58, 20.49, 15.06
-0.23, -0.99, 0.00, -4.01, 17.53, 0.40
-0.30, -1.02, 0.02, -13.52, 20.14, -13.17
-0.32, -1.04, 0.06, -21.53, 19.84, -23.59
-0.27, -1.04, 0.04, -28.03, 16.49, -29.89
-0.19, -1.02, -0.05, -32.80, 14.89, -32.92
-0.08, -0.98, -0.15, -36.32, 9.18, -30.73
-0.02, -0.92, -0.21, -35.21, 0.83, -23.20
0.04, -0.86, -0.28, -29.60, -4.04, -16.71
0.08, -0.83, -0.36, -23.96, -3.82, 1.63
0.18, -0.81, -0.36, -15.79, -16.14, 10.37
0.17, -0.78, -0.36, -6.85, -23.71, 21.11
0.08, -0.80, -0.37, -1.66, -20.62, 23.95
-0.01, -0.83, -0.29, -1.32, -10.97, 25.35
-0.09, -0.82, -0.18, 1.90, 2.17, 20.19
-0.19, -0.82, -0.11, 3.39, 21.60, 17.70
-0.22, -0.87, -0.10, 2.84, 31.23, 12.96
-0.21, -0.92, -0.07, 2.66, 31.15, 7.02
-0.18, -0.95, -0.03, -0.46, 18.04, -3.35
-0.18, -0.99, 0.02, -8.89, 10.18, -11.11
-0.18, -1.02, 0.06, -16.98, 9.54, -18.08
-0.16, -1.01, 0.05, -22.41, 6.28, -20.68
-0.12, -0.98, -0.02, -27.76, 2.00, -23.32
-0.07, -0.95, -0.09, -32.13, -0.23, -21.36
-0.04, -0.90, -0.16, -30.79, -4.70, -17.28
0.00, -0.86, -0.22, -30.38, -13.40, -9.94
0.05, -0.82, -0.27, -23.72, -14.84, -0.58
0.10, -0.78, -0.33, -13.53, -10.62, 9.26
0.13, -0.74, -0.41, 0.16, -14.19, 16.51
0.10, -0.76, -0.43, 8.95, -17.39, 24.26
0.06, -0.82, -0.35, 12.87, -14.30, 28.61
-0.01, -0.84, -0.21, 13.60, -4.92, 24.91
-0.16, -0.87, -0.09, 13.66, 22.12, 22.14
-0.24, -0.94, -0.04, 8.63, 40.97, 18.24
-0.22, -1.03, -0.02, 1.12, 35.67, 8.77
-0.22, -1.07, 0.02, -9.12, 17.11, 0.03
-0.21, -1.07, 0.09, -18.98, 1.19, -10.76
-0.23, -1.06, 0.12, -28.18, -4.10, -21.63
-0.25, -1.04, 0.06, -36.46, -1.23, -25.01
-0.20, -1.02, -0.05, -42.19, 0.91, -28.21
-0.12, -0.96, -0.18, -38.01, 2.75, -22.93
-0.04, -0.86, -0.28, -32.25, -2.88, -15.21
0.02, -0.78, -0.31, -25.54, -11.21, -11.65
0.00, -0.77, -0.31, -22.48, -8.45, -1.57
0.01, -0.78, -0.30, -19.01, -7.13, 8.62
0.05, -0.77, -0.29, -12.73, -13.08, 15.97
0.05, -0.76, -0.31, -3.85, -17.71, 24.29
0.03, -0.79, -0.35, 4.71, -15.88, 24.77
-0.02, -0.82, -0.28, 8.14, -5.77, 23.77
-0.12, -0.87, -0.13, 10.67, 10.56, 19.04
-0.22, -0.94, -0.07, 7.37, 29.28, 15.34
-0.25, -1.02, -0.02, 2.72, 44.59, 5.82
-0.24, -1.05, 0.01, -7.05, 37.24, -3.25
-0.21, -1.07, 0.05, -17.72, 22.66, -14.29
-0.19, -1.06, 0.07, -25.82, 16.84, -21.21
-0.17, -1.03, 0.02, -34.62, 13.20, -24.67
-0.11, -0.99, -0.05, -37.93, 5.97, -22.10
-0.01, -0.92, -0.13, -36.33, -7.67, -19.27
0.04, -0.85, -0.21, -32.14, -17.71, -13.89
0.02, -0.81, -0.26, -27.03, -17.72, -7.97
0.00, -0.79, -0.30, -21.85, -15.39, 2.03
0.04, -0.76, -0.29, -14.96, -22.26, 8.67
0.05, -0.75, -0.31, -6.22, -24.45, 16.79
0.03, -0.77, -0.36, 1.46, -19.76, 19.83
-0.02, -0.80, -0.31, 5.49, -11.30, 20.97
-0.09, -0.82, -0.21, 9.02, 3.78, 21.85
-0.17, -0.86, -0.14, 8.80, 21.91, 18.91
-0.21, -0.93, -0.10, 6.71, 36.31, 15.49
-0.20, -1.00, -0.08, 3.93, 40.35, 10.09
-0.18, -1.03, -0.04, -3.23, 29.79, -0.07
-0.20, -1.05, 0.04, -14.63, 20.03, -8.60
-0.23, -1.05, 0.10, -22.84, 16.38, -19.73
-0.24, -1.02, 0.07, -34.45, 15.81, -26.34
-0.20, -0.99, -0.02, -38.87, 19.78, -27.54
-0.11, -0.93, -0.15, -36.58, 13.65, -25.02
-0.01, -0.86, -0.25, -33.37, 1.39, -19.08
0.06, -0.82, -0.30, -26.07, -13.88, -12.58
0.06, -0.81, -0.32, -22.93, -12.59, -0.03
0.08, -0.80, -0.32, -13.91, -13.17, 9.53
0.11, -0.78, -0.33, -8.27, -18.03, 18.27
0.09, -0.78, -0.34, 0.88, -15.86, 21.35
0.01, -0.81, -0.32, 6.04, -9.05, 22.04
-0.10, -0.84, -0.23, 7.61, 7.06, 21.08
-0.18, -0.89, -0.15, 7.03, 20.24, 16.00
-0.22, -0.96, -0.07, 3.62, 36.04, 13.07
-0.22, -1.01, -0.01, -2.41, 33.94, 3.83
-0.23, -1.04, 0.04, -10.66, 21.62, -6.22
-0.23, -1.04, 0.07, -19.42, 12.98, -16.58
-0.22, -1.02, 0.07, -32.13, 6.48, -25.29
-0.19, -1.00, 0.04, -40.00, 3.38, -28.54
-0.13, -0.96, -0.05, -40.32, 3.37, -28.23
-0.07, -0.91, -0.17, -37.88, 0.73, -25.32
-0.01, -0.85, -0.26, -32.07, 5.68, -17.21
0.04, -0.80, -0.33, -24.61, 2.84, -7.55
0.08, -0.75, -0.36, -16.70, -6.19, 2.07
0.12, -0.73, -0.34, -9.75, -13.06, 11.63
0.12, -0.73, -0.29, -1.48, -23.05, 15.53
0.04, -0.76, -0.27, 3.25, -16.35, 20.38
-0.05, -0.80, -0.23, 6.21, -7.04, 24.53
-0.09, -0.84, -0.18, 6.66, 2.86, 22.90
-0.11, -0.88, -0.17, 5.86, 7.12, 20.09
-0.14, -0.97, -0.14, 4.01, 11.14, 14.30
-0.18, -1.04, -0.10, 2.49, 18.43, 7.41
-0.21, -1.09, -0.07, -3.71, 16.70, -2.26
-0.23, -1.12, -0.03, -11.64, 12.53, -13.22
-0.24, -1.11, 0.03, -23.78, 13.32, -22.04
-0.23, -1.06, 0.04, -33.57, 11.84, -28.34
-0.17, -1.02, -0.03, -39.46, 8.04, -27.43
-0.08, -0.96, -0.10, -45.03, -3.66, -26.71
-0.02, -0.89, -0.18, -37.44, -6.30, -19.63
0.01, -0.80, -0.26, -32.53, 0.37, -10.36
0.05, -0.73, -0.33, -22.15, 2.84, 0.46
0.10, -0.68, -0.36, -10.71, -0.19, 8.83
0.09, -0.68, -0.32, -4.58, -9.56, 11.95
-0.01, -0.74, -0.26, -1.02, -8.26, 14.47
-0.10, -0.79, -0.24, 2.18, 2.45, 15.98
-0.12, -0.80, -0.22, 7.81, 8.01, 15.95
-0.09, -0.84, -0.22, 9.19, 11.50, 17.99
-0.06, -0.92, -0.19, 7.96, 10.72, 16.96
-0.04, -1.00, -0.13, 5.24, 7.36, 11.88
-0.09, -1.08, -0.05, -2.20, 11.62, 6.55
-0.17, -1.12, -0.01, -7.87, 20.22, -0.78
-0.21, -1.10, 0.00, -15.40, 23.66, -12.16
-0.22, -1.07, 0.01, -22.58, 23.22, -20.01
-0.19, -1.04, -0.00, -30.77, 16.17, -23.44
-0.12, -0.99, -0.05, -37.19, 4.32, -26.39
-0.07, -0.92, -0.07, -41.30, -3.38, -25.44
-0.04, -0.86, -0.13, -38.10, -2.96, -18.03
0.01, -0.80, -0.24, -32.09, 0.77, -8.87
0.07, -0.73, -0.35, -18.96, 1.50, 2.99
0.11, -0.67, -0.40, -8.73, -2.69, 10.92
0.08, -0.68, -0.34, -0.83, -11.90, 16.50
-0.01, -0.76, -0.27, 3.40, -5.14, 17.68
-0.09, -0.80, -0.24, 7.29, 6.44, 17.24
-0.14, -0.83, -0.20, 10.12, 15.50, 15.65
-0.14, -0.89, -0.18, 5.89, 22.78, 13.64
-0.12, -0.95, -0.12, 2.98, 20.48, 10.64
-0.11, -1.02, -0.09, -0.57, 25.54, 6.20
-0.12, -1.07, -0.07, -4.27, 35.00, -0.62
-0.16, -1.10, -0.04, -11.71, 44.03, -8.14
-0.16, -1.10, 0.01, -20.13, 42.61, -16.48
-0.15, -1.07, 0.05, -29.48, 34.66, -22.58
-0.14, -1.03, 0.04, -38.03, 26.01, -26.91
-0.10, -0.98, -0.03, -42.14, 15.09, -27.57
-0.05, -0.92, -0.10, -44.94, 5.95, -23.96
0.03, -0.83, -0.20, -36.72, -5.11, -15.18
0.08, -0.75, -0.34, -27.35, -5.36, -4.65
0.13, -0.68, -0.39, -16.80, -7.10, 6.12
0.13, -0.67, -0.39, -8.84, -13.53, 12.48
0.06, -0.72, -0.31, -5.20, -19.50, 18.01
-0.03, -0.79, -0.27, -1.22, -8.49, 19.81
-0.09, -0.83, -0.27, 3.89, 2.46, 19.46
-0.11, -0.85, -0.25, 5.67, 12.28, 19.68
-0.10, -0.92, -0.20, 3.90, 12.79, 16.24
-0.10, -1.00, -0.14, 0.83, 16.31, 11.90
-0.13, -1.07, -0.11, -3.01, 21.57, 6.54
-0.14, -1.11, -0.06, -10.22, 21.43, -3.42
-0.17, -1.12, -0.02, -15.56, 20.91, -11.99
-0.17, -1.09, -0.00, -24.54, 18.39, -19.75
-0.15, -1.04, -0.01, -31.79, 13.71, -24.00
-0.09, -0.96, -0.05, -38.07, 5.45, -24.60
-0.02, -0.90, -0.11, -37.70, -1.06, -19.41
0.04, -0.81, -0.21, -33.45, -5.79, -9.79
0.11, -0.74, -0.30, -24.64, -10.20, 2.35
0.15, -0.68, -0.35, -13.83, -16.59, 13.44
0.13, -0.68, -0.32, -8.78, -29.54, 19.33
0.03, -0.75, -0.26, -5.85, -24.31, 22.43
-0.06, -0.79, -0.25, -2.43, -14.83, 23.80
-0.10, -0.80, -0.25, 1.63, -8.58, 23.62
-0.10, -0.83, -0.24, 4.63, -5.78, 22.75
-0.12, -0.90, -0.23, 4.79, 2.09, 18.90
-0.15, -0.97, -0.19, 2.75, 10.38, 14.12
-0.18, -1.03, -0.13, 0.44, 20.36, 10.55
-0.20, -1.08, -0.07, -5.22, 26.05, 2.80
-0.20, -1.09, -0.05, -9.97, 26.86, -4.95
-0.19, -1.09, -0.04, -16.32, 16.64, -14.35
-0.18, -1.05, -0.00, -25.46, 8.39, -21.14
-0.15, -1.00, -0.01, -31.29, 6.59, -25.17
-0.11, -0.95, -0.07, -35.80, 1.84, -24.80
-0.07, -0.88, -0.13, -36.07, -3.47, -23.16
-0.02, -0.81, -0.18, -32.94, -1.85, -11.95
0.06, -0.76, -0.28, -26.29, -7.81, 1.54
0.17, -0.72, -0.36, -14.48, -19.61, 12.47
0.19, -0.71, -0.36, -4.60, -29.68, 19.25
0.10, -0.74, -0.35, 4.02, -27.59, 24.51
-0.02, -0.80, -0.33, 8.28, -18.19, 25.15
-0.09, -0.84, -0.26, 8.43, -9.61, 22.00
-0.15, -0.90, -0.14, 6.46, -0.22, 17.12
-0.19, -0.97, -0.09, 2.78, 13.05, 13.20
-0.22, -1.03, -0.07, -1.55, 25.65, 7.85
-0.21, -1.05, -0.07, -5.81, 30.27, 0.63
-0.18, -1.06, -0.03, -12.81, 19.36, -6.34
-0.16, -1.05, 0.06, -22.41, 3.52, -13.31
-0.17, -1.03, 0.06, -32.58, -3.04, -18.79
-0.17, -1.00, -0.01, -36.04, -0.52, -24.70
-0.14, -0.94, -0.14, -37.40, 2.33, -22.82
-0.09, -0.86, -0.20, -33.82, -5.66, -19.73
-0.05, -0.79, -0.23, -31.54, -3.47, -14.08
-0.00, -0.75, -0.30, -23.70, -2.83, -1.21
0.09, -0.73, -0.34, -17.00, -13.49, 8.34
0.14, -0.72, -0.32, -7.41, -25.68, 16.51
0.09, -0.75, -0.34, 1.50, -28.16, 21.74
0.01, -0.79, -0.36, 7.38, -19.07, 24.62
-0.05, -0.84, -0.28, 8.40, -10.40, 22.40
-0.13, -0.90, -0.13, 5.81, 5.66, 18.87
-0.21, -0.96, -0.09, 3.88, 21.58, 15.85
-0.22, -1.03, -0.11, -0.50, 34.57, 11.31
-0.19, -1.05, -0.10, -3.69, 36.38, 3.74
-0.16, -1.06, -0.04, -10.74, 21.58, -3.32
-0.16, -1.06, 0.05, -19.78, 6.99, -12.12
-0.18, -1.05, 0.08, -30.02, 1.70, -20.94
-0.20, -1.02, 0.02, -35.49, 4.30, -26.98
-0.17, -0.96, -0.10, -36.12, 6.43, -25.42
-0.09, -0.88, -0.18, -34.55, -0.31, -22.54
-0.02, -0.81, -0.24, -29.87, -6.48, -18.15
0.01, -0.77, -0.28, -25.78, -5.28, -6.18
0.07, -0.75, -0.32, -18.63, -11.44, 3.74
0.12, -0.73, -0.32, -11.45, -18.85, 14.69
0.11, -0.73, -0.33, -1.05, -23.66, 20.64
0.04, -0.76, -0.37, 8.04, -20.06, 24.93
-0.05, -0.79, -0.34, 13.52, -11.64, 24.60
-0.11, -0.83, -0.25, 14.37, -2.02, 23.83
-0.15, -0.91, -0.15, 11.06, 6.03, 18.67
-0.17, -0.99, -0.06, 5.61, 19.37, 15.88
-0.22, -1.04, 0.01, 0.18, 35.87, 7.96
-0.27, -1.06, 0.06, -9.93, 41.24, 0.03
-0.26, -1.07, 0.07, -19.69, 25.92, -10.60
-0.22, -1.04, 0.05, -26.64, 4.30, -20.89
-0.19, -0.98, 0.03, -31.38, -3.70, -27.68
-0.17, -0.95, -0.05, -34.68, -1.80, -30.96
-0.13, -0.93, -0.17, -33.49, 2.01, -24.28
-0.05, -0.85, -0.23, -30.51, -3.29, -21.03
-0.00, -0.80, -0.25, -28.44, -6.90, -11.01
0.05, -0.78, -0.31, -21.80, -4.77, 3.18
0.13, -0.77, -0.37, -13.80, -14.13, 13.62
0.16, -0.74, -0.40, 0.13, -21.67, 22.02
0.10, -0.75, -0.42, 8.96, -21.27, 25.76
-0.01, -0.80, -0.34, 14.42, -13.63, 26.43
-0.11, -0.84, -0.21, 14.99, 1.65, 24.98
-0.18, -0.92, -0.12, 10.41, 15.23, 21.87
-0.20, -1.00, -0.01, 4.03, 27.38, 14.96
-0.24, -1.02, 0.04, -1.63, 39.14, 7.87
-0.27, -1.04, 0.06, -12.20, 32.16, -2.49
-0.26, -1.06, 0.08, -20.55, 13.09, -14.29
-0.23, -1.03, 0.06, -26.89, 0.76, -22.96
-0.21, -0.98, 0.02, -29.12, -1.43, -30.24
-0.18, -0.96, -0.07, -32.67, 0.13, -31.35
-0.13, -0.94, -0.15, -35.14, 3.80, -31.30
-0.08, -0.89, -0.24, -30.32, 8.26, -24.51
-0.04, -0.82, -0.27, -30.74, 11.86, -11.91
0.05, -0.78, -0.29, -24.68, 0.74, 0.46
0.17, -0.76, -0.32, -18.77, -14.69, 14.27
0.21, -0.74, -0.32, -9.03, -32.18, 21.83
0.12, -0.75, -0.35, -1.69, -35.09, 27.49
-0.01, -0.79, -0.31, 1.57, -25.53, 27.23
-0.11, -0.83, -0.16, 4.67, -19.38, 23.77
-0.20, -0.88, -0.13, 3.49, 0.26, 18.10
-0.27, -0.94, -0.08, 2.36, 20.72, 11.89
-0.30, -0.98, -0.07, 2.89, 39.98, 5.52
-0.26, -1.02, -0.07, -1.52, 42.12, -3.01
-0.21, -1.04, -0.01, -9.67, 27.15, -9.72
-0.18, -1.05, 0.06, -19.89, 10.13, -18.61
-0.18, -1.02, 0.09, -27.30, 5.44, -26.11
-0.20, -0.99, 0.02, -32.76, 8.34, -31.03
-0.17, -0.96, -0.08, -38.18, 9.27, -31.20
-0.09, -0.91, -0.15, -36.04, 4.02, -25.56
-0.00, -0.84, -0.24, -34.77, -2.08, -13.28
0.11, -0.79, -0.31, -25.70, -8.17, 4.53
0.24, -0.75, -0.42, -13.11, -20.04, 16.50
0.24, -0.71, -0.43, -2.42, -33.91, 24.02
0.11, -0.75, -0.37, 4.41, -28.65, 28.26
-0.03, -0.79, -0.30, 5.80, -20.23, 30.84
-0.12, -0.82, -0.19, 6.33, -14.79, 24.46
-0.19, -0.85, -0.10, 4.93, -2.23, 21.17
-0.25, -0.91, -0.05, 5.54, 17.40, 16.02
-0.27, -0.97, -0.06, 3.52, 35.06, 10.79
-0.24, -1.03, -0.04, -1.57, 38.77, 1.96
-0.21, -1.07, -0.01, -10.86, 29.36, -2.83
-0.18, -1.09, 0.05, -22.10, 9.17, -16.16
-0.19, -1.05, 0.08, -29.71, 1.73, -23.38
-0.21, -1.01, 0.04, -34.58, -1.99, -30.62
-0.21, -0.99, -0.09, -38.46, 4.60, -32.59
-0.15, -0.93, -0.21, -37.55, 7.93, -26.73
-0.08, -0.84, -0.23, -33.55, 5.49, -20.76
-0.00, -0.77, -0.26, -29.57, 6.95, -8.85
0.08, -0.76, -0.35, -20.43, -5.04, 6.65
0.17, -0.73, -0.39, -11.20, -16.10, 15.81
0.18, -0.72, -0.36, -1.00, -27.23, 21.51
0.05, -0.75, -0.35, 8.07, -19.93, 23.21
-0.09, -0.79, -0.29, 11.43, -0.10, 20.01
-0.20, -0.84, -0.16, 12.00, 19.66, 18.85
-0.24, -0.91, -0.07, 8.68, 37.45, 15.12
-0.21, -0.99, -0.06, 5.07, 42.42, 12.95
-0.17, -1.03, -0.02, -3.46, 26.46, 3.84
-0.17, -1.05, 0.06, -13.91, 10.91, -4.13
-0.18, -1.06, 0.09, -23.46, 4.93, -14.06
-0.19, -1.05, 0.04, -30.89, 5.42, -18.02
-0.15, -1.02, -0.04, -35.40, 4.36, -19.62
-0.11, -0.97, -0.14, -33.47, 0.61, -17.74
-0.06, -0.88, -0.23, -32.01, -7.72, -14.13
-0.00, -0.82, -0.27, -24.75, -16.67, -7.03
0.02, -0.79, -0.30, -21.03, -20.08, 1.81
0.05, -0.79, -0.29, -14.86, -23.26, 8.07
0.05, -0.77, -0.32, -4.71, -22.62, 17.53
0.02, -0.76, -0.38, 3.66, -19.32, 19.67
-0.03, -0.78, -0.33, 7.36, -10.30, 19.23
-0.10, -0.81, -0.18, 8.70, 3.63, 17.72
-0.22, -0.87, -0.10, 8.57, 27.95, 19.40
-0.24, -0.94, -0.11, 7.60, 47.21, 16.42
-0.20, -1.00, -0.08, 1.33, 39.24, 10.44
-0.16, -1.02, 0.01, -7.28, 19.48, 3.43
-0.16, -1.03, 0.10, -17.18, -1.97, -4.29
-0.20, -1.04, 0.09, -25.11, -7.81, -14.48
-0.23, -1.01, 0.02, -32.20, -5.72, -18.00
-0.21, -0.97, -0.05, -33.58, -5.96, -19.14
-0.12, -0.90, -0.16, -30.56, -10.42, -14.58
-0.03, -0.84, -0.27, -24.04, -23.96, -7.60
0.03, -0.79, -0.32, -18.26, -31.29, 0.26
0.05, -0.78, -0.31, -13.24, -35.45, 3.07
0.01, -0.79, -0.30, -5.48, -29.35, 8.62
-0.06, -0.81, -0.33, 1.31, -18.45, 14.12
-0.09, -0.82, -0.34, 6.57, -12.09, 18.19
-0.03, -0.83, -0.27, 9.15, -9.75, 20.82
-0.07, -0.86, -0.17, 7.91, -5.31, 21.27
-0.13, -0.90, -0.06, 5.55, 11.50, 20.29
-0.22, -0.95, 0.02, 2.61, 28.82, 15.14
-0.28, -1.00, 0.04, -3.01, 38.54, 10.88
-0.26, -1.04, 0.08, -15.76, 14.17, -5.22
-0.28, -1.04, 0.14, -24.87, -1.33, -19.24
-0.31, -0.99, 0.12, -28.98, 1.19, -24.71
-0.27, -0.97, 0.01, -31.04, 5.65, -29.88
-0.19, -0.96, -0.12, -33.68, 1.64, -31.07
-0.10, -0.93, -0.21, -30.52, -2.40, -28.05
-0.02, -0.86, -0.28, -29.65, -5.73, -18.60
0.04, -0.82, -0.31, -23.12, -9.38, -4.17
0.10, -0.79, -0.32, -19.09, -12.85, 7.87
0.13, -0.78, -0.30, -11.62, -21.54, 16.57
0.07, -0.78, -0.31, -2.47, -21.28, 23.27
0.00, -0.78, -0.33, 2.29, -16.06, 24.79
-0.10, -0.79, -0.21, 5.29, -0.03, 22.70
-0.21, -0.81, -0.09, 9.39, 19.27, 20.04
-0.28, -0.86, -0.06, 13.01, 49.33, 17.29
-0.29, -0.97, -0.07, 7.99, 58.19, 11.32
-0.24, -1.02, 0.01, -4.12, 30.29, 3.88
-0.23, -1.05, 0.17, -17.33, -2.82, -14.78
-0.30, -1.02, 0.21, -25.70, 1.72, -23.78
-0.32, -1.01, 0.09, -30.96, 11.33, -29.09
-0.24, -1.02, -0.05, -33.89, 11.48, -32.94
-0.14, -0.97, -0.18, -32.94, 7.21, -31.45
-0.03, -0.90, -0.26, -30.49, -2.26, -23.23
0.03, -0.85, -0.29, -26.29, -7.02, -13.66
0.06, -0.82, -0.28, -25.80, -5.75, 1.44
0.11, -0.80, -0.28, -17.52, -16.19, 10.21
0.10, -0.78, -0.30, -12.36, -21.01, 16.38
0.02, -0.78, -0.27, -6.56, -14.95, 21.34
-0.04, -0.79, -0.25, 1.57, -9.13, 20.68
-0.11, -0.81, -0.22, 5.38, 7.98, 20.96
-0.17, -0.84, -0.17, 9.03, 24.77, 19.47
-0.21, -0.89, -0.12, 9.06, 41.92, 15.48
-0.20, -0.95, -0.04, 3.87, 44.44, 13.33
-0.17, -1.02, 0.04, -6.42, 19.53, 5.60
-0.20, -1.05, 0.13, -19.12, -0.86, -11.54
-0.30, -1.03, 0.17, -27.08, 4.35, -21.95
-0.35, -1.01, 0.10, -34.74, 13.85, -28.63
-0.27, -1.00, -0.07, -36.29, 11.84, -30.42
-0.13, -0.95, -0.20, -36.62, 0.18, -30.18
-0.02, -0.87, -0.25, -29.76, -5.52, -21.63
0.03, -0.82, -0.32, -25.33, -7.37, -8.58
0.09, -0.81, -0.34, -20.75, -14.00, 3.39
0.11, -0.80, -0.32, -14.50, -17.84, 11.99
0.07, -0.77, -0.31, -5.14, -12.80, 22.52
0.02, -0.77, -0.33, 3.32, -8.33, 21.73
-0.07, -0.77, -0.26, 8.48, 4.17, 22.86
-0.17, -0.79, -0.16, 12.08, 25.53, 21.17
-0.22, -0.85, -0.09, 12.65, 45.40, 18.86
-0.21, -0.94, -0.04, 7.03, 52.29, 16.81
-0.14, -1.03, 0.01, -5.11, 18.75, 10.87
-0.13, -1.07, 0.13, -16.59, -14.75, -4.63
-0.21, -1.06, 0.15, -22.90, -14.63, -16.45
-0.28, -1.06, 0.07, -32.43, -3.74, -21.53
-0.26, -1.05, -0.03, -36.84, 3.01, -23.67
-0.16, -0.98, -0.17, -35.33, -1.00, -20.75
-0.05, -0.89, -0.25, -35.47, -13.18, -15.37
0.03, -0.83, -0.28, -27.48, -30.94, -3.53
0.07, -0.80, -0.31, -21.91, -42.38, 1.82
0.05, -0.79, -0.32, -12.96, -41.01, 8.70
0.00, -0.80, -0.34, -5.84, -36.32, 17.69
-0.03, -0.82, -0.36, -0.27, -28.19, 22.12
-0.05, -0.83, -0.31, 0.83, -19.77, 28.11
-0.07, -0.84, -0.22, 2.20, -12.69, 27.73
-0.14, -0.84, -0.09, 2.46, 7.59, 25.01
-0.27, -0.87, -0.00, 2.78, 35.63, 24.77
-0.31, -0.92, 0.01, -0.56, 41.29, 15.04
-0.31, -0.97, 0.04, -9.36, 19.51, 1.74
-0.34, -0.97, 0.15, -18.03, 8.06, -15.64
-0.38, -0.96, 0.18, -23.14, 14.58, -25.83
-0.36, -0.96, 0.07, -30.52, 19.85, -28.97
-0.22, -0.97, -0.08, -37.36, 12.60, -32.11
-0.07, -0.92, -0.19, -31.69, -5.74, -23.36
0.05, -0.85, -0.26, -27.41, -23.54, -17.13
0.07, -0.83, -0.34, -21.93, -28.68, -6.42
0.07, -0.85, -0.35, -15.25, -22.04, 1.77
0.04, -0.86, -0.32, -11.22, -11.26, 13.50
0.02, -0.86, -0.32, -5.19, -4.01, 21.58
0.02, -0.86, -0.32, -1.54, -2.83, 21.45
-0.05, -0.85, -0.22, 2.68, 6.08, 21.94
-0.17, -0.84, -0.10, 7.43, 22.08, 17.45
-0.25, -0.87, -0.04, 7.29, 41.39, 13.63
-0.31, -0.94, 0.01, -1.79, 50.82, 3.79
-0.33, -1.01, 0.14, -18.10, 26.93, -11.01
-0.36, -1.01, 0.25, -33.88, 10.59, -24.19
-0.35, -0.96, 0.19, -38.08, 8.25, -32.00
-0.26, -0.94, 0.00, -38.21, 9.43, -37.25
-0.17, -0.92, -0.20, -34.93, 5.78, -33.95
-0.04, -0.86, -0.28, -30.37, -1.92, -27.70
0.04, -0.81, -0.30, -25.89, -15.25, -15.06
0.11, -0.83, -0.36, -21.50, -17.49, -3.43
0.10, -0.85, -0.35, -15.45, -8.06, 10.07
0.09, -0.83, -0.36, -5.85, -2.06, 19.85
0.09, -0.81, -0.40, 1.38, 1.10, 25.51
0.01, -0.81, -0.33, 4.98, 10.26, 28.92
-0.12, -0.80, -0.17, 10.47, 19.95, 29.03
-0.18, -0.83, -0.10, 9.75, 33.19, 27.04
-0.23, -0.92, -0.02, 3.48, 33.69, 16.68
-0.29, -0.99, 0.07, -8.14, 19.56, 1.32
-0.40, -1.01, 0.21, -23.79, 3.36, -15.73
-0.40, -1.00, 0.16, -28.88, 4.44, -24.27
-0.34, -0.99, 0.03, -32.55, 4.02, -33.51
-0.23, -0.98, -0.10, -35.52, 0.97, -36.80
-0.10, -0.96, -0.18, -33.23, -1.47, -33.89
-0.01, -0.94, -0.28, -31.42, -0.48, -25.80
0.03, -0.92, -0.33, -29.07, 5.98, -12.97
0.10, -0.89, -0.39, -20.84, 5.15, 5.27
0.20, -0.85, -0.45, -12.43, -4.64, 12.26
0.19, -0.82, -0.43, -6.01, -10.64, 22.95
0.08, -0.82, -0.37, -1.53, -9.52, 27.90
-0.05, -0.82, -0.28, -0.24, 11.69, 32.18
-0.14, -0.80, -0.17, 2.77, 30.33, 30.55
-0.17, -0.83, -0.07, 5.04, 42.72, 27.64
-0.17, -0.91, -0.03, 2.17, 28.25, 19.95
-0.21, -0.96, 0.06, -10.14, 1.57, 7.89
-0.31, -0.94, 0.18, -14.08, -8.93, -8.91
-0.40, -0.92, 0.17, -25.51, -0.08, -23.35
-0.41, -0.96, 0.11, -31.15, 2.06, -32.19
-0.26, -0.95, -0.02, -32.13, 3.47, -33.67
-0.14, -0.91, -0.19, -29.79, 1.66, -27.03
0.01, -0.85, -0.31, -22.23, -10.48, -18.23
0.09, -0.79, -0.38, -14.45, -16.91, -3.61
0.16, -0.78, -0.44, -7.97, -21.86, 12.22
0.18, -0.81, -0.41, -0.78, -29.39, 24.28
0.11, -0.83, -0.37, 4.38, -30.57, 34.31
0.02, -0.83, -0.33, 5.22, -17.74, 36.44
-0.11, -0.82, -0.17, 6.71, 3.07, 37.42
-0.21, -0.83, -0.04, 7.87, 21.92, 31.99
-0.31, -0.90, 0.02, 5.31, 33.21, 21.88
-0.37, -0.99, 0.04, -3.55, 23.41, 4.22
-0.43, -1.03, 0.13, -19.59, 9.98, -12.04
-0.41, -1.00, 0.17, -27.68, 8.09, -21.32
-0.32, -0.97, 0.06, -28.65, 8.89, -27.75
-0.21, -0.95, -0.15, -29.55, 9.19, -29.24
-0.10, -0.94, -0.24, -26.55, 6.18, -23.41
-0.01, -0.89, -0.29, -23.60, 3.05, -14.37
0.05, -0.86, -0.33, -17.87, 2.75, -3.29
0.06, -0.86, -0.34, -14.74, 5.21, 5.22
0.05, -0.86, -0.31, -11.35, 4.74, 12.60
-0.00, -0.85, -0.27, -9.27, 5.68, 14.59
-0.09, -0.83, -0.20, -7.97, 12.24, 15.29
-0.17, -0.82, -0.12, -8.39, 18.80, 14.09
-0.21, -0.83, -0.03, -10.99, 21.40, 10.24
-0.23, -0.87, -0.03, -16.15, 23.00, 5.54
-0.26, -0.90, -0.01, -22.18, 28.83, 0.18
-0.25, -0.91, -0.03, -24.75, 29.88, -0.44
-0.20, -0.90, -0.10, -26.12, 31.51, -3.43
-0.17, -0.87, -0.14, -25.87, 37.82, -4.00
-0.17, -0.86, -0.17, -26.44, 52.77, -3.16
-0.16, -0.87, -0.20, -27.62, 64.00, -0.67
-0.14, -0.88, -0.21, -28.82, 64.00, 0.22
-0.13, -0.87, -0.25, -28.03, 64.00, 1.02
-0.13, -0.87, -0.27, -29.59, 64.00, 3.20
-0.13, -0.87, -0.26, -31.50, 64.00, 2.52
-0.16, -0.86, -0.18, -34.68, 64.00, 2.26
-0.18, -0.86, -0.16, -37.19, 64.00, 2.87
-0.13, -0.86, -0.22, -34.70, 64.00, 4.04
-0.03, -0.86, -0.27, -30.12, 53.46, 4.38
-0.00, -0.85, -0.27, -24.90, 44.34, 0.78
-0.07, -0.86, -0.24, -24.39, 52.91, -1.90
-0.14, -0.89, -0.20, -25.48, 64.00, -1.77
-0.15, -0.91, -0.22, -28.16, 64.00, -1.65
-0.08, -0.93, -0.22, -29.50, 64.00, -2.90
-0.02, -0.92, -0.22, -27.18, 53.96, -4.39
0.00, -0.94, -0.23, -26.68, 46.30, -7.40
-0.02, -0.96, -0.22, -26.74, 48.96, -11.44
-0.07, -0.96, -0.24, -28.04, 63.88, -12.69
-0.07, -0.96, -0.25, -29.92, 64.00, -11.64
0.00, -0.95, -0.28, -27.49, 59.03, -11.67
0.06, -0.91, -0.31, -26.16, 49.48, -9.78
0.08, -0.89, -0.30, -26.15, 41.12, -8.53
0.06, -0.89, -0.29, -25.99, 37.74, -6.43
0.02, -0.87, -0.31, -25.56, 44.04, -5.52
-0.01, -0.85, -0.32, -26.19, 49.44, -4.20
-0.02, -0.84, -0.30, -26.03, 48.10, -0.34
-0.01, -0.84, -0.29, -24.78, 41.79, 0.53
0.01, -0.85, -0.30, -23.67, 35.00, 0.51
0.01, -0.85, -0.31, -20.46, 37.58, 1.52
-0.01, -0.84, -0.30, -20.26, 28.38, 1.21
-0.00, -0.84, -0.31, -16.88, 20.12, 4.02
0.02, -0.84, -0.34, -13.46, 24.04, 2.33
-0.05, -0.83, -0.33, -13.21, 35.60, -0.17
-0.07, -0.86, -0.32, -14.51, 44.85, 0.05
-0.02, -0.89, -0.33, -15.54, 47.94, 0.95
0.01, -0.89, -0.32, -17.56, 50.81, 1.18
0.04, -0.88, -0.32, -17.30, 47.90, 2.07
0.07, -0.87, -0.34, -18.00, 48.66, 2.95
0.06, -0.86, -0.34, -18.94, 46.97, 2.34
0.06, -0.86, -0.34, -18.72, 44.65, 4.66
0.07, -0.86, -0.36, -20.14, 41.07, 5.38
0.07, -0.86, -0.37, -20.02, 36.21, 7.44
0.07, -0.86, -0.37, -20.07, 27.05, 8.18
0.07, -0.87, -0.37, -18.83, 17.90, 11.37
0.07, -0.87, -0.37, -15.52, 16.46, 11.91
0.05, -0.86, -0.36, -14.73, 22.40, 13.19
0.03, -0.86, -0.35, -14.87, 24.88, 12.61
0.01, -0.86, -0.34, -15.42, 22.07, 12.78
0.04, -0.86, -0.32, -14.59, 16.71, 12.10
0.04, -0.85, -0.31, -14.71, 15.31, 9.58
0.00, -0.85, -0.32, -15.54, 16.03, 8.69
-0.01, -0.85, -0.33, -14.98, 17.10, 9.92
0.02, -0.85, -0.34, -13.26, 13.64, 10.29
0.04, -0.84, -0.35, -12.63, 10.83, 12.27
0.05, -0.85, -0.33, -11.30, 11.97, 14.29
0.06, -0.88, -0.32, -10.29, 9.83, 13.92
0.04, -0.87, -0.34, -7.98, 10.49, 12.64
0.01, -0.86, -0.34, -8.39, 12.49, 10.87
0.00, -0.87, -0.34, -7.92, 11.45, 11.73
0.00, -0.88, -0.34, -7.88, 10.93, 11.97
0.01, -0.87, -0.34, -8.54, 14.00, 12.50
0.01, -0.86, -0.33, -9.19, 18.50, 11.12
-0.00, -0.86, -0.32, -9.50, 21.49, 10.77
0.00, -0.86, -0.32, -10.94, 17.56, 12.33
0.02, -0.87, -0.33, -10.99, 11.20, 12.62
0.04, -0.86, -0.33, -10.21, 4.95, 13.37
0.02, -0.85, -0.33, -11.48, 6.35, 12.89
-0.01, -0.84, -0.33, -13.25, 12.81, 14.51
-0.02, -0.84, -0.33, -12.84, 17.80, 15.33
-0.01, -0.85, -0.33, -13.15, 20.67, 16.28
0.01, -0.87, -0.32, -14.14, 15.34, 18.27
0.03, -0.88, -0.31, -13.35, 4.93, 19.09
0.03, -0.88, -0.31, -12.06, -3.80, 19.49
0.00, -0.87, -0.32, -11.26, -6.11, 18.28
-0.03, -0.88, -0.32, -12.27, -2.14, 16.43
-0.06, -0.88, -0.31, -13.66, 0.48, 13.66
-0.07, -0.89, -0.30, -13.44, 0.03, 12.75
-0.07, -0.90, -0.30, -13.69, -0.98, 10.40
-0.06, -0.91, -0.31, -13.64, -3.06, 8.45
-0.06, -0.90, -0.32, -12.75, -3.66, 4.11
-0.06, -0.89, -0.32, -11.77, -3.62, 1.57
-0.07, -0.88, -0.32, -12.82, -2.53, 1.04
-0.06, -0.88, -0.31, -14.95, -1.11, -0.70
-0.06, -0.88, -0.31, -15.29, 1.04, -0.28
-0.05, -0.86, -0.31, -15.56, 3.14, -0.27
-0.03, -0.85, -0.31, -16.27, 3.30, 0.13
-0.02, -0.85, -0.31, -15.38, 2.69, 1.40
-0.00, -0.85, -0.33, -16.04, 4.90, 4.03
0.00, -0.85, -0.33, -18.07, 6.67, 5.20
-0.03, -0.85, -0.31, -20.18, 9.86, 6.71
-0.03, -0.86, -0.31, -22.30, 14.88, 8.44
-0.02, -0.86, -0.31, -24.12, 13.74, 9.51
-0.02, -0.85, -0.31, -25.09, 12.33, 10.08
-0.02, -0.86, -0.31, -27.67, 11.87, 11.51
-0.02, -0.86, -0.32, -29.78, 12.45, 13.42
-0.04, -0.86, -0.33, -32.03, 16.24, 14.29
-0.06, -0.85, -0.33, -33.63, 20.33, 16.49
-0.07, -0.85, -0.32, -36.07, 23.05, 15.16
-0.07, -0.85, -0.32, -39.52, 28.74, 15.39
-0.08, -0.84, -0.33, -41.84, 33.66, 12.82
-0.10, -0.83, -0.35, -43.45, 40.16, 11.04
-0.09, -0.82, -0.39, -43.80, 41.61, 9.56
-0.06, -0.83, -0.40, -43.82, 39.19, 9.43
-0.05, -0.84, -0.39, -45.77, 39.09, 10.90
-0.05, -0.85, -0.39, -47.13, 44.67, 10.24
-0.06, -0.84, -0.41, -48.44, 52.07, 5.72
-0.08, -0.84, -0.44, -48.97, 59.21, 2.90
-0.07, -0.84, -0.47, -49.93, 62.23, 0.59
-0.04, -0.85, -0.48, -50.20, 59.17, -0.50
-0.02, -0.85, -0.48, -51.37, 54.11, -0.56
-0.01, -0.85, -0.48, -50.45, 49.33, -3.19
-0.00, -0.84, -0.49, -50.06, 44.02, -4.12
-0.00, -0.83, -0.50, -48.64, 39.13, -4.80
0.01, -0.82, -0.51, -47.93, 36.58, -5.39
0.02, -0.82, -0.51, -46.40, 29.76, -4.42
0.03, -0.81, -0.51, -45.01, 24.96, -4.66
0.03, -0.80, -0.50, -43.41, 21.66, -4.83
0.02, -0.79, -0.51, -41.65, 22.92, -6.30
0.00, -0.78, -0.54, -37.09, 25.93, -6.82
0.00, -0.77, -0.57, -34.78, 27.30, -5.64
0.02, -0.77, -0.54, -33.54, 27.05, -4.70
0.03, -0.78, -0.51, -33.32, 24.29, -3.91
0.04, -0.77, -0.50, -33.24, 21.04, -5.21
0.04, -0.76, -0.50, -32.74, 17.76, -5.65
0.02, -0.72, -0.52, -30.42, 12.67, -7.08
0.02, -0.75, -0.55, -27.80, 6.72, -6.13
0.02, -0.75, -0.56, -25.67, 2.53, -6.65
0.00, -0.76, -0.54, -25.10, 5.44, -7.07
-0.02, -0.77, -0.53, -24.95, 10.13, -9.85
-0.03, -0.76, -0.52, -24.72, 14.79, -11.62
-0.02, -0.75, -0.52, -24.83, 16.91, -14.03
-0.01, -0.75, -0.53, -24.62, 16.61, -15.41
-0.00, -0.75, -0.56, -23.21, 14.04, -17.32
0.01, -0.74, -0.59, -20.50, 11.40, -17.83
0.03, -0.74, -0.59, -20.02, 9.41, -19.21
0.04, -0.75, -0.57, -17.81, 9.60, -18.31
0.06, -0.76, -0.55, -20.85, 10.04, -18.04
0.07, -0.76, -0.54, -20.12, 14.11, -18.63
0.06, -0.73, -0.53, -21.73, 18.07, -18.66
0.06, -0.73, -0.54, -21.44, 18.71, -20.58
0.09, -0.74, -0.57, -19.95, 15.56, -18.84
0.11, -0.74, -0.59, -18.89, 11.33, -17.27
0.12, -0.73, -0.58, -17.35, 8.59, -16.48
0.12, -0.73, -0.57, -17.56, 5.79, -16.85
0.12, -0.73, -0.56, -15.99, 3.42, -16.38
0.13, -0.73, -0.56, -15.81, 1.77, -15.36
0.13, -0.73, -0.57, -15.32, 1.28, -14.68
0.13, -0.73, -0.58, -14.27, 1.36, -13.21
0.12, -0.72, -0.58, -13.06, 1.36, -12.89
0.11, -0.71, -0.58, -10.84, 1.72, -12.76
0.12, -0.72, -0.57, -10.66, 1.18, -12.39
0.13, -0.73, -0.56, -9.85, 1.90, -12.50
0.13, -0.73, -0.56, -10.44, 2.17, -12.36
0.12, -0.72, -0.57, -8.51, 2.53, -12.73
0.12, -0.73, -0.58, -8.66, 3.41, -11.63
0.14, -0.73, -0.57, -8.77, 2.22, -9.78
0.15, -0.74, -0.57, -8.34, 2.32, -10.28
0.15, -0.73, -0.56, -8.21, 3.43, -10.73
0.14, -0.73, -0.56, -8.99, 5.71, -10.93
0.14, -0.73, -0.57, -8.58, 4.96, -10.58
0.16, -0.74, -0.57, -9.14, 4.94, -10.18
0.17, -0.74, -0.56, -9.74, 2.69, -9.34
0.18, -0.75, -0.56, -9.48, 1.69, -8.87
0.17, -0.75, -0.56, -10.27, 2.05, -9.05
0.16, -0.74, -0.57, -10.11, 3.81, -7.95
0.17, -0.74, -0.56, -10.76, 4.85, -8.16
0.17, -0.74, -0.56, -10.99, 4.97, -5.38
0.18, -0.73, -0.55, -10.68, 3.74, -5.22
0.18, -0.74, -0.55, -10.21, 2.21, -3.69
0.17, -0.74, -0.55, -9.41, -0.37, -4.55
0.17, -0.73, -0.59, -8.94, -1.35, -4.27
0.16, -0.73, -0.56, -8.83, 0.40, -5.52
0.15, -0.74, -0.55, -10.79, 5.52, -5.69
0.16, -0.74, -0.53, -13.39, 10.58, -5.10
0.17, -0.74, -0.53, -14.58, 14.41, -5.01
0.18, -0.73, -0.54, -14.18, 15.89, -3.58
0.19, -0.72, -0.55, -14.17, 15.06, -1.34
0.20, -0.72, -0.55, -14.19, 14.41, -0.14
0.20, -0.73, -0.54, -14.89, 10.08, 0.28
0.19, -0.74, -0.55, -14.31, 4.89, 1.09
0.18, -0.75, -0.56, -14.14, 1.94, 2.18
0.17, -0.76, -0.57, -14.05, 1.12, 0.99
0.16, -0.76, -0.55, -13.59, 1.75, 0.29
0.15, -0.76, -0.55, -13.82, 3.06, -3.42
0.14, -0.76, -0.55, -12.96, 2.77, -5.04
0.14, -0.76, -0.57, -13.37, 3.41, -6.26
0.15, -0.77, -0.57, -11.62, 4.51, -7.01
0.15, -0.78, -0.57, -11.02, 5.34, -9.47
0.16, -0.78, -0.57, -11.20, 6.56, -9.90
0.17, -0.78, -0.56, -10.99, 8.49, -10.93
0.18, -0.77, -0.56, -10.72, 9.35, -12.69
0.18, -0.76, -0.56, -9.17, 7.88, -13.76
0.19, -0.75, -0.57, -9.37, 9.23, -14.55
0.19, -0.75, -0.57, -8.66, 7.92, -14.92
0.20, -0.75, -0.56, -7.99, 6.06, -14.98
0.22, -0.75, -0.55, -7.92, 4.85, -15.42
0.22, -0.74, -0.55, -7.51, 4.66, -15.77
0.21, -0.74, -0.55, -6.77, 6.26, -15.53
0.21, -0.74, -0.55, -6.61, 8.20, -14.21
0.22, -0.74, -0.55, -6.46, 9.01, -12.76
0.24, -0.73, -0.55, -6.20, 7.65, -13.97
0.24, -0.74, -0.54, -5.44, 4.17, -12.98
0.24, -0.74, -0.53, -6.24, 2.75, -12.10
0.24, -0.75, -0.52, -6.76, 2.67, -11.91
0.23, -0.76, -0.52, -6.88, 2.98, -10.95
0.23, -0.75, -0.53, -6.97, 4.16, -11.70
0.23, -0.75, -0.53, -7.97, 5.06, -10.83
0.24, -0.75, -0.52, -8.28, 5.80, -10.14
0.24, -0.75, -0.52, -9.68, 6.74, -9.58
0.24, -0.75, -0.52, -11.46, 7.88, -9.46
0.24, -0.75, -0.51, -10.75, 8.02, -9.18
0.24, -0.74, -0.51, -10.40, 8.53, -8.02
0.24, -0.74, -0.52, -10.82, 7.13, -8.29
0.23, -0.74, -0.52, -10.19, 4.47, -8.16
0.24, -0.74, -0.52, -8.96, 0.58, -8.71
0.24, -0.75, -0.52, -8.32, -1.62, -10.08
0.24, -0.76, -0.53, -8.31, -1.62, -10.63
0.24, -0.76, -0.53, -8.01, 1.98, -12.01
0.24, -0.75, -0.53, -7.70, 3.41, -11.87
0.24, -0.76, -0.52, -6.74, 2.88, -11.79
0.25, -0.77, -0.52, -6.86, 0.61, -11.25
0.27, -0.77, -0.51, -6.02, -1.74, -10.87
0.28, -0.77, -0.52, -4.67, -4.42, -11.59
0.29, -0.76, -0.52, -3.35, -7.48, -12.10
0.29, -0.75, -0.52, -2.43, -4.89, -10.65
0.28, -0.75, -0.50, -2.41, -2.14, -10.96
0.28, -0.77, -0.50, -3.02, -0.16, -9.25
0.29, -0.77, -0.51, -1.78, -0.01, -8.06
0.29, -0.75, -0.50, -2.04, 0.49, -8.87
0.28, -0.73, -0.50, -1.61, -1.15, -8.05
0.28, -0.73, -0.49, -0.97, -4.39, -7.04
0.29, -0.74, -0.48, -0.35, -8.83, -5.12
0.28, -0.76, -0.47, -1.24, -13.00, -4.63
0.27, -0.78, -0.47, -0.42, -15.58, -3.39
0.25, -0.78, -0.48, 0.78, -11.66, -5.26
0.24, -0.76, -0.49, 1.17, -8.72, -5.69
0.24, -0.74, -0.49, 1.50, -4.71, -5.14
0.25, -0.73, -0.50, 1.29, -6.48, -3.05
0.28, -0.73, -0.49, 1.53, -7.83, -1.66
0.29, -0.73, -0.46, -1.64, -8.80, -0.57
0.30, -0.75, -0.45, -7.11, -3.59, 2.52
0.32, -0.75, -0.45, -12.00, 1.98, 5.94
0.35, -0.73, -0.45, -17.47, 5.60, 10.61
0.36, -0.72, -0.47, -22.98, 11.03, 14.16
0.34, -0.73, -0.48, -27.56, 14.85, 17.78
0.32, -0.73, -0.49, -30.99, 17.84, 19.51
0.31, -0.76, -0.51, -30.29, 11.51, 19.57
0.30, -0.79, -0.54, -30.08, -4.62, 16.16
0.25, -0.83, -0.58, -24.40, -14.41, 11.99
0.17, -0.86, -0.61, -17.53, -20.68, 4.47
0.10, -0.90, -0.60, -14.09, -19.26, -4.66
0.04, -0.93, -0.57, -13.28, -6.65, -16.04
0.01, -0.93, -0.55, -12.28, 5.87, -25.51
0.06, -0.87, -0.53, -9.08, 10.01, -32.58
0.18, -0.80, -0.52, -6.51, 5.34, -32.15
0.30, -0.75, -0.51, -5.54, -1.28, -25.11
0.43, -0.68, -0.49, -6.54, -1.88, -12.73
0.52, -0.61, -0.44, -8.66, 2.01, 1.17
0.51, -0.57, -0.39, -13.80, 12.54, 10.57
0.43, -0.57, -0.37, -20.23, 22.01, 15.19
0.34, -0.61, -0.40, -26.86, 28.37, 20.16
0.28, -0.66, -0.44, -33.25, 32.57, 23.96
0.24, -0.70, -0.47, -34.03, 25.21, 25.13
0.25, -0.74, -0.51, -27.09, 3.29, 24.26
0.25, -0.81, -0.54, -19.64, -18.03, 18.06
0.15, -0.91, -0.58, -11.05, -28.66, 6.57
0.01, -0.97, -0.61, -5.48, -17.85, -6.88
-0.06, -0.97, -0.61, -4.43, 4.96, -19.87
-0.04, -0.93, -0.57, -1.21, 16.79, -31.40
0.06, -0.87, -0.54, -0.32, 18.26, -35.15
0.22, -0.79, -0.51, -1.72, 15.29, -28.98
0.41, -0.73, -0.47, -5.53, 13.19, -14.69
0.55, -0.62, -0.42, -8.46, 13.95, 1.11
0.60, -0.53, -0.40, -11.84, 12.57, 13.83
0.53, -0.51, -0.39, -14.99, 3.75, 17.14
0.38, -0.56, -0.43, -19.74, 11.80, 21.63
0.27, -0.63, -0.47, -25.93, 24.83, 23.96
0.23, -0.66, -0.49, -28.25, 31.96, 25.57
0.27, -0.72, -0.51, -24.46, 20.60, 26.41
0.31, -0.82, -0.55, -16.34, -3.91, 24.68
0.22, -0.94, -0.60, -7.39, -25.38, 16.79
0.11, -1.02, -0.61, -5.38, -27.07, 2.91
-0.05, -1.05, -0.60, -8.67, -4.34, -10.44
-0.09, -0.97, -0.56, -5.83, 12.30, -29.45
-0.03, -0.87, -0.54, -2.82, 13.94, -40.93
0.07, -0.84, -0.52, -3.37, 4.08, -42.92
0.22, -0.81, -0.49, -7.74, 6.41, -31.95
0.42, -0.71, -0.44, -11.20, 11.48, -11.04
0.62, -0.55, -0.39, -13.24, 8.96, 5.80
0.65, -0.45, -0.34, -13.73, -1.11, 16.74
0.52, -0.46, -0.36, -16.47, -6.61, 19.98
0.34, -0.57, -0.41, -22.77, 10.86, 24.99
0.21, -0.67, -0.45, -29.20, 27.44, 27.04
0.22, -0.71, -0.49, -28.22, 30.72, 30.87
0.32, -0.76, -0.53, -20.98, 6.23, 29.33
0.33, -0.88, -0.58, -8.13, -25.54, 21.98
0.19, -1.00, -0.64, -1.89, -37.72, 8.97
-0.03, -1.08, -0.64, -4.03, -20.55, -9.67
-0.17, -1.05, -0.59, -4.61, 12.74, -26.88
-0.12, -0.94, -0.57, 0.64, 19.51, -44.34
0.03, -0.89, -0.55, 1.14, 3.54, -48.95
0.22, -0.86, -0.49, -5.66, -9.70, -38.30
0.44, -0.77, -0.43, -11.01, -5.98, -14.94
0.65, -0.59, -0.36, -14.75, -3.01, 4.92
0.68, -0.45, -0.30, -15.54, -6.85, 16.50
0.58, -0.43, -0.33, -17.54, -11.87, 20.39
0.41, -0.52, -0.39, -24.58, -4.96, 25.29
0.23, -0.65, -0.45, -32.33, 10.57, 28.90
0.18, -0.69, -0.49, -32.09, 22.34, 30.00
0.22, -0.72, -0.52, -22.48, 4.90, 27.13
0.23, -0.80, -0.58, -8.14, -24.12, 21.03
0.14, -0.95, -0.64, 4.61, -45.76, 7.65
-0.04, -1.06, -0.64, 3.44, -28.13, -8.41
-0.17, -1.06, -0.57, -2.03, 7.03, -25.42
-0.13, -0.96, -0.51, -2.96, 22.57, -42.00
0.06, -0.87, -0.50, -2.76, 13.61, -43.11
0.27, -0.81, -0.47, -9.45, -4.45, -32.98
0.48, -0.78, -0.46, -13.60, -5.49, -11.63
0.63, -0.62, -0.40, -16.91, -2.85, 10.16
0.64, -0.48, -0.34, -17.01, -9.22, 17.12
0.49, -0.47, -0.37, -17.75, -4.10, 18.96
0.31, -0.53, -0.44, -26.02, 11.75, 20.95
0.21, -0.67, -0.50, -34.03, 32.26, 23.64
0.25, -0.73, -0.53, -35.00, 38.58, 27.06
0.37, -0.77, -0.55, -30.78, 30.17, 30.54
0.39, -0.83, -0.60, -21.11, 0.46, 26.33
0.26, -0.93, -0.67, -9.24, -13.79, 20.14
0.04, -1.04, -0.68, -5.44, -15.46, 2.00
-0.19, -1.07, -0.62, -9.03, 7.47, -12.18
-0.22, -0.99, -0.55, -8.34, 27.63, -30.34
-0.08, -0.85, -0.51, -4.72, 26.73, -42.31
0.06, -0.78, -0.47, -6.48, 18.62, -41.92
0.23, -0.75, -0.44, -11.23, 17.85, -29.41
0.44, -0.66, -0.42, -14.73, 17.12, -7.60
0.62, -0.53, -0.37, -18.49, 15.00, 11.49
0.68, -0.46, -0.35, -18.16, 7.12, 21.17
0.56, -0.48, -0.39, -20.76, 8.88, 28.80
0.39, -0.58, -0.44, -25.76, 23.04, 35.44
0.25, -0.68, -0.48, -27.09, 33.24, 37.46
0.23, -0.78, -0.51, -20.84, 24.21, 33.33
0.23, -0.87, -0.56, -12.27, 0.73, 24.86
0.13, -1.00, -0.61, -9.69, -12.03, 16.14
-0.03, -1.04, -0.62, -8.14, -12.41, -0.29
-0.13, -1.00, -0.59, -3.70, 10.81, -14.28
-0.06, -0.95, -0.56, -0.92, 17.40, -28.48
0.02, -0.87, -0.55, 3.75, 11.56, -38.57
0.08, -0.84, -0.51, 1.30, -0.27, -42.67
0.21, -0.82, -0.46, -7.10, 5.31, -31.55
0.43, -0.73, -0.41, -14.98, 17.84, -10.13
0.66, -0.57, -0.34, -19.24, 14.31, 8.87
0.74, -0.47, -0.32, -19.94, 2.83, 20.87
0.61, -0.48, -0.38, -21.22, -1.67, 27.55
0.41, -0.57, -0.44, -28.75, 17.18, 33.53
0.24, -0.67, -0.49, -33.63, 31.92, 36.55
0.22, -0.70, -0.52, -26.53, 35.75, 39.07
0.26, -0.78, -0.59, -14.16, 1.75, 28.86
0.15, -0.91, -0.64, -6.51, -22.47, 18.38
-0.05, -1.04, -0.63, -5.66, -16.50, 2.97
-0.17, -1.06, -0.59, -8.05, 4.66, -14.21
-0.17, -0.99, -0.55, -8.20, 23.59, -29.59
-0.05, -0.85, -0.52, -5.65, 21.98, -41.07
0.09, -0.82, -0.50, -7.74, 11.05, -46.54
0.19, -0.81, -0.48, -13.33, 10.01, -35.31
0.42, -0.73, -0.45, -15.99, 17.95, -15.19
0.63, -0.57, -0.40, -19.91, 15.78, 4.50
0.72, -0.49, -0.35, -22.87, 15.46, 19.04
0.67, -0.48, -0.35, -23.26, 10.38, 29.60
0.49, -0.56, -0.42, -27.39, 20.85, 32.81
0.31, -0.66, -0.47, -31.16, 30.96, 38.28
0.25, -0.71, -0.49, -29.93, 32.53, 37.28
0.24, -0.79, -0.51, -18.75, 2.50, 25.95
0.15, -0.92, -0.58, -12.37, -26.36, 16.82
-0.02, -1.02, -0.62, -6.27, -25.73, 1.37
-0.15, -1.03, -0.63, -6.64, -1.71, -15.54
-0.14, -0.97, -0.59, -4.17, 18.26, -31.23
-0.02, -0.88, -0.55, -0.14, 16.10, -42.05
0.12, -0.83, -0.53, -0.10, 5.15, -46.69
0.20, -0.83, -0.51, -3.41, -2.82, -40.98
0.37, -0.76, -0.48, -10.49, 11.13, -20.15
0.60, -0.63, -0.40, -13.30, 9.07, -3.07
0.70, -0.50, -0.34, -17.29, 8.54, 13.81
0.67, -0.44, -0.32, -20.21, 3.20, 21.85
0.51, -0.50, -0.37, -24.16, 13.89, 29.93
0.35, -0.62, -0.44, -30.63, 28.08, 36.04
0.28, -0.69, -0.49, -31.69, 31.54, 40.21
0.29, -0.74, -0.51, -23.91, 4.37, 36.05
0.24, -0.84, -0.57, -12.85, -29.57, 25.26
0.08, -0.99, -0.63, -7.91, -38.04, 14.14
-0.13, -1.06, -0.65, -4.88, -21.68, -5.84
-0.21, -1.03, -0.61, -7.58, 18.64, -22.90
-0.11, -0.92, -0.56, -1.49, 24.18, -38.40
0.09, -0.85, -0.54, 2.48, 14.58, -43.31
0.18, -0.86, -0.51, 0.25, -5.76, -46.65
0.30, -0.84, -0.48, -6.10, -5.23, -31.14
0.49, -0.72, -0.42, -13.69, 7.42, -9.51
0.67, -0.56, -0.32, -16.90, -0.64, 4.52
0.67, -0.46, -0.28, -18.28, -4.42, 19.20
0.54, -0.47, -0.33, -19.55, -4.16, 25.94
0.35, -0.57, -0.40, -27.24, 7.82, 31.02
0.23, -0.64, -0.46, -30.50, 19.47, 34.03
0.25, -0.66, -0.50, -29.08, 18.51, 36.16
0.34, -0.72, -0.53, -20.12, -0.12, 33.99
0.31, -0.85, -0.58, -8.50, -24.38, 27.00
0.14, -1.00, -0.65, -3.85, -21.96, 18.35
-0.06, -1.07, -0.67, -2.86, -4.08, -2.11
-0.20, -1.04, -0.63, -4.34, 25.26, -16.53
-0.12, -0.97, -0.54, -1.06, 28.46, -31.42
0.07, -0.90, -0.54, 1.55, 11.07, -40.05
0.13, -0.84, -0.53, 1.46, -8.69, -45.27
0.20, -0.82, -0.48, -4.49, -4.87, -33.39
0.44, -0.72, -0.43, -12.15, 13.44, -12.66
0.65, -0.57, -0.36, -15.99, 13.75, 5.36
0.72, -0.45, -0.32, -16.81, 9.74, 20.05
0.65, -0.45, -0.34, -18.50, 11.04, 28.28
0.48, -0.58, -0.40, -27.75, 24.88, 36.82
0.34, -0.68, -0.45, -35.21, 36.70, 44.22
0.27, -0.72, -0.47, -31.73, 24.63, 43.04
0.24, -0.78, -0.52, -19.80, -13.03, 32.65
0.13, -0.92, -0.60, -9.26, -33.16, 22.33
-0.09, -1.02, -0.64, -5.25, -23.14, -0.25
-0.32, -1.02, -0.66, -4.62, 8.73, -18.23
-0.25, -0.97, -0.58, -5.25, 36.73, -30.45
0.02, -0.88, -0.52, -0.85, 27.13, -37.38
0.19, -0.81, -0.52, 2.12, 8.34, -37.10
0.29, -0.78, -0.51, -2.55, 2.39, -32.44
0.39, -0.75, -0.44, -8.77, 6.49, -15.77
0.54, -0.64, -0.39, -14.49, 10.72, -3.04
0.63, -0.55, -0.35, -18.40, 17.63, 15.56
0.64, -0.53, -0.34, -21.48, 18.81, 24.37
0.52, -0.61, -0.37, -24.69, 26.65, 31.18
0.36, -0.71, -0.43, -31.89, 34.99, 35.81
0.25, -0.77, -0.48, -29.86, 28.21, 35.17
0.25, -0.83, -0.49, -24.14, 1.99, 25.90
0.14, -0.94, -0.54, -13.11, -29.84, 12.51
-0.01, -1.02, -0.62, -7.60, -36.47, -3.19
-0.18, -1.02, -0.63, -4.24, -4.61, -17.92
-0.20, -0.95, -0.59, 0.71, 12.56, -37.42
-0.07, -0.85, -0.57, 8.12, 11.90, -46.21
0.07, -0.83, -0.55, 5.11, 2.67, -47.48
0.24, -0.81, -0.48, -3.78, 6.28, -35.21
0.47, -0.72, -0.40, -11.34, 10.21, -12.30
0.70, -0.56, -0.31, -17.11, 2.50, 6.41
0.73, -0.47, -0.29, -21.53, -6.51, 20.89
0.57, -0.48, -0.33, -22.81, -12.14, 23.52
0.37, -0.58, -0.39, -29.60, 2.15, 33.17
0.24, -0.66, -0.46, -32.63, 18.93, 35.62
0.22, -0.69, -0.49, -31.38, 23.79, 34.12
0.27, -0.77, -0.49, -27.18, 12.13, 30.90
0.24, -0.94, -0.56, -17.28, -20.92, 21.12
0.09, -1.03, -0.65, -7.39, -31.09, 8.63
-0.11, -1.07, -0.69, -5.61, -9.53, -11.85
-0.23, -1.04, -0.62, -3.40, 27.38, -29.00
-0.10, -0.93, -0.55, 2.15, 29.57, -43.99
0.09, -0.87, -0.53, 5.10, 14.53, -48.75
0.20, -0.85, -0.52, 0.10, -2.65, -46.19
0.32, -0.80, -0.47, -8.54, 4.77, -26.76
0.57, -0.68, -0.37, -15.10, 20.00, -7.27
0.72, -0.53, -0.31, -18.45, 3.37, 3.04
0.66, -0.44, -0.31, -18.72, -0.04, 15.30
0.54, -0.49, -0.37, -23.22, 6.25, 22.84
0.35, -0.63, -0.43, -30.53, 24.71, 28.21
0.24, -0.70, -0.48, -32.57, 40.67, 32.35
0.26, -0.73, -0.50, -30.07, 35.70, 32.02
0.27, -0.81, -0.49, -22.94, -0.56, 25.55
0.19, -0.96, -0.56, -11.13, -29.09, 16.44
0.03, -1.05, -0.65, -3.41, -30.60, -4.14
-0.20, -1.05, -0.63, -3.39, 3.64, -19.85
-0.21, -0.95, -0.57, 3.05, 21.28, -40.53
-0.04, -0.87, -0.53, 6.58, 12.96, -48.68
0.11, -0.87, -0.50, 2.58, -3.54, -49.08
0.31, -0.84, -0.46, -6.62, 2.08, -31.16
0.59, -0.67, -0.39, -7.98, 6.34, -14.51
0.73, -0.52, -0.35, -14.36, -5.03, 1.32
0.69, -0.44, -0.32, -16.80, 1.60, 18.90
0.59, -0.47, -0.37, -21.01, 0.93, 24.45
0.38, -0.59, -0.42, -28.11, 13.50, 29.27
0.24, -0.69, -0.46, -32.59, 27.24, 32.40
0.23, -0.73, -0.48, -33.80, 26.52, 34.75
0.29, -0.76, -0.50, -27.94, 1.57, 31.72
0.27, -0.82, -0.57, -13.47, -31.28, 26.15
0.14, -0.93, -0.64, -5.22, -32.97, 12.63
-0.07, -1.04, -0.65, -2.37, -13.21, -5.80
-0.19, -1.04, -0.60, -6.30, 26.51, -18.13
-0.09, -0.94, -0.53, -2.94, 32.57, -35.10
0.08, -0.86, -0.50, 0.30, 13.57, -41.35
0.20, -0.85, -0.48, -0.42, -11.24, -42.61
0.30, -0.83, -0.41, -7.89, -22.62, -35.76
0.46, -0.73, -0.39, -15.53, -12.09, -16.77
0.64, -0.59, -0.35, -20.62, -1.81, 3.82
0.69, -0.46, -0.32, -24.15, -4.01, 17.54
0.60, -0.45, -0.35, -25.12, 2.47, 25.40
0.42, -0.57, -0.40, -33.12, 17.87, 32.39
0.30, -0.70, -0.45, -38.14, 30.66, 39.23
0.31, -0.73, -0.49, -37.73, 27.06, 45.87
0.36, -0.75, -0.52, -27.24, -9.03, 40.37
0.28, -0.83, -0.61, -11.39, -33.92, 33.70
0.08, -0.96, -0.69, -2.95, -28.26, 17.90
-0.21, -1.04, -0.66, -0.54, -12.00, -9.70
-0.34, -1.05, -0.59, -5.43, 32.53, -21.92
-0.15, -0.96, -0.54, 1.78, 36.75, -39.17
0.08, -0.87, -0.52, 7.43, 13.80, -47.02
0.17, -0.86, -0.51, 7.30, -10.96, -50.05
0.26, -0.84, -0.49, 0.51, -7.90, -37.22
0.48, -0.74, -0.43, -3.29, 13.68, -16.57
0.67, -0.56, -0.37, -8.52, 1.12, -4.24
0.65, -0.45, -0.34, -14.84, 7.77, 17.30
0.59, -0.45, -0.34, -17.19, 4.74, 21.72
0.42, -0.55, -0.38, -25.97, 17.26, 30.19
0.25, -0.67, -0.43, -32.80, 27.40, 33.79
0.24, -0.70, -0.48, -31.74, 27.03, 38.24
0.32, -0.70, -0.53, -27.04, 4.42, 40.52
0.32, -0.75, -0.57, -13.71, -20.82, 36.96
0.21, -0.87, -0.63, -3.56, -32.26, 26.76
-0.02, -1.01, -0.65, 1.30, -14.66, 5.99
-0.24, -1.10, -0.58, -3.94, 12.72, -13.86
-0.21, -1.08, -0.52, -5.17, 38.70, -28.89
0.02, -0.97, -0.51, -1.68, 21.95, -41.34
0.16, -0.90, -0.46, -1.70, 0.26, -46.25
0.24, -0.89, -0.42, -6.08, -14.15, -46.55
0.33, -0.83, -0.42, -10.76, -10.07, -35.10
0.50, -0.68, -0.42, -14.70, 4.59, -17.11
0.65, -0.53, -0.36, -19.40, 5.60, -1.47
0.63, -0.46, -0.34, -20.53, 3.78, 13.07
0.51, -0.49, -0.39, -24.20, 0.24, 22.09
0.35, -0.60, -0.41, -31.60, 11.86, 28.23
0.19, -0.69, -0.43, -33.74, 22.55, 28.97
0.24, -0.72, -0.48, -33.18, 17.54, 30.35
0.28, -0.75, -0.53, -24.21, -6.51, 28.75
0.24, -0.84, -0.58, -13.99, -30.17, 19.32
0.09, -0.98, -0.65, -6.65, -32.56, 5.83
-0.10, -1.05, -0.65, -5.71, -11.77, -11.34
-0.16, -1.02, -0.59, -6.02, 14.03, -22.72
-0.06, -0.94, -0.53, 1.89, 8.84, -37.52
0.07, -0.90, -0.51, 4.36, -11.85, -45.85
0.13, -0.90, -0.49, 0.92, -39.37, -51.27
0.22, -0.85, -0.44, -4.86, -29.76, -40.14
0.44, -0.70, -0.40, -6.38, -13.76, -27.30
0.63, -0.54, -0.38, -10.77, -2.03, -10.52
0.64, -0.45, -0.32, -17.79, -1.55, 9.26
0.56, -0.46, -0.34, -17.49, -1.18, 19.41
0.39, -0.56, -0.42, -26.10, 7.12, 25.20
0.26, -0.68, -0.45, -29.06, 25.16, 31.15
0.27, -0.72, -0.48, -29.47, 27.65, 36.09
0.36, -0.72, -0.49, -30.66, 12.40, 40.65
0.38, -0.77, -0.52, -22.02, -15.16, 41.27
0.26, -0.85, -0.60, -11.17, -28.03, 29.65
-0.02, -0.98, -0.67, -3.29, -19.76, 8.68
-0.27, -1.07, -0.66, -7.03, 3.35, -14.77
-0.26, -1.06, -0.59, -5.75, 39.44, -27.12
-0.06, -0.95, -0.57, 0.11, 24.48, -43.05
0.09, -0.87, -0.55, 5.20, 6.55, -46.83
0.16, -0.87, -0.53, 4.02, -6.38, -48.96
0.28, -0.82, -0.51, 0.87, 6.62, -34.90
0.51, -0.68, -0.44, -5.51, 25.79, -11.12
0.75, -0.52, -0.33, -15.40, 30.32, 11.66
0.77, -0.41, -0.25, -18.23, 10.74, 22.29
0.60, -0.44, -0.30, -24.14, 7.62, 31.85
0.37, -0.61, -0.37, -36.48, 18.17, 36.58
0.21, -0.71, -0.41, -41.39, 29.81, 41.13
0.23, -0.72, -0.44, -38.21, 20.27, 40.14
0.30, -0.74, -0.50, -23.80, -8.62, 36.51
0.24, -0.88, -0.61, -10.40, -26.22, 29.39
0.01, -1.00, -0.65, -6.51, -19.46, 8.68
-0.27, -1.06, -0.64, -3.38, 10.21, -10.73
-0.22, -1.04, -0.57, -3.74, 40.23, -23.01
0.01, -0.95, -0.54, 1.15, 23.14, -37.24
0.12, -0.87, -0.52, 5.67, 5.54, -46.07
0.14, -0.85, -0.50, 3.84, -17.12, -51.43
0.20, -0.83, -0.52, -0.08, 1.12, -37.43
0.45, -0.71, -0.46, -8.42, 19.09, -16.33
0.68, -0.56, -0.32, -14.30, 23.18, 5.59
0.76, -0.43, -0.32, -17.84, 14.32, 21.35
0.63, -0.43, -0.34, -22.03, 10.01, 31.12
0.37, -0.59, -0.38, -32.05, 21.54, 35.50
0.23, -0.71, -0.43, -37.88, 25.86, 41.27
0.25, -0.73, -0.45, -37.68, 11.87, 44.10
0.31, -0.75, -0.50, -26.79, -24.48, 38.98
0.26, -0.80, -0.59, -13.78, -39.83, 34.95
0.06, -0.93, -0.62, -13.39, -27.79, 21.29
-0.18, -0.99, -0.61, -5.16, -7.85, 0.06
-0.27, -0.99, -0.63, -5.68, 28.14, -14.45
-0.11, -0.99, -0.56, -3.38, 36.99, -26.70
0.09, -0.92, -0.51, 3.79, 12.47, -34.82
0.18, -0.86, -0.51, 6.53, -12.70, -41.55
0.18, -0.86, -0.48, 3.32, -19.93, -44.09
0.26, -0.82, -0.47, -2.75, -4.28, -29.68
0.49, -0.69, -0.41, -9.84, 21.29, -6.00
0.69, -0.56, -0.31, -14.52, 23.70, 11.27
0.71, -0.50, -0.30, -18.03, 18.14, 21.67
0.55, -0.57, -0.36, -25.44, 18.23, 31.06
0.32, -0.70, -0.41, -35.05, 25.87, 35.94
0.23, -0.75, -0.44, -35.93, 25.66, 38.80
0.27, -0.73, -0.47, -30.20, 8.38, 36.88
0.26, -0.75, -0.53, -17.73, -15.52, 30.62
0.11, -0.84, -0.60, -8.78, -18.11, 23.25
-0.08, -0.91, -0.62, 0.03, -8.25, 3.54
-0.24, -0.96, -0.64, 3.12, 9.87, -11.58
-0.19, -0.97, -0.57, 2.59, 29.14, -19.20
0.04, -0.90, -0.49, 9.32, 9.64, -29.91
0.16, -0.85, -0.47, 9.87, -11.38, -34.71
0.19, -0.85, -0.47, 6.16, -17.19, -37.85
0.25, -0.82, -0.44, -0.14, -8.49, -35.03
0.36, -0.75, -0.39, -6.26, -4.98, -26.10
0.48, -0.68, -0.37, -13.94, 0.88, -9.91
0.59, -0.62, -0.38, -21.69, 10.40, 10.02
0.62, -0.60, -0.37, -25.78, 8.82, 17.87
0.52, -0.63, -0.41, -30.54, 12.18, 27.30
0.37, -0.70, -0.46, -34.55, 21.18, 32.33
0.29, -0.73, -0.48, -33.78, 26.32, 35.63
0.26, -0.76, -0.50, -30.17, 18.76, 34.01
0.20, -0.81, -0.54, -21.03, -3.56, 25.35
0.06, -0.88, -0.59, -10.75, -10.32, 15.04
-0.10, -0.95, -0.61, -5.28, -6.85, -6.84
-0.21, -0.99, -0.60, -4.71, 18.32, -16.12
-0.09, -0.95, -0.54, 0.80, 17.53, -27.96
0.10, -0.88, -0.50, 6.19, 1.02, -35.17
0.17, -0.84, -0.47, 3.40, -5.50, -37.46
0.22, -0.83, -0.43, -4.12, 4.53, -31.91
0.34, -0.77, -0.36, -11.47, 10.89, -20.38
0.50, -0.66, -0.32, -16.46, 3.35, -6.61
0.61, -0.58, -0.34, -21.21, 9.03, 13.21
0.63, -0.57, -0.34, -25.45, 3.62, 22.83
0.50, -0.63, -0.37, -31.72, 14.29, 30.95
0.33, -0.68, -0.45, -33.21, 25.92, 36.83
0.26, -0.70, -0.48, -32.20, 24.45, 38.06
0.23, -0.75, -0.49, -26.96, -0.87, 33.80
0.13, -0.84, -0.57, -14.71, -20.69, 25.77
0.03, -0.93, -0.61, -4.97, -32.47, 6.38
-0.18, -1.01, -0.63, -4.58, -11.16, -11.73
-0.24, -1.02, -0.60, -5.17, 20.67, -22.81
-0.04, -0.89, -0.56, 4.45, 17.56, -32.70
0.14, -0.82, -0.55, 10.36, 0.64, -36.78
0.21, -0.86, -0.52, 7.39, -10.97, -35.69
0.26, -0.87, -0.46, 3.47, -18.62, -33.85
0.36, -0.79, -0.42, -2.85, -7.22, -21.89
0.50, -0.67, -0.34, -10.52, 16.30, -7.06
0.55, -0.58, -0.29, -19.76, 19.52, 6.11
0.56, -0.59, -0.28, -25.42, 22.78, 19.56
0.52, -0.63, -0.32, -34.59, 16.78, 28.10
0.40, -0.70, -0.37, -40.33, 22.71, 36.04
0.30, -0.71, -0.42, -39.64, 25.14, 36.52
0.26, -0.71, -0.47, -32.83, 17.92, 34.14
0.18, -0.79, -0.53, -23.72, -3.17, 26.95
0.05, -0.92, -0.59, -16.20, -20.54, 15.45
-0.08, -1.00, -0.61, -8.63, -16.64, -2.21
-0.17, -0.99, -0.61, -8.53, 13.04, -15.65
-0.09, -0.92, -0.55, -4.19, 23.41, -28.11
0.07, -0.85, -0.52, 0.41, 15.47, -33.31
0.20, -0.83, -0.52, 1.96, 8.34, -36.04
0.23, -0.83, -0.52, 0.81, 3.02, -37.94
0.24, -0.79, -0.49, -1.67, 2.37, -33.49
0.36, -0.71, -0.46, -6.81, 14.86, -20.17
0.52, -0.65, -0.40, -13.99, 24.76, -6.32
0.60, -0.59, -0.32, -21.32, 28.81, 11.26
0.63, -0.58, -0.32, -25.80, 32.68, 24.62
0.54, -0.63, -0.36, -36.22, 41.25, 33.53
0.38, -0.68, -0.41, -42.36, 47.55, 37.58
0.30, -0.70, -0.44, -45.11, 36.10, 40.65
0.25, -0.75, -0.45, -37.91, -14.16, 33.47
0.16, -0.86, -0.51, -19.18, -49.69, 22.66
-0.02, -0.99, -0.67, -6.44, -51.70, -1.65
-0.31, -1.03, -0.70, -5.13, -10.82, -18.27
-0.30, -0.95, -0.61, 0.62, 30.69, -33.84
0.01, -0.85, -0.55, 10.32, 19.81, -39.97
0.28, -0.85, -0.54, 15.07, -7.38, -40.38
0.31, -0.88, -0.53, 9.75, -17.11, -37.62
0.36, -0.84, -0.45, 5.08, -8.24, -32.57
0.45, -0.72, -0.40, 5.17, -13.02, -30.68
0.43, -0.63, -0.40, -1.86, -6.47, -21.16
0.40, -0.61, -0.38, -12.75, 9.29, -1.10
0.50, -0.59, -0.34, -19.14, 21.53, 13.74
0.57, -0.57, -0.33, -21.63, 6.75, 21.12
0.50, -0.63, -0.34, -26.24, 11.11, 31.02
0.42, -0.72, -0.38, -32.02, 18.17, 37.66
0.36, -0.76, -0.41, -38.01, 26.96, 43.45
0.34, -0.74, -0.41, -40.21, 26.42, 46.20
0.33, -0.77, -0.44, -33.10, 2.48, 42.23
0.23, -0.86, -0.55, -23.41, -19.41, 32.59
0.01, -0.94, -0.64, -13.17, -25.90, 13.52
-0.21, -0.96, -0.70, -1.77, -17.48, -11.37
-0.27, -0.96, -0.67, -1.02, 13.59, -20.26
-0.10, -0.92, -0.58, 9.61, 15.36, -35.99
0.08, -0.85, -0.53, 13.69, 7.10, -43.88
0.15, -0.87, -0.50, 11.84, 2.98, -45.09
0.25, -0.86, -0.46, 4.51, 13.76, -36.77
0.46, -0.77, -0.36, -5.38, 9.77, -17.56
0.70, -0.65, -0.29, -12.09, 5.40, -0.63
0.76, -0.56, -0.27, -22.53, 6.27, 18.33
0.67, -0.56, -0.26, -31.16, 8.71, 29.00
0.52, -0.64, -0.30, -44.56, 16.10, 37.04
0.35, -0.70, -0.38, -50.15, 26.19, 44.87
0.29, -0.69, -0.44, -47.19, 19.26, 45.62
0.27, -0.71, -0.50, -35.83, -15.45, 39.64
0.16, -0.80, -0.63, -16.42, -45.28, 31.54
-0.03, -0.92, -0.69, -7.70, -39.13, 12.10
-0.30, -0.99, -0.67, -1.65, -12.69, -10.59
-0.32, -0.97, -0.64, -0.41, 25.20, -20.66
-0.05, -0.89, -0.55, 6.77, 14.77, -30.12
0.17, -0.85, -0.50, 9.00, -3.21, -32.48
0.26, -0.85, -0.49, 5.77, -17.02, -32.86
0.28, -0.82, -0.45, 2.31, -17.52, -33.23
0.30, -0.75, -0.42, -1.84, -13.32, -28.85
0.37, -0.69, -0.43, -5.65, -1.71, -18.17
0.46, -0.64, -0.42, -11.39, 9.10, -2.21
0.56, -0.62, -0.38, -17.09, 27.26, 14.79
0.58, -0.64, -0.37, -21.84, 24.54, 22.66
0.47, -0.71, -0.38, -29.98, 38.75, 33.50
0.36, -0.75, -0.42, -34.59, 39.73, 36.06
0.28, -0.74, -0.45, -33.98, 30.58, 38.08
0.23, -0.77, -0.49, -26.54, 1.80, 34.48
0.14, -0.83, -0.57, -11.22, -19.59, 20.16
-0.07, -0.95, -0.60, -3.24, -33.53, -6.96
-0.29, -1.04, -0.59, -5.71, 7.32, -19.67
-0.23, -0.97, -0.55, -0.45, 30.06, -37.52
-0.03, -0.83, -0.50, 6.01, 31.34, -47.18
0.17, -0.83, -0.50, 8.06, 24.79, -46.20
0.29, -0.85, -0.50, 4.42, 13.10, -42.81
0.38, -0.80, -0.44, -1.80, 13.63, -29.38
0.59, -0.70, -0.38, -7.11, 13.78, -10.07
0.72, -0.61, -0.34, -14.28, 7.54, 7.43
0.72, -0.57, -0.30, -21.62, 15.70, 24.50
0.61, -0.60, -0.28, -32.82, 21.22, 34.74
0.44, -0.66, -0.32, -44.30, 37.59, 42.22
0.33, -0.68, -0.36, -48.74, 42.26, 46.44
0.28, -0.71, -0.38, -47.18, 22.87, 44.32
0.22, -0.80, -0.45, -35.59, -17.44, 36.40
0.09, -0.92, -0.58, -20.16, -45.20, 23.58
-0.12, -0.97, -0.69, -6.04, -41.11, -4.08
-0.36, -0.99, -0.70, 0.05, -8.62, -21.99
-0.29, -0.95, -0.62, 7.71, 18.63, -39.43
-0.04, -0.85, -0.57, 15.41, 11.40, -49.71
0.14, -0.84, -0.55, 18.06, -0.66, -50.71
0.30, -0.86, -0.54, 16.24, 3.25, -44.86
0.44, -0.80, -0.48, 6.70, 13.22, -31.04
0.57, -0.69, -0.37, -3.68, 14.40, -16.43
0.66, -0.57, -0.30, -16.29, 19.53, 6.91
0.69, -0.55, -0.27, -25.46, 23.22, 24.46
0.63, -0.58, -0.27, -32.62, 16.26, 27.94
0.46, -0.68, -0.31, -42.98, 23.78, 35.37
0.30, -0.74, -0.37, -49.81, 33.41, 38.32
0.24, -0.75, -0.37, -50.92, 37.36, 39.98
0.31, -0.80, -0.38, -45.51, 13.64, 39.65
0.28, -0.89, -0.47, -28.30, -12.94, 32.17
0.08, -0.99, -0.63, -16.14, -28.27, 13.01
-0.22, -1.01, -0.70, -6.20, -11.00, -11.62
-0.33, -0.96, -0.69, 0.65, 20.40, -31.96
-0.15, -0.90, -0.63, 10.66, 15.71, -48.76
0.05, -0.89, -0.59, 15.65, 7.23, -55.19
0.17, -0.88, -0.58, 18.98, -3.50, -60.83
0.29, -0.83, -0.54, 10.18, 8.52, -44.25
0.56, -0.71, -0.41, 2.45, 40.54, -18.17
0.78, -0.54, -0.33, -7.45, 18.23, -0.95
0.73, -0.46, -0.28, -16.16, 26.05, 15.20
0.71, -0.49, -0.27, -25.12, 18.41, 28.55
0.58, -0.60, -0.30, -39.28, 14.37, 35.99
0.34, -0.70, -0.34, -49.55, 24.42, 40.66
0.26, -0.69, -0.38, -52.79, 25.61, 42.41
0.27, -0.69, -0.43, -42.04, -0.88, 40.38
0.23, -0.79, -0.54, -20.72, -37.33, 31.21
0.05, -0.94, -0.67, -7.56, -34.66, 18.75
-0.20, -1.02, -0.69, -0.32, -11.64, -7.96
-0.32, -1.01, -0.62, 1.74, 32.19, -21.11
-0.12, -0.92, -0.54, 11.67, 30.25, -38.49
0.12, -0.84, -0.52, 18.53, 13.70, -45.33
0.25, -0.86, -0.51, 16.72, -6.41, -50.60
0.30, -0.85, -0.46, 5.70, 2.09, -37.52
0.57, -0.74, -0.38, -3.28, 11.28, -20.21
0.76, -0.59, -0.33, -13.96, 4.84, 0.07
0.80, -0.50, -0.29, -22.64, 16.21, 25.57
0.76, -0.53, -0.27, -29.09, 18.00, 37.01
0.61, -0.68, -0.29, -44.86, 24.49, 47.42
0.46, -0.77, -0.33, -54.65, 23.77, 55.12
0.37, -0.75, -0.39, -50.23, 0.69, 53.39
0.26, -0.76, -0.51, -31.99, -29.92, 41.56
0.02, -0.89, -0.63, -16.03, -40.24, 25.96
-0.28, -1.00, -0.69, -0.90, -33.24, -6.30
-0.50, -1.02, -0.69, 3.07, 6.41, -22.43
-0.35, -0.96, -0.61, 14.45, 28.15, -44.74
-0.05, -0.85, -0.53, 21.21, 13.11, -56.83
0.17, -0.86, -0.49, 20.74, -4.21, -53.29
0.42, -0.85, -0.45, 9.61, 5.90, -36.52
0.64, -0.75, -0.35, -0.45, 13.99, -20.62
0.71, -0.60, -0.26, -9.82, 1.92, -6.77
0.72, -0.55, -0.25, -22.23, 18.38, 16.96
0.72, -0.59, -0.24, -32.41, 14.17, 25.33
0.56, -0.68, -0.27, -42.44, 16.87, 34.58
0.37, -0.74, -0.34, -48.75, 27.41, 38.52
0.28, -0.74, -0.41, -45.32, 19.04, 39.61
0.24, -0.74, -0.50, -33.35, -1.01, 35.96
0.15, -0.84, -0.58, -15.98, -34.93, 17.17
-0.09, -0.94, -0.61, -6.64, -45.08, -3.53
-0.26, -1.02, -0.65, -5.05, -14.63, -18.20
-0.22, -0.95, -0.61, 0.18, 17.95, -33.21
-0.01, -0.82, -0.54, 9.64, 19.10, -43.85
0.18, -0.81, -0.53, 10.28, 9.47, -43.01
0.32, -0.85, -0.52, 3.79, 11.92, -32.35
0.47, -0.80, -0.44, -4.35, 16.43, -17.91
0.64, -0.68, -0.33, -11.79, 17.69, 0.17
0.76, -0.60, -0.27, -21.27, 15.19, 18.81
0.76, -0.59, -0.27, -28.74, 6.72, 28.58
0.59, -0.66, -0.30, -40.38, 9.83, 37.46
0.38, -0.72, -0.34, -48.90, 20.24, 43.21
0.29, -0.73, -0.36, -50.16, 15.62, 41.24
0.23, -0.78, -0.42, -37.73, -18.79, 31.31
0.09, -0.88, -0.59, -21.10, -53.32, 14.93
-0.17, -1.01, -0.66, -7.97, -64.00, -8.67
-0.39, -1.04, -0.69, -6.18, -16.41, -28.45
-0.32, -0.95, -0.62, 4.65, 3.63, -54.16
-0.12, -0.86, -0.60, 12.76, -0.27, -64.00
0.12, -0.84, -0.60, 10.88, -1.18, -63.12
0.40, -0.83, -0.53, -0.32, 33.28, -34.85
0.74, -0.69, -0.41, -3.38, 29.21, -23.06
0.81, -0.53, -0.38, -11.29, 7.52, -3.17
0.78, -0.49, -0.35, -18.29, 25.29, 18.11
0.71, -0.55, -0.34, -23.80, 17.14, 22.09
0.48, -0.66, -0.36, -32.04, 26.86, 30.71
0.28, -0.75, -0.40, -42.34, 34.82, 35.24
0.26, -0.73, -0.41, -42.57, 36.81, 37.90
0.25, -0.71, -0.45, -34.69, 16.01, 34.20
0.20, -0.78, -0.51, -19.63, -20.03, 27.09
0.08, -0.93, -0.60, -4.55, -37.59, 11.47
-0.14, -1.04, -0.64, 0.03, -30.84, -12.08
-0.28, -1.00, -0.60, 3.78, 10.46, -27.87
-0.17, -0.87, -0.53, 13.53, 15.63, -48.68
0.04, -0.83, -0.50, 15.79, 2.56, -52.31
0.24, -0.87, -0.49, 11.36, 2.11, -41.48
0.50, -0.81, -0.43, -0.84, 10.81, -23.38
0.73, -0.67, -0.31, -11.28, 25.78, 2.22
0.90, -0.53, -0.25, -17.70, 10.55, 16.06
0.84, -0.51, -0.28, -24.84, 8.06, 29.78
0.59, -0.62, -0.33, -37.05, 12.03, 36.55
0.33, -0.71, -0.37, -45.72, 28.60, 40.93
0.23, -0.73, -0.39, -46.30, 32.81, 43.31
0.26, -0.78, -0.40, -40.94, -0.60, 37.16
0.24, -0.87, -0.49, -25.93, -36.00, 30.61
0.12, -0.95, -0.61, -13.72, -50.79, 16.55
-0.17, -0.97, -0.69, -2.65, -43.54, -10.85
-0.37, -0.92, -0.70, 1.04, 8.42, -25.47
-0.19, -0.84, -0.62, 9.90, 23.06, -40.29
0.12, -0.79, -0.58, 14.64, 8.82, -45.22
0.27, -0.80, -0.58, 11.85, 4.03, -36.66
0.41, -0.77, -0.52, 3.03, 17.19, -21.44
0.61, -0.68, -0.42, -5.47, 29.05, -3.98
0.77, -0.61, -0.31, -18.00, 26.87, 13.96
0.76, -0.61, -0.28, -25.11, 21.48, 23.51
0.58, -0.70, -0.31, -40.11, 24.83, 31.87
0.38, -0.77, -0.34, -49.13, 29.89, 38.36
0.28, -0.76, -0.38, -47.40, 25.46, 37.77
0.23, -0.76, -0.45, -36.29, -3.99, 27.34
0.07, -0.83, -0.57, -19.18, -26.31, 10.01
-0.15, -0.93, -0.66, -9.01, -27.62, -9.56
-0.30, -0.94, -0.70, -0.51, 11.44, -21.81
-0.20, -0.85, -0.65, 12.25, 19.84, -39.12
-0.01, -0.80, -0.59, 22.32, 8.76, -48.89
0.14, -0.83, -0.56, 24.83, -1.45, -49.28
0.31, -0.84, -0.51, 18.33, 6.00, -39.91
0.54, -0.77, -0.35, 7.19, 32.69, -18.50
0.74, -0.68, -0.25, -3.89, 18.69, -11.91
0.78, -0.63, -0.21, -18.88, 15.95, 10.33
0.77, -0.64, -0.24, -27.74, 18.68, 20.74
0.64, -0.68, -0.28, -37.16, 13.75, 27.32
0.41, -0.74, -0.32, -43.24, 22.45, 33.00
0.32, -0.75, -0.38, -46.05, 27.87, 33.70
0.35, -0.73, -0.41, -46.96, 26.55, 38.05
0.36, -0.73, -0.45, -41.22, 6.38, 37.54
0.24, -0.75, -0.54, -24.17, -17.26, 31.65
0.07, -0.84, -0.65, -10.80, -25.97, 14.52
-0.15, -0.93, -0.69, -2.72, -21.62, -10.27
-0.25, -0.92, -0.68, 0.24, 15.99, -18.31
-0.05, -0.86, -0.59, 6.64, 25.31, -27.05
0.18, -0.82, -0.51, 10.52, 11.56, -30.32
0.30, -0.84, -0.48, 7.76, 2.64, -25.96
0.39, -0.84, -0.46, 5.80, 0.38, -21.92
0.44, -0.79, -0.42, -0.59, 4.89, -14.10
0.51, -0.72, -0.35, -10.46, 8.68, -3.23
0.58, -0.68, -0.29, -18.51, 15.12, 10.00
0.59, -0.66, -0.28, -26.12, 13.29, 18.05
0.51, -0.68, -0.31, -36.45, 15.61, 27.17
0.40, -0.71, -0.35, -42.10, 19.34, 32.25
0.35, -0.71, -0.40, -42.37, 16.99, 33.17
0.32, -0.73, -0.47, -34.25, -5.17, 26.59
0.20, -0.81, -0.57, -20.35, -23.31, 13.37
-0.03, -0.94, -0.65, -12.97, -23.57, -3.82
-0.22, -0.98, -0.69, -6.70, 1.97, -17.22
-0.18, -0.91, -0.64, 1.77, 25.36, -29.92
0.01, -0.78, -0.57, 13.98, 10.14, -41.46
0.18, -0.80, -0.53, 16.65, -4.64, -41.09
0.29, -0.82, -0.47, 11.88, -7.68, -35.36
0.46, -0.79, -0.41, 4.75, 7.41, -18.79
0.65, -0.70, -0.32, -5.41, 13.88, -4.78
0.73, -0.64, -0.24, -16.90, 12.63, 10.09
0.71, -0.65, -0.22, -24.78, 9.00, 17.98
0.57, -0.71, -0.28, -37.19, 14.21, 25.11
0.38, -0.76, -0.35, -46.03, 21.53, 29.01
0.31, -0.74, -0.39, -45.15, 20.95, 30.50
0.32, -0.74, -0.44, -37.80, 1.22, 26.95
0.25, -0.81, -0.52, -25.02, -30.12, 14.41
0.02, -0.89, -0.64, -11.30, -40.60, -0.24
-0.19, -0.93, -0.67, -5.92, -22.34, -17.07
-0.19, -0.91, -0.63, 1.92, 15.88, -29.23
-0.04, -0.82, -0.58, 12.20, 5.71, -43.30
0.09, -0.80, -0.57, 18.36, -3.27, -42.24
0.23, -0.83, -0.55, 19.86, -10.10, -38.32
0.42, -0.80, -0.50, 16.97, 2.47, -26.05
0.59, -0.71, -0.39, 10.01, 3.80, -13.41
0.67, -0.62, -0.29, -0.57, 6.66, 2.39
0.69, -0.59, -0.23, -13.03, 14.75, 17.27
0.64, -0.60, -0.24, -21.36, 13.32, 25.76
0.52, -0.67, -0.29, -34.91, 14.50, 30.96
0.37, -0.72, -0.34, -41.40, 20.79, 35.90
0.33, -0.73, -0.37, -44.57, 19.47, 37.01
0.35, -0.75, -0.40, -42.53, 7.61, 39.80
0.33, -0.81, -0.51, -29.74, -17.33, 31.83
0.13, -0.88, -0.61, -20.84, -32.06, 15.75
-0.18, -0.97, -0.65, -10.30, -26.90, -5.41
-0.26, -1.00, -0.67, -6.99, 4.12, -20.07
-0.12, -0.95, -0.61, 3.10, 15.88, -32.89
0.05, -0.86, -0.56, 9.62, 5.38, -45.57
0.16, -0.86, -0.52, 10.26, -1.20, -45.38
0.29, -0.87, -0.51, 10.02, -1.74, -36.27
0.49, -0.80, -0.48, 6.68, 11.17, -20.82
0.62, -0.68, -0.36, 2.11, 6.73, -11.63
0.65, -0.61, -0.27, -9.79, 10.38, 3.15
0.64, -0.59, -0.23, -18.53, 14.79, 16.40
0.56, -0.60, -0.26, -27.07, 9.47, 21.37
0.40, -0.67, -0.32, -38.48, 12.70, 25.58
0.28, -0.71, -0.38, -41.04, 13.01, 27.24
0.27, -0.71, -0.41, -39.80, 8.44, 29.87
0.30, -0.75, -0.43, -37.46, -7.35, 28.70
0.28, -0.83, -0.50, -29.66, -28.02, 26.61
0.18, -0.89, -0.58, -15.58, -42.44, 10.14
-0.05, -0.95, -0.66, -5.98, -44.72, -11.26
-0.21, -1.00, -0.67, -2.86, -9.65, -26.37
-0.14, -0.95, -0.62, 7.96, 4.43, -45.59
-0.01, -0.88, -0.60, 16.31, 2.63, -55.99
0.14, -0.87, -0.60, 17.48, -3.02, -55.78
0.33, -0.85, -0.50, 11.21, 18.04, -35.46
0.64, -0.74, -0.39, 5.06, 27.05, -18.30
0.77, -0.62, -0.29, -2.29, 0.04, -12.02
0.69, -0.56, -0.24, -15.20, 7.03, 10.69
0.65, -0.58, -0.22, -25.50, 13.75, 18.40
0.52, -0.62, -0.26, -37.12, 15.00, 23.62
0.34, -0.69, -0.33, -46.17, 21.99, 25.88
0.27, -0.71, -0.39, -46.82, 24.05, 28.59
0.31, -0.73, -0.44, -41.57, 6.58, 31.55
0.32, -0.79, -0.50, -31.81, -21.34, 29.20
0.23, -0.87, -0.58, -12.27, -45.99, 16.82
0.01, -0.96, -0.66, -0.23, -52.94, -7.03
-0.23, -1.04, -0.66, 1.51, -16.81, -23.26
-0.23, -0.98, -0.59, 9.10, 7.57, -43.59
-0.03, -0.88, -0.54, 17.07, 0.28, -58.57
0.10, -0.88, -0.51, 17.85, -24.20, -64.00
0.29, -0.90, -0.47, 6.94, -6.95, -42.93
0.64, -0.79, -0.39, 2.57, 7.15, -26.39
0.77, -0.61, -0.30, -0.08, -31.14, -22.15
0.66, -0.54, -0.29, -12.43, -14.56, 8.52
0.67, -0.54, -0.27, -21.90, 13.98, 23.37
0.60, -0.55, -0.29, -30.69, 16.52, 25.05
0.38, -0.60, -0.36, -38.28, 23.76, 31.89
0.25, -0.64, -0.44, -41.37, 29.10, 35.50
0.25, -0.67, -0.48, -39.37, 14.96, 34.98
0.28, -0.75, -0.51, -27.90, -25.19, 30.90
0.23, -0.88, -0.60, -9.96, -56.02, 19.04
0.04, -1.03, -0.71, 1.54, -49.63, -0.29
-0.21, -1.05, -0.69, 1.90, -0.37, -15.73
-0.22, -1.01, -0.59, 8.46, 31.81, -35.91
-0.02, -0.92, -0.55, 14.12, 29.27, -47.28
0.17, -0.90, -0.52, 14.23, 5.86, -50.15
0.35, -0.90, -0.45, 5.93, 1.51, -36.18
0.60, -0.81, -0.34, -0.54, 1.55, -15.07
0.77, -0.64, -0.28, -4.23, -12.67, -4.34
0.66, -0.52, -0.24, -13.14, -12.99, 13.07
0.55, -0.51, -0.23, -19.74, -4.04, 21.00
0.38, -0.58, -0.28, -29.60, 1.26, 24.79
0.26, -0.65, -0.35, -34.38, 10.65, 28.29
0.24, -0.66, -0.41, -35.66, 16.37, 31.52
0.31, -0.68, -0.42, -34.56, 9.16, 34.65
0.34, -0.77, -0.45, -28.77, -18.38, 35.17
0.29, -0.87, -0.54, -17.57, -43.80, 28.42
0.12, -0.97, -0.65, -5.48, -49.01, 10.07
-0.11, -1.04, -0.70, -1.37, -35.86, -14.85
-0.26, -1.03, -0.67, 2.48, 15.87, -27.37
-0.15, -0.91, -0.62, 11.50, 24.24, -47.60
0.03, -0.88, -0.59, 16.21, 18.52, -52.80
0.20, -0.89, -0.53, 15.06, 4.40, -46.78
0.43, -0.87, -0.43, 4.15, 1.50, -28.11
0.67, -0.75, -0.32, -4.08, 4.05, -2.95
0.81, -0.56, -0.24, -15.57, 1.43, 13.14
0.72, -0.47, -0.17, -21.98, -7.00, 18.72
0.49, -0.54, -0.23, -34.50, 0.62, 23.46
0.29, -0.69, -0.34, -46.13, 13.32, 25.92
0.18, -0.74, -0.41, -48.78, 20.34, 27.89
0.23, -0.73, -0.45, -42.87, 3.34, 26.40
0.30, -0.78, -0.50, -33.65, -27.06, 22.56
0.26, -0.87, -0.61, -18.51, -54.08, 14.81
0.08, -0.95, -0.68, -6.46, -48.41, -0.88
-0.13, -1.02, -0.69, -5.60, -16.90, -22.19
-0.23, -1.02, -0.63, -3.43, 11.43, -42.57
-0.10, -0.93, -0.59, 2.79, 11.81, -59.27
0.02, -0.88, -0.58, 6.57, -7.66, -64.00
0.20, -0.87, -0.53, -1.04, -11.55, -53.10
0.53, -0.80, -0.44, -7.64, 25.98, -19.74
0.81, -0.58, -0.36, -5.82, 3.57, -12.83
0.74, -0.46, -0.30, -14.21, 9.73, 12.83
0.67, -0.48, -0.28, -22.38, 24.41, 24.77
0.55, -0.57, -0.32, -29.10, 23.54, 28.27
0.32, -0.66, -0.40, -35.63, 32.87, 31.13
0.22, -0.71, -0.43, -38.69, 40.49, 32.24
0.25, -0.74, -0.43, -37.60, 32.18, 31.66
0.30, -0.78, -0.47, -31.35, -0.65, 30.41
0.27, -0.85, -0.55, -14.49, -28.18, 22.69
0.09, -1.00, -0.62, -3.60, -36.55, 0.33
-0.17, -1.08, -0.63, -3.86, -7.36, -14.63
-0.20, -1.04, -0.56, 1.36, 22.45, -32.95
-0.04, -0.90, -0.51, 7.54, 22.15, -47.18
0.11, -0.85, -0.50, 10.92, 3.32, -51.00
0.24, -0.85, -0.50, 5.11, -5.49, -42.37
0.47, -0.78, -0.41, -5.20, 16.96, -14.63
0.78, -0.62, -0.30, -11.57, 10.87, 1.09
0.83, -0.45, -0.26, -17.70, -4.34, 18.50
0.66, -0.43, -0.30, -20.49, -7.37, 26.65
0.39, -0.56, -0.38, -31.28, 6.47, 31.10
0.20, -0.67, -0.44, -35.93, 28.12, 34.61
0.20, -0.71, -0.46, -37.80, 34.28, 37.26
0.32, -0.72, -0.48, -34.25, 13.53, 38.13
0.35, -0.78, -0.56, -20.66, -24.65, 32.36
0.21, -0.91, -0.63, -13.81, -30.76, 22.17
-0.04, -1.05, -0.62, -7.27, -14.59, -0.44
-0.20, -1.08, -0.64, -8.04, 18.96, -15.11
-0.10, -1.00, -0.58, -2.25, 38.63, -27.72
0.09, -0.88, -0.54, 4.88, 27.79, -36.68
0.21, -0.85, -0.52, 7.17, 9.30, -40.13
0.23, -0.85, -0.48, 8.19, -10.88, -43.68
0.29, -0.81, -0.44, 4.58, -12.49, -36.92
0.47, -0.72, -0.39, -5.99, 8.58, -14.42
0.67, -0.58, -0.27, -13.16, 5.98, 2.04
0.71, -0.48, -0.24, -18.34, -2.50, 16.20
0.57, -0.48, -0.29, -21.05, -6.13, 24.44
0.36, -0.62, -0.36, -29.17, 11.94, 29.62
0.23, -0.73, -0.40, -34.26, 22.27, 31.24
0.27, -0.74, -0.43, -37.45, 17.22, 36.06
0.38, -0.74, -0.47, -31.13, -3.30, 36.02
0.36, -0.82, -0.55, -21.34, -39.99, 26.84
0.15, -0.97, -0.60, -18.57, -39.03, 16.89
-0.08, -1.07, -0.62, -15.37, -19.00, -7.62
-0.18, -1.04, -0.61, -20.39, 22.03, -20.05
-0.01, -0.94, -0.57, -11.86, 30.69, -33.46
0.15, -0.85, -0.58, -5.27, 14.88, -37.49
0.20, -0.84, -0.61, 1.35, -7.40, -42.87
0.17, -0.84, -0.59, 3.87, -14.86, -45.29
0.23, -0.79, -0.53, 2.40, -10.70, -40.37
0.41, -0.69, -0.41, -3.40, 10.02, -21.42
0.62, -0.56, -0.34, -6.08, 13.75, -5.92
0.68, -0.45, -0.29, -12.51, 12.83, 10.93
0.62, -0.45, -0.30, -14.29, 15.07, 21.13
0.48, -0.57, -0.34, -21.09, 21.87, 26.90
0.34, -0.73, -0.37, -29.46, 31.28, 29.22
0.30, -0.79, -0.41, -36.51, 28.28, 33.74
0.38, -0.76, -0.44, -38.91, 16.79, 38.86
0.40, -0.76, -0.46, -30.50, -0.73, 34.65
0.28, -0.86, -0.54, -21.88, -12.76, 24.75
0.03, -1.00, -0.59, -16.19, -11.19, 6.76
-0.19, -1.05, -0.62, -10.13, 6.37, -13.53
-0.20, -1.01, -0.59, -7.51, 27.56, -25.71
-0.03, -0.88, -0.54, 6.20, 16.37, -40.56
0.11, -0.79, -0.53, 10.96, 0.87, -45.36
0.17, -0.81, -0.50, 10.29, -4.87, -44.46
0.31, -0.79, -0.44, 4.38, 1.63, -31.71
0.55, -0.67, -0.37, -3.34, 13.94, -10.38
0.74, -0.52, -0.31, -9.19, 8.50, 6.71
0.76, -0.45, -0.29, -14.88, 5.50, 22.21
0.64, -0.52, -0.32, -20.18, 5.90, 30.84
0.41, -0.68, -0.38, -31.96, 18.61, 35.98
0.32, -0.77, -0.42, -38.86, 24.79, 41.03
0.34, -0.76, -0.44, -38.21, 14.62, 42.89
0.37, -0.80, -0.48, -29.89, -10.44, 35.07
0.24, -0.92, -0.56, -22.17, -23.62, 25.98
0.01, -1.00, -0.60, -21.17, -11.10, 10.46
-0.17, -0.98, -0.63, -12.35, 10.43, -11.32
-0.15, -0.94, -0.65, -11.41, 32.37, -18.79
0.04, -0.88, -0.59, -2.54, 22.82, -29.01
0.15, -0.82, -0.57, 4.41, 12.32, -36.09
0.16, -0.79, -0.58, 7.70, 1.77, -42.27
0.21, -0.78, -0.53, 3.51, 8.13, -34.12
0.42, -0.73, -0.42, -3.56, 15.17, -19.95
0.66, -0.61, -0.33, -14.03, 24.94, 4.89
0.80, -0.50, -0.24, -22.09, 20.98, 22.62
0.75, -0.50, -0.25, -25.27, 14.33, 36.35
0.54, -0.62, -0.31, -34.76, 16.66, 43.07
0.35, -0.73, -0.37, -42.21, 21.83, 45.76
0.29, -0.76, -0.39, -45.09, 18.86, 47.05
0.31, -0.78, -0.45, -33.79, -3.62, 34.82
0.19, -0.90, -0.55, -29.97, -12.49, 28.65
-0.02, -1.03, -0.62, -20.73, -10.32, 11.84
-0.20, -0.97, -0.69, -3.93, -0.95, -10.21
-0.22, -0.93, -0.71, 3.09, 21.35, -24.91
-0.07, -0.89, -0.64, 16.16, 21.94, -37.78
0.06, -0.84, -0.60, 23.91, 11.70, -47.95
0.11, -0.83, -0.56, 24.37, -0.87, -52.38
0.23, -0.84, -0.47, 12.01, 10.64, -37.85
0.57, -0.75, -0.34, 1.40, 16.91, -16.81
0.84, -0.59, -0.25, -10.43, 11.59, 3.83
0.83, -0.50, -0.19, -21.82, 9.63, 17.98
0.69, -0.54, -0.20, -29.71, 12.16, 30.21
0.52, -0.66, -0.30, -42.47, 17.43, 35.00
0.31, -0.75, -0.38, -49.29, 28.64, 38.54
0.28, -0.76, -0.42, -49.98, 27.98, 40.65
0.30, -0.77, -0.48, -40.39, -0.34, 33.73
0.22, -0.83, -0.60, -27.40, -26.93, 27.04
-0.01, -0.88, -0.72, -9.94, -35.26, 7.96
-0.26, -0.88, -0.78, 3.26, -12.06, -16.03
-0.30, -0.88, -0.72, 8.40, 25.32, -29.31
-0.10, -0.85, -0.62, 16.39, 31.43, -41.07
0.15, -0.80, -0.58, 19.24, 24.92, -41.14
0.29, -0.80, -0.52, 16.26, 13.95, -38.23
0.45, -0.81, -0.45, 8.32, 13.94, -25.58
0.61, -0.75, -0.38, 0.86, 9.38, -9.28
0.73, -0.68, -0.30, -10.34, 20.70, 6.78
0.75, -0.65, -0.23, -19.92, 26.83, 19.30
0.66, -0.69, -0.22, -29.63, 29.08, 28.11
0.52, -0.79, -0.25, -44.17, 32.21, 32.52
0.38, -0.82, -0.30, -50.58, 33.91, 33.29
0.33, -0.78, -0.36, -48.70, 19.65, 30.48
0.26, -0.76, -0.46, -37.97, -20.21, 20.39
0.13, -0.81, -0.58, -18.31, -46.04, 9.18
-0.03, -0.88, -0.67, -3.52, -48.61, -11.08
-0.25, -0.91, -0.67, 0.83, -9.59, -24.71
-0.24, -0.87, -0.60, 7.29, 18.23, -39.04
-0.01, -0.79, -0.55, 15.18, 17.83, -44.63
0.20, -0.78, -0.52, 15.98, 2.97, -40.77
0.39, -0.79, -0.47, 11.13, -2.06, -28.66
0.58, -0.75, -0.40, 2.81, -0.45, -8.08
0.72, -0.65, -0.32, -6.39, 2.44, 7.14
0.69, -0.57, -0.27, -15.94, 13.33, 20.70
0.57, -0.59, -0.26, -24.27, 17.08, 26.94
0.41, -0.67, -0.34, -35.29, 30.44, 32.46
0.32, -0.72, -0.36, -41.55, 37.92, 36.48
0.32, -0.71, -0.39, -42.18, 37.45, 39.07
0.38, -0.72, -0.43, -38.75, 21.42, 37.97
0.37, -0.81, -0.49, -30.02, 0.01, 35.80
0.28, -0.92, -0.55, -24.54, -1.80, 30.21
0.12, -0.97, -0.59, -17.47, -6.85, 11.79
-0.05, -0.94, -0.63, -5.13, -5.28, -7.34
-0.06, -0.94, -0.64, -1.77, 7.03, -17.49
0.04, -0.95, -0.57, 4.60, 3.14, -28.66
0.13, -0.89, -0.53, 11.56, -2.74, -38.11
0.15, -0.86, -0.53, 12.77, -5.84, -45.87
0.17, -0.85, -0.49, 9.05, -5.60, -46.97
0.31, -0.81, -0.41, 1.28, 2.93, -29.29
0.60, -0.71, -0.33, -7.34, 11.23, -6.78
0.77, -0.59, -0.26, -13.00, 2.40, 9.18
0.71, -0.52, -0.23, -19.90, 5.55, 23.02
0.58, -0.56, -0.26, -30.43, 13.66, 29.86
0.40, -0.66, -0.31, -44.35, 25.45, 34.95
0.29, -0.68, -0.37, -49.36, 38.97, 41.45
0.31, -0.68, -0.41, -47.37, 17.96, 40.99
0.33, -0.73, -0.49, -32.51, -27.78, 37.52
0.26, -0.86, -0.61, -21.37, -51.53, 29.38
0.03, -0.94, -0.68, -11.10, -45.13, 7.29
-0.25, -0.95, -0.70, -0.39, -19.61, -13.81
-0.27, -0.97, -0.65, 4.27, 21.29, -25.40
-0.07, -0.95, -0.59, 13.41, 18.04, -42.10
0.07, -0.88, -0.59, 23.38, -2.46, -53.19
0.16, -0.86, -0.59, 23.71, -5.44, -53.97
0.30, -0.84, -0.50, 18.17, -1.09, -47.47
0.52, -0.77, -0.37, 9.66, 2.38, -27.59
0.73, -0.67, -0.28, -1.93, 7.21, -7.60
0.83, -0.59, -0.22, -13.44, 12.19, 11.76
0.78, -0.57, -0.18, -25.47, 26.54, 24.58
0.64, -0.64, -0.22, -39.01, 35.61, 31.78
0.41, -0.73, -0.29, -52.53, 51.01, 34.37
0.29, -0.75, -0.35, -55.73, 56.07, 36.08
0.26, -0.75, -0.43, -48.40, 12.86, 31.91
0.22, -0.78, -0.54, -33.17, -38.52, 26.38
0.09, -0.85, -0.68, -10.83, -64.00, 8.88
-0.19, -0.89, -0.76, 3.78, -55.16, -18.17
-0.39, -0.90, -0.70, 7.58, 0.47, -33.28
-0.27, -0.84, -0.61, 18.22, 26.00, -50.70
-0.00, -0.78, -0.57, 24.33, 22.85, -57.72
0.25, -0.84, -0.55, 21.78, 8.61, -48.08
0.54, -0.83, -0.47, 13.89, 5.59, -24.97
0.79, -0.75, -0.33, 3.97, 2.37, -2.58
0.88, -0.65, -0.23, -8.37, 3.39, 11.74
0.78, -0.62, -0.17, -20.67, 22.99, 23.03
0.61, -0.68, -0.18, -37.16, 39.61, 27.93
0.43, -0.80, -0.24, -52.46, 48.17, 29.66
0.30, -0.84, -0.30, -57.96, 48.04, 31.50
0.29, -0.82, -0.39, -52.28, 13.39, 25.82
0.26, -0.81, -0.49, -41.11, -33.76, 18.10
0.16, -0.83, -0.59, -20.32, -64.00, 7.25
0.01, -0.88, -0.67, -2.60, -64.00, -12.46
-0.18, -0.91, -0.69, 5.53, -22.83, -29.31
-0.22, -0.87, -0.62, 12.52, 15.71, -48.65
-0.05, -0.84, -0.56, 18.15, 25.93, -52.88
0.23, -0.83, -0.52, 16.46, 19.64, -45.01
0.53, -0.81, -0.45, 10.09, 13.32, -27.70
0.74, -0.73, -0.34, 0.14, 7.56, -7.64
0.82, -0.63, -0.27, -12.66, 4.86, 9.18
0.73, -0.59, -0.20, -24.71, 10.47, 19.76
0.56, -0.65, -0.21, -41.30, 18.21, 26.58
0.42, -0.73, -0.29, -52.51, 22.82, 29.59
0.32, -0.72, -0.37, -55.42, 28.61, 32.24
0.33, -0.68, -0.42, -51.38, 30.92, 37.18
0.36, -0.73, -0.44, -44.67, 9.92, 37.54
0.28, -0.81, -0.51, -32.94, -30.80, 32.66
0.17, -0.86, -0.62, -18.08, -47.14, 21.39
0.03, -0.89, -0.70, -1.38, -50.27, -5.04
-0.19, -0.91, -0.69, 3.36, -16.85, -21.77
-0.18, -0.91, -0.61, 9.61, 9.59, -37.63
0.00, -0.87, -0.58, 16.67, 12.87, -45.37
0.17, -0.85, -0.57, 19.21, 10.05, -46.79
0.31, -0.86, -0.52, 15.66, 4.57, -46.12
0.48, -0.83, -0.43, 7.01, 2.30, -31.08
0.70, -0.74, -0.32, -3.28, 11.93, -5.29
0.83, -0.61, -0.26, -16.96, 13.80, 11.31
0.78, -0.56, -0.20, -26.12, 14.65, 23.72
0.62, -0.62, -0.23, -41.36, 16.80, 31.90
0.44, -0.71, -0.31, -51.64, 21.01, 34.11
0.30, -0.72, -0.37, -56.32, 33.25, 34.95
0.30, -0.70, -0.41, -52.83, 19.67, 35.31
0.28, -0.73, -0.48, -44.23, -22.53, 33.09
0.21, -0.79, -0.57, -26.87, -48.88, 27.39
0.08, -0.88, -0.65, -14.48, -53.57, 8.91
-0.15, -0.94, -0.70, -7.88, -28.63, -14.88
-0.27, -0.91, -0.65, -6.37, 12.34, -25.45
-0.05, -0.82, -0.57, 2.84, 21.04, -37.47
0.15, -0.80, -0.56, 7.67, 7.34, -42.03
0.24, -0.82, -0.57, 11.83, -8.29, -41.38
0.30, -0.83, -0.54, 13.40, -15.48, -44.61
0.38, -0.81, -0.48, 6.35, -4.10, -34.08
0.57, -0.75, -0.38, -2.78, 11.94, -12.25
0.73, -0.64, -0.29, -14.19, 27.73, 10.10
0.78, -0.56, -0.24, -20.75, 31.65, 22.65
0.67, -0.60, -0.27, -29.59, 28.06, 32.00
0.47, -0.71, -0.35, -39.93, 26.75, 35.02
0.33, -0.75, -0.39, -45.41, 31.77, 36.64
0.30, -0.75, -0.40, -45.10, 23.09, 32.98
0.26, -0.77, -0.47, -38.92, -14.93, 30.15
0.17, -0.81, -0.57, -24.70, -40.00, 21.96
0.04, -0.87, -0.67, -10.92, -45.54, 0.44
-0.17, -0.92, -0.73, -5.53, -19.49, -20.46
-0.26, -0.87, -0.69, 2.21, 5.60, -35.02
-0.09, -0.78, -0.63, 13.00, 12.67, -45.74
0.13, -0.77, -0.60, 17.54, 4.83, -50.68
0.25, -0.81, -0.55, 15.47, -2.98, -45.16
0.40, -0.79, -0.48, 7.43, 4.17, -29.79
0.61, -0.71, -0.37, -2.27, 19.98, -6.58
0.78, -0.59, -0.27, -13.88, 24.58, 12.29
0.78, -0.55, -0.21, -21.54, 17.70, 24.78
0.64, -0.63, -0.23, -32.28, 22.03, 34.53
0.45, -0.74, -0.29, -41.09, 35.59, 37.51
0.33, -0.77, -0.35, -48.73, 41.68, 36.46
0.32, -0.74, -0.40, -48.14, 27.42, 38.42
0.32, -0.75, -0.46, -38.94, -17.14, 34.07
0.24, -0.81, -0.57, -22.72, -54.80, 25.55
0.07, -0.90, -0.69, -6.67, -62.89, 4.79
-0.19, -0.94, -0.75, 4.75, -35.61, -17.30
-0.28, -0.93, -0.68, 10.59, 8.03, -35.33
-0.09, -0.87, -0.60, 17.59, 24.22, -46.78
0.13, -0.84, -0.58, 21.52, 17.64, -46.61
0.30, -0.84, -0.53, 20.55, 1.58, -43.54
0.43, -0.84, -0.46, 14.11, -3.66, -32.36
0.61, -0.78, -0.37, 5.07, 0.74, -11.94
0.74, -0.66, -0.27, -6.53, 11.84, 7.18
0.75, -0.56, -0.20, -19.13, 18.74, 21.76
0.66, -0.58, -0.19, -30.97, 21.07, 31.94
0.50, -0.68, -0.26, -46.50, 25.69, 35.44
0.37, -0.73, -0.34, -56.30, 29.68, 37.05
0.32, -0.71, -0.37, -57.46, 25.11, 38.05
0.32, -0.71, -0.44, -49.72, -13.27, 34.48
0.26, -0.77, -0.56, -34.65, -53.38, 29.40
0.14, -0.88, -0.70, -20.29, -62.76, 11.63
-0.11, -0.94, -0.78, -7.07, -46.79, -14.28
-0.31, -0.93, -0.74, -4.26, 3.99, -28.35
-0.18, -0.87, -0.66, 6.25, 25.37, -41.58
0.06, -0.79, -0.65, 15.53, 15.20, -47.36
0.21, -0.79, -0.63, 18.63, 2.43, -47.50
0.31, -0.82, -0.57, 17.25, -6.87, -43.16
0.45, -0.80, -0.49, 11.66, -1.02, -26.47
0.63, -0.68, -0.37, 0.97, 14.89, -6.31
0.75, -0.57, -0.23, -13.34, 28.23, 14.87
0.75, -0.54, -0.19, -23.09, 29.62, 28.91
0.64, -0.62, -0.22, -34.99, 32.89, 38.15
0.48, -0.74, -0.30, -45.99, 32.47, 38.91
0.33, -0.77, -0.37, -52.68, 39.57, 41.48
0.30, -0.75, -0.41, -50.55, 22.68, 38.64
0.27, -0.76, -0.48, -39.09, -21.63, 33.89
0.17, -0.82, -0.58, -20.26, -52.97, 23.11
-0.01, -0.91, -0.72, -4.05, -56.92, -0.07
-0.30, -0.94, -0.78, 3.99, -28.61, -20.21
-0.36, -0.89, -0.68, 15.14, 2.69, -37.57
-0.15, -0.80, -0.62, 24.48, 4.54, -46.38
0.10, -0.77, -0.59, 30.36, -6.07, -54.59
0.23, -0.80, -0.55, 25.91, -13.31, -49.22
0.46, -0.79, -0.43, 9.47, 6.82, -24.56
0.78, -0.71, -0.30, -2.54, 23.13, 0.19
0.94, -0.59, -0.23, -16.05, 24.33, 15.86
0.85, -0.60, -0.22, -27.38, 28.15, 31.24
0.62, -0.73, -0.26, -45.23, 36.54, 36.51
0.40, -0.83, -0.32, -56.34, 49.57, 36.72
0.27, -0.82, -0.38, -57.68, 42.99, 35.22
0.24, -0.77, -0.48, -50.31, 6.59, 31.46
0.18, -0.75, -0.58, -29.00, -33.61, 21.21
0.02, -0.80, -0.70, -7.89, -60.75, -1.39
-0.22, -0.91, -0.76, 1.92, -34.14, -16.68
-0.30, -0.90, -0.66, 6.76, 16.91, -31.84
-0.15, -0.77, -0.56, 15.10, 35.56, -43.18
0.12, -0.73, -0.52, 16.00, 30.34, -38.88
0.35, -0.78, -0.48, 11.19, 10.40, -32.05
0.50, -0.80, -0.42, 2.98, -4.41, -18.50
0.64, -0.76, -0.34, -9.15, -7.13, -3.83
0.71, -0.66, -0.28, -20.70, 2.94, 11.93
0.69, -0.65, -0.25, -30.64, 12.43, 21.47
0.57, -0.68, -0.29, -43.00, 27.73, 32.64
0.44, -0.72, -0.34, -51.91, 37.90, 37.70
0.37, -0.71, -0.38, -53.68, 44.73, 41.07
0.35, -0.71, -0.41, -50.99, 25.15, 37.77
0.31, -0.77, -0.52, -38.88, -16.76, 36.60
0.18, -0.84, -0.63, -27.66, -35.96, 29.54
-0.05, -0.86, -0.69, -11.93, -39.39, 2.05
-0.24, -0.86, -0.72, 3.19, -22.51, -19.96
-0.22, -0.89, -0.69, 6.75, 11.21, -28.05
-0.04, -0.85, -0.61, 15.72, 12.66, -36.96
0.12, -0.79, -0.57, 19.71, 9.47, -39.48
0.23, -0.80, -0.53, 19.87, 2.92, -40.67
0.35, -0.80, -0.47, 13.18, -3.62, -34.23
0.51, -0.77, -0.38, 2.42, -1.93, -16.77
0.68, -0.68, -0.31, -7.70, -0.49, 0.86
0.74, -0.61, -0.26, -19.10, 13.97, 19.94
0.69, -0.62, -0.24, -30.44, 26.01, 29.12
0.56, -0.68, -0.29, -44.07, 34.34, 38.08
0.42, -0.73, -0.35, -52.07, 40.23, 45.93
0.37, -0.72, -0.38, -53.47, 32.90, 46.22
0.33, -0.73, -0.45, -44.50, -6.63, 40.76
0.21, -0.80, -0.58, -31.85, -37.95, 32.55
0.00, -0.87, -0.66, -18.26, -34.76, 15.23
-0.23, -0.87, -0.74, -0.86, -23.79, -14.09
-0.33, -0.88, -0.74, 5.27, 13.89, -23.83
-0.16, -0.86, -0.64, 13.59, 26.34, -36.22
0.09, -0.80, -0.58, 21.67, 14.21, -41.31
0.24, -0.79, -0.56, 21.82, 1.22, -39.15
0.38, -0.82, -0.51, 16.30, 10.71, -28.31
0.53, -0.78, -0.42, 8.67, 9.71, -20.37
0.59, -0.73, -0.31, -3.34, 11.22, -3.60
0.67, -0.69, -0.25, -15.39, 17.32, 14.95
0.71, -0.68, -0.25, -25.96, 20.16, 27.83
0.60, -0.73, -0.27, -41.90, 16.47, 35.00
0.42, -0.75, -0.33, -51.37, 23.55, 39.54
0.34, -0.72, -0.38, -53.68, 27.47, 40.13
0.28, -0.71, -0.41, -49.97, 6.33, 35.99
0.16, -0.76, -0.53, -34.03, -22.12, 28.35
0.02, -0.81, -0.67, -20.63, -31.77, 13.47
-0.18, -0.86, -0.74, -3.67, -30.54, -7.35
-0.29, -0.85, -0.76, 5.95, 4.43, -20.12
-0.17, -0.79, -0.66, 17.88, 16.20, -32.66
0.05, -0.77, -0.58, 22.44, 12.29, -35.20
0.24, -0.81, -0.53, 20.11, 9.93, -31.68
0.38, -0.82, -0.45, 13.95, 9.98, -25.25
0.48, -0.78, -0.39, 7.16, 12.86, -16.23
0.56, -0.72, -0.32, -3.86, 15.32, -4.54
0.61, -0.70, -0.28, -13.80, 17.52, 7.41
0.63, -0.71, -0.27, -22.97, 23.54, 17.69
0.58, -0.74, -0.31, -32.40, 23.20, 23.39
0.47, -0.77, -0.35, -39.02, 29.85, 28.83
0.37, -0.76, -0.38, -42.62, 37.96, 30.95
0.32, -0.76, -0.40, -43.01, 27.06, 31.31
0.29, -0.80, -0.45, -35.49, -4.67, 28.58
0.19, -0.83, -0.59, -22.05, -29.18, 19.89
-0.02, -0.85, -0.66, -8.93, -33.86, -2.07
-0.23, -0.88, -0.69, 0.06, -13.72, -20.69
-0.23, -0.87, -0.65, 4.24, 8.68, -32.31
-0.05, -0.81, -0.60, 14.02, 10.62, -37.80
0.12, -0.77, -0.56, 17.40, 6.61, -40.83
0.25, -0.79, -0.52, 15.87, 6.75, -36.47
0.38, -0.79, -0.47, 12.35, 13.06, -26.12
0.53, -0.74, -0.40, 3.62, 11.34, -15.00
0.63, -0.70, -0.31, -7.31, 15.31, 1.86
0.69, -0.68, -0.24, -18.42, 20.78, 16.15
0.69, -0.68, -0.24, -28.89, 26.07, 26.61
0.58, -0.73, -0.27, -41.58, 27.29, 31.62
0.42, -0.77, -0.32, -51.33, 37.01, 37.89
0.34, -0.76, -0.34, -53.74, 36.70, 39.54
0.31, -0.76, -0.41, -48.30, 2.80, 34.36
0.20, -0.78, -0.54, -34.17, -27.25, 27.17
0.02, -0.81, -0.67, -18.17, -45.80, 7.00
-0.24, -0.84, -0.75, -3.99, -43.81, -18.12
-0.37, -0.84, -0.74, 4.76, -12.47, -30.42
-0.24, -0.79, -0.66, 16.21, -2.15, -44.43
-0.01, -0.76, -0.61, 26.95, -8.54, -50.18
0.15, -0.79, -0.59, 28.73, -16.70, -49.96
0.32, -0.82, -0.51, 21.37, -5.25, -38.34
0.55, -0.80, -0.37, 14.90, 2.48, -24.80
0.72, -0.74, -0.29, 4.14, -1.12, -11.26
0.74, -0.71, -0.26, -11.27, 7.94, 10.10
0.75, -0.73, -0.22, -27.24, 28.52, 26.58
0.71, -0.74, -0.23, -39.46, 30.99, 32.44
0.54, -0.77, -0.27, -52.18, 33.50, 35.44
0.38, -0.78, -0.32, -57.38, 38.33, 37.11
0.29, -0.77, -0.37, -57.44, 27.36, 33.32
0.22, -0.80, -0.47, -48.59, -10.44, 28.08
0.10, -0.81, -0.58, -32.68, -35.38, 18.63
-0.04, -0.82, -0.64, -14.16, -46.02, -5.14
-0.22, -0.86, -0.66, -5.10, -28.81, -20.86
-0.21, -0.87, -0.61, -0.96, 0.10, -30.73
-0.01, -0.80, -0.57, 8.09, -0.25, -36.30
0.19, -0.75, -0.55, 12.35, -7.21, -34.80
0.30, -0.77, -0.51, 9.66, -18.00, -33.27
0.37, -0.80, -0.45, 3.86, -18.71, -23.34
0.51, -0.78, -0.40, -3.14, -11.19, -8.56
0.65, -0.72, -0.34, -14.89, -5.16, 5.08
0.68, -0.67, -0.30, -21.99, 5.05, 19.87
0.64, -0.68, -0.31, -32.75, 15.70, 28.50
0.51, -0.73, -0.36, -43.56, 26.41, 35.14
0.35, -0.73, -0.42, -46.61, 30.27, 38.80
0.28, -0.72, -0.46, -42.48, 13.78, 38.34
0.22, -0.76, -0.54, -31.54, -12.37, 28.93
0.03, -0.82, -0.65, -17.04, -39.92, 6.66
-0.23, -0.87, -0.72, -3.52, -36.12, -11.59
-0.33, -0.89, -0.71, 0.74, 1.82, -25.13
-0.19, -0.85, -0.60, 11.33, 16.36, -39.22
0.04, -0.81, -0.56, 15.80, 11.46, -42.43
0.24, -0.83, -0.54, 15.31, 8.21, -39.40
0.36, -0.84, -0.48, 12.13, 4.01, -35.53
0.48, -0.80, -0.44, 4.61, 10.78, -22.54
0.60, -0.74, -0.37, -6.40, 15.63, -9.14
0.68, -0.68, -0.28, -16.90, 16.40, 5.12
0.70, -0.67, -0.24, -26.79, 18.00, 15.94
0.62, -0.71, -0.29, -37.35, 19.23, 25.91
0.46, -0.75, -0.35, -48.07, 27.12, 29.83
0.31, -0.74, -0.39, -51.68, 39.49, 32.21
0.27, -0.73, -0.41, -49.73, 23.98, 30.63
0.25, -0.75, -0.49, -40.34, -10.65, 28.86
0.13, -0.78, -0.61, -22.02, -45.37, 16.35
-0.06, -0.81, -0.68, -8.15, -55.97, -5.47
-0.27, -0.87, -0.70, -3.08, -30.72, -22.39
-0.27, -0.86, -0.63, 2.80, -4.10, -34.57
-0.04, -0.79, -0.57, 12.20, -5.15, -44.81
0.14, -0.76, -0.59, 18.36, -11.07, -43.51
0.26, -0.78, -0.57, 18.16, -9.96, -42.12
0.34, -0.79, -0.52, 16.54, -4.40, -33.56
0.51, -0.75, -0.44, 6.56, 18.11, -15.93
0.67, -0.69, -0.34, -0.40, 15.18, -4.20
0.74, -0.67, -0.27, -15.44, 18.46, 16.22
0.76, -0.69, -0.25, -25.82, 23.29, 29.78
0.63, -0.74, -0.29, -40.06, 27.74, 36.97
0.43, -0.76, -0.34, -48.08, 39.75, 41.06
0.29, -0.73, -0.38, -51.29, 38.31, 39.26
0.24, -0.73, -0.44, -47.09, 4.70, 36.05
0.17, -0.77, -0.53, -34.11, -31.44, 28.96
0.05, -0.81, -0.64, -18.06, -49.13, 10.45
-0.17, -0.86, -0.72, -1.91, -40.87, -11.53
-0.31, -0.88, -0.71, 1.86, 4.07, -26.61
-0.20, -0.84, -0.62, 11.41, 25.19, -36.99
0.08, -0.79, -0.58, 18.17, 21.87, -38.20
0.32, -0.81, -0.55, 17.13, 12.53, -33.75
0.43, -0.82, -0.49, 12.46, 4.51, -25.08
0.51, -0.78, -0.42, 5.09, 12.72, -13.48
0.60, -0.72, -0.34, -7.17, 11.54, -0.39
0.66, -0.69, -0.27, -19.22, 19.50, 14.95
0.67, -0.69, -0.26, -30.26, 16.68, 24.06
0.56, -0.72, -0.31, -42.13, 15.39, 31.53
0.38, -0.75, -0.36, -50.30, 25.47, 34.57
0.31, -0.74, -0.39, -53.67, 31.68, 34.89
0.25, -0.76, -0.45, -46.89, 8.28, 31.23
0.23, -0.80, -0.56, -34.08, -22.63, 24.36
0.03, -0.83, -0.68, -17.95, -38.72, 8.58
-0.18, -0.85, -0.76, -1.68, -31.11, -16.19
-0.32, -0.85, -0.75, 6.36, 5.44, -28.17
-0.22, -0.83, -0.65, 16.08, 19.85, -41.06
0.01, -0.78, -0.59, 23.12, 16.09, -45.46
0.19, -0.78, -0.55, 22.37, 10.70, -43.85
0.35, -0.80, -0.48, 14.23, 14.81, -33.33
0.51, -0.75, -0.38, 5.95, 19.09, -18.81
0.66, -0.69, -0.29, -5.50, 19.69, -6.54
0.72, -0.66, -0.24, -18.86, 18.33, 8.83
0.71, -0.68, -0.24, -28.74, 21.16, 20.65
0.63, -0.72, -0.29, -39.88, 23.31, 28.24
0.45, -0.76, -0.35, -48.04, 30.55, 30.63
0.32, -0.75, -0.40, -49.48, 40.24, 32.45
0.29, -0.74, -0.42, -46.28, 25.80, 29.66
0.29, -0.78, -0.49, -35.92, -7.75, 26.14
0.19, -0.81, -0.58, -23.39, -27.20, 19.43
-0.01, -0.85, -0.63, -12.10, -26.13, 1.25
-0.18, -0.85, -0.66, -4.44, -9.01, -16.41
-0.17, -0.82, -0.63, 1.69, 8.89, -24.58
0.01, -0.75, -0.58, 10.60, 1.74, -31.80
0.16, -0.72, -0.58, 16.21, -11.15, -35.29
0.23, -0.75, -0.56, 17.74, -13.13, -34.99
0.28, -0.76, -0.52, 16.00, -7.47, -31.76
0.36, -0.75, -0.48, 10.89, 1.23, -20.80
0.50, -0.71, -0.41, 1.99, 19.08, -8.13
0.65, -0.70, -0.31, -9.17, 24.85, 8.45
0.75, -0.70, -0.26, -19.15, 26.64, 22.66
0.74, -0.74, -0.27, -28.81, 24.02, 34.54
0.61, -0.82, -0.31, -42.18, 26.45, 38.31
0.43, -0.83, -0.34, -51.54, 32.03, 41.10
0.33, -0.79, -0.36, -53.64, 32.13, 40.80
0.29, -0.79, -0.42, -48.07, 3.08, 33.22
0.18, -0.82, -0.53, -37.57, -26.00, 21.75
-0.01, -0.84, -0.63, -23.38, -32.88, 4.12
-0.23, -0.84, -0.70, -8.59, -25.97, -19.34
-0.29, -0.82, -0.70, 0.06, 5.30, -28.34
-0.12, -0.79, -0.64, 10.96, 10.26, -39.26
0.07, -0.76, -0.57, 19.22, 3.02, -41.49
0.24, -0.77, -0.54, 19.84, 1.53, -38.15
0.40, -0.78, -0.50, 14.63, 5.94, -28.24
0.53, -0.73, -0.40, 7.13, 16.94, -11.68
0.67, -0.68, -0.31, -2.93, 13.76, 0.27
0.73, -0.68, -0.26, -14.94, 15.34, 17.12
0.72, -0.71, -0.25, -26.80, 15.05, 28.48
0.61, -0.76, -0.31, -39.35, 18.18, 36.01
0.43, -0.76, -0.36, -46.92, 24.67, 37.93
0.32, -0.73, -0.39, -47.98, 24.32, 36.21
0.27, -0.76, -0.45, -42.65, -0.50, 32.08
0.18, -0.82, -0.55, -31.45, -24.23, 20.81
-0.01, -0.85, -0.63, -22.39, -33.38, 4.13
-0.22, -0.84, -0.70, -7.31, -23.28, -17.63
-0.27, -0.81, -0.71, 2.56, 9.22, -27.63
-0.11, -0.79, -0.64, 12.54, 16.39, -39.35
0.08, -0.79, -0.59, 17.51, 13.94, -41.45
0.21, -0.79, -0.54, 18.00, 10.79, -38.35
0.38, -0.79, -0.49, 14.10, 14.57, -30.09
0.56, -0.74, -0.40, 5.60, 13.79, -14.47
0.68, -0.69, -0.32, -2.49, 12.47, -3.30
0.71, -0.68, -0.26, -16.76, 16.10, 13.35
0.69, -0.73, -0.25, -28.74, 21.11, 24.30
0.57, -0.78, -0.30, -40.46, 21.46, 31.60
0.45, -0.78, -0.35, -46.57, 26.75, 33.68
0.35, -0.75, -0.38, -47.36, 29.12, 32.93
0.32, -0.77, -0.41, -43.96, 23.50, 30.26
0.24, -0.82, -0.50, -35.88, 2.45, 23.91
0.06, -0.83, -0.59, -26.64, -10.10, 13.06
-0.10, -0.80, -0.67, -10.21, -19.06, -6.79
-0.16, -0.80, -0.71, 0.66, -7.84, -19.83
-0.08, -0.81, -0.64, 12.39, 0.15, -31.69
0.02, -0.79, -0.57, 18.05, 0.18, -38.84
0.12, -0.79, -0.53, 18.60, 1.81, -40.68
0.25, -0.79, -0.49, 15.23, 9.49, -34.33
0.47, -0.76, -0.42, 7.17, 15.65, -21.68
0.65, -0.71, -0.33, -0.43, 12.69, -6.61
0.74, -0.68, -0.27, -12.50, 9.22, 7.27
0.75, -0.71, -0.25, -24.15, 14.23, 20.93
0.67, -0.76, -0.28, -36.95, 16.03, 29.33
0.53, -0.79, -0.34, -47.00, 23.15, 32.80
0.39, -0.77, -0.37, -51.71, 27.99, 33.79
0.33, -0.76, -0.40, -49.79, 26.10, 35.38
0.30, -0.79, -0.47, -40.56, 9.91, 30.28
0.16, -0.83, -0.56, -34.28, -13.47, 24.59
-0.05, -0.83, -0.62, -20.84, -18.32, 7.71
-0.15, -0.80, -0.69, -2.57, -15.93, -15.01
-0.15, -0.81, -0.71, 5.97, -1.20, -25.93
-0.08, -0.82, -0.64, 16.90, 6.21, -38.54
0.01, -0.81, -0.60, 22.59, 7.16, -48.07
0.10, -0.81, -0.57, 21.79, 10.81, -48.66
0.31, -0.80, -0.51, 17.23, 25.22, -36.45
0.61, -0.73, -0.41, 14.54, 28.36, -23.87
0.74, -0.66, -0.33, 6.94, 11.84, -14.38
0.73, -0.67, -0.29, -11.42, 23.27, 5.83
0.75, -0.70, -0.25, -24.80, 33.68, 22.41
0.74, -0.70, -0.26, -34.99, 28.33, 29.41
0.59, -0.72, -0.31, -45.12, 27.21, 33.13
0.39, -0.74, -0.36, -50.96, 36.09, 34.88
0.30, -0.74, -0.39, -51.99, 31.17, 33.20
0.25, -0.77, -0.44, -44.37, 1.59, 30.53
0.20, -0.80, -0.57, -25.80, -29.84, 22.50
0.01, -0.83, -0.67, -9.08, -38.05, 0.98
-0.23, -0.86, -0.73, 4.24, -17.57, -20.65
-0.27, -0.87, -0.68, 12.78, 11.61, -34.58
-0.08, -0.82, -0.58, 22.22, 7.78, -43.95
0.17, -0.82, -0.53, 27.38, -2.06, -44.58
0.35, -0.83, -0.49, 22.13, 1.51, -37.07
0.52, -0.80, -0.39, 15.06, 8.21, -27.25
0.66, -0.71, -0.31, 6.72, 8.54, -16.04
0.73, -0.66, -0.26, -5.94, 10.41, 0.88
0.74, -0.67, -0.21, -21.34, 17.13, 17.24
0.73, -0.68, -0.23, -31.68, 18.95, 27.27
0.62, -0.71, -0.30, -42.90, 18.86, 33.87
0.46, -0.71, -0.35, -48.77, 23.98, 36.61
0.36, -0.70, -0.37, -49.32, 25.37, 39.89
0.36, -0.73, -0.42, -43.82, 3.89, 39.48
0.29, -0.78, -0.51, -31.49, -17.42, 35.99
0.15, -0.84, -0.59, -20.92, -19.85, 23.39
-0.06, -0.88, -0.63, -10.02, -15.17, 1.44
-0.19, -0.89, -0.68, 0.59, -2.26, -16.37
-0.12, -0.89, -0.65, 7.34, 17.11, -23.96
0.06, -0.85, -0.56, 15.35, 7.17, -32.98
0.21, -0.82, -0.51, 18.66, 0.32, -35.91
0.30, -0.82, -0.47, 18.58, -3.43, -37.44
0.38, -0.81, -0.45, 12.96, 4.02, -33.15
0.48, -0.76, -0.39, 5.89, 12.13, -20.09
0.60, -0.71, -0.32, -4.84, 15.35, -9.02
0.68, -0.69, -0.26, -18.05, 19.19, 7.81
0.70, -0.67, -0.24, -25.49, 19.54, 19.08
0.65, -0.68, -0.26, -37.25, 20.31, 28.83
0.52, -0.71, -0.34, -44.70, 22.32, 33.36
0.41, -0.71, -0.36, -48.76, 27.21, 37.16
0.38, -0.72, -0.39, -47.18, 14.65, 37.62
0.34, -0.77, -0.43, -38.86, -10.87, 35.52
0.21, -0.82, -0.56, -27.68, -25.53, 27.04
0.03, -0.87, -0.58, -19.02, -23.41, 11.89
-0.13, -0.90, -0.63, -6.04, -15.39, -9.92
-0.14, -0.89, -0.63, -0.28, 6.85, -18.26
0.02, -0.86, -0.55, 5.73, -0.46, -31.51
0.14, -0.83, -0.50, 9.67, -11.29, -37.82
0.20, -0.82, -0.48, 11.37, -20.17, -41.69
0.28, -0.81, -0.48, 10.76, -13.18, -37.82
0.42, -0.78, -0.46, 9.72, 3.14, -28.81
0.53, -0.72, -0.40, 2.21, 6.57, -18.08
0.60, -0.67, -0.32, -8.82, 18.01, -0.04
0.71, -0.66, -0.27, -18.06, 21.96, 14.71
0.72, -0.66, -0.27, -26.97, 16.04, 24.33
0.60, -0.71, -0.32, -37.07, 17.81, 30.51
0.42, -0.74, -0.36, -46.02, 23.16, 33.58
0.34, -0.73, -0.38, -47.18, 21.73, 34.19
0.32, -0.75, -0.42, -43.60, 1.77, 35.46
0.27, -0.80, -0.51, -30.03, -17.06, 27.82
0.09, -0.86, -0.61, -18.41, -26.18, 11.74
-0.13, -0.93, -0.66, -6.03, -20.00, -8.88
-0.20, -0.92, -0.69, 4.83, 10.83, -20.03
-0.05, -0.85, -0.62, 16.76, 12.79, -34.82
0.11, -0.82, -0.56, 22.54, 1.55, -42.62
0.20, -0.84, -0.53, 24.66, -11.68, -43.51
0.33, -0.82, -0.50, 22.60, -0.82, -36.39
0.50, -0.75, -0.42, 13.98, 9.55, -26.26
0.63, -0.67, -0.29, 3.25, 9.80, -13.65
0.70, -0.63, -0.21, -13.40, 10.25, 6.22
0.75, -0.64, -0.20, -24.69, 14.86, 19.15
0.70, -0.67, -0.23, -36.27, 12.55, 28.23
0.53, -0.72, -0.28, -47.40, 18.67, 32.82
0.39, -0.73, -0.33, -52.78, 24.82, 38.78
0.38, -0.73, -0.37, -50.60, 18.19, 42.58
0.37, -0.77, -0.44, -43.01, -1.67, 41.65
0.23, -0.83, -0.56, -28.90, -19.88, 29.22
-0.05, -0.86, -0.65, -15.35, -31.29, 9.38
-0.25, -0.88, -0.72, 4.51, -17.34, -13.57
-0.25, -0.90, -0.71, 13.87, 3.50, -28.88
-0.09, -0.88, -0.62, 25.59, 5.82, -44.21
0.07, -0.84, -0.57, 29.79, -5.98, -50.69
0.18, -0.84, -0.53, 28.37, -7.39, -49.88
0.39, -0.81, -0.46, 18.91, 17.95, -35.71
0.62, -0.73, -0.36, 13.62, 12.35, -29.56
0.70, -0.66, -0.25, -1.58, 4.81, -13.49
0.76, -0.67, -0.19, -20.45, 10.22, 10.05
0.81, -0.69, -0.19, -38.48, 20.31, 24.43
0.74, -0.68, -0.23, -51.67, 19.70, 33.15
0.57, -0.69, -0.28, -61.71, 24.95, 39.82
0.42, -0.71, -0.33, -64.00, 34.32, 46.03
0.37, -0.73, -0.37, -64.00, 20.49, 49.52
0.34, -0.77, -0.48, -51.80, -12.60, 46.04
0.19, -0.81, -0.59, -38.48, -34.82, 32.56
-0.07, -0.86, -0.65, -22.95, -43.86, 8.79
-0.27, -0.88, -0.73, -3.95, -24.03, -12.33
-0.28, -0.87, -0.73, 7.72, 3.95, -26.54
-0.12, -0.85, -0.63, 19.39, 10.91, -38.66
0.09, -0.85, -0.55, 24.91, -0.03, -45.00
0.23, -0.85, -0.52, 25.04, -3.87, -40.99
0.44, -0.82, -0.46, 16.31, 16.78, -27.35
0.62, -0.75, -0.33, 8.94, 16.13, -19.33
0.71, -0.71, -0.22, -6.14, 9.37, -4.76
0.76, -0.73, -0.16, -22.52, 15.50, 13.60
0.74, -0.76, -0.18, -34.71, 14.44, 21.09
0.60, -0.77, -0.24, -48.08, 19.90, 27.42
0.43, -0.78, -0.30, -55.39, 24.09, 29.77
0.35, -0.76, -0.37, -54.38, 14.15, 31.46
0.31, -0.76, -0.44, -48.81, -3.30, 31.63
0.26, -0.77, -0.55, -33.09, -16.80, 25.25
0.08, -0.79, -0.65, -20.07, -23.71, 6.97
-0.19, -0.83, -0.71, -4.96, -20.42, -13.32
-0.25, -0.84, -0.77, 7.31, -1.28, -24.17
-0.10, -0.81, -0.72, 21.39, 6.63, -37.17
0.08, -0.78, -0.65, 29.61, -0.84, -44.48
0.17, -0.79, -0.58, 32.99, -6.79, -46.83
0.30, -0.80, -0.53, 27.46, 9.20, -37.72
0.50, -0.76, -0.42, 16.92, 21.56, -26.01
0.65, -0.70, -0.30, 5.27, 18.74, -14.55
0.74, -0.68, -0.22, -12.05, 15.73, 2.05
0.79, -0.69, -0.18, -27.38, 21.45, 16.91
0.74, -0.70, -0.20, -41.04, 19.80, 24.64
0.59, -0.74, -0.26, -54.36, 22.86, 32.99
0.43, -0.75, -0.32, -60.15, 34.37, 36.36
0.37, -0.73, -0.36, -59.79, 28.14, 37.88
0.33, -0.76, -0.44, -51.42, 1.49, 37.44
0.23, -0.77, -0.57, -34.05, -22.45, 27.27
0.02, -0.80, -0.65, -22.28, -31.15, 7.77
-0.18, -0.84, -0.69, -3.38, -21.86, -13.60
-0.22, -0.85, -0.70, 8.09, 0.40, -23.09
-0.09, -0.84, -0.60, 20.88, 7.70, -34.31
0.08, -0.83, -0.57, 26.37, -0.87, -43.46
0.18, -0.84, -0.53, 28.02, -4.89, -43.16
0.35, -0.82, -0.46, 19.25, 9.25, -32.13
0.56, -0.77, -0.34, 11.90, 18.12, -19.63
0.70, -0.70, -0.24, -0.11, 7.03, -11.01
0.75, -0.70, -0.19, -17.13, 14.65, 10.95
0.77, -0.71, -0.19, -31.10, 19.51, 22.92
0.69, -0.73, -0.23, -43.21, 19.17, 30.92
0.51, -0.77, -0.29, -53.26, 24.51, 35.34
0.39, -0.76, -0.34, -57.86, 32.15, 37.40
0.33, -0.75, -0.38, -54.98, 17.24, 35.58
0.28, -0.78, -0.47, -44.79, -11.00, 33.60
0.19, -0.80, -0.59, -28.44, -26.44, 23.49
-0.02, -0.83, -0.66, -16.89, -38.92, 1.55
-0.24, -0.85, -0.67, -3.42, -22.19, -15.23
-0.20, -0.84, -0.66, 6.61, 1.22, -25.87
-0.03, -0.83, -0.61, 16.30, -0.70, -37.67
0.12, -0.81, -0.56, 21.58, -10.12, -43.38
0.18, -0.81, -0.53, 22.49, -11.98, -44.12
0.34, -0.80, -0.48, 15.94, 5.81, -33.13
0.54, -0.75, -0.39, 8.50, 14.26, -19.24
0.70, -0.69, -0.28, -2.56, 10.19, -8.41
0.78, -0.68, -0.23, -17.62, 13.58, 9.05
0.80, -0.71, -0.21, -30.31, 19.46, 19.47
0.69, -0.74, -0.28, -43.27, 25.88, 27.26
0.51, -0.76, -0.34, -53.88, 37.06, 30.81
0.39, -0.73, -0.39, -56.60, 41.29, 33.65
0.34, -0.73, -0.44, -52.53, 13.54, 33.09
0.28, -0.74, -0.54, -38.10, -17.13, 29.75
0.15, -0.78, -0.65, -20.76, -37.50, 11.77
-0.11, -0.85, -0.71, -5.49, -37.35, -11.26
-0.28, -0.89, -0.71, 2.59, -1.32, -23.14
-0.17, -0.84, -0.63, 14.56, 17.18, -40.05
0.05, -0.79, -0.57, 20.29, 12.24, -44.99
0.22, -0.80, -0.53, 23.43, 2.03, -44.12
0.38, -0.81, -0.51, 21.55, 7.21, -35.39
0.51, -0.76, -0.43, 15.54, 6.26, -27.67
0.62, -0.71, -0.32, 8.26, -0.38, -19.26
0.66, -0.69, -0.27, -7.07, -1.85, -6.18
0.67, -0.69, -0.23, -21.94, 12.22, 9.51
0.69, -0.66, -0.21, -32.24, 17.94, 18.22
0.62, -0.67, -0.27, -40.33, 22.00, 23.64
0.45, -0.72, -0.34, -47.06, 24.31, 26.58
0.35, -0.74, -0.39, -48.98, 32.53, 30.78
0.37, -0.77, -0.43, -46.34, 27.29, 35.03
0.37, -0.80, -0.46, -38.88, 2.67, 33.86
0.24, -0.82, -0.53, -22.59, -23.28, 20.97
0.03, -0.85, -0.65, -8.19, -39.24, -1.91
-0.21, -0.89, -0.72, 4.04, -23.44, -22.48
-0.24, -0.88, -0.66, 13.18, -3.46, -41.11
-0.07, -0.85, -0.59, 20.07, 1.12, -49.85
0.13, -0.84, -0.55, 23.54, -4.20, -52.94
0.30, -0.82, -0.51, 23.01, -3.89, -47.49
0.49, -0.77, -0.46, 18.83, 10.54, -30.99
0.70, -0.69, -0.37, 11.35, 4.68, -19.79
0.77, -0.65, -0.28, 1.71, -1.27, 0.11
0.82, -0.66, -0.22, -14.64, 9.05, 18.48
0.79, -0.67, -0.17, -26.08, 15.65, 29.23
0.64, -0.69, -0.21, -41.60, 25.12, 35.27
0.49, -0.71, -0.27, -50.96, 27.91, 36.28
0.37, -0.72, -0.32, -56.44, 32.46, 41.61
0.36, -0.75, -0.34, -54.08, 3.62, 38.84
0.32, -0.82, -0.42, -45.71, -33.10, 33.98
0.16, -0.86, -0.53, -33.85, -50.69, 20.72
-0.02, -0.86, -0.63, -20.24, -46.78, -0.11
-0.20, -0.86, -0.72, -1.37, -32.26, -22.16
-0.20, -0.88, -0.69, 5.94, -1.44, -31.80
-0.03, -0.89, -0.59, 15.57, 4.87, -43.64
0.12, -0.87, -0.58, 23.28, -2.22, -50.30
0.26, -0.83, -0.59, 24.91, 5.82, -45.34
0.45, -0.80, -0.52, 20.73, 12.24, -34.94
0.67, -0.75, -0.39, 13.35, 6.45, -14.41
0.84, -0.69, -0.29, 3.18, 4.76, 6.05
0.88, -0.64, -0.22, -10.14, 10.84, 21.42
0.80, -0.64, -0.20, -21.55, 22.45, 29.58
0.60, -0.70, -0.24, -37.63, 29.32, 32.50
0.40, -0.76, -0.28, -48.73, 45.57, 35.89
0.32, -0.77, -0.32, -54.22, 49.18, 36.26
0.35, -0.78, -0.39, -50.45, 5.56, 33.70
0.30, -0.77, -0.50, -33.31, -43.28, 30.40
0.17, -0.79, -0.60, -12.88, -62.34, 16.78
-0.09, -0.83, -0.69, 7.66, -58.44, -6.87
-0.33, -0.88, -0.71, 16.08, -14.72, -20.58
-0.30, -0.87, -0.61, 27.79, 15.36, -34.39
-0.10, -0.80, -0.54, 40.40, 13.68, -44.86
0.11, -0.79, -0.51, 46.60, 6.17, -43.26
0.34, -0.81, -0.43, 45.21, -1.57, -32.89
0.54, -0.79, -0.34, 38.11, -15.75, -15.50
0.72, -0.72, -0.26, 27.75, -12.42, 2.99
0.78, -0.65, -0.19, 9.99, -15.08, 17.91
0.73, -0.66, -0.15, -4.32, -1.16, 34.49
0.65, -0.70, -0.20, -10.81, -0.54, 40.77
0.48, -0.74, -0.27, -18.25, 6.70, 42.42
0.34, -0.76, -0.34, -21.25, 21.72, 47.74
0.28, -0.76, -0.39, -20.36, 22.31, 44.45
0.25, -0.75, -0.49, -10.98, -1.25, 43.47
0.17, -0.73, -0.60, 9.02, -36.34, 34.60
0.01, -0.73, -0.71, 29.90, -58.54, 15.69
-0.16, -0.82, -0.70, 36.75, -41.63, 2.88
-0.23, -0.92, -0.57, 29.67, -5.95, -6.77
-0.16, -0.90, -0.45, 27.65, 7.62, -18.13
0.01, -0.84, -0.38, 24.30, 1.61, -28.62
0.20, -0.85, -0.36, 19.05, -11.61, -28.68
0.37, -0.88, -0.35, 13.97, -17.08, -16.96
0.60, -0.88, -0.32, 1.87, -8.22, 5.24
0.76, -0.84, -0.25, -7.34, -1.48, 11.09
0.80, -0.81, -0.18, -17.57, 2.52, 18.05
0.75, -0.83, -0.15, -27.52, 9.23, 26.09
0.65, -0.90, -0.18, -35.02, 22.63, 31.82
0.41, -0.93, -0.21, -42.05, 39.65, 35.20
0.27, -0.91, -0.23, -43.80, 42.57, 39.13
0.19, -0.91, -0.29, -40.47, 18.62, 39.67
0.12, -0.87, -0.38, -23.78, -20.66, 31.12
-0.05, -0.84, -0.47, -4.47, -52.87, 9.49
-0.29, -0.85, -0.58, 11.75, -60.45, -15.42
-0.46, -0.88, -0.57, 12.81, -18.04, -27.79
-0.36, -0.87, -0.47, 14.89, 9.09, -44.46
-0.09, -0.85, -0.43, 17.57, 8.33, -50.85
0.17, -0.87, -0.44, 14.21, -0.19, -46.77
0.39, -0.90, -0.41, 6.10, -0.14, -32.11
0.57, -0.87, -0.34, -5.32, 10.67, -13.16
0.73, -0.81, -0.25, -14.33, 14.48, -0.29
0.77, -0.75, -0.18, -27.37, 21.08, 14.03
0.73, -0.75, -0.16, -34.02, 23.28, 24.16
0.58, -0.80, -0.21, -48.23, 33.28, 30.65
0.38, -0.82, -0.24, -56.60, 50.22, 35.86
0.23, -0.82, -0.25, -58.41, 54.52, 41.08
0.20, -0.80, -0.34, -51.35, 20.49, 36.71
0.14, -0.76, -0.46, -29.79, -30.65, 26.15
0.01, -0.77, -0.55, -14.51, -51.41, 13.39
-0.23, -0.83, -0.56, -0.04, -55.90, -9.73
-0.41, -0.86, -0.54, 4.14, -14.05, -21.97
-0.31, -0.86, -0.48, 8.81, 10.13, -35.70
-0.07, -0.85, -0.43, 14.14, 11.17, -42.61
0.20, -0.89, -0.43, 16.43, 4.11, -40.68
0.37, -0.92, -0.41, 13.17, 0.38, -33.19
0.49, -0.91, -0.36, 6.10, 10.30, -21.56
0.60, -0.88, -0.26, -5.56, 22.43, -7.26
0.70, -0.84, -0.18, -16.76, 23.71, 7.52
0.75, -0.81, -0.15, -25.96, 31.10, 22.37
0.68, -0.79, -0.15, -35.44, 35.72, 28.70
0.46, -0.81, -0.17, -47.01, 39.62, 34.69
0.31, -0.82, -0.20, -52.51, 48.15, 40.76
0.25, -0.80, -0.23, -53.13, 36.79, 41.85
0.20, -0.76, -0.30, -43.36, 10.51, 36.76
0.08, -0.74, -0.41, -27.16, -24.56, 21.51
-0.14, -0.77, -0.54, -8.12, -52.78, -0.07
-0.38, -0.82, -0.64, 7.07, -42.62, -19.30
-0.44, -0.87, -0.61, 12.27, 8.39, -33.56
-0.27, -0.87, -0.52, 19.02, 25.62, -49.28
-0.03, -0.88, -0.49, 25.38, 25.45, -56.30
0.19, -0.92, -0.48, 22.96, 29.51, -55.62
0.37, -0.95, -0.41, 14.80, 36.50, -44.42
0.54, -0.92, -0.32, 5.19, 34.08, -28.68
0.80, -0.86, -0.25, -4.75, 16.13, -5.01
0.93, -0.80, -0.20, -13.04, 5.43, 15.47
0.93, -0.76, -0.13, -23.02, 6.11, 26.95
0.72, -0.76, -0.09, -35.79, 18.65, 35.68
0.44, -0.81, -0.10, -49.66, 30.20, 38.17
0.25, -0.82, -0.17, -56.01, 34.61, 40.50
0.15, -0.80, -0.24, -54.59, 19.77, 37.60
0.11, -0.79, -0.30, -43.19, -18.88, 25.85
0.02, -0.83, -0.39, -28.63, -51.67, 12.56
-0.14, -0.91, -0.51, -13.72, -55.97, -7.20
-0.29, -0.90, -0.55, -5.88, -38.68, -20.18
-0.26, -0.89, -0.52, 4.05, -4.89, -30.64
-0.05, -0.85, -0.52, 13.92, -0.78, -38.55
0.17, -0.85, -0.52, 20.17, -8.70, -41.75
0.30, -0.90, -0.48, 19.39, -14.49, -37.17
0.41, -0.92, -0.39, 10.51, -18.27, -29.60
0.55, -0.87, -0.30, -0.01, -2.48, -10.38
0.71, -0.79, -0.23, -12.51, 8.97, 2.54
0.75, -0.74, -0.15, -22.83, 15.75, 17.46
0.68, -0.76, -0.12, -34.78, 16.94, 26.03
0.53, -0.81, -0.16, -45.47, 21.59, 35.17
0.35, -0.83, -0.21, -51.84, 30.12, 38.02
0.26, -0.82, -0.21, -54.25, 29.07, 41.11
0.23, -0.84, -0.23, -49.09, -6.24, 36.13
0.12, -0.83, -0.38, -30.81, -49.13, 23.97
-0.05, -0.82, -0.57, -12.68, -55.21, 9.92
-0.27, -0.84, -0.65, 2.04, -56.59, -15.89
-0.40, -0.87, -0.61, 7.05, -7.88, -23.75
-0.25, -0.88, -0.52, 12.31, 16.42, -36.63
0.02, -0.85, -0.49, 15.24, 17.38, -44.66
0.20, -0.86, -0.48, 15.10, 15.61, -40.62
0.38, -0.90, -0.44, 11.85, 10.34, -32.47
0.53, -0.91, -0.38, 4.59, 4.99, -19.81
0.63, -0.85, -0.32, -1.75, 10.52, -3.43
0.70, -0.78, -0.23, -13.52, 22.28, 7.33
0.68, -0.76, -0.15, -22.98, 28.87, 17.15
0.57, -0.80, -0.16, -34.58, 37.03, 26.89
0.43, -0.85, -0.20, -43.67, 44.80, 31.36
0.30, -0.85, -0.21, -50.68, 50.97, 35.70
0.25, -0.82, -0.23, -49.90, 24.61, 34.68
0.19, -0.80, -0.31, -39.63, -18.74, 28.33
0.07, -0.80, -0.45, -19.94, -50.66, 17.39
-0.12, -0.83, -0.53, -7.53, -51.47, -5.03
-0.35, -0.86, -0.56, 0.17, -22.91, -18.72
-0.32, -0.85, -0.51, 2.77, 19.11, -25.71
-0.08, -0.82, -0.46, 8.21, 24.45, -34.44
0.15, -0.82, -0.45, 8.97, 19.72, -34.48
0.30, -0.86, -0.42, 8.15, 9.64, -32.36
0.41, -0.89, -0.38, 4.34, -0.33, -25.17
0.50, -0.89, -0.36, 1.25, 1.02, -16.38
0.56, -0.84, -0.33, -3.54, 7.19, -3.94
0.60, -0.79, -0.27, -12.07, 19.77, 6.67
0.60, -0.77, -0.21, -21.50, 28.61, 16.84
0.55, -0.79, -0.20, -27.90, 33.93, 25.47
0.47, -0.83, -0.22, -35.26, 33.24, 30.43
0.35, -0.84, -0.24, -40.16, 36.87, 33.58
0.29, -0.84, -0.24, -42.24, 26.17, 34.85
0.24, -0.84, -0.27, -37.41, -0.30, 30.13
0.15, -0.83, -0.36, -25.07, -22.68, 21.88
0.00, -0.85, -0.46, -16.05, -35.90, 4.79
-0.17, -0.89, -0.52, -6.36, -29.86, -10.55
-0.25, -0.88, -0.55, -1.88, -3.25, -21.76
-0.13, -0.85, -0.50, 3.18, 8.58, -31.62
0.04, -0.83, -0.49, 9.89, 3.66, -38.94
0.16, -0.83, -0.50, 13.15, -1.35, -42.79
0.25, -0.86, -0.46, 14.04, -3.12, -39.72
0.36, -0.87, -0.41, 12.18, -3.83, -30.61
0.52, -0.84, -0.35, 6.21, 1.45, -16.68
0.62, -0.79, -0.28, -1.25, 7.90, -1.78
0.65, -0.75, -0.21, -13.95, 21.92, 11.88
0.63, -0.76, -0.14, -22.29, 28.79, 22.72
0.54, -0.81, -0.15, -30.99, 35.17, 29.60
0.43, -0.86, -0.20, -37.04, 34.78, 31.82
0.31, -0.86, -0.24, -41.57, 36.48, 36.56
0.28, -0.86, -0.22, -44.90, 28.96, 37.22
0.26, -0.87, -0.20, -41.89, 4.15, 33.37
0.16, -0.88, -0.29, -34.22, -24.85, 25.71
0.01, -0.87, -0.39, -23.13, -29.13, 10.29
-0.17, -0.86, -0.50, -12.94, -36.24, -12.01
-0.28, -0.85, -0.57, -6.63, -18.93, -23.60
-0.19, -0.84, -0.54, 1.80, -5.15, -34.00
-0.04, -0.84, -0.51, 11.37, -9.27, -45.33
0.09, -0.84, -0.52, 15.74, -8.80, -48.35
0.22, -0.87, -0.47, 14.36, -4.67, -43.15
0.44, -0.88, -0.38, 7.27, 3.15, -25.37
0.66, -0.82, -0.31, 1.31, 7.04, -6.31
0.79, -0.74, -0.27, -4.63, 7.14, 3.11
0.74, -0.72, -0.21, -19.17, 22.01, 20.74
0.62, -0.77, -0.18, -29.13, 36.24, 29.19
0.49, -0.81, -0.20, -38.25, 39.26, 31.25
0.34, -0.83, -0.22, -44.30, 39.22, 34.51
0.26, -0.85, -0.23, -47.76, 28.10, 35.02
0.23, -0.86, -0.26, -43.76, -2.98, 30.24
0.12, -0.84, -0.38, -27.88, -41.00, 20.16
-0.08, -0.84, -0.52, -11.27, -49.35, 1.28
-0.28, -0.87, -0.59, -0.52, -32.74, -17.16
-0.33, -0.88, -0.56, 5.97, -0.44, -31.40
-0.17, -0.84, -0.51, 14.42, 11.87, -42.12
0.04, -0.84, -0.49, 17.43, 9.94, -47.00
0.25, -0.89, -0.46, 16.77, 1.86, -42.87
0.44, -0.90, -0.40, 9.62, 5.68, -24.96
0.68, -0.84, -0.33, 5.47, 5.95, -10.71
0.78, -0.77, -0.24, -3.85, -1.20, 1.42
0.74, -0.76, -0.16, -19.32, 12.62, 19.18
0.65, -0.78, -0.12, -31.04, 23.10, 27.37
0.49, -0.81, -0.15, -40.91, 26.18, 33.14
0.34, -0.82, -0.20, -47.34, 27.98, 35.94
0.25, -0.83, -0.19, -50.98, 29.21, 37.09
0.23, -0.85, -0.19, -49.07, 12.79, 33.14
0.18, -0.88, -0.27, -43.22, -11.10, 28.63
0.04, -0.88, -0.41, -30.66, -32.24, 17.69
-0.14, -0.84, -0.53, -13.83, -35.71, -2.35
-0.28, -0.82, -0.60, -2.36, -28.02, -18.84
-0.25, -0.84, -0.59, 7.70, -3.33, -29.67
-0.05, -0.83, -0.54, 16.15, -0.88, -38.80
0.12, -0.83, -0.50, 17.47, 3.47, -40.21
0.26, -0.89, -0.45, 13.98, 3.77, -35.98
0.41, -0.90, -0.39, 5.10, 3.27, -25.62
0.59, -0.85, -0.33, -1.72, 9.21, -7.58
0.77, -0.79, -0.25, -12.26, 14.50, 8.31
0.80, -0.76, -0.17, -22.62, 14.98, 20.39
0.68, -0.78, -0.14, -36.04, 23.10, 30.56
0.49, -0.82, -0.17, -46.94, 36.52, 35.60
0.33, -0.82, -0.20, -54.09, 45.41, 39.57
0.26, -0.81, -0.22, -54.87, 35.17, 39.37
0.22, -0.85, -0.27, -44.11, -11.38, 33.61
0.12, -0.87, -0.42, -33.83, -37.85, 27.27
-0.08, -0.86, -0.51, -19.35, -46.51, 6.56
-0.36, -0.83, -0.60, -0.90, -43.09, -20.53
-0.39, -0.83, -0.63, 5.71, -7.39, -31.41
-0.21, -0.85, -0.57, 18.83, 5.29, -43.53
-0.02, -0.86, -0.54, 21.99, 3.52, -52.83
0.12, -0.90, -0.51, 21.14, -0.13, -52.01
0.31, -0.92, -0.45, 16.44, 2.84, -40.07
0.58, -0.87, -0.37, 12.23, 5.12, -23.09
0.76, -0.78, -0.30, 6.18, 5.82, -13.83
0.71, -0.74, -0.22, -11.95, 9.15, 2.74
0.66, -0.75, -0.12, -25.66, 37.51, 22.75
0.63, -0.75, -0.11, -35.63, 33.68, 26.76
0.48, -0.78, -0.17, -45.35, 33.80, 30.82
0.30, -0.81, -0.23, -50.78, 34.20, 32.59
0.23, -0.82, -0.22, -51.58, 25.12, 33.83
0.22, -0.85, -0.24, -46.48, -1.41, 31.82
0.17, -0.87, -0.35, -34.42, -36.77, 24.12
0.03, -0.86, -0.47, -18.99, -39.34, 11.08
-0.16, -0.85, -0.58, -5.32, -34.20, -10.28
-0.29, -0.86, -0.60, 1.98, -5.67, -21.44
-0.16, -0.85, -0.56, 11.95, 3.57, -32.65
0.03, -0.83, -0.54, 19.73, -0.87, -39.13
0.15, -0.85, -0.52, 21.78, -7.27, -42.94
0.25, -0.91, -0.46, 18.07, -10.68, -39.43
0.42, -0.90, -0.39, 8.84, 1.23, -21.86
0.65, -0.81, -0.29, -0.09, 14.45, -4.54
0.81, -0.73, -0.19, -13.49, 19.47, 12.09
0.79, -0.72, -0.12, -24.20, 20.49, 24.65
0.63, -0.78, -0.11, -36.98, 27.28, 31.43
0.42, -0.83, -0.18, -50.00, 36.39, 35.28
0.27, -0.82, -0.23, -55.63, 41.78, 39.71
0.25, -0.80, -0.23, -53.10, 26.07, 37.82
0.26, -0.84, -0.26, -47.69, -13.28, 33.00
0.14, -0.89, -0.40, -35.77, -31.52, 31.92
-0.03, -0.86, -0.51, -22.55, -30.26, 13.60
-0.25, -0.82, -0.60, -5.18, -29.78, -9.66
-0.31, -0.83, -0.67, 3.66, -2.32, -19.64
-0.15, -0.86, -0.58, 10.80, 11.54, -27.59
0.04, -0.85, -0.51, 17.25, 12.60, -36.43
0.17, -0.84, -0.48, 16.02, 6.64, -38.99
0.28, -0.87, -0.43, 11.10, 8.37, -31.86
0.46, -0.88, -0.34, 0.33, 9.27, -18.62
0.65, -0.84, -0.26, -10.23, 14.19, 2.47
0.81, -0.78, -0.18, -20.96, 23.95, 18.87
0.79, -0.77, -0.11, -34.61, 34.31, 30.15
0.61, -0.82, -0.10, -51.60, 44.76, 40.71
0.43, -0.82, -0.15, -61.88, 51.32, 48.22
0.31, -0.79, -0.21, -57.85, 6.00, 44.26
0.20, -0.79, -0.38, -39.27, -36.52, 38.87
-0.02, -0.83, -0.55, -21.94, -64.00, 20.68
-0.36, -0.81, -0.67, -0.50, -61.03, -10.24
-0.57, -0.81, -0.68, 6.81, -6.53, -22.86
-0.40, -0.85, -0.53, 10.31, 29.43, -33.88
-0.05, -0.84, -0.45, 13.88, 27.60, -39.55
0.23, -0.83, -0.44, 9.86, 19.07, -33.88
0.45, -0.86, -0.39, 4.07, 13.98, -23.13
0.60, -0.89, -0.31, -4.93, 1.35, -12.70
0.67, -0.87, -0.28, -12.76, -2.47, 1.64
0.69, -0.84, -0.22, -24.88, 18.29, 17.56
0.65, -0.83, -0.17, -36.55, 27.94, 24.76
0.53, -0.82, -0.18, -45.23, 33.32, 34.48
0.39, -0.80, -0.21, -51.51, 33.66, 37.93
0.28, -0.81, -0.24, -54.35, 11.94, 37.04
0.14, -0.80, -0.38, -36.22, -24.10, 27.48
-0.03, -0.78, -0.55, -17.11, -50.69, 11.37
-0.27, -0.83, -0.63, -2.00, -49.93, -11.66
-0.39, -0.85, -0.64, 6.29, -6.18, -23.28
-0.25, -0.83, -0.57, 15.01, 10.45, -35.06
0.00, -0.81, -0.53, 19.71, 10.27, -36.41
0.21, -0.86, -0.49, 17.70, 10.38, -33.72
0.38, -0.89, -0.42, 9.04, 9.64, -23.58
0.53, -0.87, -0.33, 0.96, 12.13, -11.63
0.64, -0.84, -0.27, -9.66, 5.77, -0.79
0.68, -0.81, -0.23, -21.70, 26.03, 17.72
0.66, -0.80, -0.19, -34.71, 32.07, 25.53
0.52, -0.79, -0.18, -45.27, 40.73, 38.17
0.38, -0.78, -0.21, -50.34, 44.24, 42.32
0.28, -0.78, -0.23, -49.77, 24.86, 40.42
0.12, -0.81, -0.37, -34.80, -24.46, 29.26
-0.10, -0.79, -0.59, -11.61, -49.42, 11.90
-0.37, -0.81, -0.65, 2.79, -44.16, -15.57
-0.52, -0.86, -0.59, 5.66, 1.90, -32.43
-0.32, -0.85, -0.48, 12.07, 15.10, -45.95
0.05, -0.82, -0.45, 12.96, 15.24, -43.91
0.32, -0.87, -0.43, 5.82, 12.56, -33.80
0.55, -0.89, -0.35, -5.80, 16.12, -18.74
0.70, -0.86, -0.27, -14.14, 7.20, -3.30
0.84, -0.83, -0.22, -23.59, 13.08, 16.45
0.83, -0.82, -0.19, -32.66, 18.32, 27.66
0.65, -0.82, -0.18, -47.61, 30.17, 39.56
0.44, -0.80, -0.22, -55.23, 41.02, 45.50
0.32, -0.75, -0.25, -55.74, 26.34, 45.46
0.20, -0.77, -0.32, -47.85, -16.94, 38.72
0.01, -0.81, -0.51, -28.65, -41.05, 28.01
-0.25, -0.81, -0.69, -6.59, -55.21, -0.60
-0.54, -0.81, -0.75, 11.15, -26.64, -23.87
-0.53, -0.86, -0.65, 15.55, 25.40, -37.78
-0.19, -0.88, -0.53, 23.49, 23.91, -47.38
0.14, -0.88, -0.48, 21.69, 19.05, -38.41
0.45, -0.90, -0.41, 11.71, 22.86, -25.02
0.65, -0.89, -0.30, -1.96, 24.59, -9.15
0.76, -0.84, -0.17, -16.97, 18.98, 5.69
0.78, -0.80, -0.11, -29.25, 24.03, 19.61
0.67, -0.81, -0.14, -43.19, 21.96, 29.27
0.44, -0.81, -0.20, -55.89, 28.07, 38.85
0.28, -0.76, -0.24, -58.59, 25.45, 41.71
0.24, -0.73, -0.32, -46.08, -6.47, 37.78
0.12, -0.74, -0.49, -24.97, -31.67, 23.07
-0.18, -0.82, -0.60, -16.87, -42.14, 6.52
-0.45, -0.83, -0.67, 2.93, -30.50, -14.33
-0.42, -0.80, -0.69, 12.44, 10.49, -24.13
-0.16, -0.85, -0.55, 15.47, 9.37, -37.46
0.09, -0.90, -0.44, 11.58, 9.22, -32.90
0.32, -0.89, -0.38, 5.71, 11.89, -26.16
0.48, -0.87, -0.36, -3.30, 13.15, -18.96
0.59, -0.87, -0.28, -13.97, 14.65, -1.16
0.69, -0.86, -0.21, -25.62, 20.64, 13.87
0.72, -0.84, -0.18, -36.54, 19.87, 25.62
0.57, -0.82, -0.19, -50.78, 22.99, 35.97
0.40, -0.77, -0.23, -57.07, 23.02, 40.67
0.28, -0.74, -0.29, -50.64, 10.37, 35.50
0.10, -0.81, -0.46, -39.24, -31.11, 20.77
-0.23, -0.81, -0.62, -16.36, -53.12, 2.95
-0.49, -0.77, -0.77, 6.34, -39.51, -22.98
-0.53, -0.79, -0.72, 16.83, 4.94, -38.92
-0.31, -0.83, -0.57, 27.18, 8.43, -54.31
-0.02, -0.86, -0.52, 29.02, 5.70, -49.57
0.30, -0.91, -0.49, 19.06, 18.63, -36.69
0.57, -0.90, -0.37, 6.73, 23.76, -23.08
0.77, -0.86, -0.21, -7.34, 15.98, -8.74
0.87, -0.83, -0.16, -22.78, 15.48, 15.38
0.82, -0.81, -0.14, -33.34, 29.26, 23.81
0.58, -0.80, -0.15, -48.42, 28.99, 28.75
0.27, -0.80, -0.22, -56.12, 27.12, 29.93
0.11, -0.77, -0.34, -53.77, 17.01, 28.22
0.01, -0.72, -0.44, -37.56, -21.52, 10.35
-0.13, -0.76, -0.54, -11.15, -53.15, -7.82
-0.30, -0.84, -0.67, 5.49, -44.51, -20.67
-0.38, -0.88, -0.68, 16.69, -9.11, -36.99
-0.27, -0.90, -0.56, 20.74, 3.29, -51.59
-0.00, -0.94, -0.45, 15.39, -0.25, -51.87
0.32, -0.95, -0.40, 8.37, 0.55, -43.69
0.51, -0.86, -0.41, 9.13, -16.71, -46.67
0.47, -0.77, -0.44, 6.01, -25.17, -47.44
0.33, -0.74, -0.44, -2.34, -12.16, -40.56
0.26, -0.72, -0.44, 0.20, 1.24, -38.55
0.31, -0.67, -0.44, -5.56, 16.89, -26.22
0.47, -0.66, -0.38, -10.78, 26.08, -7.62
0.66, -0.69, -0.30, -13.34, 30.23, 10.07
0.73, -0.73, -0.25, -14.37, 24.97, 24.87
0.62, -0.80, -0.23, -22.29, 29.98, 34.93
0.44, -0.86, -0.20, -31.01, 33.55, 35.17
0.28, -0.87, -0.22, -35.70, 28.57, 34.96
0.23, -0.88, -0.24, -37.41, 1.38, 28.67
0.19, -0.92, -0.33, -31.14, -39.23, 18.63
0.05, -0.90, -0.53, -13.10, -60.78, 1.99
-0.17, -0.89, -0.59, -2.66, -38.32, -16.00
-0.29, -0.93, -0.50, 1.83, -7.97, -35.82
-0.18, -0.90, -0.48, 7.02, 8.37, -44.73
0.14, -0.84, -0.48, 8.30, 10.80, -41.05
0.44, -0.82, -0.42, 5.21, 8.61, -27.00
0.71, -0.76, -0.38, 0.11, 4.30, -11.87
0.81, -0.70, -0.34, -8.15, 1.84, 4.78
0.79, -0.68, -0.26, -17.79, 3.30, 16.36
0.66, -0.72, -0.23, -29.93, 4.52, 26.96
0.48, -0.79, -0.24, -43.41, 7.12, 33.68
0.38, -0.79, -0.26, -49.00, 17.18, 40.70
0.35, -0.76, -0.26, -47.58, 17.69, 42.00
0.29, -0.78, -0.29, -39.75, -10.99, 34.29
0.13, -0.86, -0.43, -33.81, -13.44, 35.05
-0.05, -0.88, -0.55, -19.94, -21.18, 16.95
-0.24, -0.85, -0.60, -3.71, -27.17, -3.55
-0.28, -0.88, -0.63, 6.08, -6.95, -14.25
-0.18, -0.91, -0.58, 13.06, -2.33, -29.91
-0.07, -0.89, -0.49, 15.91, -0.98, -42.84
0.06, -0.89, -0.43, 14.42, -5.42, -50.22
0.20, -0.89, -0.42, 9.54, -12.30, -44.11
0.43, -0.85, -0.41, 1.76, -9.51, -28.52
0.70, -0.74, -0.38, -6.78, 19.79, -4.43
0.84, -0.66, -0.27, -19.86, 23.74, 12.36
0.83, -0.65, -0.17, -30.89, 25.79, 25.93
0.65, -0.71, -0.19, -43.76, 32.01, 36.68
0.39, -0.75, -0.23, -52.37, 40.57, 43.73
0.30, -0.71, -0.28, -51.81, 36.63, 47.74
0.30, -0.68, -0.36, -40.95, 13.61, 47.75
0.24, -0.72, -0.44, -34.31, 1.66, 45.84
0.05, -0.79, -0.47, -30.72, -4.23, 36.86
-0.09, -0.77, -0.52, -18.27, 6.21, 28.04
-0.06, -0.75, -0.55, -11.25, 10.00, 18.75
-0.00, -0.82, -0.53, -10.88, 14.67, 15.64
0.09, -0.91, -0.48, -14.46, 15.96, 14.35
0.18, -0.88, -0.44, -15.75, 10.34, 11.73
0.26, -0.87, -0.42, -15.98, 0.96, 12.18
0.30, -0.85, -0.44, -13.86, 1.50, 15.62
0.28, -0.85, -0.46, -13.80, 2.69, 16.58
0.23, -0.87, -0.45, -13.28, 4.85, 18.36
0.21, -0.88, -0.44, -11.98, 7.78, 17.46
0.19, -0.88, -0.42, -11.31, 3.45, 13.15
0.14, -0.87, -0.40, -11.37, 1.96, 10.13
0.11, -0.83, -0.43, -9.77, 6.18, 6.12
0.10, -0.82, -0.43, -10.55, 11.00, 2.93
0.10, -0.84, -0.40, -10.53, 11.64, 1.57
0.15, -0.86, -0.38, -12.28, 8.29, 2.52
0.19, -0.87, -0.38, -13.12, 2.20, 3.30
0.20, -0.86, -0.39, -11.88, -1.31, 2.12
0.18, -0.84, -0.40, -13.01, 0.24, 1.97
0.18, -0.84, -0.40, -12.52, 4.20, 2.60
0.19, -0.83, -0.40, -13.06, 7.16, 1.97
0.19, -0.81, -0.40, -13.02, 9.30, 3.44
0.18, -0.81, -0.41, -13.52, 4.91, 4.96
0.18, -0.81, -0.41, -13.40, 2.75, 8.38
0.21, -0.81, -0.42, -11.46, -6.85, 6.91
0.18, -0.81, -0.43, -9.37, -6.99, 7.61
0.15, -0.82, -0.44, -8.68, -8.19, 5.25
0.12, -0.83, -0.44, -7.74, -4.73, 4.51
0.11, -0.84, -0.45, -7.19, -4.27, 3.94
0.12, -0.85, -0.44, -7.90, -4.02, 2.07
0.15, -0.86, -0.42, -7.41, -2.35, 0.72
0.15, -0.85, -0.41, -7.13, -1.13, -1.77
0.15, -0.83, -0.42, -6.02, 5.03, -1.51
0.16, -0.83, -0.42, -7.85, 7.43, -0.71
0.17, -0.84, -0.40, -7.82, 7.59, -0.82
0.18, -0.84, -0.39, -9.23, 5.06, -0.97
0.19, -0.83, -0.38, -10.44, 5.44, 0.62
0.20, -0.83, -0.37, -11.81, 5.65, 0.70
0.19, -0.82, -0.38, -12.67, 7.84, 2.12
0.19, -0.80, -0.39, -14.03, 10.16, 3.35
0.20, -0.80, -0.39, -13.68, 11.09, 5.33
0.20, -0.79, -0.40, -13.16, 8.03, 6.08
0.20, -0.80, -0.40, -13.66, 7.79, 8.91
0.20, -0.81, -0.39, -13.26, 5.24, 8.67
0.18, -0.83, -0.40, -13.53, 3.69, 10.39
0.18, -0.84, -0.40, -13.17, 3.34, 10.92
0.17, -0.84, -0.41, -12.61, 3.49, 12.18
0.15, -0.82, -0.42, -10.82, 4.09, 8.97
0.11, -0.83, -0.42, -9.88, 3.36, 7.36
0.08, -0.87, -0.42, -9.18, 1.75, 6.45
0.09, -0.88, -0.42, -7.50, -1.15, 5.66
0.09, -0.88, -0.41, -6.04, -0.60, 0.61
0.08, -0.88, -0.40, -6.41, 1.11, -2.92
0.06, -0.87, -0.41, -5.91, 7.96, -7.98
0.07, -0.87, -0.41, -5.19, 8.84, -10.13
0.08, -0.87, -0.41, -4.88, 8.03, -11.03
0.11, -0.87, -0.41, -3.90, 4.92, -11.23
0.13, -0.86, -0.41, -2.78, 3.23, -11.53
0.16, -0.85, -0.39, -4.03, 2.29, -12.74
0.18, -0.85, -0.37, -4.17, 1.68, -11.34
0.19, -0.83, -0.38, -4.34, 3.08, -9.29
0.20, -0.81, -0.38, -5.31, 5.29, -7.89
0.21, -0.81, -0.38, -5.65, 8.79, -4.86
0.21, -0.81, -0.36, -6.67, 8.77, -4.08
0.21, -0.82, -0.34, -9.39, 6.83, -1.66
0.22, -0.83, -0.34, -11.34, 3.94, 1.55
0.23, -0.84, -0.33, -11.78, 0.44, 2.50
0.21, -0.83, -0.34, -12.81, 2.13, 2.36
0.18, -0.83, -0.35, -13.25, 5.69, 2.52
0.16, -0.84, -0.37, -14.75, 5.72, 2.88
0.17, -0.84, -0.37, -15.06, 5.78, 5.34
0.18, -0.84, -0.36, -15.16, 4.83, 4.65
0.19, -0.84, -0.35, -16.31, 6.00, 5.35
0.20, -0.84, -0.35, -16.20, 6.43, 6.77
0.19, -0.84, -0.35, -17.58, 6.63, 6.85
0.18, -0.84, -0.36, -17.83, 6.96, 7.60
0.17, -0.84, -0.37, -17.72, 6.32, 8.67
0.17, -0.84, -0.37, -18.63, 4.90, 9.84
0.17, -0.84, -0.38, -18.40, 4.27, 9.59
0.18, -0.83, -0.38, -17.88, 2.97, 10.76
0.18, -0.83, -0.38, -16.87, 4.42, 12.14
0.17, -0.82, -0.38, -17.86, 6.43, 12.19
0.15, -0.82, -0.38, -18.77, 8.18, 11.88
0.15, -0.82, -0.39, -20.02, 7.34, 13.65
0.16, -0.83, -0.39, -20.45, 5.15, 13.80
0.16, -0.83, -0.38, -20.57, 3.61, 14.16
0.15, -0.83, -0.38, -19.40, -0.36, 14.11
0.13, -0.83, -0.40, -17.52, -1.27, 13.64
0.11, -0.84, -0.41, -16.57, 0.31, 13.68
0.09, -0.86, -0.41, -16.83, -0.44, 13.93
0.08, -0.87, -0.40, -16.63, -8.06, 12.87
0.11, -0.87, -0.42, -14.09, 1.26, 13.74
0.10, -0.85, -0.41, -14.94, 0.37, 6.61
0.03, -0.87, -0.39, -16.98, 5.56, 6.33
0.05, -0.88, -0.40, -16.32, 3.17, 5.43
0.07, -0.87, -0.41, -14.85, -4.81, 4.68
0.07, -0.87, -0.41, -14.48, -11.84, 4.46
0.10, -0.87, -0.40, -13.46, -19.48, 3.09
0.12, -0.86, -0.39, -11.11, -25.30, 2.59
0.12, -0.81, -0.40, -10.07, -18.27, 2.50
0.10, -0.84, -0.40, -10.02, -9.91, 1.04
0.07, -0.84, -0.40, -11.02, 0.65, 0.99
0.07, -0.85, -0.38, -13.63, 2.06, 1.12
0.10, -0.86, -0.36, -14.70, -2.63, 1.52
0.11, -0.85, -0.36, -14.82, -11.00, 2.37
0.12, -0.83, -0.38, -13.15, -18.65, 2.56
0.11, -0.83, -0.39, -12.55, -22.55, 3.36
0.10, -0.83, -0.39, -12.52, -21.00, 3.61
0.10, -0.82, -0.39, -12.01, -18.03, 4.25
0.10, -0.82, -0.39, -12.53, -16.86, 6.27
0.10, -0.83, -0.38, -12.92, -17.49, 7.23
0.10, -0.84, -0.39, -14.12, -16.08, 8.30
0.10, -0.84, -0.38, -15.65, -13.54, 8.79
0.08, -0.84, -0.38, -15.22, -11.24, 8.35
0.06, -0.84, -0.38, -15.91, -8.51, 7.58
0.07, -0.84, -0.39, -16.81, -7.44, 8.44
0.06, -0.84, -0.40, -14.25, -7.07, 8.16
0.05, -0.83, -0.40, -14.81, -5.45, 8.09
0.03, -0.84, -0.40, -15.48, -3.25, 7.85
0.03, -0.85, -0.39, -15.53, -3.10, 7.10
0.04, -0.84, -0.40, -15.62, -3.82, 6.82
0.04, -0.84, -0.40, -15.23, -5.75, 7.38
0.04, -0.84, -0.40, -13.88, -4.63, 5.60
0.03, -0.83, -0.40, -14.09, -6.45, 5.29
0.02, -0.83, -0.40, -13.76, -5.17, 5.03
0.02, -0.84, -0.41, -13.61, -3.04, 3.53
0.01, -0.84, -0.41, -13.96, 0.01, 4.37
0.01, -0.83, -0.40, -14.47, 0.95, 4.77
0.01, -0.84, -0.40, -14.72, 1.85, 3.24
0.02, -0.84, -0.40, -14.31, 2.96, 3.04
0.03, -0.85, -0.41, -13.67, 1.12, 3.94
0.03, -0.84, -0.41, -12.96, -1.14, 3.12
0.03, -0.84, -0.41, -13.12, -1.50, 4.69
0.03, -0.85, -0.40, -13.49, -1.04, 4.35
0.03, -0.84, -0.40, -12.99, 1.31, 5.03
0.02, -0.84, -0.40, -13.93, 2.40, 3.88
0.02, -0.84, -0.40, -13.94, 2.88, 5.38
0.03, -0.84, -0.39, -13.57, 1.07, 5.32
0.03, -0.84, -0.39, -14.50, -0.41, 5.43
0.02, -0.83, -0.40, -12.51, -2.23, 6.45
0.02, -0.83, -0.40, -13.37, -4.50, 5.96
0.02, -0.83, -0.39, -13.45, -5.50, 5.99
0.02, -0.84, -0.38, -13.02, -6.42, 6.96
0.02, -0.85, -0.38, -13.27, -6.18, 7.40
0.01, -0.84, -0.38, -13.59, -4.74, 5.88
-0.00, -0.84, -0.39, -13.21, -3.57, 5.94
-0.01, -0.84, -0.39, -13.87, -0.62, 5.73
-0.02, -0.84, -0.39, -14.23, 2.51, 4.41
-0.03, -0.85, -0.40, -14.97, 4.43, 3.74
-0.03, -0.84, -0.40, -14.76, 3.95, 2.76
-0.03, -0.84, -0.40, -14.65, 1.67, 2.74
-0.02, -0.84, -0.40, -14.17, 0.38, 1.13
-0.02, -0.84, -0.40, -14.74, 1.04, -0.06
-0.03, -0.84, -0.40, -13.30, 3.45, -0.54
-0.03, -0.84, -0.40, -12.56, 5.56, -1.01
-0.02, -0.84, -0.40, -12.25, 6.89, -0.64
-0.01, -0.84, -0.40, -13.25, 6.65, -0.49
-0.00, -0.85, -0.40, -12.28, 5.39, -0.64
0.00, -0.84, -0.40, -12.07, 3.66, -0.12
0.00, -0.83, -0.40, -11.84, 3.53, -0.25
0.00, -0.83, -0.40, -12.21, 4.38, -0.45
0.00, -0.83, -0.40, -12.18, 5.44, 0.49
-0.00, -0.83, -0.40, -12.58, 6.15, 0.19
-0.00, -0.84, -0.39, -13.19, 6.72, 0.03
-0.01, -0.84, -0.40, -13.29, 6.11, 0.21
-0.01, -0.84, -0.40, -13.62, 3.81, 0.05
-0.00, -0.84, -0.40, -12.71, 2.86, 0.49
0.00, -0.84, -0.40, -13.17, 3.30, 0.02
-0.01, -0.84, -0.40, -12.41, 5.25, -0.93
-0.01, -0.84, -0.40, -13.12, 5.92, -0.55
-0.01, -0.84, -0.40, -13.28, 7.32, -1.18
-0.01, -0.84, -0.40, -13.05, 6.09, -1.36
-0.01, -0.84, -0.40, -13.08, 5.16, -1.25
-0.00, -0.83, -0.40, -12.21, 3.95, -0.44
-0.00, -0.83, -0.40, -12.25, 4.30, -1.96
-0.00, -0.84, -0.40, -11.95, 5.54, -0.55
-0.00, -0.84, -0.40, -12.52, 6.35, -0.72
0.00, -0.83, -0.39, -12.58, 5.99, -1.15
0.00, -0.83, -0.39, -12.08, 6.07, -0.46
0.01, -0.83, -0.39, -12.30, 4.28, -0.81
0.01, -0.83, -0.39, -12.63, 3.72, 0.56
0.01, -0.83, -0.39, -12.57, 4.07, -0.43
0.00, -0.84, -0.39, -12.30, 4.34, 0.42
0.00, -0.84, -0.39, -13.46, 3.71, 0.74
0.00, -0.84, -0.39, -13.15, 3.43, 0.70
0.01, -0.84, -0.39, -12.68, 2.76, 1.36
0.01, -0.84, -0.39, -13.66, 3.57, -0.31
0.00, -0.84, -0.39, -12.72, 2.83, 0.19
-0.00, -0.83, -0.39, -12.98, 2.45, -0.20
-0.00, -0.83, -0.39, -12.91, 3.22, 0.34
-0.01, -0.83, -0.39, -13.20, 2.88, 1.23
-0.00, -0.84, -0.39, -13.81, 1.66, 0.46
-0.00, -0.83, -0.39, -13.64, 1.17, 0.17
-0.00, -0.83, -0.39, -12.86, -0.42, -0.39
-0.01, -0.83, -0.40, -13.21, 1.13, -1.09
-0.02, -0.83, -0.40, -13.09, 3.72, -1.09
-0.02, -0.83, -0.40, -12.37, 4.62, -1.43
-0.02, -0.84, -0.40, -13.33, 4.02, -2.71
-0.02, -0.84, -0.40, -12.91, 3.02, -1.71
-0.01, -0.84, -0.40, -12.51, 0.99, -3.07
-0.01, -0.84, -0.40, -11.68, -0.54, -3.36
-0.02, -0.84, -0.40, -10.73, -0.46, -5.92
-0.02, -0.84, -0.40, -10.37, 1.31, -6.19
-0.03, -0.84, -0.40, -10.47, 4.84, -8.21
-0.04, -0.84, -0.40, -10.24, 9.01, -9.75
-0.03, -0.84, -0.40, -10.30, 11.62, -10.61
-0.02, -0.85, -0.39, -10.57, 12.14, -11.07
0.00, -0.85, -0.38, -9.67, 11.87, -11.67
0.01, -0.85, -0.38, -9.52, 11.09, -12.10
0.00, -0.85, -0.38, -9.22, 13.75, -12.53
0.00, -0.84, -0.39, -9.61, 15.25, -13.94
0.01, -0.85, -0.39, -9.75, 17.55, -13.44
0.02, -0.85, -0.38, -10.26, 19.12, -13.37
0.02, -0.85, -0.38, -11.39, 19.89, -13.51
0.03, -0.85, -0.38, -11.09, 19.00, -14.34
0.04, -0.85, -0.38, -11.82, 18.32, -14.55
0.05, -0.84, -0.38, -12.50, 19.00, -14.43
0.06, -0.84, -0.39, -11.54, 18.78, -13.11
0.06, -0.84, -0.39, -11.93, 22.04, -13.52
0.06, -0.84, -0.39, -12.51, 23.95, -14.43
0.05, -0.84, -0.38, -11.86, 25.27, -13.73
0.06, -0.85, -0.39, -11.75, 23.33, -14.91
0.08, -0.84, -0.39, -11.06, 19.72, -13.75
0.09, -0.84, -0.39, -10.07, 16.60, -13.12
0.09, -0.85, -0.40, -9.33, 14.39, -14.34
0.08, -0.85, -0.40, -9.08, 13.11, -14.41
0.08, -0.85, -0.39, -7.95, 11.82, -12.80
0.10, -0.86, -0.39, -7.71, 9.57, -14.62
0.11, -0.85, -0.40, -5.58, 9.92, -15.07
0.10, -0.84, -0.40, -4.15, 10.89, -15.42
0.10, -0.84, -0.40, -4.85, 14.51, -14.17
0.12, -0.85, -0.39, -5.10, 16.87, -12.08
0.14, -0.85, -0.38, -4.73, 17.30, -11.47
0.15, -0.84, -0.37, -4.57, 17.98, -12.25
0.14, -0.84, -0.37, -5.71, 19.68, -11.01
0.14, -0.84, -0.36, -6.97, 19.54, -10.32
0.15, -0.84, -0.36, -7.00, 19.08, -8.00
0.17, -0.84, -0.35, -8.68, 15.08, -6.82
0.18, -0.85, -0.35, -7.66, 9.27, -5.28
0.18, -0.85, -0.35, -7.47, 2.07, -4.63
0.18, -0.85, -0.36, -6.77, -0.97, -3.97
0.16, -0.85, -0.36, -6.12, -0.07, -3.69
0.15, -0.85, -0.37, -5.76, 3.44, -4.01
0.14, -0.86, -0.37, -5.25, 4.52, -5.20
0.13, -0.86, -0.37, -4.84, 6.93, -5.58
0.12, -0.86, -0.37, -4.11, 5.52, -7.17
0.12, -0.87, -0.37, -3.04, 9.59, -6.86
0.14, -0.88, -0.36, -3.31, 8.63, -6.54
0.15, -0.87, -0.34, -3.76, 6.52, -7.37
0.14, -0.85, -0.33, -3.14, 2.20, -9.10
0.12, -0.85, -0.34, -2.86, -9.06, -9.96
0.11, -0.86, -0.35, -1.25, -9.01, -11.06
0.12, -0.86, -0.36, 2.97, -1.81, -14.93
0.10, -0.86, -0.37, 3.50, 6.89, -18.01
0.09, -0.86, -0.37, 4.07, 7.95, -22.33
0.09, -0.86, -0.36, 4.53, 10.54, -20.92
0.15, -0.88, -0.34, 5.04, 5.95, -22.70
0.19, -0.89, -0.34, 2.47, 2.73, -21.12
0.23, -0.90, -0.30, -0.93, 8.73, -16.72
0.28, -0.88, -0.26, -5.80, -4.92, -10.92
0.38, -0.85, -0.22, -15.80, 12.41, 5.87
0.54, -0.82, -0.19, -23.77, 12.39, 19.42
0.61, -0.78, -0.15, -27.60, 11.14, 32.63
0.56, -0.80, -0.16, -32.86, 15.22, 43.04
0.43, -0.84, -0.19, -39.10, 29.06, 49.95
0.32, -0.86, -0.21, -43.32, 32.31, 52.26
0.21, -0.87, -0.28, -37.09, 1.52, 46.79
0.05, -0.89, -0.39, -24.66, -36.43, 33.84
-0.20, -0.96, -0.48, -8.11, -63.76, 10.34
-0.45, -1.02, -0.52, 1.10, -57.57, -12.66
-0.60, -1.01, -0.49, 2.22, -16.88, -36.08
-0.55, -0.93, -0.43, 9.04, 17.06, -61.05
-0.30, -0.87, -0.42, 16.65, 25.17, -64.00
-0.04, -0.88, -0.43, 13.93, 5.60, -64.00
0.24, -0.89, -0.39, 5.33, 0.71, -51.69
0.57, -0.83, -0.31, 0.40, 12.91, -20.96
0.85, -0.75, -0.24, -6.59, 4.37, -3.18
0.91, -0.71, -0.14, -17.66, 18.46, 25.67
0.87, -0.71, -0.10, -25.96, 33.76, 40.98
0.65, -0.72, -0.15, -43.43, 42.25, 51.60
0.33, -0.73, -0.19, -50.59, 50.68, 59.14
0.19, -0.75, -0.21, -44.28, 35.76, 57.67
0.10, -0.84, -0.32, -35.26, -15.63, 44.07
-0.17, -0.91, -0.49, -20.02, -64.00, 24.39
-0.54, -0.91, -0.55, 3.83, -64.00, -9.25
-0.73, -0.99, -0.53, 3.76, -34.81, -33.26
-0.65, -1.03, -0.40, 1.11, 9.84, -57.54
-0.34, -0.97, -0.34, 3.06, 21.78, -64.00
0.02, -0.92, -0.39, 8.75, 3.80, -64.00
0.33, -0.92, -0.44, 3.56, -6.31, -51.63
0.60, -0.89, -0.40, 2.31, 2.54, -27.29
0.78, -0.80, -0.31, -5.79, 8.93, -8.12
0.84, -0.73, -0.21, -14.47, 21.02, 14.48
0.84, -0.69, -0.15, -20.78, 32.68, 28.77
0.68, -0.69, -0.18, -34.38, 39.48, 38.61
0.36, -0.73, -0.21, -46.80, 48.38, 46.46
0.18, -0.75, -0.19, -48.77, 41.98, 50.93
0.13, -0.81, -0.23, -38.78, 0.12, 44.21
0.02, -0.88, -0.38, -23.39, -59.66, 29.38
-0.30, -0.94, -0.50, -5.18, -64.00, 2.55
-0.65, -0.97, -0.52, 1.92, -58.91, -27.07
-0.72, -0.97, -0.43, 5.23, -4.03, -50.00
-0.42, -0.95, -0.36, 8.76, -0.38, -64.00
-0.03, -0.96, -0.38, 8.64, -17.28, -64.00
0.29, -0.95, -0.42, 2.47, -10.86, -43.39
0.63, -0.88, -0.37, 0.42, 0.02, -26.80
0.72, -0.77, -0.31, -2.35, -18.80, -16.68
0.66, -0.72, -0.28, -12.84, 1.20, 5.38
0.67, -0.71, -0.22, -23.19, 27.94, 20.50
0.61, -0.71, -0.19, -32.81, 35.38, 28.58
0.41, -0.74, -0.22, -42.78, 39.84, 40.16
0.30, -0.77, -0.24, -46.75, 43.66, 46.48
0.26, -0.80, -0.24, -43.00, 22.91, 48.64
0.19, -0.84, -0.34, -31.57, -20.06, 39.46
-0.05, -0.90, -0.42, -19.29, -48.22, 27.44
-0.34, -0.96, -0.46, -10.73, -52.41, 0.46
-0.61, -0.97, -0.50, 0.05, -28.25, -26.71
-0.59, -0.95, -0.48, 7.39, 14.80, -45.49
-0.29, -0.92, -0.43, 12.53, 13.60, -58.22
-0.01, -0.93, -0.44, 13.21, -1.24, -57.90
0.23, -0.95, -0.44, 9.06, -4.71, -45.27
0.47, -0.88, -0.38, 2.10, 7.28, -23.70
0.68, -0.80, -0.29, 0.21, 0.90, -12.82
0.71, -0.72, -0.24, -12.14, 8.62, 7.21
0.71, -0.71, -0.16, -22.30, 24.91, 24.25
0.66, -0.74, -0.14, -33.49, 32.54, 35.31
0.47, -0.77, -0.18, -42.13, 35.75, 44.42
0.28, -0.78, -0.19, -44.30, 39.62, 49.52
0.19, -0.80, -0.21, -39.21, 19.05, 48.59
0.09, -0.85, -0.32, -26.37, -27.90, 35.92
-0.14, -0.91, -0.42, -16.02, -48.68, 23.25
-0.44, -0.96, -0.45, -4.70, -54.39, -9.16
-0.61, -0.99, -0.50, -0.36, -19.48, -29.23
-0.49, -0.97, -0.45, 5.68, 14.14, -48.68
-0.21, -0.94, -0.41, 9.14, 10.66, -59.96
0.08, -0.95, -0.45, 11.35, -1.47, -58.07
0.27, -0.95, -0.47, 8.94, -3.03, -44.75
0.47, -0.90, -0.39, 5.87, 6.93, -27.04
0.61, -0.80, -0.34, 5.85, 1.77, -18.77
0.61, -0.71, -0.27, -7.81, 14.43, -0.34
0.62, -0.70, -0.18, -18.63, 33.72, 17.54
0.63, -0.71, -0.13, -27.62, 42.06, 30.25
0.52, -0.75, -0.14, -37.51, 39.74, 39.03
0.33, -0.79, -0.16, -44.82, 37.50, 48.74
0.26, -0.82, -0.16, -43.94, 27.18, 53.13
0.19, -0.86, -0.24, -36.59, -15.63, 42.70
-0.00, -0.91, -0.37, -27.25, -50.31, 28.80
-0.25, -0.95, -0.43, -15.79, -55.46, 9.09
-0.48, -0.96, -0.53, -5.02, -39.50, -22.91
-0.57, -0.97, -0.50, -1.82, 2.92, -38.62
-0.35, -0.97, -0.44, 3.07, 17.62, -53.28
-0.02, -0.95, -0.43, 5.93, 6.32, -55.16
0.22, -0.94, -0.46, 8.59, -7.75, -47.64
0.40, -0.91, -0.45, 3.89, -2.47, -30.85
0.57, -0.83, -0.35, -1.05, 12.80, -10.79
0.70, -0.75, -0.24, -11.21, 17.30, 5.54
0.75, -0.71, -0.14, -18.63, 22.55, 21.38
0.70, -0.71, -0.13, -27.80, 24.33, 33.77
0.49, -0.75, -0.17, -40.61, 29.79, 42.29
0.24, -0.77, -0.19, -46.35, 33.61, 49.89
0.16, -0.81, -0.21, -41.08, 10.13, 49.32
0.09, -0.85, -0.30, -29.55, -34.66, 35.71
-0.11, -0.91, -0.39, -17.31, -56.15, 19.57
-0.39, -0.94, -0.45, -6.89, -51.19, -7.62
-0.58, -0.97, -0.50, -3.74, -10.64, -25.76
-0.50, -0.95, -0.47, 2.18, 24.79, -43.17
-0.19, -0.91, -0.46, 8.79, 25.27, -51.32
0.08, -0.91, -0.48, 12.56, 11.65, -51.22
0.25, -0.94, -0.48, 12.40, 7.75, -42.55
0.40, -0.93, -0.38, 4.68, 21.60, -21.20
0.64, -0.85, -0.30, 1.08, 26.80, -4.72
0.76, -0.76, -0.23, -9.52, 28.00, 14.06
0.76, -0.72, -0.14, -16.49, 34.83, 29.58
0.62, -0.73, -0.14, -25.31, 34.02, 37.43
0.36, -0.79, -0.18, -35.85, 40.18, 45.59
0.20, -0.83, -0.15, -40.01, 40.53, 49.88
0.16, -0.85, -0.14, -38.32, 23.50, 48.61
0.10, -0.86, -0.27, -26.30, -22.99, 32.74
-0.11, -0.87, -0.44, -16.13, -46.47, 19.02
-0.35, -0.94, -0.51, -4.59, -48.70, -7.42
-0.52, -0.93, -0.49, -0.31, -13.88, -23.53
-0.42, -0.93, -0.41, 6.55, 6.22, -44.86
-0.18, -0.91, -0.39, 9.45, 0.55, -53.86
0.03, -0.93, -0.42, 9.10, -15.66, -55.10
0.19, -0.94, -0.45, 6.55, -12.07, -47.07
0.40, -0.90, -0.40, -0.88, 16.81, -21.14
0.67, -0.82, -0.28, -5.70, 21.16, -5.85
0.79, -0.76, -0.17, -13.92, 14.48, 13.70
0.77, -0.74, -0.12, -19.13, 20.30, 27.24
0.59, -0.78, -0.15, -34.95, 32.16, 38.27
0.32, -0.79, -0.17, -44.10, 44.60, 44.85
0.19, -0.77, -0.18, -48.62, 47.61, 50.20
0.21, -0.78, -0.16, -45.94, 14.12, 49.87
0.15, -0.84, -0.25, -30.05, -45.84, 35.61
-0.07, -0.92, -0.38, -24.02, -64.00, 24.04
-0.39, -0.98, -0.47, -12.27, -59.73, -7.83
-0.64, -0.95, -0.54, -5.43, -17.78, -27.53
-0.54, -0.92, -0.49, 3.42, 35.02, -44.72
-0.22, -0.91, -0.44, 9.43, 30.26, -56.13
0.10, -0.95, -0.44, 10.22, 2.54, -52.38
0.28, -0.98, -0.46, 11.52, -13.39, -40.92
0.43, -0.94, -0.46, 7.86, -3.89, -24.10
0.58, -0.85, -0.34, -0.53, 15.97, -5.16
0.71, -0.77, -0.20, -10.17, 25.71, 13.74
0.76, -0.72, -0.12, -17.53, 25.12, 25.65
0.59, -0.73, -0.12, -32.93, 33.40, 36.18
0.29, -0.78, -0.13, -47.29, 45.60, 42.16
0.13, -0.77, -0.13, -51.97, 49.44, 46.31
0.13, -0.76, -0.18, -45.32, -0.93, 41.89
0.13, -0.79, -0.31, -25.89, -60.80, 33.42
-0.05, -0.89, -0.47, -13.31, -64.00, 22.32
-0.39, -0.95, -0.52, -4.39, -55.72, -13.20
-0.66, -0.96, -0.49, -2.12, 7.22, -26.46
-0.46, -0.93, -0.45, 4.13, 43.89, -41.63
-0.04, -0.91, -0.40, 7.10, 29.05, -48.62
0.23, -0.95, -0.38, 6.09, -6.31, -42.74
0.35, -0.97, -0.42, 8.62, -29.18, -34.24
0.40, -0.91, -0.45, 5.67, -13.35, -18.63
0.49, -0.83, -0.37, -0.63, 18.34, -4.36
0.60, -0.79, -0.24, -10.40, 37.12, 14.12
0.65, -0.77, -0.14, -19.79, 40.02, 23.72
0.55, -0.78, -0.12, -32.83, 44.23, 36.23
0.34, -0.80, -0.12, -46.07, 50.81, 43.34
0.21, -0.79, -0.11, -49.95, 41.92, 46.13
0.18, -0.79, -0.14, -43.28, -8.20, 44.43
0.14, -0.85, -0.27, -27.39, -62.63, 38.95
-0.08, -0.92, -0.43, -19.73, -64.00, 19.31
-0.47, -0.92, -0.52, -6.89, -48.18, -17.20
-0.73, -0.89, -0.51, -1.18, 7.55, -32.35
-0.50, -0.89, -0.47, 3.83, 46.52, -48.02
-0.06, -0.92, -0.43, 5.65, 31.00, -50.66
0.25, -0.95, -0.41, 5.19, 0.89, -43.36
0.41, -0.94, -0.41, 3.30, -20.31, -29.81
0.51, -0.89, -0.39, 0.67, -7.73, -16.26
0.56, -0.83, -0.34, -6.73, 8.76, 0.60
0.60, -0.78, -0.23, -16.50, 33.33, 17.10
0.63, -0.77, -0.16, -25.58, 42.96, 29.94
0.51, -0.78, -0.13, -39.69, 46.94, 39.47
0.31, -0.78, -0.15, -47.86, 47.22, 47.25
0.21, -0.78, -0.16, -47.86, 23.39, 50.87
0.17, -0.81, -0.21, -36.50, -29.11, 39.84
-0.02, -0.89, -0.34, -29.03, -63.87, 32.55
-0.31, -0.91, -0.44, -14.42, -56.45, 1.87
-0.61, -0.92, -0.50, -5.16, -30.45, -23.53
-0.62, -0.93, -0.49, -0.78, 23.93, -38.68
-0.29, -0.92, -0.44, 3.21, 32.15, -47.54
0.07, -0.93, -0.41, 2.01, 21.57, -42.68
0.34, -0.95, -0.40, -0.27, 5.55, -33.02
0.50, -0.91, -0.39, -1.95, 3.03, -17.79
0.59, -0.84, -0.36, -4.65, 5.40, -4.51
0.58, -0.80, -0.28, -12.91, 17.03, 12.04
0.56, -0.78, -0.22, -19.30, 24.98, 23.13
0.48, -0.78, -0.22, -31.06, 30.05, 32.36
0.31, -0.79, -0.22, -38.45, 29.39, 38.49
0.22, -0.78, -0.21, -37.67, 19.75, 42.08
0.16, -0.81, -0.24, -29.97, -14.95, 35.63
-0.00, -0.86, -0.35, -20.33, -43.86, 24.97
-0.28, -0.89, -0.46, -10.25, -37.12, 3.49
-0.51, -0.90, -0.51, -2.76, -17.12, -18.41
-0.51, -0.90, -0.48, 5.34, 19.59, -32.41
-0.23, -0.89, -0.42, 9.66, 21.58, -43.53
0.03, -0.92, -0.38, 8.81, 8.50, -42.73
0.25, -0.97, -0.37, 4.67, -2.83, -35.32
0.38, -0.93, -0.38, 2.01, 1.02, -22.95
0.51, -0.84, -0.36, -0.55, 10.86, -10.19
0.57, -0.79, -0.29, -6.74, 13.95, 3.70
0.55, -0.78, -0.20, -16.04, 26.59, 17.65
0.47, -0.79, -0.18, -23.07, 31.49, 24.71
0.33, -0.81, -0.21, -33.29, 36.96, 30.36
0.22, -0.82, -0.21, -35.72, 32.38, 36.02
0.20, -0.81, -0.20, -34.61, 17.18, 37.23
0.20, -0.86, -0.25, -31.64, -8.73, 36.53
0.07, -0.91, -0.29, -23.38, -37.96, 24.06
-0.16, -0.93, -0.39, -16.25, -34.97, 9.29
-0.40, -0.94, -0.48, -9.44, -25.59, -17.59
-0.49, -0.92, -0.48, -4.20, 7.47, -27.70
-0.29, -0.89, -0.45, 4.94, 10.47, -42.61
-0.07, -0.89, -0.43, 10.37, -5.32, -48.34
0.06, -0.93, -0.44, 10.89, -6.83, -45.60
0.20, -0.92, -0.43, 8.45, 4.82, -34.41
0.44, -0.84, -0.38, 7.71, 17.25, -20.51
0.60, -0.77, -0.30, 0.58, 12.43, -7.27
0.60, -0.75, -0.23, -11.59, 20.78, 11.01
0.56, -0.77, -0.18, -19.36, 31.75, 21.22
0.47, -0.79, -0.17, -29.07, 35.06, 29.50
0.32, -0.83, -0.18, -38.95, 32.93, 35.03
0.23, -0.83, -0.18, -41.06, 28.81, 40.49
0.23, -0.82, -0.19, -38.28, 4.63, 39.56
0.18, -0.87, -0.25, -35.11, -29.07, 36.24
0.01, -0.91, -0.35, -23.96, -41.47, 25.67
-0.23, -0.92, -0.44, -16.43, -35.44, 1.99
-0.47, -0.93, -0.52, -6.30, -19.53, -22.78
-0.53, -0.94, -0.52, -0.53, 11.95, -34.77
-0.30, -0.92, -0.46, 7.23, 11.50, -48.28
-0.06, -0.91, -0.42, 12.10, 2.87, -53.93
0.11, -0.93, -0.43, 13.56, -7.53, -52.51
0.25, -0.92, -0.43, 15.83, -11.81, -45.62
0.42, -0.85, -0.41, 11.32, -6.09, -24.36
0.59, -0.79, -0.32, 8.83, 2.26, -13.44
0.63, -0.76, -0.24, -4.27, 10.53, 6.27
0.60, -0.77, -0.12, -17.34, 38.00, 23.49
0.55, -0.79, -0.05, -31.60, 44.52, 32.20
0.41, -0.80, -0.07, -43.66, 35.31, 40.57
0.28, -0.80, -0.11, -48.55, 28.81, 47.49
0.23, -0.80, -0.15, -44.75, -2.97, 46.93
0.10, -0.82, -0.28, -31.81, -42.77, 36.73
-0.11, -0.87, -0.41, -19.06, -55.13, 21.66
-0.40, -0.92, -0.48, -7.23, -54.69, -7.71
-0.61, -0.96, -0.52, -2.28, -9.59, -27.88
-0.51, -0.97, -0.46, 3.13, 33.00, -43.61
-0.20, -0.94, -0.41, 5.72, 36.15, -53.48
0.12, -0.94, -0.43, 6.24, 26.00, -49.60
0.33, -0.96, -0.44, 4.82, 13.47, -36.91
0.48, -0.93, -0.39, 1.01, 8.13, -20.29
0.60, -0.85, -0.29, -7.23, 12.12, -0.45
0.68, -0.78, -0.18, -14.03, 20.98, 14.28
0.68, -0.76, -0.10, -24.66, 28.61, 27.39
0.54, -0.79, -0.11, -39.24, 32.84, 37.98
0.34, -0.81, -0.14, -48.13, 34.64, 45.71
0.21, -0.78, -0.18, -50.88, 27.37, 48.26
0.12, -0.77, -0.22, -43.70, -20.47, 39.79
-0.03, -0.81, -0.34, -25.67, -64.00, 25.46
-0.27, -0.87, -0.48, -6.85, -64.00, 3.82
-0.55, -0.91, -0.58, 3.03, -47.00, -25.59
-0.68, -0.96, -0.50, 6.35, 4.89, -42.94
-0.44, -0.98, -0.41, 9.17, 23.46, -55.64
-0.01, -0.98, -0.41, 8.89, 17.01, -52.76
0.29, -0.98, -0.44, 9.81, 9.56, -46.11
0.43, -0.93, -0.43, 7.97, 12.41, -36.64
0.48, -0.87, -0.35, 3.12, 9.46, -22.10
0.55, -0.81, -0.27, -7.22, 21.08, -1.84
0.67, -0.76, -0.18, -16.90, 31.83, 18.53
0.71, -0.73, -0.12, -26.05, 21.84, 28.39
0.55, -0.73, -0.11, -36.58, 18.31, 37.57
0.34, -0.76, -0.14, -43.15, 24.03, 45.45
0.18, -0.77, -0.17, -44.85, 26.74, 45.60
0.10, -0.79, -0.20, -44.16, 4.17, 43.28
0.02, -0.82, -0.27, -30.58, -41.98, 31.22
-0.13, -0.88, -0.38, -15.06, -64.00, 12.70
-0.37, -0.96, -0.50, -5.39, -55.78, -9.95
-0.56, -1.00, -0.50, -3.89, -16.93, -29.49
-0.49, -0.97, -0.46, 6.15, 11.97, -45.15
-0.18, -0.94, -0.48, 10.78, 9.18, -52.19
0.13, -0.95, -0.51, 15.78, 2.86, -48.75
0.26, -0.95, -0.52, 17.94, -0.12, -43.11
0.32, -0.91, -0.48, 19.32, 8.96, -38.57
0.37, -0.85, -0.38, 8.56, 13.99, -25.34
0.49, -0.80, -0.26, -0.18, 33.07, -0.01
0.66, -0.73, -0.18, -10.05, 33.47, 13.21
0.66, -0.71, -0.10, -18.66, 29.00, 25.28
0.51, -0.76, -0.07, -30.49, 26.24, 32.98
0.33, -0.82, -0.10, -39.30, 25.24, 39.61
0.20, -0.84, -0.12, -41.93, 22.38, 41.34
0.16, -0.85, -0.13, -41.61, 6.39, 40.73
0.11, -0.89, -0.18, -35.79, -27.21, 32.15
-0.04, -0.93, -0.31, -22.69, -52.81, 16.07
-0.25, -0.96, -0.42, -10.66, -60.46, -6.92
-0.46, -0.99, -0.50, -7.65, -30.30, -27.48
-0.46, -0.97, -0.46, -1.31, 6.94, -42.82
-0.22, -0.92, -0.44, 5.86, 7.97, -55.81
0.05, -0.91, -0.47, 10.70, 1.39, -53.25
0.22, -0.93, -0.49, 11.10, -0.37, -44.75
0.36, -0.89, -0.44, 5.94, 9.70, -30.38
0.56, -0.82, -0.30, -2.52, 29.51, -7.35
0.71, -0.75, -0.19, -13.20, 30.06, 8.40
0.74, -0.72, -0.11, -21.29, 25.53, 21.56
0.61, -0.75, -0.11, -33.15, 20.75, 35.21
0.37, -0.80, -0.15, -41.70, 32.53, 42.31
0.20, -0.80, -0.18, -45.61, 32.80, 45.09
0.15, -0.80, -0.21, -39.22, 6.04, 42.98
0.09, -0.82, -0.30, -25.98, -37.15, 29.38
-0.15, -0.89, -0.41, -11.73, -61.48, 9.88
-0.46, -0.96, -0.51, -1.70, -53.38, -16.07
-0.62, -0.97, -0.52, 3.84, 4.73, -32.27
-0.43, -0.93, -0.40, 11.98, 19.52, -55.48
-0.13, -0.93, -0.41, 14.49, 8.22, -62.38
0.10, -0.97, -0.46, 11.17, 4.77, -55.36
0.31, -0.98, -0.41, 2.31, 8.00, -38.56
0.61, -0.90, -0.30, 2.60, 14.38, -17.68
0.75, -0.78, -0.26, -2.89, 1.12, -7.70
0.68, -0.72, -0.19, -15.14, 5.72, 7.87
0.54, -0.74, -0.13, -21.07, 16.82, 20.49
0.39, -0.78, -0.16, -26.06, 19.28, 21.82
0.19, -0.81, -0.21, -29.82, 19.61, 21.19
0.06, -0.83, -0.25, -24.56, 5.93, 16.92
-0.02, -0.84, -0.31, -17.55, -13.50, 9.48
-0.09, -0.89, -0.34, -8.16, -37.70, -2.00
-0.19, -0.94, -0.39, 0.39, -46.43, -18.28
-0.25, -0.96, -0.38, 4.59, -29.09, -34.26
-0.19, -0.96, -0.35, 2.99, 1.64, -42.59
0.04, -0.93, -0.31, -3.03, 16.78, -38.21
0.33, -0.89, -0.27, -7.65, 11.89, -25.86
0.55, -0.84, -0.27, -10.40, -5.56, -12.25
0.61, -0.83, -0.25, -15.83, -15.10, 1.96
0.55, -0.83, -0.21, -20.70, -14.67, 8.08
0.44, -0.83, -0.22, -23.00, -5.18, 10.89
0.32, -0.86, -0.24, -27.65, 12.00, 14.50
0.27, -0.90, -0.23, -28.13, 25.25, 18.32
0.25, -0.89, -0.25, -26.48, 29.72, 19.89
0.22, -0.88, -0.27, -21.92, 18.16, 17.20
0.15, -0.90, -0.30, -18.60, -4.94, 13.34
0.04, -0.93, -0.33, -9.26, -30.75, 1.80
-0.09, -0.95, -0.37, -1.67, -43.64, -18.30
-0.24, -0.96, -0.40, 3.71, -38.35, -35.38
-0.27, -0.96, -0.38, 1.57, -12.13, -47.68
-0.08, -0.93, -0.34, -5.49, 24.87, -41.58
0.29, -0.85, -0.28, -12.72, 50.10, -20.54
0.68, -0.74, -0.24, -17.09, 31.97, -2.11
0.85, -0.68, -0.21, -21.47, 3.01, 16.59
0.77, -0.70, -0.23, -23.37, -18.30, 27.92
0.50, -0.77, -0.26, -28.12, -3.67, 30.88
0.22, -0.83, -0.27, -32.95, 18.88, 31.71
0.15, -0.83, -0.27, -36.01, 38.64, 36.01
0.25, -0.83, -0.24, -38.99, 38.18, 42.42
0.31, -0.85, -0.23, -37.38, 22.84, 47.15
0.25, -0.88, -0.29, -27.78, -2.81, 38.60
-0.01, -0.94, -0.38, -15.42, -48.62, 17.42
-0.33, -1.00, -0.48, -2.97, -54.34, -6.66
-0.54, -1.03, -0.49, -1.48, -21.77, -28.62
-0.51, -0.98, -0.40, 6.27, -0.27, -53.55
-0.27, -0.89, -0.40, 9.96, 4.21, -62.12
0.05, -0.90, -0.43, 6.14, 22.58, -48.34
0.42, -0.90, -0.40, -1.71, 31.58, -29.62
0.68, -0.81, -0.29, -11.32, 32.70, -2.77
0.86, -0.70, -0.21, -18.42, 27.19, 16.53
0.85, -0.66, -0.20, -19.14, 8.78, 26.54
0.57, -0.72, -0.23, -25.28, 6.07, 34.39
0.23, -0.82, -0.24, -30.61, 22.13, 35.41
0.03, -0.85, -0.26, -31.20, 38.83, 34.67
0.01, -0.83, -0.27, -26.84, 21.80, 29.59
0.04, -0.84, -0.31, -14.70, -5.71, 24.60
-0.01, -0.90, -0.37, -1.62, -40.63, 6.08
-0.25, -0.99, -0.40, 2.04, -50.04, -13.19
-0.40, -1.03, -0.39, 5.21, -24.80, -33.10
-0.33, -0.95, -0.38, 10.76, -7.91, -51.21
-0.12, -0.91, -0.40, 9.10, 16.76, -54.21
0.15, -0.93, -0.40, 0.51, 39.10, -42.61
0.48, -0.89, -0.31, -12.66, 64.00, -12.70
0.81, -0.79, -0.20, -15.78, 63.12, 13.31
0.96, -0.72, -0.18, -17.21, 28.19, 21.39
0.75, -0.76, -0.19, -22.40, 8.40, 33.60
0.38, -0.86, -0.19, -32.46, 15.14, 36.23
0.17, -0.87, -0.19, -39.91, 30.81, 38.48
0.09, -0.81, -0.20, -38.22, 30.98, 33.29
0.07, -0.76, -0.26, -27.29, 3.29, 24.13
-0.00, -0.84, -0.35, -9.54, -38.72, 11.88
-0.14, -1.01, -0.43, -2.08, -50.88, -5.06
-0.36, -1.08, -0.43, 1.23, -23.25, -20.66
-0.40, -1.00, -0.38, 5.52, 12.47, -41.05
-0.18, -0.90, -0.36, 7.64, 13.58, -53.48
0.06, -0.90, -0.38, 5.87, -0.05, -49.40
0.29, -0.93, -0.38, 0.77, 3.53, -32.40
0.55, -0.88, -0.32, -6.66, 20.17, -10.27
0.77, -0.77, -0.22, -15.67, 25.04, 8.82
0.84, -0.69, -0.13, -23.20, 27.35, 27.80
0.75, -0.72, -0.11, -32.31, 20.71, 39.61
0.49, -0.79, -0.15, -44.36, 21.36, 47.17
0.23, -0.82, -0.16, -48.39, 28.63, 51.10
0.17, -0.80, -0.16, -47.04, 17.44, 49.93
0.14, -0.79, -0.24, -31.25, -21.88, 36.44
-0.00, -0.89, -0.37, -22.79, -48.30, 25.28
-0.24, -1.01, -0.42, -13.18, -56.62, 1.23
-0.51, -1.01, -0.51, -2.64, -22.04, -18.38
-0.48, -0.99, -0.47, 2.23, 18.79, -34.97
-0.22, -0.96, -0.41, 6.91, 15.45, -48.49
0.03, -0.94, -0.44, 9.10, 2.44, -46.51
0.24, -0.92, -0.45, 8.44, -2.95, -38.37
0.41, -0.89, -0.40, 4.32, 11.58, -20.53
0.57, -0.80, -0.31, -4.77, 21.69, -6.10
0.66, -0.72, -0.22, -15.82, 33.60, 14.47
0.70, -0.69, -0.14, -21.72, 32.67, 27.03
0.56, -0.74, -0.13, -32.67, 26.87, 34.62
0.30, -0.82, -0.15, -39.20, 28.80, 39.06
0.15, -0.83, -0.19, -39.77, 29.37, 41.79
0.14, -0.83, -0.20, -34.19, 10.93, 36.61
0.08, -0.88, -0.27, -23.84, -30.03, 21.80
-0.11, -0.98, -0.37, -13.66, -45.70, 11.04
-0.33, -1.02, -0.46, -5.31, -41.08, -14.35
-0.47, -0.98, -0.47, 0.57, 6.17, -28.92
-0.33, -0.92, -0.42, 6.90, 12.90, -49.12
-0.08, -0.90, -0.41, 8.58, 10.97, -48.80
0.18, -0.93, -0.41, 5.54, 8.79, -39.65
0.42, -0.91, -0.38, 2.17, 10.92, -24.75
0.58, -0.82, -0.31, -4.17, 15.21, -6.69
0.68, -0.76, -0.23, -13.96, 21.78, 12.15
0.70, -0.73, -0.15, -20.57, 20.19, 23.57
0.56, -0.75, -0.13, -27.66, 19.14, 33.06
0.37, -0.81, -0.14, -36.37, 21.57, 38.99
0.23, -0.84, -0.16, -41.90, 18.92, 44.19
0.22, -0.82, -0.17, -37.99, 9.27, 40.24
0.18, -0.85, -0.21, -34.80, -6.68, 33.56
0.02, -0.93, -0.29, -32.73, -9.23, 28.91
-0.15, -0.96, -0.37, -21.83, -18.09, 11.77
-0.29, -0.97, -0.44, -11.73, -23.31, -3.21
-0.33, -0.97, -0.52, -1.63, -20.38, -19.21
-0.24, -0.93, -0.53, 8.49, 3.04, -31.80
-0.13, -0.88, -0.50, 14.11, 5.32, -46.28
-0.03, -0.89, -0.46, 14.82, 9.21, -47.05
0.13, -0.91, -0.42, 11.21, 17.27, -36.34
0.39, -0.86, -0.35, 5.38, 24.78, -18.67
0.62, -0.79, -0.27, -3.32, 31.53, 3.22
0.75, -0.73, -0.15, -14.55, 31.06, 20.35
0.74, -0.73, -0.07, -23.82, 28.47, 32.87
0.60, -0.78, -0.07, -37.21, 26.29, 44.57
0.39, -0.81, -0.10, -46.33, 24.78, 53.35
0.24, -0.80, -0.12, -44.97, 13.54, 56.02
0.14, -0.83, -0.19, -36.01, -28.01, 43.38
-0.02, -0.92, -0.30, -30.66, -42.29, 39.50
-0.25, -0.96, -0.38, -20.32, -50.57, 11.05
-0.52, -0.97, -0.45, -5.99, -45.26, -16.67
-0.54, -1.00, -0.52, -0.55, -5.55, -30.37
-0.38, -1.00, -0.49, 5.37, 18.66, -45.20
-0.15, -0.97, -0.45, 8.54, 14.69, -57.30
0.04, -0.98, -0.43, 7.49, -4.05, -55.00
0.23, -0.96, -0.42, 12.12, -13.27, -43.74
0.44, -0.87, -0.46, 16.98, 2.27, -24.50
0.54, -0.76, -0.40, 6.87, 22.36, -16.89
0.52, -0.71, -0.21, -8.67, 51.30, 6.65
0.64, -0.70, -0.08, -19.86, 59.57, 23.52
0.68, -0.71, -0.08, -28.93, 36.43, 32.83
0.46, -0.76, -0.11, -40.64, 23.94, 42.15
0.26, -0.81, -0.12, -43.37, 20.63, 49.59
0.18, -0.83, -0.13, -41.43, 8.65, 47.72
0.10, -0.85, -0.21, -32.03, -24.42, 36.83
-0.06, -0.92, -0.30, -23.03, -33.07, 25.19
-0.24, -0.99, -0.38, -17.65, -40.37, 2.55
-0.44, -1.01, -0.45, -7.15, -32.06, -19.09
-0.42, -1.01, -0.48, -4.02, 13.14, -27.51
-0.18, -0.97, -0.47, 2.12, 14.45, -40.37
0.00, -0.92, -0.47, 9.34, 0.41, -46.39
0.14, -0.92, -0.47, 12.97, -7.09, -45.77
0.24, -0.92, -0.46, 16.86, -6.43, -37.46
0.36, -0.85, -0.44, 16.37, 16.83, -23.26
0.48, -0.77, -0.32, 5.13, 42.05, -9.12
0.59, -0.73, -0.18, -7.96, 58.84, 9.90
0.68, -0.73, -0.09, -17.16, 55.87, 24.06
0.62, -0.79, -0.07, -30.76, 47.24, 35.68
0.38, -0.85, -0.07, -45.34, 43.56, 43.57
0.23, -0.85, -0.08, -50.32, 27.24, 46.87
0.15, -0.83, -0.17, -39.02, -20.62, 40.78
0.03, -0.86, -0.31, -23.29, -56.69, 27.53
-0.27, -0.92, -0.41, -8.80, -64.00, 3.26
-0.62, -0.97, -0.45, 1.34, -53.53, -20.51
-0.67, -0.98, -0.42, 4.89, 15.34, -37.46
-0.43, -0.93, -0.37, 9.33, 34.38, -60.60
-0.12, -0.91, -0.35, 10.06, 10.42, -64.00
0.13, -0.95, -0.39, 8.70, -15.30, -54.06
0.45, -0.94, -0.43, 13.42, -5.83, -31.16
0.68, -0.85, -0.40, 14.21, 1.15, -23.92
0.65, -0.77, -0.27, -1.44, 19.72, -6.43
0.63, -0.75, -0.12, -12.80, 43.50, 17.98
0.68, -0.73, -0.07, -21.71, 43.45, 27.73
0.57, -0.77, -0.08, -31.76, 35.30, 37.94
0.35, -0.83, -0.09, -43.68, 28.53, 46.23
0.23, -0.83, -0.10, -44.15, 22.53, 50.95
0.20, -0.83, -0.13, -39.61, -0.71, 46.17
0.10, -0.90, -0.21, -32.46, -26.82, 37.03
-0.10, -0.94, -0.30, -24.63, -45.27, 20.66
-0.32, -0.98, -0.37, -15.48, -49.99, -2.53
-0.46, -1.01, -0.42, -7.35, -30.86, -19.46
-0.39, -1.01, -0.44, -1.55, 3.65, -34.71
-0.21, -0.96, -0.45, 8.89, 4.12, -51.31
-0.04, -0.93, -0.46, 14.89, -10.15, -60.20
0.07, -0.97, -0.47, 16.85, -20.79, -57.46
0.27, -0.95, -0.46, 14.15, -0.05, -37.09
0.48, -0.84, -0.37, 9.38, 31.05, -21.51
0.61, -0.72, -0.23, -1.52, 33.91, -14.04
0.64, -0.70, -0.11, -15.96, 38.77, 9.25
0.70, -0.72, -0.05, -27.34, 41.32, 28.64
0.63, -0.76, -0.06, -37.07, 30.79, 36.30
0.39, -0.81, -0.08, -46.69, 24.02, 44.25
0.23, -0.82, -0.11, -49.73, 28.74, 50.82
0.20, -0.82, -0.15, -46.80, 11.00, 49.41
0.13, -0.84, -0.24, -36.27, -19.25, 38.57
-0.05, -0.91, -0.35, -27.47, -41.76, 24.36
-0.28, -0.99, -0.39, -21.12, -45.40, 3.07
-0.47, -1.01, -0.46, -8.91, -27.71, -19.60
-0.45, -0.98, -0.49, -2.33, 15.94, -33.73
-0.23, -0.94, -0.46, 7.90, 20.59, -51.64
-0.06, -0.94, -0.46, 13.09, 1.13, -55.17
0.12, -0.98, -0.47, 18.99, -8.16, -50.96
0.28, -0.97, -0.46, 18.76, -3.61, -38.86
0.43, -0.88, -0.38, 16.43, 25.07, -25.57
0.54, -0.80, -0.22, 7.12, 31.89, -16.95
0.57, -0.76, -0.09, -10.26, 39.99, 2.80
0.64, -0.75, -0.02, -21.08, 46.85, 23.62
0.64, -0.77, -0.01, -32.12, 34.55, 31.60
0.48, -0.81, -0.03, -42.93, 19.53, 38.95
0.30, -0.83, -0.06, -48.33, 18.44, 44.76
0.22, -0.82, -0.12, -47.51, 8.16, 45.03
0.16, -0.82, -0.21, -38.74, -17.88, 39.04
0.04, -0.86, -0.31, -27.41, -36.16, 26.50
-0.21, -0.92, -0.37, -18.68, -42.80, 6.19
-0.44, -0.96, -0.45, -6.90, -38.38, -16.30
-0.47, -0.97, -0.49, -0.64, -0.02, -27.75
-0.28, -0.96, -0.45, 8.48, 10.88, -48.27
-0.08, -0.93, -0.42, 11.75, 0.71, -55.54
0.09, -0.96, -0.43, 12.97, 3.86, -49.41
0.30, -0.97, -0.43, 12.17, 10.92, -35.70
0.48, -0.90, -0.38, 8.61, 30.10, -21.77
0.62, -0.83, -0.27, 3.15, 35.04, -9.52
0.68, -0.79, -0.15, -9.41, 35.85, 5.40
0.67, -0.79, -0.09, -20.03, 43.16, 19.47
0.56, -0.82, -0.09, -33.16, 37.40, 24.82
0.39, -0.85, -0.11, -45.04, 32.88, 30.42
0.27, -0.86, -0.13, -52.16, 28.29, 33.20
0.21, -0.84, -0.17, -54.68, 10.70, 28.38
0.13, -0.81, -0.25, -44.16, -16.76, 22.11
0.01, -0.84, -0.33, -34.45, -26.19, 7.73
-0.18, -0.91, -0.41, -28.32, -28.28, -7.60
-0.34, -0.94, -0.47, -21.17, -20.20, -23.73
-0.32, -0.90, -0.48, -13.92, 17.29, -27.60
-0.13, -0.87, -0.43, -5.57, 26.58, -37.82
0.04, -0.85, -0.40, 1.33, 18.34, -37.97
0.15, -0.86, -0.40, 7.51, 6.31, -35.53
0.26, -0.87, -0.38, 7.62, 2.61, -33.08
0.32, -0.88, -0.35, 4.81, 4.74, -26.57
0.41, -0.86, -0.30, -3.10, 21.43, -13.15
0.53, -0.84, -0.20, -14.82, 34.77, 1.17
0.63, -0.82, -0.11, -26.33, 40.91, 12.22
0.64, -0.83, -0.08, -39.22, 41.73, 22.81
0.56, -0.85, -0.12, -55.71, 41.97, 30.62
0.40, -0.85, -0.17, -64.00, 36.65, 31.27
0.29, -0.85, -0.22, -64.00, 25.67, 31.39
0.19, -0.89, -0.30, -60.11, -8.03, 24.02
0.03, -0.91, -0.39, -45.36, -36.60, 12.54
-0.16, -0.91, -0.50, -23.53, -29.26, -6.59
-0.34, -0.91, -0.53, -8.85, -12.09, -30.16
-0.36, -0.94, -0.51, 2.49, 32.89, -32.40
-0.15, -0.93, -0.46, 14.45, 41.20, -41.12
0.06, -0.88, -0.39, 20.28, 32.14, -41.66
0.21, -0.88, -0.34, 19.01, 14.73, -38.27
0.37, -0.87, -0.30, 12.71, 17.47, -23.26
0.54, -0.82, -0.22, 2.44, 36.36, -4.84
0.70, -0.76, -0.16, -9.04, 38.58, 7.00
0.75, -0.75, -0.08, -21.65, 38.80, 21.02
0.69, -0.79, -0.08, -37.64, 38.77, 30.01
0.55, -0.83, -0.13, -53.64, 45.22, 37.78
0.39, -0.82, -0.19, -64.00, 49.73, 40.77
0.29, -0.77, -0.28, -64.00, 36.50, 41.95
0.22, -0.74, -0.38, -53.93, -5.78, 32.96
0.12, -0.78, -0.46, -37.45, -31.32, 26.20
-0.06, -0.85, -0.51, -23.59, -46.58, 7.01
-0.29, -0.90, -0.54, -9.01, -34.00, -10.05
-0.37, -0.91, -0.54, -2.82, 13.42, -17.93
-0.22, -0.89, -0.49, 7.79, 48.73, -31.30
-0.05, -0.86, -0.44, 16.91, 49.77, -37.29
0.14, -0.86, -0.39, 20.52, 29.80, -34.99
0.31, -0.89, -0.36, 21.13, 3.61, -29.01
0.44, -0.89, -0.33, 17.74, 4.64, -17.11
0.52, -0.86, -0.28, 11.51, 14.27, -15.41
0.50, -0.83, -0.18, -4.87, 32.12, -3.00
0.57, -0.84, -0.07, -21.19, 49.49, 14.48
0.70, -0.85, -0.02, -36.05, 50.84, 25.61
0.70, -0.85, -0.07, -46.58, 41.01, 32.71
0.56, -0.85, -0.14, -59.30, 35.03, 38.02
0.39, -0.83, -0.20, -64.00, 31.02, 39.29
0.28, -0.79, -0.28, -64.00, 17.29, 36.54
0.20, -0.78, -0.36, -54.50, -6.77, 27.00
0.04, -0.84, -0.45, -42.69, -31.82, 14.70
-0.16, -0.91, -0.53, -30.97, -31.26, -1.25
-0.35, -0.93, -0.57, -17.41, -21.72, -21.65
-0.39, -0.91, -0.54, -9.27, 28.72, -31.66
-0.20, -0.88, -0.49, 3.39, 44.72, -46.23
0.02, -0.91, -0.42, 12.64, 36.16, -49.02
0.24, -0.90, -0.38, 14.72, 14.72, -38.94
0.42, -0.90, -0.35, 14.01, 5.96, -23.98
0.54, -0.84, -0.29, 8.71, 11.29, -15.73
0.56, -0.79, -0.18, -5.30, 25.14, -3.78
0.62, -0.79, -0.07, -19.71, 34.51, 9.91
0.69, -0.80, -0.02, -34.36, 31.43, 19.52
0.66, -0.82, -0.07, -48.07, 24.82, 26.45
0.54, -0.84, -0.14, -60.31, 22.88, 32.04
0.38, -0.85, -0.18, -64.00, 24.22, 35.48
0.29, -0.85, -0.28, -64.00, 7.15, 33.87
0.22, -0.82, -0.38, -51.78, -16.23, 27.10
0.12, -0.82, -0.47, -38.05, -36.57, 16.76
-0.05, -0.86, -0.53, -24.26, -38.83, -1.97
-0.24, -0.88, -0.57, -11.36, -31.78, -18.95
-0.28, -0.88, -0.58, -2.96, 7.53, -27.19
-0.11, -0.86, -0.54, 9.51, 28.95, -39.39
0.04, -0.85, -0.48, 18.00, 23.91, -45.44
0.20, -0.87, -0.44, 21.57, 8.86, -41.19
0.35, -0.88, -0.41, 23.05, -7.55, -34.39
0.46, -0.84, -0.38, 19.40, -2.41, -23.18
0.52, -0.80, -0.33, 12.61, 9.01, -18.94
0.54, -0.76, -0.23, -0.95, 23.43, -7.81
0.58, -0.76, -0.14, -13.10, 33.54, 7.02
0.65, -0.78, -0.10, -27.49, 39.13, 19.84
0.66, -0.80, -0.12, -38.97, 38.03, 28.81
0.58, -0.83, -0.16, -51.36, 29.86, 34.68
0.47, -0.83, -0.20, -58.22, 26.71, 39.58
0.37, -0.83, -0.25, -59.27, 16.99, 39.49
0.27, -0.81, -0.36, -52.92, -8.54, 34.42
0.14, -0.80, -0.45, -38.58, -28.97, 23.88
-0.03, -0.84, -0.55, -20.59, -54.41, 4.38
-0.25, -0.86, -0.62, -0.61, -56.20, -16.47
-0.37, -0.88, -0.61, 11.95, -23.60, -32.41
-0.32, -0.88, -0.55, 25.40, 7.31, -53.03
-0.17, -0.87, -0.48, 37.43, 4.68, -64.00
0.06, -0.88, -0.45, 40.43, 0.21, -53.25
0.41, -0.86, -0.40, 38.94, 9.84, -32.61
0.70, -0.80, -0.31, 32.29, 24.23, -10.45
0.86, -0.75, -0.14, 18.90, 22.16, 4.80
0.87, -0.75, -0.00, 0.48, 31.95, 27.52
0.88, -0.78, 0.00, -18.46, 37.94, 39.91
0.77, -0.80, -0.03, -37.62, 32.91, 44.39
0.52, -0.82, -0.09, -57.92, 32.14, 48.98
0.34, -0.80, -0.15, -64.00, 13.11, 50.38
0.22, -0.76, -0.30, -55.00, -21.61, 41.93
0.12, -0.78, -0.48, -38.11, -52.91, 24.57
-0.08, -0.87, -0.55, -23.68, -64.00, 6.95
-0.34, -0.91, -0.58, -6.01, -64.00, -14.76
-0.45, -0.92, -0.59, 3.08, -15.28, -27.40
-0.30, -0.91, -0.54, 17.29, 18.28, -43.69
-0.07, -0.88, -0.50, 30.51, 7.90, -52.85
0.17, -0.89, -0.46, 37.61, -10.77, -47.60
0.38, -0.92, -0.41, 33.41, -19.01, -29.17
0.58, -0.87, -0.31, 23.75, -1.59, -8.94
0.71, -0.76, -0.18, 11.27, 4.86, 5.92
0.73, -0.69, -0.07, -3.38, 8.54, 21.52
0.72, -0.71, -0.03, -17.63, 13.49, 31.35
0.65, -0.78, -0.06, -35.49, 7.87, 34.82
0.48, -0.86, -0.10, -53.51, 9.23, 38.04
0.36, -0.88, -0.17, -62.56, 13.48, 43.73
0.31, -0.85, -0.30, -59.97, -8.63, 38.05
0.21, -0.84, -0.43, -45.60, -27.99, 28.06
0.06, -0.88, -0.53, -30.92, -55.83, 6.65
-0.21, -0.96, -0.58, -12.12, -62.83, -14.49
-0.37, -1.01, -0.64, -0.17, -26.41, -28.74
-0.33, -0.99, -0.60, 12.25, 13.23, -46.67
-0.19, -0.91, -0.53, 25.63, 21.03, -61.12
0.01, -0.87, -0.49, 30.67, 20.03, -57.82
0.29, -0.86, -0.44, 25.92, 22.25, -41.24
0.56, -0.81, -0.32, 16.82, 36.41, -17.17
0.75, -0.73, -0.19, 6.54, 18.07, -3.76
0.76, -0.69, -0.09, -11.12, 17.20, 15.81
0.77, -0.70, -0.02, -27.80, 24.26, 29.16
0.70, -0.73, -0.07, -43.92, 17.60, 35.32
0.48, -0.77, -0.14, -60.43, 22.59, 41.34
0.33, -0.77, -0.20, -64.00, 31.36, 47.05
0.25, -0.78, -0.30, -58.49, 5.58, 41.45
0.16, -0.81, -0.43, -42.01, -22.42, 32.76
0.03, -0.91, -0.52, -26.25, -46.37, 17.33
-0.23, -0.98, -0.56, -10.77, -53.43, -8.58
-0.44, -0.99, -0.57, 0.23, -10.50, -22.77
-0.33, -0.97, -0.53, 10.23, 33.29, -40.26
-0.11, -0.91, -0.47, 20.56, 24.76, -52.82
0.08, -0.87, -0.44, 26.82, 4.83, -49.17
0.31, -0.88, -0.44, 23.64, -6.69, -38.32
0.48, -0.85, -0.36, 15.62, 3.97, -21.46
0.62, -0.77, -0.26, 10.68, 8.10, -14.15
0.62, -0.71, -0.18, -0.45, 1.78, -5.98
0.57, -0.72, -0.12, -17.06, 20.91, 13.57
0.61, -0.75, -0.11, -31.16, 36.24, 26.39
0.60, -0.76, -0.15, -41.51, 33.52, 33.89
0.49, -0.78, -0.20, -49.77, 23.98, 38.89
0.40, -0.80, -0.24, -52.31, 25.12, 43.93
0.37, -0.83, -0.27, -48.95, 12.20, 42.57
0.27, -0.88, -0.33, -40.15, -8.22, 36.65
0.12, -0.94, -0.40, -32.55, -19.77, 27.99
-0.09, -0.98, -0.45, -21.93, -30.50, 4.85
-0.31, -0.97, -0.55, -5.61, -25.96, -17.62
-0.37, -0.95, -0.57, 3.98, 7.93, -33.71
-0.23, -0.93, -0.51, 15.49, 22.07, -49.75
-0.07, -0.89, -0.45, 22.97, 9.83, -59.02
0.12, -0.88, -0.42, 24.76, 0.29, -51.19
0.34, -0.85, -0.41, 17.90, 10.44, -30.63
0.57, -0.77, -0.30, 10.09, 24.08, -16.05
0.69, -0.69, -0.18, 2.04, 12.52, -3.78
0.70, -0.66, -0.12, -10.93, 9.65, 15.55
0.70, -0.69, -0.09, -24.43, 22.88, 31.97
0.64, -0.74, -0.11, -37.93, 25.21, 36.92
0.48, -0.77, -0.15, -49.93, 25.29, 42.66
0.34, -0.79, -0.18, -52.35, 25.77, 47.19
0.29, -0.84, -0.26, -47.32, 5.05, 44.31
0.22, -0.89, -0.36, -37.30, -19.92, 37.23
0.05, -0.94, -0.44, -24.66, -43.77, 21.03
-0.20, -0.96, -0.49, -11.18, -46.64, -1.15
-0.37, -0.97, -0.55, 3.10, -22.04, -21.91
-0.33, -0.98, -0.52, 13.38, 14.86, -39.73
-0.16, -0.95, -0.46, 22.89, 19.07, -54.57
-0.00, -0.92, -0.44, 28.46, 3.97, -56.46
0.20, -0.91, -0.42, 26.84, -7.77, -47.55
0.42, -0.87, -0.40, 18.00, 6.92, -25.95
0.65, -0.77, -0.30, 11.97, 20.95, -16.64
0.72, -0.71, -0.18, -1.21, 7.93, -5.43
0.72, -0.71, -0.09, -19.63, 21.62, 21.29
0.76, -0.74, -0.09, -34.41, 28.77, 31.60
0.67, -0.76, -0.14, -48.47, 26.74, 36.76
0.45, -0.78, -0.18, -57.69, 33.44, 42.28
0.32, -0.81, -0.21, -59.25, 33.09, 45.81
0.26, -0.85, -0.31, -51.49, 0.52, 40.02
0.15, -0.89, -0.42, -37.07, -28.56, 31.31
-0.07, -0.92, -0.50, -21.99, -51.46, 8.42
-0.38, -0.95, -0.55, -3.81, -47.96, -18.48
-0.49, -0.97, -0.54, 5.49, 0.70, -31.65
-0.33, -0.94, -0.49, 16.10, 28.69, -51.74
-0.12, -0.90, -0.43, 25.24, 13.94, -59.86
0.11, -0.88, -0.41, 28.87, -0.69, -53.00
0.40, -0.87, -0.41, 21.66, 6.12, -30.74
0.62, -0.81, -0.32, 16.12, 19.74, -19.06
0.71, -0.73, -0.19, 7.12, 12.64, -9.60
0.70, -0.71, -0.11, -9.56, 18.82, 11.53
0.75, -0.75, -0.07, -25.89, 36.68, 26.84
0.72, -0.78, -0.10, -39.29, 31.90, 31.17
0.53, -0.81, -0.14, -51.68, 30.52, 37.18
0.36, -0.84, -0.17, -58.81, 33.76, 43.64
0.28, -0.85, -0.24, -54.10, 19.91, 42.20
0.19, -0.84, -0.36, -38.11, -14.09, 28.90
0.01, -0.87, -0.51, -23.13, -44.44, 12.22
-0.23, -0.92, -0.57, -3.45, -48.49, -13.86
-0.44, -0.97, -0.55, 4.77, -10.18, -30.02
-0.39, -0.97, -0.50, 14.41, 33.81, -48.86
-0.15, -0.90, -0.46, 24.78, 27.00, -60.13
0.09, -0.86, -0.42, 28.12, 5.70, -54.50
0.38, -0.87, -0.39, 22.96, -2.92, -36.16
0.63, -0.84, -0.29, 14.11, 15.20, -11.35
0.78, -0.74, -0.19, 6.67, 12.25, -6.56
0.72, -0.70, -0.09, -7.27, 18.31, 11.07
0.72, -0.74, -0.06, -24.27, 37.86, 27.91
0.72, -0.79, -0.07, -37.45, 34.45, 35.52
0.57, -0.82, -0.11, -50.17, 31.43, 40.73
0.42, -0.86, -0.15, -56.92, 24.48, 47.12
0.32, -0.87, -0.23, -52.06, 1.65, 45.81
0.19, -0.86, -0.38, -37.15, -27.90, 30.71
-0.03, -0.89, -0.46, -24.30, -48.79, 10.94
-0.29, -0.93, -0.51, -6.23, -54.20, -15.71
-0.45, -0.95, -0.51, 1.99, -19.61, -30.47
-0.34, -0.95, -0.46, 13.84, 7.57, -51.20
-0.11, -0.90, -0.44, 23.79, -5.56, -60.13
0.10, -0.88, -0.43, 26.95, -16.60, -52.56
0.38, -0.89, -0.40, 20.59, -2.17, -33.58
0.64, -0.83, -0.30, 12.46, 10.13, -19.96
0.73, -0.75, -0.17, 5.56, 4.47, -7.80
0.71, -0.73, -0.10, -12.65, 21.24, 14.85
0.74, -0.77, -0.07, -23.52, 36.38, 27.04
0.71, -0.79, -0.09, -38.51, 27.46, 31.30
0.55, -0.82, -0.15, -50.33, 25.22, 38.17
0.38, -0.86, -0.16, -57.97, 27.88, 42.40
0.29, -0.85, -0.24, -54.58, 21.69, 41.59
0.17, -0.83, -0.37, -36.51, -13.00, 25.60
-0.01, -0.85, -0.51, -21.76, -37.49, 11.67
-0.25, -0.91, -0.56, -2.61, -51.52, -11.07
-0.41, -0.96, -0.54, 5.05, -16.97, -28.32
-0.33, -0.95, -0.48, 16.81, 7.75, -48.67
-0.14, -0.89, -0.41, 26.83, -5.18, -61.75
0.11, -0.88, -0.40, 27.51, -15.79, -52.09
0.45, -0.90, -0.36, 15.76, 3.71, -25.14
0.71, -0.84, -0.24, 8.09, 16.17, -14.12
0.76, -0.73, -0.12, -2.38, 8.11, -2.08
0.74, -0.72, -0.06, -17.47, 28.82, 19.74
0.76, -0.78, -0.06, -30.10, 28.63, 24.71
0.63, -0.82, -0.10, -43.54, 27.60, 30.71
0.46, -0.86, -0.15, -53.09, 25.88, 36.46
0.36, -0.87, -0.20, -54.43, 23.86, 39.66
0.27, -0.86, -0.29, -47.41, 1.59, 33.89
0.14, -0.86, -0.43, -30.17, -27.61, 17.80
-0.07, -0.91, -0.49, -17.57, -38.15, 1.68
-0.27, -0.96, -0.51, -5.99, -31.27, -21.50
-0.34, -0.96, -0.49, 1.66, 13.38, -32.81
-0.16, -0.91, -0.45, 10.57, 18.27, -47.38
0.07, -0.86, -0.40, 20.45, 2.13, -48.52
0.26, -0.86, -0.40, 21.67, -8.59, -42.94
0.41, -0.88, -0.36, 15.78, -4.82, -30.60
0.54, -0.85, -0.26, 5.90, 7.83, -14.31
0.67, -0.78, -0.17, -5.29, 15.73, 1.57
0.75, -0.74, -0.09, -17.73, 21.93, 15.90
0.74, -0.73, -0.08, -25.86, 23.50, 24.08
0.62, -0.77, -0.13, -40.78, 25.19, 30.02
0.44, -0.83, -0.17, -52.13, 31.34, 35.59
0.35, -0.84, -0.20, -56.54, 36.16, 39.49
0.33, -0.84, -0.25, -50.85, 15.41, 35.76
0.25, -0.84, -0.37, -38.47, -20.78, 26.92
0.09, -0.87, -0.45, -27.42, -35.12, 18.72
-0.15, -0.91, -0.49, -13.05, -31.84, -2.75
-0.31, -0.92, -0.53, -2.51, -15.59, -23.81
-0.27, -0.93, -0.49, 6.02, 21.38, -31.23
-0.08, -0.90, -0.43, 14.23, 19.72, -43.77
0.10, -0.85, -0.39, 21.38, 3.51, -44.70
0.26, -0.85, -0.36, 22.09, -8.51, -37.83
0.44, -0.85, -0.33, 17.03, -4.52, -24.28
0.56, -0.81, -0.27, 9.57, 6.39, -13.31
0.59, -0.76, -0.18, -0.09, 6.78, -4.03
0.58, -0.75, -0.12, -12.89, 24.92, 13.92
0.62, -0.76, -0.10, -23.35, 28.86, 22.50
0.57, -0.77, -0.12, -32.16, 27.45, 29.09
0.44, -0.81, -0.14, -40.25, 26.58, 32.41
0.37, -0.85, -0.17, -44.62, 25.42, 35.49
0.36, -0.87, -0.21, -44.03, 19.99, 38.34
0.35, -0.89, -0.26, -41.94, 8.66, 36.52
0.27, -0.91, -0.30, -35.73, -19.59, 28.51
0.13, -0.90, -0.37, -23.53, -27.53, 20.06
-0.00, -0.91, -0.45, -14.61, -30.96, 1.15
-0.15, -0.92, -0.52, 0.78, -32.38, -18.29
-0.20, -0.95, -0.53, 6.67, -6.49, -26.26
-0.09, -0.95, -0.47, 14.11, 2.64, -41.00
0.02, -0.90, -0.43, 20.42, 0.55, -45.36
0.15, -0.86, -0.41, 20.60, -0.98, -42.96
0.34, -0.85, -0.38, 17.00, 2.46, -30.97
0.56, -0.81, -0.29, 8.60, 11.71, -11.42
0.67, -0.76, -0.19, -0.32, 19.99, 2.36
0.71, -0.74, -0.12, -15.20, 30.43, 18.80
0.71, -0.75, -0.08, -27.23, 33.09, 27.25
0.62, -0.79, -0.10, -42.00, 33.94, 33.54
0.46, -0.83, -0.13, -53.34, 41.13, 39.01
0.35, -0.85, -0.16, -60.08, 38.18, 42.57
0.29, -0.83, -0.23, -55.41, 12.40, 42.10
0.20, -0.82, -0.36, -37.48, -36.54, 27.71
0.04, -0.86, -0.50, -23.83, -54.00, 13.75
-0.22, -0.92, -0.53, -6.90, -55.47, -14.07
-0.44, -0.95, -0.51, 0.50, -12.94, -27.26
-0.33, -0.94, -0.46, 11.95, 19.69, -43.72
-0.11, -0.90, -0.42, 23.04, 12.71, -51.78
0.14, -0.88, -0.39, 30.22, -4.04, -48.62
0.34, -0.91, -0.38, 31.87, -16.61, -40.49
0.49, -0.89, -0.34, 29.27, -10.46, -27.41
0.58, -0.85, -0.23, 21.82, 10.84, -16.69
0.60, -0.81, -0.12, 14.86, 14.26, -8.60
0.59, -0.81, -0.05, -1.07, 32.61, 13.38
0.68, -0.82, -0.02, -15.60, 39.16, 26.39
0.63, -0.80, -0.03, -26.22, 24.53, 30.45
0.49, -0.81, -0.07, -38.55, 17.41, 31.75
0.35, -0.84, -0.13, -49.39, 15.21, 33.25
0.31, -0.85, -0.16, -55.33, 14.78, 35.68
0.30, -0.83, -0.24, -51.97, -1.87, 36.84
0.25, -0.79, -0.34, -42.66, -27.47, 30.25
0.12, -0.80, -0.43, -29.94, -43.37, 16.71
-0.04, -0.89, -0.47, -22.24, -48.46, 2.92
-0.20, -0.94, -0.52, -6.56, -39.13, -14.06
-0.25, -0.92, -0.54, 1.49, -0.74, -24.79
-0.12, -0.92, -0.50, 11.56, 18.79, -35.46
0.05, -0.89, -0.44, 21.05, 15.86, -40.11
0.19, -0.88, -0.41, 24.79, 6.75, -36.95
0.37, -0.90, -0.39, 24.37, 3.46, -27.11
0.47, -0.88, -0.33, 14.47, 14.10, -14.29
0.59, -0.85, -0.20, 1.25, 30.83, -1.39
0.68, -0.82, -0.09, -13.93, 33.96, 13.39
0.73, -0.81, -0.04, -26.39, 35.02, 23.39
0.68, -0.83, -0.07, -39.49, 30.50, 30.01
0.50, -0.87, -0.09, -53.49, 32.71, 34.69
0.33, -0.88, -0.13, -60.66, 31.18, 36.74
0.24, -0.84, -0.24, -54.82, 8.98, 31.54
0.15, -0.82, -0.40, -39.01, -38.60, 14.76
-0.02, -0.86, -0.48, -21.62, -64.00, 1.15
-0.24, -0.92, -0.51, -5.21, -64.00, -20.88
-0.39, -0.94, -0.46, 4.47, -23.34, -32.69
-0.33, -0.91, -0.40, 14.47, -3.61, -57.46
-0.15, -0.86, -0.38, 27.69, -10.34, -62.34
0.14, -0.85, -0.40, 28.13, -3.36, -44.23
0.54, -0.85, -0.32, 15.50, 15.43, -14.39
0.85, -0.81, -0.14, 7.70, 12.73, 3.56
0.94, -0.74, -0.05, -2.68, 3.44, 17.95
0.85, -0.75, -0.04, -15.25, 18.83, 29.11
0.67, -0.81, -0.08, -32.20, 28.70, 31.96
0.43, -0.85, -0.12, -51.71, 40.60, 36.74
0.29, -0.85, -0.17, -59.86, 43.01, 42.75
0.28, -0.83, -0.26, -55.46, 11.22, 40.33
0.21, -0.82, -0.39, -36.58, -25.89, 29.78
0.06, -0.88, -0.45, -25.39, -41.81, 17.20
-0.19, -0.95, -0.45, -12.49, -44.56, -4.41
-0.39, -0.95, -0.48, -3.79, -11.32, -20.27
-0.30, -0.94, -0.47, 5.30, 27.72, -33.23
-0.08, -0.89, -0.44, 19.59, 13.51, -46.85
0.10, -0.88, -0.43, 28.62, -10.23, -45.55
0.25, -0.92, -0.44, 29.33, -24.46, -38.50
0.38, -0.91, -0.40, 22.23, -13.26, -26.43
0.54, -0.85, -0.24, 7.79, 14.03, -9.97
0.69, -0.78, -0.08, -3.76, 19.42, 2.53
0.75, -0.73, -0.02, -17.71, 20.50, 17.11
0.72, -0.75, -0.05, -26.69, 25.46, 24.84
0.57, -0.83, -0.11, -43.42, 24.42, 29.27
0.36, -0.87, -0.16, -53.90, 31.05, 33.93
0.26, -0.86, -0.19, -55.88, 34.13, 38.82
0.27, -0.85, -0.26, -48.76, 6.04, 34.23
0.20, -0.86, -0.35, -32.37, -23.29, 23.25
0.04, -0.92, -0.42, -23.56, -34.05, 11.02
-0.21, -0.97, -0.44, -10.52, -29.13, -12.85
-0.36, -0.96, -0.45, -4.10, 11.16, -25.91
-0.25, -0.94, -0.43, 5.63, 23.27, -39.58
-0.04, -0.90, -0.40, 16.35, -1.18, -51.32
0.08, -0.89, -0.39, 22.00, -23.26, -50.83
0.22, -0.89, -0.40, 20.72, -29.32, -45.11
0.40, -0.86, -0.35, 12.33, -8.42, -24.60
0.62, -0.80, -0.20, 4.62, 8.90, -12.56
0.73, -0.75, -0.11, -3.77, 1.45, -2.81
0.74, -0.74, -0.08, -17.31, 15.18, 18.24
0.75, -0.79, -0.09, -26.87, 30.17, 27.52
0.61, -0.85, -0.12, -41.28, 36.82, 30.82
0.39, -0.87, -0.15, -50.97, 48.11, 36.45
0.29, -0.86, -0.18, -58.71, 46.59, 39.53
0.29, -0.85, -0.24, -51.50, 19.43, 34.70
0.21, -0.85, -0.37, -35.73, -10.09, 22.26
0.00, -0.90, -0.47, -27.19, -31.93, 4.03
-0.29, -0.95, -0.48, -12.96, -31.22, -16.19
-0.40, -0.95, -0.50, -4.86, 7.37, -30.88
-0.27, -0.90, -0.45, 9.51, 25.00, -45.54
-0.07, -0.86, -0.40, 20.65, 15.13, -51.90
0.14, -0.85, -0.38, 24.83, 4.33, -46.02
0.36, -0.85, -0.35, 19.36, 14.34, -23.07
0.66, -0.81, -0.23, 10.17, 34.16, -1.88
0.84, -0.75, -0.10, -1.05, 24.94, 12.81
0.87, -0.74, -0.02, -11.57, 23.67, 27.01
0.82, -0.80, -0.02, -28.16, 22.43, 35.08
0.62, -0.88, -0.06, -46.85, 22.81, 39.29
0.40, -0.88, -0.11, -60.34, 35.86, 44.55
0.27, -0.85, -0.17, -62.08, 15.75, 38.62
0.16, -0.85, -0.30, -44.18, -34.03, 25.08
0.03, -0.90, -0.43, -32.31, -59.78, 15.04
-0.25, -0.94, -0.49, -14.84, -64.00, -17.37
-0.52, -0.94, -0.46, -6.33, -26.54, -30.63
-0.39, -0.91, -0.43, 4.71, 18.40, -50.20
-0.14, -0.86, -0.43, 17.26, 7.12, -58.01
0.10, -0.84, -0.43, 23.82, -7.76, -49.64
0.38, -0.85, -0.43, 22.99, -3.91, -29.78
0.65, -0.82, -0.34, 14.47, 16.57, -7.71
0.80, -0.76, -0.18, 7.09, 7.73, 0.39
0.80, -0.74, -0.06, -11.01, 9.42, 19.48
0.78, -0.78, -0.05, -22.62, 23.53, 30.99
0.65, -0.84, -0.10, -42.00, 26.04, 33.77
0.42, -0.87, -0.13, -54.20, 29.84, 38.36
0.27, -0.87, -0.19, -58.90, 24.12, 40.78
0.24, -0.85, -0.25, -53.33, -9.77, 34.97
0.15, -0.86, -0.36, -32.72, -50.80, 20.61
-0.02, -0.92, -0.44, -17.42, -64.00, 2.42
-0.31, -0.97, -0.48, -7.92, -57.46, -19.08
-0.49, -0.95, -0.48, 1.50, 7.78, -35.89
-0.34, -0.89, -0.46, 14.68, 32.38, -52.61
-0.08, -0.86, -0.43, 28.32, 18.99, -59.83
0.17, -0.90, -0.43, 30.25, -2.61, -48.08
0.47, -0.91, -0.40, 21.69, 15.73, -19.33
0.74, -0.84, -0.25, 12.99, 27.90, -3.71
0.86, -0.74, -0.07, 3.80, 7.05, 3.72
0.83, -0.75, -0.02, -11.95, 18.99, 26.21
0.79, -0.79, -0.03, -28.32, 21.57, 32.28
0.59, -0.86, -0.08, -49.49, 24.18, 37.11
0.37, -0.86, -0.13, -62.02, 32.77, 41.63
0.29, -0.82, -0.19, -62.90, 28.66, 42.40
0.26, -0.82, -0.27, -51.35, -1.46, 36.19
0.15, -0.84, -0.39, -35.91, -33.85, 24.18
-0.07, -0.91, -0.45, -24.38, -46.90, 9.21
-0.34, -0.95, -0.49, -8.51, -35.79, -15.02
-0.39, -0.95, -0.50, -0.38, 13.46, -26.48
-0.22, -0.91, -0.46, 14.17, 33.54, -43.18
0.00, -0.87, -0.42, 22.63, 20.04, -47.12
0.21, -0.87, -0.41, 28.42, 2.17, -40.15
0.37, -0.88, -0.40, 22.51, 3.55, -24.49
0.58, -0.86, -0.29, 8.56, 28.62, -1.74
0.76, -0.79, -0.09, -2.87, 29.05, 9.17
0.84, -0.74, -0.01, -17.69, 21.75, 22.96
0.81, -0.78, -0.02, -31.41, 21.16, 30.89
0.61, -0.87, -0.09, -51.25, 19.72, 35.15
0.36, -0.88, -0.14, -61.85, 30.63, 41.29
0.24, -0.86, -0.19, -60.52, 22.05, 40.05
0.20, -0.85, -0.30, -48.06, -17.74, 29.43
0.08, -0.88, -0.41, -31.38, -44.54, 18.46
-0.16, -0.92, -0.48, -16.88, -50.49, -4.98
-0.43, -0.91, -0.52, -4.85, -18.95, -22.94
-0.38, -0.89, -0.50, 6.34, 39.32, -34.35
-0.11, -0.84, -0.44, 20.01, 36.36, -46.41
0.11, -0.84, -0.39, 25.46, 15.17, -42.67
0.30, -0.87, -0.38, 25.64, -2.73, -32.51
0.46, -0.86, -0.36, 18.29, 5.99, -14.26
0.63, -0.81, -0.25, 5.55, 27.58, 3.61
0.77, -0.76, -0.08, -8.84, 24.73, 15.07
0.81, -0.76, -0.01, -20.96, 20.35, 26.98
0.73, -0.84, -0.05, -40.92, 18.52, 34.83
0.49, -0.89, -0.10, -56.60, 20.87, 38.75
0.29, -0.88, -0.14, -60.55, 30.14, 43.20
0.24, -0.86, -0.22, -56.31, 1.69, 36.77
0.13, -0.88, -0.35, -38.32, -40.38, 23.99
-0.03, -0.92, -0.45, -24.70, -54.96, 8.47
-0.36, -0.94, -0.52, -8.07, -54.08, -19.98
-0.52, -0.91, -0.55, 2.38, 8.84, -32.05
-0.30, -0.86, -0.49, 19.24, 31.14, -49.62
-0.06, -0.84, -0.43, 31.32, 14.25, -56.97
0.16, -0.88, -0.40, 34.09, -13.75, -50.91
0.38, -0.91, -0.40, 28.03, -2.66, -27.50
0.63, -0.85, -0.31, 17.97, 26.74, -14.15
0.72, -0.76, -0.16, 11.39, 14.07, -12.94
0.70, -0.74, -0.05, -9.27, 20.35, 10.02
0.76, -0.80, -0.01, -24.46, 34.48, 25.49
0.71, -0.84, -0.06, -41.46, 27.20, 29.50
0.49, -0.86, -0.10, -53.74, 25.65, 33.38
0.30, -0.86, -0.14, -58.71, 33.41, 37.25
0.26, -0.86, -0.18, -58.43, 24.11, 36.45
0.20, -0.86, -0.28, -44.26, -17.72, 27.87
0.08, -0.87, -0.43, -27.64, -37.14, 19.22
-0.13, -0.92, -0.47, -16.00, -36.71, -4.02
-0.38, -0.94, -0.50, -3.48, -19.83, -26.08
-0.37, -0.89, -0.51, 12.06, 23.66, -37.61
-0.13, -0.86, -0.45, 24.20, 19.68, -53.43
0.08, -0.88, -0.39, 29.71, 1.55, -53.35
0.30, -0.91, -0.39, 28.90, -4.24, -39.35
0.51, -0.89, -0.36, 18.66, 20.19, -19.04
0.71, -0.82, -0.19, 5.75, 33.08, -7.19
0.80, -0.77, -0.02, -8.63, 18.30, 10.17
0.87, -0.79, 0.02, -25.21, 29.21, 31.50
0.84, -0.85, -0.00, -43.91, 23.62, 35.92
0.56, -0.88, -0.05, -63.26, 27.16, 43.00
0.35, -0.85, -0.10, -64.00, 37.70, 48.89
0.27, -0.82, -0.17, -64.00, 12.15, 42.63
0.19, -0.83, -0.31, -52.81, -23.25, 33.14
0.02, -0.87, -0.45, -37.09, -42.80, 19.92
-0.27, -0.88, -0.52, -18.27, -55.35, -12.52
-0.52, -0.89, -0.56, -2.24, -17.17, -24.34
-0.38, -0.92, -0.54, 10.41, 24.14, -37.45
-0.10, -0.87, -0.50, 25.24, 23.86, -47.76
0.08, -0.84, -0.44, 31.26, 10.34, -48.95
0.28, -0.87, -0.38, 33.96, -15.28, -45.06
0.45, -0.89, -0.34, 27.22, -9.74, -21.84
0.69, -0.85, -0.27, 8.24, 37.22, 1.36
0.86, -0.78, -0.10, -6.97, 28.42, 7.35
0.87, -0.76, 0.01, -22.41, 26.92, 26.98
0.75, -0.83, -0.01, -39.85, 25.13, 30.94
0.49, -0.89, -0.07, -56.50, 30.24, 32.30
0.23, -0.87, -0.14, -63.04, 40.39, 35.04
0.19, -0.84, -0.22, -60.35, 16.18, 30.25
0.17, -0.82, -0.34, -42.90, -22.15, 22.97
0.06, -0.84, -0.43, -26.49, -41.00, 8.41
-0.16, -0.90, -0.48, -13.62, -43.03, -10.92
-0.31, -0.93, -0.49, -5.05, -4.75, -17.04
-0.21, -0.88, -0.47, 7.65, 26.22, -30.26
-0.03, -0.82, -0.44, 19.71, 16.38, -39.33
0.12, -0.83, -0.42, 27.79, -2.17, -41.02
0.23, -0.87, -0.40, 28.86, -14.02, -35.68
0.36, -0.88, -0.36, 22.79, -1.43, -20.80
0.53, -0.83, -0.23, 10.46, 20.45, -5.86
0.70, -0.77, -0.08, -2.13, 20.59, 7.47
0.79, -0.77, -0.01, -15.34, 23.38, 24.37
0.77, -0.83, -0.03, -31.94, 21.97, 32.75
0.59, -0.94, -0.06, -47.97, 23.28, 37.03
0.38, -0.92, -0.11, -57.27, 30.17, 40.93
0.31, -0.84, -0.18, -56.70, 24.94, 40.50
0.27, -0.86, -0.28, -49.31, -7.29, 33.36
0.12, -0.88, -0.39, -32.95, -31.05, 24.10
-0.10, -0.91, -0.44, -20.07, -36.63, 3.33
-0.33, -0.94, -0.51, -6.28, -33.64, -22.07
-0.40, -0.92, -0.53, 3.28, 13.79, -28.93
-0.18, -0.86, -0.47, 17.55, 22.89, -43.83
0.05, -0.82, -0.42, 29.35, 2.62, -49.80
0.19, -0.85, -0.38, 33.12, -14.00, -42.63
0.36, -0.88, -0.36, 25.23, -6.99, -30.05
0.53, -0.84, -0.28, 12.10, 19.14, -9.47
0.71, -0.78, -0.12, -0.76, 25.82, 4.57
0.82, -0.75, 0.01, -14.82, 21.24, 20.76
0.86, -0.80, 0.03, -28.93, 19.67, 31.35
0.70, -0.88, -0.02, -51.63, 18.01, 37.96
0.45, -0.90, -0.08, -64.00, 28.08, 44.98
0.31, -0.85, -0.15, -64.00, 23.37, 43.15
0.24, -0.83, -0.28, -55.45, -13.79, 35.89
0.10, -0.86, -0.42, -41.01, -33.60, 24.71
-0.14, -0.90, -0.49, -24.69, -56.47, -1.70
-0.46, -0.91, -0.55, -6.09, -37.65, -21.53
-0.48, -0.89, -0.56, 6.77, 21.38, -33.52
-0.22, -0.86, -0.50, 21.65, 31.06, -46.93
0.03, -0.84, -0.42, 28.43, 12.56, -46.57
0.27, -0.88, -0.36, 31.78, -12.99, -43.07
0.47, -0.89, -0.35, 29.80, -18.64, -29.24
0.55, -0.85, -0.33, 18.45, 9.21, -15.10
0.61, -0.81, -0.17, 6.22, 25.81, -11.69
0.66, -0.81, -0.04, -11.33, 22.80, 5.91
0.76, -0.86, 0.01, -27.62, 32.91, 23.36
0.76, -0.89, -0.03, -43.03, 21.75, 28.97
0.52, -0.89, -0.08, -54.76, 19.06, 32.71
0.32, -0.87, -0.14, -57.02, 15.67, 33.48
0.20, -0.84, -0.24, -49.68, -6.71, 28.20
0.09, -0.83, -0.37, -34.21, -36.41, 15.85
-0.10, -0.85, -0.49, -13.18, -57.88, -4.96
-0.32, -0.91, -0.55, -1.59, -44.70, -23.04
-0.41, -0.92, -0.50, 9.30, 5.37, -40.54
-0.27, -0.85, -0.43, 22.10, 20.78, -56.74
0.00, -0.82, -0.40, 28.69, 14.07, -54.30
0.31, -0.87, -0.38, 24.54, 16.62, -34.29
0.62, -0.86, -0.30, 15.84, 24.70, -17.56
0.75, -0.80, -0.15, 6.77, 7.09, -6.05
0.77, -0.77, -0.06, -10.26, 6.76, 13.83
0.79, -0.81, -0.01, -27.18, 23.55, 27.56
0.74, -0.85, -0.02, -45.42, 26.27, 33.64
0.57, -0.86, -0.07, -60.64, 30.16, 41.09
0.41, -0.84, -0.10, -64.00, 36.05, 48.27
0.36, -0.82, -0.16, -64.00, 18.62, 47.37
0.25, -0.80, -0.33, -55.33, -19.20, 38.42
0.04, -0.84, -0.45, -41.39, -43.53, 23.35
-0.22, -0.89, -0.50, -20.39, -58.49, -3.71
-0.47, -0.94, -0.58, -2.85, -45.03, -26.57
-0.48, -0.94, -0.56, 9.73, 5.95, -39.14
-0.23, -0.89, -0.48, 23.84, 14.56, -55.44
0.06, -0.88, -0.40, 30.62, -2.73, -55.51
0.33, -0.90, -0.38, 29.25, -9.04, -36.27
0.59, -0.88, -0.34, 18.60, 9.13, -18.62
0.73, -0.81, -0.17, 5.93, 13.06, -10.63
0.74, -0.79, -0.05, -10.87, 6.73, 5.85
0.77, -0.82, -0.00, -29.68, 23.08, 23.91
0.74, -0.84, -0.03, -45.44, 20.16, 29.76
0.53, -0.85, -0.09, -58.22, 21.88, 33.19
0.34, -0.83, -0.16, -62.84, 24.75, 37.70
0.24, -0.81, -0.25, -59.98, 5.17, 38.51
0.18, -0.79, -0.35, -44.35, -25.66, 30.21
0.02, -0.80, -0.47, -20.24, -60.79, 9.45
-0.23, -0.89, -0.58, -2.62, -64.00, -10.89
-0.47, -0.94, -0.59, 9.06, -25.96, -30.26
-0.45, -0.92, -0.49, 21.06, 18.82, -51.71
-0.20, -0.89, -0.42, 30.92, 6.74, -64.00
0.08, -0.91, -0.41, 32.59, -13.93, -54.05
0.43, -0.93, -0.39, 21.26, 9.58, -29.81
0.77, -0.87, -0.22, 8.74, 11.93, -18.62
0.85, -0.80, -0.04, -6.91, -11.37, -2.22
0.84, -0.80, 0.00, -24.74, 11.08, 21.18
0.83, -0.83, -0.03, -38.09, 8.30, 25.08
0.62, -0.85, -0.09, -53.55, 8.83, 33.06
0.36, -0.85, -0.16, -59.29, 7.24, 36.94
0.24, -0.81, -0.25, -56.42, 5.65, 36.17
0.19, -0.79, -0.34, -44.65, -24.96, 31.67
0.09, -0.79, -0.45, -24.32, -42.86, 19.12
-0.10, -0.84, -0.52, -9.30, -64.00, -10.79
-0.37, -0.93, -0.52, -0.28, -47.75, -23.81
-0.38, -0.96, -0.46, 6.72, -3.65, -41.64
-0.19, -0.89, -0.40, 19.41, -2.70, -54.13
0.03, -0.87, -0.41, 22.93, -8.88, -52.42
0.30, -0.90, -0.41, 20.34, -6.05, -40.97
0.51, -0.90, -0.32, 11.72, -1.51, -22.53
0.67, -0.84, -0.18, 3.62, 2.78, -12.20
0.66, -0.78, -0.15, -6.33, -10.04, -6.64
0.57, -0.78, -0.18, -19.96, 6.95, 7.37
0.53, -0.81, -0.19, -27.80, 2.05, 10.40
0.41, -0.83, -0.22, -32.54, 0.79, 11.86
0.28, -0.83, -0.29, -34.73, 0.79, 11.92
0.24, -0.80, -0.33, -30.96, 5.86, 13.57
0.26, -0.78, -0.34, -27.90, 10.63, 13.88
0.31, -0.80, -0.33, -26.65, 11.88, 19.84
0.34, -0.83, -0.31, -24.51, 13.74, 22.00
0.31, -0.87, -0.29, -24.21, 10.69, 22.95
0.27, -0.90, -0.29, -20.95, 1.26, 20.66
0.22, -0.92, -0.33, -15.82, -11.85, 11.02
0.10, -0.95, -0.38, -8.47, -26.83, -5.47
-0.07, -0.97, -0.45, -0.45, -34.46, -21.73
-0.16, -0.95, -0.47, 10.09, -30.44, -39.25
-0.13, -0.93, -0.46, 15.13, -18.23, -49.52
0.02, -0.92, -0.41, 13.97, 4.64, -44.59
0.28, -0.85, -0.31, 0.58, 38.71, -22.73
0.67, -0.79, -0.16, -10.49, 51.00, 2.32
0.95, -0.66, -0.06, -18.00, 27.19, 22.16
0.93, -0.67, -0.11, -26.09, 1.01, 32.51
0.64, -0.77, -0.16, -41.03, -1.53, 37.22
0.34, -0.84, -0.20, -50.77, 15.51, 41.00
0.22, -0.81, -0.25, -53.11, 27.94, 40.91
0.21, -0.76, -0.33, -43.66, 11.21, 37.24
0.15, -0.78, -0.41, -27.60, -18.88, 23.94
-0.00, -0.88, -0.46, -17.79, -28.34, 10.77
-0.20, -1.00, -0.47, -10.85, -21.90, -7.64
-0.29, -0.98, -0.47, -10.40, 26.72, -13.30
-0.06, -0.89, -0.38, -4.92, 42.88, -19.72
0.24, -0.82, -0.31, -5.27, 29.63, -12.96
0.47, -0.82, -0.30, -8.52, 12.22, 0.89
0.55, -0.84, -0.28, -17.21, 0.92, 11.50
0.52, -0.82, -0.26, -23.46, -1.13, 14.19
0.43, -0.80, -0.29, -28.16, 2.19, 10.86
0.33, -0.84, -0.34, -32.91, 5.86, 7.36
0.27, -0.89, -0.41, -38.88, 22.49, 6.96
0.25, -0.91, -0.41, -40.64, 37.20, 6.86
0.25, -0.90, -0.41, -38.37, 38.16, 9.53
0.24, -0.89, -0.44, -30.20, 28.91, 8.30
0.22, -0.90, -0.43, -22.80, 24.16, 4.32
0.15, -0.93, -0.43, -19.19, 16.89, -1.63
0.06, -0.92, -0.42, -14.31, 22.29, -4.82
0.03, -0.87, -0.35, -13.95, 39.92, -9.61
0.10, -0.80, -0.31, -12.56, 42.41, -13.28
0.18, -0.78, -0.28, -13.79, 35.72, -12.85
0.29, -0.79, -0.26, -17.71, 29.05, -4.31
0.37, -0.79, -0.24, -21.62, 20.23, 2.63
0.44, -0.77, -0.25, -22.70, 9.69, 8.97
0.45, -0.77, -0.28, -23.72, 3.06, 12.39
0.40, -0.80, -0.31, -26.48, 11.91, 15.08
0.33, -0.84, -0.32, -28.62, 28.07, 17.62
0.25, -0.86, -0.31, -28.38, 32.36, 17.66
0.19, -0.87, -0.34, -23.89, 19.18, 16.62
0.15, -0.87, -0.39, -14.98, -4.23, 9.38
0.03, -0.87, -0.46, -2.77, -28.26, -3.18
-0.12, -0.87, -0.50, 2.46, -17.71, -12.83
-0.13, -0.85, -0.44, 8.56, 10.65, -23.71
-0.04, -0.83, -0.37, 11.07, 21.91, -29.83
0.12, -0.81, -0.33, 8.05, 22.25, -25.35
0.33, -0.82, -0.29, 2.89, 22.79, -12.77
0.56, -0.82, -0.26, -3.89, 8.34, 0.18
0.70, -0.82, -0.24, -9.54, 8.23, 17.60
0.74, -0.84, -0.23, -19.32, 13.93, 25.26
0.65, -0.86, -0.21, -29.60, 24.90, 34.34
0.51, -0.88, -0.21, -36.44, 24.91, 37.39
0.36, -0.91, -0.27, -32.45, 3.12, 30.98
0.20, -0.96, -0.36, -33.72, -1.40, 29.36
0.01, -0.94, -0.44, -23.62, -22.27, 4.91
-0.25, -0.88, -0.50, -9.08, -32.75, -16.26
-0.37, -0.85, -0.55, -0.97, -13.17, -30.71
-0.30, -0.83, -0.51, 8.37, 3.72, -45.59
-0.15, -0.80, -0.44, 12.75, 17.36, -48.58
0.09, -0.79, -0.39, 10.70, 18.55, -44.88
0.34, -0.78, -0.30, 3.49, 10.58, -31.09
0.62, -0.76, -0.23, -3.43, 7.11, -6.21
0.85, -0.72, -0.25, -9.48, -2.46, 7.90
0.86, -0.72, -0.21, -19.71, 9.21, 27.05
0.78, -0.77, -0.17, -32.50, 24.30, 35.72
0.61, -0.82, -0.19, -45.78, 29.63, 43.42
0.42, -0.80, -0.25, -51.38, 35.54, 50.66
0.33, -0.84, -0.30, -49.27, 0.70, 45.21
0.23, -0.89, -0.36, -34.20, -32.27, 43.23
0.03, -0.93, -0.48, -20.30, -55.76, 18.10
-0.41, -0.93, -0.55, -5.76, -53.06, -14.34
-0.63, -0.92, -0.54, 1.31, 13.81, -30.93
-0.39, -0.91, -0.46, 9.84, 36.39, -49.06
-0.08, -0.88, -0.42, 18.25, 18.54, -53.01
0.21, -0.88, -0.40, 16.96, 5.00, -45.25
0.44, -0.90, -0.33, 10.84, -9.27, -30.84
0.64, -0.84, -0.29, 4.43, -11.97, -8.50
0.84, -0.74, -0.25, -4.87, 15.70, 11.45
0.87, -0.71, -0.15, -16.33, 18.59, 17.42
0.77, -0.77, -0.10, -34.24, 16.93, 30.39
0.56, -0.84, -0.18, -51.40, 22.15, 39.89
0.36, -0.82, -0.25, -58.75, 35.28, 41.29
0.24, -0.79, -0.25, -62.47, 26.68, 44.27
0.21, -0.78, -0.34, -51.57, -10.46, 40.13
0.13, -0.79, -0.44, -28.96, -64.00, 23.11
-0.11, -0.89, -0.58, -6.42, -64.00, 7.86
-0.47, -0.93, -0.67, -0.41, -45.99, -21.11
-0.64, -0.90, -0.59, 9.37, 33.02, -39.90
-0.38, -0.83, -0.47, 22.16, 52.38, -55.20
0.01, -0.83, -0.46, 27.90, 29.34, -56.78
0.26, -0.88, -0.44, 22.13, 5.82, -41.29
0.57, -0.90, -0.33, 11.50, 12.53, -14.22
0.81, -0.81, -0.25, 5.54, 0.30, -2.48
0.85, -0.72, -0.18, -8.28, 13.96, 15.69
0.84, -0.73, -0.09, -21.52, 26.49, 24.01
0.74, -0.80, -0.09, -38.06, 23.25, 35.13
0.48, -0.85, -0.18, -50.39, 26.25, 40.92
0.28, -0.84, -0.25, -56.21, 31.34, 40.72
0.16, -0.82, -0.30, -54.55, 9.43, 40.20
0.12, -0.80, -0.38, -37.62, -19.59, 32.60
0.03, -0.82, -0.49, -16.94, -45.66, 12.15
-0.24, -0.89, -0.55, -1.46, -59.88, -12.38
-0.49, -0.95, -0.56, 3.10, -10.80, -23.25
-0.41, -0.93, -0.49, 12.57, 22.41, -45.37
-0.16, -0.87, -0.44, 21.99, 20.40, -52.30
0.12, -0.88, -0.44, 23.72, 5.55, -48.20
0.38, -0.91, -0.41, 15.74, -0.17, -31.84
0.60, -0.88, -0.30, 3.70, 10.64, -5.07
0.81, -0.78, -0.18, -7.52, 16.37, 8.82
0.90, -0.74, -0.10, -17.30, 16.81, 19.13
0.80, -0.77, -0.11, -34.39, 13.18, 28.10
0.56, -0.84, -0.18, -52.09, 20.17, 36.47
0.32, -0.83, -0.23, -57.40, 35.78, 39.69
0.22, -0.80, -0.27, -59.38, 28.69, 41.13
0.18, -0.80, -0.35, -51.50, -7.23, 39.78
0.09, -0.79, -0.49, -27.55, -41.03, 24.24
-0.15, -0.83, -0.58, -6.24, -64.00, -4.56
-0.52, -0.92, -0.63, 4.50, -41.15, -22.67
-0.58, -0.95, -0.56, 11.63, 22.33, -42.57
-0.37, -0.88, -0.49, 24.44, 29.09, -61.15
-0.06, -0.84, -0.47, 31.28, 16.26, -59.41
0.27, -0.90, -0.46, 27.31, 4.59, -50.84
0.45, -0.91, -0.39, 17.28, -12.58, -37.80
0.66, -0.85, -0.23, 7.05, 16.15, -4.73
0.91, -0.78, -0.17, -5.08, 11.26, 6.01
0.93, -0.74, -0.11, -18.67, 28.86, 22.12
0.82, -0.77, -0.10, -35.17, 29.20, 30.40
0.55, -0.83, -0.15, -53.49, 35.51, 40.14
0.31, -0.82, -0.21, -63.53, 50.61, 45.78
0.23, -0.77, -0.26, -64.00, 32.43, 48.77
0.20, -0.72, -0.37, -48.69, -18.06, 39.74
0.08, -0.74, -0.47, -22.79, -64.00, 20.15
-0.19, -0.85, -0.57, -7.78, -64.00, -0.11
-0.56, -0.91, -0.61, 0.94, -38.46, -22.78
-0.60, -0.89, -0.54, 8.59, 37.72, -37.53
-0.23, -0.86, -0.46, 18.45, 36.85, -49.01
0.11, -0.86, -0.43, 23.55, 21.80, -42.90
0.37, -0.90, -0.42, 19.36, 6.15, -37.01
0.51, -0.92, -0.31, 9.92, -15.08, -23.15
0.67, -0.90, -0.23, -0.72, 2.10, 5.63
0.86, -0.83, -0.20, -12.80, 18.91, 17.35
0.88, -0.80, -0.14, -23.51, 19.83, 22.56
0.70, -0.84, -0.10, -44.41, 22.59, 34.38
0.49, -0.87, -0.15, -59.01, 39.08, 41.76
0.32, -0.83, -0.20, -64.00, 44.44, 42.98
0.24, -0.79, -0.24, -64.00, 9.05, 40.43
0.18, -0.79, -0.37, -45.21, -54.88, 28.20
0.03, -0.83, -0.56, -23.77, -64.00, 15.92
-0.38, -0.84, -0.63, -8.38, -62.23, -17.66
-0.70, -0.84, -0.65, 0.98, 3.01, -32.94
-0.52, -0.82, -0.59, 16.73, 46.46, -47.23
-0.14, -0.81, -0.51, 24.11, 38.59, -50.25
0.20, -0.85, -0.46, 26.82, 19.72, -43.00
0.41, -0.86, -0.41, 19.60, -3.37, -28.12
0.60, -0.84, -0.29, 9.22, 7.00, -3.52
0.78, -0.79, -0.21, -0.77, -0.12, 4.96
0.81, -0.76, -0.16, -16.38, 19.10, 20.99
0.77, -0.84, -0.11, -33.59, 18.57, 26.19
0.58, -0.89, -0.14, -53.62, 24.83, 36.08
0.36, -0.88, -0.21, -64.00, 39.57, 45.65
0.26, -0.81, -0.27, -64.00, 31.21, 43.57
0.22, -0.78, -0.36, -51.00, -24.65, 31.54
0.07, -0.81, -0.48, -27.88, -64.00, 19.00
-0.22, -0.84, -0.63, -7.24, -60.37, -5.43
-0.58, -0.87, -0.66, -1.97, -18.80, -25.89
-0.57, -0.86, -0.56, 10.91, 43.41, -38.37
-0.19, -0.82, -0.48, 22.52, 35.60, -46.79
0.13, -0.84, -0.45, 27.67, 17.57, -40.10
0.35, -0.87, -0.43, 23.47, -1.42, -32.07
0.50, -0.87, -0.34, 13.17, 3.23, -11.65
0.68, -0.83, -0.23, 6.09, 14.49, 1.50
0.75, -0.78, -0.16, -7.80, 13.08, 10.90
0.72, -0.80, -0.13, -21.44, 22.13, 22.63
0.62, -0.87, -0.15, -43.16, 22.00, 31.58
0.45, -0.88, -0.19, -55.84, 28.84, 38.51
0.32, -0.82, -0.23, -58.70, 18.87, 39.53
0.25, -0.79, -0.32, -51.09, -16.77, 32.04
0.08, -0.80, -0.46, -29.93, -52.77, 18.98
-0.17, -0.83, -0.57, -11.99, -46.78, 0.76
-0.46, -0.87, -0.62, -3.33, -20.17, -19.20
-0.49, -0.87, -0.55, 3.98, 36.59, -27.54
-0.16, -0.83, -0.48, 14.21, 31.82, -36.36
0.11, -0.81, -0.44, 19.57, 10.84, -32.50
0.30, -0.84, -0.40, 19.90, -2.58, -28.37
0.40, -0.86, -0.37, 15.12, -4.64, -19.70
0.46, -0.84, -0.32, 3.24, 4.34, -6.08
0.58, -0.82, -0.21, -9.94, 20.32, 10.90
0.72, -0.81, -0.15, -18.46, 15.89, 16.81
0.67, -0.82, -0.19, -29.14, 13.47, 26.19
0.47, -0.86, -0.24, -44.66, 20.04, 31.68
0.31, -0.86, -0.27, -51.31, 27.03, 35.79
0.26, -0.83, -0.32, -46.45, 16.50, 34.32
0.22, -0.85, -0.40, -37.03, -11.94, 26.55
0.04, -0.88, -0.47, -26.14, -23.59, 14.06
-0.20, -0.88, -0.53, -10.97, -22.10, -6.55
-0.41, -0.86, -0.58, -5.17, 6.81, -18.87
-0.35, -0.84, -0.54, 6.57, 31.88, -31.38
-0.10, -0.81, -0.49, 17.98, 13.19, -40.18
0.06, -0.82, -0.45, 21.94, 0.65, -38.86
0.21, -0.87, -0.41, 19.82, -8.57, -40.88
0.30, -0.88, -0.37, 13.81, -6.27, -29.70
0.47, -0.85, -0.30, 5.22, 11.80, -8.90
0.71, -0.81, -0.20, -6.49, 17.59, 5.63
0.79, -0.78, -0.14, -15.55, 18.99, 17.50
0.74, -0.81, -0.14, -27.25, 12.38, 25.53
0.55, -0.86, -0.19, -43.54, 19.28, 33.99
0.33, -0.86, -0.23, -52.95, 32.01, 37.53
0.25, -0.81, -0.26, -51.53, 25.96, 36.67
0.21, -0.82, -0.35, -41.78, -20.17, 26.66
0.07, -0.85, -0.45, -24.96, -45.29, 17.95
-0.23, -0.86, -0.55, -11.23, -48.81, -7.29
-0.53, -0.86, -0.60, -3.50, -12.31, -25.91
-0.48, -0.86, -0.54, 9.31, 30.06, -39.57
-0.17, -0.84, -0.46, 19.11, 13.82, -49.71
0.10, -0.86, -0.41, 22.02, 4.37, -41.47
0.30, -0.88, -0.39, 19.54, -11.54, -37.27
0.44, -0.86, -0.34, 9.65, -5.77, -16.85
0.64, -0.81, -0.25, 2.95, 15.35, -1.10
0.76, -0.75, -0.17, -9.84, 6.14, 10.68
0.74, -0.75, -0.10, -19.38, 13.20, 24.27
0.67, -0.82, -0.12, -40.32, 13.33, 34.81
0.50, -0.85, -0.16, -56.21, 21.30, 44.67
0.36, -0.81, -0.21, -62.39, 26.66, 49.85
0.30, -0.78, -0.30, -60.13, -4.03, 44.82
0.20, -0.80, -0.40, -46.56, -40.40, 35.32
-0.03, -0.83, -0.55, -25.78, -59.79, 18.34
-0.43, -0.84, -0.68, -6.95, -62.37, -18.69
-0.72, -0.85, -0.68, 8.17, 5.65, -30.65
-0.52, -0.87, -0.60, 22.51, 47.17, -51.09
-0.13, -0.90, -0.50, 33.44, 28.33, -60.64
0.14, -0.94, -0.46, 34.35, 1.02, -48.70
0.39, -0.94, -0.44, 26.23, -2.16, -33.63
0.62, -0.88, -0.34, 18.93, 34.76, -16.75
0.73, -0.80, -0.21, 8.90, 7.39, -17.58
0.66, -0.79, -0.14, -5.84, 22.04, 9.23
0.71, -0.83, -0.13, -26.14, 33.87, 17.55
0.66, -0.84, -0.13, -37.81, 24.18, 23.41
0.44, -0.83, -0.17, -47.21, 24.25, 28.71
0.29, -0.83, -0.24, -53.44, 28.82, 31.81
0.20, -0.80, -0.30, -51.00, 15.55, 32.59
0.13, -0.75, -0.36, -35.11, -11.46, 27.63
0.04, -0.76, -0.43, -20.02, -26.77, 17.99
-0.14, -0.83, -0.48, -8.08, -34.34, -3.64
-0.30, -0.90, -0.47, -5.86, -16.39, -13.08
-0.27, -0.90, -0.44, 0.94, 16.69, -22.69
-0.09, -0.84, -0.42, 9.58, 11.87, -31.97
0.10, -0.82, -0.41, 14.96, 1.75, -30.29
0.25, -0.86, -0.40, 12.79, -7.16, -25.84
0.36, -0.89, -0.35, 4.88, -1.95, -14.21
0.49, -0.86, -0.29, -1.98, 7.40, -0.72
0.62, -0.83, -0.23, -12.07, 12.25, 10.51
0.68, -0.83, -0.19, -21.94, 15.86, 18.40
0.61, -0.87, -0.20, -35.09, 18.64, 27.41
0.47, -0.89, -0.23, -44.91, 27.12, 33.86
0.34, -0.85, -0.29, -47.57, 29.12, 35.10
0.25, -0.83, -0.36, -41.30, 5.37, 27.19
0.08, -0.84, -0.45, -31.28, -22.55, 18.23
-0.17, -0.85, -0.53, -12.37, -28.93, -2.19
-0.36, -0.88, -0.59, -2.20, -21.08, -22.40
-0.42, -0.89, -0.56, 5.34, 18.53, -35.21
-0.24, -0.86, -0.49, 12.50, 29.61, -44.98
0.00, -0.84, -0.41, 16.93, 22.40, -47.28
0.23, -0.85, -0.38, 15.61, 4.13, -41.57
0.41, -0.86, -0.34, 6.70, 4.40, -23.23
0.59, -0.83, -0.26, 3.45, 4.85, -15.99
0.67, -0.80, -0.21, -6.65, 1.92, 2.49
0.71, -0.80, -0.18, -18.21, 21.55, 17.64
0.72, -0.82, -0.15, -28.79, 22.76, 22.76
0.57, -0.85, -0.16, -41.33, 26.06, 30.24
0.37, -0.85, -0.21, -50.64, 37.82, 36.37
0.28, -0.83, -0.24, -55.87, 37.53, 38.56
0.24, -0.81, -0.30, -54.32, 7.28, 38.50
0.17, -0.79, -0.38, -33.13, -56.08, 21.11
-0.03, -0.82, -0.48, -10.46, -64.00, 10.33
-0.33, -0.87, -0.61, 1.05, -52.77, -19.78
-0.60, -0.90, -0.59, 4.79, 11.62, -35.68
-0.45, -0.86, -0.48, 14.35, 43.91, -48.33
-0.02, -0.83, -0.43, 20.33, 32.12, -48.22
0.31, -0.86, -0.40, 20.70, 2.27, -36.70
0.52, -0.87, -0.34, 13.55, -5.86, -19.97
0.67, -0.85, -0.26, 10.84, -2.16, -4.87
0.73, -0.80, -0.24, -0.65, 5.73, 7.46
0.72, -0.82, -0.18, -14.17, 23.25, 17.83
0.65, -0.85, -0.17, -27.98, 28.95, 24.75
0.47, -0.87, -0.20, -43.64, 37.71, 32.07
0.32, -0.84, -0.24, -51.79, 44.76, 35.24
0.27, -0.80, -0.28, -49.86, 20.24, 30.91
0.23, -0.82, -0.33, -38.04, -30.55, 27.19
0.05, -0.83, -0.45, -21.95, -57.63, 12.61
-0.26, -0.82, -0.58, -3.87, -56.25, -13.67
-0.54, -0.82, -0.63, 5.32, -7.49, -29.49
-0.50, -0.82, -0.53, 18.00, 25.41, -49.17
-0.22, -0.84, -0.44, 25.70, 23.31, -55.91
0.10, -0.89, -0.40, 24.65, 6.69, -43.33
0.44, -0.89, -0.34, 18.89, 10.22, -23.15
0.71, -0.83, -0.25, 18.24, -4.47, -15.42
0.79, -0.80, -0.21, 6.64, 2.34, 0.82
0.76, -0.83, -0.16, -12.82, 20.39, 15.93
0.70, -0.87, -0.12, -25.90, 32.12, 21.62
0.58, -0.89, -0.14, -40.61, 33.47, 27.88
0.39, -0.88, -0.19, -48.48, 35.91, 31.76
0.29, -0.84, -0.25, -52.17, 43.56, 36.38
0.28, -0.81, -0.28, -54.31, 30.77, 37.09
0.24, -0.79, -0.31, -48.35, -13.31, 34.38
0.17, -0.78, -0.35, -30.30, -43.22, 29.28
0.01, -0.84, -0.41, -20.11, -46.72, 11.05
-0.26, -0.89, -0.46, -12.22, -39.79, -8.08
-0.41, -0.89, -0.52, -8.25, 0.21, -16.92
-0.22, -0.87, -0.50, 1.86, 12.56, -27.07
0.03, -0.84, -0.45, 13.42, -4.17, -32.09
0.15, -0.85, -0.43, 19.54, -18.17, -35.81
0.20, -0.90, -0.42, 19.16, -17.56, -36.46
0.25, -0.91, -0.40, 13.94, -6.18, -29.22
0.39, -0.88, -0.32, 5.78, 6.60, -20.82
0.55, -0.84, -0.26, -4.78, 6.19, -1.03
0.71, -0.80, -0.19, -16.20, 23.01, 16.31
0.75, -0.79, -0.15, -24.90, 17.16, 19.69
0.59, -0.82, -0.19, -38.04, 19.98, 29.68
0.39, -0.84, -0.23, -49.22, 33.12, 34.16
0.26, -0.81, -0.27, -54.54, 48.75, 38.79
0.27, -0.79, -0.29, -57.62, 31.36, 41.30
0.27, -0.78, -0.34, -46.20, -19.17, 36.96
0.15, -0.79, -0.42, -25.03, -64.00, 23.86
-0.12, -0.85, -0.55, -7.03, -64.00, 6.91
-0.47, -0.89, -0.63, -0.28, -35.64, -24.27
-0.62, -0.90, -0.56, 7.25, 25.74, -36.86
-0.32, -0.88, -0.46, 18.17, 31.68, -51.99
0.04, -0.89, -0.43, 27.61, 13.57, -53.20
0.24, -0.92, -0.42, 25.33, -11.23, -46.74
0.42, -0.93, -0.35, 16.92, -0.87, -26.49
0.65, -0.88, -0.27, 12.62, 5.35, -18.22
0.74, -0.81, -0.20, 1.66, 7.61, 0.55
0.76, -0.80, -0.13, -14.15, 22.04, 16.53
0.74, -0.82, -0.11, -27.71, 24.37, 22.53
0.56, -0.86, -0.15, -44.14, 28.12, 29.66
0.35, -0.84, -0.20, -53.62, 41.33, 33.28
0.23, -0.81, -0.24, -59.29, 41.41, 36.27
0.22, -0.78, -0.29, -55.55, 15.61, 38.52
0.21, -0.76, -0.38, -36.06, -32.21, 29.67
0.07, -0.79, -0.45, -17.54, -64.00, 11.87
-0.25, -0.87, -0.53, -3.41, -61.62, -3.39
-0.48, -0.90, -0.57, -1.38, -11.47, -20.44
-0.45, -0.87, -0.51, 6.36, 25.48, -34.99
-0.17, -0.81, -0.45, 17.97, 21.05, -41.84
0.13, -0.82, -0.43, 25.02, -3.33, -43.54
0.31, -0.88, -0.41, 23.25, -17.47, -38.17
0.39, -0.91, -0.36, 15.88, -4.02, -23.49
0.53, -0.88, -0.28, 8.04, 3.53, -16.17
0.64, -0.85, -0.22, -3.00, 15.63, 1.74
0.73, -0.84, -0.17, -16.50, 30.56, 14.41
0.70, -0.85, -0.16, -27.26, 27.51, 19.63
0.51, -0.90, -0.16, -42.65, 33.85, 27.07
0.36, -0.90, -0.20, -52.35, 42.59, 30.96
0.27, -0.85, -0.25, -56.06, 48.09, 33.52
0.27, -0.80, -0.30, -55.72, 24.45, 36.44
0.24, -0.76, -0.37, -44.51, -18.83, 32.86
0.10, -0.76, -0.44, -23.83, -63.71, 13.39
-0.15, -0.84, -0.53, -7.09, -61.44, 2.33
-0.43, -0.90, -0.62, -1.93, -29.82, -24.08
-0.58, -0.88, -0.56, 8.24, 25.43, -42.17
-0.36, -0.83, -0.47, 18.56, 35.46, -56.11
0.02, -0.86, -0.43, 23.96, 22.74, -55.34
0.30, -0.90, -0.42, 23.46, 2.86, -42.57
0.51, -0.89, -0.36, 17.38, 6.09, -26.84
0.66, -0.86, -0.25, 11.24, 5.45, -11.89
0.78, -0.83, -0.17, -1.90, 19.19, 8.21
0.84, -0.83, -0.10, -16.52, 30.30, 21.08
0.77, -0.85, -0.08, -30.42, 29.88, 28.90
0.55, -0.87, -0.11, -47.67, 35.39, 38.74
0.37, -0.85, -0.18, -58.44, 49.83, 41.29
0.25, -0.79, -0.23, -64.00, 30.92, 41.93
0.19, -0.74, -0.32, -56.02, -8.45, 37.73
0.11, -0.73, -0.44, -32.77, -58.30, 20.27
-0.13, -0.81, -0.53, -16.39, -64.00, 3.54
-0.42, -0.89, -0.59, -5.70, -40.34, -19.26
-0.54, -0.91, -0.55, -1.81, 23.69, -30.60
-0.27, -0.87, -0.48, 7.02, 45.93, -38.65
0.10, -0.84, -0.44, 16.76, 30.25, -35.39
0.37, -0.84, -0.43, 23.22, -0.78, -30.85
0.43, -0.86, -0.40, 23.16, -16.42, -25.21
0.43, -0.87, -0.36, 17.09, -9.57, -18.67
0.43, -0.85, -0.30, 10.91, -2.87, -16.62
0.43, -0.83, -0.26, 1.20, 4.13, -9.05
0.44, -0.82, -0.21, -10.73, 23.46, 2.93
0.50, -0.82, -0.15, -19.12, 34.30, 9.19
0.50, -0.84, -0.15, -25.36, 36.23, 17.56
0.43, -0.87, -0.19, -33.73, 37.97, 23.32
0.36, -0.87, -0.21, -38.17, 37.12, 25.93
0.32, -0.84, -0.24, -40.79, 32.67, 29.24
0.29, -0.83, -0.28, -39.78, 9.24, 30.65
0.22, -0.82, -0.32, -30.97, -25.54, 23.00
0.10, -0.84, -0.37, -16.00, -47.49, 15.82
-0.03, -0.88, -0.46, -4.43, -54.92, -3.01
-0.25, -0.91, -0.53, 2.83, -26.10, -17.10
-0.32, -0.91, -0.51, 6.16, 12.66, -35.04
-0.17, -0.88, -0.44, 14.84, 26.12, -46.09
0.03, -0.88, -0.41, 18.33, 16.26, -45.79
0.29, -0.91, -0.40, 18.50, 0.68, -36.64
0.47, -0.90, -0.35, 13.74, -5.62, -20.43
0.62, -0.85, -0.26, 5.79, 3.10, -4.71
0.71, -0.81, -0.16, -7.51, 22.79, 10.37
0.75, -0.81, -0.08, -20.70, 29.39, 18.30
0.67, -0.84, -0.08, -36.32, 29.84, 27.98
0.50, -0.88, -0.13, -53.24, 33.50, 34.05
0.34, -0.81, -0.19, -63.37, 35.21, 37.27
0.24, -0.78, -0.27, -62.30, 13.54, 39.35
0.19, -0.73, -0.37, -45.24, -30.53, 30.74
0.05, -0.78, -0.44, -22.37, -64.00, 11.50
-0.17, -0.87, -0.53, -6.12, -64.00, -1.99
-0.44, -0.92, -0.59, -2.89, -32.46, -25.71
-0.50, -0.89, -0.52, 5.97, 27.49, -43.19
-0.28, -0.83, -0.45, 15.24, 50.28, -51.86
0.14, -0.85, -0.41, 21.91, 31.37, -48.58
0.42, -0.91, -0.37, 19.37, 3.10, -31.52
0.64, -0.92, -0.30, 15.00, 0.26, -15.49
0.74, -0.89, -0.24, 6.89, -11.06, -6.85
0.73, -0.86, -0.17, -6.87, 12.71, 9.96
0.72, -0.86, -0.14, -21.43, 27.34, 14.36
0.60, -0.87, -0.13, -34.74, 29.85, 20.46
0.43, -0.88, -0.15, -48.11, 34.97, 27.87
0.29, -0.86, -0.21, -54.43, 31.32, 28.22
0.20, -0.80, -0.29, -48.40, 5.71, 28.39
0.09, -0.75, -0.38, -34.41, -35.14, 18.54
-0.04, -0.77, -0.44, -12.88, -64.00, 1.04
-0.22, -0.85, -0.49, -1.38, -64.00, -11.59
-0.36, -0.88, -0.46, 3.56, -23.77, -31.49
-0.36, -0.85, -0.41, 12.55, 6.84, -48.90
-0.14, -0.83, -0.40, 19.13, 13.69, -53.31
0.19, -0.87, -0.38, 18.06, -12.70, -45.91
0.47, -0.91, -0.36, 15.71, -15.45, -13.73
0.76, -0.85, -0.35, 15.30, 2.21, -3.91
0.80, -0.78, -0.27, 9.75, -10.26, -5.29
0.66, -0.80, -0.13, -6.36, 12.14, 16.23
0.61, -0.87, -0.16, -24.26, 37.21, 20.55
0.52, -0.86, -0.20, -36.47, 39.01, 23.60
0.37, -0.83, -0.24, -45.56, 42.54, 30.49
0.30, -0.82, -0.28, -48.96, 40.18, 32.18
0.28, -0.81, -0.32, -48.03, 21.41, 35.02
0.24, -0.79, -0.36, -38.28, -4.94, 33.20
0.17, -0.80, -0.39, -27.83, -27.04, 27.75
0.03, -0.85, -0.41, -15.63, -41.44, 10.12
-0.15, -0.92, -0.45, -6.93, -39.58, -6.01
-0.29, -0.94, -0.49, -3.78, -8.05, -18.87
-0.25, -0.90, -0.45, 6.81, 13.42, -34.04
-0.07, -0.86, -0.42, 20.46, 4.78, -46.07
0.11, -0.90, -0.42, 25.04, -20.68, -51.80
0.19, -0.94, -0.42, 24.81, -25.76, -43.78
0.33, -0.93, -0.39, 20.06, -6.22, -33.47
0.48, -0.87, -0.31, 12.00, 10.32, -24.57
0.61, -0.82, -0.21, -0.74, 21.43, -6.03
0.73, -0.81, -0.10, -15.65, 29.66, 10.84
0.76, -0.80, -0.07, -25.14, 29.64, 18.67
0.62, -0.80, -0.13, -38.11, 26.68, 23.32
0.40, -0.81, -0.19, -48.46, 31.74, 28.98
0.26, -0.79, -0.25, -51.59, 34.97, 30.26
0.22, -0.78, -0.30, -49.06, 18.92, 31.74
0.20, -0.78, -0.35, -35.79, -13.77, 28.33
0.12, -0.81, -0.41, -20.69, -47.25, 15.70
-0.07, -0.88, -0.48, -6.75, -50.27, -1.61
-0.27, -0.92, -0.52, -0.86, -26.50, -18.03
-0.35, -0.92, -0.48, 7.11, 15.43, -32.42
-0.21, -0.87, -0.43, 20.23, 19.56, -48.56
0.02, -0.89, -0.40, 24.92, 0.83, -52.80
0.27, -0.94, -0.38, 22.26, -12.52, -39.85
0.48, -0.92, -0.35, 13.92, 0.38, -18.55
0.71, -0.82, -0.23, 5.32, 16.68, -8.16
0.77, -0.76, -0.12, -4.50, 5.90, 3.82
0.76, -0.79, -0.07, -19.19, 21.26, 20.19
0.66, -0.82, -0.10, -34.11, 27.82, 25.23
0.46, -0.84, -0.15, -45.61, 30.54, 29.09
0.27, -0.82, -0.22, -48.52, 23.08, 31.18
0.21, -0.81, -0.31, -42.09, 2.41, 29.79
0.17, -0.82, -0.38, -29.40, -28.02, 20.62
0.04, -0.85, -0.46, -9.41, -46.63, 3.80
-0.15, -0.93, -0.49, 0.05, -41.78, -14.63
-0.32, -0.96, -0.47, 4.62, -1.22, -29.54
-0.29, -0.95, -0.43, 13.51, 19.44, -47.10
-0.09, -0.91, -0.40, 19.15, 18.65, -52.16
0.20, -0.91, -0.37, 14.23, 16.30, -39.46
0.50, -0.89, -0.29, 4.35, 18.38, -20.72
0.73, -0.81, -0.19, 1.77, 5.26, -12.77
0.77, -0.74, -0.15, -6.96, -11.84, -1.49
0.67, -0.75, -0.13, -22.07, 7.75, 13.10
0.58, -0.79, -0.14, -32.44, 21.44, 17.11
0.43, -0.81, -0.19, -39.65, 30.93, 20.35
0.29, -0.83, -0.25, -43.04, 29.24, 21.81
0.22, -0.84, -0.33, -37.81, 10.47, 18.91
0.18, -0.84, -0.39, -24.89, -13.90, 13.71
0.08, -0.87, -0.44, -9.45, -33.86, 1.99
-0.08, -0.92, -0.47, 3.56, -36.67, -15.51
-0.23, -0.95, -0.48, 13.94, -19.34, -35.53
-0.24, -0.96, -0.44, 18.71, -2.36, -52.03
-0.06, -0.95, -0.39, 15.33, 12.43, -48.65
0.31, -0.91, -0.30, 5.84, 43.05, -26.79
0.70, -0.80, -0.21, 5.88, 14.64, -23.48
0.76, -0.74, -0.16, -4.32, 1.28, -6.72
0.74, -0.76, -0.12, -19.24, 6.40, 8.58
0.71, -0.79, -0.09, -32.04, 20.85, 20.26
0.61, -0.77, -0.15, -40.28, 27.31, 23.73
0.46, -0.77, -0.21, -48.18, 27.93, 29.82
0.35, -0.79, -0.25, -46.28, 21.35, 33.88
0.29, -0.82, -0.30, -36.78, -2.32, 30.16
0.18, -0.87, -0.36, -23.83, -27.11, 19.65
0.03, -0.95, -0.41, -12.30, -39.53, 4.92
-0.15, -0.98, -0.46, -1.73, -30.80, -15.68
-0.23, -0.97, -0.44, 2.80, 4.76, -30.33
-0.13, -0.93, -0.38, 9.30, 15.63, -43.32
0.06, -0.89, -0.34, 14.50, 6.01, -46.23
0.26, -0.90, -0.32, 12.77, -15.33, -41.59
0.43, -0.89, -0.29, 6.52, -17.54, -29.18
0.59, -0.83, -0.26, 0.29, -12.06, -15.32
0.66, -0.74, -0.21, -7.00, -7.72, -4.61
0.65, -0.69, -0.15, -19.28, 0.30, 9.20
0.63, -0.70, -0.14, -25.02, 7.46, 17.43
0.53, -0.73, -0.20, -34.99, 13.56, 22.37
0.37, -0.77, -0.25, -38.84, 17.73, 26.71
0.31, -0.78, -0.30, -38.95, 13.54, 29.76
0.30, -0.79, -0.33, -33.08, -3.67, 28.97
0.25, -0.83, -0.36, -23.62, -24.05, 23.55
0.16, -0.91, -0.38, -13.75, -29.20, 13.99
0.02, -0.99, -0.41, -7.23, -20.20, -1.00
-0.09, -1.02, -0.43, -5.68, 0.20, -12.46
-0.06, -1.00, -0.40, 2.19, 14.00, -24.49
0.08, -0.96, -0.36, 7.81, 7.46, -34.82
0.22, -0.95, -0.35, 8.40, -4.45, -34.46
0.34, -0.93, -0.31, 3.86, -3.33, -25.96
0.48, -0.87, -0.26, -5.60, 5.34, -14.62
0.61, -0.79, -0.17, -15.85, 12.07, 1.62
0.70, -0.72, -0.12, -24.52, 14.65, 13.88
0.66, -0.70, -0.13, -30.96, 7.60, 20.11
0.55, -0.73, -0.19, -41.53, 11.73, 28.79
0.42, -0.77, -0.25, -48.12, 18.74, 33.72
0.36, -0.76, -0.28, -46.62, 18.69, 37.59
0.33, -0.76, -0.32, -34.16, -6.94, 34.59
0.24, -0.82, -0.44, -22.50, -23.47, 29.61
0.07, -0.92, -0.43, -18.36, -22.60, 17.89
-0.13, -0.95, -0.43, -10.93, -12.01, -0.80
-0.21, -0.94, -0.46, -5.58, 8.30, -13.56
-0.09, -0.94, -0.40, -5.26, 29.35, -19.25
0.14, -0.90, -0.34, -3.46, 22.62, -19.87
0.34, -0.84, -0.30, -5.68, 12.71, -10.63
0.49, -0.82, -0.26, -10.74, 3.36, -0.52
0.55, -0.80, -0.22, -17.96, 4.75, 12.94
0.59, -0.79, -0.20, -25.18, 7.21, 21.23
0.59, -0.79, -0.21, -30.13, 3.80, 28.33
0.50, -0.80, -0.27, -28.90, -4.56, 27.27
0.33, -0.82, -0.36, -28.11, -2.80, 26.67
0.17, -0.86, -0.39, -29.20, 14.54, 20.86
0.06, -0.88, -0.38, -26.32, 18.34, 12.60
0.03, -0.87, -0.41, -20.79, 13.81, 4.92
0.06, -0.87, -0.44, -14.18, 6.53, 0.12
0.07, -0.89, -0.44, -11.87, 6.60, -4.33
0.11, -0.90, -0.40, -12.41, 18.39, -2.94
0.20, -0.87, -0.34, -13.15, 18.83, -3.42
0.30, -0.82, -0.31, -14.51, 14.96, 0.06
0.37, -0.81, -0.30, -17.96, 12.67, 5.82
0.42, -0.82, -0.30, -21.17, 7.65, 9.59
0.41, -0.83, -0.32, -22.98, 7.72, 14.11
0.37, -0.83, -0.33, -27.88, 21.13, 17.13
0.34, -0.84, -0.31, -29.06, 35.86, 18.92
0.33, -0.85, -0.29, -33.59, 39.18, 24.17
0.29, -0.89, -0.31, -32.69, 26.04, 23.35
0.22, -0.89, -0.35, -25.39, 6.17, 19.62
0.10, -0.88, -0.38, -17.71, -3.35, 10.11
-0.03, -0.90, -0.41, -6.38, -15.42, -5.00
-0.13, -0.93, -0.43, -4.69, -5.40, -9.14
-0.13, -0.90, -0.40, 0.29, 9.70, -19.26
-0.04, -0.84, -0.36, 3.97, 15.61, -25.68
0.08, -0.81, -0.33, 5.88, 12.42, -27.26
0.20, -0.82, -0.31, 2.54, 4.99, -23.64
0.31, -0.84, -0.28, -2.63, 2.06, -15.09
0.47, -0.84, -0.25, -7.51, -2.56, -0.02
0.62, -0.80, -0.25, -13.66, -3.79, 15.88
0.69, -0.77, -0.25, -19.00, 4.13, 26.77
0.65, -0.78, -0.24, -28.84, 7.35, 34.52
0.51, -0.80, -0.26, -37.64, 8.86, 41.07
0.36, -0.82, -0.30, -36.73, 1.04, 42.92
0.24, -0.84, -0.38, -29.90, -16.06, 38.72
0.07, -0.87, -0.47, -17.48, -25.90, 24.02
-0.25, -0.90, -0.52, -4.63, -41.91, -2.09
-0.51, -0.93, -0.54, 2.12, -8.88, -20.86
-0.43, -0.94, -0.49, 4.09, 34.59, -35.89
-0.16, -0.92, -0.41, 10.40, 34.87, -46.26
0.12, -0.88, -0.38, 12.27, 23.65, -41.96
0.35, -0.90, -0.35, 6.32, 9.48, -32.09
0.52, -0.90, -0.27, -1.26, -7.40, -17.29
0.66, -0.84, -0.24, -10.39, -4.81, 7.25
0.75, -0.75, -0.24, -17.74, 7.51, 15.35
0.72, -0.72, -0.19, -25.39, 12.03, 19.71
0.54, -0.74, -0.18, -38.65, 19.59, 28.15
0.38, -0.77, -0.24, -49.52, 29.16, 36.24
0.26, -0.76, -0.28, -53.25, 31.34, 41.79
0.23, -0.75, -0.30, -45.30, 3.05, 38.06
0.22, -0.80, -0.35, -31.14, -42.37, 34.42
0.09, -0.86, -0.48, -12.82, -62.99, 23.65
-0.20, -0.86, -0.54, 1.23, -44.48, -5.72
-0.45, -0.93, -0.51, 1.61, 3.55, -17.16
-0.36, -0.97, -0.45, 4.45, 46.19, -26.38
-0.05, -0.92, -0.40, 11.93, 40.12, -31.84
0.18, -0.88, -0.36, 13.38, 25.80, -32.96
0.32, -0.91, -0.31, 7.50, 7.17, -28.27
0.43, -0.93, -0.27, 0.66, -1.06, -15.90
0.53, -0.90, -0.25, -7.75, -1.22, -3.13
0.63, -0.86, -0.23, -17.99, 7.27, 10.85
0.66, -0.84, -0.21, -26.28, 13.21, 18.10
0.56, -0.84, -0.21, -40.00, 18.66, 24.61
0.41, -0.83, -0.23, -49.08, 26.33, 32.78
0.30, -0.80, -0.26, -50.02, 20.49, 31.46
0.21, -0.80, -0.33, -40.39, -22.34, 25.00
0.05, -0.81, -0.50, -21.47, -38.35, 20.33
-0.17, -0.83, -0.59, -8.82, -31.60, -4.07
-0.42, -0.86, -0.54, -5.15, -5.51, -19.03
-0.40, -0.87, -0.46, -2.17, 37.66, -26.29
-0.08, -0.83, -0.40, 4.32, 30.17, -32.30
0.18, -0.82, -0.37, 7.21, 7.61, -29.40
0.32, -0.84, -0.37, 6.63, -8.58, -22.74
0.37, -0.85, -0.35, 1.49, -4.81, -14.22
0.42, -0.83, -0.31, -4.83, -0.63, -5.94
0.49, -0.81, -0.26, -12.57, 4.37, 5.04
0.56, -0.81, -0.22, -19.80, 12.81, 15.99
0.57, -0.83, -0.22, -30.57, 15.90, 23.21
0.49, -0.85, -0.23, -39.93, 20.18, 31.47
0.37, -0.84, -0.27, -42.46, 12.87, 31.87
0.27, -0.83, -0.31, -39.70, -9.45, 28.53
0.14, -0.85, -0.41, -22.61, -32.42, 20.00
-0.05, -0.88, -0.51, -12.65, -38.32, 2.04
-0.33, -0.91, -0.55, -3.84, -17.22, -14.82
-0.41, -0.91, -0.52, 1.11, 24.46, -28.70
-0.21, -0.88, -0.47, 11.11, 26.34, -38.31
0.02, -0.87, -0.42, 16.92, 12.65, -37.55
0.22, -0.89, -0.39, 16.13, 4.42, -34.17
0.31, -0.87, -0.37, 12.49, 3.39, -29.87
0.39, -0.83, -0.33, 5.72, 7.62, -21.18
0.49, -0.80, -0.26, -6.04, 14.56, -3.33
0.62, -0.78, -0.18, -15.66, 18.95, 10.60
0.68, -0.76, -0.16, -21.22, 13.78, 14.85
0.58, -0.79, -0.21, -32.46, 12.09, 22.83
0.41, -0.84, -0.25, -41.82, 20.01, 30.38
0.28, -0.83, -0.26, -43.57, 25.80, 32.96
0.25, -0.82, -0.30, -38.84, 15.40, 31.32
0.20, -0.84, -0.35, -33.12, -10.99, 25.97
0.05, -0.88, -0.41, -20.14, -30.27, 17.54
-0.13, -0.90, -0.46, -9.38, -27.73, -3.30
-0.34, -0.91, -0.51, -4.90, -8.84, -17.46
-0.32, -0.90, -0.49, 2.29, 19.67, -29.48
-0.10, -0.86, -0.44, 12.81, 9.86, -41.72
0.07, -0.86, -0.42, 16.72, -3.95, -41.26
0.25, -0.89, -0.41, 16.82, -11.72, -35.59
0.34, -0.88, -0.40, 12.72, 1.56, -26.60
0.46, -0.83, -0.34, 0.89, 11.66, -12.91
0.60, -0.79, -0.22, -9.36, 18.91, 3.06
0.73, -0.77, -0.15, -17.78, 13.22, 15.93
0.71, -0.78, -0.17, -26.74, 2.72, 23.24
0.52, -0.83, -0.22, -41.06, 8.88, 32.54
0.33, -0.83, -0.26, -46.66, 20.41, 32.49
0.22, -0.80, -0.28, -45.64, 21.66, 32.91
0.18, -0.82, -0.34, -39.34, -6.07, 27.43
0.08, -0.86, -0.42, -25.81, -30.04, 20.33
-0.11, -0.89, -0.49, -14.43, -35.93, 1.54
-0.35, -0.90, -0.53, -3.04, -20.00, -17.81
-0.42, -0.90, -0.52, 6.41, 16.07, -35.47
-0.26, -0.88, -0.48, 17.38, 12.08, -49.98
-0.08, -0.89, -0.45, 23.38, 1.37, -53.19
0.15, -0.91, -0.44, 20.99, -5.34, -42.63
0.37, -0.88, -0.38, 15.40, 8.36, -30.78
0.55, -0.82, -0.30, 15.48, -0.98, -32.28
0.58, -0.79, -0.25, 9.01, -17.12, -22.61
0.56, -0.81, -0.24, -4.33, 5.22, -6.29
0.57, -0.84, -0.20, -21.77, 26.29, 5.28
0.59, -0.82, -0.15, -29.65, 37.52, 14.89
0.58, -0.79, -0.19, -33.96, 20.21, 19.98
0.45, -0.81, -0.25, -35.57, 4.36, 22.51
0.27, -0.83, -0.29, -36.33, 0.82, 20.99
0.16, -0.84, -0.33, -33.89, -4.29, 18.56
0.07, -0.85, -0.38, -24.87, -18.51, 10.72
-0.06, -0.82, -0.47, -7.91, -38.41, -3.97
-0.22, -0.83, -0.51, 4.47, -34.29, -23.21
-0.32, -0.88, -0.47, 11.28, -22.63, -40.32
-0.26, -0.91, -0.43, 16.23, -2.43, -46.46
0.04, -0.91, -0.39, 13.04, 20.68, -38.21
0.37, -0.88, -0.31, 7.26, 12.26, -31.23
0.63, -0.83, -0.22, -0.73, 6.05, -10.95
0.79, -0.78, -0.14, -7.48, 0.27, 6.23
0.81, -0.78, -0.12, -19.72, 14.89, 21.64
0.74, -0.82, -0.15, -30.90, 24.07, 28.18
0.54, -0.85, -0.20, -42.82, 22.31, 34.48
0.37, -0.81, -0.25, -48.72, 28.53, 39.89
0.31, -0.79, -0.30, -47.93, 25.31, 39.01
0.25, -0.82, -0.35, -40.02, -4.61, 32.75
0.12, -0.86, -0.41, -29.41, -20.86, 27.82
-0.05, -0.89, -0.45, -18.68, -23.99, 10.89
-0.25, -0.91, -0.47, -8.64, -17.96, -10.49
-0.31, -0.91, -0.52, -2.07, 4.13, -19.19
-0.16, -0.92, -0.49, 6.05, 21.33, -28.28
0.04, -0.90, -0.44, 13.75, 8.44, -34.57
0.15, -0.88, -0.41, 18.74, 5.05, -34.95
0.24, -0.89, -0.39, 15.75, 0.66, -34.24
0.30, -0.88, -0.36, 10.24, 6.20, -28.64
0.40, -0.85, -0.31, 2.21, 9.06, -18.12
0.52, -0.81, -0.25, -7.59, 11.74, -3.17
0.64, -0.77, -0.17, -20.18, 20.29, 10.71
0.70, -0.76, -0.13, -28.92, 23.76, 22.61
0.64, -0.77, -0.16, -41.41, 22.65, 33.02
0.50, -0.78, -0.21, -48.18, 30.34, 39.23
0.36, -0.77, -0.25, -50.71, 35.76, 40.41
0.27, -0.79, -0.27, -49.62, 8.74, 40.11
0.19, -0.84, -0.34, -36.59, -20.96, 35.02
0.04, -0.88, -0.44, -22.35, -48.02, 21.43
-0.23, -0.89, -0.50, -11.90, -51.18, -5.71
-0.47, -0.91, -0.52, -4.34, -23.50, -24.88
-0.37, -0.93, -0.48, 1.92, 9.67, -38.08
-0.11, -0.90, -0.45, 12.99, 0.21, -48.99
0.07, -0.87, -0.44, 21.99, -2.07, -51.23
0.22, -0.91, -0.43, 19.88, -19.99, -51.64
0.32, -0.93, -0.41, 17.27, -16.19, -40.63
0.48, -0.89, -0.37, 11.76, -6.18, -26.12
0.64, -0.82, -0.31, 2.59, 21.04, -4.08
0.76, -0.76, -0.20, -12.95, 31.09, 8.68
0.80, -0.75, -0.10, -23.69, 40.29, 23.92
0.73, -0.77, -0.11, -37.67, 33.50, 33.42
0.54, -0.79, -0.16, -50.73, 38.91, 41.70
0.35, -0.78, -0.20, -56.99, 47.29, 46.48
0.27, -0.76, -0.25, -54.97, 31.30, 44.63
0.22, -0.77, -0.31, -42.81, -11.18, 36.70
0.07, -0.81, -0.40, -27.77, -43.86, 29.94
-0.10, -0.85, -0.46, -13.20, -40.28, 13.24
-0.32, -0.90, -0.49, -5.77, -30.31, -13.07
-0.41, -0.94, -0.48, -1.39, 4.67, -20.66
-0.20, -0.92, -0.45, 5.77, 23.55, -30.90
0.04, -0.88, -0.41, 12.85, 13.52, -36.27
0.24, -0.87, -0.39, 17.15, 0.07, -35.54
0.34, -0.90, -0.39, 16.28, -13.52, -31.62
0.39, -0.90, -0.38, 11.88, -9.26, -23.40
0.47, -0.85, -0.35, 7.83, 2.66, -11.65
0.58, -0.86, -0.27, -5.17, 14.42, 3.21
0.68, -0.85, -0.18, -17.35, 28.49, 18.83
0.73, -0.84, -0.16, -30.03, 24.38, 27.40
0.59, -0.82, -0.17, -42.92, 21.65, 32.01
0.41, -0.81, -0.21, -51.49, 27.94, 35.21
0.30, -0.80, -0.26, -56.37, 26.47, 34.83
0.21, -0.79, -0.32, -50.88, 0.71, 31.30
0.08, -0.78, -0.43, -32.97, -28.12, 18.38
-0.11, -0.82, -0.51, -22.95, -45.45, 1.36
-0.33, -0.88, -0.54, -8.65, -30.82, -18.65
-0.43, -0.89, -0.54, -2.06, 12.98, -27.76
-0.23, -0.85, -0.49, 8.66, 40.07, -39.09
0.03, -0.83, -0.43, 15.59, 35.17, -39.82
0.26, -0.85, -0.38, 17.33, 24.49, -31.69
0.44, -0.86, -0.32, 10.21, 14.38, -20.35
0.58, -0.85, -0.22, 0.73, 6.84, -4.59
0.71, -0.84, -0.17, -11.04, 8.91, 13.40
0.79, -0.83, -0.18, -20.26, 11.13, 21.34
0.68, -0.82, -0.17, -33.77, 15.65, 27.00
0.46, -0.84, -0.17, -47.75, 21.97, 30.16
0.30, -0.83, -0.23, -54.36, 22.12, 33.20
0.20, -0.82, -0.31, -51.15, -5.30, 28.40
0.12, -0.84, -0.41, -33.70, -50.50, 20.05
-0.07, -0.86, -0.52, -9.69, -64.00, 3.06
-0.34, -0.85, -0.59, 1.13, -38.76, -21.04
-0.47, -0.86, -0.54, 8.85, 15.23, -36.99
-0.23, -0.85, -0.46, 16.46, 40.77, -44.03
0.08, -0.85, -0.42, 20.87, 26.00, -42.14
0.30, -0.86, -0.39, 20.63, 5.04, -32.78
0.46, -0.87, -0.33, 16.46, -4.33, -23.56
0.58, -0.85, -0.27, 11.41, -6.97, -14.32
0.67, -0.82, -0.23, -2.04, 2.83, 4.87
0.76, -0.82, -0.19, -15.11, 18.76, 18.15
0.74, -0.83, -0.16, -27.18, 17.63, 21.27
0.55, -0.87, -0.15, -42.48, 27.00, 29.70
0.35, -0.88, -0.20, -52.30, 40.18, 32.00
0.23, -0.84, -0.26, -56.20, 36.56, 31.49
0.18, -0.80, -0.33, -50.09, 10.42, 31.50
0.15, -0.77, -0.42, -33.82, -24.75, 22.69
0.02, -0.79, -0.44, -17.71, -64.00, 0.65
-0.24, -0.86, -0.50, -1.79, -61.53, -8.29
-0.38, -0.87, -0.55, 0.46, 2.48, -27.75
-0.33, -0.84, -0.49, 9.56, 38.46, -39.52
-0.08, -0.82, -0.42, 15.75, 44.02, -41.49
0.25, -0.85, -0.40, 15.81, 20.12, -33.77
0.47, -0.88, -0.34, 13.50, 0.00, -19.46
0.61, -0.86, -0.30, 8.78, -10.86, -8.34
0.68, -0.82, -0.27, -3.46, 4.93, 12.51
0.76, -0.81, -0.21, -14.74, 23.08, 20.24
0.73, -0.83, -0.15, -29.15, 19.38, 23.87
0.53, -0.86, -0.16, -43.72, 24.91, 31.53
0.31, -0.86, -0.21, -53.97, 38.79, 34.24
0.23, -0.83, -0.26, -58.53, 35.96, 37.26
0.19, -0.79, -0.34, -48.81, -1.48, 33.44
0.12, -0.80, -0.42, -26.82, -58.50, 15.20
-0.07, -0.85, -0.51, -3.12, -64.00, 3.45
-0.36, -0.89, -0.59, 2.36, -33.18, -21.06
-0.49, -0.89, -0.53, 5.65, 33.03, -35.94
-0.25, -0.84, -0.45, 12.85, 56.36, -41.09
0.16, -0.84, -0.40, 18.36, 38.91, -37.78
0.41, -0.88, -0.37, 17.38, 8.15, -28.90
0.52, -0.89, -0.32, 12.06, -5.05, -17.07
0.60, -0.87, -0.27, 5.42, -0.59, -6.86
0.64, -0.84, -0.23, -6.64, 5.26, 7.08
0.68, -0.84, -0.19, -18.57, 19.97, 16.85
0.65, -0.86, -0.17, -32.81, 19.56, 21.35
0.48, -0.86, -0.18, -44.79, 26.45, 27.95
0.31, -0.83, -0.22, -54.18, 34.49, 30.42
0.24, -0.80, -0.27, -56.05, 21.36, 31.61
0.21, -0.78, -0.35, -45.56, -14.70, 27.39
0.11, -0.78, -0.44, -22.91, -64.00, 9.19
-0.15, -0.83, -0.56, -2.31, -64.00, -4.21
-0.42, -0.87, -0.59, 0.53, -12.26, -25.17
-0.47, -0.88, -0.50, 9.14, 38.49, -38.73
-0.17, -0.81, -0.42, 16.84, 53.47, -41.88
0.23, -0.86, -0.39, 19.86, 33.76, -36.80
0.45, -0.89, -0.35, 16.67, 9.48, -23.05
0.59, -0.88, -0.29, 8.82, 5.15, -10.94
0.66, -0.86, -0.21, -1.73, 3.44, 2.12
0.72, -0.86, -0.18, -13.75, 13.47, 15.21
0.71, -0.85, -0.18, -26.35, 19.62, 20.23
0.55, -0.85, -0.17, -41.32, 21.24, 24.58
0.37, -0.84, -0.19, -50.33, 27.90, 28.22
0.26, -0.82, -0.25, -54.31, 18.72, 28.31
0.16, -0.79, -0.34, -46.65, -11.58, 26.96
0.07, -0.76, -0.43, -24.85, -47.50, 5.97
-0.15, -0.82, -0.52, -7.03, -64.00, -9.04
-0.38, -0.87, -0.57, 0.31, -26.22, -25.02
-0.41, -0.87, -0.50, 5.95, 22.47, -41.11
-0.17, -0.84, -0.43, 15.05, 31.32, -47.03
0.18, -0.85, -0.40, 19.10, 12.43, -42.45
0.40, -0.89, -0.38, 18.70, -8.88, -32.39
0.53, -0.87, -0.35, 10.81, -8.05, -15.30
0.70, -0.85, -0.26, 1.75, 18.29, 3.25
0.83, -0.83, -0.15, -11.50, 17.70, 12.90
0.79, -0.82, -0.10, -23.01, 12.20, 21.45
0.64, -0.85, -0.14, -41.42, 11.62, 30.86
0.44, -0.85, -0.19, -51.02, 19.95, 33.80
0.26, -0.81, -0.26, -54.00, 23.27, 31.37
0.16, -0.80, -0.34, -50.36, -2.08, 28.59
0.06, -0.79, -0.43, -33.83, -23.72, 22.53
-0.06, -0.78, -0.51, -15.71, -40.62, 1.67
-0.28, -0.83, -0.53, -2.41, -34.14, -17.39
-0.39, -0.88, -0.50, 6.07, -0.10, -28.53
-0.25, -0.89, -0.46, 15.28, 13.59, -39.76
0.02, -0.87, -0.45, 24.53, 9.61, -40.46
0.23, -0.88, -0.43, 24.67, 16.69, -31.50
0.42, -0.88, -0.36, 15.06, 29.87, -20.73
0.61, -0.85, -0.24, 6.05, 26.88, -10.13
0.73, -0.82, -0.15, -4.18, 11.56, 4.77
0.79, -0.83, -0.14, -16.91, 20.25, 19.12
0.72, -0.85, -0.16, -32.22, 21.44, 24.10
0.54, -0.85, -0.19, -43.90, 23.12, 30.51
0.36, -0.82, -0.24, -50.42, 22.07, 32.88
0.29, -0.81, -0.30, -49.20, 16.80, 34.61
0.19, -0.80, -0.37, -39.73, -2.17, 29.65
0.03, -0.79, -0.44, -25.09, -22.02, 13.80
-0.17, -0.83, -0.50, -8.88, -37.71, -4.55
-0.32, -0.88, -0.54, 0.21, -23.72, -19.12
-0.31, -0.89, -0.49, 10.52, 11.92, -33.95
-0.13, -0.87, -0.42, 18.57, 14.48, -44.81
0.11, -0.87, -0.40, 23.80, 2.04, -42.85
0.30, -0.90, -0.41, 20.55, -2.63, -32.67
0.48, -0.89, -0.36, 12.88, 12.60, -18.84
0.61, -0.85, -0.25, 0.08, 21.08, -7.87
0.72, -0.82, -0.13, -14.67, 16.43, 6.33
0.81, -0.83, -0.08, -29.50, 17.44, 21.16
0.80, -0.83, -0.12, -45.33, 13.09, 29.68
0.59, -0.81, -0.18, -58.41, 16.16, 34.18
0.37, -0.79, -0.24, -62.81, 21.96, 37.88
0.27, -0.80, -0.31, -62.05, 11.26, 38.40
0.17, -0.81, -0.39, -50.66, -13.44, 30.33
-0.02, -0.81, -0.47, -30.93, -31.74, 14.97
-0.25, -0.86, -0.50, -16.40, -40.27, -10.68
-0.43, -0.90, -0.55, -5.06, -4.24, -23.91
-0.32, -0.91, -0.51, 4.04, 29.11, -37.57
-0.04, -0.88, -0.45, 11.85, 27.97, -40.37
0.23, -0.88, -0.39, 15.97, 12.21, -34.29
0.41, -0.88, -0.38, 15.56, -0.79, -26.41
0.47, -0.85, -0.36, 10.20, 4.84, -20.39
0.49, -0.83, -0.28, -0.62, 10.65, -12.37
0.58, -0.82, -0.18, -15.01, 19.54, 2.33
0.70, -0.82, -0.15, -27.06, 17.74, 15.40
0.70, -0.80, -0.17, -38.31, 12.55, 24.80
0.56, -0.79, -0.20, -45.29, 15.10, 31.69
0.38, -0.79, -0.24, -50.03, 24.74, 32.99
0.25, -0.78, -0.31, -50.05, 11.28, 31.36
0.14, -0.76, -0.40, -38.19, -3.33, 28.07
0.05, -0.78, -0.45, -26.41, -30.25, 13.53
-0.14, -0.83, -0.51, -7.86, -41.36, -4.50
-0.30, -0.86, -0.56, 4.05, -18.86, -19.59
-0.31, -0.88, -0.53, 11.93, 11.11, -34.90
-0.12, -0.88, -0.44, 19.26, 18.01, -40.97
0.15, -0.88, -0.43, 24.87, 11.61, -37.79
0.34, -0.89, -0.44, 26.69, 3.24, -32.93
0.43, -0.87, -0.41, 22.86, 13.46, -24.21
0.51, -0.86, -0.29, 13.65, 19.57, -13.20
0.62, -0.86, -0.21, 1.17, 20.50, -1.42
0.71, -0.84, -0.16, -11.97, 25.78, 15.02
0.75, -0.84, -0.13, -25.32, 26.63, 22.45
0.64, -0.83, -0.15, -39.24, 21.81, 28.95
0.46, -0.82, -0.19, -47.27, 20.46, 30.98
0.34, -0.81, -0.22, -51.78, 13.66, 32.56
0.27, -0.80, -0.28, -48.39, 2.07, 32.45
0.19, -0.78, -0.36, -38.38, -9.13, 26.72
0.06, -0.78, -0.41, -23.87, -14.69, 11.84
-0.14, -0.82, -0.45, -13.42, -25.97, -5.36
-0.22, -0.89, -0.51, -1.50, -17.08, -13.44
-0.15, -0.90, -0.50, 5.10, -5.36, -24.48
-0.03, -0.89, -0.41, 13.05, -6.40, -33.64
0.14, -0.89, -0.40, 18.69, -12.06, -35.84
0.30, -0.90, -0.42, 18.15, -7.64, -31.27
0.36, -0.90, -0.38, 12.25, 0.02, -26.55
0.42, -0.87, -0.30, 1.56, 8.92, -19.11
0.54, -0.85, -0.22, -10.44, 7.50, -8.62
0.64, -0.83, -0.19, -23.14, 8.22, 4.46
0.67, -0.81, -0.18, -32.86, 9.10, 13.89
0.60, -0.80, -0.22, -43.48, 3.94, 21.58
0.47, -0.79, -0.28, -47.40, 9.88, 27.80
0.36, -0.77, -0.34, -46.59, 14.76, 25.00
0.26, -0.79, -0.38, -40.95, 12.43, 23.01
0.11, -0.81, -0.42, -32.32, 2.46, 17.78
-0.02, -0.82, -0.48, -19.38, -3.81, 3.73
-0.14, -0.83, -0.52, -3.91, -16.89, -12.64
-0.20, -0.86, -0.51, 7.59, -9.88, -22.93
-0.11, -0.88, -0.47, 18.90, -9.65, -32.31
0.03, -0.87, -0.43, 25.38, -3.71, -35.04
0.20, -0.88, -0.37, 19.73, 11.70, -31.39
0.35, -0.88, -0.27, 10.91, 15.00, -27.03
0.50, -0.85, -0.20, 3.36, 5.42, -18.64
0.62, -0.83, -0.20, -7.19, -0.27, -2.22
0.72, -0.83, -0.17, -18.47, 7.05, 12.84
0.72, -0.82, -0.15, -26.09, 2.09, 17.32
0.58, -0.81, -0.20, -35.26, 5.76, 24.92
0.40, -0.81, -0.28, -39.90, 15.28, 29.59
0.30, -0.81, -0.32, -38.96, 18.32, 29.29
0.23, -0.81, -0.34, -33.32, -3.20, 25.75
0.14, -0.82, -0.39, -21.58, -17.79, 20.86
0.02, -0.84, -0.44, -10.10, -26.74, 5.19
-0.16, -0.87, -0.48, -1.06, -26.93, -14.42
-0.27, -0.88, -0.47, 8.93, -6.15, -27.18
-0.19, -0.87, -0.45, 19.04, -0.88, -40.96
-0.01, -0.88, -0.44, 23.71, 4.65, -41.75
0.18, -0.89, -0.38, 18.85, 15.65, -33.65
0.43, -0.87, -0.28, 11.41, 14.06, -25.18
0.60, -0.82, -0.22, 3.95, -0.84, -12.22
0.71, -0.77, -0.21, -6.56, -3.94, 2.45
0.72, -0.75, -0.16, -21.09, 6.49, 16.92
0.68, -0.77, -0.19, -31.18, 12.26, 23.25
0.53, -0.81, -0.21, -43.40, 17.54, 26.72
0.37, -0.82, -0.26, -50.92, 21.70, 30.29
0.29, -0.81, -0.30, -49.41, 24.08, 30.83
0.27, -0.82, -0.34, -45.97, 3.81, 29.28
0.22, -0.85, -0.38, -32.70, -20.27, 23.33
0.10, -0.89, -0.47, -18.14, -38.57, 9.97
-0.09, -0.92, -0.51, -3.61, -29.98, -8.12
-0.24, -0.94, -0.51, -0.06, 11.80, -21.32
-0.18, -0.91, -0.42, 6.91, 39.83, -32.74
0.07, -0.87, -0.33, 6.89, 33.53, -31.30
0.38, -0.88, -0.27, -0.71, 15.44, -16.08
0.61, -0.85, -0.23, -7.95, -2.41, 0.52
0.73, -0.79, -0.21, -15.14, -4.17, 12.99
0.72, -0.77, -0.19, -25.51, 3.03, 20.22
0.60, -0.80, -0.18, -39.63, 11.35, 31.72
0.48, -0.82, -0.22, -46.35, 6.18, 35.97
0.37, -0.82, -0.31, -40.25, -8.08, 33.98
0.26, -0.87, -0.41, -37.27, -12.62, 29.63
0.05, -0.89, -0.46, -27.49, -20.20, 15.09
-0.16, -0.88, -0.50, -12.04, -20.19, -5.00
-0.30, -0.88, -0.56, -3.61, -12.67, -18.67
-0.27, -0.88, -0.54, 7.76, 17.47, -30.46
-0.09, -0.84, -0.47, 16.54, 14.12, -39.44
0.08, -0.84, -0.40, 18.59, 16.17, -38.46
0.25, -0.86, -0.36, 13.04, 12.67, -32.87
0.40, -0.84, -0.31, 6.87, 7.94, -26.48
0.52, -0.80, -0.27, -2.21, 5.97, -10.52
0.66, -0.78, -0.23, -10.39, 9.50, 2.45
0.72, -0.79, -0.18, -22.71, 16.40, 16.47
0.69, -0.81, -0.19, -33.27, 20.79, 24.92
0.55, -0.82, -0.23, -41.42, 25.02, 29.59
0.37, -0.82, -0.27, -43.78, 27.20, 32.86
0.29, -0.83, -0.30, -43.93, 16.13, 30.66
0.22, -0.85, -0.34, -35.47, -13.14, 25.30
0.11, -0.88, -0.40, -17.63, -48.34, 11.64
-0.14, -0.89, -0.51, -1.20, -54.35, -10.70
-0.39, -0.91, -0.57, 5.60, -1.81, -29.06
-0.39, -0.90, -0.47, 13.56, 26.18, -48.26
-0.13, -0.88, -0.40, 20.10, 30.26, -50.60
0.23, -0.89, -0.39, 20.80, 4.11, -47.62
0.46, -0.89, -0.37, 16.69, -13.72, -29.52
0.64, -0.83, -0.33, 10.97, 9.04, -9.98
0.76, -0.74, -0.24, -1.10, 12.74, 1.63
0.75, -0.72, -0.12, -15.18, 26.34, 22.13
0.73, -0.75, -0.10, -30.51, 20.17, 27.59
0.58, -0.80, -0.16, -45.59, 15.47, 35.85
0.36, -0.81, -0.22, -51.89, 20.91, 37.13
0.27, -0.79, -0.25, -51.25, 17.99, 34.34
0.22, -0.81, -0.31, -41.20, -11.74, 28.04
0.13, -0.84, -0.42, -28.57, -39.24, 22.33
-0.04, -0.88, -0.50, -11.82, -41.47, 5.73
-0.22, -0.91, -0.56, 0.78, -22.86, -12.64
-0.31, -0.92, -0.51, 7.67, 17.71, -26.95
-0.13, -0.90, -0.42, 14.79, 27.82, -38.09
0.12, -0.89, -0.37, 18.23, 13.98, -39.97
0.30, -0.90, -0.37, 15.97, -9.19, -37.04
0.38, -0.90, -0.35, 10.09, -19.54, -26.22
0.49, -0.84, -0.33, 1.66, 0.83, -11.40
0.63, -0.77, -0.24, -11.36, 11.12, -0.94
0.70, -0.73, -0.13, -23.43, 18.06, 11.90
0.71, -0.73, -0.14, -36.30, 11.66, 23.35
0.57, -0.77, -0.21, -48.62, 12.53, 31.20
0.40, -0.80, -0.24, -51.56, 13.29, 36.66
0.29, -0.81, -0.28, -49.18, -1.90, 34.40
0.21, -0.84, -0.37, -37.07, -35.03, 26.65
0.05, -0.87, -0.47, -19.32, -60.80, 12.14
-0.20, -0.92, -0.57, -0.58, -45.68, -9.55
-0.36, -0.95, -0.59, 4.82, 3.06, -24.44
-0.28, -0.94, -0.49, 15.99, 36.96, -42.10
-0.06, -0.91, -0.42, 23.19, 30.64, -49.25
0.21, -0.93, -0.40, 21.77, 3.28, -47.74
0.35, -0.94, -0.37, 14.35, -13.25, -35.28
0.55, -0.86, -0.33, 10.02, 6.06, -22.80
0.64, -0.76, -0.30, 3.09, 0.12, -20.29
0.59, -0.72, -0.19, -11.05, 10.83, -3.93
0.63, -0.73, -0.14, -24.60, 30.79, 16.15
0.67, -0.72, -0.16, -32.50, 27.30, 22.38
0.54, -0.73, -0.21, -39.85, 25.33, 28.89
0.35, -0.76, -0.25, -41.84, 21.68, 31.92
0.28, -0.79, -0.27, -39.75, 11.21, 34.11
0.25, -0.84, -0.31, -31.05, -15.63, 29.73
0.19, -0.88, -0.37, -18.24, -32.56, 21.44
0.02, -0.93, -0.43, -9.07, -29.62, 2.64
-0.21, -0.97, -0.46, -4.23, -10.91, -15.40
-0.24, -0.98, -0.43, 0.52, 24.77, -25.56
-0.04, -0.94, -0.40, 8.24, 15.43, -39.65
0.15, -0.90, -0.38, 12.38, -3.43, -40.79
0.27, -0.92, -0.37, 10.56, -19.12, -37.64
0.36, -0.90, -0.35, 3.82, -13.48, -31.11
0.48, -0.83, -0.31, -4.80, 6.95, -17.09
0.63, -0.75, -0.23, -15.06, 16.12, -2.09
0.74, -0.71, -0.16, -23.59, 13.31, 10.32
0.71, -0.70, -0.19, -30.44, 7.79, 17.92
0.51, -0.76, -0.25, -41.87, 12.89, 23.07
0.32, -0.80, -0.28, -45.85, 18.12, 25.06
0.24, -0.80, -0.31, -42.18, 12.07, 24.87
0.24, -0.83, -0.36, -35.88, -5.76, 20.88
0.20, -0.88, -0.41, -24.58, -27.63, 13.17
0.07, -0.92, -0.46, -15.01, -31.16, -0.15
-0.11, -0.94, -0.51, -6.95, -13.21, -14.40
-0.19, -0.93, -0.50, 2.49, 15.44, -31.83
-0.12, -0.92, -0.45, 10.23, 17.21, -43.99
0.05, -0.93, -0.42, 14.27, 1.70, -46.02
0.24, -0.92, -0.39, 8.36, -2.11, -34.60
0.49, -0.82, -0.30, -0.53, 30.26, -15.10
0.74, -0.72, -0.20, -4.47, 10.30, -9.78
0.78, -0.67, -0.13, -17.99, 11.02, 13.46
0.77, -0.70, -0.16, -26.98, 11.53, 20.88
0.61, -0.74, -0.18, -41.60, 7.51, 24.06
0.37, -0.77, -0.25, -46.57, 8.61, 26.19
0.23, -0.76, -0.33, -45.11, 15.17, 25.79
0.23, -0.78, -0.37, -38.71, 2.44, 22.45
0.24, -0.85, -0.39, -27.24, -19.99, 21.47
0.19, -0.91, -0.44, -16.44, -31.71, 13.21
0.03, -0.94, -0.49, -7.40, -25.77, -2.59
-0.16, -0.95, -0.49, -2.41, 4.68, -18.22
-0.16, -0.95, -0.46, 3.94, 19.06, -32.68
-0.02, -0.92, -0.43, 11.97, 6.93, -44.15
0.15, -0.92, -0.41, 13.21, -11.28, -43.63
0.31, -0.92, -0.41, 10.47, -22.35, -39.04
0.43, -0.85, -0.37, 1.94, 2.68, -18.06
0.63, -0.74, -0.30, -2.04, 19.37, -10.94
0.74, -0.66, -0.21, -13.90, 15.44, 5.88
0.76, -0.67, -0.15, -24.73, 13.62, 19.86
0.67, -0.71, -0.20, -35.33, 4.20, 26.40
0.43, -0.75, -0.26, -41.07, 5.43, 28.19
0.26, -0.78, -0.29, -40.56, 8.67, 25.16
0.21, -0.82, -0.33, -35.65, 2.29, 20.10
0.20, -0.88, -0.37, -29.00, -19.62, 15.03
0.15, -0.92, -0.41, -16.07, -27.86, 5.00
0.03, -1.00, -0.44, -9.56, -28.24, -9.94
-0.10, -1.00, -0.45, -1.85, -8.08, -24.07
-0.10, -0.97, -0.46, 6.84, 1.65, -41.21
0.02, -0.92, -0.47, 11.25, 0.14, -45.85
0.21, -0.89, -0.44, 8.42, 7.12, -36.54
0.48, -0.84, -0.34, 1.93, 14.05, -20.73
0.68, -0.73, -0.28, -3.34, 12.20, -8.55
0.72, -0.64, -0.24, -13.81, 7.23, 6.24
0.68, -0.63, -0.19, -21.25, 14.41, 18.40
0.57, -0.65, -0.24, -29.71, 8.00, 22.87
0.38, -0.68, -0.29, -36.22, 9.86, 28.53
0.29, -0.72, -0.32, -38.53, 16.78, 32.95
0.28, -0.77, -0.34, -34.48, 6.74, 30.58
0.27, -0.82, -0.39, -25.90, -15.70, 26.65
0.16, -0.90, -0.44, -13.96, -32.26, 15.74
0.05, -0.97, -0.47, -6.59, -28.48, 1.93
-0.13, -1.02, -0.51, -2.23, -2.00, -12.70
-0.14, -1.01, -0.46, 2.34, 24.62, -27.81
0.04, -0.98, -0.40, 5.93, 21.21, -35.36
0.23, -0.94, -0.39, 8.20, -3.37, -35.93
0.34, -0.90, -0.39, 6.86, -9.00, -29.71
0.42, -0.85, -0.36, 2.20, 1.11, -23.49
0.50, -0.78, -0.30, -7.70, 11.37, -11.91
0.60, -0.70, -0.20, -16.75, 18.79, 4.97
0.70, -0.65, -0.18, -21.25, 10.73, 12.62
0.62, -0.65, -0.23, -27.20, 2.92, 21.45
0.42, -0.71, -0.28, -32.21, 11.85, 26.35
0.29, -0.77, -0.32, -34.90, 18.89, 29.29
0.27, -0.78, -0.33, -34.33, 16.43, 29.02
0.29, -0.79, -0.35, -24.03, -3.78, 22.48
0.25, -0.85, -0.42, -15.74, -23.77, 16.18
0.11, -0.96, -0.46, -8.04, -22.41, 3.01
-0.06, -1.06, -0.46, -7.99, -6.42, -9.09
-0.13, -1.02, -0.44, -6.51, 22.92, -20.24
0.00, -0.95, -0.39, -0.71, 23.01, -30.52
0.20, -0.88, -0.37, 1.39, 9.62, -31.14
0.33, -0.87, -0.36, 0.22, -5.54, -26.71
0.40, -0.83, -0.34, -3.83, -4.38, -16.89
0.46, -0.76, -0.30, -10.20, 7.24, -3.46
0.57, -0.69, -0.26, -16.70, 16.75, 9.58
0.66, -0.64, -0.22, -20.48, 11.40, 17.57
0.61, -0.65, -0.23, -25.89, 9.17, 28.03
0.49, -0.70, -0.27, -33.73, 15.32, 37.72
0.38, -0.74, -0.30, -36.79, 14.32, 40.27
0.34, -0.76, -0.33, -28.28, -4.29, 36.66
0.30, -0.83, -0.41, -16.20, -26.12, 26.50
0.12, -0.95, -0.47, -10.70, -25.35, 15.45
-0.12, -1.01, -0.47, -7.08, -6.46, -2.87
-0.21, -1.03, -0.46, -7.07, 20.67, -13.15
-0.05, -1.02, -0.42, -4.45, 30.95, -21.68
0.17, -0.94, -0.39, -0.04, 18.07, -25.04
0.31, -0.87, -0.37, 1.45, 4.55, -24.66
0.35, -0.84, -0.36, -1.85, -4.07, -21.84
0.38, -0.80, -0.33, -6.40, 0.12, -8.86
0.47, -0.73, -0.30, -12.99, 11.36, 2.98
0.56, -0.68, -0.25, -16.89, 14.62, 12.37
0.59, -0.67, -0.22, -23.62, 13.38, 22.23
0.54, -0.71, -0.24, -31.52, 13.07, 31.49
0.42, -0.75, -0.27, -35.80, 8.47, 36.43
0.34, -0.78, -0.30, -29.05, -2.52, 33.61
0.27, -0.86, -0.35, -21.64, -19.24, 26.33
0.14, -0.97, -0.43, -18.35, -18.31, 16.29
-0.06, -0.99, -0.45, -13.55, -8.17, 0.27
-0.16, -0.98, -0.48, -8.53, 8.10, -14.00
-0.08, -0.97, -0.49, -5.17, 28.85, -20.75
0.10, -0.92, -0.45, -1.43, 21.79, -25.11
0.22, -0.87, -0.41, 0.71, 14.47, -25.25
0.30, -0.84, -0.39, -0.44, 8.90, -21.95
0.36, -0.81, -0.36, -3.66, 4.87, -15.68
0.41, -0.77, -0.32, -9.54, 10.48, -4.31
0.51, -0.75, -0.28, -15.65, 14.14, 8.55
0.59, -0.72, -0.26, -21.23, 13.84, 17.55
0.57, -0.72, -0.24, -28.28, 14.06, 26.83
0.48, -0.75, -0.26, -34.13, 15.51, 33.65
0.39, -0.77, -0.29, -33.92, 9.30, 33.89
0.30, -0.82, -0.34, -25.33, -14.30, 25.75
0.18, -0.93, -0.44, -21.28, -6.24, 22.36
-0.02, -0.94, -0.47, -18.04, -11.39, 5.29
-0.19, -0.94, -0.43, -7.41, -2.94, -10.51
-0.17, -0.95, -0.45, -4.61, 11.37, -19.40
-0.03, -0.94, -0.44, 1.62, 9.78, -30.15
0.10, -0.89, -0.42, 5.94, 2.82, -34.64
0.20, -0.87, -0.40, 4.13, -0.11, -33.35
0.30, -0.85, -0.38, 0.52, 0.86, -25.27
0.45, -0.80, -0.34, -5.15, 10.52, -9.49
0.61, -0.74, -0.28, -12.68, 18.78, 6.59
0.72, -0.70, -0.21, -20.61, 21.15, 16.99
0.69, -0.70, -0.19, -28.32, 19.85, 28.29
0.54, -0.73, -0.23, -39.37, 20.91, 38.28
0.39, -0.74, -0.26, -42.76, 20.33, 41.91
0.31, -0.76, -0.29, -36.31, -3.58, 36.98
0.23, -0.83, -0.38, -25.13, -31.17, 30.27
0.03, -0.91, -0.48, -18.49, -27.67, 16.77
-0.23, -0.95, -0.47, -11.37, -27.62, -6.71
-0.33, -0.96, -0.49, -3.21, 0.81, -15.20
-0.18, -0.95, -0.49, -0.41, 24.32, -28.86
0.05, -0.91, -0.43, 4.47, 17.23, -34.38
0.22, -0.84, -0.40, 4.65, 7.61, -29.74
0.37, -0.86, -0.40, 2.86, 1.21, -23.69
0.46, -0.83, -0.38, -2.84, 2.71, -11.43
0.52, -0.77, -0.35, -7.08, 11.06, -0.59
0.58, -0.74, -0.28, -16.65, 19.30, 11.91
0.62, -0.75, -0.24, -23.27, 23.92, 22.41
0.58, -0.76, -0.24, -34.07, 21.98, 31.12
0.45, -0.76, -0.27, -39.53, 20.91, 37.35
0.33, -0.77, -0.28, -37.95, 13.93, 35.12
0.24, -0.82, -0.33, -29.22, -22.45, 24.58
0.07, -0.89, -0.42, -17.88, -32.68, 17.02
-0.14, -0.94, -0.49, -8.85, -39.92, -7.18
-0.36, -0.96, -0.52, -3.89, -2.53, -19.54
-0.29, -0.92, -0.48, 6.25, 23.50, -37.00
-0.04, -0.88, -0.43, 13.26, 19.28, -45.56
0.16, -0.90, -0.42, 14.92, 0.29, -41.70
0.34, -0.90, -0.42, 13.21, -8.12, -33.34
0.47, -0.85, -0.42, 9.10, 5.74, -21.39
0.55, -0.77, -0.35, 2.73, 8.38, -15.76
0.57, -0.75, -0.23, -12.35, 26.65, 7.01
0.70, -0.74, -0.16, -22.81, 32.28, 18.98
0.71, -0.74, -0.19, -31.77, 19.63, 27.00
0.53, -0.75, -0.24, -39.74, 15.62, 32.85
0.34, -0.77, -0.27, -43.90, 16.66, 34.78
0.26, -0.78, -0.32, -40.56, 5.86, 32.09
0.20, -0.83, -0.38, -31.04, -17.50, 27.29
0.06, -0.86, -0.45, -18.66, -30.98, 11.67
-0.18, -0.92, -0.48, -5.12, -35.17, -10.55
-0.33, -0.97, -0.51, -0.54, 0.21, -22.54
-0.24, -0.96, -0.49, 9.53, 20.40, -39.78
-0.06, -0.91, -0.43, 15.06, 9.77, -48.83
0.17, -0.91, -0.41, 16.80, -2.12, -43.26
0.38, -0.90, -0.41, 11.43, 11.22, -26.99
0.56, -0.83, -0.35, 3.31, 18.40, -18.70
0.63, -0.75, -0.22, -9.62, 22.93, 0.73
0.75, -0.72, -0.14, -18.54, 29.71, 16.70
0.76, -0.73, -0.16, -28.02, 16.77, 24.78
0.58, -0.75, -0.22, -39.86, 15.62, 31.23
0.33, -0.78, -0.27, -45.97, 26.29, 33.60
0.23, -0.79, -0.31, -45.87, 27.44, 30.39
0.21, -0.83, -0.35, -37.56, 9.64, 27.18
0.15, -0.86, -0.42, -25.39, -12.70, 16.62
-0.03, -0.89, -0.49, -11.10, -27.56, -1.15
-0.23, -0.92, -0.52, -3.35, -15.78, -16.31
-0.25, -0.94, -0.49, 4.21, 19.30, -30.21
-0.09, -0.91, -0.43, 10.40, 11.85, -41.89
0.11, -0.88, -0.39, 13.60, -6.75, -42.07
0.28, -0.88, -0.39, 11.69, -7.99, -32.69
0.45, -0.85, -0.38, 4.96, 4.80, -19.93
0.56, -0.78, -0.30, -4.93, 19.94, -5.54
0.69, -0.73, -0.18, -16.66, 24.26, 11.33
0.78, -0.71, -0.13, -22.77, 17.24, 22.10
0.69, -0.72, -0.19, -32.31, 14.44, 31.59
0.44, -0.77, -0.25, -43.92, 18.15, 36.27
0.28, -0.78, -0.29, -46.17, 21.64, 38.15
0.24, -0.79, -0.33, -39.04, 7.41, 35.15
0.22, -0.82, -0.42, -29.09, -12.25, 27.16
0.05, -0.87, -0.46, -16.85, -22.89, 12.34
-0.17, -0.92, -0.48, -6.47, -21.39, -7.01
-0.27, -0.97, -0.52, -1.22, 10.09, -16.61
-0.15, -0.97, -0.49, 5.87, 20.96, -31.10
0.04, -0.91, -0.42, 13.44, 6.25, -37.61
0.20, -0.89, -0.40, 15.45, -7.36, -38.04
0.32, -0.90, -0.40, 12.01, -7.41, -31.51
0.42, -0.86, -0.38, 4.70, 12.03, -21.37
0.53, -0.80, -0.27, -8.74, 18.67, -8.27
0.67, -0.76, -0.13, -19.33, 25.43, 12.34
0.79, -0.74, -0.14, -26.51, 16.03, 20.67
0.71, -0.73, -0.19, -35.26, 12.44, 30.63
0.47, -0.76, -0.24, -44.85, 14.28, 35.64
0.30, -0.77, -0.29, -46.53, 22.98, 37.37
0.26, -0.80, -0.31, -40.75, 5.23, 34.79
0.24, -0.86, -0.38, -31.33, -16.04, 30.03
0.07, -0.89, -0.45, -17.18, -40.37, 12.53
-0.17, -0.92, -0.51, -5.92, -28.72, -4.66
-0.30, -0.96, -0.55, -1.78, 1.56, -18.66
-0.21, -0.94, -0.49, 5.52, 28.28, -32.56
0.01, -0.87, -0.43, 11.13, 22.58, -39.98
0.18, -0.85, -0.40, 10.50, 10.43, -37.71
0.34, -0.85, -0.37, 7.55, 2.46, -29.91
0.48, -0.82, -0.35, 3.48, -0.65, -12.73
0.59, -0.76, -0.33, -3.33, 14.26, 3.43
0.68, -0.72, -0.24, -13.80, 28.30, 15.16
0.68, -0.71, -0.17, -22.61, 27.53, 25.46
0.58, -0.74, -0.18, -35.02, 27.28, 33.74
0.43, -0.77, -0.23, -43.22, 28.76, 39.60
0.32, -0.78, -0.27, -44.34, 18.30, 38.75
0.23, -0.79, -0.33, -34.61, -17.30, 30.85
0.07, -0.85, -0.40, -17.52, -49.80, 16.82
-0.14, -0.91, -0.49, -10.36, -42.60, -0.38
-0.35, -0.93, -0.52, -3.62, -14.38, -17.74
-0.31, -0.91, -0.45, 2.91, 30.08, -31.24
-0.03, -0.89, -0.40, 7.98, 24.15, -40.47
0.20, -0.89, -0.38, 9.72, 10.25, -34.73
0.40, -0.90, -0.38, 6.62, 2.18, -25.86
0.56, -0.88, -0.33, 1.45, -1.61, -7.50
0.71, -0.83, -0.29, -5.88, 10.49, 9.32
0.78, -0.79, -0.22, -16.22, 17.15, 17.04
0.69, -0.79, -0.17, -28.72, 20.94, 26.28
0.52, -0.81, -0.19, -42.78, 26.90, 33.39
0.35, -0.81, -0.25, -50.11, 29.20, 36.49
0.26, -0.79, -0.30, -45.00, 9.76, 31.53
0.17, -0.80, -0.39, -31.89, -31.94, 19.07
-0.00, -0.85, -0.48, -18.38, -40.15, 10.98
-0.21, -0.89, -0.53, -5.66, -43.36, -12.67
-0.38, -0.90, -0.54, 0.50, 4.62, -22.77
-0.29, -0.88, -0.49, 5.96, 31.70, -36.10
-0.02, -0.85, -0.42, 12.17, 30.45, -41.07
0.19, -0.85, -0.39, 12.75, 16.62, -38.46
0.36, -0.88, -0.37, 8.55, 2.55, -31.41
0.50, -0.87, -0.33, 1.83, -9.22, -13.00
0.66, -0.83, -0.29, -3.07, 5.09, 7.13
0.80, -0.78, -0.25, -14.31, 21.26, 15.21
0.73, -0.78, -0.17, -24.46, 21.62, 21.85
0.54, -0.83, -0.16, -41.34, 30.50, 31.79
0.41, -0.84, -0.23, -47.72, 35.51, 35.86
0.29, -0.79, -0.29, -51.32, 33.23, 35.16
0.23, -0.79, -0.34, -46.87, -2.73, 30.53
0.14, -0.81, -0.36, -26.12, -51.21, 20.03
0.00, -0.85, -0.48, -9.56, -50.76, 6.38
-0.30, -0.88, -0.57, -3.16, -35.39, -19.11
-0.45, -0.88, -0.51, 2.54, 29.71, -29.36
-0.19, -0.85, -0.43, 9.38, 37.24, -38.90
0.13, -0.84, -0.39, 11.80, 26.88, -35.78
0.38, -0.87, -0.36, 9.20, 6.19, -29.15
0.50, -0.88, -0.33, 4.64, -9.06, -17.66
0.58, -0.85, -0.32, 0.21, -5.26, -4.83
0.65, -0.82, -0.28, -9.79, 4.80, 7.66
0.68, -0.81, -0.24, -19.26, 20.76, 17.41
0.62, -0.82, -0.21, -33.16, 27.40, 27.02
0.48, -0.82, -0.22, -42.28, 31.67, 33.71
0.36, -0.79, -0.27, -46.24, 30.13, 37.81
0.28, -0.78, -0.31, -43.31, 2.34, 34.69
0.21, -0.80, -0.36, -27.70, -30.97, 23.61
0.03, -0.85, -0.44, -15.40, -54.34, 7.94
-0.26, -0.88, -0.52, -4.10, -40.31, -11.43
-0.43, -0.89, -0.53, -1.56, 10.95, -24.83
-0.27, -0.87, -0.44, 4.26, 33.71, -36.64
0.04, -0.84, -0.39, 11.30, 23.87, -35.38
0.31, -0.85, -0.37, 10.46, 7.29, -31.76
0.44, -0.88, -0.35, 6.44, -11.30, -24.02
0.50, -0.86, -0.34, 2.21, -13.16, -13.05
0.56, -0.82, -0.32, -4.30, 2.55, -0.39
0.61, -0.81, -0.26, -14.69, 12.77, 8.51
0.60, -0.81, -0.20, -25.70, 18.25, 16.19
0.53, -0.82, -0.21, -36.44, 22.29, 27.04
0.43, -0.83, -0.26, -42.69, 23.44, 30.72
0.33, -0.79, -0.29, -43.76, 21.96, 31.44
0.24, -0.78, -0.31, -43.33, 4.18, 30.93
0.19, -0.80, -0.35, -34.90, -19.30, 24.88
0.12, -0.83, -0.40, -19.90, -49.18, 13.55
-0.05, -0.88, -0.50, -6.52, -41.89, -2.00
-0.29, -0.89, -0.57, -3.57, -7.90, -18.49
-0.31, -0.88, -0.50, 2.55, 38.37, -29.65
-0.03, -0.86, -0.43, 8.41, 33.78, -34.23
0.23, -0.86, -0.42, 12.50, 14.68, -29.05
0.37, -0.87, -0.40, 11.34, 3.03, -25.80
0.40, -0.88, -0.34, 5.94, -10.09, -22.31
0.42, -0.86, -0.32, 0.28, -4.95, -8.00
0.55, -0.84, -0.30, -9.24, 13.97, 4.11
0.64, -0.82, -0.24, -17.37, 21.28, 13.08
0.62, -0.82, -0.20, -27.72, 22.65, 20.62
0.51, -0.83, -0.22, -36.51, 23.05, 27.33
0.38, -0.83, -0.26, -40.97, 24.69, 31.80
0.32, -0.82, -0.29, -40.05, 16.63, 30.53
0.25, -0.84, -0.33, -33.00, -12.22, 24.88
0.12, -0.87, -0.39, -22.05, -33.86, 14.34
-0.09, -0.89, -0.45, -10.52, -36.66, -4.54
-0.27, -0.90, -0.50, -5.31, -8.34, -19.72
-0.27, -0.88, -0.50, 3.19, 22.95, -31.89
-0.08, -0.83, -0.43, 9.64, 25.62, -37.09
0.18, -0.83, -0.39, 10.84, 20.98, -31.23
0.35, -0.84, -0.37, 7.74, 13.29, -22.17
0.45, -0.82, -0.32, 1.59, 12.07, -15.96
0.51, -0.80, -0.24, -9.68, 5.28, -3.01
0.61, -0.80, -0.22, -18.45, 8.87, 11.85
0.68, -0.80, -0.23, -28.91, 8.50, 22.17
0.59, -0.79, -0.24, -40.08, 14.54, 31.83
0.44, -0.79, -0.26, -45.13, 15.72, 36.88
0.34, -0.80, -0.31, -41.73, 4.30, 31.05
0.21, -0.84, -0.40, -33.38, -32.58, 26.27
0.00, -0.86, -0.51, -16.91, -34.55, 10.30
-0.25, -0.89, -0.57, -6.38, -25.39, -13.11
-0.40, -0.93, -0.54, -0.57, 15.95, -28.27
-0.27, -0.90, -0.48, 7.38, 28.55, -42.24
-0.06, -0.88, -0.44, 14.36, 25.09, -44.28
0.18, -0.90, -0.41, 14.86, 10.14, -44.81
0.33, -0.92, -0.36, 11.73, -4.45, -35.98
0.51, -0.87, -0.32, 8.23, -0.81, -20.85
0.64, -0.75, -0.30, 2.23, 0.15, -10.28
0.67, -0.73, -0.24, -9.71, 21.94, 8.41
0.71, -0.73, -0.16, -20.54, 27.75, 15.70
0.63, -0.75, -0.17, -31.11, 19.65, 26.15
0.45, -0.78, -0.24, -39.42, 22.53, 30.62
0.27, -0.76, -0.31, -41.13, 31.04, 27.77
0.19, -0.76, -0.31, -41.27, 25.36, 28.78
0.22, -0.80, -0.32, -37.91, 5.42, 32.71
0.24, -0.82, -0.35, -29.00, -20.46, 27.40
0.11, -0.84, -0.37, -19.56, -46.88, 14.03
-0.08, -0.89, -0.45, -4.12, -49.53, 0.74
-0.24, -0.91, -0.55, 4.29, -15.88, -18.20
-0.29, -0.89, -0.52, 10.40, 22.60, -34.93
-0.14, -0.89, -0.43, 14.31, 29.15, -43.78
0.15, -0.91, -0.41, 16.13, 13.13, -41.16
0.37, -0.93, -0.38, 13.39, -2.22, -30.45
0.55, -0.89, -0.34, 8.55, -10.27, -16.58
0.67, -0.83, -0.30, -1.09, 7.16, 6.85
0.80, -0.77, -0.22, -10.59, 30.54, 16.92
0.79, -0.76, -0.13, -21.81, 14.95, 21.08
0.58, -0.80, -0.16, -35.96, 20.61, 32.12
0.38, -0.82, -0.26, -47.72, 33.36, 33.15
0.23, -0.78, -0.29, -53.94, 43.53, 35.22
0.23, -0.76, -0.30, -52.91, 23.87, 37.14
0.28, -0.78, -0.34, -40.26, -34.33, 27.78
0.18, -0.84, -0.38, -20.59, -64.00, 23.54
-0.08, -0.89, -0.56, -1.06, -56.32, 1.14
-0.45, -0.90, -0.64, 1.23, -12.28, -23.55
-0.54, -0.91, -0.51, 9.04, 50.57, -36.92
-0.17, -0.90, -0.42, 15.94, 48.96, -46.91
0.20, -0.91, -0.41, 17.86, 22.27, -43.50
0.38, -0.93, -0.38, 13.65, -3.85, -34.39
0.53, -0.91, -0.33, 6.88, -0.78, -17.62
0.67, -0.84, -0.27, 0.81, 7.74, -3.66
0.72, -0.78, -0.22, -12.42, 18.99, 7.10
0.71, -0.77, -0.16, -23.06, 29.30, 16.04
0.61, -0.80, -0.17, -37.59, 23.89, 23.86
0.40, -0.80, -0.23, -47.37, 36.68, 30.40
0.28, -0.77, -0.26, -53.34, 44.75, 31.44
0.26, -0.76, -0.26, -51.85, 16.76, 28.43
0.27, -0.81, -0.28, -39.68, -37.02, 28.00
0.16, -0.84, -0.39, -22.68, -57.13, 18.05
-0.13, -0.83, -0.50, -11.03, -49.13, -6.43
-0.40, -0.87, -0.54, -4.41, -2.92, -18.94
-0.34, -0.91, -0.48, -0.45, 31.85, -31.24
-0.04, -0.88, -0.43, 9.55, 28.73, -35.06
0.22, -0.86, -0.42, 13.58, 10.59, -31.87
0.39, -0.88, -0.40, 13.08, -7.47, -25.02
0.47, -0.87, -0.36, 6.88, -4.48, -9.84
0.61, -0.82, -0.30, -1.34, 13.62, 3.38
0.73, -0.75, -0.22, -11.51, 12.78, 13.19
0.69, -0.78, -0.19, -21.92, 11.78, 19.08
0.54, -0.82, -0.22, -37.73, 22.36, 26.14
0.34, -0.84, -0.26, -47.90, 33.09, 27.52
0.24, -0.80, -0.31, -48.55, 21.39, 27.63
0.21, -0.78, -0.36, -38.56, -12.07, 24.33
0.14, -0.81, -0.43, -20.73, -48.44, 11.54
-0.03, -0.87, -0.51, -4.49, -52.17, -4.12
-0.27, -0.90, -0.56, 1.46, -12.53, -17.36
-0.34, -0.88, -0.51, 8.12, 30.23, -33.17
-0.13, -0.85, -0.43, 15.05, 37.22, -40.79
0.16, -0.88, -0.40, 17.58, 16.58, -37.05
0.37, -0.91, -0.38, 13.84, -3.45, -26.71
0.54, -0.88, -0.32, 7.24, 7.56, -7.40
0.69, -0.79, -0.24, 1.03, 2.95, -3.42
0.67, -0.75, -0.16, -11.34, 8.31, 9.64
0.62, -0.78, -0.14, -23.88, 11.18, 14.18
0.50, -0.83, -0.19, -37.22, 18.77, 22.80
0.35, -0.83, -0.24, -45.85, 30.00, 26.58
0.29, -0.80, -0.28, -48.92, 29.08, 27.26
0.30, -0.80, -0.29, -45.41, 5.88, 27.06
0.28, -0.87, -0.33, -33.13, -36.45, 23.11
0.15, -0.87, -0.43, -19.45, -48.84, 14.04
-0.09, -0.87, -0.53, -3.88, -37.02, -6.54
-0.34, -0.88, -0.57, 1.48, 5.10, -19.53
-0.30, -0.89, -0.51, 11.18, 34.70, -34.94
-0.05, -0.87, -0.44, 17.25, 25.02, -40.73
0.18, -0.88, -0.40, 19.86, 2.07, -40.26
0.33, -0.90, -0.37, 15.48, -13.57, -28.58
0.49, -0.87, -0.33, 9.02, 1.78, -12.95
0.65, -0.80, -0.27, -0.05, 8.33, -3.38
0.70, -0.76, -0.17, -12.17, 14.62, 9.66
0.69, -0.78, -0.16, -22.05, 14.49, 16.06
0.55, -0.83, -0.21, -36.85, 20.35, 24.16
0.37, -0.85, -0.26, -46.74, 32.51, 28.94
0.28, -0.80, -0.30, -47.90, 38.14, 29.87
0.29, -0.79, -0.32, -43.51, 9.67, 26.25
0.27, -0.84, -0.35, -31.61, -29.71, 23.80
0.13, -0.86, -0.44, -17.03, -42.04, 11.71
-0.15, -0.86, -0.53, -3.56, -30.77, -7.64
-0.34, -0.88, -0.54, 0.19, 15.40, -20.39
-0.26, -0.89, -0.47, 5.77, 31.55, -32.74
-0.02, -0.86, -0.39, 12.10, 20.83, -35.60
0.23, -0.87, -0.36, 12.54, -4.07, -33.47
0.40, -0.88, -0.35, 8.92, -16.87, -24.40
0.49, -0.85, -0.33, 4.96, -5.21, -13.04
0.57, -0.79, -0.29, -3.33, 2.18, -5.46
0.62, -0.78, -0.20, -13.60, 11.65, 7.86
0.65, -0.80, -0.16, -22.89, 14.21, 15.05
0.57, -0.83, -0.21, -34.10, 22.34, 23.72
0.42, -0.85, -0.25, -42.46, 30.71, 29.17
0.33, -0.82, -0.28, -44.23, 31.06, 28.85
0.31, -0.82, -0.31, -41.63, 3.78, 27.84
0.25, -0.84, -0.37, -30.46, -29.56, 23.62
0.08, -0.86, -0.46, -14.30, -45.54, 9.49
-0.17, -0.88, -0.55, -3.34, -33.68, -11.29
-0.36, -0.90, -0.57, 3.37, 13.42, -24.37
-0.28, -0.89, -0.49, 10.91, 35.07, -40.13
-0.03, -0.88, -0.42, 16.89, 22.86, -44.88
0.22, -0.90, -0.40, 17.95, 0.52, -36.93
0.42, -0.89, -0.38, 12.94, 4.62, -20.91
0.60, -0.83, -0.28, 8.56, 12.57, -10.93
0.69, -0.77, -0.22, -1.12, 11.37, -0.57
0.71, -0.76, -0.13, -13.80, 21.09, 12.43
0.69, -0.81, -0.13, -27.65, 18.26, 18.96
0.55, -0.85, -0.19, -41.18, 22.53, 26.48
0.35, -0.84, -0.25, -48.45, 31.52, 27.38
0.25, -0.79, -0.29, -50.79, 38.83, 28.88
0.24, -0.80, -0.32, -47.51, 12.94, 25.53
0.20, -0.81, -0.35, -30.68, -35.72, 20.20
0.07, -0.82, -0.44, -12.48, -54.29, 7.90
-0.17, -0.85, -0.56, -0.16, -38.31, -12.67
-0.37, -0.89, -0.53, 1.24, 14.64, -26.23
-0.27, -0.90, -0.42, 4.32, 34.31, -38.64
0.03, -0.87, -0.37, 10.45, 14.73, -38.02
0.32, -0.87, -0.36, 12.32, -7.14, -29.96
0.49, -0.88, -0.35, 9.99, -21.29, -19.75
0.57, -0.85, -0.33, 8.08, -9.51, -7.19
0.62, -0.80, -0.27, -3.03, 2.14, 2.17
0.65, -0.79, -0.19, -12.96, 21.87, 14.78
0.65, -0.81, -0.17, -26.38, 20.47, 20.44
0.52, -0.84, -0.20, -38.78, 23.07, 27.00
0.36, -0.83, -0.25, -46.89, 27.96, 28.73
0.28, -0.81, -0.30, -48.79, 23.69, 28.32
0.23, -0.80, -0.34, -41.07, -14.11, 22.65
0.16, -0.82, -0.39, -25.05, -42.94, 14.69
-0.00, -0.85, -0.50, -7.44, -51.60, -2.70
-0.24, -0.87, -0.57, 1.54, -15.14, -17.38
-0.33, -0.90, -0.52, 5.28, 30.03, -30.25
-0.17, -0.89, -0.43, 12.83, 37.05, -40.84
0.09, -0.87, -0.40, 17.12, 22.13, -39.88
0.35, -0.89, -0.37, 16.32, 1.67, -27.47
0.54, -0.87, -0.35, 15.25, -6.30, -16.69
0.60, -0.80, -0.30, 9.08, -1.42, -3.73
0.61, -0.76, -0.22, -1.86, 14.25, 8.66
0.64, -0.78, -0.13, -13.34, 25.03, 16.57
0.63, -0.82, -0.12, -26.66, 20.68, 25.55
0.52, -0.85, -0.18, -37.39, 21.51, 30.29
0.38, -0.84, -0.23, -41.72, 29.97, 29.27
0.26, -0.81, -0.26, -47.50, 32.47, 30.91
0.21, -0.81, -0.30, -42.56, 11.93, 29.32
0.21, -0.82, -0.34, -28.80, -29.84, 23.42
0.12, -0.85, -0.41, -10.94, -56.61, 10.07
-0.14, -0.88, -0.54, 4.81, -48.38, -12.49
-0.36, -0.90, -0.56, 9.81, 10.54, -29.63
-0.31, -0.93, -0.46, 13.30, 40.19, -44.31
-0.03, -0.93, -0.39, 17.12, 30.10, -45.19
0.31, -0.92, -0.37, 16.40, 1.66, -38.06
0.51, -0.91, -0.33, 13.08, -16.74, -24.77
0.64, -0.86, -0.29, 5.71, -18.52, -10.10
0.70, -0.80, -0.23, -5.25, 11.03, 6.23
0.73, -0.77, -0.15, -19.73, 21.72, 11.72
0.67, -0.79, -0.11, -34.47, 21.53, 21.25
0.53, -0.82, -0.17, -47.35, 25.22, 28.04
0.36, -0.80, -0.24, -55.05, 32.20, 31.54
0.24, -0.75, -0.30, -58.06, 33.88, 33.66
0.19, -0.75, -0.33, -48.87, -3.67, 27.51
0.20, -0.78, -0.38, -27.18, -36.49, 25.94
0.06, -0.79, -0.51, -13.08, -42.65, 9.66
-0.21, -0.80, -0.55, -2.89, -17.42, -9.34
-0.30, -0.86, -0.49, -2.13, 39.09, -14.46
-0.10, -0.90, -0.41, -2.77, 58.45, -20.43
0.18, -0.89, -0.35, -1.93, 50.42, -17.21
0.43, -0.87, -0.30, -3.99, 31.86, -12.35
0.53, -0.88, -0.28, -7.09, 14.86, -6.22
0.51, -0.86, -0.29, -11.35, 6.05, -2.58
0.43, -0.84, -0.31, -16.29, 10.24, 2.12
0.37, -0.85, -0.31, -21.34, 11.34, 3.31
0.33, -0.84, -0.32, -25.15, 8.55, 5.67
0.30, -0.83, -0.33, -28.23, 8.89, 5.92
0.26, -0.81, -0.34, -31.72, 13.51, 3.71
0.22, -0.79, -0.34, -33.95, 19.87, 1.47
0.19, -0.77, -0.35, -33.45, 23.44, -0.63
0.20, -0.77, -0.38, -31.26, 23.39, 2.07
0.24, -0.80, -0.38, -30.12, 16.59, 4.61
0.26, -0.83, -0.37, -28.84, 10.17, 7.59
0.28, -0.83, -0.37, -27.56, 6.69, 9.85
0.29, -0.83, -0.36, -25.99, 4.00, 9.99
0.30, -0.82, -0.35, -24.66, 4.97, 10.39
0.29, -0.82, -0.35, -23.73, 6.35, 10.12
0.28, -0.84, -0.35, -25.22, 7.06, 11.78
0.27, -0.86, -0.36, -24.92, 6.37, 11.85
0.27, -0.86, -0.35, -24.24, 3.21, 12.06
0.27, -0.86, -0.35, -24.50, 0.78, 11.71
0.27, -0.85, -0.34, -25.71, -0.51, 12.28
0.27, -0.83, -0.34, -25.53, -1.86, 11.67
0.26, -0.83, -0.33, -27.52, -4.86, 12.04
0.24, -0.85, -0.33, -27.04, -9.31, 12.62
0.24, -0.86, -0.34, -26.61, -9.24, 13.64
0.24, -0.86, -0.35, -23.92, -10.82, 11.56
0.21, -0.84, -0.36, -22.52, -9.50, 9.44
0.18, -0.83, -0.38, -23.23, -6.95, 7.58
0.18, -0.82, -0.38, -25.29, -4.58, 8.46
0.21, -0.82, -0.36, -26.59, -4.28, 10.28
0.25, -0.81, -0.34, -27.01, -7.57, 9.62
0.25, -0.79, -0.35, -25.79, -14.39, 9.51
0.23, -0.78, -0.37, -25.18, -19.86, 11.23
0.21, -0.80, -0.39, -25.53, -24.45, 13.88
0.20, -0.83, -0.41, -24.56, -30.25, 17.29
0.20, -0.84, -0.42, -22.50, -39.34, 19.28
0.19, -0.83, -0.42, -19.07, -49.15, 19.41
0.18, -0.83, -0.41, -16.50, -56.29, 18.16
0.16, -0.83, -0.40, -15.34, -57.76, 17.54
0.13, -0.83, -0.40, -14.87, -59.25, 15.28
0.09, -0.82, -0.42, -15.17, -60.93, 14.92
0.08, -0.81, -0.43, -15.07, -62.76, 15.32
0.09, -0.81, -0.43, -12.75, -64.00, 15.78
0.10, -0.81, -0.42, -11.77, -64.00, 15.44
0.11, -0.82, -0.42, -11.43, -64.00, 15.42
0.11, -0.82, -0.43, -9.48, -64.00, 14.15
0.10, -0.81, -0.43, -7.99, -64.00, 12.12
0.09, -0.81, -0.42, -8.49, -52.35, 11.82
0.05, -0.82, -0.43, -10.52, -36.31, 11.81
0.05, -0.83, -0.45, -10.86, -29.16, 10.82
0.07, -0.83, -0.47, -9.99, -28.32, 11.11
0.11, -0.84, -0.48, -10.45, -28.50, 13.33
0.13, -0.87, -0.46, -12.47, -32.03, 14.30
0.12, -0.87, -0.44, -13.89, -34.12, 13.92
0.09, -0.86, -0.44, -14.30, -29.21, 13.62
0.06, -0.85, -0.44, -14.18, -23.59, 14.98
0.04, -0.87, -0.45, -16.36, -17.35, 14.75
0.03, -0.88, -0.44, -17.69, -14.65, 16.16
0.03, -0.88, -0.44, -19.82, -13.71, 15.51
0.02, -0.87, -0.45, -18.52, -14.31, 14.38
0.01, -0.85, -0.45, -18.58, -15.35, 14.08
-0.00, -0.85, -0.44, -18.51, -15.39, 11.78
-0.01, -0.84, -0.43, -18.53, -12.23, 10.14
-0.03, -0.84, -0.42, -18.75, -6.47, 9.20
-0.06, -0.83, -0.42, -20.05, 0.30, 7.60
-0.08, -0.82, -0.43, -19.71, 3.31, 6.71
-0.07, -0.82, -0.44, -18.61, 3.27, 6.73
-0.04, -0.82, -0.44, -17.74, -0.73, 5.95
-0.04, -0.82, -0.43, -16.62, -2.84, 5.52
-0.04, -0.81, -0.42, -15.78, -1.61, 3.44
-0.04, -0.81, -0.43, -14.45, -0.31, 2.32
-0.05, -0.81, -0.43, -14.80, 1.90, 3.40
-0.04, -0.82, -0.43, -13.44, 2.91, 3.88
-0.04, -0.82, -0.43, -12.85, 1.93, 3.75
-0.03, -0.83, -0.43, -12.52, -0.76, 5.08
-0.02, -0.83, -0.42, -13.01, -2.64, 5.99
-0.01, -0.83, -0.41, -13.75, -4.08, 6.23
-0.03, -0.83, -0.41, -14.01, -2.89, 5.56
-0.05, -0.82, -0.42, -14.40, -0.25, 5.39
-0.06, -0.82, -0.42, -14.48, 2.13, 5.54
-0.06, -0.82, -0.43, -14.48, 2.57, 4.46
-0.05, -0.82, -0.43, -15.05, 2.23, 4.42
-0.06, -0.82, -0.43, -13.95, 0.93, 3.14
-0.06, -0.82, -0.43, -13.99, -0.08, 2.50
-0.05, -0.82, -0.42, -13.69, -0.21, 1.70
-0.05, -0.82, -0.42, -14.08, 0.33, 2.24
-0.05, -0.81, -0.43, -14.85, 1.26, 2.88
-0.04, -0.82, -0.43, -15.77, 2.41, 3.14
-0.04, -0.82, -0.43, -16.26, 1.88, 3.79
-0.04, -0.81, -0.44, -15.99, 1.88, 3.56
-0.05, -0.80, -0.44, -14.22, 0.74, 4.82
-0.05, -0.81, -0.45, -14.79, 1.81, 4.36
-0.06, -0.82, -0.45, -14.76, 2.46, 4.72
-0.07, -0.83, -0.44, -14.94, 4.02, 3.05
-0.07, -0.82, -0.44, -15.42, 3.56, 2.77
-0.07, -0.82, -0.44, -15.57, 2.67, 1.90
-0.07, -0.81, -0.44, -14.94, 2.72, 1.85
-0.07, -0.81, -0.44, -15.77, 2.35, 0.23
-0.07, -0.82, -0.44, -14.75, 2.79, 1.22
-0.08, -0.82, -0.44, -15.71, 2.74, -0.86
-0.08, -0.82, -0.44, -15.29, 5.04, -0.71
-0.06, -0.82, -0.43, -16.29, 3.74, -1.33
-0.06, -0.81, -0.43, -17.24, 4.07, -3.02
-0.07, -0.81, -0.42, -18.59, 3.97, -3.65
-0.07, -0.82, -0.43, -19.57, 2.30, -5.76
-0.07, -0.82, -0.43, -21.60, 0.31, -6.31
-0.07, -0.82, -0.43, -21.60, 1.36, -8.38
-0.07, -0.83, -0.44, -23.40, 2.51, -9.78
-0.08, -0.84, -0.44, -24.86, 5.13, -12.16
-0.08, -0.84, -0.43, -26.90, 7.47, -15.20
-0.09, -0.84, -0.45, -27.66, 5.94, -18.33
-0.07, -0.84, -0.47, -26.51, 3.76, -20.81
-0.06, -0.85, -0.49, -26.63, 1.61, -24.24
-0.05, -0.87, -0.48, -27.08, 1.93, -26.34
-0.07, -0.87, -0.47, -27.04, 8.93, -29.74
-0.06, -0.86, -0.48, -26.92, 13.94, -31.72
-0.04, -0.84, -0.49, -24.79, 17.23, -32.66
-0.01, -0.82, -0.50, -23.63, 15.71, -33.33
0.01, -0.81, -0.51, -22.03, 14.29, -32.79
0.03, -0.81, -0.50, -21.78, 11.92, -31.29
0.04, -0.80, -0.48, -21.05, 9.30, -29.86
0.05, -0.79, -0.47, -21.28, 13.14, -26.34
0.06, -0.78, -0.46, -23.81, 12.65, -23.88
0.06, -0.76, -0.45, -24.87, 12.88, -21.50
0.07, -0.75, -0.45, -24.26, 12.27, -18.79
0.08, -0.75, -0.47, -23.42, 10.77, -16.39
0.08, -0.75, -0.48, -22.22, 7.97, -14.34
0.08, -0.76, -0.48, -23.10, 7.42, -11.22
0.07, -0.75, -0.47, -22.99, 8.78, -10.17
0.06, -0.75, -0.47, -23.51, 11.46, -8.71
0.06, -0.75, -0.47, -23.32, 12.17, -7.70
0.06, -0.75, -0.47, -23.16, 10.39, -5.71
0.06, -0.76, -0.47, -22.84, 9.04, -5.12
0.07, -0.77, -0.48, -21.83, 6.09, -3.10
0.07, -0.77, -0.49, -21.15, 4.40, -2.60
0.06, -0.76, -0.49, -20.01, 4.52, -2.50
0.05, -0.76, -0.49, -19.56, 4.95, -0.32
0.05, -0.76, -0.49, -17.36, 4.59, -2.04
0.05, -0.77, -0.49, -16.36, 4.31, -0.43
0.06, -0.77, -0.50, -14.47, 3.09, 0.11
0.06, -0.78, -0.50, -13.74, 1.64, -0.27
0.07, -0.78, -0.49, -12.47, 2.31, 0.83
0.06, -0.78, -0.49, -12.79, 2.87, 0.03
0.07, -0.78, -0.49, -12.27, 4.33, 0.60
0.07, -0.79, -0.50, -12.54, 4.43, 0.52
0.08, -0.79, -0.50, -12.26, 2.38, -0.03
0.09, -0.80, -0.50, -12.12, 0.06, 0.92
0.09, -0.79, -0.50, -11.83, 0.28, 1.74
0.08, -0.79, -0.49, -11.56, 0.55, 0.74
0.07, -0.79, -0.49, -11.72, 1.77, 0.95
0.07, -0.79, -0.49, -11.58, 3.36, 0.20
0.06, -0.79, -0.49, -12.23, 4.38, 0.57
0.06, -0.79, -0.49, -11.57, 3.02, 0.56
0.06, -0.78, -0.50, -11.02, 2.79, 1.29
0.06, -0.78, -0.50, -10.50, 1.13, 1.42
0.06, -0.78, -0.50, -11.09, 0.01, 1.75
0.07, -0.78, -0.49, -9.75, -1.31, 0.81
0.07, -0.78, -0.49, -11.10, -1.90, 0.51
0.06, -0.78, -0.49, -11.61, 0.38, 1.19
0.05, -0.78, -0.49, -12.35, 2.52, 1.54
0.05, -0.78, -0.49, -13.25, 4.17, 3.70
0.07, -0.78, -0.50, -13.06, 3.73, 3.01
0.07, -0.78, -0.49, -13.53, 2.84, 3.75
0.07, -0.78, -0.49, -12.69, 1.69, 3.09
0.06, -0.79, -0.49, -13.27, 2.46, 3.10
0.06, -0.79, -0.50, -13.79, 1.87, 2.60
0.05, -0.79, -0.50, -13.21, 2.99, 2.69
0.05, -0.80, -0.50, -13.56, 2.59, 1.42
0.05, -0.80, -0.50, -13.12, 3.11, 2.39
0.05, -0.80, -0.50, -13.47, 4.44, 0.62
0.05, -0.80, -0.50, -13.03, 6.61, 0.68
0.06, -0.80, -0.50, -13.81, 6.99, 0.51
0.06, -0.79, -0.50, -14.39, 5.93, 0.39
0.06, -0.79, -0.50, -13.81, 5.33, 0.84
0.06, -0.79, -0.50, -14.15, 6.23, -0.49
0.06, -0.79, -0.50, -14.52, 8.01, -0.37
0.06, -0.79, -0.52, -13.69, 8.79, 0.47
0.07, -0.78, -0.51, -14.54, 9.11, 1.28
0.06, -0.78, -0.49, -16.59, 12.41, 1.60
0.05, -0.78, -0.47, -18.97, 15.15, 0.01
0.05, -0.78, -0.47, -20.64, 14.55, 0.83
0.06, -0.78, -0.49, -20.52, 10.74, 1.35
0.07, -0.77, -0.51, -18.53, 4.66, 0.99
0.07, -0.77, -0.52, -18.20, 3.37, 2.58
0.06, -0.77, -0.52, -17.95, -2.81, 1.12
0.06, -0.77, -0.52, -17.33, -6.42, 4.60
0.06, -0.78, -0.51, -15.87, -7.44, 4.16
0.03, -0.79, -0.50, -15.63, 7.18, 2.75
0.02, -0.80, -0.51, -13.99, 15.55, -0.44
0.01, -0.77, -0.55, -11.28, 24.61, -4.27
0.02, -0.77, -0.55, -11.64, 19.34, -5.01
0.04, -0.81, -0.51, -11.67, 13.89, -4.00
0.09, -0.83, -0.50, -12.11, 2.35, -4.93
0.10, -0.81, -0.50, -10.34, -4.41, -7.99
0.08, -0.80, -0.51, -9.82, -3.93, -11.35
0.06, -0.81, -0.51, -12.36, 1.97, -12.84
0.05, -0.82, -0.49, -13.79, 10.71, -13.87
0.05, -0.81, -0.47, -15.10, 15.39, -15.40
0.07, -0.81, -0.48, -15.83, 15.25, -16.69
0.10, -0.81, -0.51, -13.96, 10.08, -16.04
0.12, -0.81, -0.52, -13.00, 3.36, -16.09
0.12, -0.80, -0.52, -10.82, -1.53, -15.43
0.12, -0.80, -0.52, -10.99, -3.14, -16.64
0.10, -0.80, -0.52, -9.34, 2.65, -17.74
0.09, -0.81, -0.52, -9.25, 6.30, -18.69
0.07, -0.82, -0.51, -9.38, 11.41, -19.31
0.08, -0.83, -0.50, -10.10, 13.95, -19.90
0.10, -0.84, -0.49, -9.95, 12.49, -21.57
0.11, -0.84, -0.49, -8.24, 9.26, -22.37
0.12, -0.82, -0.49, -7.39, 6.77, -26.20
0.11, -0.82, -0.48, -7.52, 6.64, -27.64
0.11, -0.83, -0.48, -7.35, 7.81, -30.37
0.11, -0.83, -0.48, -7.76, 11.23, -31.44
0.12, -0.82, -0.48, -8.19, 10.71, -32.06
0.14, -0.80, -0.48, -8.33, 10.31, -32.84
0.15, -0.78, -0.47, -8.10, 9.68, -33.37
0.16, -0.78, -0.47, -8.43, 8.66, -32.65
0.18, -0.79, -0.46, -8.86, 7.87, -31.24
0.20, -0.78, -0.46, -9.16, 4.33, -29.07
0.22, -0.76, -0.45, -9.23, 2.58, -29.88
0.22, -0.75, -0.46, -9.43, -0.27, -28.46
0.21, -0.74, -0.47, -8.78, -2.17, -24.69
0.22, -0.75, -0.47, -8.76, -2.65, -22.97
0.22, -0.75, -0.47, -7.77, -1.09, -19.83
0.22, -0.74, -0.47, -6.89, -0.33, -16.66
0.24, -0.74, -0.47, -6.21, -1.87, -14.61
0.24, -0.73, -0.47, -6.39, -0.65, -12.54
0.24, -0.74, -0.48, -7.27, 0.44, -9.79
0.25, -0.74, -0.47, -7.10, -1.34, -8.73
0.24, -0.74, -0.47, -8.17, -1.70, -6.17
0.23, -0.75, -0.48, -9.62, -1.76, -5.58
0.23, -0.76, -0.47, -9.49, -1.62, -4.82
0.24, -0.77, -0.47, -10.74, -2.27, -5.84
0.24, -0.76, -0.48, -10.61, -4.03, -3.75
0.24, -0.76, -0.49, -10.35, -5.67, -3.56
0.23, -0.78, -0.49, -11.28, -6.92, -2.09
0.23, -0.79, -0.49, -11.23, -10.13, -1.93
0.23, -0.80, -0.49, -10.78, -10.79, -2.97
0.21, -0.79, -0.50, -10.15, -7.71, -4.48
0.21, -0.78, -0.50, -10.96, -5.60, -4.91
0.22, -0.79, -0.49, -10.08, -6.78, -4.88
0.24, -0.79, -0.48, -9.40, -11.76, -4.79
0.23, -0.79, -0.49, -9.00, -11.39, -5.87
0.21, -0.80, -0.49, -8.92, -8.75, -7.28
0.20, -0.80, -0.49, -8.13, -6.49, -7.77
0.21, -0.80, -0.49, -7.51, -6.78, -9.14
0.21, -0.80, -0.49, -7.56, -4.76, -10.12
0.21, -0.80, -0.49, -7.38, 1.63, -9.93
0.21, -0.80, -0.47, -8.04, 5.01, -10.67
0.23, -0.80, -0.47, -8.43, 2.37, -11.51
0.24, -0.80, -0.48, -9.30, 0.95, -11.35
0.24, -0.80, -0.48, -9.00, 2.51, -12.27
0.23, -0.80, -0.47, -11.44, 3.49, -12.24
0.23, -0.80, -0.45, -12.18, 3.93, -10.27
0.24, -0.80, -0.46, -12.39, 5.37, -11.45
0.24, -0.79, -0.47, -12.34, 7.72, -9.95
0.25, -0.78, -0.47, -12.35, 6.96, -8.47
0.26, -0.78, -0.47, -11.61, 3.54, -7.99
0.27, -0.77, -0.47, -11.11, 2.49, -7.27
0.28, -0.77, -0.46, -11.05, 4.06, -7.54
0.26, -0.78, -0.44, -10.62, 5.23, -5.91
0.26, -0.78, -0.44, -10.74, 6.74, -4.31
0.27, -0.78, -0.44, -9.09, 7.48, -3.47
0.27, -0.76, -0.44, -7.93, 8.36, -4.48
0.26, -0.76, -0.44, -5.85, 9.48, -2.70
0.26, -0.78, -0.43, -3.66, 7.83, -1.20
0.27, -0.79, -0.42, 1.25, 5.87, -1.50
0.27, -0.79, -0.41, 5.13, 4.88, -2.84
0.25, -0.79, -0.41, 8.68, 8.05, -3.82
0.23, -0.78, -0.42, 13.12, 6.20, -3.81
0.24, -0.78, -0.41, 15.21, 7.69, 1.32
0.28, -0.80, -0.40, 17.68, -2.65, 1.97
0.30, -0.79, -0.39, 20.20, -10.48, 5.82
0.29, -0.77, -0.38, 19.01, -18.47, 6.32
0.25, -0.76, -0.36, 17.95, -15.92, 3.47
0.21, -0.77, -0.36, 13.46, -8.34, 0.51
0.19, -0.79, -0.37, 8.95, -0.28, -0.44
0.20, -0.82, -0.38, 2.71, 6.38, 0.07
0.21, -0.83, -0.40, -0.92, 10.34, -0.52
0.25, -0.84, -0.43, -3.04, 6.84, -0.18
0.28, -0.84, -0.44, -6.96, 0.19, 0.29
0.30, -0.85, -0.44, -9.76, -2.23, 0.89
0.28, -0.85, -0.45, -12.03, -3.80, -0.54
0.25, -0.86, -0.48, -14.88, -8.94, -1.85
0.24, -0.86, -0.49, -13.66, -1.33, -3.20
0.24, -0.84, -0.51, -15.17, -2.55, -5.21
0.24, -0.83, -0.50, -16.54, -2.78, -4.06
0.25, -0.82, -0.49, -18.59, 1.89, -4.59
0.25, -0.82, -0.49, -19.12, 6.73, -4.85
0.24, -0.82, -0.47, -19.92, 11.71, -4.72
0.24, -0.82, -0.47, -20.59, 14.93, -5.73
0.25, -0.82, -0.48, -21.29, 13.17, -6.65
0.27, -0.81, -0.47, -23.21, 9.20, -6.36
0.27, -0.80, -0.45, -25.05, 7.99, -6.74
0.26, -0.80, -0.43, -27.56, 8.40, -6.02
0.27, -0.81, -0.43, -30.22, 8.99, -6.05
0.28, -0.81, -0.42, -31.14, 8.98, -7.10
0.29, -0.80, -0.42, -32.73, 6.72, -6.36
0.30, -0.79, -0.43, -35.25, 3.59, -4.63
0.30, -0.79, -0.43, -34.18, 1.78, -4.38
0.29, -0.79, -0.43, -32.96, 1.99, -3.72
0.29, -0.80, -0.44, -33.12, 1.27, -2.96
0.28, -0.80, -0.45, -34.07, 1.62, -2.99
0.28, -0.79, -0.45, -33.46, 3.44, -2.45
0.27, -0.78, -0.45, -31.70, 3.84, -1.93
0.27, -0.78, -0.44, -29.94, 4.25, -1.96
0.26, -0.80, -0.44, -27.54, 5.22, -1.41
0.26, -0.81, -0.44, -25.80, 2.96, -2.27
0.26, -0.79, -0.43, -22.98, 1.07, -2.13
0.26, -0.78, -0.43, -21.81, 2.80, -4.08
0.26, -0.77, -0.43, -20.76, 5.67, -2.44
0.26, -0.77, -0.42, -19.69, 9.61, -1.34
0.27, -0.78, -0.42, -19.08, 8.83, -0.72
0.29, -0.78, -0.43, -18.06, 4.82, 0.99
0.30, -0.78, -0.43, -17.76, -0.11, 0.12
0.29, -0.78, -0.44, -16.83, -2.86, 0.48
0.29, -0.78, -0.44, -17.25, -5.11, 0.50
0.28, -0.78, -0.45, -18.30, -5.41, 0.18
0.28, -0.78, -0.45, -19.02, -3.83, -0.29
0.28, -0.78, -0.46, -20.16, -2.01, 0.53
0.28, -0.78, -0.47, -20.16, -1.29, 0.87
0.29, -0.78, -0.47, -21.09, -1.79, 2.10
0.30, -0.78, -0.48, -20.46, -3.48, 2.14
0.30, -0.78, -0.49, -19.86, -4.75, 1.96
0.28, -0.78, -0.49, -19.72, -3.64, 3.35
0.27, -0.78, -0.50, -20.31, -3.86, 3.74
0.27, -0.78, -0.50, -20.15, -4.52, 4.15
0.27, -0.78, -0.50, -20.16, -3.37, 3.92
0.26, -0.78, -0.50, -19.66, -4.51, 3.52
0.25, -0.78, -0.50, -19.55, -4.74, 3.29
0.25, -0.78, -0.50, -19.43, -5.62, 1.54
0.25, -0.79, -0.50, -18.63, -4.90, 0.87
0.24, -0.79, -0.50, -18.64, -2.85, 0.32
0.24, -0.78, -0.49, -19.36, -2.11, 0.15
0.25, -0.78, -0.48, -19.16, 1.17, -0.59
0.24, -0.78, -0.48, -19.06, 2.11, -1.98
0.24, -0.78, -0.48, -18.26, 4.33, -2.48
0.25, -0.78, -0.49, -18.52, 4.79, -3.29
0.25, -0.77, -0.49, -18.00, 5.18, -2.31
0.25, -0.77, -0.48, -17.54, 5.55, -2.87
0.26, -0.76, -0.48, -18.12, 6.30, -2.82
0.26, -0.76, -0.48, -17.60, 7.55, -1.24
0.27, -0.75, -0.49, -17.04, 6.34, -0.49
0.28, -0.75, -0.51, -15.71, 2.64, 0.03
0.29, -0.75, -0.51, -15.12, -0.46, 0.50
0.28, -0.76, -0.50, -14.84, -2.34, 0.75
0.26, -0.76, -0.50, -14.41, -1.47, 0.98
0.25, -0.76, -0.50, -14.28, 2.57, 0.13
0.24, -0.76, -0.50, -14.59, 4.35, 0.93
0.24, -0.77, -0.49, -13.23, 4.57, 1.90
0.25, -0.77, -0.49, -11.92, 3.27, 0.67
0.25, -0.77, -0.50, -11.85, 1.68, 0.79
0.25, -0.77, -0.50, -11.17, -0.48, 0.76
0.25, -0.77, -0.50, -11.61, -0.81, -0.39
0.25, -0.77, -0.50, -11.92, -0.29, -0.71
0.25, -0.77, -0.50, -11.77, 0.88, 0.71
0.26, -0.77, -0.50, -12.16, 2.94, -0.08
0.26, -0.77, -0.50, -12.44, 3.63, 0.28
0.26, -0.77, -0.50, -12.22, 3.95, -0.07
0.26, -0.76, -0.50, -12.96, 4.92, 0.24
0.26, -0.76, -0.51, -12.45, 4.70, 0.92
0.25, -0.76, -0.51, -12.52, 3.53, 0.96
0.25, -0.77, -0.50, -12.37, 3.01, 0.40
0.25, -0.77, -0.50, -12.62, 2.61, -0.44
0.25, -0.77, -0.50, -12.99, 2.24, -0.48
0.26, -0.76, -0.49, -13.67, 4.47, -0.04
0.25, -0.76, -0.49, -13.98, 5.45, -0.02
0.26, -0.76, -0.50, -13.83, 6.00, 0.35
0.26, -0.77, -0.50, -12.87, 5.35, 0.07
0.26, -0.77, -0.50, -11.92, 3.66, 0.32
0.26, -0.77, -0.51, -10.92, 3.37, 0.09
0.25, -0.77, -0.50, -10.20, 3.33, -0.17
0.24, -0.78, -0.49, -10.08, 4.79, -1.37
0.24, -0.78, -0.49, -11.07, 10.20, -0.70
0.25, -0.78, -0.47, -10.51, 6.37, -1.58
0.27, -0.78, -0.48, -10.01, 5.79, -0.38
0.28, -0.77, -0.50, -9.58, 4.27, -0.26
0.27, -0.76, -0.49, -9.33, 2.85, -0.44
0.26, -0.75, -0.49, -8.96, 1.73, 0.57
0.27, -0.75, -0.49, -8.49, 0.82, 0.86
0.26, -0.75, -0.49, -9.12, 0.68, 1.45
0.25, -0.76, -0.49, -9.43, -0.02, 1.75
0.24, -0.77, -0.48, -9.50, 0.77, 1.27
0.24, -0.77, -0.48, -10.55, 2.74, 1.28
0.25, -0.77, -0.49, -11.01, 3.03, 1.06
0.26, -0.77, -0.49, -10.82, 3.94, 0.48
0.26, -0.78, -0.50, -10.82, 4.95, 1.24
0.25, -0.79, -0.51, -10.46, 5.06, 1.25
0.24, -0.79, -0.51, -11.24, 6.01, 0.30
0.24, -0.79, -0.50, -10.95, 5.80, -0.21
0.25, -0.78, -0.50, -10.38, 6.62, -0.87
0.25, -0.78, -0.50, -11.30, 7.14, -0.87
0.26, -0.78, -0.49, -12.14, 6.99, -0.40
0.26, -0.78, -0.47, -12.86, 8.22, -0.17
0.26, -0.78, -0.48, -13.96, 9.10, -0.23
0.26, -0.78, -0.48, -12.94, 9.26, -0.64
0.25, -0.78, -0.48, -13.31, 7.72, -0.71
0.26, -0.78, -0.49, -13.09, 4.80, -0.04
0.26, -0.77, -0.48, -12.46, 3.32, -0.69
0.26, -0.76, -0.48, -12.77, 4.58, -0.87
0.25, -0.76, -0.48, -13.15, 6.02, -1.00
0.26, -0.76, -0.48, -12.57, 7.62, -0.07
0.26, -0.77, -0.47, -13.05, 7.89, 0.08
0.26, -0.81, -0.47, -12.47, 7.86, -0.26
0.27, -0.79, -0.47, -12.78, 6.18, 0.08
0.27, -0.78, -0.47, -12.83, 7.47, -0.06
0.28, -0.78, -0.46, -13.40, 7.35, 0.44
0.27, -0.77, -0.47, -13.27, 9.17, 0.11
0.26, -0.77, -0.48, -13.33, 9.28, 0.79
0.26, -0.77, -0.49, -13.79, 7.33, 2.21
0.28, -0.78, -0.48, -13.53, 4.88, 3.22
0.29, -0.77, -0.47, -13.71, 3.36, 6.26
0.32, -0.75, -0.46, -13.26, 6.06, 10.91
0.35, -0.73, -0.46, -15.27, 6.76, 15.77
0.36, -0.73, -0.45, -17.39, 8.94, 20.24
0.36, -0.75, -0.46, -21.00, 10.56, 23.75
0.34, -0.76, -0.47, -21.52, 12.57, 25.28
0.31, -0.77, -0.48, -23.28, 10.65, 25.63
0.27, -0.81, -0.49, -21.99, 4.88, 23.84
0.22, -0.86, -0.48, -20.56, -2.04, 17.46
0.17, -0.92, -0.48, -18.11, -8.44, 5.87
0.08, -0.97, -0.50, -14.81, -11.20, -3.06
0.01, -0.95, -0.53, -12.78, -4.31, -10.06
0.01, -0.87, -0.55, -6.01, 3.28, -20.40
0.04, -0.81, -0.56, -4.12, 13.04, -27.80
0.12, -0.77, -0.51, -4.65, 22.43, -27.14
0.22, -0.71, -0.48, -3.44, 22.01, -23.20
0.33, -0.65, -0.47, -4.11, 21.69, -16.63
0.44, -0.62, -0.43, -7.45, 25.15, -6.36
0.45, -0.61, -0.41, -13.18, 26.30, 5.38
0.47, -0.61, -0.41, -16.84, 17.74, 13.88
0.42, -0.64, -0.44, -19.96, 15.18, 22.07
0.38, -0.70, -0.46, -22.64, 20.91, 29.20
0.34, -0.74, -0.47, -22.88, 17.66, 29.87
0.27, -0.79, -0.49, -20.59, 13.18, 28.17
0.19, -0.88, -0.49, -18.93, 2.66, 18.19
0.07, -0.98, -0.50, -14.60, -6.93, 7.66
-0.01, -1.04, -0.55, -10.02, -10.87, -6.68
-0.00, -1.01, -0.56, -6.14, -5.70, -18.57
0.04, -0.92, -0.55, -1.16, -1.15, -31.21
0.08, -0.85, -0.52, -4.63, 18.56, -33.12
0.21, -0.79, -0.46, -5.43, 38.84, -27.08
0.38, -0.69, -0.42, -7.23, 31.77, -20.41
0.46, -0.62, -0.42, -11.40, 18.35, -8.56
0.51, -0.60, -0.40, -18.21, 14.24, 8.01
0.53, -0.58, -0.41, -17.36, -3.51, 11.39
0.44, -0.58, -0.46, -20.00, -6.03, 19.03
0.39, -0.62, -0.49, -21.07, 5.70, 27.81
0.35, -0.68, -0.51, -20.25, 14.05, 31.41
0.29, -0.74, -0.51, -15.82, 12.86, 29.78
0.19, -0.87, -0.49, -14.12, 6.48, 22.61
0.09, -1.01, -0.48, -13.14, 0.83, 10.53
-0.01, -1.06, -0.51, -10.89, -7.46, -6.88
-0.07, -1.01, -0.50, -10.85, -4.52, -19.20
-0.01, -0.92, -0.49, -2.71, -6.27, -33.30
0.06, -0.87, -0.49, -4.82, -0.54, -42.87
0.15, -0.84, -0.45, -9.48, 16.52, -38.27
0.31, -0.75, -0.43, -10.53, 24.73, -27.52
0.50, -0.62, -0.44, -12.84, 17.75, -14.44
0.58, -0.55, -0.43, -16.54, 12.49, 2.91
0.63, -0.53, -0.42, -17.44, 3.70, 16.18
0.59, -0.55, -0.45, -20.38, -5.85, 24.77
0.46, -0.62, -0.47, -23.67, 7.43, 33.57
0.36, -0.68, -0.49, -24.25, 19.43, 36.02
0.29, -0.73, -0.49, -23.11, 17.63, 34.81
0.23, -0.85, -0.49, -20.19, -1.16, 27.74
0.14, -1.00, -0.48, -19.29, -18.40, 18.33
0.02, -1.09, -0.50, -13.55, -22.07, 0.99
-0.11, -1.08, -0.52, -13.61, -13.99, -19.58
-0.14, -0.99, -0.50, -4.37, 0.32, -36.12
-0.02, -0.91, -0.53, -1.22, 0.25, -50.15
0.10, -0.90, -0.51, -6.38, 13.29, -47.33
0.31, -0.83, -0.46, -8.80, 28.99, -34.23
0.51, -0.66, -0.44, -8.15, 20.46, -27.61
0.59, -0.53, -0.44, -12.77, 9.32, -9.53
0.65, -0.49, -0.43, -18.16, 16.22, 13.92
0.67, -0.47, -0.42, -17.99, -4.57, 20.31
0.52, -0.50, -0.45, -21.38, -7.44, 30.30
0.34, -0.58, -0.48, -23.89, 8.38, 34.12
0.25, -0.64, -0.50, -27.16, 21.24, 37.77
0.24, -0.68, -0.48, -24.26, 17.37, 38.41
0.25, -0.79, -0.48, -18.92, -3.09, 32.26
0.19, -0.98, -0.50, -16.82, -13.70, 24.72
0.03, -1.12, -0.49, -14.12, -22.42, 5.68
-0.12, -1.10, -0.51, -13.60, -9.90, -9.58
-0.10, -1.02, -0.50, -6.91, 6.34, -26.44
0.02, -0.93, -0.51, -0.05, 6.67, -37.70
0.15, -0.87, -0.51, 3.64, -7.02, -47.20
0.18, -0.85, -0.50, -0.81, 6.40, -45.17
0.31, -0.78, -0.46, -6.59, 28.46, -31.58
0.52, -0.64, -0.41, -11.75, 34.90, -15.08
0.71, -0.51, -0.38, -19.05, 20.01, 7.45
0.80, -0.47, -0.39, -19.77, -3.13, 23.86
0.66, -0.51, -0.44, -23.74, -16.58, 31.19
0.39, -0.60, -0.48, -27.17, -1.24, 37.53
0.20, -0.67, -0.52, -27.45, 19.20, 39.37
0.18, -0.70, -0.51, -22.73, 24.78, 37.28
0.19, -0.80, -0.50, -14.10, 11.31, 27.49
0.12, -0.98, -0.53, -13.14, -9.49, 16.65
-0.05, -1.10, -0.52, -9.01, -17.42, -1.31
-0.15, -1.09, -0.51, -10.67, 5.78, -14.88
-0.06, -0.97, -0.48, -2.41, 4.14, -31.08
0.11, -0.85, -0.51, 3.27, -3.54, -38.12
0.20, -0.84, -0.52, 3.05, -11.99, -44.36
0.19, -0.83, -0.50, -1.72, 8.45, -39.94
0.29, -0.75, -0.45, -9.55, 39.70, -28.59
0.50, -0.62, -0.39, -17.05, 45.97, -14.12
0.69, -0.50, -0.38, -21.93, 29.34, 8.25
0.79, -0.46, -0.41, -22.80, 3.59, 23.83
0.67, -0.51, -0.44, -25.46, -6.31, 32.17
0.39, -0.64, -0.47, -28.59, 2.24, 35.49
0.24, -0.70, -0.51, -27.08, 15.03, 39.62
0.22, -0.73, -0.51, -21.22, 14.92, 36.51
0.19, -0.84, -0.50, -13.76, 0.82, 24.38
0.07, -1.02, -0.50, -12.00, -17.14, 6.24
-0.12, -1.15, -0.50, -12.98, -10.55, -8.52
-0.14, -1.09, -0.48, -9.87, 13.16, -24.12
0.01, -0.93, -0.47, -0.46, 6.82, -39.89
0.16, -0.85, -0.51, 3.09, -3.97, -45.12
0.23, -0.84, -0.52, 2.49, 3.76, -44.98
0.28, -0.80, -0.47, -7.36, 29.40, -34.27
0.46, -0.67, -0.38, -12.94, 44.02, -14.96
0.69, -0.52, -0.39, -14.67, 22.62, 2.39
0.76, -0.42, -0.42, -14.40, -3.98, 14.70
0.58, -0.44, -0.43, -14.38, -12.08, 21.95
0.32, -0.58, -0.44, -17.83, -0.34, 25.61
0.22, -0.68, -0.46, -19.59, 10.19, 30.21
0.26, -0.70, -0.48, -20.64, 8.54, 34.37
0.33, -0.71, -0.48, -14.54, 12.75, 38.26
0.31, -0.85, -0.45, -11.93, 6.14, 28.90
0.13, -1.05, -0.42, -13.08, -12.45, 11.52
-0.02, -1.19, -0.46, -14.35, -20.42, -1.71
-0.04, -1.16, -0.51, -13.93, -9.02, -15.80
0.05, -0.99, -0.51, -3.56, -13.03, -33.84
0.15, -0.87, -0.55, 2.14, -18.73, -42.67
0.16, -0.86, -0.58, 4.05, -5.54, -46.24
0.21, -0.82, -0.56, -1.12, 31.42, -39.47
0.36, -0.71, -0.45, -8.51, 52.98, -22.91
0.61, -0.55, -0.37, -16.96, 46.85, -2.17
0.78, -0.43, -0.38, -19.32, 13.19, 15.78
0.70, -0.42, -0.41, -19.81, -19.03, 21.63
0.46, -0.53, -0.42, -24.12, -13.78, 27.09
0.25, -0.68, -0.44, -27.36, -1.02, 30.13
0.19, -0.71, -0.47, -27.37, 13.44, 32.05
0.23, -0.70, -0.49, -21.79, 23.07, 34.08
0.27, -0.80, -0.49, -16.12, 21.72, 30.35
0.19, -0.98, -0.46, -12.87, -0.48, 14.52
0.02, -1.16, -0.46, -11.67, -12.68, -1.56
-0.05, -1.18, -0.48, -12.70, 1.51, -11.49
0.02, -1.00, -0.46, -1.28, -6.42, -30.81
0.13, -0.85, -0.47, 4.24, -22.64, -44.64
0.17, -0.84, -0.53, 6.61, -18.46, -47.06
0.19, -0.82, -0.52, 0.74, 16.96, -40.13
0.32, -0.71, -0.41, -9.57, 44.25, -27.83
0.56, -0.57, -0.35, -15.22, 39.13, -6.52
0.78, -0.45, -0.38, -19.14, 11.65, 14.07
0.78, -0.44, -0.41, -19.06, -16.91, 22.82
0.51, -0.55, -0.43, -22.84, -18.87, 27.36
0.29, -0.68, -0.45, -25.22, -2.97, 30.45
0.23, -0.73, -0.50, -27.33, 13.07, 33.68
0.29, -0.73, -0.52, -22.91, 25.40, 39.12
0.34, -0.80, -0.49, -19.15, 27.45, 35.38
0.22, -0.98, -0.44, -17.56, 4.71, 18.96
0.02, -1.14, -0.45, -18.15, -9.41, 3.47
-0.08, -1.14, -0.51, -18.33, 0.10, -8.51
-0.03, -0.98, -0.50, -8.97, 4.97, -25.20
0.08, -0.84, -0.48, -2.65, -13.72, -36.93
0.16, -0.82, -0.51, 4.89, -33.53, -41.81
0.16, -0.82, -0.56, 5.82, -18.41, -42.21
0.20, -0.77, -0.51, 0.12, 18.63, -36.59
0.37, -0.66, -0.38, -8.25, 41.51, -21.70
0.64, -0.55, -0.33, -14.85, 34.61, 0.15
0.81, -0.44, -0.36, -17.66, 10.62, 21.51
0.76, -0.49, -0.38, -19.65, -13.04, 29.79
0.51, -0.62, -0.40, -25.20, -5.45, 35.36
0.30, -0.72, -0.43, -28.67, 5.66, 38.55
0.24, -0.74, -0.47, -28.16, 15.02, 41.54
0.27, -0.76, -0.47, -21.86, 14.32, 39.68
0.19, -0.90, -0.46, -14.08, -13.31, 23.07
0.00, -1.09, -0.45, -10.44, -32.72, 2.19
-0.17, -1.20, -0.49, -15.17, -10.20, -12.33
-0.13, -1.06, -0.49, -6.66, 6.52, -30.50
0.04, -0.84, -0.51, 2.69, -5.99, -45.11
0.17, -0.80, -0.54, 6.65, -17.63, -45.66
0.23, -0.82, -0.57, 6.01, 5.64, -38.35
0.36, -0.75, -0.52, -1.83, 39.16, -23.59
0.58, -0.59, -0.38, -13.92, 49.70, -3.13
0.81, -0.47, -0.32, -19.53, 36.14, 22.07
0.87, -0.45, -0.37, -22.82, -3.29, 33.63
0.63, -0.55, -0.40, -30.26, -11.31, 43.74
0.35, -0.68, -0.44, -36.78, -1.72, 49.53
0.25, -0.72, -0.46, -36.15, 9.19, 50.65
0.24, -0.75, -0.47, -26.15, 14.12, 38.45
0.13, -0.92, -0.46, -24.40, -4.78, 22.86
-0.05, -1.11, -0.49, -23.78, -2.96, 16.40
-0.10, -1.14, -0.57, -16.56, 4.96, -1.28
-0.09, -1.04, -0.57, -16.20, 16.82, -15.04
0.03, -0.91, -0.53, -6.71, 18.67, -27.53
0.14, -0.82, -0.55, -3.03, -0.28, -34.96
0.18, -0.77, -0.54, 2.90, -14.31, -37.59
0.19, -0.76, -0.53, 3.58, -9.55, -39.47
0.25, -0.70, -0.49, -3.60, 22.14, -29.01
0.41, -0.60, -0.39, -12.21, 46.04, -7.46
0.70, -0.52, -0.30, -21.06, 48.61, 18.27
0.88, -0.50, -0.34, -22.96, 13.82, 35.18
0.76, -0.57, -0.35, -27.95, -5.74, 47.88
0.49, -0.69, -0.39, -33.93, -7.34, 53.94
0.29, -0.77, -0.42, -30.92, 5.44, 50.69
0.15, -0.85, -0.46, -22.23, -13.65, 26.39
-0.12, -1.00, -0.50, -22.11, -29.53, 11.75
-0.26, -1.08, -0.58, -9.95, -18.38, -8.43
-0.27, -1.00, -0.62, -6.82, 13.97, -23.16
-0.11, -0.89, -0.55, 4.01, 18.20, -35.75
0.14, -0.80, -0.53, 10.06, 8.22, -39.04
0.27, -0.78, -0.53, 9.67, 0.66, -35.03
0.38, -0.77, -0.48, 2.29, 18.93, -22.54
0.51, -0.71, -0.38, -8.38, 30.68, -8.58
0.63, -0.62, -0.32, -18.86, 27.16, 6.86
0.70, -0.59, -0.32, -27.49, 18.87, 23.10
0.69, -0.63, -0.36, -34.70, 6.08, 36.92
0.52, -0.69, -0.42, -40.61, 2.93, 42.75
0.35, -0.72, -0.48, -39.80, 12.72, 44.28
0.22, -0.76, -0.53, -30.97, 14.79, 29.78
0.02, -0.86, -0.56, -29.84, -9.75, 11.64
-0.13, -0.97, -0.60, -21.83, 0.54, 4.53
-0.10, -0.95, -0.66, -13.91, 1.78, -13.61
-0.05, -0.87, -0.60, -4.82, 12.92, -21.33
0.08, -0.82, -0.55, 1.70, 6.62, -26.66
0.21, -0.81, -0.51, 4.65, -3.46, -28.02
0.26, -0.80, -0.46, 2.08, -1.40, -25.62
0.34, -0.76, -0.40, -4.36, 16.17, -16.64
0.45, -0.69, -0.32, -13.67, 24.93, -6.93
0.57, -0.63, -0.25, -24.42, 26.39, 8.83
0.66, -0.62, -0.25, -29.91, 18.70, 24.59
0.67, -0.65, -0.31, -34.79, 3.58, 36.10
0.51, -0.71, -0.38, -39.84, -3.73, 42.18
0.34, -0.73, -0.44, -37.65, 3.97, 43.09
0.22, -0.75, -0.48, -28.09, 7.98, 31.37
0.04, -0.86, -0.51, -21.42, -20.77, 9.15
-0.17, -1.02, -0.57, -14.24, -23.29, -1.06
-0.19, -1.04, -0.66, -1.40, -11.24, -17.86
-0.14, -0.95, -0.64, 6.87, 8.81, -29.97
-0.03, -0.89, -0.55, 13.92, 4.92, -39.71
0.15, -0.85, -0.54, 17.17, 4.33, -38.70
0.27, -0.81, -0.51, 15.03, 6.11, -36.21
0.34, -0.77, -0.46, 7.77, 13.08, -29.24
0.42, -0.71, -0.39, -3.63, 24.65, -16.57
0.55, -0.66, -0.34, -13.46, 27.10, 1.10
0.64, -0.62, -0.31, -21.41, 21.90, 15.74
0.66, -0.62, -0.35, -27.05, 12.21, 28.05
0.55, -0.67, -0.41, -32.43, 9.52, 36.07
0.36, -0.70, -0.45, -34.00, 15.45, 38.33
0.26, -0.74, -0.47, -27.78, 21.93, 33.43
0.15, -0.81, -0.50, -18.17, -0.70, 12.03
-0.13, -0.96, -0.55, -13.02, -34.34, -9.81
-0.27, -1.05, -0.61, -7.08, -10.84, -21.46
-0.15, -0.98, -0.59, 1.49, 4.87, -40.56
0.02, -0.85, -0.53, 10.29, 4.69, -49.30
0.23, -0.82, -0.52, 13.35, 5.30, -45.56
0.36, -0.82, -0.48, 8.43, 17.90, -37.76
0.46, -0.76, -0.41, 1.10, 30.63, -28.54
0.54, -0.68, -0.34, -9.30, 31.35, -15.53
0.64, -0.62, -0.31, -18.58, 25.21, 1.72
0.72, -0.61, -0.32, -25.57, 8.62, 15.75
0.69, -0.63, -0.35, -32.89, -4.59, 26.76
0.54, -0.68, -0.42, -37.86, -4.96, 34.33
0.39, -0.70, -0.46, -36.56, 11.08, 36.48
0.32, -0.76, -0.49, -29.90, 24.14, 28.60
0.16, -0.87, -0.53, -23.63, -2.65, 7.52
-0.10, -0.99, -0.61, -18.14, -19.61, -7.11
-0.21, -0.99, -0.66, -12.37, 0.81, -18.86
-0.10, -0.89, -0.61, -1.87, 14.86, -36.02
0.08, -0.79, -0.55, 6.21, 3.56, -42.04
0.27, -0.78, -0.53, 10.42, -2.88, -36.54
0.34, -0.78, -0.51, 8.53, 3.18, -33.41
0.36, -0.74, -0.45, 4.36, 20.95, -27.81
0.41, -0.68, -0.39, -3.92, 33.03, -15.97
0.55, -0.65, -0.31, -14.51, 38.72, -1.33
0.71, -0.63, -0.27, -21.88, 27.31, 18.13
0.80, -0.62, -0.29, -27.56, 9.96, 31.00
0.71, -0.65, -0.32, -34.03, 3.47, 40.15
0.50, -0.69, -0.36, -37.29, 8.86, 44.72
0.36, -0.73, -0.40, -32.65, 18.71, 46.33
0.27, -0.79, -0.45, -21.52, 8.57, 32.33
0.02, -0.93, -0.50, -12.38, -43.76, 0.99
-0.32, -1.02, -0.57, -6.74, -38.34, -15.80
-0.33, -1.02, -0.57, -4.30, 0.39, -32.20
-0.11, -0.89, -0.49, 7.14, -4.84, -49.66
0.10, -0.80, -0.49, 15.27, -15.90, -50.52
0.30, -0.82, -0.53, 15.75, -17.52, -46.22
0.40, -0.83, -0.50, 9.42, 9.37, -34.95
0.49, -0.76, -0.42, 0.57, 27.14, -23.53
0.61, -0.65, -0.36, -9.91, 25.43, -6.71
0.75, -0.60, -0.35, -20.88, 23.55, 16.43
0.82, -0.57, -0.36, -25.58, 15.99, 28.45
0.71, -0.58, -0.40, -31.37, 10.38, 36.59
0.47, -0.65, -0.43, -37.53, 14.25, 40.49
0.34, -0.75, -0.44, -38.99, 19.29, 44.95
0.33, -0.78, -0.45, -30.09, 20.35, 43.33
0.28, -0.85, -0.50, -18.65, -7.18, 22.38
-0.06, -0.96, -0.53, -11.72, -44.75, -4.69
-0.33, -1.03, -0.59, -3.81, -23.18, -21.05
-0.27, -0.98, -0.60, 4.28, 7.00, -39.53
-0.09, -0.87, -0.51, 15.09, 4.69, -54.80
0.15, -0.84, -0.49, 20.07, -3.48, -54.23
0.36, -0.84, -0.48, 18.26, 0.53, -44.76
0.48, -0.78, -0.42, 8.63, 26.81, -30.78
0.61, -0.68, -0.29, -6.86, 37.08, -16.55
0.76, -0.63, -0.21, -21.68, 26.87, 6.05
0.90, -0.61, -0.25, -32.38, 18.62, 23.27
0.88, -0.61, -0.32, -40.72, 5.00, 32.73
0.62, -0.64, -0.38, -50.08, 11.07, 38.55
0.40, -0.69, -0.43, -51.41, 28.90, 42.07
0.31, -0.76, -0.45, -44.33, 26.75, 40.87
0.27, -0.87, -0.51, -27.97, -4.98, 27.20
0.07, -0.93, -0.61, -12.97, -52.58, 5.53
-0.23, -1.01, -0.67, -0.52, -47.98, -19.06
-0.35, -1.02, -0.63, 2.37, 2.74, -37.59
-0.16, -0.91, -0.51, 15.68, 19.00, -55.65
0.08, -0.82, -0.49, 21.21, 8.62, -61.20
0.26, -0.80, -0.48, 19.43, 5.11, -57.37
0.40, -0.79, -0.43, 9.78, 6.32, -47.28
0.61, -0.70, -0.37, -1.75, 24.85, -21.94
0.85, -0.60, -0.32, -11.79, 25.29, 0.02
0.99, -0.53, -0.28, -22.46, 19.12, 22.03
0.96, -0.54, -0.30, -31.92, 12.61, 39.22
0.75, -0.61, -0.35, -42.15, 14.87, 49.26
0.51, -0.67, -0.38, -45.96, 29.95, 56.81
0.34, -0.72, -0.39, -41.62, 31.77, 53.50
0.23, -0.78, -0.42, -29.78, -11.31, 35.50
0.04, -0.89, -0.49, -9.76, -64.00, 13.99
-0.19, -1.00, -0.63, 1.95, -64.00, -12.17
-0.41, -1.01, -0.61, 3.67, -12.29, -30.12
-0.28, -0.91, -0.48, 13.20, 28.97, -48.37
0.07, -0.79, -0.46, 21.96, 15.27, -56.90
0.29, -0.78, -0.47, 21.69, -8.84, -51.04
0.43, -0.79, -0.47, 16.82, -7.12, -39.03
0.58, -0.72, -0.44, 6.71, 12.43, -24.73
0.69, -0.65, -0.35, -7.69, 11.63, -11.72
0.75, -0.59, -0.29, -20.73, 13.81, 9.51
0.84, -0.57, -0.31, -29.97, 22.30, 27.22
0.79, -0.60, -0.34, -37.64, 19.88, 41.83
0.63, -0.66, -0.37, -43.20, 18.69, 49.19
0.45, -0.73, -0.39, -40.42, 16.13, 52.45
0.37, -0.80, -0.40, -33.38, 2.13, 49.12
0.29, -0.89, -0.47, -17.91, -25.87, 31.94
0.02, -0.96, -0.56, -11.71, -47.16, 2.02
-0.32, -1.02, -0.55, -6.09, -31.21, -21.50
-0.36, -0.99, -0.55, 0.91, 14.09, -37.50
-0.11, -0.89, -0.51, 12.68, 12.92, -51.11
0.17, -0.83, -0.50, 19.67, -10.85, -51.33
0.39, -0.82, -0.50, 22.36, -16.75, -43.63
0.49, -0.75, -0.45, 16.46, -8.40, -36.46
0.52, -0.70, -0.38, 6.88, 8.42, -23.36
0.61, -0.60, -0.32, -5.60, 13.96, -5.38
0.74, -0.59, -0.29, -18.41, 15.85, 12.89
0.80, -0.59, -0.29, -26.47, 7.66, 27.45
0.70, -0.61, -0.33, -34.50, 6.76, 38.32
0.53, -0.67, -0.37, -42.22, 11.33, 42.45
0.37, -0.72, -0.40, -42.15, 16.50, 46.16
0.34, -0.78, -0.46, -30.19, 13.51, 42.25
0.25, -0.87, -0.53, -18.22, -19.62, 23.75
-0.07, -0.97, -0.56, -11.72, -44.77, -0.74
-0.27, -1.04, -0.58, -4.47, -21.39, -20.62
-0.22, -1.02, -0.57, 3.16, 4.52, -38.90
-0.03, -0.92, -0.50, 11.83, 8.65, -51.41
0.19, -0.85, -0.49, 19.61, -0.21, -53.50
0.33, -0.84, -0.49, 16.30, 10.30, -45.27
0.45, -0.79, -0.41, 8.24, 31.69, -33.84
0.58, -0.71, -0.32, -1.98, 39.21, -20.19
0.72, -0.62, -0.25, -14.92, 34.89, -0.50
0.83, -0.59, -0.23, -24.21, 30.49, 18.72
0.87, -0.58, -0.27, -31.40, 22.13, 34.01
0.74, -0.60, -0.32, -38.35, 19.20, 44.49
0.51, -0.65, -0.37, -43.08, 39.55, 50.65
0.35, -0.70, -0.37, -42.56, 38.69, 46.56
0.25, -0.79, -0.37, -32.56, 7.45, 40.96
0.21, -0.93, -0.48, -19.28, -46.02, 22.90
0.06, -1.00, -0.57, -6.30, -62.56, 4.30
-0.25, -1.02, -0.60, -1.95, -42.81, -26.60
-0.36, -0.95, -0.52, 5.80, 11.66, -40.19
-0.08, -0.85, -0.48, 14.88, 26.29, -53.10
0.15, -0.81, -0.48, 18.24, -1.92, -57.65
0.30, -0.84, -0.49, 23.47, -6.18, -47.36
0.46, -0.82, -0.51, 13.26, 7.33, -37.29
0.58, -0.74, -0.38, 2.66, 13.46, -21.55
0.71, -0.65, -0.27, -9.48, 11.28, 1.10
0.91, -0.59, -0.25, -22.74, 16.15, 24.69
0.96, -0.57, -0.24, -31.71, 12.84, 39.10
0.80, -0.61, -0.25, -41.17, 15.54, 48.79
0.55, -0.70, -0.33, -50.45, 22.01, 54.26
0.42, -0.76, -0.38, -53.63, 37.23, 63.59
0.39, -0.80, -0.37, -49.34, 16.47, 54.68
0.27, -0.87, -0.39, -31.02, -44.53, 35.87
0.10, -0.98, -0.55, -13.23, -64.00, 17.55
-0.21, -1.04, -0.64, -3.32, -64.00, -22.65
-0.49, -1.04, -0.56, -0.80, -3.89, -37.25
-0.26, -0.95, -0.44, 8.05, 29.88, -51.56
0.10, -0.83, -0.47, 19.13, 5.71, -64.00
0.22, -0.79, -0.51, 20.93, -30.28, -64.00
0.35, -0.80, -0.52, 14.30, -1.38, -47.63
0.60, -0.74, -0.43, 5.29, 32.38, -26.89
0.74, -0.62, -0.30, -7.76, 21.17, -14.53
0.79, -0.55, -0.26, -21.39, 22.85, 17.30
0.93, -0.55, -0.28, -31.48, 22.86, 31.62
0.83, -0.60, -0.30, -39.84, 12.53, 41.20
0.56, -0.67, -0.35, -48.82, 19.31, 47.83
0.37, -0.74, -0.40, -51.27, 34.91, 52.46
0.32, -0.76, -0.42, -43.63, 30.51, 51.29
0.29, -0.80, -0.47, -23.95, -6.27, 34.77
0.08, -0.90, -0.52, -13.28, -52.88, 10.05
-0.23, -1.02, -0.57, -1.66, -50.40, -11.13
-0.31, -1.05, -0.56, -2.32, -11.79, -33.59
-0.18, -0.95, -0.44, 6.85, 7.43, -50.23
0.05, -0.82, -0.41, 14.36, 9.22, -54.34
0.29, -0.74, -0.45, 18.68, 18.38, -51.37
0.43, -0.72, -0.41, 13.00, 27.64, -41.93
0.55, -0.70, -0.29, 2.62, 31.96, -25.53
0.69, -0.68, -0.20, -10.08, 24.85, -5.49
0.83, -0.66, -0.16, -23.09, 14.97, 12.28
0.88, -0.65, -0.17, -33.40, 4.48, 30.48
0.73, -0.67, -0.22, -40.66, 1.66, 38.91
0.50, -0.69, -0.32, -50.69, 13.23, 41.35
0.34, -0.69, -0.37, -51.84, 22.79, 42.68
0.32, -0.70, -0.45, -40.42, 7.88, 35.33
0.24, -0.75, -0.56, -26.72, -31.06, 17.29
0.02, -0.89, -0.64, -12.70, -54.31, -2.46
-0.16, -1.00, -0.67, -3.04, -43.51, -24.94
-0.16, -1.03, -0.61, -1.35, -1.21, -35.10
0.01, -0.94, -0.52, 5.83, 18.32, -46.62
0.23, -0.80, -0.49, 13.71, 20.76, -48.83
0.40, -0.76, -0.51, 16.91, 28.19, -42.36
0.49, -0.77, -0.47, 16.01, 34.78, -37.07
0.50, -0.77, -0.36, 2.95, 19.61, -26.88
0.63, -0.75, -0.25, -5.78, 21.10, 0.40
0.86, -0.69, -0.23, -19.04, 17.09, 11.92
0.84, -0.61, -0.21, -27.44, 8.18, 23.31
0.67, -0.61, -0.27, -37.04, 9.16, 35.49
0.51, -0.65, -0.35, -41.21, 27.60, 45.24
0.40, -0.67, -0.40, -41.28, 39.56, 49.87
0.29, -0.69, -0.42, -32.83, 21.06, 43.90
0.15, -0.76, -0.45, -17.43, -60.28, 26.31
0.07, -0.91, -0.62, 8.11, -64.00, 16.73
-0.08, -0.97, -0.73, 6.89, -58.75, -13.95
-0.41, -0.92, -0.56, 9.48, -0.19, -29.21
-0.22, -0.77, -0.43, 19.39, 48.49, -42.29
0.14, -0.72, -0.44, 27.68, 36.92, -56.00
0.28, -0.80, -0.49, 26.41, 16.34, -53.04
0.36, -0.89, -0.44, 11.41, 20.31, -36.17
0.59, -0.88, -0.32, 4.25, 13.16, -13.64
0.90, -0.75, -0.30, -0.09, 8.87, 7.95
1.03, -0.63, -0.28, -8.49, -5.13, 19.97
0.92, -0.61, -0.21, -18.38, 2.92, 32.40
0.74, -0.67, -0.20, -34.54, 21.01, 41.12
0.55, -0.77, -0.23, -52.26, 45.51, 44.95
0.37, -0.79, -0.28, -58.92, 64.00, 44.30
0.31, -0.77, -0.35, -56.21, 52.58, 41.58
0.29, -0.79, -0.43, -51.20, -2.02, 37.70
0.30, -0.88, -0.53, -32.15, -64.00, 29.41
0.22, -0.96, -0.65, -14.54, -64.00, 2.65
-0.16, -0.96, -0.66, -18.05, -64.00, -16.79
-0.38, -0.86, -0.52, -12.82, 14.63, -27.79
-0.15, -0.72, -0.47, -6.21, 58.92, -39.66
0.18, -0.69, -0.47, 6.51, 40.10, -44.63
0.37, -0.74, -0.51, 7.61, 15.78, -32.00
0.51, -0.79, -0.49, 1.44, 33.68, -9.41
0.67, -0.78, -0.34, -8.64, 27.84, 5.24
0.80, -0.74, -0.18, -18.76, 21.16, 28.26
0.95, -0.71, -0.16, -21.96, 12.84, 40.50
0.85, -0.73, -0.15, -28.79, 11.38, 43.48
0.54, -0.83, -0.15, -39.05, 14.86, 44.42
0.29, -0.90, -0.24, -42.23, 25.44, 49.78
0.23, -0.90, -0.37, -32.84, 9.65, 40.30
0.15, -0.89, -0.50, -15.09, -22.96, 12.95
-0.09, -0.93, -0.55, -6.57, -62.85, -18.27
-0.32, -0.96, -0.55, -2.55, -29.63, -30.41
-0.19, -0.89, -0.52, 6.70, -1.29, -45.75
0.04, -0.78, -0.53, 16.25, 10.02, -50.70
0.22, -0.74, -0.51, 18.88, 20.00, -42.91
0.41, -0.73, -0.44, 17.44, 26.14, -31.60
0.52, -0.72, -0.37, 8.60, 31.03, -14.25
0.67, -0.71, -0.29, -4.43, 27.80, 5.26
0.80, -0.70, -0.25, -14.01, 16.64, 23.46
0.81, -0.71, -0.28, -22.09, 8.12, 35.12
0.64, -0.74, -0.32, -32.79, 9.73, 39.43
0.41, -0.79, -0.36, -40.65, 17.09, 41.72
0.32, -0.87, -0.43, -36.52, 15.99, 40.93
0.24, -0.90, -0.51, -26.64, -6.83, 20.86
-0.02, -0.96, -0.55, -17.35, -42.13, -11.70
-0.28, -1.01, -0.59, -14.44, -24.37, -26.59
-0.22, -0.97, -0.56, -4.46, 10.46, -44.61
-0.06, -0.85, -0.51, 7.36, 5.59, -56.93
0.13, -0.80, -0.52, 14.68, 14.09, -54.85
0.33, -0.81, -0.51, 14.49, 26.86, -50.46
0.47, -0.77, -0.39, 3.18, 54.20, -35.43
0.63, -0.69, -0.22, -11.32, 48.94, -9.93
0.89, -0.62, -0.13, -23.54, 37.76, 19.24
1.07, -0.57, -0.16, -30.67, 12.11, 40.14
0.94, -0.56, -0.20, -37.21, 0.00, 48.86
0.61, -0.61, -0.27, -45.33, 15.99, 54.57
0.35, -0.69, -0.30, -52.73, 54.02, 58.70
0.27, -0.76, -0.31, -52.74, 44.92, 48.11
0.23, -0.87, -0.36, -39.14, -11.08, 37.73
0.21, -1.00, -0.53, -25.50, -57.49, 25.68
-0.03, -1.02, -0.63, -7.81, -64.00, -4.47
-0.36, -0.97, -0.61, 3.79, -34.37, -31.14
-0.28, -0.94, -0.53, 10.75, 19.57, -43.56
0.08, -0.89, -0.49, 20.43, 25.61, -59.32
0.19, -0.86, -0.49, 19.30, -1.81, -60.77
0.28, -0.88, -0.44, 17.00, 13.64, -47.14
0.56, -0.85, -0.41, 7.46, -0.16, -35.43
0.73, -0.72, -0.29, -3.53, 3.35, -7.08
0.93, -0.59, -0.26, -9.52, 3.68, 11.96
0.92, -0.52, -0.23, -19.85, 5.36, 27.05
0.71, -0.55, -0.23, -26.04, 7.93, 37.10
0.45, -0.65, -0.31, -37.70, 25.82, 39.23
0.29, -0.72, -0.36, -41.96, 36.60, 40.29
0.25, -0.73, -0.36, -43.66, 38.30, 38.54
0.32, -0.75, -0.35, -40.16, 25.22, 43.03
0.41, -0.80, -0.40, -32.83, -13.91, 44.66
0.37, -0.90, -0.45, -14.88, -58.60, 31.01
0.14, -0.98, -0.55, -2.76, -64.00, 5.93
-0.23, -1.06, -0.61, -2.49, -48.45, -19.59
-0.39, -1.00, -0.54, 2.20, 5.11, -35.15
-0.13, -0.87, -0.48, 11.54, 19.39, -47.31
0.17, -0.83, -0.47, 22.48, -19.99, -54.18
0.29, -0.86, -0.50, 22.24, -29.15, -45.31
0.46, -0.86, -0.45, 13.46, 11.84, -31.70
0.62, -0.77, -0.26, -0.85, 20.52, -19.69
0.77, -0.68, -0.13, -18.27, 23.10, 8.79
0.99, -0.64, -0.11, -29.64, 23.10, 33.19
0.96, -0.63, -0.15, -40.79, 8.41, 42.27
0.62, -0.68, -0.23, -53.40, 5.53, 46.96
0.38, -0.72, -0.30, -57.10, 16.00, 56.86
0.28, -0.72, -0.40, -42.94, 9.81, 49.58
0.16, -0.72, -0.52, -23.91, -33.14, 24.66
-0.16, -0.83, -0.58, -12.09, -61.59, 8.11
-0.34, -0.97, -0.65, -0.09, -40.54, -13.50
-0.37, -1.01, -0.63, 1.68, 4.16, -28.84
-0.21, -0.93, -0.49, 10.48, 27.93, -41.60
0.11, -0.81, -0.46, 17.42, 24.64, -44.61
0.39, -0.79, -0.49, 14.99, 16.65, -31.79
0.56, -0.80, -0.42, 7.78, 9.94, -18.20
0.62, -0.77, -0.29, -2.84, 8.30, -5.67
0.70, -0.73, -0.22, -20.61, 19.80, 11.87
0.81, -0.73, -0.18, -34.68, 19.29, 26.48
0.82, -0.74, -0.23, -45.00, 14.57, 40.73
0.69, -0.75, -0.31, -51.10, 15.04, 50.28
0.48, -0.74, -0.37, -50.16, 26.07, 55.29
0.32, -0.76, -0.47, -35.13, 7.59, 35.24
-0.00, -0.83, -0.57, -20.33, -41.62, 10.53
-0.31, -0.95, -0.63, -6.97, -42.70, -10.63
-0.41, -1.01, -0.63, 0.18, -10.00, -30.90
-0.31, -0.95, -0.52, 5.84, 19.90, -45.88
-0.03, -0.83, -0.46, 16.69, 16.62, -51.19
0.23, -0.77, -0.48, 21.33, 0.45, -46.76
0.40, -0.79, -0.43, 11.74, 3.36, -33.42
0.53, -0.78, -0.31, -0.93, 14.01, -15.99
0.62, -0.69, -0.22, -15.63, 16.13, -2.58
0.67, -0.59, -0.19, -26.65, 21.94, 15.11
0.74, -0.56, -0.23, -33.58, 20.56, 27.75
0.70, -0.62, -0.29, -40.86, 16.90, 39.87
0.57, -0.73, -0.33, -46.29, 21.05, 48.25
0.45, -0.80, -0.38, -46.18, 19.96, 51.56
0.40, -0.82, -0.46, -30.58, 19.55, 44.26
0.19, -0.89, -0.55, -17.97, -21.56, 17.30
-0.19, -1.00, -0.60, -8.78, -39.88, -6.07
-0.37, -1.05, -0.65, 4.06, -8.80, -24.61
-0.28, -1.02, -0.59, 10.13, 17.06, -45.16
-0.06, -0.92, -0.50, 20.08, 20.37, -57.72
0.17, -0.87, -0.47, 20.69, 11.66, -55.05
0.39, -0.85, -0.44, 15.70, 15.71, -45.10
0.48, -0.81, -0.37, 4.30, 27.69, -34.88
0.55, -0.73, -0.25, -10.56, 37.59, -22.39
0.71, -0.64, -0.17, -21.98, 23.47, -3.55
0.85, -0.59, -0.19, -27.57, 14.60, 17.10
0.82, -0.60, -0.26, -31.14, 7.11, 29.62
0.63, -0.68, -0.30, -37.28, 23.63, 35.65
0.39, -0.77, -0.33, -40.18, 48.84, 35.92
0.21, -0.81, -0.36, -40.52, 32.29, 27.01
0.16, -0.86, -0.43, -27.56, 16.41, 25.32
0.16, -0.91, -0.51, -13.55, -45.26, -0.71
-0.04, -0.98, -0.57, 5.62, -55.71, -15.67
-0.14, -0.99, -0.59, 10.65, -8.89, -36.81
-0.17, -0.93, -0.50, 20.05, 15.97, -58.61
-0.08, -0.90, -0.42, 16.05, 24.88, -61.45
0.24, -0.90, -0.43, 25.21, 29.16, -57.00
0.51, -0.88, -0.42, 6.27, 1.91, -41.00
0.67, -0.79, -0.25, -3.54, 20.56, -12.20
0.93, -0.62, -0.18, -12.26, 4.07, 0.93
0.92, -0.53, -0.13, -27.79, 3.13, 19.38
0.76, -0.54, -0.15, -37.36, 2.39, 30.82
0.57, -0.60, -0.25, -48.46, 11.21, 36.97
0.39, -0.67, -0.32, -55.22, 18.97, 41.50
0.32, -0.68, -0.36, -55.84, 35.83, 46.49
0.37, -0.69, -0.37, -50.47, 13.89, 39.96
0.33, -0.77, -0.41, -34.40, -40.20, 36.18
0.28, -0.93, -0.58, -13.18, -64.00, 27.70
0.04, -1.01, -0.72, 4.20, -64.00, -5.35
-0.41, -1.01, -0.66, 9.79, -29.73, -32.15
-0.38, -1.00, -0.48, 12.55, 36.30, -47.72
0.05, -0.97, -0.44, 24.58, 6.92, -64.00
0.23, -0.95, -0.50, 26.87, -34.23, -60.32
0.40, -0.95, -0.52, 20.75, 5.50, -43.00
0.64, -0.85, -0.38, 9.55, 36.85, -34.51
0.69, -0.72, -0.16, -5.84, 22.82, -26.55
0.76, -0.62, -0.12, -22.45, 32.63, 9.40
0.96, -0.58, -0.16, -36.64, 35.91, 31.87
0.89, -0.54, -0.17, -45.09, 15.10, 41.17
0.59, -0.55, -0.24, -52.71, 16.63, 48.94
0.39, -0.60, -0.32, -54.97, 25.33, 54.48
0.33, -0.62, -0.37, -44.63, 24.46, 53.20
0.29, -0.68, -0.48, -26.49, 11.83, 37.80
0.04, -0.82, -0.55, -16.74, -20.63, 23.61
-0.24, -0.95, -0.62, 1.58, -19.37, 5.77
-0.25, -0.98, -0.64, 12.94, -10.22, -16.56
-0.15, -1.01, -0.49, 15.69, 19.90, -31.07
0.12, -1.00, -0.39, 14.74, 18.32, -38.20
0.38, -0.93, -0.39, 15.04, 9.61, -33.61
0.54, -0.88, -0.40, 9.69, 3.27, -26.95
0.54, -0.87, -0.35, -0.29, 8.52, -20.93
0.53, -0.82, -0.29, -11.34, 18.56, -12.56
0.57, -0.75, -0.23, -23.50, 24.94, 0.42
0.67, -0.68, -0.20, -31.45, 19.79, 15.49
0.74, -0.65, -0.23, -37.38, 11.80, 29.61
0.68, -0.66, -0.27, -43.43, 7.86, 39.71
0.53, -0.69, -0.30, -47.84, 17.38, 45.59
0.45, -0.75, -0.34, -46.98, 16.49, 49.35
0.39, -0.74, -0.40, -31.08, 5.49, 42.12
0.19, -0.80, -0.51, -17.13, -35.42, 21.28
-0.13, -0.92, -0.59, -6.35, -34.18, 4.79
-0.26, -0.98, -0.64, 6.81, -21.18, -20.47
-0.24, -0.99, -0.60, 9.75, 3.63, -32.75
-0.06, -0.95, -0.50, 15.63, 12.04, -43.29
0.19, -0.86, -0.45, 20.13, 7.20, -46.59
0.36, -0.83, -0.44, 19.61, 2.42, -43.31
0.43, -0.83, -0.40, 9.99, 8.35, -35.88
0.50, -0.79, -0.31, -1.62, 25.21, -25.90
0.59, -0.72, -0.24, -15.05, 35.73, -9.60
0.70, -0.66, -0.17, -29.03, 39.05, 6.59
0.79, -0.63, -0.18, -38.07, 32.70, 22.28
0.78, -0.65, -0.24, -46.12, 22.65, 33.69
0.63, -0.69, -0.30, -49.03, 18.53, 41.24
0.43, -0.74, -0.34, -49.21, 20.54, 41.17
0.27, -0.79, -0.41, -41.44, -10.85, 34.26
0.19, -0.87, -0.45, -24.35, -51.23, 24.87
0.10, -0.95, -0.57, -7.84, -64.00, 5.10
-0.17, -0.99, -0.63, 1.70, -56.51, -24.19
-0.38, -0.96, -0.54, 5.71, -2.19, -43.04
-0.18, -0.90, -0.47, 15.73, 22.69, -56.80
0.15, -0.87, -0.47, 24.76, 5.92, -61.36
0.36, -0.88, -0.47, 24.07, -2.79, -50.97
0.50, -0.86, -0.41, 19.05, 5.59, -39.42
0.63, -0.78, -0.29, 4.74, 16.07, -24.34
0.75, -0.68, -0.17, -6.30, 18.24, -5.98
0.85, -0.61, -0.16, -19.93, 22.08, 13.27
0.83, -0.61, -0.16, -34.39, 24.24, 27.79
0.66, -0.63, -0.18, -46.58, 28.95, 35.52
0.51, -0.66, -0.24, -51.94, 31.70, 41.66
0.42, -0.68, -0.32, -50.08, 34.33, 44.29
0.35, -0.72, -0.40, -36.21, 10.73, 36.17
0.19, -0.81, -0.50, -15.85, -37.94, 20.83
0.00, -0.94, -0.62, -2.07, -38.72, 7.31
-0.17, -0.98, -0.64, 12.13, -23.30, -20.78
-0.24, -0.97, -0.55, 14.79, 19.10, -37.54
-0.01, -0.93, -0.45, 21.24, 34.13, -45.95
0.28, -0.90, -0.41, 22.04, 24.18, -44.30
0.46, -0.89, -0.38, 17.55, 20.43, -36.02
0.55, -0.88, -0.32, 8.08, 24.66, -30.75
0.59, -0.82, -0.22, -5.02, 24.89, -21.23
0.67, -0.75, -0.18, -17.54, 15.49, -4.61
0.80, -0.70, -0.19, -26.67, 15.51, 14.09
0.83, -0.66, -0.21, -34.86, 14.39, 21.23
0.67, -0.65, -0.23, -43.98, 25.60, 28.90
0.46, -0.69, -0.26, -49.02, 29.03, 29.95
0.38, -0.75, -0.32, -47.17, 33.61, 38.27
0.42, -0.78, -0.38, -41.17, 21.84, 35.68
0.31, -0.79, -0.40, -27.38, -24.88, 20.03
0.10, -0.88, -0.44, -12.21, -48.51, 4.67
-0.01, -1.00, -0.57, -3.05, -41.28, -15.49
-0.13, -0.98, -0.54, 1.49, -11.15, -32.03
-0.11, -0.87, -0.45, 10.34, 14.09, -49.08
0.09, -0.83, -0.44, 16.39, 6.77, -56.37
0.30, -0.85, -0.43, 12.83, 10.93, -43.51
0.54, -0.84, -0.38, 6.57, 9.73, -28.92
0.75, -0.74, -0.23, -8.33, -0.90, -4.08
0.97, -0.63, -0.19, -15.12, 8.93, 24.00
1.02, -0.55, -0.18, -26.82, -0.09, 32.28
0.79, -0.59, -0.18, -38.42, 7.55, 44.54
0.53, -0.68, -0.23, -53.53, 16.46, 48.62
0.40, -0.73, -0.29, -59.47, 27.15, 55.48
0.36, -0.70, -0.34, -52.36, 4.81, 50.41
0.30, -0.72, -0.42, -28.83, -53.92, 31.93
0.15, -0.90, -0.60, -11.28, -64.00, 16.72
-0.18, -1.05, -0.63, -1.73, -59.07, -15.03
-0.45, -1.05, -0.60, 0.88, 5.82, -26.31
-0.20, -0.91, -0.50, 9.62, 42.92, -39.73
0.23, -0.84, -0.44, 20.28, 19.98, -47.31
0.42, -0.84, -0.47, 25.02, -18.08, -40.46
0.50, -0.88, -0.46, 18.94, -8.96, -27.20
0.59, -0.84, -0.34, 6.34, 9.33, -16.60
0.70, -0.73, -0.19, -11.09, 31.75, -1.44
0.81, -0.64, -0.08, -29.78, 32.36, 18.98
0.89, -0.63, -0.09, -42.51, 24.54, 36.49
0.83, -0.67, -0.18, -53.51, 2.28, 50.52
0.59, -0.70, -0.26, -58.66, -1.58, 59.46
0.43, -0.70, -0.34, -45.93, 16.58, 55.27
0.23, -0.73, -0.46, -31.36, -20.57, 25.42
-0.18, -0.87, -0.54, -16.60, -55.48, 6.04
-0.40, -0.98, -0.72, 4.69, -34.87, -15.88
-0.38, -1.00, -0.69, 13.06, -7.43, -39.03
-0.21, -0.95, -0.50, 26.83, 13.88, -55.34
0.14, -0.85, -0.49, 33.84, 17.82, -55.12
0.42, -0.83, -0.47, 30.17, 38.42, -42.13
0.62, -0.82, -0.33, 12.92, 58.79, -26.78
0.75, -0.77, -0.18, -7.53, 60.57, -8.01
0.90, -0.70, -0.11, -27.59, 52.38, 18.40
1.02, -0.66, -0.12, -39.13, 28.84, 35.09
0.91, -0.65, -0.18, -49.37, 4.95, 42.90
0.62, -0.72, -0.26, -56.63, 2.52, 51.02
0.37, -0.72, -0.33, -56.51, 5.69, 54.31
0.25, -0.72, -0.44, -35.63, 2.51, 41.49
0.06, -0.75, -0.55, -13.76, -21.59, 13.94
-0.28, -0.91, -0.59, -4.86, -21.63, -9.11
-0.41, -1.01, -0.59, 2.68, 16.84, -22.67
-0.16, -0.98, -0.49, 8.60, 33.52, -34.57
0.21, -0.89, -0.37, 11.60, 25.34, -37.53
0.45, -0.86, -0.32, 10.60, 12.82, -32.91
0.52, -0.87, -0.32, 5.16, 14.56, -28.81
0.47, -0.87, -0.30, -5.72, 20.12, -30.80
0.42, -0.83, -0.23, -19.83, 7.84, -19.83
0.63, -0.78, -0.23, -24.17, 19.81, -1.37
0.83, -0.71, -0.25, -30.54, 0.39, 6.86
0.75, -0.68, -0.24, -33.57, -6.72, 18.44
0.62, -0.72, -0.28, -38.29, -6.43, 25.54
0.47, -0.77, -0.33, -40.76, 8.00, 25.98
0.36, -0.78, -0.36, -40.48, 17.33, 22.07
0.26, -0.80, -0.37, -37.64, -15.24, 9.61
0.17, -0.87, -0.38, -32.95, -49.34, 1.49
0.13, -0.97, -0.46, -24.38, -64.00, -16.79
0.01, -0.98, -0.53, -19.66, -52.86, -34.94
-0.10, -0.90, -0.53, -7.29, -22.29, -52.97
-0.03, -0.84, -0.54, 2.91, -5.92, -62.52
0.16, -0.84, -0.56, 8.49, -5.85, -56.20
0.41, -0.83, -0.49, 5.09, 3.63, -31.54
0.78, -0.73, -0.38, 1.38, 13.45, -3.03
1.02, -0.58, -0.27, -4.82, 4.58, 15.64
0.98, -0.49, -0.18, -14.02, 0.55, 28.59
0.76, -0.56, -0.19, -27.05, 7.60, 38.09
0.46, -0.67, -0.24, -41.91, 28.69, 39.75
0.26, -0.71, -0.30, -48.15, 27.04, 38.46
0.27, -0.70, -0.36, -44.89, 36.87, 47.08
0.38, -0.71, -0.42, -34.25, -36.54, 29.77
0.24, -0.80, -0.47, -13.15, -64.00, 21.69
0.07, -0.95, -0.68, 5.13, -64.00, 1.54
-0.21, -1.02, -0.68, 4.86, -35.01, -23.34
-0.34, -0.95, -0.50, 11.27, 48.82, -32.62
0.04, -0.84, -0.44, 19.77, 53.71, -48.20
0.30, -0.83, -0.49, 25.92, 9.59, -52.63
0.33, -0.88, -0.51, 18.71, 1.10, -39.26
0.50, -0.89, -0.37, 7.41, -8.71, -25.10
0.80, -0.80, -0.25, -2.25, 0.86, 2.06
1.08, -0.65, -0.19, -13.62, 6.36, 20.59
1.03, -0.58, -0.14, -25.40, 6.72, 31.31
0.73, -0.64, -0.17, -41.92, 18.93, 42.84
0.46, -0.76, -0.25, -54.40, 28.90, 46.13
0.32, -0.77, -0.32, -57.72, 36.76, 49.98
0.33, -0.73, -0.35, -50.04, 0.55, 41.50
0.26, -0.78, -0.43, -26.67, -64.00, 20.91
0.07, -0.93, -0.61, -9.06, -64.00, 1.05
-0.26, -1.07, -0.66, -9.68, -64.00, -26.56
-0.46, -1.02, -0.51, -4.72, -8.21, -43.83
-0.18, -0.82, -0.48, 11.62, 11.21, -61.52
0.15, -0.76, -0.56, 20.83, -1.62, -56.90
0.41, -0.82, -0.60, 22.03, 15.89, -38.99
0.55, -0.81, -0.50, 17.75, 33.08, -30.17
0.62, -0.71, -0.33, 4.81, 55.02, -16.77
0.74, -0.65, -0.17, -14.49, 64.00, 9.79
0.93, -0.63, -0.15, -27.23, 64.00, 27.16
0.93, -0.63, -0.19, -39.04, 39.41, 40.69
0.68, -0.69, -0.25, -47.93, 27.68, 50.02
0.44, -0.73, -0.28, -52.66, 34.15, 53.30
0.32, -0.74, -0.32, -49.10, 26.38, 43.65
0.19, -0.74, -0.42, -33.50, -16.22, 26.21
0.01, -0.84, -0.52, -20.01, -54.39, 10.38
-0.18, -0.97, -0.64, -3.18, -47.94, -9.93
-0.33, -1.00, -0.64, -1.23, -18.29, -29.63
-0.21, -0.94, -0.49, 7.50, 25.50, -40.66
0.11, -0.85, -0.43, 15.26, 19.13, -49.08
0.37, -0.80, -0.47, 19.10, 11.69, -41.93
0.49, -0.81, -0.48, 14.34, 17.75, -33.77
0.53, -0.79, -0.37, -1.35, 28.31, -24.31
0.65, -0.75, -0.21, -16.44, 30.95, -3.57
0.88, -0.70, -0.16, -29.17, 25.10, 16.19
1.01, -0.64, -0.24, -34.34, 16.03, 25.16
0.82, -0.64, -0.29, -45.83, 14.11, 30.49
0.50, -0.71, -0.32, -54.10, 38.79, 36.29
0.30, -0.76, -0.36, -60.02, 40.32, 32.32
0.28, -0.78, -0.42, -50.05, 27.15, 28.89
0.22, -0.78, -0.53, -35.52, -40.03, 7.89
0.04, -0.85, -0.64, -12.59, -64.00, -3.34
-0.14, -0.91, -0.71, -3.96, -39.95, -23.42
-0.24, -0.91, -0.58, 4.24, 14.43, -38.10
-0.05, -0.83, -0.47, 13.63, 46.85, -45.47
0.25, -0.80, -0.44, 13.33, 11.84, -46.41
0.44, -0.82, -0.45, 15.83, 17.93, -27.80
0.58, -0.80, -0.43, 4.83, 7.22, -26.19
0.60, -0.76, -0.28, -5.21, 19.80, -7.35
0.79, -0.72, -0.15, -18.91, 14.94, 9.67
0.98, -0.69, -0.15, -27.89, 15.86, 25.60
0.93, -0.70, -0.20, -39.98, 8.97, 34.23
0.67, -0.75, -0.23, -50.87, 10.30, 40.08
0.42, -0.76, -0.29, -54.36, 15.18, 46.88
0.37, -0.74, -0.36, -47.23, 20.99, 41.44
0.28, -0.76, -0.42, -29.02, -33.82, 17.68
0.10, -0.87, -0.54, -6.54, -56.69, 9.13
-0.15, -0.97, -0.69, 0.52, -45.17, -14.69
-0.38, -0.95, -0.64, 4.31, 7.68, -32.19
-0.23, -0.80, -0.52, 19.21, 43.70, -46.21
0.12, -0.73, -0.48, 30.55, 19.47, -55.17
0.34, -0.78, -0.50, 30.12, 10.91, -42.64
0.47, -0.80, -0.47, 23.88, 17.91, -32.61
0.57, -0.74, -0.34, 5.33, 27.93, -20.22
0.71, -0.70, -0.16, -11.67, 26.60, 0.46
0.96, -0.68, -0.10, -25.81, 24.97, 21.22
1.05, -0.66, -0.18, -36.28, 12.60, 30.89
0.80, -0.68, -0.23, -46.12, 21.00, 42.18
0.48, -0.73, -0.28, -54.88, 40.78, 45.85
0.34, -0.74, -0.36, -55.01, 50.29, 44.34
0.23, -0.72, -0.43, -42.11, -4.92, 28.52
0.15, -0.79, -0.54, -17.27, -56.85, 16.11
0.02, -0.92, -0.70, -1.92, -61.82, -4.63
-0.25, -0.96, -0.67, 3.07, -29.80, -26.87
-0.26, -0.88, -0.51, 12.20, 31.75, -37.58
0.09, -0.80, -0.44, 21.75, 37.05, -48.57
0.38, -0.80, -0.47, 23.12, 19.53, -39.47
0.50, -0.83, -0.45, 18.17, 19.06, -29.32
0.56, -0.81, -0.35, 6.36, 20.60, -23.23
0.65, -0.78, -0.22, -7.70, 12.68, -9.37
0.84, -0.75, -0.14, -19.71, 8.75, 12.05
0.98, -0.71, -0.17, -28.11, 9.04, 26.11
0.85, -0.70, -0.21, -39.04, 15.70, 33.92
0.57, -0.74, -0.28, -50.36, 32.52, 37.84
0.39, -0.75, -0.30, -54.88, 44.54, 41.15
0.37, -0.74, -0.34, -51.23, 27.26, 39.99
0.32, -0.75, -0.42, -32.76, -32.41, 28.33
0.18, -0.79, -0.57, -9.68, -61.25, 12.77
-0.09, -0.88, -0.68, 4.02, -55.75, -13.44
-0.33, -0.90, -0.60, 6.82, -4.38, -29.83
-0.18, -0.82, -0.49, 16.62, 31.27, -37.51
0.18, -0.75, -0.44, 25.17, 13.81, -42.85
0.40, -0.78, -0.45, 23.75, -4.87, -33.90
0.50, -0.82, -0.42, 18.46, -3.39, -25.18
0.58, -0.80, -0.36, 11.05, 1.46, -18.28
0.64, -0.76, -0.25, -3.10, 13.93, -3.47
0.78, -0.75, -0.16, -19.58, 27.13, 11.77
0.88, -0.76, -0.13, -34.12, 29.03, 25.81
0.83, -0.76, -0.18, -46.59, 32.23, 36.80
0.63, -0.76, -0.24, -54.34, 34.17, 41.68
0.49, -0.75, -0.29, -56.52, 35.62, 46.99
0.42, -0.74, -0.39, -43.08, 28.01, 42.96
0.30, -0.75, -0.50, -26.47, -19.70, 21.80
-0.04, -0.81, -0.61, -8.62, -46.68, 3.66
-0.27, -0.89, -0.67, 2.02, -24.73, -17.91
-0.27, -0.91, -0.59, 10.81, 9.09, -32.11
-0.04, -0.83, -0.47, 19.35, 17.90, -38.90
0.28, -0.78, -0.43, 22.23, 11.51, -33.31
0.48, -0.79, -0.41, 19.62, 14.26, -25.15
0.55, -0.79, -0.33, 11.10, 15.74, -21.09
0.58, -0.78, -0.26, -1.16, 19.81, -9.19
0.67, -0.76, -0.19, -18.99, 19.91, 5.37
0.78, -0.75, -0.15, -31.84, 13.68, 19.90
0.83, -0.74, -0.19, -43.97, 2.48, 30.18
0.74, -0.73, -0.26, -51.47, -3.66, 38.96
0.54, -0.73, -0.29, -56.01, 2.39, 42.95
0.42, -0.73, -0.34, -51.22, 22.24, 43.71
0.35, -0.77, -0.45, -36.88, 14.61, 24.47
0.08, -0.87, -0.55, -27.49, -22.61, 4.22
-0.21, -0.89, -0.64, -8.04, -17.75, -8.26
-0.21, -0.89, -0.70, 5.81, 2.75, -25.48
-0.04, -0.88, -0.58, 15.62, 10.03, -37.51
0.18, -0.84, -0.46, 23.14, 2.15, -38.63
0.37, -0.81, -0.43, 24.09, 2.49, -35.34
0.45, -0.80, -0.39, 16.83, 17.94, -30.26
0.51, -0.79, -0.28, 3.80, 39.79, -21.96
0.63, -0.77, -0.13, -15.60, 43.58, -9.19
0.81, -0.76, -0.05, -34.53, 30.90, 9.68
0.95, -0.76, -0.07, -44.52, 11.19, 30.19
0.96, -0.75, -0.17, -50.57, 3.07, 42.28
0.70, -0.74, -0.26, -57.72, -6.94, 45.16
0.42, -0.72, -0.36, -51.98, 23.48, 51.11
0.22, -0.70, -0.48, -40.03, -9.53, 23.43
-0.04, -0.77, -0.58, -14.80, -58.68, 10.26
-0.16, -0.88, -0.75, 10.02, -48.61, -7.20
-0.29, -0.93, -0.70, 11.39, -17.55, -29.91
-0.25, -0.86, -0.47, 19.60, 38.94, -36.94
0.14, -0.76, -0.40, 25.84, 39.26, -45.34
0.44, -0.77, -0.40, 26.01, 13.62, -39.53
0.52, -0.83, -0.39, 16.14, -5.41, -25.56
0.62, -0.83, -0.34, 11.92, 0.95, -13.08
0.71, -0.79, -0.26, -2.06, -2.51, -8.78
0.74, -0.75, -0.16, -17.00, 1.34, 7.53
0.82, -0.73, -0.15, -29.87, 18.62, 20.88
0.79, -0.73, -0.20, -40.54, 26.99, 28.08
0.61, -0.74, -0.25, -48.48, 25.52, 32.00
0.46, -0.77, -0.30, -51.26, 40.80, 45.13
0.48, -0.76, -0.38, -48.15, 35.29, 41.76
0.35, -0.71, -0.42, -34.76, -14.55, 29.10
0.14, -0.76, -0.48, -13.60, -64.00, 16.60
0.01, -0.89, -0.65, 4.96, -55.95, -4.58
-0.24, -0.92, -0.65, 4.38, -29.17, -30.55
-0.32, -0.86, -0.47, 13.94, 25.17, -38.07
0.07, -0.79, -0.39, 18.62, 29.10, -45.10
0.38, -0.82, -0.40, 20.63, -0.33, -39.03
0.49, -0.85, -0.40, 17.03, -22.51, -26.58
0.60, -0.84, -0.37, 9.02, -12.74, -11.85
0.75, -0.80, -0.25, -6.60, 2.91, 1.09
0.84, -0.75, -0.12, -25.19, 6.75, 14.83
0.83, -0.72, -0.07, -44.16, 6.62, 29.23
0.77, -0.71, -0.14, -59.28, 3.84, 43.37
0.63, -0.71, -0.24, -64.00, 8.75, 48.85
0.49, -0.67, -0.32, -64.00, 19.63, 48.41
0.34, -0.67, -0.44, -49.17, 11.20, 31.03
0.04, -0.75, -0.57, -38.44, -32.62, 11.87
-0.24, -0.85, -0.65, -14.67, -37.30, 2.88
-0.25, -0.89, -0.75, 5.74, -18.18, -16.99
-0.15, -0.88, -0.65, 17.34, 3.59, -29.91
0.02, -0.87, -0.48, 25.18, 13.83, -35.54
0.29, -0.85, -0.44, 28.23, 20.71, -31.77
0.49, -0.85, -0.38, 19.89, 34.49, -21.30
0.65, -0.84, -0.25, 5.31, 39.68, -10.70
0.78, -0.83, -0.12, -15.44, 43.90, 6.18
0.89, -0.81, -0.06, -34.91, 33.23, 20.00
0.91, -0.75, -0.08, -49.25, 13.80, 34.05
0.78, -0.76, -0.19, -58.53, 1.81, 43.28
0.58, -0.73, -0.31, -62.10, 8.83, 50.48
0.40, -0.70, -0.40, -50.70, 22.28, 39.61
0.13, -0.72, -0.54, -34.70, -24.23, 9.64
-0.27, -0.79, -0.65, -18.98, -34.50, 0.89
-0.34, -0.83, -0.71, 1.81, -10.20, -17.31
-0.20, -0.85, -0.63, 7.51, 4.47, -30.54
0.03, -0.85, -0.46, 13.81, 8.47, -31.87
0.31, -0.81, -0.40, 14.82, 5.55, -21.67
0.54, -0.79, -0.36, 10.04, 8.93, -11.74
0.63, -0.79, -0.27, -1.65, 12.27, 0.39
0.69, -0.79, -0.18, -17.70, 15.42, 12.28
0.76, -0.79, -0.16, -31.57, 15.08, 25.63
0.78, -0.77, -0.20, -44.95, 6.07, 34.53
0.66, -0.74, -0.27, -53.22, 6.10, 43.44
0.48, -0.71, -0.34, -50.58, 23.25, 42.80
0.31, -0.74, -0.44, -40.07, 11.32, 22.30
-0.04, -0.82, -0.57, -36.01, -19.93, 9.03
-0.22, -0.85, -0.69, -8.62, -15.25, -3.44
-0.18, -0.81, -0.75, 7.78, -7.28, -21.31
-0.11, -0.84, -0.60, 16.08, 7.22, -29.27
0.11, -0.84, -0.48, 21.89, 9.89, -28.84
0.35, -0.80, -0.44, 23.50, 6.24, -21.33
0.50, -0.80, -0.40, 16.42, 19.53, -10.53
0.62, -0.81, -0.27, 3.52, 30.03, -3.26
0.69, -0.81, -0.18, -12.36, 29.09, 8.37
0.76, -0.81, -0.15, -29.91, 23.74, 20.74
0.75, -0.81, -0.17, -42.78, 10.72, 29.19
0.64, -0.78, -0.24, -50.42, 5.21, 35.13
0.49, -0.75, -0.34, -50.17, 15.68, 36.16
0.29, -0.73, -0.46, -37.37, 14.89, 21.92
-0.00, -0.77, -0.60, -22.11, -18.11, -3.89
-0.34, -0.85, -0.69, -2.90, -24.29, -18.29
-0.34, -0.88, -0.67, 8.51, 8.57, -31.32
-0.09, -0.83, -0.55, 19.62, 12.98, -44.25
0.17, -0.79, -0.45, 24.65, 1.65, -42.88
0.38, -0.81, -0.43, 22.40, 7.76, -31.81
0.56, -0.81, -0.36, 13.71, 26.21, -23.51
0.60, -0.79, -0.25, -0.81, 38.22, -13.43
0.71, -0.78, -0.13, -17.47, 30.40, 0.37
0.83, -0.78, -0.11, -30.80, 18.11, 18.93
0.90, -0.77, -0.17, -40.57, -0.42, 30.82
0.75, -0.78, -0.23, -48.96, -7.65, 36.73
0.48, -0.77, -0.29, -55.00, 1.83, 39.53
0.32, -0.75, -0.37, -51.10, 11.23, 37.86
0.22, -0.73, -0.49, -32.11, 0.22, 20.12
-0.02, -0.78, -0.65, -13.05, -43.35, -6.82
-0.35, -0.88, -0.69, 1.95, -36.83, -21.54
-0.36, -0.92, -0.62, 7.13, 6.72, -38.83
-0.07, -0.86, -0.50, 16.62, 13.36, -49.77
0.24, -0.80, -0.45, 20.83, 5.09, -45.26
0.49, -0.82, -0.44, 17.05, 10.49, -33.87
0.60, -0.84, -0.36, 6.86, 27.17, -21.12
0.69, -0.81, -0.22, -8.27, 32.36, -6.72
0.83, -0.77, -0.13, -22.57, 29.79, 12.53
0.94, -0.74, -0.15, -31.40, 20.02, 25.81
0.85, -0.73, -0.23, -40.38, 10.95, 33.98
0.57, -0.74, -0.30, -46.45, 17.13, 35.81
0.35, -0.74, -0.36, -49.90, 38.48, 36.48
0.26, -0.73, -0.40, -47.15, 42.38, 30.36
0.18, -0.73, -0.44, -38.12, 11.45, 20.51
0.08, -0.77, -0.49, -21.87, -33.60, 9.70
0.03, -0.83, -0.63, -2.42, -44.08, -0.38
-0.07, -0.84, -0.65, 7.07, -21.46, -17.26
-0.14, -0.83, -0.50, 13.56, 3.27, -29.75
0.00, -0.81, -0.44, 18.72, 16.17, -35.30
0.24, -0.81, -0.43, 19.28, 7.04, -37.29
0.35, -0.85, -0.37, 15.38, -7.99, -35.03
0.49, -0.87, -0.32, 10.47, -19.38, -25.88
0.65, -0.84, -0.31, 1.98, -24.37, -10.02
0.81, -0.78, -0.27, -10.38, -16.77, 6.25
0.86, -0.73, -0.21, -20.58, -9.20, 18.43
0.78, -0.73, -0.20, -28.30, -4.36, 25.16
0.60, -0.78, -0.27, -38.84, 13.59, 30.12
0.41, -0.80, -0.34, -46.49, 34.95, 30.67
0.30, -0.77, -0.37, -50.09, 45.28, 28.62
0.27, -0.76, -0.39, -48.55, 25.24, 25.16
0.24, -0.77, -0.46, -35.54, -27.42, 19.50
0.17, -0.80, -0.59, -14.78, -57.25, 8.65
0.01, -0.82, -0.73, 3.59, -48.09, -12.03
-0.21, -0.84, -0.68, 11.83, -5.64, -29.44
-0.21, -0.85, -0.55, 20.78, 33.26, -46.58
-0.01, -0.85, -0.52, 24.38, 32.47, -52.96
0.21, -0.88, -0.46, 20.63, 13.31, -45.50
0.49, -0.88, -0.36, 12.22, 4.56, -25.32
0.89, -0.81, -0.23, 2.88, 13.83, -0.18
1.04, -0.70, -0.15, -5.71, -13.76, 1.31
0.85, -0.66, -0.08, -25.24, 3.91, 23.31
0.72, -0.73, -0.10, -38.21, 18.07, 29.98
0.57, -0.77, -0.22, -51.98, 21.01, 31.70
0.37, -0.74, -0.31, -55.97, 31.53, 35.36
0.27, -0.70, -0.33, -54.98, 32.65, 31.93
0.32, -0.72, -0.37, -50.69, 29.15, 36.30
0.35, -0.76, -0.44, -33.94, -32.46, 26.67
0.22, -0.81, -0.58, -11.37, -61.69, 25.43
0.02, -0.85, -0.74, 7.96, -41.41, -1.33
-0.28, -0.89, -0.68, 5.31, -4.24, -22.63
-0.25, -0.89, -0.49, 10.98, 42.33, -29.18
0.15, -0.83, -0.42, 16.57, 31.33, -34.45
0.42, -0.81, -0.43, 20.09, -1.91, -31.20
0.42, -0.87, -0.43, 18.69, -15.96, -29.31
0.36, -0.88, -0.39, 12.53, -17.96, -32.71
0.38, -0.87, -0.36, 7.47, -19.10, -24.90
0.53, -0.83, -0.33, -1.59, -6.11, -9.42
0.71, -0.78, -0.24, -15.21, 26.26, 5.15
0.74, -0.73, -0.14, -26.80, 23.99, 6.82
0.62, -0.71, -0.16, -35.63, 31.87, 21.71
0.54, -0.76, -0.24, -41.30, 26.53, 25.03
0.42, -0.79, -0.30, -39.95, 11.95, 24.23
0.30, -0.79, -0.35, -34.35, -6.81, 23.32
0.24, -0.75, -0.44, -21.06, -18.93, 16.87
0.14, -0.73, -0.52, -6.21, -25.89, -1.25
-0.07, -0.77, -0.57, 4.00, -32.95, -18.79
-0.20, -0.83, -0.55, 12.35, -9.29, -30.15
-0.05, -0.84, -0.50, 23.49, 5.11, -39.72
0.16, -0.82, -0.48, 29.27, 9.90, -41.42
0.34, -0.83, -0.42, 19.75, 26.84, -33.97
0.53, -0.82, -0.25, 6.55, 33.34, -18.91
0.78, -0.78, -0.16, -5.61, 21.89, 1.41
0.99, -0.76, -0.16, -18.54, 10.99, 22.15
0.98, -0.77, -0.19, -27.30, -0.30, 28.40
0.72, -0.80, -0.28, -38.05, 11.14, 32.64
0.43, -0.82, -0.32, -45.87, 30.65, 32.89
0.30, -0.81, -0.36, -47.19, 37.99, 31.00
0.29, -0.81, -0.41, -42.95, 9.65, 28.88
0.30, -0.81, -0.49, -27.03, -3.79, 24.19
0.14, -0.82, -0.58, -10.10, -35.19, -2.54
-0.20, -0.86, -0.64, -3.16, -26.30, -19.54
-0.26, -0.89, -0.57, 2.57, 12.90, -31.34
-0.00, -0.83, -0.46, 11.38, 13.85, -41.51
0.27, -0.80, -0.42, 16.44, 2.99, -38.20
0.40, -0.83, -0.42, 13.62, 2.45, -33.65
0.43, -0.83, -0.39, 7.81, 18.65, -29.25
0.47, -0.75, -0.29, -1.94, 40.03, -22.25
0.60, -0.73, -0.18, -12.14, 38.86, -10.59
0.77, -0.71, -0.14, -24.25, 31.27, 9.56
0.86, -0.71, -0.18, -27.94, 11.65, 21.64
0.73, -0.73, -0.23, -36.82, 0.08, 29.32
0.51, -0.77, -0.28, -42.26, 9.23, 30.22
0.39, -0.77, -0.32, -43.64, 22.75, 28.59
0.33, -0.77, -0.34, -42.39, 24.96, 27.25
0.30, -0.80, -0.38, -36.69, 11.75, 25.73
0.24, -0.82, -0.45, -24.98, -7.94, 16.74
0.11, -0.85, -0.55, -10.56, -27.41, -3.18
-0.05, -0.89, -0.62, -1.83, -17.44, -15.97
-0.04, -0.87, -0.56, 7.50, -0.05, -27.56
0.10, -0.82, -0.49, 15.16, 4.30, -35.92
0.26, -0.81, -0.47, 19.39, 3.22, -37.21
0.34, -0.83, -0.44, 17.92, 14.99, -36.17
0.42, -0.84, -0.35, 3.20, 32.99, -28.22
0.57, -0.82, -0.17, -9.21, 29.46, -12.44
0.86, -0.76, -0.12, -19.65, 20.61, 10.70
1.03, -0.72, -0.15, -26.91, 5.93, 22.37
0.84, -0.74, -0.16, -36.20, 1.50, 30.25
0.56, -0.80, -0.22, -44.46, 18.77, 32.62
0.35, -0.80, -0.30, -47.24, 34.72, 27.69
0.23, -0.77, -0.37, -43.99, 16.34, 19.10
0.18, -0.77, -0.43, -31.87, -18.08, 12.07
0.18, -0.82, -0.54, -16.11, -52.70, 1.15
0.08, -0.86, -0.62, 0.89, -48.89, -12.15
-0.08, -0.85, -0.60, 10.96, -20.04, -31.54
-0.12, -0.82, -0.55, 19.78, 2.62, -42.58
0.03, -0.80, -0.51, 26.01, 5.67, -47.43
0.26, -0.82, -0.47, 25.94, -3.33, -40.59
0.50, -0.82, -0.35, 12.13, 3.44, -18.89
0.83, -0.76, -0.20, 7.08, 7.78, -3.91
0.94, -0.67, -0.13, -9.03, -5.44, 11.36
0.86, -0.69, -0.08, -26.65, 15.93, 28.73
0.76, -0.76, -0.10, -41.03, 24.46, 32.96
0.57, -0.78, -0.19, -51.08, 27.71, 33.86
0.40, -0.78, -0.27, -56.01, 31.08, 35.87
0.35, -0.78, -0.31, -55.40, 24.47, 31.74
0.31, -0.81, -0.37, -42.69, -22.99, 21.87
0.22, -0.84, -0.52, -20.96, -63.70, 14.20
0.06, -0.88, -0.70, 1.21, -64.00, -8.97
-0.20, -0.90, -0.69, 6.61, -18.86, -29.26
-0.23, -0.85, -0.55, 15.55, 32.07, -41.33
0.07, -0.79, -0.49, 24.51, 34.84, -47.74
0.31, -0.81, -0.46, 24.60, 18.86, -41.27
0.42, -0.86, -0.37, 14.66, 3.29, -31.76
0.65, -0.85, -0.25, 6.46, -2.82, -12.12
0.92, -0.76, -0.19, -4.71, 0.13, 5.85
0.97, -0.68, -0.12, -17.49, 2.87, 16.15
0.75, -0.70, -0.07, -34.56, 15.02, 25.90
0.59, -0.78, -0.15, -49.36, 27.71, 32.80
0.44, -0.78, -0.25, -57.01, 33.97, 34.58
0.38, -0.72, -0.29, -58.36, 34.05, 34.55
0.38, -0.71, -0.32, -53.91, 12.01, 31.39
0.33, -0.76, -0.39, -38.45, -46.92, 25.31
0.22, -0.82, -0.57, -17.11, -52.47, 22.48
0.04, -0.86, -0.69, -1.26, -50.92, -11.68
-0.28, -0.88, -0.67, 5.00, -9.23, -21.57
-0.18, -0.87, -0.56, 11.70, 25.80, -32.32
0.15, -0.82, -0.48, 21.52, 20.98, -36.28
0.31, -0.82, -0.45, 26.35, -6.26, -41.09
0.34, -0.87, -0.45, 21.40, -20.16, -35.58
0.45, -0.88, -0.39, 13.87, -6.43, -23.52
0.68, -0.82, -0.25, 0.45, 9.16, -8.53
0.82, -0.73, -0.14, -12.96, 12.81, 5.79
0.86, -0.68, -0.10, -27.71, 21.20, 21.51
0.79, -0.71, -0.12, -39.55, 19.73, 29.94
0.61, -0.76, -0.21, -50.62, 18.39, 34.40
0.45, -0.76, -0.29, -54.04, 15.13, 35.67
0.38, -0.74, -0.32, -50.62, 10.98, 38.53
0.39, -0.76, -0.40, -39.03, -11.52, 32.62
0.24, -0.81, -0.51, -26.58, -40.68, 25.04
0.01, -0.86, -0.58, -9.21, -39.62, 4.37
-0.21, -0.90, -0.64, -0.22, -26.61, -16.64
-0.22, -0.92, -0.59, 7.68, 9.67, -27.89
0.04, -0.87, -0.48, 15.88, 10.07, -34.34
0.29, -0.82, -0.45, 20.87, -9.54, -32.97
0.41, -0.79, -0.46, 22.65, -13.97, -26.56
0.46, -0.78, -0.39, 14.13, 3.79, -21.78
0.52, -0.77, -0.26, 2.35, 16.08, -16.24
0.61, -0.74, -0.15, -17.79, 27.01, 1.56
0.76, -0.71, -0.11, -30.49, 27.89, 18.11
0.83, -0.71, -0.14, -40.95, 15.49, 28.75
0.71, -0.74, -0.21, -48.96, 7.99, 38.43
0.50, -0.75, -0.31, -54.63, 11.01, 42.75
0.39, -0.74, -0.37, -46.73, 14.42, 40.50
0.29, -0.76, -0.48, -28.30, -11.50, 24.29
0.02, -0.86, -0.57, -18.70, -39.44, 5.73
-0.23, -0.99, -0.64, -5.09, -23.23, -11.41
-0.24, -0.98, -0.68, 2.85, 1.36, -29.16
-0.08, -0.87, -0.56, 14.37, 14.09, -38.39
0.17, -0.82, -0.48, 19.18, 8.32, -41.14
0.37, -0.83, -0.46, 19.80, 4.77, -31.38
0.49, -0.83, -0.41, 14.54, 14.16, -25.48
0.55, -0.78, -0.30, 1.18, 23.62, -19.55
0.59, -0.72, -0.16, -14.15, 26.28, -4.55
0.73, -0.67, -0.10, -26.43, 28.64, 15.07
0.84, -0.66, -0.13, -34.50, 10.76, 25.30
0.72, -0.71, -0.20, -44.62, 2.02, 35.31
0.51, -0.75, -0.28, -49.97, 6.57, 39.55
0.37, -0.73, -0.31, -50.60, 13.77, 42.26
0.37, -0.73, -0.36, -39.38, 14.43, 36.55
0.27, -0.81, -0.48, -29.62, -32.19, 19.97
0.00, -0.92, -0.55, -18.26, -35.54, 14.76
-0.15, -0.95, -0.65, -1.50, -22.72, -12.32
-0.21, -0.95, -0.66, 3.53, 2.09, -26.23
-0.05, -0.94, -0.52, 9.78, 11.75, -34.21
0.23, -0.86, -0.45, 15.65, 4.62, -34.87
0.42, -0.80, -0.46, 18.46, 2.00, -30.89
0.45, -0.78, -0.41, 13.12, 7.60, -25.81
0.50, -0.78, -0.30, -0.01, 29.63, -12.50
0.64, -0.74, -0.18, -14.34, 31.71, -0.09
0.77, -0.69, -0.12, -26.42, 25.28, 16.25
0.80, -0.70, -0.15, -37.19, 11.93, 27.73
0.67, -0.73, -0.22, -46.27, 6.40, 36.96
0.47, -0.73, -0.30, -51.38, 15.83, 40.98
0.35, -0.72, -0.34, -47.65, 19.19, 36.96
0.25, -0.74, -0.44, -31.30, -11.12, 22.69
0.03, -0.83, -0.57, -19.06, -42.12, 7.17
-0.22, -0.94, -0.69, -7.67, -31.52, -12.77
-0.29, -0.91, -0.71, 1.98, -2.54, -29.19
-0.12, -0.81, -0.57, 14.31, 16.44, -39.04
0.17, -0.80, -0.46, 19.57, 8.52, -42.14
0.38, -0.84, -0.46, 21.04, 6.85, -33.78
0.46, -0.83, -0.42, 14.37, 16.71, -25.92
0.53, -0.78, -0.27, -0.63, 29.99, -13.04
0.69, -0.74, -0.11, -14.96, 29.25, 4.40
0.89, -0.72, -0.09, -28.74, 21.62, 20.66
0.90, -0.73, -0.14, -38.49, 6.41, 34.28
0.70, -0.76, -0.20, -49.07, 6.10, 42.46
0.49, -0.77, -0.26, -53.98, 18.34, 44.69
0.37, -0.76, -0.32, -47.87, 18.57, 40.67
0.29, -0.84, -0.43, -28.09, -14.51, 25.64
0.07, -0.93, -0.56, -21.63, -28.15, 14.38
-0.16, -0.96, -0.66, -2.94, -22.96, -12.65
-0.25, -0.91, -0.71, 9.13, 0.39, -28.08
-0.13, -0.87, -0.61, 21.84, 18.81, -38.74
0.11, -0.85, -0.53, 29.42, 17.58, -43.71
0.26, -0.83, -0.50, 32.81, 6.31, -45.34
0.33, -0.83, -0.45, 28.57, 16.34, -40.24
0.44, -0.81, -0.29, 8.44, 35.69, -24.84
0.69, -0.75, -0.10, -9.71, 40.42, -6.40
0.95, -0.67, -0.04, -26.94, 29.21, 16.65
1.04, -0.63, -0.06, -41.13, 13.87, 31.83
0.82, -0.67, -0.12, -56.25, 6.26, 44.39
0.54, -0.70, -0.21, -64.00, 21.91, 50.42
0.36, -0.69, -0.28, -63.23, 27.59, 43.65
0.23, -0.71, -0.37, -48.23, -19.27, 31.46
0.07, -0.82, -0.56, -29.70, -36.29, 27.97
-0.09, -0.88, -0.70, -9.24, -44.96, 0.76
-0.33, -0.88, -0.73, 7.40, -25.66, -17.38
-0.29, -0.91, -0.61, 13.38, 20.36, -30.63
0.04, -0.88, -0.48, 20.94, 23.90, -38.56
0.30, -0.85, -0.43, 22.85, 11.35, -38.72
0.44, -0.86, -0.41, 18.35, 7.40, -33.57
0.49, -0.88, -0.34, 6.27, 0.01, -27.96
0.60, -0.84, -0.26, -4.79, 1.14, -14.49
0.77, -0.79, -0.19, -17.55, 2.50, 3.61
0.87, -0.74, -0.17, -28.51, 4.63, 14.98
0.78, -0.73, -0.19, -37.30, 9.22, 23.54
0.55, -0.76, -0.24, -48.98, 20.29, 27.90
0.37, -0.77, -0.31, -54.21, 19.89, 27.35
0.29, -0.76, -0.36, -50.33, 16.42, 31.46
0.29, -0.75, -0.43, -38.84, -24.58, 19.33
0.15, -0.78, -0.51, -18.84, -55.36, 8.82
-0.01, -0.86, -0.67, -1.20, -47.21, -10.18
-0.20, -0.89, -0.69, 5.08, -13.34, -26.34
-0.21, -0.83, -0.57, 17.12, 21.59, -37.57
0.07, -0.80, -0.51, 24.85, 27.32, -43.36
0.29, -0.85, -0.48, 25.09, 7.61, -42.88
0.40, -0.87, -0.43, 18.22, -3.75, -32.99
0.61, -0.82, -0.29, 6.59, 7.76, -6.73
0.90, -0.74, -0.18, -3.39, 14.10, 8.30
0.99, -0.65, -0.11, -16.37, 11.44, 22.72
0.86, -0.66, -0.09, -31.17, 17.21, 33.82
0.65, -0.77, -0.15, -49.78, 28.18, 41.68
0.44, -0.80, -0.22, -61.73, 38.54, 48.47
0.37, -0.72, -0.28, -61.09, 32.23, 46.76
0.36, -0.69, -0.37, -43.58, -18.13, 34.20
0.19, -0.77, -0.56, -25.35, -56.03, 27.01
-0.08, -0.87, -0.71, -7.92, -52.79, 5.08
-0.36, -0.87, -0.74, 9.20, -21.42, -17.59
-0.34, -0.86, -0.66, 13.48, 28.19, -27.68
-0.02, -0.87, -0.48, 17.17, 38.61, -31.19
0.31, -0.85, -0.40, 18.31, 17.10, -29.53
0.50, -0.83, -0.38, 17.23, -3.90, -22.63
0.55, -0.83, -0.35, 9.54, -8.67, -18.27
0.55, -0.84, -0.28, -1.39, -10.89, -11.65
0.62, -0.85, -0.23, -14.39, 8.51, 6.10
0.76, -0.82, -0.19, -27.24, 24.56, 16.27
0.75, -0.79, -0.17, -39.03, 26.59, 25.98
0.61, -0.78, -0.21, -48.63, 26.29, 34.93
0.51, -0.76, -0.29, -50.29, 21.62, 41.65
0.43, -0.76, -0.37, -41.32, 7.97, 36.36
0.20, -0.77, -0.51, -22.70, -30.13, 14.51
-0.18, -0.81, -0.61, -8.33, -38.00, -4.66
-0.38, -0.85, -0.66, 4.60, -13.84, -25.56
-0.30, -0.83, -0.57, 14.23, 6.69, -37.04
-0.04, -0.79, -0.47, 21.93, 7.60, -40.91
0.26, -0.79, -0.43, 20.74, 15.51, -32.79
0.45, -0.82, -0.36, 16.62, 19.14, -26.33
0.55, -0.81, -0.27, 5.04, 22.70, -16.71
0.66, -0.80, -0.16, -10.47, 29.26, -0.68
0.79, -0.79, -0.12, -24.49, 28.28, 14.07
0.86, -0.78, -0.13, -36.15, 17.68, 25.05
0.78, -0.79, -0.19, -45.61, 6.33, 38.06
0.58, -0.78, -0.28, -51.21, 6.64, 43.96
0.43, -0.74, -0.34, -48.24, 20.78, 42.44
0.32, -0.73, -0.43, -35.63, 16.66, 28.36
0.09, -0.79, -0.59, -25.17, -17.66, 12.95
-0.20, -0.89, -0.63, -11.44, -15.29, -0.48
-0.27, -0.91, -0.67, 2.43, -5.97, -22.43
-0.18, -0.89, -0.60, 13.66, 9.93, -32.11
0.04, -0.86, -0.47, 19.04, 9.41, -39.04
0.27, -0.85, -0.41, 21.68, -5.61, -38.73
0.39, -0.86, -0.40, 18.70, -1.25, -30.97
0.47, -0.86, -0.34, 9.55, 16.36, -26.79
0.53, -0.79, -0.24, -4.03, 28.32, -17.99
0.63, -0.77, -0.15, -18.81, 25.67, -4.00
0.77, -0.75, -0.13, -29.01, 24.90, 14.21
0.82, -0.74, -0.18, -35.73, 10.26, 22.32
0.68, -0.75, -0.24, -44.13, 6.09, 29.71
0.47, -0.76, -0.29, -50.16, 14.60, 32.22
0.37, -0.75, -0.32, -50.03, 20.12, 34.21
0.34, -0.74, -0.37, -42.74, 11.07, 32.84
0.23, -0.76, -0.48, -24.04, -13.38, 20.28
0.04, -0.83, -0.57, -10.00, -35.84, -0.04
-0.25, -0.94, -0.63, 1.42, -27.87, -19.05
-0.29, -0.95, -0.62, 8.63, 7.17, -32.01
-0.08, -0.86, -0.52, 19.60, 14.44, -43.44
0.17, -0.82, -0.45, 25.96, 0.28, -43.07
0.34, -0.85, -0.43, 25.74, -4.27, -38.25
0.43, -0.87, -0.39, 18.02, 0.95, -32.86
0.53, -0.83, -0.27, 3.23, 21.66, -22.18
0.67, -0.76, -0.15, -8.92, 16.91, -9.48
0.79, -0.71, -0.14, -25.50, 18.75, 6.38
0.84, -0.71, -0.14, -37.55, 14.08, 20.89
0.76, -0.73, -0.18, -45.51, 6.48, 29.38
0.56, -0.73, -0.27, -50.56, 10.66, 30.62
0.39, -0.73, -0.33, -51.78, 24.02, 32.46
0.33, -0.73, -0.36, -50.59, 25.99, 31.46
0.29, -0.77, -0.40, -41.82, 5.68, 28.08
0.21, -0.81, -0.48, -26.35, -24.48, 20.85
0.05, -0.86, -0.57, -7.96, -34.49, 3.72
-0.15, -0.90, -0.65, 6.56, -19.96, -16.76
-0.18, -0.91, -0.59, 12.19, 11.06, -28.63
-0.03, -0.87, -0.47, 18.58, 21.01, -38.44
0.22, -0.84, -0.44, 21.19, 14.82, -36.43
0.37, -0.83, -0.42, 22.16, 7.40, -36.48
0.41, -0.83, -0.37, 11.84, 9.46, -32.70
0.49, -0.82, -0.26, 0.30, 9.66, -22.32
0.68, -0.78, -0.20, -10.74, 11.62, -1.36
0.87, -0.73, -0.18, -23.14, 8.35, 13.98
0.86, -0.71, -0.17, -33.00, 6.04, 26.98
0.68, -0.74, -0.19, -45.73, 10.45, 31.90
0.49, -0.76, -0.26, -51.39, 15.79, 35.81
0.37, -0.73, -0.32, -52.29, 15.94, 37.37
0.33, -0.73, -0.36, -45.61, -2.88, 33.90
0.25, -0.78, -0.42, -33.46, -33.51, 28.14
0.14, -0.84, -0.52, -17.84, -43.48, 14.77
-0.03, -0.88, -0.63, -1.33, -33.18, -7.94
-0.22, -0.90, -0.61, 0.62, 2.88, -21.11
-0.14, -0.89, -0.52, 9.95, 29.80, -31.44
0.15, -0.84, -0.46, 17.71, 21.90, -36.99
0.36, -0.83, -0.44, 23.16, 1.80, -36.22
0.39, -0.86, -0.42, 18.14, -12.37, -37.06
0.39, -0.85, -0.34, 10.82, -5.47, -28.94
0.55, -0.81, -0.23, -4.97, 1.07, -14.24
0.78, -0.74, -0.15, -14.77, 8.59, 5.29
0.91, -0.68, -0.11, -25.57, 6.73, 18.19
0.84, -0.70, -0.14, -36.25, 8.67, 31.69
0.66, -0.77, -0.22, -49.28, 16.08, 38.45
0.45, -0.77, -0.28, -54.73, 22.49, 41.20
0.34, -0.74, -0.31, -52.51, 20.07, 41.08
0.27, -0.77, -0.37, -41.39, -26.90, 30.64
0.15, -0.84, -0.54, -20.91, -55.38, 25.79
-0.04, -0.88, -0.69, 1.92, -54.27, -1.47
-0.33, -0.91, -0.72, 10.02, -23.01, -22.21
-0.34, -0.93, -0.60, 15.33, 19.20, -36.06
-0.02, -0.87, -0.50, 24.17, 34.59, -45.41
0.27, -0.82, -0.48, 29.64, 23.87, -49.16
0.36, -0.84, -0.43, 21.20, 5.42, -44.88
0.44, -0.87, -0.32, 7.00, 3.42, -28.04
0.73, -0.82, -0.20, -6.48, 7.64, -4.99
0.99, -0.73, -0.15, -18.52, 6.79, 9.93
0.97, -0.66, -0.12, -30.49, 5.58, 18.86
0.75, -0.68, -0.16, -43.71, 17.46, 30.67
0.52, -0.75, -0.25, -55.90, 31.73, 35.31
0.36, -0.76, -0.30, -59.12, 39.87, 36.49
0.27, -0.75, -0.33, -54.68, 22.90, 35.82
0.25, -0.75, -0.43, -38.21, -37.27, 25.67
0.13, -0.79, -0.57, -11.51, -64.00, 14.30
-0.05, -0.86, -0.72, 8.91, -64.00, -8.44
-0.35, -0.91, -0.67, 7.49, -22.14, -30.13
-0.35, -0.88, -0.50, 18.63, 29.03, -44.42
0.04, -0.82, -0.47, 27.06, 30.16, -50.53
0.31, -0.85, -0.48, 30.31, 7.27, -48.32
0.40, -0.89, -0.45, 20.42, -6.03, -40.61
0.55, -0.87, -0.31, 8.35, -9.58, -24.21
0.80, -0.80, -0.19, -1.70, -0.41, -3.49
0.99, -0.70, -0.13, -17.13, 5.36, 10.54
0.91, -0.66, -0.08, -32.95, 15.27, 23.13
0.70, -0.71, -0.12, -49.19, 29.19, 34.74
0.51, -0.76, -0.22, -61.55, 35.27, 39.14
0.38, -0.75, -0.27, -64.00, 39.69, 43.02
0.36, -0.72, -0.31, -61.58, 18.42, 40.99
0.29, -0.75, -0.42, -41.68, -39.03, 32.52
0.14, -0.82, -0.62, -17.03, -64.00, 21.80
-0.14, -0.89, -0.75, 5.30, -64.00, -6.98
-0.42, -0.92, -0.73, 10.90, -12.20, -29.40
-0.35, -0.90, -0.56, 20.81, 28.43, -43.28
0.03, -0.85, -0.48, 30.38, 23.16, -49.04
0.33, -0.86, -0.48, 35.64, -6.53, -46.31
0.42, -0.89, -0.46, 32.31, -18.38, -40.71
0.51, -0.88, -0.38, 19.44, 5.57, -25.79
0.69, -0.81, -0.22, 5.44, 25.46, -16.85
0.78, -0.72, -0.11, -14.58, 21.69, -3.16
0.84, -0.72, -0.08, -34.42, 35.67, 18.49
0.86, -0.74, -0.12, -47.43, 25.45, 26.71
0.66, -0.74, -0.22, -55.21, 16.33, 33.67
0.42, -0.74, -0.30, -58.85, 18.77, 34.88
0.30, -0.74, -0.36, -52.79, 12.32, 33.53
0.23, -0.75, -0.43, -36.90, -3.87, 24.24
0.09, -0.78, -0.58, -17.59, -37.97, 4.58
-0.18, -0.85, -0.69, 2.79, -37.23, -12.95
-0.31, -0.90, -0.65, 8.58, 5.22, -28.30
-0.14, -0.88, -0.52, 18.82, 24.54, -40.00
0.21, -0.83, -0.44, 24.62, 17.70, -39.89
0.41, -0.84, -0.42, 23.77, 6.90, -35.07
0.48, -0.86, -0.37, 14.22, 10.83, -28.95
0.53, -0.84, -0.26, -1.69, 24.38, -18.02
0.66, -0.77, -0.15, -14.29, 21.11, -6.59
0.80, -0.72, -0.12, -25.74, 17.29, 11.80
0.86, -0.71, -0.14, -36.26, 4.08, 21.04
0.73, -0.73, -0.21, -46.12, 2.08, 29.69
0.52, -0.75, -0.28, -53.62, 13.73, 32.68
0.38, -0.75, -0.33, -54.11, 26.62, 32.70
0.32, -0.76, -0.36, -50.21, 23.74, 29.21
0.27, -0.80, -0.44, -37.85, -13.09, 21.73
0.12, -0.85, -0.56, -18.31, -43.68, 9.39
-0.05, -0.89, -0.69, 3.21, -39.13, -11.11
-0.19, -0.92, -0.68, 9.60, -7.18, -28.10
-0.15, -0.88, -0.54, 17.10, 19.67, -40.04
0.11, -0.84, -0.46, 23.21, 23.41, -42.30
0.33, -0.83, -0.45, 22.80, 17.63, -39.49
0.42, -0.84, -0.39, 13.88, 10.21, -36.69
0.55, -0.82, -0.25, 1.04, 7.32, -20.67
0.78, -0.76, -0.19, -8.83, 7.29, -2.49
0.93, -0.69, -0.16, -20.81, 3.30, 12.26
0.83, -0.67, -0.12, -32.19, 11.51, 24.35
0.64, -0.71, -0.19, -44.54, 24.71, 29.33
0.46, -0.73, -0.29, -50.35, 30.49, 32.40
0.34, -0.72, -0.33, -50.80, 33.56, 30.13
0.29, -0.74, -0.36, -45.44, 3.40, 25.45
0.25, -0.81, -0.45, -26.79, -38.16, 22.45
0.19, -0.86, -0.59, -8.94, -53.46, 8.21
-0.03, -0.90, -0.68, 4.43, -37.73, -12.29
-0.20, -0.92, -0.56, 6.92, 5.97, -26.49
-0.06, -0.88, -0.48, 14.44, 22.03, -35.59
0.21, -0.83, -0.45, 22.96, 4.43, -39.09
0.36, -0.85, -0.46, 21.38, -7.96, -35.64
0.41, -0.87, -0.41, 18.18, -11.82, -35.21
0.48, -0.84, -0.30, 5.60, -9.23, -26.81
0.64, -0.78, -0.21, -3.43, 5.37, -7.30
0.80, -0.69, -0.20, -13.34, 13.14, 3.07
0.76, -0.65, -0.16, -24.75, 13.20, 16.30
0.65, -0.69, -0.17, -35.29, 17.30, 25.84
0.56, -0.74, -0.26, -40.52, 17.16, 29.50
0.41, -0.72, -0.32, -41.81, 18.32, 30.94
0.32, -0.72, -0.32, -40.15, 23.70, 30.96
0.32, -0.77, -0.34, -36.40, 5.69, 27.81
0.31, -0.84, -0.41, -24.88, -22.53, 26.54
0.22, -0.86, -0.50, -10.12, -27.67, 15.22
0.05, -0.90, -0.57, 0.61, -26.85, -10.63
-0.12, -0.93, -0.58, 3.29, 0.73, -19.81
-0.03, -0.90, -0.53, 13.36, 12.94, -28.01
0.22, -0.84, -0.48, 20.24, 5.52, -31.03
0.35, -0.85, -0.44, 23.24, -8.93, -30.68
0.35, -0.87, -0.42, 19.30, -7.22, -25.71
0.41, -0.85, -0.36, 12.68, 1.98, -23.29
0.53, -0.79, -0.27, -1.63, 8.32, -9.97
0.71, -0.74, -0.16, -16.45, 15.05, 6.16
0.83, -0.70, -0.13, -26.79, 12.32, 16.83
0.78, -0.69, -0.16, -38.55, 11.31, 28.11
0.61, -0.73, -0.22, -51.30, 20.06, 32.80
0.43, -0.75, -0.28, -55.30, 25.14, 36.41
0.38, -0.74, -0.33, -50.77, 20.24, 36.44
0.35, -0.78, -0.41, -39.62, -9.80, 29.81
0.21, -0.85, -0.50, -24.25, -27.79, 20.18
-0.01, -0.92, -0.57, -11.29, -26.60, 0.39
-0.19, -0.94, -0.63, -2.21, -8.36, -19.90
-0.19, -0.91, -0.58, 3.01, 18.03, -30.92
0.07, -0.85, -0.47, 9.53, 19.66, -36.56
0.31, -0.82, -0.42, 12.27, 1.60, -34.38
0.46, -0.81, -0.42, 12.57, -4.35, -27.36
0.53, -0.80, -0.37, 6.08, 5.17, -18.41
0.60, -0.77, -0.29, -5.85, 18.00, -8.96
0.65, -0.74, -0.20, -18.35, 22.89, 3.56
0.72, -0.72, -0.17, -29.05, 22.87, 16.20
0.73, -0.72, -0.22, -38.13, 13.57, 27.52
0.60, -0.74, -0.27, -45.52, 11.23, 33.67
0.45, -0.74, -0.32, -46.86, 15.97, 35.82
0.36, -0.74, -0.37, -42.82, 19.50, 31.26
0.27, -0.78, -0.44, -30.31, 3.02, 16.63
0.06, -0.86, -0.54, -22.85, -16.04, 4.74
-0.11, -0.90, -0.60, -9.14, -5.30, -10.89
-0.12, -0.87, -0.61, 1.18, 12.77, -22.55
0.04, -0.83, -0.52, 10.31, 17.75, -27.92
0.28, -0.81, -0.45, 13.56, 12.37, -23.41
0.43, -0.79, -0.40, 15.18, 2.51, -21.06
0.45, -0.79, -0.37, 11.30, 3.91, -18.00
0.44, -0.80, -0.31, 3.26, 10.37, -15.90
0.47, -0.80, -0.26, -6.86, 12.96, -10.27
0.56, -0.79, -0.21, -18.25, 16.28, -0.94
0.65, -0.77, -0.19, -26.31, 13.89, 9.99
0.69, -0.77, -0.19, -33.53, 13.00, 19.56
0.67, -0.78, -0.23, -39.96, 12.78, 29.81
0.58, -0.78, -0.27, -42.59, 13.11, 35.73
0.48, -0.77, -0.32, -39.19, 15.13, 36.71
0.38, -0.80, -0.38, -28.67, 6.79, 28.00
0.14, -0.88, -0.49, -18.50, -26.19, 8.85
-0.12, -0.92, -0.59, -3.26, -24.83, -9.00
-0.24, -0.92, -0.62, 3.86, -5.48, -26.20
-0.12, -0.88, -0.54, 15.64, 7.21, -37.04
0.15, -0.82, -0.44, 22.74, 2.12, -40.95
0.33, -0.81, -0.43, 24.93, -4.76, -38.06
0.39, -0.82, -0.41, 21.04, 4.62, -35.58
0.43, -0.80, -0.34, 9.73, 18.93, -28.62
0.57, -0.75, -0.21, -5.46, 29.98, -13.89
0.76, -0.72, -0.12, -21.67, 29.83, 3.17
0.89, -0.68, -0.11, -31.20, 18.79, 15.76
0.86, -0.67, -0.17, -39.65, 9.70, 31.19
0.68, -0.72, -0.25, -47.56, 15.82, 36.76
0.46, -0.73, -0.32, -50.62, 28.46, 36.28
0.32, -0.74, -0.35, -47.96, 39.78, 35.99
0.28, -0.79, -0.37, -41.33, 0.45, 23.98
0.19, -0.86, -0.46, -23.87, -40.09, 18.26
0.10, -0.92, -0.62, -6.70, -37.02, -1.30
-0.13, -0.93, -0.66, 2.66, -26.64, -20.94
-0.20, -0.89, -0.56, 13.70, 15.80, -30.21
0.04, -0.85, -0.47, 22.51, 22.33, -42.28
0.28, -0.86, -0.45, 27.07, 5.63, -44.74
0.35, -0.88, -0.42, 21.79, -5.39, -39.58
0.44, -0.88, -0.32, 11.16, -7.86, -33.00
0.64, -0.82, -0.23, 1.67, 0.14, -15.49
0.85, -0.71, -0.16, -7.45, 4.62, -4.29
0.88, -0.66, -0.12, -23.28, 14.61, 14.84
0.82, -0.67, -0.10, -37.26, 20.56, 26.68
0.70, -0.71, -0.16, -48.60, 18.10, 33.48
0.50, -0.73, -0.28, -54.45, 16.97, 37.74
0.37, -0.70, -0.32, -53.71, 18.89, 40.05
0.33, -0.72, -0.35, -45.88, -7.21, 32.73
0.25, -0.77, -0.46, -29.53, -41.54, 25.82
0.11, -0.84, -0.58, -12.21, -44.37, 13.41
-0.11, -0.87, -0.65, 1.87, -33.58, -13.02
-0.31, -0.88, -0.60, 4.56, 14.91, -20.19
-0.08, -0.85, -0.46, 11.52, 35.91, -29.90
0.29, -0.81, -0.38, 15.27, 17.39, -30.03
0.49, -0.82, -0.37, 11.82, -8.57, -22.85
0.56, -0.84, -0.34, 5.32, -14.72, -14.99
0.59, -0.82, -0.31, -1.75, -12.04, -10.91
0.60, -0.78, -0.29, -9.38, -3.10, -3.55
0.63, -0.77, -0.26, -19.52, 7.15, 5.32
0.65, -0.79, -0.25, -26.85, 12.50, 13.51
0.60, -0.80, -0.28, -34.44, 15.93, 22.88
0.53, -0.79, -0.33, -37.48, 19.47, 28.53
0.47, -0.77, -0.36, -36.83, 16.75, 30.97
0.43, -0.76, -0.39, -32.99, 6.82, 31.92
0.37, -0.79, -0.45, -26.07, 5.19, 27.69
0.26, -0.83, -0.48, -19.71, -3.79, 14.17
0.08, -0.88, -0.52, -14.65, 2.31, 5.97
0.03, -0.89, -0.59, -6.12, 16.35, -5.22
0.12, -0.88, -0.54, -0.85, 24.34, -10.11
0.24, -0.89, -0.46, 3.76, 19.53, -11.63
0.36, -0.88, -0.40, 7.52, 11.71, -11.53
0.41, -0.86, -0.36, 6.44, 6.51, -14.24
0.38, -0.84, -0.33, 3.10, 5.33, -15.97
0.37, -0.81, -0.29, -1.54, 10.95, -15.38
0.40, -0.79, -0.26, -7.64, 11.87, -12.96
0.43, -0.76, -0.25, -14.65, 10.69, -4.77
0.49, -0.72, -0.23, -21.49, 9.62, 2.27
0.56, -0.70, -0.23, -27.07, 8.72, 12.96
0.60, -0.69, -0.24, -32.96, 12.18, 23.99
0.59, -0.69, -0.28, -35.39, 12.31, 32.29
0.51, -0.71, -0.33, -30.75, 8.36, 29.62
0.36, -0.79, -0.39, -29.54, 1.01, 27.48
0.20, -0.89, -0.42, -25.98, 2.25, 24.58
0.13, -0.91, -0.46, -14.41, -0.18, 8.69
0.03, -0.90, -0.51, -4.39, -9.54, -9.12
-0.05, -0.94, -0.49, -1.40, -2.53, -17.14
0.04, -0.93, -0.40, 5.00, -2.38, -24.69
0.18, -0.86, -0.36, 9.98, -14.09, -31.89
0.28, -0.82, -0.36, 13.35, -16.91, -29.40
0.35, -0.79, -0.35, 9.75, -5.03, -26.06
0.43, -0.75, -0.29, 1.33, 5.19, -18.76
0.56, -0.71, -0.23, -10.87, 11.03, -6.11
0.72, -0.68, -0.19, -24.16, 10.88, 12.03
0.79, -0.66, -0.20, -33.03, 7.30, 27.05
0.77, -0.66, -0.26, -40.80, 6.97, 40.42
0.64, -0.68, -0.32, -48.33, 11.93, 48.87
0.50, -0.69, -0.39, -49.50, 17.44, 54.85
0.43, -0.72, -0.44, -40.57, 29.51, 48.81
0.27, -0.84, -0.47, -41.46, -8.27, 34.49
0.03, -0.97, -0.51, -31.27, -6.51, 33.91
-0.03, -0.93, -0.59, -13.09, -6.57, 9.64
-0.12, -0.96, -0.57, 0.19, -8.31, -13.04
-0.20, -1.02, -0.46, 1.21, 7.76, -24.98
-0.05, -1.00, -0.36, 8.64, 4.10, -32.95
0.20, -0.92, -0.34, 18.34, -19.36, -36.20
0.35, -0.88, -0.36, 21.28, -18.08, -34.68
0.40, -0.87, -0.32, 16.21, -16.23, -36.93
0.37, -0.84, -0.25, 3.99, 0.10, -32.19
0.42, -0.78, -0.22, -6.23, 6.94, -24.14
0.53, -0.72, -0.22, -16.40, 8.00, -9.62
0.65, -0.69, -0.24, -25.30, 7.54, 7.77
0.71, -0.67, -0.28, -30.92, 2.03, 18.89
0.67, -0.68, -0.35, -35.91, 0.17, 28.93
0.52, -0.71, -0.40, -43.19, 8.90, 32.37
0.39, -0.72, -0.43, -46.01, 24.28, 38.25
0.38, -0.74, -0.46, -43.89, 37.92, 40.79
0.38, -0.79, -0.49, -36.93, 34.68, 35.46
0.21, -0.87, -0.55, -24.53, 0.33, 16.29
-0.09, -0.95, -0.60, -14.21, -22.61, -2.28
-0.25, -1.01, -0.64, -1.49, -1.72, -22.01
-0.17, -0.98, -0.58, 6.28, 11.09, -41.09
0.02, -0.91, -0.46, 16.54, 2.58, -49.34
-0.14, -0.96, -0.53, 14.95, 24.18, -40.63
0.13, -0.88, -0.48, 22.02, 16.06, -51.21
-0.01, -0.90, -0.62, -5.14, -64.00, 5.51
-0.22, -1.00, -0.74, 5.64, -41.05, -21.27
0.54, -0.74, -0.17, -60.97, 24.20, 39.54
0.42, -0.74, -0.29, -61.27, 24.20, 51.93
0.00, -0.93, -0.72, -4.73, -63.39, 3.20
-0.14, -0.95, -0.52, 28.10, 37.19, -52.20
0.39, -0.87, -0.52, 38.98, -24.46, -47.13
0.68, -0.81, -0.28, 14.14, 28.14, -22.53
0.97, -0.66, -0.03, -42.14, 31.97, 29.27
0.41, -0.71, -0.29, -64.00, 16.01, 51.60
-0.11, -0.84, -0.60, -12.05, -46.97, 11.26
-0.16, -0.89, -0.47, 22.64, 23.90, -41.88
0.44, -0.84, -0.42, 26.96, 2.34, -32.04
1.01, -0.71, -0.06, -55.12, 12.92, 43.59
0.62, -0.70, -0.28, -64.00, -14.64, 64.00
-0.42, -0.87, -0.74, 12.93, -3.15, -26.56
-0.17, -0.88, -0.54, 19.19, 19.09, -46.55
0.90, -0.73, -0.13, -17.04, 17.60, 14.89
0.88, -0.65, -0.16, -38.89, 14.53, 39.31
0.31, -0.70, -0.35, -55.76, 18.76, 42.83
-0.36, -0.87, -0.70, 9.32, 9.20, -21.20
0.44, -0.86, -0.33, 3.68, 4.37, -30.14
0.98, -0.69, -0.17, -26.62, 17.24, 21.69
0.30, -0.74, -0.35, -50.38, 22.88, 33.62
0.79, -0.78, -0.19, -16.69, 12.37, 5.31
0.93, -0.69, -0.15, -27.97, 17.77, 18.71
0.87, -0.70, -0.17, -38.60, 19.72, 28.40
0.64, -0.73, -0.21, -50.64, 29.30, 37.36
0.45, -0.77, -0.28, -54.34, 38.46, 42.11
0.36, -0.77, -0.34, -52.63, 29.56, 42.11
0.29, -0.79, -0.41, -38.79, -7.91, 30.58
0.08, -0.80, -0.56, -15.36, -55.66, 11.81
-0.21, -0.85, -0.69, 4.70, -47.97, -13.06
-0.44, -0.92, -0.67, 9.78, -9.64, -35.67
-0.34, -0.91, -0.53, 16.46, 21.29, -49.18
0.04, -0.84, -0.44, 23.85, 16.28, -53.49
0.30, -0.84, -0.43, 24.08, -2.29, -49.05
0.42, -0.85, -0.42, 19.47, -5.63, -46.16
0.47, -0.82, -0.36, 7.75, -2.98, -36.41
0.22, -0.89, -0.39, -25.35, -36.67, 16.00
0.22, -0.88, -0.48, 23.41, -8.11, -58.06
0.63, -0.66, -0.20, -31.09, -0.56, 26.87
0.38, -0.85, -0.45, 9.33, 1.71, -26.14
0.40, -0.82, -0.47, 13.25, -26.55, -28.52
0.57, -0.65, -0.21, -27.23, 42.83, 1.47
0.76, -0.66, -0.21, -41.81, 19.65, 30.07
0.69, -0.73, -0.26, -47.82, 4.76, 40.42
0.53, -0.75, -0.30, -51.63, -0.91, 46.27
0.43, -0.72, -0.36, -42.79, 7.71, 43.27
0.29, -0.79, -0.44, -30.73, -14.54, 25.29
-0.10, -0.89, -0.55, -5.01, 4.56, -2.46
0.47, -0.84, -0.37, -9.77, 1.28, 5.21
0.25, -0.75, -0.38, -23.13, -13.45, 9.28
0.23, -0.80, -0.38, -19.83, -42.92, 7.24
0.13, -0.81, -0.48, -24.54, -40.36, 39.37
0.08, -0.80, -0.48, -23.82, -27.72, 35.29
0.04, -0.81, -0.48, -24.85, -16.28, 34.38
0.09, -0.80, -0.49, -24.31, -25.51, 31.62
-0.53, -0.89, -0.51, 0.43, 30.86, -40.90
-0.46, -0.92, -0.65, 0.77, 4.02, -43.62
0.51, -0.63, -0.37, -16.52, 49.57, 34.17
-0.09, -0.87, -0.59, -21.46, -37.59, 22.87
0.44, -0.72, -0.52, 10.95, 11.86, -10.60
0.27, -0.71, -0.38, -35.71, 30.14, 44.51
-0.08, -0.88, -0.51, 8.41, 15.44, -50.29
0.47, -0.68, -0.29, -25.87, 36.16, 26.77
-0.35, -0.94, -0.63, -6.16, -34.92, -7.58
0.44, -0.79, -0.51, 9.09, 12.26, -18.46
0.23, -0.72, -0.36, -35.33, 12.76, 37.14
-0.41, -0.96, -0.56, -2.58, 2.96, -31.27
0.43, -0.70, -0.33, -25.87, 33.06, 29.55
-0.01, -0.89, -0.48, 11.97, -3.09, -48.96
0.55, -0.64, -0.30, -23.21, 33.02, 26.04
-0.43, -1.04, -0.55, -5.03, -12.19, -23.72
0.52, -0.68, -0.38, -6.74, 18.41, -5.39
0.14, -0.81, -0.43, -24.55, -0.33, 30.99
0.67, -0.71, -0.37, 3.81, 20.59, -0.81
0.24, -0.82, -0.26, -46.66, 34.02, 40.91
-0.38, -0.97, -0.50, -16.94, -16.40, -22.36
0.33, -0.78, -0.43, -8.45, -2.46, -11.15
0.29, -0.80, -0.39, -40.06, -3.08, 31.02
-0.30, -0.95, -0.65, 0.67, 4.95, -44.71
0.39, -0.74, -0.38, -0.66, 5.36, -14.04
0.15, -0.80, -0.38, -42.73, -17.45, 28.12
0.43, -0.66, -0.34, -24.35, 12.33, 12.09
0.01, -0.97, -0.63, -18.79, -37.00, 3.96
0.14, -0.81, -0.49, 6.72, 25.57, -33.72
0.47, -0.60, -0.29, -21.47, 7.74, 15.19
-0.01, -0.97, -0.65, -10.74, -35.39, 2.97
0.48, -0.71, -0.39, -0.88, 0.71, -10.10
0.47, -0.63, -0.35, -6.78, -5.45, -1.44
0.41, -0.63, -0.31, -18.65, 8.35, 12.89
0.35, -0.65, -0.35, -33.23, 22.47, 24.77
0.18, -0.88, -0.52, -18.71, -25.89, 19.10
-0.02, -0.95, -0.64, -8.97, -32.38, 2.18
-0.25, -1.01, -0.68, -5.85, -18.55, -17.22
-0.33, -0.98, -0.66, -1.29, 17.31, -31.73
0.48, -0.65, -0.29, -33.41, 10.02, 31.69
-0.17, -0.88, -0.64, 8.83, 24.75, -36.93
0.59, -0.58, -0.31, -27.79, 10.85, 29.28
0.25, -0.75, -0.38, -45.38, 5.21, 47.48
-0.47, -1.00, -0.70, 1.39, -27.09, -17.29
0.20, -0.87, -0.54, 12.64, -5.38, -44.23
0.49, -0.77, -0.47, 3.15, -1.55, -12.02
0.62, -0.67, -0.36, -6.96, 13.95, 3.99
0.62, -0.61, -0.28, -19.89, 29.99, 15.35
0.51, -0.61, -0.24, -33.55, 39.22, 25.13
-0.35, -0.91, -0.68, 8.21, 14.12, -31.32
0.31, -0.80, -0.47, 9.43, 3.34, -19.94
0.47, -0.74, -0.44, 5.45, 17.40, -5.10
0.53, -0.68, -0.37, -4.77, 23.51, 5.58
0.49, -0.68, -0.27, -17.30, 33.14, 16.63
0.46, -0.72, -0.25, -31.43, 32.66, 26.96
-0.18, -0.92, -0.60, -15.53, -20.73, 3.68
0.28, -0.73, -0.37, -31.47, 13.79, 23.25
-0.24, -0.96, -0.61, -4.69, 9.93, -24.01
0.44, -0.66, -0.38, -11.46, 4.22, -6.91
0.31, -0.73, -0.39, -34.70, 22.38, 34.29
0.05, -0.98, -0.45, -23.60, -21.21, 21.17
0.07, -0.81, -0.53, 7.67, 0.18, -44.86
0.37, -0.73, -0.28, -43.94, 54.86, 44.62
-0.17, -0.90, -0.58, -5.12, 29.25, -19.46
0.46, -0.78, -0.44, -10.28, 16.68, 15.05
-0.05, -0.88, -0.55, -12.21, -12.22, -4.85
0.21, -0.79, -0.46, 6.75, 21.12, -12.58
0.35, -0.79, -0.30, -30.61, 28.87, 31.65
-0.15, -0.89, -0.55, -0.64, -2.20, -28.41
0.37, -0.73, -0.42, 3.81, 12.73, -9.45
-0.06, -0.93, -0.47, -23.25, -30.64, -2.15
0.31, -0.76, -0.56, 26.99, 12.02, -18.95
0.34, -0.80, -0.24, -38.39, 23.92, 29.22
-0.25, -0.91, -0.63, 1.05, -15.73, -11.50
0.52, -0.75, -0.30, 7.01, -3.12, -9.50
0.21, -0.82, -0.34, -42.79, 30.11, 33.37
0.22, -0.86, -0.46, 11.84, -11.66, -29.85
0.32, -0.76, -0.28, -41.34, 22.22, 26.44
-0.33, -0.95, -0.61, 1.44, 13.80, -35.84
0.60, -0.70, -0.16, -33.29, 5.79, 16.32
-0.20, -0.90, -0.57, -28.37, -13.08, -2.06
0.29, -0.83, -0.43, -9.17, -1.52, -25.85
0.19, -0.77, -0.45, -16.94, 1.20, -11.06
0.28, -0.76, -0.47, -15.96, 2.28, 1.00
0.14, -0.83, -0.47, -13.19, 7.63, -1.94
0.20, -0.84, -0.45, 0.18, -1.56, -21.13
0.51, -0.68, -0.39, -13.44, -13.51, 8.40
0.06, -0.88, -0.51, -12.58, -21.49, 0.87
0.35, -0.80, -0.41, -1.82, -0.35, -16.32
0.30, -0.66, -0.36, -35.01, 17.81, 35.15
-0.23, -1.03, -0.62, 4.38, -13.12, -11.84
0.38, -0.80, -0.41, -2.91, 2.94, -18.54
0.31, -0.72, -0.36, -34.28, 12.33, 25.07
0.26, -0.77, -0.40, -31.75, 9.53, 28.79
0.25, -0.82, -0.44, -27.43, 6.15, 27.30
0.18, -0.89, -0.50, -19.31, -9.61, 20.25
0.05, -0.95, -0.54, -10.11, -27.11, 3.79
-0.13, -0.98, -0.63, -1.83, -21.01, -11.44
-0.22, -0.97, -0.65, 0.97, 5.18, -26.52
-0.16, -0.93, -0.59, 4.36, 15.42, -38.85
-0.01, -0.89, -0.55, 7.18, 13.25, -43.10
-0.32, -0.98, -0.65, -5.47, 19.40, -22.93
-0.07, -0.93, -0.57, 0.11, 22.55, -32.36
0.15, -0.84, -0.53, 3.27, 10.83, -32.70
0.28, -0.80, -0.50, 0.03, 6.59, -24.58
0.38, -0.77, -0.44, -4.15, 13.20, -11.03
0.48, -0.72, -0.38, -9.08, 17.47, 2.88
0.56, -0.66, -0.32, -13.69, 11.72, 14.75
0.58, -0.65, -0.29, -19.93, 10.92, 28.52
0.49, -0.69, -0.28, -29.36, 14.11, 38.29
0.38, -0.71, -0.30, -34.13, 11.21, 46.19
0.31, -0.84, -0.50, 5.20, 16.38, -30.22
0.40, -0.82, -0.47, 2.27, 1.75, -14.41
0.51, -0.77, -0.44, 0.43, 8.57, 1.83
0.59, -0.72, -0.39, -6.07, 19.73, 10.80
0.53, -0.70, -0.30, -17.71, 35.46, 14.30
0.33, -0.74, -0.39, -34.66, 2.96, 31.78
0.16, -0.77, -0.49, -23.68, -24.34, 16.93
-0.11, -0.85, -0.56, -14.78, -29.44, 4.36
-0.28, -0.90, -0.61, -6.28, -13.75, -9.59
-0.28, -0.91, -0.60, -1.93, 15.53, -16.62
-0.08, -0.88, -0.54, 5.77, 16.58, -22.80
0.13, -0.83, -0.49, 8.58, 12.95, -19.64
0.30, -0.82, -0.46, 7.67, 5.84, -14.29
0.42, -0.80, -0.43, 6.67, 12.10, -1.42
0.50, -0.76, -0.42, 4.23, 21.16, 9.79
0.50, -0.73, -0.36, -4.34, 33.62, 17.19
0.44, -0.76, -0.27, -14.13, 36.79, 27.56
0.43, -0.79, -0.25, -22.02, 28.55, 36.66
0.40, -0.79, -0.34, -20.78, 11.52, 38.75
0.07, -0.81, -0.47, -9.14, -8.75, 17.78
-0.18, -0.90, -0.51, -6.52, -18.88, 3.86
-0.32, -0.93, -0.56, 2.02, -14.54, -10.58
-0.27, -0.94, -0.56, 4.32, -2.95, -25.03
-0.14, -0.92, -0.50, 11.11, -13.96, -34.87
-0.01, -0.88, -0.48, 13.97, -16.41, -36.97
0.36, -0.84, -0.45, 10.89, 8.37, -20.54
0.48, -0.78, -0.38, 5.65, 11.11, -8.64
0.53, -0.74, -0.34, -1.58, 18.45, 5.40
0.55, -0.74, -0.31, -13.04, 34.98, 15.84
0.49, -0.76, -0.26, -27.91, 41.86, 20.47
0.39, -0.78, -0.23, -39.54, 36.60, 27.64
0.35, -0.78, -0.27, -43.34, 19.67, 32.05
0.15, -0.79, -0.45, -24.61, -24.48, 16.53
-0.11, -0.89, -0.53, -13.54, -35.82, -1.04
-0.36, -0.96, -0.56, -7.15, -22.59, -16.60
-0.38, -0.96, -0.53, -3.14, 6.58, -29.81
0.34, -0.79, -0.28, -42.88, 20.17, 30.22
0.13, -0.88, -0.46, -28.00, -17.40, 15.38
-0.20, -0.92, -0.57, 6.66, 1.71, -38.12
-0.06, -0.87, -0.50, 12.01, 1.56, -39.74
0.49, -0.78, -0.35, -0.06, 14.10, -4.23
0.58, -0.71, -0.29, -9.90, 11.81, 5.68
0.57, -0.69, -0.23, -18.31, 18.46, 17.35
0.52, -0.74, -0.23, -33.26, 22.37, 26.00
0.40, -0.78, -0.27, -41.62, 19.65, 32.26
0.28, -0.76, -0.35, -41.03, 15.97, 34.03
0.22, -0.76, -0.41, -35.45, 0.07, 27.92
0.09, -0.83, -0.45, -24.33, -21.04, 14.03
-0.15, -0.95, -0.53, -14.82, -29.10, -0.95
-0.20, -0.92, -0.52, 10.38, 4.03, -42.37
0.03, -0.88, -0.48, 13.55, -10.54, -42.28
0.40, -0.71, -0.27, -31.82, 25.82, 21.22
0.21, -0.80, -0.41, -31.70, -14.22, 28.82
0.05, -0.84, -0.48, -18.11, -28.03, 13.95
-0.14, -0.94, -0.53, -8.93, -32.90, -5.57
-0.32, -1.03, -0.57, -5.62, -17.52, -17.09
-0.30, -1.01, -0.53, -3.14, 5.21, -34.48
-0.10, -0.92, -0.48, 3.61, 8.97, -41.35
0.15, -0.87, -0.46, 3.52, -0.32, -38.68
0.36, -0.86, -0.46, 0.60, -0.78, -26.01
0.49, -0.81, -0.41, -7.06, 6.73, -9.23
0.57, -0.73, -0.32, -14.75, 7.24, 3.82
0.58, -0.67, -0.26, -20.54, 3.44, 11.33
0.48, -0.67, -0.26, -30.54, 5.35, 19.91
0.31, -0.72, -0.27, -43.78, 18.17, 27.13
0.23, -0.74, -0.28, -47.98, 18.07, 31.17
0.23, -0.71, -0.31, -48.07, 9.28, 33.39
0.07, -0.89, -0.54, -0.37, 24.03, -29.99
0.44, -0.73, -0.29, -17.05, 1.99, 3.96
0.49, -0.68, -0.27, -23.68, 1.09, 12.17
0.30, -0.74, -0.36, -37.86, 0.19, 29.59
0.21, -0.79, -0.43, -27.04, -25.39, 23.07
0.05, -0.87, -0.55, -16.33, -36.52, 5.61
-0.20, -0.95, -0.60, -10.49, -30.34, -11.25
-0.36, -1.00, -0.59, -6.31, -0.72, -23.35
-0.21, -0.97, -0.59, -2.33, 19.99, -32.48
0.02, -0.90, -0.54, 0.33, 18.03, -34.05
0.19, -0.86, -0.48, 0.29, 14.95, -30.10
0.35, -0.83, -0.43, -5.38, 8.36, -21.13
0.44, -0.77, -0.38, -10.43, -1.07, -10.32
0.47, -0.70, -0.34, -17.35, -1.18, -0.10
0.47, -0.67, -0.30, -22.66, 4.69, 8.40
0.40, -0.67, -0.32, -28.85, 12.27, 16.18
0.31, -0.69, -0.36, -36.08, 18.58, 22.71
-0.22, -0.97, -0.60, -4.06, -22.48, -14.77
-0.29, -0.97, -0.56, -0.86, 6.89, -25.54
-0.14, -0.92, -0.54, 3.56, 10.08, -35.79
0.35, -0.85, -0.41, -1.04, -3.10, -21.97
0.42, -0.78, -0.38, -3.88, -9.16, -18.89
0.39, -0.73, -0.35, -14.56, -7.01, -9.41
0.37, -0.71, -0.30, -23.05, 4.36, 2.83
0.44, -0.68, -0.29, -29.62, 6.72, 12.23
0.29, -0.70, -0.38, -38.27, 13.17, 29.36
0.16, -0.88, -0.57, -16.23, -27.56, 14.96
0.27, -0.87, -0.45, 2.53, 1.50, -28.62
0.46, -0.75, -0.34, -10.79, 1.04, -9.02
0.45, -0.64, -0.27, -24.70, 10.49, 10.14
0.42, -0.63, -0.32, -30.83, 12.97, 17.24
0.25, -0.67, -0.40, -37.30, 15.96, 25.92
0.24, -0.73, -0.42, -36.14, 9.89, 27.30
0.24, -0.84, -0.45, -25.07, -12.23, 22.45
0.16, -0.93, -0.54, -16.41, -25.41, 16.64
-0.05, -0.98, -0.65, -6.70, -20.15, 1.71
-0.25, -0.97, -0.67, 0.64, -0.33, -16.48
-0.25, -0.94, -0.63, 6.02, 22.01, -29.83
-0.10, -0.90, -0.57, 8.59, 22.23, -36.62
0.09, -0.87, -0.50, 7.62, 13.80, -34.58
0.26, -0.84, -0.44, 4.89, -0.36, -28.37
0.37, -0.79, -0.41, 0.13, -2.65, -17.25
0.46, -0.72, -0.37, -7.25, 3.09, -6.76
0.48, -0.67, -0.32, -12.71, 1.78, -2.57
0.40, -0.65, -0.30, -22.10, 13.50, 10.84
0.37, -0.67, -0.32, -29.43, 17.99, 17.94
0.28, -0.69, -0.36, -36.69, 18.79, 25.10
0.27, -0.74, -0.39, -37.29, 9.68, 29.14
0.28, -0.81, -0.40, -36.36, -6.88, 29.65
0.22, -0.91, -0.45, -26.71, -25.65, 23.37
0.06, -0.94, -0.59, -15.17, -31.31, 3.80
-0.21, -0.95, -0.70, -4.64, -19.32, -16.47
-0.25, -0.97, -0.64, 5.39, 28.19, -42.65
0.01, -0.90, -0.56, 9.02, 22.89, -45.38
0.21, -0.85, -0.51, 8.41, 8.40, -39.21
0.40, -0.80, -0.45, 6.39, 11.17, -27.54
0.50, -0.73, -0.37, 0.14, 9.58, -19.12
0.50, -0.68, -0.30, -9.06, 6.96, -7.78
0.49, -0.65, -0.27, -19.56, 21.68, 8.80
0.55, -0.63, -0.26, -26.82, 23.75, 18.09
0.48, -0.64, -0.27, -33.96, 24.02, 26.53
0.36, -0.69, -0.31, -38.63, 27.12, 31.66
0.28, -0.72, -0.35, -41.03, 26.45, 36.06
0.25, -0.73, -0.38, -39.22, 19.33, 38.91
0.21, -0.80, -0.42, -29.81, -8.73, 30.44
0.11, -0.90, -0.49, -19.50, -38.89, 17.70
-0.09, -0.96, -0.63, -6.60, -36.55, 3.53
-0.29, -0.93, -0.71, 1.94, -9.48, -17.65
-0.30, -0.92, -0.62, 3.16, 24.38, -27.35
-0.06, -0.90, -0.53, 6.84, 26.88, -33.61
0.18, -0.84, -0.52, 8.78, 15.10, -32.62
0.28, -0.81, -0.49, 6.47, 12.22, -26.00
0.36, -0.81, -0.42, 0.79, 3.31, -18.25
0.46, -0.78, -0.34, -5.27, 1.19, -1.23
0.57, -0.71, -0.35, -13.12, 7.72, 10.55
0.56, -0.66, -0.28, -22.50, 18.38, 18.89
0.44, -0.67, -0.26, -35.17, 31.12, 29.85
0.37, -0.71, -0.29, -44.24, 33.88, 35.41
0.34, -0.71, -0.33, -47.00, 24.32, 41.86
0.34, -0.71, -0.37, -45.53, -0.81, 43.34
0.28, -0.77, -0.44, -32.11, -33.25, 35.20
0.12, -0.88, -0.54, -22.91, -45.65, 28.25
-0.16, -0.90, -0.65, -10.81, -28.16, 1.89
-0.39, -0.91, -0.71, 0.15, -2.07, -15.00
-0.34, -0.96, -0.67, 1.39, 31.51, -22.85
-0.11, -0.94, -0.56, 5.99, 36.52, -29.83
0.13, -0.85, -0.49, 7.40, 26.90, -29.27
0.34, -0.81, -0.44, 3.73, 1.67, -23.26
0.43, -0.79, -0.41, -0.05, -6.02, -7.69
0.49, -0.75, -0.40, -7.23, 4.33, 2.64
0.50, -0.71, -0.35, -14.51, 17.35, 13.77
0.46, -0.71, -0.30, -27.20, 27.59, 23.75
0.40, -0.72, -0.29, -38.15, 30.49, 33.55
0.36, -0.72, -0.32, -42.91, 19.52, 40.69
0.32, -0.71, -0.39, -34.83, -2.30, 37.87
0.16, -0.76, -0.49, -18.74, -35.25, 17.98
-0.16, -0.88, -0.59, -8.80, -52.41, 0.16
-0.40, -0.97, -0.68, -1.30, -27.19, -15.10
-0.38, -0.96, -0.64, 2.18, 10.56, -28.95
-0.19, -0.90, -0.53, 8.89, 15.14, -38.16
0.14, -0.85, -0.48, 11.59, 3.79, -34.16
0.36, -0.84, -0.48, 10.20, -4.72, -21.83
0.52, -0.81, -0.47, 4.27, 14.41, -7.99
0.53, -0.75, -0.39, -5.38, 18.49, -0.43
0.49, -0.73, -0.28, -15.73, 29.64, 8.72
0.48, -0.73, -0.27, -26.06, 27.98, 16.60
0.40, -0.74, -0.31, -37.38, 28.85, 26.29
0.31, -0.74, -0.35, -39.96, 22.71, 29.34
0.26, -0.72, -0.39, -36.13, 11.79, 30.81
0.22, -0.73, -0.45, -28.52, -4.43, 24.25
0.06, -0.80, -0.53, -16.55, -28.53, 9.61
-0.16, -0.89, -0.61, -4.00, -20.45, -2.78
-0.28, -0.96, -0.65, -1.95, 3.94, -15.99
-0.20, -0.95, -0.58, 3.16, 18.52, -24.14
0.01, -0.89, -0.50, 6.75, 11.04, -28.36
0.24, -0.85, -0.46, 6.38, -3.23, -23.74
0.33, -0.83, -0.44, 3.52, -2.64, -16.72
0.36, -0.78, -0.42, -1.69, 8.43, -12.21
0.36, -0.75, -0.36, -8.64, 14.34, -3.37
0.39, -0.74, -0.30, -18.61, 17.13, 6.01
0.43, -0.73, -0.29, -24.55, 12.28, 12.01
0.38, -0.71, -0.31, -30.81, 14.70, 21.46
0.31, -0.71, -0.34, -34.36, 14.52, 27.27
0.28, -0.72, -0.36, -33.38, 8.27, 29.78
0.26, -0.75, -0.41, -30.77, -7.49, 25.89
0.14, -0.82, -0.48, -20.12, -18.55, 16.53
-0.03, -0.91, -0.56, -16.06, -15.47, 3.77
-0.20, -0.96, -0.61, -9.04, -9.65, -12.80
-0.22, -0.95, -0.64, -0.71, 14.61, -20.25
-0.05, -0.96, -0.61, 4.30, 10.19, -29.79
0.09, -0.94, -0.56, 8.66, 5.55, -30.98
0.18, -0.89, -0.54, 11.04, 4.02, -31.97
0.26, -0.83, -0.50, 9.19, 14.01, -25.00
0.33, -0.78, -0.41, 3.58, 19.28, -18.14
0.38, -0.71, -0.35, -3.36, 17.08, -8.82
0.40, -0.66, -0.29, -9.50, 15.60, 2.47
0.40, -0.63, -0.28, -16.89, 19.41, 10.46
0.33, -0.63, -0.26, -23.61, 11.83, 16.62
0.26, -0.68, -0.27, -29.54, 11.76, 25.41
0.29, -0.71, -0.31, -32.42, -1.75, 31.62
0.32, -0.73, -0.33, -30.98, -11.91, 33.57
0.28, -0.80, -0.39, -26.35, -24.30, 27.19
0.13, -0.89, -0.47, -21.57, -19.92, 16.72
-0.06, -0.99, -0.55, -17.97, -8.59, -0.70
-0.18, -1.03, -0.60, -12.69, 2.80, -12.41
-0.11, -1.02, -0.62, -6.20, 17.19, -21.71
0.05, -0.96, -0.58, 2.22, 6.22, -28.75
0.15, -0.90, -0.54, 6.64, 2.64, -29.40
0.20, -0.88, -0.51, 6.71, 2.76, -28.24
0.23, -0.82, -0.46, 2.86, 7.07, -22.90
0.28, -0.75, -0.41, -1.15, 17.89, -12.62
0.38, -0.68, -0.35, -7.66, 11.72, -6.10
0.41, -0.65, -0.29, -13.04, 12.76, 7.06
0.42, -0.64, -0.28, -19.14, 10.08, 13.17
0.38, -0.67, -0.30, -25.78, 10.61, 20.79
0.31, -0.72, -0.32, -30.47, 16.75, 28.43
0.31, -0.75, -0.35, -31.65, 8.53, 33.09
0.31, -0.78, -0.40, -28.28, -7.14, 33.58
0.22, -0.83, -0.48, -21.11, -13.32, 23.56
0.01, -0.92, -0.53, -13.82, -14.53, 5.83
-0.21, -1.01, -0.58, -9.78, -4.38, -10.47
-0.25, -1.05, -0.60, -5.99, 17.23, -19.43
-0.12, -1.00, -0.57, 2.13, 14.91, -31.26
0.04, -0.92, -0.54, 8.10, 10.08, -35.31
0.18, -0.88, -0.50, 9.55, 4.95, -32.73
0.27, -0.84, -0.47, 6.03, 12.97, -21.94
0.38, -0.76, -0.39, -0.67, 22.45, -12.89
0.43, -0.68, -0.30, -6.96, 15.41, -3.96
0.44, -0.64, -0.26, -13.91, 10.66, 8.48
0.43, -0.63, -0.27, -22.75, 15.37, 15.74
0.36, -0.65, -0.26, -29.96, 12.04, 21.38
0.28, -0.72, -0.28, -33.46, 4.52, 27.08
0.27, -0.73, -0.35, -30.84, -7.90, 32.11
0.30, -0.77, -0.43, -24.08, -18.52, 33.05
0.22, -0.85, -0.48, -17.67, -14.57, 22.98
-0.02, -0.96, -0.49, -14.91, -14.30, 1.06
-0.21, -1.05, -0.54, -11.74, -2.15, -10.38
-0.18, -1.06, -0.59, -7.46, 16.54, -21.16
-0.04, -0.99, -0.56, -0.05, 14.29, -31.81
0.09, -0.90, -0.52, 5.51, 5.58, -34.20
0.21, -0.87, -0.50, 6.97, 0.31, -29.57
0.34, -0.82, -0.46, 2.39, 13.79, -16.13
0.40, -0.74, -0.38, -4.23, 19.72, -8.51
0.43, -0.65, -0.28, -13.19, 17.60, 3.78
0.46, -0.62, -0.24, -19.60, 13.44, 15.17
0.44, -0.63, -0.25, -25.47, 6.82, 22.15
0.33, -0.67, -0.28, -33.21, 4.46, 27.62
0.23, -0.70, -0.33, -32.54, -1.63, 32.68
0.23, -0.73, -0.38, -27.43, -10.51, 33.73
0.20, -0.81, -0.44, -23.10, -20.09, 24.04
0.04, -0.92, -0.48, -17.94, -19.89, 9.34
-0.14, -1.02, -0.53, -15.76, -5.84, -3.46
-0.18, -1.04, -0.56, -12.21, 5.97, -13.34
-0.06, -1.03, -0.57, -3.87, 9.20, -21.57
0.08, -0.97, -0.55, 2.43, 3.88, -29.14
0.14, -0.90, -0.53, 5.02, 2.82, -31.57
0.17, -0.86, -0.49, 4.47, 3.46, -28.90
0.24, -0.81, -0.45, 1.94, 9.51, -19.14
0.35, -0.73, -0.38, -3.44, 18.59, -6.58
0.43, -0.66, -0.29, -10.74, 11.80, 2.65
0.44, -0.62, -0.22, -18.67, 6.17, 14.91
0.41, -0.64, -0.23, -26.66, 0.18, 20.28
0.30, -0.68, -0.27, -33.75, 1.60, 26.61
0.22, -0.71, -0.31, -34.21, -3.04, 30.75
0.22, -0.76, -0.36, -28.30, -14.63, 31.01
0.19, -0.84, -0.42, -22.58, -21.87, 23.06
0.06, -0.95, -0.49, -14.95, -22.92, 10.98
-0.10, -1.03, -0.55, -10.35, -13.57, -4.02
-0.17, -1.06, -0.59, -5.03, 5.71, -14.88
-0.08, -1.01, -0.59, 3.17, 11.80, -26.46
0.06, -0.94, -0.55, 7.84, 6.19, -32.25
0.14, -0.89, -0.47, 6.90, -3.19, -31.60
0.21, -0.84, -0.44, 2.13, -1.62, -22.03
0.33, -0.75, -0.40, -3.79, 11.49, -11.44
0.42, -0.66, -0.33, -11.73, 12.47, -3.89
0.44, -0.62, -0.26, -20.81, 11.17, 6.94
0.44, -0.64, -0.27, -28.77, 10.45, 15.23
0.38, -0.72, -0.32, -34.99, 12.72, 23.97
0.28, -0.73, -0.35, -36.42, 12.23, 27.67
0.24, -0.78, -0.39, -34.79, 6.71, 29.87
0.23, -0.84, -0.42, -30.19, -4.04, 27.38
0.14, -0.91, -0.47, -23.21, -13.10, 15.39
-0.02, -1.00, -0.54, -16.66, -14.57, 0.63
-0.20, -1.02, -0.60, -12.36, -0.40, -13.74
-0.20, -1.02, -0.59, -6.85, 18.95, -24.46
-0.04, -0.95, -0.57, -0.17, 16.49, -32.93
0.10, -0.85, -0.54, 4.25, 8.77, -35.49
0.19, -0.85, -0.49, 4.24, 4.75, -31.88
0.26, -0.80, -0.44, 1.14, 13.54, -19.53
0.38, -0.72, -0.39, -5.14, 20.93, -7.98
0.44, -0.64, -0.29, -12.79, 17.55, 2.65
0.45, -0.61, -0.23, -18.83, 17.38, 14.59
0.43, -0.63, -0.25, -27.12, 13.16, 21.75
0.32, -0.67, -0.27, -33.29, 13.03, 28.10
0.24, -0.73, -0.31, -34.21, 5.02, 31.26
0.24, -0.78, -0.37, -30.88, -6.74, 29.04
0.18, -0.85, -0.44, -24.13, -19.77, 22.35
0.02, -0.93, -0.53, -16.47, -22.61, 5.70
-0.17, -1.01, -0.56, -10.77, -15.84, -10.23
-0.23, -1.04, -0.60, -6.78, 8.29, -21.82
-0.12, -0.98, -0.58, 1.22, 14.48, -32.38
0.05, -0.89, -0.56, 8.42, 7.98, -35.13
0.20, -0.86, -0.53, 10.67, 1.91, -31.02
0.30, -0.84, -0.49, 7.74, 9.89, -20.30
0.40, -0.76, -0.42, 0.60, 18.22, -9.57
0.44, -0.68, -0.30, -8.43, 16.41, 0.82
0.46, -0.64, -0.26, -15.54, 18.82, 12.85
0.44, -0.65, -0.28, -24.18, 18.59, 19.63
0.35, -0.70, -0.28, -30.27, 16.09, 24.95
0.25, -0.74, -0.31, -31.73, 8.33, 28.64
0.22, -0.77, -0.37, -26.77, -1.78, 29.03
0.16, -0.84, -0.42, -21.13, -11.09, 21.91
0.04, -0.92, -0.46, -13.80, -17.74, 8.89
-0.11, -0.99, -0.52, -6.76, -14.61, -7.91
-0.19, -1.02, -0.56, -4.21, 4.04, -19.14
-0.13, -0.99, -0.55, 1.05, 8.91, -29.83
0.01, -0.92, -0.53, 6.56, 5.03, -34.52
0.16, -0.87, -0.51, 6.79, 5.05, -31.33
0.27, -0.84, -0.48, 1.25, 19.15, -21.49
0.38, -0.76, -0.40, -4.04, 22.20, -14.94
0.42, -0.68, -0.32, -9.14, 14.75, -3.87
0.46, -0.66, -0.31, -17.57, 19.46, 10.81
0.47, -0.66, -0.28, -24.90, 18.64, 17.51
0.39, -0.67, -0.26, -29.76, 14.73, 26.38
0.31, -0.73, -0.29, -32.40, 9.80, 29.96
0.25, -0.79, -0.34, -33.28, 4.19, 32.82
0.20, -0.84, -0.37, -29.27, -5.80, 28.66
0.12, -0.90, -0.43, -22.93, -11.23, 18.54
-0.02, -0.98, -0.49, -18.28, -12.21, 4.10
-0.13, -1.02, -0.54, -11.42, -4.37, -10.37
-0.13, -1.01, -0.57, -5.38, 9.33, -20.65
-0.04, -0.97, -0.55, 2.68, 7.86, -29.41
0.09, -0.91, -0.51, 6.83, 3.21, -33.59
0.19, -0.87, -0.48, 5.10, 7.13, -29.38
0.29, -0.81, -0.43, 0.45, 16.42, -20.40
0.37, -0.74, -0.34, -5.77, 17.61, -10.87
0.43, -0.68, -0.29, -12.33, 10.44, -0.77
0.43, -0.65, -0.28, -17.64, 12.34, 10.35
0.40, -0.65, -0.30, -22.76, 8.31, 14.11
0.30, -0.68, -0.32, -28.24, 13.06, 20.52
0.23, -0.73, -0.36, -29.10, 12.23, 23.17
0.23, -0.77, -0.40, -26.84, 10.13, 23.80
0.21, -0.85, -0.41, -26.97, -4.17, 18.02
0.16, -0.97, -0.42, -22.80, -17.92, 9.81
0.10, -1.05, -0.48, -18.70, -19.44, -4.46
-0.05, -1.10, -0.53, -17.93, -6.49, -20.60
-0.14, -1.06, -0.57, -12.41, 13.97, -36.93
-0.09, -0.97, -0.59, -3.95, 15.85, -46.56
0.05, -0.89, -0.58, 2.69, 6.57, -46.83
0.20, -0.81, -0.56, 4.78, 13.96, -28.72
0.42, -0.68, -0.47, 1.63, 25.77, -13.80
0.51, -0.56, -0.30, -3.74, 23.17, 0.61
0.52, -0.50, -0.21, -10.93, 21.14, 14.77
0.47, -0.52, -0.22, -19.40, 17.29, 20.91
0.31, -0.61, -0.24, -29.24, 20.30, 30.74
0.22, -0.70, -0.26, -32.52, 9.59, 35.45
0.22, -0.75, -0.30, -30.36, -15.12, 34.30
0.24, -0.82, -0.38, -24.88, -30.34, 32.03
0.20, -0.92, -0.44, -22.23, -23.54, 20.93
0.03, -1.01, -0.45, -23.73, -6.12, 6.86
-0.10, -1.05, -0.48, -22.62, 11.43, -3.76
-0.05, -1.03, -0.53, -18.09, 20.59, -12.21
0.12, -0.99, -0.53, -15.96, 20.38, -16.29
0.22, -0.91, -0.49, -14.71, 13.89, -17.74
0.27, -0.84, -0.45, -17.00, 15.36, -14.89
0.30, -0.78, -0.41, -20.01, 16.60, -8.78
0.31, -0.74, -0.39, -20.47, 14.86, -3.89
0.31, -0.72, -0.39, -21.78, 10.02, 2.62
0.31, -0.72, -0.40, -21.21, 3.29, 8.30
0.29, -0.72, -0.41, -21.54, 0.63, 11.88
0.27, -0.74, -0.41, -20.62, 0.27, 14.27
0.23, -0.77, -0.44, -20.19, 7.27, 13.88
0.17, -0.81, -0.45, -21.35, 9.87, 9.04
0.11, -0.86, -0.45, -21.08, 5.88, 3.33
0.08, -0.92, -0.46, -16.64, -16.28, -5.22
0.07, -0.96, -0.53, -12.43, -17.45, -10.33
0.03, -0.93, -0.58, -8.92, -4.15, -20.79
0.39, -0.70, -0.37, -11.08, 5.80, -7.71
0.43, -0.67, -0.30, -22.77, 10.39, 16.44
0.38, -0.69, -0.31, -27.67, 16.01, 23.82
0.33, -0.75, -0.33, -30.86, 7.48, 26.88
0.30, -0.81, -0.37, -25.33, -16.37, 22.54
0.19, -0.88, -0.47, -15.57, -34.80, 11.49
-0.02, -0.95, -0.56, -9.62, -32.13, -8.36
-0.22, -0.98, -0.59, -6.02, -10.52, -20.26
-0.17, -0.98, -0.58, -2.25, 8.38, -31.65
0.02, -0.92, -0.55, 0.94, 9.01, -34.50
0.20, -0.87, -0.47, 0.58, 8.26, -29.33
0.35, -0.83, -0.45, -1.18, 4.90, -21.28
0.44, -0.76, -0.40, -4.51, 2.27, -10.96
0.47, -0.68, -0.37, -10.55, 5.73, -1.82
0.45, -0.62, -0.33, -17.46, 14.83, 9.44
0.33, -0.66, -0.36, -35.64, 15.59, 30.32
0.29, -0.72, -0.38, -34.84, 2.19, 29.90
0.25, -0.81, -0.42, -27.61, -20.69, 21.91
0.14, -0.91, -0.52, -19.12, -25.98, 11.97
0.03, -0.96, -0.57, -1.60, 17.41, -35.71
0.17, -0.90, -0.51, -1.14, 12.39, -34.99
0.27, -0.87, -0.46, -3.03, 3.33, -32.02
0.34, -0.80, -0.42, -5.52, 5.32, -24.19
0.42, -0.71, -0.38, -8.52, 5.81, -19.08
0.41, -0.66, -0.34, -14.52, 6.32, -7.51
0.41, -0.65, -0.31, -21.73, 14.33, 6.24
0.43, -0.63, -0.30, -23.89, 11.40, 12.89
0.22, -0.83, -0.44, -25.32, -9.25, 19.18
0.14, -0.90, -0.47, -18.70, -17.74, 12.38
-0.05, -0.94, -0.59, -1.41, 1.90, -20.72
0.03, -0.91, -0.56, 1.46, 3.67, -26.88
0.14, -0.88, -0.51, 1.73, 0.58, -26.91
0.28, -0.85, -0.47, -0.72, 0.41, -20.86
0.39, -0.80, -0.43, -4.95, 2.28, -12.07
0.45, -0.73, -0.39, -6.77, 1.98, -6.56
0.43, -0.69, -0.36, -14.54, 3.30, 2.39
0.37, -0.67, -0.37, -20.87, 7.54, 12.82
0.31, -0.67, -0.38, -25.04, 12.83, 16.46
0.27, -0.72, -0.39, -27.53, 9.74, 18.71
0.27, -0.76, -0.41, -26.32, 1.63, 18.89
0.25, -0.81, -0.44, -22.69, -9.83, 16.89
0.18, -0.88, -0.49, -15.89, -16.43, 9.07
-0.03, -0.96, -0.58, -6.52, -7.90, -11.04
-0.05, -0.96, -0.57, -2.63, 4.94, -21.84
0.03, -0.91, -0.56, 0.97, 7.01, -29.06
0.13, -0.87, -0.52, 1.17, 7.88, -29.27
0.27, -0.84, -0.47, -3.99, 12.43, -19.58
0.41, -0.77, -0.40, -7.12, 15.94, -8.54
0.49, -0.67, -0.36, -10.67, 6.29, -3.43
0.46, -0.62, -0.33, -17.53, 10.41, 9.62
0.27, -0.73, -0.39, -28.17, 10.43, 24.01
0.27, -0.79, -0.39, -27.35, -1.86, 23.74
0.10, -0.87, -0.53, -13.91, -5.60, 9.90
0.02, -0.90, -0.55, -6.89, -2.17, 1.26
-0.00, -0.92, -0.57, -5.49, 11.81, -5.00
0.05, -0.89, -0.53, -4.91, 23.68, -8.07
0.16, -0.82, -0.48, -6.11, 23.93, -3.82
0.42, -0.70, -0.35, -19.04, 16.61, 17.43
0.39, -0.70, -0.35, -24.71, 17.14, 23.35
0.35, -0.71, -0.37, -26.75, 9.52, 29.04
0.31, -0.71, -0.43, -24.58, 1.67, 31.98
0.24, -0.72, -0.48, -21.89, -3.51, 29.23
0.13, -0.71, -0.52, -19.44, 2.85, 25.52
0.04, -0.74, -0.51, -17.96, 6.26, 22.74
0.05, -0.80, -0.48, -18.30, 16.03, 19.92
0.08, -0.84, -0.47, -24.18, 15.19, 16.84
0.10, -0.81, -0.45, -24.26, 13.34, 16.82
0.17, -0.79, -0.44, -22.38, 0.42, 16.87
0.20, -0.82, -0.45, -20.59, -5.66, 17.56
0.13, -0.85, -0.46, -18.84, -6.38, 14.02
0.08, -0.86, -0.48, -16.50, -8.34, 9.70
0.08, -0.85, -0.49, -14.71, -5.62, 7.52
0.11, -0.84, -0.48, -15.00, -1.42, 6.97
0.13, -0.83, -0.47, -16.29, 3.02, 6.82
0.17, -0.81, -0.45, -17.68, 3.50, 8.93
0.19, -0.75, -0.48, -22.76, -13.96, 25.06
0.05, -0.84, -0.51, -21.49, -4.49, 16.42
0.02, -0.82, -0.51, -16.96, -0.95, 8.01
0.05, -0.80, -0.49, -16.10, 1.66, 2.70
0.05, -0.77, -0.49, -16.58, 2.68, 4.79
0.05, -0.75, -0.49, -18.66, 1.15, 10.64
0.04, -0.73, -0.50, -17.69, 2.45, 13.25
0.03, -0.72, -0.51, -18.31, 3.12, 14.46
0.02, -0.72, -0.51, -18.39, 2.21, 17.60
-0.00, -0.75, -0.53, -19.47, -2.65, 24.53
-0.02, -0.76, -0.53, -21.40, 4.30, 23.91
-0.02, -0.76, -0.54, -21.97, 6.14, 24.01
-0.03, -0.76, -0.54, -22.37, 7.23, 25.71
-0.04, -0.77, -0.54, -22.70, 5.89, 24.77
-0.04, -0.78, -0.53, -23.51, 4.46, 25.06
-0.03, -0.79, -0.53, -23.28, 3.10, 24.57
-0.04, -0.78, -0.53, -23.59, 3.85, 24.05
-0.06, -0.77, -0.53, -22.60, 7.81, 23.10
-0.08, -0.76, -0.54, -22.31, 9.76, 22.12
-0.08, -0.76, -0.55, -21.85, 10.67, 22.75
-0.08, -0.77, -0.55, -20.15, 8.36, 23.19
-0.08, -0.77, -0.55, -19.88, 7.14, 24.15
-0.09, -0.77, -0.55, -17.41, 7.37, 24.09
-0.10, -0.75, -0.54, -14.74, 6.07, 22.17
-0.10, -0.72, -0.53, -13.18, 5.46, 21.35
-0.11, -0.73, -0.52, -12.66, 5.00, 20.55
-0.12, -0.74, -0.52, -11.46, 3.35, 20.75
-0.11, -0.73, -0.52, -10.82, 1.01, 20.02
-0.11, -0.74, -0.53, -9.73, -0.74, 20.29
-0.11, -0.75, -0.53, -9.53, -2.21, 19.01
-0.12, -0.75, -0.53, -10.47, 0.07, 17.28
-0.13, -0.75, -0.53, -12.09, 3.14, 17.12
-0.14, -0.76, -0.53, -13.95, 4.49, 15.94
-0.15, -0.76, -0.53, -15.06, 5.64, 14.57
-0.15, -0.77, -0.53, -14.10, 2.37, 14.36
-0.14, -0.78, -0.54, -14.89, 0.67, 12.20
-0.14, -0.78, -0.55, -15.19, -1.14, 10.34
-0.16, -0.76, -0.56, -14.69, 5.45, 4.68
-0.16, -0.76, -0.56, -13.38, 7.78, 3.66
-0.15, -0.74, -0.56, -12.97, 7.52, 2.50
-0.13, -0.74, -0.56, -13.28, 6.15, 2.18
-0.12, -0.74, -0.56, -12.88, 5.90, 3.45
-0.13, -0.72, -0.54, -15.25, 7.35, 6.18
-0.13, -0.72, -0.54, -14.96, 5.41, 6.69
-0.13, -0.71, -0.54, -14.34, 4.43, 5.97
-0.14, -0.72, -0.53, -13.96, 2.71, 6.09
-0.15, -0.72, -0.53, -13.06, 2.83, 6.37
-0.15, -0.72, -0.51, -14.43, 1.59, 7.36
-0.16, -0.72, -0.54, -17.04, -1.31, 7.36
-0.17, -0.72, -0.54, -15.78, -0.36, 8.24
-0.18, -0.72, -0.55, -15.48, -0.61, 6.88
-0.18, -0.71, -0.56, -14.80, 0.10, 6.87
-0.18, -0.72, -0.56, -14.42, -0.23, 6.36
-0.18, -0.72, -0.56, -13.76, -1.53, 7.01
-0.18, -0.72, -0.55, -13.84, -0.65, 6.32
-0.19, -0.71, -0.56, -12.61, 1.95, 4.64
-0.18, -0.71, -0.54, -13.90, 2.32, 4.95
-0.18, -0.72, -0.53, -15.41, 2.19, 5.65
-0.18, -0.72, -0.52, -15.98, 1.28, 6.12
-0.20, -0.72, -0.52, -16.86, -0.42, 6.00
-0.20, -0.71, -0.52, -16.81, -0.93, 4.13
-0.23, -0.70, -0.55, -14.58, 0.51, -0.07
-0.23, -0.69, -0.56, -14.57, 0.49, 0.17
-0.22, -0.70, -0.55, -14.44, 0.41, 0.53
-0.20, -0.72, -0.56, -19.07, -1.73, -1.41
-0.22, -0.71, -0.54, -19.82, 1.54, -3.85
-0.23, -0.72, -0.54, -20.01, 1.81, -4.58
-0.23, -0.70, -0.56, -20.07, 2.80, -8.20
-0.23, -0.71, -0.55, -21.81, 1.83, -10.22
-0.22, -0.72, -0.55, -26.93, -1.60, -25.48
-0.20, -0.70, -0.59, -24.68, -8.00, -37.53
-0.20, -0.71, -0.59, -23.62, -5.99, -39.49
-0.20, -0.72, -0.58, -27.91, -1.21, -40.99
-0.19, -0.73, -0.56, -26.40, 2.07, -41.24
-0.16, -0.69, -0.60, -21.79, 4.26, -46.58
-0.13, -0.72, -0.57, -24.21, 5.81, -45.68
-0.08, -0.73, -0.56, -23.30, -0.46, -45.58
-0.06, -0.72, -0.57, -21.03, -3.22, -44.25
-0.06, -0.71, -0.60, -18.97, -1.65, -44.55
-0.07, -0.71, -0.61, -19.03, 2.00, -44.37
-0.08, -0.71, -0.61, -19.21, 3.78, -42.86
-0.07, -0.71, -0.61, -18.55, 2.26, -42.96
-0.04, -0.72, -0.59, -18.09, 1.18, -39.10
-0.00, -0.73, -0.57, -17.40, -0.70, -39.18
0.00, -0.72, -0.59, -14.82, -2.32, -37.50
-0.01, -0.70, -0.61, -13.92, -2.57, -36.74
-0.02, -0.71, -0.60, -12.79, -1.41, -35.53
-0.01, -0.73, -0.59, -12.16, 1.23, -33.80
0.01, -0.73, -0.59, -11.38, 3.33, -32.05
0.01, -0.73, -0.59, -9.38, 6.96, -31.57
0.00, -0.72, -0.58, -8.86, 7.24, -32.46
0.00, -0.73, -0.58, -6.96, 3.97, -31.93
0.01, -0.74, -0.59, -4.72, -0.77, -31.00
0.03, -0.76, -0.60, -2.35, -5.10, -29.27
0.04, -0.76, -0.60, 1.26, -6.43, -30.35
0.03, -0.76, -0.61, 4.29, -3.71, -31.65
0.00, -0.76, -0.61, 6.28, 5.36, -33.78
-0.02, -0.77, -0.61, 7.01, 12.92, -34.14
-0.01, -0.76, -0.59, 7.68, 18.66, -35.13
0.02, -0.76, -0.57, 9.84, 20.36, -35.72
0.05, -0.75, -0.55, 10.47, 19.37, -34.88
0.07, -0.75, -0.54, 12.94, 14.23, -35.54
0.07, -0.76, -0.54, 14.70, 11.10, -34.21
0.07, -0.76, -0.55, 15.62, 7.39, -33.94
0.08, -0.74, -0.55, 20.01, 8.67, -32.43
0.10, -0.74, -0.53, 21.08, 11.06, -32.38
0.10, -0.74, -0.51, 20.29, 13.66, -30.23
0.10, -0.74, -0.50, 20.23, 13.80, -27.62
0.16, -0.74, -0.48, 15.93, 7.55, -19.06
0.16, -0.74, -0.47, 14.93, 9.43, -17.17
0.15, -0.74, -0.47, 12.66, 9.96, -16.46
0.15, -0.75, -0.48, 12.24, 7.29, -14.12
0.18, -0.81, -0.44, -2.87, 10.77, -9.43
0.18, -0.81, -0.44, -4.17, 10.60, -7.87
0.21, -0.81, -0.44, -5.14, 4.75, -6.69
0.24, -0.80, -0.43, -5.29, 1.98, -4.12
0.27, -0.74, -0.39, -20.49, 31.55, 18.27
0.29, -0.77, -0.39, -22.97, 20.75, 21.88
0.19, -0.87, -0.45, -16.81, -15.27, 17.57
0.11, -0.93, -0.46, -10.26, -20.38, 6.81
0.45, -0.65, -0.39, 0.05, 15.37, 7.72
0.21, -0.88, -0.40, 0.24, 9.39, -36.91
0.36, -0.75, -0.40, 1.14, -20.16, -19.46
0.42, -0.68, -0.41, -2.19, 3.44, -2.92
0.48, -0.63, -0.35, -9.14, 18.97, 10.11
0.48, -0.61, -0.29, -17.06, 28.78, 21.89
0.46, -0.62, -0.30, -23.17, 32.52, 30.90
0.25, -0.78, -0.34, -29.58, -3.66, 42.63
0.23, -0.90, -0.42, -17.04, -30.32, 37.25
0.09, -0.98, -0.47, -8.60, -51.15, 19.59
-0.16, -1.10, -0.47, -7.52, -35.51, -1.25
-0.39, -1.15, -0.46, -12.66, 7.68, -18.97
-0.11, -0.96, -0.44, -5.81, 48.27, -42.23
0.15, -0.89, -0.42, -1.23, 17.97, -44.73
0.44, -0.65, -0.29, -33.06, 25.45, 32.45
0.21, -0.75, -0.32, -41.63, 12.64, 38.16
0.22, -0.82, -0.36, -30.48, -19.58, 35.77
0.17, -0.89, -0.43, -1.28, 15.29, -42.35
0.49, -0.59, -0.31, -14.59, 25.47, 14.57
0.46, -0.61, -0.28, -21.80, 29.12, 25.45
0.40, -0.66, -0.30, -30.81, 33.46, 33.74
0.32, -0.72, -0.32, -36.89, 29.62, 36.14
-0.02, -1.04, -0.47, -13.75, -51.59, 10.24
-0.33, -1.08, -0.48, -12.89, -23.08, -14.41
-0.43, -1.05, -0.49, -12.44, 28.90, -29.45
-0.21, -0.96, -0.48, -6.48, 38.74, -40.90
0.48, -0.60, -0.32, -15.86, 25.81, 20.31
0.11, -1.01, -0.45, -13.38, -53.69, 17.05
0.40, -0.62, -0.36, -7.89, 6.54, 4.97
0.39, -0.58, -0.28, -12.26, 13.73, 14.81
0.37, -0.59, -0.28, -17.14, 6.46, 23.37
0.31, -0.64, -0.31, -24.33, 10.19, 31.68
0.24, -0.79, -0.35, -24.06, -8.48, 38.23
-0.30, -1.12, -0.54, -9.28, 13.13, -17.19
-0.27, -1.08, -0.51, -7.44, 43.42, -31.01
0.22, -0.89, -0.41, -0.05, -2.85, -34.93
0.23, -0.83, -0.40, -0.93, -12.07, -29.37
0.27, -0.74, -0.41, -2.04, -4.13, -15.10
0.35, -0.64, -0.38, -4.81, 7.17, -7.00
0.31, -0.77, -0.32, -29.29, 18.30, 34.88
0.11, -0.89, -0.43, -4.50, 5.89, -46.18
0.17, -0.89, -0.40, -3.30, -14.33, -41.48
0.26, -0.82, -0.40, -2.14, -24.16, -31.69
0.34, -0.70, -0.44, -2.17, -3.61, -12.58
0.45, -0.56, -0.29, -11.12, 22.74, 13.70
0.41, -0.62, -0.29, -26.66, 25.53, 34.29
0.32, -0.69, -0.29, -34.66, 24.56, 40.08
0.25, -0.75, -0.31, -35.83, 11.84, 43.52
0.27, -0.81, -0.35, -31.73, -15.33, 44.49
0.26, -0.91, -0.42, -18.86, -42.06, 33.94
0.10, -1.05, -0.47, -12.93, -52.70, 17.69
-0.01, -0.95, -0.50, -1.68, 45.51, -42.13
0.19, -0.90, -0.46, 0.47, 23.35, -42.18
0.29, -0.89, -0.42, 0.43, 2.57, -38.00
0.25, -0.86, -0.38, -23.48, -36.65, 28.51
-0.23, -1.02, -0.54, -8.03, -27.18, -10.00
-0.07, -0.96, -0.52, -9.55, -24.82, 2.19
-0.34, -1.03, -0.50, -9.49, 0.11, -17.55
-0.31, -1.04, -0.48, -7.95, 32.52, -25.37
-0.06, -0.96, -0.48, -1.76, 24.12, -33.33
0.30, -0.85, -0.41, 8.01, -0.60, -31.52
0.31, -0.82, -0.43, 3.39, 9.34, -22.16
0.39, -0.79, -0.41, -3.61, 27.12, -8.91
0.53, -0.76, -0.34, -10.80, 32.40, 2.11
0.27, -0.86, -0.30, -32.59, -18.63, 26.88
0.19, -0.90, -0.42, -17.01, -40.79, 17.37
-0.20, -0.85, -0.48, 6.93, 32.22, -40.58
0.41, -0.81, -0.38, 15.61, -3.34, -20.90
0.48, -0.79, -0.26, -41.79, 30.96, 36.16
0.34, -0.79, -0.29, -51.19, 28.83, 37.74
0.26, -0.79, -0.31, -45.03, 3.84, 32.89
0.22, -0.85, -0.43, -25.86, -38.31, 23.49
0.29, -0.85, -0.37, 7.74, 10.74, -37.27
0.43, -0.83, -0.36, 9.97, -11.04, -29.94
0.50, -0.81, -0.37, 4.50, -4.80, -12.15
0.59, -0.77, -0.19, -39.98, 26.70, 33.77
0.43, -0.78, -0.24, -50.44, 22.16, 34.62
0.15, -0.81, -0.36, -35.35, -42.81, 24.30
0.47, -0.74, -0.24, -44.20, 31.26, 35.42
-0.19, -0.93, -0.45, 4.45, 64.00, -45.66
0.38, -0.90, -0.38, 8.43, -4.46, -35.15
0.52, -0.85, -0.40, 5.05, -12.66, -13.45
0.62, -0.75, -0.40, -1.35, 0.84, -0.87
0.61, -0.66, -0.26, -11.57, 12.28, 10.52
0.53, -0.68, -0.23, -35.59, 20.89, 28.57
0.39, -0.75, -0.27, -48.39, 27.77, 33.85
0.26, -0.76, -0.33, -45.46, -7.53, 36.46
0.29, -0.84, -0.40, -25.95, -50.84, 31.75
0.15, -0.93, -0.51, -8.91, -64.00, 15.57
-0.21, -0.99, -0.57, -4.48, -43.93, -9.62
0.49, -0.83, -0.37, 6.26, -6.49, -12.85
0.54, -0.69, -0.21, -35.05, 17.74, 33.44
0.28, -0.77, -0.32, -41.57, -15.87, 39.30
0.40, -0.74, -0.27, -42.91, 21.09, 38.79
0.26, -0.77, -0.30, -42.84, 8.65, 41.27
0.23, -0.80, -0.34, -30.81, -25.71, 36.58
0.20, -0.87, -0.43, -12.57, -54.62, 27.85
-0.27, -1.03, -0.47, 0.48, 40.43, -40.73
0.03, -0.90, -0.44, 7.19, 26.02, -46.49
0.22, -0.86, -0.42, 11.89, -1.56, -48.21
0.32, -0.87, -0.41, 12.86, -27.34, -43.91
0.41, -0.75, -0.45, 3.78, 0.97, -8.97
0.57, -0.66, -0.37, -4.51, 27.90, 3.48
0.64, -0.64, -0.21, -13.59, 29.48, 15.51
0.61, -0.67, -0.20, -26.33, 29.42, 27.40
0.47, -0.72, -0.25, -38.23, 36.47, 35.43
0.31, -0.76, -0.26, -46.39, 35.52, 37.26
0.22, -0.78, -0.29, -46.45, 7.36, 38.50
0.23, -0.82, -0.37, -27.05, -39.99, 35.37
0.20, -0.89, -0.47, -10.99, -62.07, 18.47
-0.10, -1.01, -0.50, -3.45, -47.31, -3.29
-0.44, -1.07, -0.49, -8.79, 1.87, -25.05
-0.40, -1.02, -0.49, -4.80, 64.00, -35.60
-0.04, -0.91, -0.46, 3.61, 64.00, -44.26
0.24, -0.88, -0.41, 8.81, 28.88, -45.58
0.34, -0.90, -0.38, 8.19, -2.43, -38.70
0.40, -0.87, -0.40, 6.21, -14.27, -26.28
0.48, -0.78, -0.41, 3.10, 4.41, -7.83
0.59, -0.69, -0.35, -7.76, 29.36, 5.83
0.62, -0.66, -0.20, -17.73, 30.71, 16.62
0.58, -0.67, -0.15, -30.35, 32.84, 28.55
0.49, -0.71, -0.20, -43.23, 35.87, 36.19
0.33, -0.73, -0.23, -52.40, 39.07, 39.88
0.25, -0.75, -0.25, -54.28, 3.98, 41.25
0.28, -0.81, -0.33, -35.07, -42.10, 40.39
0.24, -0.90, -0.45, -21.32, -64.00, 28.90
-0.14, -0.97, -0.49, -18.03, -51.34, 0.98
-0.55, -0.98, -0.48, -13.59, -21.68, -27.34
-0.49, -0.97, -0.52, -6.67, 30.21, -37.43
-0.11, -0.91, -0.53, 4.97, 26.89, -48.47
0.17, -0.88, -0.47, 11.12, 6.19, -46.52
0.33, -0.87, -0.46, 15.21, -19.57, -42.38
0.44, -0.85, -0.46, 15.70, -29.58, -29.88
0.50, -0.81, -0.46, 10.68, -7.91, -12.04
0.57, -0.76, -0.34, -0.78, 22.85, 3.37
0.64, -0.70, -0.24, -13.15, 44.66, 17.76
0.65, -0.69, -0.17, -25.26, 40.71, 26.49
0.52, -0.75, -0.18, -41.58, 41.08, 36.20
0.36, -0.78, -0.22, -52.06, 34.61, 41.65
0.25, -0.76, -0.26, -54.46, 8.21, 41.38
0.25, -0.79, -0.31, -35.73, -31.42, 35.23
0.20, -0.88, -0.44, -22.04, -56.81, 24.42
-0.15, -0.92, -0.52, -16.49, -39.36, -2.54
-0.48, -0.95, -0.50, -11.06, -5.19, -19.92
-0.35, -0.98, -0.54, -5.11, 36.39, -28.58
-0.02, -0.94, -0.52, 5.48, 24.19, -32.90
0.19, -0.87, -0.48, 12.82, 14.62, -29.95
0.36, -0.85, -0.43, 14.69, 0.42, -28.10
0.40, -0.84, -0.36, 10.44, -2.80, -21.94
0.39, -0.82, -0.33, 0.92, 5.13, -13.09
0.42, -0.77, -0.32, -11.53, 24.49, 2.64
0.54, -0.73, -0.26, -20.53, 30.59, 13.67
0.58, -0.72, -0.21, -29.52, 20.45, 21.47
0.51, -0.76, -0.22, -38.66, 15.19, 31.73
0.38, -0.77, -0.26, -45.66, 15.72, 36.92
0.30, -0.78, -0.26, -44.53, 10.82, 36.10
0.28, -0.84, -0.29, -33.54, -19.67, 29.60
0.15, -0.91, -0.41, -27.57, -29.56, 20.88
-0.14, -0.93, -0.49, -22.38, -19.15, -1.61
-0.30, -0.96, -0.48, -15.46, 1.88, -16.24
-0.18, -0.97, -0.53, -8.13, 16.03, -23.66
0.00, -0.91, -0.52, 2.81, 10.75, -29.16
0.14, -0.84, -0.49, 8.94, 12.18, -29.95
0.23, -0.83, -0.46, 8.89, 9.60, -30.45
0.27, -0.83, -0.41, 7.60, 10.00, -26.04
0.31, -0.80, -0.39, 2.04, 5.54, -20.12
0.38, -0.76, -0.37, -2.40, 4.69, -6.38
0.48, -0.71, -0.37, -8.94, 21.74, 10.36
0.57, -0.70, -0.30, -18.03, 25.27, 17.26
0.55, -0.75, -0.19, -30.43, 25.97, 29.30
0.47, -0.80, -0.20, -40.87, 20.82, 33.39
0.32, -0.82, -0.25, -45.64, 6.26, 33.81
0.24, -0.84, -0.31, -43.11, -11.44, 33.26
0.17, -0.88, -0.41, -29.30, -30.70, 22.72
-0.00, -0.94, -0.47, -20.04, -49.03, 2.83
-0.28, -0.98, -0.51, -11.84, -29.49, -16.86
-0.36, -0.95, -0.54, -9.04, 13.14, -31.72
-0.15, -0.87, -0.53, 1.21, 32.27, -37.23
0.10, -0.83, -0.48, 6.73, 27.98, -37.29
0.28, -0.85, -0.42, 7.29, 8.87, -33.89
0.36, -0.84, -0.40, 8.53, -6.94, -28.50
0.42, -0.78, -0.41, 5.60, -10.52, -15.10
0.49, -0.74, -0.41, -0.91, 13.10, 0.75
0.54, -0.70, -0.31, -10.90, 21.18, 6.52
0.54, -0.70, -0.21, -20.46, 23.61, 18.41
0.50, -0.74, -0.21, -31.88, 25.92, 25.28
0.41, -0.78, -0.23, -41.55, 24.44, 30.79
0.32, -0.80, -0.25, -47.36, 17.87, 34.92
0.30, -0.84, -0.29, -46.27, -7.59, 37.79
0.28, -0.88, -0.36, -33.05, -38.03, 31.18
0.15, -0.93, -0.45, -20.41, -55.87, 17.86
-0.14, -0.96, -0.51, -12.14, -41.07, -4.75
-0.42, -0.95, -0.57, -8.45, 0.22, -25.57
-0.39, -0.91, -0.59, -0.45, 41.73, -37.45
-0.10, -0.85, -0.54, 9.33, 43.48, -42.95
0.17, -0.84, -0.49, 13.84, 28.20, -41.38
0.32, -0.85, -0.43, 13.44, 4.77, -39.71
0.38, -0.83, -0.39, 10.53, -15.74, -30.57
0.47, -0.78, -0.42, 4.57, 8.47, -5.67
0.61, -0.72, -0.38, -6.94, 25.90, 3.10
0.64, -0.70, -0.20, -17.95, 29.42, 17.26
0.64, -0.73, -0.16, -30.46, 27.23, 28.40
0.52, -0.76, -0.21, -43.20, 26.14, 33.03
0.34, -0.77, -0.23, -51.74, 29.05, 36.08
0.24, -0.79, -0.27, -55.26, 10.54, 36.86
0.23, -0.83, -0.34, -44.96, -29.17, 34.53
0.17, -0.88, -0.45, -23.67, -64.00, 19.34
-0.08, -0.92, -0.53, -12.88, -61.20, -3.50
-0.43, -0.92, -0.56, -5.04, -20.57, -25.63
-0.45, -0.91, -0.57, 0.29, 30.96, -35.79
-0.12, -0.85, -0.55, 10.91, 37.58, -41.67
0.13, -0.82, -0.50, 18.49, 20.20, -42.49
0.30, -0.83, -0.44, 19.80, -5.36, -42.29
0.37, -0.84, -0.40, 18.78, -29.34, -34.75
0.45, -0.80, -0.42, 12.66, -2.64, -11.03
0.58, -0.73, -0.39, 1.15, 23.35, -1.63
0.63, -0.71, -0.23, -9.03, 26.68, 12.83
0.66, -0.76, -0.16, -25.46, 31.56, 26.55
0.60, -0.80, -0.18, -38.49, 29.09, 33.79
0.41, -0.82, -0.20, -51.42, 35.25, 36.14
0.30, -0.82, -0.23, -56.37, 21.67, 37.47
0.27, -0.82, -0.32, -48.38, -10.18, 37.65
0.22, -0.83, -0.46, -30.48, -45.33, 26.12
-0.00, -0.89, -0.53, -13.51, -58.11, 5.40
-0.33, -0.96, -0.57, -5.41, -36.66, -20.14
-0.50, -0.95, -0.58, -1.81, 23.16, -32.34
-0.28, -0.87, -0.54, 8.26, 55.26, -40.69
0.09, -0.81, -0.47, 15.83, 46.91, -42.37
0.32, -0.82, -0.42, 18.66, 8.35, -36.94
0.43, -0.82, -0.41, 18.75, -18.18, -24.03
0.51, -0.78, -0.44, 14.40, 8.61, -4.57
0.56, -0.75, -0.36, 4.35, 11.96, -0.46
0.54, -0.74, -0.20, -8.52, 32.81, 13.61
0.58, -0.76, -0.15, -22.95, 31.08, 20.63
0.56, -0.80, -0.17, -39.21, 26.78, 29.08
0.46, -0.82, -0.21, -49.80, 25.13, 34.59
0.36, -0.82, -0.25, -55.01, 22.22, 37.80
0.30, -0.83, -0.29, -51.99, -6.70, 37.98
0.25, -0.84, -0.38, -37.88, -40.90, 32.44
0.11, -0.87, -0.48, -21.03, -58.89, 14.26
-0.20, -0.90, -0.56, -12.68, -41.99, -8.21
-0.47, -0.91, -0.58, -6.99, 4.10, -28.82
-0.38, -0.89, -0.59, 3.08, 43.14, -36.54
-0.05, -0.84, -0.54, 13.64, 44.13, -40.77
0.22, -0.82, -0.46, 17.14, 23.59, -40.11
0.34, -0.83, -0.40, 18.73, -6.25, -34.57
0.41, -0.81, -0.39, 15.99, -10.57, -19.48
0.52, -0.77, -0.40, 7.67, 13.72, -1.48
0.61, -0.73, -0.30, -4.52, 27.22, 10.13
0.64, -0.73, -0.16, -17.53, 31.62, 23.62
0.64, -0.77, -0.13, -32.20, 26.51, 32.86
0.51, -0.81, -0.16, -46.81, 25.76, 38.83
0.37, -0.82, -0.19, -56.16, 23.42, 39.57
0.27, -0.82, -0.25, -53.69, -2.70, 38.58
0.20, -0.84, -0.37, -38.61, -39.02, 31.08
0.05, -0.88, -0.50, -18.06, -64.00, 9.73
-0.25, -0.93, -0.56, -6.75, -57.38, -13.87
-0.48, -0.96, -0.55, -5.41, -2.56, -30.04
-0.36, -0.93, -0.55, 0.78, 45.54, -40.63
0.02, -0.86, -0.51, 11.15, 47.99, -42.70
0.30, -0.84, -0.41, 12.88, 23.60, -37.43
0.44, -0.85, -0.40, 12.32, -3.79, -28.74
0.51, -0.84, -0.39, 9.10, -6.06, -13.54
0.56, -0.79, -0.38, 0.25, 10.35, 0.20
0.59, -0.76, -0.29, -13.22, 27.02, 9.78
0.58, -0.75, -0.19, -24.10, 25.51, 20.96
0.55, -0.77, -0.18, -38.96, 23.66, 30.89
0.44, -0.78, -0.23, -49.32, 22.64, 35.42
0.32, -0.79, -0.24, -56.87, 18.96, 37.35
0.26, -0.81, -0.27, -52.33, -5.04, 34.74
0.24, -0.86, -0.38, -39.89, -47.16, 26.13
0.03, -0.87, -0.50, -29.46, -60.13, 13.39
-0.25, -0.86, -0.57, -15.33, -45.61, -12.89
-0.39, -0.89, -0.59, -6.18, -9.11, -24.97
-0.24, -0.90, -0.61, 2.36, 28.30, -33.35
-0.02, -0.84, -0.56, 12.45, 40.97, -36.29
0.21, -0.81, -0.49, 16.77, 37.41, -34.36
0.36, -0.82, -0.42, 15.99, 16.60, -28.96
0.44, -0.83, -0.36, 11.45, 3.30, -18.53
0.49, -0.82, -0.33, 4.73, 3.29, -1.93
0.57, -0.78, -0.33, -8.07, 31.74, 10.56
0.61, -0.77, -0.24, -18.37, 28.71, 16.56
0.56, -0.80, -0.16, -31.40, 25.91, 26.99
0.48, -0.84, -0.19, -43.31, 22.31, 32.21
0.34, -0.83, -0.25, -49.47, 14.88, 31.03
0.24, -0.82, -0.30, -45.05, -5.97, 28.98
0.18, -0.82, -0.40, -31.11, -29.66, 22.50
0.06, -0.85, -0.51, -13.60, -54.15, 3.74
-0.22, -0.89, -0.55, -3.98, -47.38, -15.53
-0.37, -0.90, -0.55, -1.40, 0.41, -28.05
-0.24, -0.86, -0.52, 5.48, 27.32, -37.07
0.01, -0.80, -0.46, 12.04, 30.22, -37.74
0.25, -0.81, -0.43, 13.59, 15.55, -35.78
0.40, -0.83, -0.39, 13.86, -6.48, -28.34
0.46, -0.82, -0.39, 10.50, -8.52, -11.14
0.57, -0.78, -0.41, 1.80, 18.45, 3.64
0.63, -0.76, -0.31, -9.68, 24.89, 12.19
0.59, -0.78, -0.19, -24.17, 27.60, 21.86
0.54, -0.81, -0.20, -37.88, 28.17, 29.63
0.41, -0.81, -0.23, -48.14, 30.45, 31.41
0.30, -0.81, -0.24, -55.65, 27.65, 33.80
0.26, -0.83, -0.29, -54.38, -2.35, 35.05
0.26, -0.84, -0.38, -39.23, -39.91, 30.20
0.12, -0.85, -0.48, -21.10, -64.00, 14.24
-0.19, -0.87, -0.53, -9.21, -50.92, -8.85
-0.45, -0.90, -0.57, -4.87, -3.45, -26.16
-0.38, -0.88, -0.57, 1.30, 37.73, -36.12
-0.05, -0.83, -0.52, 10.88, 45.41, -37.92
0.24, -0.82, -0.46, 14.26, 28.41, -35.96
0.39, -0.82, -0.42, 16.25, 5.18, -30.63
0.45, -0.83, -0.38, 13.03, -10.98, -21.28
0.50, -0.82, -0.37, 6.25, -0.77, -5.06
0.59, -0.79, -0.36, -5.29, 27.42, 10.65
0.65, -0.76, -0.27, -16.32, 28.90, 16.33
0.59, -0.78, -0.18, -29.95, 26.89, 28.11
0.49, -0.81, -0.21, -43.29, 28.34, 33.47
0.34, -0.80, -0.26, -50.17, 25.88, 33.59
0.23, -0.79, -0.30, -49.77, 3.53, 31.71
0.20, -0.81, -0.40, -33.34, -30.73, 26.57
0.11, -0.86, -0.51, -17.42, -60.19, 10.46
-0.21, -0.89, -0.58, -2.76, -54.15, -12.42
-0.45, -0.90, -0.59, -0.33, -1.37, -28.46
-0.33, -0.87, -0.55, 6.71, 42.98, -39.45
0.56, -0.83, -0.20, -35.97, 22.18, 27.18
0.38, -0.84, -0.24, -45.37, 26.74, 28.37
0.26, -0.83, -0.27, -49.82, 21.45, 30.25
-0.33, -0.84, -0.55, 10.24, 42.49, -38.90
0.54, -0.78, -0.31, -3.81, 19.38, 7.09
0.32, -0.88, -0.34, -39.95, -34.64, 36.21
-0.18, -0.86, -0.53, -15.45, -39.27, -5.38
-0.44, -0.88, -0.56, -3.30, -15.12, -25.24
-0.39, -0.89, -0.57, 2.59, 29.17, -34.12
-0.09, -0.87, -0.54, 10.39, 37.19, -37.02
0.16, -0.83, -0.47, 15.09, 32.20, -32.41
0.34, -0.82, -0.40, 15.63, 17.80, -29.79
0.44, -0.82, -0.33, 11.36, 1.70, -18.84
0.51, -0.82, -0.31, 4.44, -1.43, -6.47
0.58, -0.80, -0.32, -5.81, 19.01, 13.11
0.62, -0.79, -0.28, -19.49, 35.55, 18.50
0.56, -0.80, -0.18, -32.87, 30.92, 28.21
0.46, -0.83, -0.17, -44.50, 30.32, 34.31
0.37, -0.82, -0.23, -49.77, 19.22, 33.40
0.16, -0.81, -0.37, -38.59, -32.06, 24.73
0.07, -0.86, -0.46, -24.09, -54.09, 7.10
-0.19, -0.90, -0.52, -9.53, -57.49, -12.83
-0.42, -0.90, -0.55, -5.58, -3.78, -27.27
-0.33, -0.84, -0.54, 2.09, 34.33, -37.17
-0.07, -0.79, -0.49, 11.13, 43.51, -37.15
0.21, -0.80, -0.43, 12.99, 28.75, -31.46
0.38, -0.83, -0.39, 13.51, 4.61, -24.31
0.45, -0.82, -0.37, 10.53, -8.61, -10.75
0.53, -0.80, -0.35, 5.42, 8.31, 4.77
0.61, -0.79, -0.31, -7.22, 25.88, 14.30
0.60, -0.81, -0.20, -18.85, 24.05, 21.27
0.54, -0.84, -0.17, -33.70, 25.22, 30.56
0.45, -0.86, -0.21, -46.30, 23.19, 31.78
0.33, -0.85, -0.23, -53.42, 19.45, 33.00
0.26, -0.84, -0.29, -50.80, -6.74, 30.36
0.21, -0.86, -0.41, -40.10, -36.01, 23.54
0.06, -0.88, -0.48, -23.95, -62.86, 5.51
-0.18, -0.90, -0.54, -12.16, -58.16, -12.97
-0.38, -0.90, -0.60, -7.07, -17.54, -27.64
-0.35, -0.87, -0.58, 0.49, 26.65, -40.14
-0.10, -0.82, -0.52, 9.82, 41.25, -41.29
0.18, -0.81, -0.46, 16.32, 27.54, -40.29
0.34, -0.82, -0.42, 17.75, 2.16, -34.70
0.41, -0.81, -0.39, 14.06, -8.38, -20.84
0.53, -0.79, -0.38, 6.67, 12.64, -1.77
0.63, -0.76, -0.31, -5.54, 26.16, 10.19
0.65, -0.77, -0.18, -16.22, 29.07, 21.24
0.60, -0.80, -0.14, -30.37, 26.53, 30.09
0.49, -0.82, -0.18, -43.86, 28.62, 33.54
0.32, -0.81, -0.22, -53.07, 29.74, 33.51
0.24, -0.80, -0.31, -55.12, 10.54, 34.60
0.22, -0.82, -0.39, -40.18, -32.35, 28.50
0.15, -0.86, -0.49, -23.66, -64.00, 17.05
-0.11, -0.90, -0.55, -8.57, -63.43, -4.28
-0.37, -0.91, -0.57, -4.47, -20.88, -23.97
-0.39, -0.90, -0.55, -0.42, 27.06, -36.17
-0.14, -0.85, -0.48, 6.31, 48.44, -40.19
0.19, -0.84, -0.43, 12.00, 38.16, -37.11
0.37, -0.84, -0.39, 14.41, 10.03, -33.53
0.43, -0.83, -0.37, 12.60, -7.09, -21.76
0.49, -0.81, -0.39, 7.94, 15.27, -4.92
0.58, -0.78, -0.35, -0.08, 36.71, 6.19
0.60, -0.78, -0.24, -10.75, 42.87, 18.76
0.60, -0.81, -0.19, -21.21, 41.34, 30.56
0.54, -0.82, -0.20, -35.92, 41.21, 36.21
0.40, -0.82, -0.19, -48.24, 38.58, 37.57
0.30, -0.81, -0.22, -55.21, 18.17, 38.08
0.26, -0.81, -0.30, -45.36, -13.59, 32.76
0.18, -0.85, -0.43, -36.66, -45.00, 23.31
-0.08, -0.87, -0.50, -24.66, -45.09, 6.48
-0.32, -0.88, -0.56, -10.17, -34.96, -18.53
-0.39, -0.90, -0.59, -1.82, -0.55, -27.22
-0.20, -0.88, -0.56, 6.23, 31.82, -35.27
0.02, -0.82, -0.47, 14.09, 38.42, -39.13
0.24, -0.79, -0.39, 16.56, 25.51, -36.59
0.35, -0.81, -0.34, 15.36, 2.15, -28.90
0.44, -0.81, -0.34, 10.70, -0.82, -12.12
0.56, -0.77, -0.33, 1.81, 21.52, 7.32
0.65, -0.76, -0.24, -10.79, 31.89, 17.44
0.64, -0.78, -0.14, -22.17, 29.11, 29.39
0.56, -0.82, -0.13, -39.09, 30.00, 37.87
0.42, -0.82, -0.18, -49.63, 25.51, 38.64
0.28, -0.80, -0.23, -54.22, 13.07, 37.84
0.21, -0.81, -0.34, -52.83, -18.16, 31.93
0.11, -0.84, -0.46, -36.87, -49.32, 17.93
-0.06, -0.90, -0.54, -21.94, -57.58, 1.71
-0.31, -0.90, -0.57, -10.65, -49.72, -21.72
-0.43, -0.90, -0.59, -3.14, 3.83, -34.87
-0.24, -0.87, -0.57, 4.36, 32.62, -42.80
0.05, -0.84, -0.48, 13.28, 31.21, -44.30
0.28, -0.85, -0.42, 15.68, 9.00, -41.64
0.41, -0.88, -0.38, 16.22, -14.29, -31.13
0.50, -0.85, -0.39, 12.35, 0.25, -17.92
0.58, -0.81, -0.35, 2.05, 16.01, -6.87
0.62, -0.82, -0.22, -10.53, 25.08, 8.25
0.72, -0.84, -0.15, -24.60, 28.63, 20.05
0.65, -0.83, -0.16, -35.90, 28.20, 28.12
0.49, -0.82, -0.19, -48.10, 33.05, 33.39
0.34, -0.81, -0.23, -54.53, 31.00, 35.20
0.28, -0.80, -0.30, -51.79, 4.44, 35.52
0.21, -0.80, -0.40, -39.28, -29.27, 27.99
0.06, -0.82, -0.48, -25.14, -45.64, 18.93
-0.16, -0.84, -0.56, -10.17, -37.58, -5.68
-0.40, -0.85, -0.58, 0.16, -14.91, -21.64
-0.38, -0.85, -0.58, 4.33, 33.07, -28.46
-0.10, -0.81, -0.53, 12.43, 40.04, -30.35
0.17, -0.77, -0.45, 19.13, 24.76, -28.09
0.35, -0.77, -0.40, 20.84, -1.62, -25.33
0.41, -0.81, -0.37, 17.52, -19.58, -15.71
0.44, -0.81, -0.37, 9.12, -2.55, -6.65
0.50, -0.79, -0.33, -4.66, 14.63, 2.87
0.57, -0.80, -0.23, -17.93, 23.92, 16.77
0.64, -0.82, -0.19, -29.13, 18.88, 26.16
0.60, -0.85, -0.20, -40.09, 16.94, 33.42
0.47, -0.86, -0.23, -47.57, 13.89, 36.89
0.33, -0.86, -0.28, -51.46, 10.17, 36.62
0.22, -0.85, -0.37, -42.32, -14.73, 28.89
0.08, -0.88, -0.46, -26.95, -34.59, 13.22
-0.09, -0.93, -0.54, -13.02, -38.95, -3.86
-0.34, -0.94, -0.56, -4.48, -21.12, -23.65
-0.38, -0.90, -0.54, 3.00, 26.80, -34.01
-0.12, -0.84, -0.51, 10.41, 40.88, -37.23
0.18, -0.82, -0.43, 16.55, 30.18, -35.67
0.33, -0.82, -0.37, 16.97, 7.70, -30.32
0.42, -0.83, -0.33, 14.76, -8.94, -19.97
0.47, -0.80, -0.34, 7.36, 7.13, -9.65
0.50, -0.78, -0.30, -5.14, 14.69, -0.33
0.55, -0.79, -0.20, -15.90, 24.85, 15.16
0.61, -0.80, -0.17, -29.52, 17.73, 24.47
0.55, -0.80, -0.19, -39.91, 18.02, 32.03
0.40, -0.79, -0.22, -47.96, 18.36, 33.91
0.30, -0.80, -0.27, -51.26, 11.76, 36.66
0.22, -0.81, -0.35, -41.53, -20.10, 28.95
0.12, -0.86, -0.45, -27.62, -44.75, 20.92
-0.07, -0.90, -0.53, -17.96, -37.54, 4.38
-0.32, -0.91, -0.53, -9.47, -24.93, -20.38
-0.38, -0.89, -0.55, -2.45, 18.14, -26.62
-0.14, -0.85, -0.56, 6.51, 26.09, -32.06
0.12, -0.81, -0.49, 14.05, 20.04, -28.97
0.28, -0.82, -0.42, 15.60, 9.25, -25.33
0.38, -0.82, -0.38, 13.65, -1.20, -21.14
0.42, -0.82, -0.32, 4.67, 0.43, -12.07
0.48, -0.83, -0.28, -6.15, 12.20, -0.44
0.57, -0.81, -0.26, -16.03, 21.77, 10.00
0.60, -0.81, -0.23, -27.58, 20.86, 18.84
0.50, -0.84, -0.21, -39.77, 25.66, 27.13
0.42, -0.84, -0.24, -47.66, 25.33, 32.18
0.32, -0.81, -0.28, -49.00, 9.23, 32.47
0.25, -0.82, -0.35, -37.54, -16.38, 24.60
0.10, -0.88, -0.46, -23.32, -45.13, 10.85
-0.19, -0.90, -0.54, -14.93, -34.62, -8.79
-0.39, -0.88, -0.57, -6.27, -5.05, -24.04
-0.30, -0.85, -0.54, 1.86, 26.34, -31.74
-0.01, -0.82, -0.48, 9.81, 29.39, -31.40
0.21, -0.81, -0.42, 11.78, 23.06, -25.47
0.37, -0.80, -0.37, 12.61, 15.79, -18.69
0.46, -0.79, -0.32, 6.66, 10.65, -10.05
0.51, -0.80, -0.28, -4.12, 12.10, 2.10
0.57, -0.82, -0.26, -14.97, 19.99, 13.62
0.58, -0.82, -0.22, -27.54, 13.62, 20.34
0.51, -0.84, -0.19, -39.27, 12.60, 28.25
0.41, -0.84, -0.23, -45.70, 9.31, 30.98
0.31, -0.83, -0.29, -45.53, -5.09, 28.76
0.21, -0.86, -0.35, -34.37, -26.91, 20.72
0.07, -0.91, -0.46, -24.98, -33.41, 8.87
-0.18, -0.91, -0.53, -18.00, -20.35, -11.14
-0.32, -0.89, -0.55, -8.74, 1.46, -22.97
-0.18, -0.85, -0.57, 2.68, 19.20, -29.34
0.02, -0.82, -0.53, 11.56, 19.27, -30.94
0.18, -0.81, -0.46, 13.68, 20.68, -29.34
0.30, -0.81, -0.40, 13.43, 14.17, -24.80
0.38, -0.80, -0.36, 8.59, 10.26, -19.09
0.45, -0.80, -0.31, 0.98, 8.44, -9.91
0.51, -0.80, -0.28, -7.79, 14.28, 3.68
0.57, -0.79, -0.25, -19.44, 17.36, 14.31
0.57, -0.79, -0.22, -29.93, 14.73, 24.83
0.52, -0.80, -0.22, -41.44, 14.31, 33.41
0.42, -0.80, -0.24, -47.95, 7.32, 37.55
0.33, -0.81, -0.28, -43.97, -7.04, 35.34
0.26, -0.85, -0.34, -36.54, -35.70, 28.23
0.04, -0.89, -0.45, -26.32, -30.57, 17.32
-0.23, -0.88, -0.53, -18.94, -18.33, -8.71
-0.38, -0.88, -0.54, -6.78, -0.62, -20.88
-0.22, -0.89, -0.56, 0.17, 22.04, -26.41
0.03, -0.87, -0.51, 7.56, 15.74, -29.01
0.17, -0.84, -0.43, 10.54, 10.17, -26.79
0.30, -0.82, -0.39, 9.83, 6.95, -23.39
0.38, -0.82, -0.34, 5.03, 3.14, -18.54
0.42, -0.81, -0.31, -3.00, 3.58, -11.00
0.47, -0.80, -0.29, -13.46, 11.89, 2.21
0.55, -0.79, -0.26, -22.83, 18.39, 11.05
0.55, -0.80, -0.22, -32.86, 14.86, 20.90
0.46, -0.81, -0.23, -41.10, 17.35, 26.76
0.37, -0.81, -0.28, -45.27, 10.60, 28.31
0.28, -0.81, -0.31, -41.33, -5.60, 28.58
0.22, -0.85, -0.39, -29.69, -32.18, 21.53
0.08, -0.88, -0.48, -19.19, -44.66, 9.79
-0.19, -0.88, -0.57, -7.26, -37.65, -12.10
-0.36, -0.88, -0.60, 0.03, -0.60, -24.51
-0.23, -0.85, -0.58, 11.74, 20.52, -35.46
-0.02, -0.84, -0.51, 19.66, 23.85, -37.40
0.19, -0.86, -0.46, 21.11, 19.71, -33.88
0.33, -0.86, -0.41, 20.04, 4.73, -28.21
0.44, -0.82, -0.38, 15.49, 8.77, -15.29
0.56, -0.78, -0.35, 4.87, 26.78, -1.26
0.63, -0.78, -0.25, -10.50, 25.15, 8.86
0.62, -0.79, -0.14, -23.21, 19.79, 18.17
0.54, -0.81, -0.16, -39.03, 15.11, 23.64
0.40, -0.81, -0.22, -48.84, 14.01, 25.18
0.24, -0.80, -0.26, -50.98, 10.96, 25.30
0.17, -0.81, -0.33, -47.29, -11.62, 22.65
0.11, -0.85, -0.42, -32.19, -40.70, 14.01
0.03, -0.87, -0.52, -12.78, -56.08, -0.00
-0.19, -0.89, -0.58, -1.23, -37.28, -17.49
-0.33, -0.89, -0.58, 6.37, 16.47, -33.34
-0.21, -0.87, -0.54, 14.92, 38.69, -42.62
0.09, -0.87, -0.47, 21.04, 30.59, -40.31
0.32, -0.87, -0.43, 21.07, 11.12, -28.85
0.55, -0.82, -0.40, 16.81, 22.82, -9.31
0.67, -0.76, -0.30, 6.81, 19.16, -0.77
0.68, -0.76, -0.13, -9.63, 24.06, 13.30
0.64, -0.79, -0.09, -25.44, 15.24, 20.93
0.53, -0.82, -0.13, -43.59, 15.52, 27.64
0.38, -0.82, -0.17, -56.16, 15.83, 28.39
0.28, -0.81, -0.23, -58.77, 12.63, 29.32
0.27, -0.82, -0.31, -56.54, -8.51, 29.36
0.24, -0.85, -0.41, -39.97, -45.42, 23.42
0.09, -0.87, -0.51, -21.86, -55.42, 11.02
-0.22, -0.88, -0.60, -9.07, -39.18, -13.94
-0.44, -0.90, -0.62, -3.14, 10.53, -26.73
-0.31, -0.86, -0.60, 8.85, 38.14, -37.39
-0.02, -0.82, -0.52, 17.46, 33.22, -39.89
0.23, -0.83, -0.44, 19.75, 13.17, -35.00
0.38, -0.83, -0.38, 17.96, -4.52, -28.12
0.48, -0.80, -0.36, 10.53, 4.45, -13.35
0.57, -0.77, -0.31, -2.56, 23.08, 1.21
0.66, -0.77, -0.20, -16.58, 27.12, 14.58
0.68, -0.79, -0.15, -28.08, 15.88, 23.67
0.58, -0.82, -0.18, -43.00, 13.27, 29.57
0.39, -0.83, -0.22, -53.17, 13.47, 29.51
0.25, -0.82, -0.27, -54.86, 8.25, 27.18
0.19, -0.83, -0.38, -47.92, -21.35, 23.18
0.11, -0.85, -0.47, -29.09, -53.52, 10.34
-0.08, -0.89, -0.56, -10.50, -61.02, -3.75
-0.30, -0.91, -0.62, -1.13, -26.34, -21.38
-0.40, -0.88, -0.61, 7.35, 23.63, -37.54
-0.22, -0.84, -0.55, 18.11, 43.33, -45.15
0.09, -0.85, -0.46, 25.67, 30.37, -42.96
0.32, -0.88, -0.40, 25.53, 1.65, -30.97
0.51, -0.83, -0.39, 21.47, 16.38, -9.77
0.64, -0.74, -0.32, 15.47, 13.43, -4.57
0.61, -0.74, -0.17, -0.45, 17.47, 11.31
0.60, -0.78, -0.11, -19.38, 25.22, 22.53
0.59, -0.79, -0.12, -34.94, 14.05, 28.95
0.48, -0.79, -0.15, -49.92, 14.29, 33.69
0.36, -0.80, -0.21, -59.30, 11.57, 34.08
0.28, -0.78, -0.28, -58.59, -6.62, 34.34
0.23, -0.79, -0.39, -44.96, -36.25, 32.16
0.17, -0.82, -0.52, -23.40, -57.56, 21.17
-0.09, -0.87, -0.61, -3.82, -62.06, -3.06
-0.43, -0.92, -0.66, 4.90, -20.39, -18.98
-0.47, -0.93, -0.63, 12.14, 37.53, -37.50
-0.17, -0.88, -0.54, 24.03, 54.25, -43.56
0.17, -0.86, -0.45, 30.54, 31.62, -45.24
0.37, -0.88, -0.39, 33.00, -5.71, -37.74
0.45, -0.87, -0.38, 28.13, -11.98, -24.00
0.55, -0.81, -0.35, 18.79, 12.52, -7.82
0.61, -0.76, -0.24, 4.77, 18.17, 2.25
0.61, -0.74, -0.11, -10.78, 24.48, 14.84
0.62, -0.74, -0.07, -25.89, 11.43, 21.26
0.50, -0.76, -0.09, -43.79, 13.41, 26.95
0.35, -0.80, -0.15, -55.01, 13.36, 29.84
0.29, -0.81, -0.24, -58.85, 0.89, 33.14
0.29, -0.81, -0.37, -52.25, -29.82, 36.03
0.25, -0.83, -0.45, -30.92, -55.69, 27.17
0.11, -0.90, -0.54, -17.62, -56.94, 14.99
-0.20, -0.98, -0.58, -7.42, -38.53, -9.55
-0.42, -1.01, -0.60, -1.57, 9.47, -22.36
-0.32, -0.98, -0.60, 5.89, 43.26, -36.21
-0.06, -0.90, -0.54, 17.49, 39.82, -42.33
0.16, -0.87, -0.47, 22.77, 22.59, -44.93
0.26, -0.87, -0.41, 25.48, -6.46, -47.84
0.31, -0.87, -0.37, 19.54, -9.72, -29.88
0.49, -0.81, -0.37, 7.46, 19.03, -16.60
0.60, -0.73, -0.22, -0.85, 14.08, -8.73
0.59, -0.71, -0.10, -14.23, 14.36, 9.22
0.60, -0.73, -0.11, -29.06, 22.05, 17.15
0.53, -0.75, -0.15, -41.48, 23.83, 26.03
0.40, -0.77, -0.18, -52.53, 27.09, 30.65
0.32, -0.79, -0.23, -56.32, 17.50, 35.29
0.30, -0.81, -0.30, -51.40, -17.63, 35.12
0.25, -0.84, -0.39, -28.21, -56.31, 26.66
0.08, -0.93, -0.50, -14.77, -56.37, 10.12
-0.25, -0.97, -0.54, -7.73, -40.41, -13.99
-0.45, -0.99, -0.54, -2.03, 16.21, -27.13
-0.24, -0.93, -0.53, 6.14, 40.87, -37.73
0.06, -0.88, -0.47, 15.19, 31.53, -40.92
0.25, -0.87, -0.41, 21.29, 8.79, -42.86
0.33, -0.88, -0.37, 22.13, -18.18, -38.15
0.38, -0.86, -0.37, 17.87, -4.64, -22.74
0.50, -0.79, -0.35, 6.04, 10.94, -16.01
0.55, -0.74, -0.19, -4.96, 14.20, -0.27
0.61, -0.71, -0.13, -17.38, 22.63, 13.77
0.62, -0.70, -0.13, -29.23, 17.48, 20.67
0.50, -0.72, -0.16, -43.20, 24.45, 29.43
0.38, -0.76, -0.21, -54.50, 24.89, 35.35
0.33, -0.77, -0.26, -55.93, 10.60, 38.68
0.33, -0.79, -0.31, -45.85, -27.70, 37.71
0.30, -0.87, -0.40, -30.18, -55.55, 33.72
0.09, -0.94, -0.50, -17.41, -49.60, 16.17
-0.26, -0.98, -0.55, -12.28, -26.74, -10.47
-0.42, -1.00, -0.56, -4.74, 19.62, -24.91
-0.24, -0.98, -0.57, 2.26, 41.62, -36.78
0.06, -0.93, -0.52, 12.58, 32.78, -39.93
0.22, -0.90, -0.45, 17.00, 13.51, -42.40
0.32, -0.89, -0.38, 19.11, -7.64, -41.12
0.37, -0.86, -0.36, 15.24, -4.97, -27.30
0.46, -0.78, -0.34, 4.21, 9.66, -18.34
0.51, -0.71, -0.24, -3.16, 13.94, -6.80
0.54, -0.68, -0.16, -15.10, 19.42, 6.17
0.57, -0.67, -0.14, -24.50, 14.13, 13.12
0.50, -0.69, -0.18, -32.69, 14.60, 21.76
0.38, -0.73, -0.22, -40.71, 22.09, 28.90
0.32, -0.76, -0.26, -42.76, 21.14, 31.59
0.32, -0.79, -0.30, -41.10, 4.21, 36.57
0.32, -0.83, -0.36, -31.58, -21.61, 33.59
0.24, -0.93, -0.43, -19.05, -38.87, 26.62
0.04, -0.97, -0.50, -10.33, -33.57, 5.37
-0.20, -1.03, -0.54, -5.72, -15.45, -14.28
-0.30, -1.04, -0.55, -4.53, 23.98, -26.92
-0.13, -0.95, -0.52, 4.88, 37.69, -37.62
0.08, -0.87, -0.47, 11.69, 27.37, -41.71
0.25, -0.87, -0.39, 13.62, 2.72, -41.83
0.34, -0.86, -0.35, 13.64, -11.17, -29.97
0.45, -0.79, -0.36, 7.88, 2.14, -15.19
0.52, -0.71, -0.31, -1.80, 15.41, -8.02
0.54, -0.68, -0.17, -14.03, 12.24, 3.22
0.58, -0.71, -0.12, -26.91, 11.55, 14.09
0.58, -0.74, -0.15, -40.13, 8.98, 23.15
0.50, -0.77, -0.19, -52.35, 15.98, 28.94
0.40, -0.79, -0.24, -56.73, 15.24, 32.76
0.36, -0.81, -0.30, -55.71, -2.10, 36.74
0.31, -0.85, -0.39, -39.63, -34.33, 30.47
0.17, -0.91, -0.51, -19.91, -54.83, 18.37
-0.13, -0.98, -0.59, -5.11, -46.24, -8.35
-0.43, -1.03, -0.59, -1.63, 3.94, -27.81
-0.43, -1.01, -0.56, 1.62, 50.79, -44.60
-0.13, -0.90, -0.50, 10.95, 50.12, -50.92
0.22, -0.86, -0.42, 15.33, 20.96, -49.21
0.47, -0.87, -0.35, 14.33, -7.06, -31.38
0.61, -0.81, -0.32, 7.31, 3.28, -10.65
0.69, -0.71, -0.24, -3.03, 14.18, -3.05
0.64, -0.69, -0.14, -16.48, 21.51, 12.85
0.60, -0.70, -0.11, -31.52, 22.34, 20.52
0.54, -0.71, -0.15, -42.97, 15.55, 29.18
0.41, -0.72, -0.20, -52.46, 19.23, 35.10
0.33, -0.72, -0.24, -55.08, 14.03, 37.79
0.28, -0.76, -0.31, -44.87, -9.62, 38.01
0.25, -0.83, -0.42, -28.19, -51.68, 31.20
0.05, -0.90, -0.55, -7.70, -64.00, 16.20
-0.26, -0.95, -0.61, 2.30, -48.93, -14.22
-0.48, -0.99, -0.58, 4.58, 10.64, -27.95
-0.30, -0.97, -0.50, 9.80, 42.78, -42.12
0.09, -0.91, -0.45, 15.96, 32.26, -44.49
0.37, -0.90, -0.39, 17.31, -4.55, -39.49
0.51, -0.90, -0.36, 11.07, -15.04, -20.32
0.61, -0.83, -0.33, 1.41, 11.35, -5.66
0.65, -0.74, -0.25, -8.25, 16.89, 1.13
0.60, -0.72, -0.17, -19.54, 25.10, 12.64
0.54, -0.73, -0.18, -31.14, 15.79, 16.66
0.43, -0.75, -0.24, -41.40, 15.53, 23.00
0.30, -0.76, -0.29, -46.98, 17.27, 21.80
0.25, -0.77, -0.32, -44.54, 10.26, 22.52
0.24, -0.81, -0.37, -35.93, -16.40, 23.71
0.24, -0.87, -0.44, -18.75, -42.01, 18.54
0.11, -0.91, -0.50, -4.20, -48.23, 3.99
-0.16, -0.94, -0.55, 0.46, -20.61, -14.39
-0.30, -0.94, -0.55, 4.68, 19.51, -29.61
-0.18, -0.90, -0.49, 11.49, 33.17, -40.94
0.10, -0.88, -0.44, 15.23, 15.40, -42.19
0.32, -0.88, -0.39, 12.61, -6.30, -28.94
0.53, -0.82, -0.37, 8.35, 6.21, -9.74
0.64, -0.71, -0.29, 1.35, 3.72, -5.58
0.60, -0.69, -0.20, -8.75, 13.46, 10.30
0.57, -0.72, -0.18, -23.23, 19.79, 15.07
0.49, -0.74, -0.20, -32.63, 18.14, 20.95
0.36, -0.76, -0.24, -40.02, 19.82, 23.22
0.30, -0.78, -0.28, -41.25, 13.96, 25.13
0.28, -0.81, -0.33, -38.55, 3.01, 25.64
0.26, -0.86, -0.38, -32.28, -17.45, 24.19
0.21, -0.89, -0.43, -18.38, -32.24, 17.64
0.09, -0.93, -0.49, -8.34, -30.12, 2.18
-0.09, -0.99, -0.50, -6.54, -9.99, -13.30
-0.15, -1.02, -0.48, -5.10, 15.94, -30.05
-0.05, -0.97, -0.45, -1.48, 21.21, -39.92
0.13, -0.93, -0.43, 2.55, 4.60, -44.64
0.28, -0.92, -0.42, 5.69, -12.00, -41.09
0.39, -0.88, -0.40, 3.77, -6.08, -26.13
0.51, -0.79, -0.37, 0.57, 3.95, -20.41
0.52, -0.71, -0.30, -3.40, 5.86, -9.63
0.49, -0.68, -0.26, -13.87, 20.53, 0.56
0.48, -0.67, -0.23, -24.41, 24.98, 9.01
0.45, -0.68, -0.22, -32.63, 21.23, 17.12
0.39, -0.71, -0.25, -38.56, 18.00, 21.48
0.33, -0.73, -0.29, -37.92, 12.61, 24.90
0.28, -0.76, -0.32, -35.10, 0.55, 25.43
0.26, -0.81, -0.37, -30.62, -16.51, 26.29
0.22, -0.86, -0.42, -20.25, -29.72, 21.54
0.11, -0.90, -0.46, -8.99, -28.73, 6.77
-0.05, -0.98, -0.49, -5.98, -18.33, -6.94
-0.13, -0.97, -0.50, -2.28, 8.81, -19.58
-0.04, -0.94, -0.48, 4.93, 17.91, -31.94
0.10, -0.90, -0.44, 9.31, 6.38, -36.66
0.24, -0.90, -0.42, 10.28, -8.35, -32.10
0.39, -0.86, -0.39, 8.12, -2.64, -20.18
0.55, -0.78, -0.36, 3.69, 5.54, -9.45
0.58, -0.71, -0.27, -5.34, 9.61, 1.79
0.56, -0.69, -0.22, -15.26, 23.89, 12.62
0.53, -0.70, -0.21, -25.67, 23.40, 18.29
0.42, -0.73, -0.21, -35.01, 26.39, 24.47
0.34, -0.76, -0.25, -41.03, 18.75, 27.40
0.32, -0.78, -0.29, -40.51, 6.47, 30.97
0.33, -0.82, -0.33, -35.35, -16.66, 31.39
0.30, -0.87, -0.40, -27.02, -30.46, 28.83
0.19, -0.92, -0.44, -16.42, -33.40, 14.96
0.01, -0.98, -0.48, -9.80, -21.64, 0.03
-0.15, -1.02, -0.53, -6.65, 4.35, -12.90
-0.14, -1.00, -0.52, -2.98, 31.50, -24.57
0.04, -0.93, -0.46, 1.72, 29.80, -30.90
0.21, -0.88, -0.42, 5.87, 9.49, -33.77
0.30, -0.86, -0.40, 7.76, -9.15, -31.88
0.33, -0.84, -0.37, 5.48, -17.21, -25.07
0.40, -0.79, -0.35, 0.78, -2.27, -11.10
0.46, -0.71, -0.34, -7.31, 13.19, -2.43
0.49, -0.65, -0.25, -14.29, 21.62, 9.23
0.53, -0.65, -0.20, -22.43, 20.53, 18.45
0.47, -0.68, -0.22, -31.58, 21.32, 25.05
0.38, -0.72, -0.24, -37.54, 20.17, 30.84
0.34, -0.75, -0.27, -40.42, 14.58, 35.84
0.33, -0.80, -0.30, -34.70, -11.50, 37.62
0.31, -0.86, -0.38, -25.22, -32.75, 33.94
0.17, -0.93, -0.46, -12.04, -46.44, 18.70
-0.05, -0.99, -0.52, -6.72, -29.66, -1.58
-0.28, -1.04, -0.55, -4.67, 4.50, -17.39
-0.21, -1.03, -0.53, -1.95, 34.98, -30.41
0.02, -0.95, -0.47, 3.88, 32.59, -34.84
0.22, -0.89, -0.43, 8.56, 9.70, -36.06
0.33, -0.88, -0.40, 9.79, -9.18, -35.67
0.37, -0.87, -0.37, 7.80, -20.90, -27.47
0.42, -0.80, -0.38, 2.09, 7.26, -11.44
0.50, -0.71, -0.34, -6.52, 16.74, -4.10
0.52, -0.65, -0.23, -13.37, 27.00, 9.75
0.56, -0.65, -0.20, -22.50, 22.97, 18.08
0.48, -0.69, -0.22, -31.65, 23.79, 24.28
0.36, -0.72, -0.24, -39.67, 25.48, 29.68
0.31, -0.76, -0.27, -42.80, 16.38, 33.23
0.30, -0.79, -0.31, -37.96, -13.02, 35.37
0.28, -0.83, -0.39, -25.30, -36.07, 31.34
0.17, -0.93, -0.45, -13.06, -45.61, 14.99
-0.07, -0.99, -0.50, -6.87, -28.23, -2.85
-0.27, -1.04, -0.53, -7.37, 9.86, -15.55
-0.20, -1.02, -0.50, -4.19, 40.76, -27.86
0.06, -0.94, -0.44, 2.84, 33.18, -34.75
0.24, -0.88, -0.42, 8.63, 5.34, -37.07
0.32, -0.88, -0.40, 10.84, -15.94, -35.14
0.36, -0.87, -0.38, 8.21, -17.94, -23.97
0.43, -0.79, -0.39, 0.95, 7.38, -11.85
0.48, -0.70, -0.29, -7.05, 14.55, -2.10
0.54, -0.66, -0.21, -14.29, 22.28, 10.64
0.57, -0.66, -0.18, -22.07, 16.21, 17.35
0.45, -0.69, -0.19, -31.26, 20.21, 23.51
0.33, -0.74, -0.21, -38.75, 20.09, 29.85
0.30, -0.77, -0.25, -39.90, 11.27, 34.92
0.32, -0.79, -0.30, -32.77, -15.69, 37.05
0.30, -0.84, -0.39, -22.13, -34.73, 34.55
0.19, -0.91, -0.45, -12.22, -42.72, 18.63
-0.05, -0.99, -0.48, -6.24, -22.38, 2.10
-0.22, -1.03, -0.53, -5.85, 7.21, -15.11
-0.18, -1.01, -0.53, -2.59, 33.17, -23.87
0.03, -0.95, -0.48, 2.94, 25.83, -30.62
0.23, -0.90, -0.43, 8.07, 8.27, -33.29
0.29, -0.90, -0.40, 8.87, -10.18, -33.27
0.31, -0.89, -0.37, 6.10, -15.45, -26.66
0.36, -0.83, -0.37, 0.29, 3.93, -15.22
0.45, -0.74, -0.34, -7.83, 12.23, -5.92
0.51, -0.69, -0.24, -13.71, 18.99, 7.46
0.58, -0.68, -0.20, -21.54, 18.80, 15.09
0.50, -0.69, -0.21, -31.48, 23.11, 22.37
0.36, -0.72, -0.23, -40.75, 28.74, 26.78
0.30, -0.76, -0.25, -43.98, 24.05, 33.05
0.32, -0.78, -0.29, -40.37, 5.40, 38.52
0.34, -0.83, -0.36, -28.91, -23.41, 36.36
0.23, -0.89, -0.42, -15.65, -45.48, 24.07
-0.02, -0.97, -0.49, -11.19, -29.34, 6.91
-0.25, -1.01, -0.52, -7.94, -5.70, -16.51
-0.29, -1.00, -0.51, -5.45, 31.83, -25.85
-0.06, -0.94, -0.49, -0.59, 34.07, -33.19
0.18, -0.88, -0.45, 5.42, 17.42, -34.10
0.29, -0.87, -0.40, 7.12, -2.16, -32.83
0.35, -0.86, -0.39, 6.84, -12.73, -28.61
0.39, -0.81, -0.39, 3.88, -0.71, -15.20
0.46, -0.75, -0.38, -4.57, 18.09, -6.03
0.51, -0.70, -0.27, -11.35, 28.57, 7.27
0.57, -0.68, -0.21, -19.04, 32.55, 18.60
0.55, -0.70, -0.20, -29.30, 30.97, 25.55
0.44, -0.75, -0.19, -40.97, 29.67, 32.21
0.35, -0.79, -0.20, -48.36, 21.16, 38.82
0.35, -0.81, -0.24, -45.56, -1.58, 40.54
0.33, -0.85, -0.32, -34.77, -31.12, 36.81
0.17, -0.91, -0.42, -25.12, -42.63, 25.38
-0.13, -0.93, -0.50, -21.44, -25.06, 2.09
-0.36, -0.94, -0.56, -11.05, -5.02, -20.69
-0.31, -0.95, -0.56, -6.36, 29.36, -27.26
-0.05, -0.93, -0.54, 1.01, 25.98, -35.07
0.15, -0.87, -0.48, 10.02, 13.88, -36.52
0.28, -0.84, -0.43, 11.65, -1.29, -35.20
0.39, -0.84, -0.38, 10.17, -4.86, -26.64
0.51, -0.81, -0.36, 3.69, 8.01, -8.61
0.62, -0.76, -0.32, -8.25, 24.13, 7.57
0.68, -0.73, -0.23, -18.71, 36.32, 17.82
0.63, -0.75, -0.14, -32.17, 31.02, 27.11
0.51, -0.79, -0.14, -46.48, 31.36, 34.78
0.37, -0.80, -0.19, -55.32, 22.35, 37.81
0.29, -0.80, -0.26, -50.00, -9.99, 36.37
0.21, -0.83, -0.40, -30.83, -44.94, 27.03
0.00, -0.88, -0.53, -17.15, -55.78, 9.68
-0.33, -0.92, -0.58, -5.79, -42.16, -18.55
-0.49, -0.94, -0.58, -3.90, 22.84, -29.03
-0.24, -0.89, -0.54, 3.20, 45.78, -35.26
0.09, -0.81, -0.46, 10.04, 31.27, -33.86
0.33, -0.80, -0.39, 11.64, 6.47, -26.77
0.47, -0.82, -0.34, 8.24, -12.48, -16.20
0.55, -0.80, -0.30, -0.52, -2.53, 4.22
0.62, -0.75, -0.28, -12.55, 17.11, 15.22
0.62, -0.74, -0.21, -22.51, 17.48, 22.05
0.53, -0.77, -0.16, -35.59, 21.13, 31.69
0.44, -0.79, -0.20, -48.22, 16.63, 36.61
0.32, -0.77, -0.26, -50.85, -3.12, 38.52
0.22, -0.78, -0.35, -29.99, -43.71, 24.12
0.09, -0.91, -0.51, -15.74, -64.00, 11.75
-0.21, -1.00, -0.62, -5.20, -50.84, -14.22
-0.46, -1.02, -0.58, -3.48, 5.72, -27.33
-0.29, -0.95, -0.55, 5.04, 47.33, -38.90
0.06, -0.87, -0.49, 13.68, 40.87, -41.87
0.30, -0.86, -0.40, 14.67, 15.37, -39.12
0.41, -0.88, -0.37, 13.43, -12.04, -27.79
0.51, -0.83, -0.39, 5.56, 2.47, -8.07
0.59, -0.76, -0.34, -3.30, 13.88, -2.82
0.59, -0.74, -0.22, -13.71, 19.26, 6.78
0.58, -0.76, -0.16, -25.50, 20.27, 16.50
0.51, -0.78, -0.20, -36.42, 21.62, 23.97
0.36, -0.78, -0.24, -45.13, 28.48, 26.72
0.26, -0.79, -0.27, -47.64, 23.54, 29.24
0.23, -0.79, -0.32, -41.84, -5.84, 29.69
0.20, -0.82, -0.40, -22.55, -52.12, 18.63
0.04, -0.88, -0.51, -3.63, -64.00, 2.65
-0.22, -0.94, -0.57, 1.12, -39.09, -16.54
-0.41, -0.96, -0.54, 2.25, 12.31, -31.74
-0.27, -0.89, -0.48, 7.52, 46.52, -41.64
0.08, -0.85, -0.43, 13.36, 30.31, -45.59
0.31, -0.86, -0.39, 15.15, -11.09, -39.56
0.46, -0.87, -0.42, 11.68, -15.45, -17.78
0.62, -0.80, -0.41, 6.06, 6.97, -11.35
0.59, -0.74, -0.28, -4.42, 5.96, -1.73
0.56, -0.74, -0.20, -20.61, 31.11, 14.73
0.58, -0.74, -0.21, -32.15, 25.87, 21.71
0.49, -0.73, -0.20, -44.50, 32.45, 29.79
0.39, -0.75, -0.23, -54.38, 33.78, 34.95
0.34, -0.77, -0.26, -55.31, 25.13, 40.25
0.35, -0.79, -0.30, -47.23, -10.36, 40.42
0.30, -0.85, -0.42, -30.42, -42.16, 37.46
0.09, -0.89, -0.52, -20.90, -36.97, 18.86
-0.27, -0.93, -0.54, -8.28, -31.46, -8.70
-0.45, -0.96, -0.59, -2.43, 12.22, -21.66
-0.27, -0.95, -0.60, 5.63, 39.26, -35.26
0.01, -0.89, -0.51, 12.17, 38.10, -39.29
0.24, -0.86, -0.42, 13.59, 20.79, -39.09
0.37, -0.87, -0.37, 10.96, 0.11, -31.45
0.47, -0.84, -0.36, 4.91, 1.83, -16.74
0.59, -0.77, -0.33, -5.88, 21.46, -2.65
0.63, -0.74, -0.25, -15.73, 32.07, 10.20
0.64, -0.74, -0.19, -25.16, 26.74, 19.38
0.54, -0.76, -0.19, -38.48, 25.21, 27.65
0.40, -0.78, -0.22, -48.61, 27.25, 32.19
0.29, -0.78, -0.25, -52.45, 17.07, 35.20
0.24, -0.78, -0.33, -42.74, -17.70, 31.68
0.17, -0.80, -0.44, -22.10, -49.53, 18.97
-0.04, -0.88, -0.56, -9.48, -51.80, 3.33
-0.32, -0.92, -0.60, -2.48, -24.55, -19.20
-0.41, -0.90, -0.57, 2.47, 34.82, -30.22
-0.15, -0.85, -0.51, 9.72, 49.16, -35.40
0.19, -0.83, -0.42, 13.26, 31.79, -33.06
0.39, -0.85, -0.37, 13.27, 5.41, -26.54
0.49, -0.85, -0.35, 8.49, -5.57, -11.48
0.57, -0.81, -0.34, -0.69, 17.32, 4.12
0.64, -0.78, -0.25, -10.94, 28.45, 12.08
0.63, -0.81, -0.16, -23.83, 25.55, 21.85
0.58, -0.85, -0.17, -39.42, 22.59, 31.97
0.45, -0.83, -0.21, -49.09, 19.80, 34.19
0.31, -0.79, -0.25, -52.71, 2.56, 33.29
0.22, -0.80, -0.34, -36.68, -37.76, 19.65
0.08, -0.88, -0.49, -23.31, -56.98, 10.81
-0.19, -0.92, -0.60, -10.67, -51.61, -17.19
-0.49, -0.91, -0.59, -4.02, -1.02, -30.71
-0.36, -0.87, -0.56, 5.60, 40.82, -40.30
0.02, -0.82, -0.50, 14.67, 35.69, -40.11
0.27, -0.82, -0.42, 16.98, 11.31, -37.78
0.41, -0.84, -0.38, 16.50, -9.92, -26.89
0.53, -0.81, -0.39, 8.82, 5.48, -9.53
0.62, -0.76, -0.33, -1.70, 16.76, -1.17
0.63, -0.76, -0.20, -13.29, 26.17, 13.37
0.63, -0.80, -0.16, -26.58, 22.88, 21.47
0.54, -0.82, -0.19, -40.56, 25.79, 26.88
0.37, -0.82, -0.22, -49.57, 28.33, 29.80
0.28, -0.81, -0.27, -54.12, 14.08, 30.42
0.23, -0.80, -0.33, -42.91, -21.34, 24.45
0.16, -0.83, -0.44, -22.56, -56.65, 13.04
-0.05, -0.89, -0.56, -9.67, -60.60, -6.35
-0.35, -0.91, -0.61, -3.26, -15.12, -22.88
-0.37, -0.88, -0.57, 3.39, 30.63, -36.23
-0.09, -0.83, -0.50, 12.80, 43.21, -39.28
0.19, -0.83, -0.43, 18.07, 21.17, -39.11
0.39, -0.86, -0.39, 18.34, -7.34, -30.93
0.50, -0.85, -0.39, 13.18, 5.94, -7.80
0.63, -0.78, -0.36, 4.47, 13.23, -3.30
0.64, -0.75, -0.22, -6.23, 28.86, 14.40
0.65, -0.78, -0.17, -22.21, 30.13, 19.09
0.57, -0.80, -0.17, -38.23, 25.81, 26.84
0.44, -0.81, -0.19, -52.63, 28.67, 30.68
0.35, -0.80, -0.24, -58.90, 24.31, 32.89
0.33, -0.80, -0.28, -53.99, -6.02, 33.37
0.25, -0.81, -0.41, -36.83, -38.89, 28.32
0.09, -0.84, -0.53, -22.27, -48.17, 14.98
-0.25, -0.88, -0.58, -8.53, -36.31, -12.27
-0.44, -0.91, -0.59, -3.70, 8.74, -23.27
-0.25, -0.89, -0.57, 6.60, 41.40, -33.37
0.04, -0.84, -0.49, 13.69, 40.25, -35.02
0.27, -0.83, -0.39, 15.95, 16.65, -34.20
0.39, -0.84, -0.36, 16.43, -5.75, -27.33
0.48, -0.83, -0.36, 10.22, 0.25, -12.09
0.56, -0.80, -0.35, 2.56, 14.90, -3.57
0.58, -0.77, -0.24, -7.79, 22.25, 7.20
0.60, -0.79, -0.17, -20.14, 25.00, 16.56
0.56, -0.81, -0.18, -31.85, 25.00, 23.15
0.43, -0.82, -0.21, -43.76, 27.27, 26.28
0.33, -0.81, -0.24, -48.82, 23.38, 29.46
0.30, -0.80, -0.30, -48.00, -6.44, 29.23
0.23, -0.80, -0.37, -30.71, -42.41, 21.94
0.10, -0.85, -0.49, -13.13, -58.88, 6.85
-0.17, -0.91, -0.58, -5.44, -44.14, -12.79
-0.41, -0.92, -0.57, -2.57, 9.47, -26.20
-0.24, -0.86, -0.53, 6.03, 34.96, -34.41
0.06, -0.81, -0.47, 14.58, 25.20, -35.44
0.29, -0.82, -0.42, 19.86, 1.79, -33.70
0.39, -0.84, -0.40, 20.41, -14.63, -23.51
0.49, -0.81, -0.41, 15.03, 3.01, -8.68
0.58, -0.76, -0.34, 6.08, 16.42, -0.27
0.62, -0.77, -0.21, -6.29, 26.85, 13.76
0.64, -0.81, -0.17, -22.42, 29.36, 19.41
0.56, -0.83, -0.16, -36.26, 32.39, 27.58
0.42, -0.84, -0.19, -49.90, 35.33, 30.37
0.34, -0.83, -0.23, -53.94, 20.44, 32.02
0.31, -0.82, -0.31, -45.58, -15.68, 32.65
0.24, -0.81, -0.43, -25.77, -43.11, 20.71
-0.01, -0.86, -0.52, -13.13, -45.55, 1.94
-0.30, -0.92, -0.56, -6.23, -20.44, -18.11
-0.38, -0.92, -0.55, -2.56, 27.03, -28.00
-0.13, -0.86, -0.50, 5.62, 40.17, -34.91
0.19, -0.82, -0.42, 12.72, 22.32, -34.20
0.35, -0.83, -0.38, 15.09, -4.98, -29.83
0.44, -0.83, -0.37, 14.92, -12.67, -18.14
0.51, -0.81, -0.36, 8.09, 5.34, -6.54
0.55, -0.78, -0.30, -1.12, 15.82, 1.26
0.58, -0.79, -0.20, -11.97, 24.62, 12.89
0.59, -0.81, -0.17, -25.29, 20.74, 19.24
0.49, -0.83, -0.18, -38.50, 25.74, 25.07
0.37, -0.83, -0.21, -47.38, 24.27, 26.10
0.31, -0.82, -0.26, -49.98, 11.36, 29.64
0.29, -0.82, -0.32, -41.76, -18.97, 27.76
0.21, -0.83, -0.42, -23.76, -44.58, 16.48
-0.00, -0.88, -0.51, -11.76, -45.36, -1.63
-0.26, -0.92, -0.57, -7.22, -13.59, -17.19
-0.32, -0.89, -0.55, -1.10, 28.87, -27.81
-0.09, -0.82, -0.49, 7.60, 34.00, -34.04
0.20, -0.82, -0.42, 12.73, 16.16, -31.72
0.36, -0.85, -0.38, 14.42, -10.92, -29.96
0.41, -0.84, -0.37, 12.17, -12.55, -17.70
0.48, -0.81, -0.37, 3.95, 8.89, -6.92
0.56, -0.78, -0.29, -3.90, 17.49, 3.35
0.63, -0.79, -0.19, -16.05, 25.10, 16.31
0.63, -0.80, -0.18, -27.26, 22.80, 23.76
0.50, -0.81, -0.20, -41.11, 26.51, 27.59
0.37, -0.81, -0.23, -49.40, 24.63, 31.47
0.31, -0.81, -0.27, -50.93, 4.64, 33.26
0.29, -0.82, -0.35, -38.41, -32.01, 28.73
0.16, -0.85, -0.47, -21.55, -50.06, 15.23
-0.11, -0.89, -0.55, -10.88, -42.83, -7.44
-0.38, -0.93, -0.57, -5.89, -4.96, -22.00
-0.31, -0.91, -0.54, -0.23, 37.26, -32.36
0.01, -0.84, -0.48, 8.19, 34.84, -35.34
0.25, -0.82, -0.41, 13.49, 9.26, -33.43
0.38, -0.83, -0.38, 15.19, -13.36, -29.73
0.44, -0.83, -0.38, 11.74, -11.03, -14.86
0.51, -0.79, -0.36, 4.70, 5.12, -7.62
0.54, -0.77, -0.27, -5.56, 17.51, 4.51
0.59, -0.78, -0.19, -16.38, 24.53, 13.19
0.60, -0.81, -0.16, -30.89, 22.91, 22.93
0.51, -0.82, -0.19, -43.14, 24.68, 29.72
0.40, -0.81, -0.23, -49.96, 19.12, 32.87
0.34, -0.80, -0.26, -48.09, -1.71, 35.49
0.31, -0.83, -0.35, -32.97, -35.12, 28.06
0.15, -0.88, -0.47, -19.34, -45.26, 16.07
-0.17, -0.91, -0.54, -12.75, -26.42, -6.76
-0.40, -0.91, -0.55, -5.18, 5.69, -21.34
-0.27, -0.88, -0.55, 4.68, 41.89, -30.76
0.03, -0.85, -0.49, 11.73, 36.54, -33.07
0.25, -0.84, -0.40, 15.79, 13.76, -32.40
0.36, -0.85, -0.35, 16.10, -6.74, -26.63
0.45, -0.83, -0.34, 10.70, -4.77, -11.00
0.54, -0.79, -0.33, 0.74, 16.35, 1.37
0.61, -0.76, -0.23, -10.26, 23.27, 10.56
0.65, -0.78, -0.15, -21.51, 19.13, 21.64
0.59, -0.82, -0.17, -35.88, 13.59, 27.42
0.43, -0.82, -0.21, -45.91, 15.78, 29.80
0.30, -0.80, -0.25, -52.76, 15.14, 32.40
0.26, -0.81, -0.31, -44.80, -14.37, 26.36
0.21, -0.85, -0.42, -25.48, -44.59, 17.82
0.02, -0.90, -0.56, -18.36, -40.84, 2.21
-0.30, -0.91, -0.58, -9.02, -17.91, -21.42
-0.38, -0.87, -0.56, -2.37, 31.72, -31.15
-0.10, -0.83, -0.52, 6.55, 37.70, -35.12
0.15, -0.82, -0.46, 12.64, 21.72, -34.77
0.33, -0.83, -0.39, 14.53, -0.14, -30.29
0.42, -0.83, -0.35, 12.00, -7.36, -19.23
0.52, -0.81, -0.33, 4.07, 8.88, -3.39
0.62, -0.78, -0.28, -6.86, 20.89, 8.22
0.67, -0.78, -0.17, -17.79, 22.51, 19.23
0.64, -0.83, -0.13, -31.02, 17.00, 26.56
0.50, -0.85, -0.16, -43.88, 20.04, 30.62
0.33, -0.83, -0.21, -51.99, 19.93, 31.13
0.26, -0.82, -0.26, -49.72, -2.23, 28.98
0.22, -0.85, -0.36, -30.83, -37.69, 19.12
0.09, -0.90, -0.50, -19.79, -50.46, 6.38
-0.22, -0.92, -0.56, -9.71, -34.42, -17.50
-0.39, -0.90, -0.55, -6.27, 20.92, -28.18
-0.17, -0.85, -0.51, 3.15, 40.91, -34.64
0.13, -0.82, -0.46, 11.17, 31.42, -30.38
0.35, -0.82, -0.42, 15.61, 11.95, -27.04
0.43, -0.82, -0.38, 16.55, -6.75, -20.62
0.45, -0.81, -0.37, 7.32, 6.19, -7.68
0.52, -0.75, -0.32, -2.18, 22.93, 1.66
0.58, -0.76, -0.22, -13.32, 24.57, 11.51
0.62, -0.79, -0.15, -25.69, 15.00, 22.85
0.57, -0.83, -0.16, -39.75, 14.55, 29.25
0.43, -0.83, -0.20, -50.37, 16.79, 32.90
0.32, -0.80, -0.24, -53.05, 10.03, 35.12
0.30, -0.82, -0.31, -40.09, -20.57, 28.83
0.21, -0.88, -0.44, -27.90, -41.40, 21.44
-0.06, -0.91, -0.53, -23.81, -24.50, 4.36
-0.32, -0.87, -0.54, -8.72, -14.02, -21.72
-0.29, -0.84, -0.57, 0.52, 26.32, -25.18
-0.04, -0.85, -0.56, 7.94, 26.11, -33.27
0.15, -0.84, -0.47, 13.19, 20.87, -31.31
0.28, -0.83, -0.40, 14.48, 6.89, -30.71
0.38, -0.82, -0.37, 15.31, -12.67, -27.22
0.42, -0.81, -0.36, 8.78, -4.41, -11.81
0.51, -0.79, -0.35, -2.89, 19.97, -1.97
0.58, -0.77, -0.24, -12.42, 23.27, 10.57
0.63, -0.80, -0.16, -23.84, 20.69, 20.59
0.59, -0.83, -0.18, -34.14, 19.53, 27.94
0.44, -0.84, -0.22, -43.18, 20.30, 30.10
0.32, -0.83, -0.25, -47.57, 15.65, 32.80
0.28, -0.83, -0.31, -45.82, -5.02, 32.69
0.24, -0.85, -0.38, -30.13, -38.61, 18.83
0.06, -0.90, -0.47, -17.47, -45.84, 8.44
-0.21, -0.91, -0.56, -9.51, -21.10, -16.51
-0.37, -0.88, -0.57, -2.01, 22.59, -27.95
-0.20, -0.84, -0.53, 7.85, 41.97, -36.13
0.09, -0.82, -0.48, 14.51, 33.07, -35.72
0.29, -0.83, -0.41, 18.36, 9.54, -33.34
0.39, -0.83, -0.37, 18.80, -8.53, -26.68
0.46, -0.81, -0.38, 10.14, 10.02, -7.85
0.57, -0.76, -0.32, -0.33, 25.13, -0.82
0.65, -0.76, -0.17, -13.02, 22.98, 11.58
0.67, -0.81, -0.11, -28.42, 14.10, 22.13
0.56, -0.84, -0.15, -42.92, 9.28, 26.64
0.41, -0.83, -0.19, -52.29, 10.95, 28.41
0.31, -0.82, -0.24, -55.08, 8.32, 31.35
0.28, -0.83, -0.34, -50.10, -12.35, 29.70
0.20, -0.82, -0.46, -31.53, -43.03, 17.81
-0.02, -0.83, -0.57, -13.73, -51.11, -0.15
-0.31, -0.85, -0.62, 0.90, -21.74, -18.88
-0.39, -0.88, -0.59, 6.01, 33.03, -33.54
-0.20, -0.85, -0.51, 13.41, 52.75, -40.85
0.10, -0.82, -0.42, 18.52, 34.69, -42.46
0.36, -0.84, -0.36, 19.39, -2.66, -30.69
0.57, -0.85, -0.35, 11.68, 8.59, -4.92
0.74, -0.80, -0.29, 2.00, 15.14, 1.83
0.74, -0.78, -0.14, -10.12, 22.08, 17.68
0.71, -0.83, -0.10, -27.80, 22.54, 26.70
0.61, -0.86, -0.12, -43.66, 24.14, 34.41
0.43, -0.85, -0.14, -56.08, 22.69, 35.13
0.32, -0.83, -0.20, -58.01, 6.52, 35.71
0.28, -0.83, -0.32, -48.35, -24.80, 31.41
0.18, -0.84, -0.46, -29.56, -52.90, 20.57
-0.09, -0.86, -0.55, -16.62, -45.79, 0.34
-0.39, -0.87, -0.59, -4.11, -27.47, -21.79
-0.40, -0.86, -0.59, 1.75, 22.21, -29.15
-0.10, -0.83, -0.54, 11.26, 38.62, -35.51
0.16, -0.81, -0.45, 15.55, 31.53, -33.73
0.37, -0.82, -0.38, 15.19, 8.29, -28.35
0.47, -0.83, -0.34, 12.61, -7.32, -15.25
0.58, -0.81, -0.34, 4.02, 6.27, 1.62
0.64, -0.79, -0.29, -7.50, 21.79, 11.29
0.63, -0.80, -0.18, -21.55, 26.06, 20.47
0.59, -0.83, -0.15, -36.13, 20.10, 29.72
0.50, -0.84, -0.19, -49.17, 16.18, 34.96
0.38, -0.81, -0.23, -56.26, 9.56, 36.09
0.27, -0.80, -0.29, -46.56, -22.87, 30.91
0.19, -0.83, -0.45, -27.30, -54.62, 20.61
-0.05, -0.86, -0.59, -16.67, -45.64, 3.97
-0.38, -0.87, -0.59, -8.42, -21.14, -21.78
-0.43, -0.87, -0.55, -3.70, 30.11, -27.49
-0.08, -0.84, -0.53, 5.86, 35.53, -30.73
0.23, -0.81, -0.45, 12.71, 25.75, -27.90
0.38, -0.83, -0.37, 11.95, 13.29, -22.86
0.46, -0.84, -0.34, 8.90, 3.56, -15.07
0.50, -0.83, -0.31, 1.26, 10.67, -1.74
0.56, -0.82, -0.28, -10.69, 22.62, 9.08
0.62, -0.82, -0.21, -22.19, 23.27, 16.60
0.59, -0.84, -0.16, -36.30, 18.52, 26.90
0.50, -0.84, -0.18, -48.48, 16.49, 33.20
0.38, -0.81, -0.22, -52.59, 5.59, 34.56
0.30, -0.81, -0.29, -40.17, -23.85, 27.24
0.16, -0.85, -0.44, -26.65, -46.11, 19.67
-0.11, -0.86, -0.58, -19.11, -32.19, -1.48
-0.42, -0.84, -0.58, -6.30, -19.13, -21.88
-0.39, -0.84, -0.58, 2.26, 21.63, -28.67
-0.07, -0.83, -0.55, 10.77, 22.30, -34.36
0.14, -0.82, -0.47, 16.99, 17.04, -33.64
0.29, -0.81, -0.42, 19.59, 3.94, -33.35
0.37, -0.83, -0.39, 17.74, -3.92, -27.19
0.44, -0.83, -0.38, 11.79, 4.70, -12.58
0.55, -0.81, -0.34, -0.37, 24.71, -1.19
0.64, -0.80, -0.20, -12.19, 28.78, 13.09
0.68, -0.81, -0.14, -25.95, 24.52, 21.72
0.61, -0.84, -0.14, -39.22, 23.19, 30.65
0.46, -0.83, -0.19, -51.01, 27.52, 34.44
0.33, -0.81, -0.23, -57.86, 15.56, 34.31
0.27, -0.81, -0.28, -48.16, -21.47, 32.37
0.23, -0.85, -0.42, -31.16, -56.91, 22.54
-0.01, -0.88, -0.56, -19.37, -48.16, 6.56
-0.37, -0.86, -0.56, -6.84, -26.46, -22.30
-0.45, -0.86, -0.58, 0.66, 26.56, -28.69
-0.13, -0.84, -0.56, 11.26, 33.81, -33.77
0.18, -0.83, -0.47, 18.13, 23.14, -31.58
0.34, -0.84, -0.40, 19.67, 6.06, -27.08
0.42, -0.84, -0.35, 16.04, -10.61, -25.10
0.43, -0.84, -0.33, 7.00, -1.59, -10.80
0.52, -0.82, -0.32, -4.81, 18.66, -0.01
0.61, -0.80, -0.22, -16.31, 22.39, 11.04
0.64, -0.81, -0.16, -28.60, 16.38, 21.66
0.58, -0.83, -0.18, -42.01, 16.22, 29.49
0.43, -0.82, -0.22, -50.43, 18.48, 33.24
0.31, -0.79, -0.27, -53.88, 6.65, 35.98
0.24, -0.79, -0.34, -40.54, -23.56, 28.14
0.15, -0.83, -0.48, -22.51, -56.70, 17.77
-0.13, -0.85, -0.59, -9.37, -49.00, -5.73
-0.44, -0.86, -0.59, -2.51, -12.42, -20.90
-0.40, -0.85, -0.56, 4.66, 34.12, -31.58
-0.04, -0.83, -0.49, 11.44, 39.21, -33.47
0.26, -0.83, -0.40, 14.25, 23.20, -29.70
0.44, -0.85, -0.35, 13.95, -4.63, -25.72
0.49, -0.85, -0.33, 8.51, -11.52, -10.58
0.56, -0.83, -0.33, -2.90, 15.21, -0.15
0.61, -0.81, -0.22, -15.34, 21.29, 11.27
0.63, -0.84, -0.15, -29.61, 16.55, 20.35
0.58, -0.86, -0.15, -42.21, 15.50, 28.78
0.45, -0.84, -0.20, -53.53, 18.18, 32.50
0.32, -0.80, -0.24, -59.38, 7.61, 35.50
0.27, -0.79, -0.32, -46.53, -23.62, 29.94
0.20, -0.82, -0.48, -31.60, -44.88, 22.88
-0.07, -0.83, -0.57, -22.79, -36.97, 6.78
-0.37, -0.82, -0.57, -7.82, -20.78, -19.31
-0.38, -0.85, -0.59, 0.03, 12.51, -20.22
-0.12, -0.85, -0.57, 9.90, 22.96, -28.59
0.10, -0.82, -0.48, 15.79, 25.96, -26.91
0.25, -0.81, -0.41, 16.53, 14.53, -27.84
0.35, -0.83, -0.38, 15.25, 3.32, -24.20
0.39, -0.85, -0.36, 8.03, -2.00, -18.66
0.43, -0.85, -0.35, 1.32, 3.36, -6.54
0.52, -0.82, -0.32, -10.17, 20.84, 6.52
0.60, -0.80, -0.23, -20.02, 22.33, 15.61
0.57, -0.82, -0.16, -33.75, 21.57, 28.56
0.52, -0.83, -0.19, -45.29, 22.98, 32.85
0.37, -0.81, -0.23, -54.73, 19.06, 36.23
0.24, -0.78, -0.28, -52.13, -16.58, 32.69
0.22, -0.80, -0.37, -30.34, -53.07, 26.66
0.07, -0.84, -0.54, -15.95, -64.00, 7.89
-0.38, -0.86, -0.60, -6.63, -35.35, -17.99
-0.52, -0.87, -0.58, -4.16, 26.35, -25.33
-0.18, -0.85, -0.55, 7.44, 41.59, -31.60
0.14, -0.81, -0.49, 14.53, 30.18, -29.32
0.34, -0.83, -0.42, 15.92, 11.96, -27.33
0.42, -0.87, -0.36, 14.68, -1.29, -23.93
0.42, -0.88, -0.34, 8.75, -12.14, -17.14
0.45, -0.86, -0.37, -1.27, 11.97, 2.21
0.57, -0.82, -0.32, -12.22, 28.50, 7.87
0.60, -0.81, -0.17, -23.77, 26.14, 17.97
0.56, -0.85, -0.16, -36.90, 23.49, 26.28
0.45, -0.84, -0.22, -44.24, 21.37, 29.09
0.29, -0.81, -0.25, -50.93, 17.68, 30.46
0.20, -0.80, -0.32, -48.80, -11.76, 28.89
0.17, -0.80, -0.39, -30.69, -42.93, 21.89
0.08, -0.83, -0.50, -13.78, -59.11, 4.72
-0.26, -0.86, -0.57, -5.67, -42.95, -15.22
-0.45, -0.87, -0.58, -1.51, 17.16, -27.18
-0.26, -0.83, -0.54, 7.87, 40.65, -33.05
0.06, -0.80, -0.47, 14.89, 36.40, -32.83
0.32, -0.83, -0.42, 16.47, 11.96, -29.14
0.41, -0.85, -0.38, 16.79, -12.51, -25.42
0.41, -0.85, -0.38, 11.34, -8.07, -7.74
0.51, -0.82, -0.39, 0.08, 25.04, 0.71
0.58, -0.78, -0.27, -9.65, 26.52, 10.41
0.59, -0.82, -0.16, -22.37, 23.46, 20.06
0.55, -0.85, -0.18, -34.71, 20.64, 26.47
0.39, -0.84, -0.23, -44.89, 23.45, 28.16
0.26, -0.82, -0.26, -50.70, 20.28, 28.42
0.21, -0.82, -0.32, -48.18, -12.12, 28.30
0.21, -0.84, -0.41, -30.55, -47.29, 20.26
0.09, -0.87, -0.49, -15.11, -62.71, 5.26
-0.25, -0.88, -0.58, -6.02, -35.23, -16.75
-0.46, -0.87, -0.59, -1.30, 24.51, -27.90
-0.25, -0.83, -0.55, 8.63, 50.47, -35.10
0.12, -0.82, -0.48, 14.79, 39.52, -33.49
0.34, -0.84, -0.41, 16.88, 12.17, -27.73
0.42, -0.85, -0.36, 15.70, -5.13, -25.56
0.43, -0.84, -0.33, 7.68, -4.75, -8.41
0.53, -0.81, -0.33, -4.92, 25.31, 5.14
0.62, -0.78, -0.22, -14.39, 24.33, 13.07
0.61, -0.81, -0.13, -29.08, 22.82, 25.08
0.54, -0.84, -0.18, -42.57, 21.16, 30.71
0.37, -0.82, -0.22, -51.54, 23.28, 32.58
0.23, -0.78, -0.28, -56.09, 6.58, 31.53
0.20, -0.80, -0.34, -41.60, -31.30, 26.30
0.18, -0.85, -0.46, -22.58, -59.58, 17.88
-0.09, -0.88, -0.55, -13.08, -49.59, -3.95
-0.40, -0.88, -0.56, -7.48, -4.25, -18.39
-0.34, -0.87, -0.55, -1.24, 38.68, -25.57
-0.03, -0.83, -0.49, 7.57, 40.65, -27.31
0.25, -0.82, -0.42, 9.42, 27.82, -22.35
0.41, -0.83, -0.36, 8.46, 10.04, -15.39
0.46, -0.83, -0.33, 3.35, 3.05, -8.40
0.47, -0.83, -0.30, -6.16, 9.13, 0.17
0.49, -0.84, -0.27, -16.77, 14.70, 10.67
0.52, -0.84, -0.25, -27.32, 15.80, 18.84
0.50, -0.83, -0.25, -37.96, 11.93, 26.70
0.42, -0.82, -0.27, -43.30, -2.22, 31.13
0.37, -0.83, -0.29, -36.47, -17.04, 28.13
0.24, -0.87, -0.39, -29.82, -33.53, 19.36
-0.05, -0.87, -0.49, -22.75, -22.04, 1.33
-0.31, -0.87, -0.54, -15.45, -4.48, -15.38
-0.29, -0.87, -0.56, -9.85, 19.32, -20.51
-0.09, -0.83, -0.55, 3.10, 15.78, -25.87
0.08, -0.78, -0.52, 13.68, 11.02, -27.86
0.18, -0.79, -0.46, 15.40, 12.55, -27.97
0.24, -0.83, -0.38, 12.97, 16.39, -27.88
0.29, -0.84, -0.34, 9.37, 7.84, -24.59
0.37, -0.83, -0.33, 4.21, 6.64, -13.68
0.49, -0.82, -0.31, -4.54, 10.21, -1.17
0.59, -0.80, -0.26, -13.46, 26.95, 13.54
0.61, -0.80, -0.20, -24.59, 22.28, 18.97
0.52, -0.83, -0.17, -35.27, 25.96, 26.88
0.39, -0.85, -0.22, -43.71, 22.00, 28.40
0.28, -0.82, -0.27, -48.11, 10.52, 29.14
0.23, -0.82, -0.31, -44.56, -17.24, 29.69
0.22, -0.84, -0.40, -28.11, -42.06, 22.34
0.06, -0.85, -0.49, -13.13, -53.99, 3.16
-0.25, -0.88, -0.54, -6.35, -32.91, -15.17
-0.39, -0.88, -0.58, -4.18, 18.18, -26.28
-0.16, -0.83, -0.54, 6.18, 37.31, -30.78
0.13, -0.80, -0.46, 10.82, 31.47, -29.38
0.37, -0.83, -0.40, 11.73, 15.38, -22.46
0.45, -0.83, -0.35, 9.02, 10.31, -12.32
0.51, -0.82, -0.29, -1.35, 11.40, -0.16
0.59, -0.82, -0.26, -12.56, 20.55, 11.81
0.62, -0.83, -0.23, -25.61, 15.79, 20.03
0.54, -0.83, -0.20, -39.86, 13.04, 28.81
0.41, -0.83, -0.22, -49.21, 2.01, 32.67
0.31, -0.81, -0.28, -44.52, -20.01, 25.73
0.18, -0.83, -0.41, -32.56, -38.54, 18.66
-0.08, -0.86, -0.55, -20.91, -38.29, -4.09
-0.39, -0.86, -0.61, -10.86, -9.50, -18.57
-0.37, -0.85, -0.60, -5.03, 29.37, -25.25
-0.06, -0.81, -0.55, 6.97, 33.06, -27.07
0.19, -0.79, -0.47, 12.60, 25.57, -23.35
0.33, -0.81, -0.40, 12.84, 20.75, -19.18
0.38, -0.82, -0.35, 10.51, 20.92, -13.09
0.41, -0.82, -0.32, 3.76, 19.39, -6.46
0.47, -0.83, -0.29, -5.61, 27.47, 6.29
0.55, -0.84, -0.25, -16.14, 25.40, 12.52
0.54, -0.84, -0.20, -25.21, 18.48, 19.85
0.44, -0.85, -0.20, -36.09, 15.73, 23.81
0.34, -0.84, -0.24, -41.22, 0.99, 23.93
0.22, -0.81, -0.31, -35.85, -24.97, 19.99
0.11, -0.82, -0.43, -18.02, -48.12, 5.88
-0.12, -0.85, -0.56, -5.34, -49.13, -12.30
-0.39, -0.88, -0.60, 1.98, -8.72, -32.53
-0.39, -0.87, -0.56, 9.79, 30.04, -43.72
-0.08, -0.85, -0.48, 17.57, 32.86, -47.67
0.20, -0.86, -0.42, 22.43, 12.50, -42.02
0.46, -0.85, -0.41, 23.51, 0.90, -27.42
0.62, -0.80, -0.39, 19.91, 19.85, -6.67
0.71, -0.76, -0.30, 9.54, 25.66, -3.32
0.64, -0.79, -0.17, -4.97, 33.65, 12.71
0.61, -0.83, -0.14, -23.68, 31.29, 17.49
0.51, -0.83, -0.15, -34.99, 24.68, 23.79
0.35, -0.82, -0.18, -44.63, 18.76, 22.28
0.26, -0.82, -0.24, -45.13, 3.87, 21.05
0.20, -0.82, -0.32, -39.29, -23.16, 19.56
0.16, -0.82, -0.39, -26.38, -42.27, 14.17
0.05, -0.86, -0.44, -14.74, -45.22, -0.10
-0.11, -0.91, -0.47, -10.16, -23.46, -10.94
-0.17, -0.90, -0.48, -3.65, 9.88, -22.18
-0.05, -0.85, -0.46, 4.82, 22.42, -28.39
0.16, -0.85, -0.44, 10.63, 15.12, -28.07
0.31, -0.89, -0.42, 12.99, 0.57, -23.32
0.41, -0.88, -0.39, 12.46, -3.99, -15.97
0.49, -0.85, -0.35, 6.85, 5.09, -6.60
0.54, -0.82, -0.27, -3.82, 13.64, 2.80
0.57, -0.82, -0.17, -16.32, 20.00, 12.42
0.57, -0.81, -0.15, -28.96, 17.30, 17.93
0.48, -0.81, -0.19, -42.45, 16.39, 24.79
0.36, -0.81, -0.23, -49.89, 13.75, 26.42
0.29, -0.80, -0.29, -51.53, -4.23, 26.77
0.21, -0.80, -0.36, -42.73, -34.05, 23.09
0.12, -0.83, -0.45, -22.52, -56.06, 8.66
-0.09, -0.89, -0.58, -9.46, -47.58, -8.08
-0.35, -0.92, -0.63, -1.71, 1.08, -24.98
-0.34, -0.88, -0.58, 7.04, 41.98, -37.37
-0.05, -0.83, -0.51, 17.86, 42.03, -39.31
0.24, -0.85, -0.44, 22.17, 15.08, -38.86
0.41, -0.88, -0.37, 21.77, -7.88, -23.80
0.53, -0.84, -0.35, 12.31, 19.69, -7.36
0.63, -0.76, -0.25, 1.27, 17.83, -2.68
0.62, -0.75, -0.09, -14.24, 25.05, 14.18
0.65, -0.79, -0.09, -30.13, 12.80, 19.60
0.54, -0.80, -0.14, -44.92, 10.78, 25.69
0.34, -0.79, -0.20, -53.23, 14.89, 27.49
0.27, -0.79, -0.27, -55.64, 7.87, 28.29
0.26, -0.81, -0.33, -47.15, -27.03, 27.12
0.23, -0.84, -0.41, -30.17, -52.91, 20.68
0.06, -0.88, -0.51, -12.95, -54.01, 4.35
-0.22, -0.91, -0.58, -2.23, -23.98, -16.21
-0.35, -0.92, -0.59, 2.18, 24.38, -27.15
-0.16, -0.89, -0.52, 10.90, 43.45, -34.13
0.15, -0.86, -0.44, 17.69, 33.80, -32.87
0.36, -0.87, -0.38, 21.53, 3.11, -30.53
0.43, -0.87, -0.36, 19.44, -12.35, -22.25
0.47, -0.81, -0.34, 7.77, 5.27, -7.66
0.54, -0.80, -0.27, -5.82, 21.10, -0.52
0.58, -0.77, -0.13, -17.02, 18.24, 10.04
0.59, -0.78, -0.12, -29.30, 6.87, 16.17
0.48, -0.80, -0.19, -41.03, 10.71, 23.14
0.31, -0.79, -0.24, -47.85, 18.91, 22.19
0.25, -0.79, -0.28, -49.23, 17.20, 24.22
0.28, -0.82, -0.31, -48.12, -2.61, 27.19
0.28, -0.86, -0.35, -36.87, -35.79, 22.96
0.16, -0.85, -0.45, -21.15, -42.00, 9.66
-0.09, -0.86, -0.55, -10.45, -27.72, -8.75
-0.25, -0.90, -0.59, -4.26, 6.29, -21.46
-0.19, -0.88, -0.57, 8.67, 27.82, -30.96
0.02, -0.85, -0.50, 14.86, 27.69, -35.72
0.23, -0.88, -0.42, 16.52, 7.44, -33.94
0.36, -0.88, -0.37, 14.88, -3.60, -21.33
0.49, -0.83, -0.34, 2.48, 16.19, -6.62
0.60, -0.76, -0.22, -5.57, 17.78, -0.30
0.62, -0.76, -0.14, -18.29, 15.42, 11.61
0.60, -0.80, -0.14, -30.93, 3.66, 17.23
0.45, -0.83, -0.20, -42.25, 8.88, 22.44
0.29, -0.83, -0.26, -46.41, 12.87, 19.26
0.21, -0.81, -0.33, -44.68, 1.96, 17.25
0.18, -0.81, -0.40, -36.11, -19.13, 14.58
0.13, -0.83, -0.46, -24.26, -36.33, 6.21
0.03, -0.86, -0.51, -9.09, -41.49, -5.08
-0.09, -0.89, -0.54, -0.17, -17.73, -17.19
-0.15, -0.90, -0.53, 6.78, 7.30, -30.37
-0.06, -0.88, -0.49, 13.20, 17.64, -34.48
0.16, -0.87, -0.44, 14.76, 7.46, -29.53
0.39, -0.85, -0.39, 10.22, 9.32, -14.29
0.55, -0.79, -0.32, 7.84, 2.52, -13.43
0.54, -0.76, -0.24, 0.04, -7.05, -6.94
0.47, -0.80, -0.19, -16.52, 6.40, 4.57
0.47, -0.81, -0.20, -24.42, 9.32, 7.72
0.43, -0.77, -0.23, -30.96, 13.43, 15.97
0.38, -0.77, -0.27, -37.29, 17.85, 21.96
0.35, -0.77, -0.30, -38.01, 16.00, 25.61
0.34, -0.76, -0.34, -35.83, 9.53, 28.40
0.31, -0.79, -0.37, -34.02, -6.78, 29.88
0.25, -0.84, -0.40, -25.21, -20.12, 26.74
0.16, -0.89, -0.44, -16.47, -25.37, 17.09
0.01, -0.92, -0.49, -6.63, -17.69, -0.85
-0.14, -0.96, -0.51, -3.52, 1.96, -13.43
-0.12, -0.96, -0.51, 2.29, 21.58, -25.32
0.03, -0.92, -0.46, 7.63, 20.74, -31.99
0.18, -0.90, -0.41, 10.98, 6.97, -33.62
0.29, -0.90, -0.38, 9.89, -5.40, -29.91
0.40, -0.86, -0.35, 4.71, -2.20, -17.13
0.49, -0.79, -0.33, -1.66, 8.46, -8.89
0.53, -0.72, -0.26, -8.12, 5.25, 0.05
0.51, -0.72, -0.20, -19.01, 11.24, 9.46
0.46, -0.72, -0.22, -27.87, 5.54, 12.70
0.33, -0.72, -0.26, -34.43, 14.18, 17.18
0.27, -0.73, -0.30, -37.57, 15.15, 19.97
0.28, -0.75, -0.34, -33.51, 6.07, 23.04
0.28, -0.80, -0.38, -30.15, -7.41, 23.90
0.24, -0.85, -0.41, -24.73, -17.47, 22.38
0.15, -0.89, -0.43, -14.76, -18.35, 14.79
0.05, -0.93, -0.46, -8.04, -13.82, 1.71
-0.06, -0.98, -0.50, -2.68, 0.75, -8.58
-0.08, -0.98, -0.49, 2.59, 15.62, -23.18
-0.00, -0.94, -0.45, 9.29, 13.15, -32.89
0.11, -0.92, -0.43, 12.19, 1.13, -36.09
0.22, -0.92, -0.41, 10.88, -4.72, -30.74
0.36, -0.87, -0.37, 5.10, 7.48, -17.79
0.52, -0.78, -0.29, 0.67, 4.91, -11.79
0.55, -0.73, -0.21, -8.66, 4.27, 3.62
0.54, -0.71, -0.19, -19.93, 13.75, 11.05
0.49, -0.69, -0.20, -29.67, 14.76, 19.00
0.40, -0.70, -0.22, -38.99, 16.64, 23.92
0.33, -0.72, -0.26, -44.31, 11.05, 29.55
0.30, -0.72, -0.31, -43.63, -1.11, 34.43
0.33, -0.76, -0.38, -33.64, -22.70, 37.51
0.30, -0.83, -0.44, -22.51, -31.34, 32.80
0.12, -0.92, -0.49, -16.82, -22.77, 18.60
-0.12, -1.00, -0.50, -9.19, -6.74, 0.34
-0.22, -1.04, -0.54, -5.03, 16.24, -12.29
-0.12, -1.05, -0.50, 0.28, 29.80, -23.90
0.07, -0.99, -0.47, 7.37, 26.35, -30.35
0.20, -0.95, -0.41, 10.60, 12.85, -36.55
0.25, -0.93, -0.36, 8.80, -1.23, -38.68
0.29, -0.91, -0.33, 5.82, -5.48, -28.30
0.42, -0.82, -0.34, -2.03, 7.57, -18.14
0.51, -0.73, -0.28, -5.63, 7.85, -8.21
0.52, -0.67, -0.21, -13.17, 7.37, 3.48
0.50, -0.66, -0.20, -20.08, 4.48, 9.30
0.39, -0.66, -0.24, -27.77, 5.17, 14.95
0.28, -0.72, -0.27, -33.28, 13.33, 18.78
0.24, -0.72, -0.29, -36.44, 10.86, 23.46
0.28, -0.74, -0.33, -33.55, -1.61, 27.26
0.32, -0.78, -0.37, -28.77, -16.99, 29.46
0.29, -0.87, -0.39, -23.22, -28.01, 27.16
0.17, -0.94, -0.44, -15.12, -26.94, 17.47
0.00, -1.00, -0.49, -8.77, -11.89, -0.42
-0.15, -1.03, -0.52, -6.96, 10.62, -13.15
-0.14, -1.01, -0.50, -1.38, 28.28, -26.06
0.03, -0.95, -0.46, 4.44, 21.03, -33.34
0.16, -0.92, -0.43, 7.59, 3.13, -37.55
0.22, -0.91, -0.39, 8.91, -9.85, -37.69
0.28, -0.87, -0.38, 4.73, -0.33, -26.05
0.43, -0.79, -0.35, 0.63, 10.80, -16.69
0.52, -0.70, -0.28, -4.29, 8.40, -8.46
0.52, -0.67, -0.23, -13.61, 11.48, 5.40
0.51, -0.67, -0.21, -22.66, 16.39, 11.19
0.44, -0.68, -0.22, -30.97, 19.36, 18.72
0.34, -0.71, -0.24, -38.33, 18.40, 24.30
0.31, -0.74, -0.29, -40.81, 9.29, 28.52
0.31, -0.76, -0.33, -38.68, -4.14, 32.85
0.32, -0.79, -0.38, -32.66, -20.00, 33.11
0.27, -0.86, -0.43, -21.89, -24.90, 28.23
0.10, -0.94, -0.47, -15.82, -16.26, 15.27
-0.11, -1.02, -0.49, -10.76, -2.30, -2.63
-0.19, -1.05, -0.51, -7.39, 18.44, -13.29
-0.07, -1.02, -0.49, -1.06, 24.44, -24.94
0.10, -0.95, -0.44, 6.82, 16.10, -31.69
0.19, -0.90, -0.41, 8.85, 1.54, -37.53
0.20, -0.90, -0.38, 9.38, -14.19, -39.56
0.26, -0.88, -0.38, 5.59, -12.29, -29.69
0.38, -0.80, -0.39, 1.92, 4.73, -20.87
0.47, -0.71, -0.31, -4.46, 5.09, -11.18
0.56, -0.66, -0.22, -13.41, 11.95, 4.82
0.58, -0.64, -0.20, -20.97, 10.96, 12.48
0.47, -0.66, -0.21, -31.23, 17.23, 20.23
0.36, -0.71, -0.24, -40.57, 18.87, 24.99
0.29, -0.75, -0.29, -42.44, 14.34, 29.25
0.30, -0.77, -0.34, -41.04, -2.26, 31.96
0.31, -0.83, -0.38, -32.29, -26.98, 29.99
0.26, -0.91, -0.43, -21.51, -35.10, 26.01
0.06, -0.96, -0.50, -11.41, -28.12, 7.25
-0.18, -1.01, -0.54, -6.72, -3.13, -10.43
-0.25, -1.04, -0.53, -4.47, 29.16, -23.57
-0.10, -0.99, -0.48, 3.79, 30.95, -35.42
0.11, -0.92, -0.43, 9.60, 14.13, -40.95
0.22, -0.91, -0.40, 11.43, -13.99, -41.93
0.30, -0.89, -0.37, 5.47, -9.88, -28.29
0.47, -0.81, -0.36, -0.82, 8.66, -14.21
0.61, -0.70, -0.27, -7.56, 8.50, -3.39
0.64, -0.67, -0.18, -16.14, 15.28, 13.08
0.61, -0.68, -0.19, -26.15, 18.51, 18.44
0.44, -0.70, -0.21, -38.77, 24.86, 23.56
0.28, -0.73, -0.24, -46.90, 22.87, 27.84
0.26, -0.78, -0.30, -46.46, 1.14, 32.46
0.29, -0.78, -0.34, -37.71, -30.08, 34.69
0.27, -0.84, -0.41, -22.67, -49.04, 28.06
0.09, -0.91, -0.48, -11.36, -50.39, 12.08
-0.18, -0.97, -0.54, -5.22, -20.46, -8.50
-0.32, -1.01, -0.56, -5.90, 25.83, -20.09
-0.17, -0.98, -0.50, 1.06, 40.77, -31.38
0.09, -0.92, -0.45, 7.67, 26.33, -34.31
0.27, -0.89, -0.43, 13.21, -5.41, -37.72
0.31, -0.89, -0.40, 13.06, -21.33, -34.06
0.36, -0.86, -0.40, 7.14, -3.36, -22.01
0.48, -0.79, -0.37, -0.32, 6.90, -10.05
0.57, -0.73, -0.26, -8.88, 13.36, 4.92
0.63, -0.71, -0.19, -17.86, 15.93, 11.42
0.53, -0.71, -0.20, -28.34, 17.90, 16.86
0.34, -0.73, -0.24, -41.10, 28.46, 20.34
0.24, -0.75, -0.28, -45.83, 26.40, 22.28
0.27, -0.75, -0.33, -44.95, 6.02, 27.03
0.33, -0.78, -0.37, -38.57, -25.97, 31.47
0.32, -0.82, -0.41, -24.27, -44.16, 29.02
0.15, -0.86, -0.47, -11.68, -41.60, 15.91
-0.13, -0.92, -0.53, -3.70, -16.44, -5.23
-0.34, -0.99, -0.56, -3.72, 20.95, -17.98
-0.24, -0.98, -0.50, 2.21, 39.33, -31.66
0.05, -0.91, -0.44, 9.59, 26.56, -37.02
0.24, -0.89, -0.42, 13.38, -5.86, -40.18
0.31, -0.90, -0.38, 11.36, -19.26, -31.01
0.42, -0.86, -0.38, 4.41, 6.84, -10.96
0.59, -0.75, -0.33, -5.28, 16.17, -3.29
0.67, -0.70, -0.19, -15.31, 23.71, 15.99
0.69, -0.72, -0.15, -27.35, 21.91, 21.31
0.53, -0.74, -0.17, -43.69, 25.93, 27.40
0.32, -0.75, -0.22, -53.29, 28.98, 31.58
0.27, -0.74, -0.29, -56.49, 13.63, 37.35
0.30, -0.76, -0.34, -45.27, -27.58, 38.35
0.31, -0.81, -0.43, -22.02, -61.56, 31.10
0.08, -0.87, -0.55, -11.46, -45.85, 14.20
-0.33, -0.92, -0.56, -6.22, -10.16, -12.18
-0.46, -0.94, -0.54, -3.12, 36.95, -17.52
-0.11, -0.93, -0.51, 2.14, 44.46, -24.57
0.21, -0.89, -0.44, 5.51, 23.86, -23.64
0.35, -0.86, -0.38, 5.76, 2.32, -22.54
0.38, -0.84, -0.36, 3.75, -4.76, -19.87
0.35, -0.84, -0.36, -1.22, -6.07, -16.00
0.35, -0.83, -0.39, -6.08, 5.73, -6.67
0.40, -0.79, -0.39, -11.11, 18.13, -0.53
0.44, -0.78, -0.32, -18.52, 23.99, 5.17
0.44, -0.79, -0.27, -25.89, 21.12, 11.06
0.41, -0.80, -0.30, -30.32, 18.41, 15.53
0.35, -0.80, -0.32, -35.22, 19.16, 18.34
0.28, -0.82, -0.32, -37.22, 11.69, 19.72
0.24, -0.83, -0.34, -33.18, -7.22, 19.56
0.22, -0.85, -0.39, -21.09, -27.61, 12.42
0.08, -0.88, -0.48, -8.69, -31.96, -2.95
-0.16, -0.90, -0.55, -1.64, -13.30, -19.43
-0.25, -0.91, -0.53, 4.18, 18.68, -32.95
-0.09, -0.89, -0.48, 9.83, 27.57, -38.27
0.14, -0.87, -0.43, 15.31, 13.72, -40.26
0.30, -0.87, -0.39, 14.59, -5.10, -30.25
0.44, -0.82, -0.40, 10.43, 11.24, -16.04
0.56, -0.76, -0.33, 2.45, 11.00, -6.03
0.60, -0.75, -0.20, -7.34, 19.87, 10.13
0.63, -0.75, -0.15, -18.52, 23.61, 17.05
0.53, -0.75, -0.17, -32.89, 23.03, 25.21
0.37, -0.75, -0.22, -43.63, 23.76, 28.80
0.29, -0.74, -0.28, -46.72, 16.82, 31.79
0.29, -0.76, -0.31, -46.49, -9.23, 34.53
0.31, -0.80, -0.34, -34.01, -39.16, 33.61
0.25, -0.85, -0.45, -18.70, -49.93, 23.01
-0.06, -0.89, -0.54, -12.90, -25.48, 1.85
-0.33, -0.95, -0.55, -5.90, 2.83, -14.29
-0.28, -0.97, -0.55, -0.67, 29.89, -22.15
0.02, -0.93, -0.50, 8.28, 23.04, -28.29
0.22, -0.90, -0.43, 12.49, 8.42, -30.10
0.30, -0.89, -0.39, 12.54, -9.33, -32.42
0.32, -0.89, -0.35, 10.67, -21.17, -26.66
0.39, -0.86, -0.38, 4.57, -1.89, -13.42
0.48, -0.78, -0.39, -1.00, 10.37, -8.79
0.48, -0.73, -0.29, -9.38, 19.37, 3.49
0.51, -0.73, -0.23, -20.04, 22.28, 11.33
0.49, -0.73, -0.23, -31.09, 19.80, 17.74
0.39, -0.74, -0.28, -40.42, 17.17, 23.13
0.32, -0.74, -0.30, -43.35, 12.03, 27.05
0.29, -0.75, -0.33, -43.27, 3.07, 30.24
0.28, -0.79, -0.35, -38.58, -18.04, 30.61
0.25, -0.84, -0.41, -22.92, -32.17, 27.38
0.10, -0.90, -0.51, -9.68, -31.66, 9.35
-0.17, -0.96, -0.57, -3.28, -12.75, -8.12
-0.33, -1.00, -0.56, -2.12, 21.54, -19.76
-0.17, -0.94, -0.50, 7.31, 28.99, -33.68
0.10, -0.90, -0.43, 12.99, 15.36, -35.86
0.24, -0.90, -0.38, 14.82, -7.03, -40.36
0.28, -0.90, -0.36, 11.78, -20.60, -32.41
0.38, -0.84, -0.40, 3.65, 14.45, -12.10
0.58, -0.74, -0.35, -4.09, 21.25, -3.97
0.66, -0.70, -0.18, -12.60, 20.64, 14.09
0.65, -0.71, -0.16, -24.32, 16.68, 19.30
0.46, -0.73, -0.21, -38.38, 19.56, 23.22
0.27, -0.74, -0.24, -46.78, 23.25, 26.05
0.22, -0.76, -0.29, -48.98, 12.96, 29.06
0.25, -0.77, -0.35, -44.25, -13.75, 30.87
0.28, -0.81, -0.38, -27.40, -45.37, 28.38
0.21, -0.88, -0.46, -11.24, -50.56, 16.60
-0.09, -0.94, -0.56, -1.79, -33.43, -5.05
-0.37, -0.98, -0.58, -3.13, 19.75, -17.87
-0.28, -0.97, -0.52, 2.63, 39.24, -28.98
0.03, -0.90, -0.45, 9.75, 26.56, -34.33
0.27, -0.88, -0.41, 14.88, -2.51, -36.23
0.30, -0.89, -0.39, 14.73, -23.72, -36.37
0.30, -0.88, -0.40, 9.34, -13.57, -20.99
0.43, -0.81, -0.42, 4.02, 14.04, -12.50
0.55, -0.75, -0.31, -0.28, 11.18, -0.59
0.60, -0.76, -0.19, -10.66, 13.84, 9.54
0.54, -0.78, -0.18, -21.39, 10.70, 14.07
0.35, -0.78, -0.21, -34.82, 21.76, 17.32
0.26, -0.77, -0.25, -43.03, 22.45, 19.97
0.26, -0.74, -0.30, -43.93, 10.44, 21.76
0.29, -0.74, -0.33, -44.54, -4.17, 28.58
0.32, -0.77, -0.33, -41.68, -21.19, 31.90
0.31, -0.81, -0.37, -26.71, -35.72, 29.57
0.17, -0.86, -0.51, -13.47, -27.17, 16.45
-0.13, -0.92, -0.59, -7.91, -4.07, -3.86
-0.32, -0.98, -0.58, -5.12, 24.52, -14.33
-0.16, -0.99, -0.52, 2.79, 33.96, -24.55
0.12, -0.92, -0.46, 6.25, 22.20, -26.34
0.27, -0.88, -0.38, 4.79, 11.33, -25.32
0.33, -0.85, -0.31, 0.36, 6.07, -20.30
0.38, -0.81, -0.29, -6.88, 8.47, -9.69
0.47, -0.76, -0.30, -15.26, 12.73, 3.33
0.54, -0.72, -0.30, -23.91, 21.06, 14.74
0.53, -0.72, -0.27, -33.76, 19.40, 24.12
0.46, -0.73, -0.26, -44.23, 18.71, 34.50
0.39, -0.73, -0.29, -43.08, 2.14, 36.12
0.33, -0.78, -0.35, -28.91, -17.57, 30.84
0.17, -0.85, -0.49, -25.54, -14.83, 26.21
-0.15, -0.88, -0.55, -17.37, -1.19, 3.02
-0.29, -0.88, -0.54, -7.69, 8.95, -9.77
-0.18, -0.92, -0.56, -4.18, 23.17, -15.28
0.02, -0.91, -0.50, 2.93, 18.23, -22.29
0.15, -0.87, -0.41, 6.27, 19.77, -20.75
0.25, -0.87, -0.38, 6.52, 16.60, -21.94
0.28, -0.86, -0.34, 3.92, 7.66, -23.25
0.29, -0.86, -0.32, 1.12, -7.00, -18.07
0.36, -0.84, -0.36, -4.02, 4.99, -5.07
0.48, -0.81, -0.36, -9.88, 18.04, 0.91
0.50, -0.80, -0.23, -17.81, 19.63, 9.51
0.49, -0.82, -0.19, -26.12, 19.84, 18.11
0.45, -0.83, -0.23, -35.14, 20.85, 21.07
0.34, -0.82, -0.27, -39.16, 15.77, 21.16
0.22, -0.83, -0.32, -40.44, 0.01, 19.15
0.13, -0.85, -0.39, -28.38, -33.20, 8.90
0.08, -0.91, -0.47, -11.40, -50.26, -0.38
-0.06, -0.94, -0.55, -0.00, -33.98, -18.90
-0.27, -0.91, -0.54, 4.56, 10.84, -33.94
-0.19, -0.86, -0.51, 12.32, 35.52, -42.41
0.09, -0.85, -0.44, 17.73, 19.00, -41.91
0.29, -0.87, -0.40, 15.93, -10.50, -26.33
0.47, -0.82, -0.41, 11.96, 12.21, -11.13
0.62, -0.73, -0.30, 2.63, 0.02, -4.55
0.59, -0.70, -0.15, -11.19, 13.21, 15.04
0.62, -0.71, -0.15, -25.99, 13.66, 21.23
0.50, -0.70, -0.17, -38.75, 21.72, 29.19
0.33, -0.72, -0.21, -51.12, 24.91, 32.60
0.28, -0.73, -0.29, -55.09, 18.17, 40.16
0.30, -0.76, -0.33, -45.82, -17.21, 39.28
0.30, -0.84, -0.41, -26.21, -48.93, 33.41
0.10, -0.92, -0.55, -13.39, -45.22, 18.41
-0.24, -0.97, -0.58, -6.25, -16.81, -8.56
-0.41, -1.01, -0.56, -5.16, 29.39, -17.24
-0.16, -0.99, -0.52, 1.18, 43.03, -25.77
0.19, -0.91, -0.45, 7.44, 28.69, -27.28
0.34, -0.88, -0.40, 5.97, 8.30, -27.98
0.36, -0.88, -0.36, 1.07, -2.71, -25.63
0.36, -0.87, -0.36, -4.64, -4.32, -20.07
0.41, -0.83, -0.37, -12.85, 2.98, -9.70
0.49, -0.78, -0.35, -20.09, 17.70, 5.00
0.56, -0.72, -0.30, -25.21, 21.95, 12.90
0.52, -0.71, -0.27, -31.20, 26.21, 22.62
0.41, -0.73, -0.28, -40.14, 28.04, 28.50
0.30, -0.74, -0.30, -43.54, 17.12, 32.07
0.23, -0.76, -0.33, -33.11, -16.32, 27.50
0.14, -0.82, -0.45, -14.32, -45.49, 14.72
-0.14, -0.89, -0.57, -5.48, -40.68, -4.97
-0.42, -0.93, -0.57, -2.89, 10.52, -20.00
-0.37, -0.92, -0.49, 3.30, 48.61, -32.87
-0.04, -0.86, -0.42, 9.81, 46.29, -33.20
0.26, -0.85, -0.37, 11.79, 24.03, -30.07
0.42, -0.86, -0.32, 8.05, -6.19, -20.55
0.52, -0.84, -0.31, 1.82, 1.05, 2.83
0.66, -0.79, -0.31, -9.61, 18.10, 9.59
0.64, -0.77, -0.20, -18.69, 13.08, 17.95
0.53, -0.80, -0.16, -31.89, 17.34, 25.85
0.42, -0.82, -0.23, -40.46, 19.73, 28.27
0.27, -0.80, -0.28, -46.93, 22.77, 30.23
0.23, -0.81, -0.32, -40.02, -8.56, 25.03
0.23, -0.86, -0.42, -18.32, -47.01, 17.42
0.06, -0.91, -0.55, -6.51, -47.08, -0.78
-0.29, -0.92, -0.60, -2.37, -16.34, -18.56
-0.39, -0.90, -0.54, 0.07, 42.22, -27.98
-0.06, -0.85, -0.48, 5.96, 48.46, -29.16
0.27, -0.83, -0.42, 7.48, 32.85, -21.02
0.44, -0.82, -0.36, 4.39, 17.31, -12.14
0.52, -0.79, -0.31, -3.87, 9.02, 1.22
0.59, -0.77, -0.29, -12.87, 9.53, 15.62
0.60, -0.78, -0.26, -25.67, 10.36, 24.09
0.52, -0.78, -0.23, -37.21, 8.81, 33.86
0.42, -0.77, -0.24, -40.77, -5.32, 33.41
0.32, -0.81, -0.31, -31.25, -22.57, 26.94
0.10, -0.89, -0.46, -31.18, -10.03, 21.64
-0.17, -0.89, -0.52, -22.33, -0.99, -3.78
-0.34, -0.87, -0.52, -9.07, 5.08, -14.93
-0.17, -0.91, -0.52, -4.59, 17.61, -20.07
0.05, -0.90, -0.48, 2.69, 13.87, -23.76
0.14, -0.84, -0.40, 3.35, 17.63, -24.65
0.24, -0.83, -0.34, 2.11, 15.90, -23.04
0.33, -0.83, -0.33, -1.27, 10.42, -18.31
0.43, -0.82, -0.34, -5.22, 0.33, -9.21
0.51, -0.81, -0.33, -11.33, 6.76, 4.72
0.57, -0.80, -0.29, -19.51, 12.61, 12.54
0.55, -0.79, -0.26, -28.28, 17.16, 23.72
0.47, -0.79, -0.25, -38.21, 16.05, 28.72
0.37, -0.80, -0.28, -40.10, -1.16, 29.74
0.29, -0.83, -0.33, -32.44, -23.44, 24.25
0.14, -0.88, -0.48, -22.85, -35.16, 11.88
-0.17, -0.89, -0.57, -14.25, -15.86, -7.54
-0.37, -0.89, -0.58, -7.96, 8.03, -22.71
-0.26, -0.89, -0.55, 1.29, 32.71, -28.30
0.02, -0.85, -0.48, 10.77, 28.81, -31.54
0.23, -0.84, -0.40, 9.01, 23.77, -27.26
0.34, -0.84, -0.34, 5.59, 13.18, -23.53
0.41, -0.80, -0.31, 0.80, 6.15, -13.88
0.50, -0.78, -0.31, -6.98, 15.00, 0.96
0.60, -0.77, -0.29, -14.66, 19.91, 11.70
0.60, -0.77, -0.21, -25.96, 17.44, 21.55
0.52, -0.79, -0.20, -37.56, 21.89, 30.02
0.40, -0.78, -0.25, -44.68, 14.90, 32.19
0.28, -0.78, -0.28, -42.13, -4.42, 30.23
0.23, -0.84, -0.36, -27.89, -37.87, 20.74
0.04, -0.90, -0.51, -18.81, -38.61, 8.19
-0.31, -0.92, -0.56, -11.93, -19.10, -18.36
-0.41, -0.91, -0.52, -8.04, 22.47, -26.89
-0.10, -0.86, -0.50, 2.93, 29.58, -30.91
0.20, -0.82, -0.44, 7.97, 19.13, -27.40
0.35, -0.82, -0.38, 6.05, 11.83, -20.30
0.43, -0.81, -0.34, 2.80, 9.83, -11.64
0.50, -0.78, -0.32, -4.11, 9.05, -0.02
0.57, -0.78, -0.30, -14.01, 11.39, 13.20
0.60, -0.79, -0.27, -24.50, 11.44, 23.22
0.54, -0.79, -0.25, -34.58, 10.72, 29.67
0.42, -0.79, -0.27, -40.69, -1.15, 33.93
0.34, -0.80, -0.31, -32.66, -16.37, 29.05
0.21, -0.89, -0.40, -27.78, -22.70, 24.38
-0.04, -0.93, -0.49, -27.38, -6.18, 7.34
-0.28, -0.89, -0.50, -16.96, -6.49, -12.67
-0.25, -0.88, -0.52, -10.58, 8.45, -17.61
-0.04, -0.87, -0.54, 1.71, 5.07, -26.32
0.07, -0.81, -0.48, 6.17, 14.23, -27.66
0.17, -0.80, -0.40, 3.97, 23.14, -26.31
0.30, -0.80, -0.35, 1.52, 18.19, -20.24
0.43, -0.79, -0.33, -2.72, 7.03, -11.17
0.53, -0.79, -0.31, -10.53, 8.78, 4.75
0.60, -0.80, -0.29, -20.41, 12.09, 14.36
0.58, -0.80, -0.26, -29.77, 13.66, 24.38
0.50, -0.80, -0.26, -39.41, 11.05, 30.90
0.40, -0.80, -0.29, -39.01, -6.37, 32.83
0.29, -0.83, -0.36, -29.33, -26.01, 25.05
0.06, -0.86, -0.53, -17.59, -31.46, 9.34
-0.32, -0.88, -0.60, -8.57, -15.60, -15.20
-0.45, -0.90, -0.56, -1.75, 16.38, -26.57
-0.21, -0.89, -0.53, 7.51, 25.65, -34.24
0.07, -0.84, -0.45, 13.07, 24.57, -33.72
0.24, -0.82, -0.39, 13.14, 15.85, -33.37
0.36, -0.82, -0.33, 9.59, 2.39, -27.25
0.47, -0.81, -0.33, 2.73, 2.60, -6.96
0.63, -0.78, -0.34, -7.99, 18.03, 8.07
0.70, -0.75, -0.25, -17.77, 19.97, 17.58
0.64, -0.78, -0.17, -31.61, 17.11, 28.49
0.52, -0.80, -0.22, -42.95, 20.13, 32.90
0.33, -0.77, -0.28, -51.12, 16.49, 34.13
0.21, -0.76, -0.32, -45.42, -13.97, 32.34
0.20, -0.84, -0.39, -26.72, -50.16, 25.13
0.01, -0.88, -0.54, -14.64, -61.25, 5.86
-0.39, -0.87, -0.59, -3.29, -37.59, -18.00
-0.47, -0.88, -0.56, -0.67, 18.11, -29.57
-0.15, -0.86, -0.52, 8.26, 28.22, -31.79
0.17, -0.84, -0.45, 10.84, 24.80, -30.36
0.36, -0.85, -0.39, 12.13, 12.46, -27.32
0.45, -0.85, -0.36, 8.81, -1.61, -18.89
0.54, -0.84, -0.36, -0.35, 8.30, 2.47
0.68, -0.82, -0.36, -10.91, 35.97, 12.20
0.67, -0.80, -0.24, -23.22, 27.23, 18.41
0.55, -0.83, -0.19, -35.80, 33.64, 28.63
0.41, -0.82, -0.26, -45.64, 31.51, 28.49
0.24, -0.79, -0.32, -49.97, 11.95, 27.94
0.15, -0.80, -0.35, -37.29, -21.81, 24.28
0.13, -0.86, -0.45, -17.70, -49.47, 8.88
-0.16, -0.88, -0.55, -9.29, -50.75, -11.73
-0.47, -0.85, -0.57, -4.86, 4.17, -25.28
-0.29, -0.81, -0.54, 3.18, 33.67, -32.29
0.06, -0.79, -0.47, 9.84, 35.54, -29.87
0.30, -0.82, -0.41, 10.46, 19.91, -24.51
0.41, -0.83, -0.38, 10.82, 5.04, -20.55
0.47, -0.83, -0.36, 4.69, 1.50, -6.28
0.56, -0.82, -0.35, -5.38, 22.84, 7.97
0.65, -0.80, -0.28, -15.02, 23.67, 15.56
0.61, -0.82, -0.20, -28.79, 21.84, 25.62
0.51, -0.84, -0.23, -40.97, 23.63, 30.24
0.35, -0.82, -0.27, -49.96, 22.52, 33.09
0.26, -0.81, -0.28, -48.06, -2.70, 30.04
0.25, -0.86, -0.36, -31.03, -37.70, 25.48
0.05, -0.86, -0.56, -22.84, -40.54, 7.30
-0.35, -0.85, -0.57, -12.24, -26.47, -17.93
-0.44, -0.86, -0.56, -6.00, 12.04, -24.65
-0.18, -0.83, -0.56, 6.50, 11.17, -31.99
0.03, -0.80, -0.50, 14.45, 11.71, -32.48
0.19, -0.82, -0.43, 16.72, 6.02, -34.65
0.29, -0.85, -0.37, 16.42, -0.64, -30.22
0.41, -0.85, -0.35, 10.78, -2.17, -19.47
0.56, -0.83, -0.35, 2.60, 20.38, -0.41
0.72, -0.80, -0.30, -8.42, 28.67, 13.05
0.73, -0.79, -0.19, -20.45, 30.57, 20.78
0.60, -0.83, -0.17, -35.01, 34.54, 28.48
0.41, -0.84, -0.23, -47.34, 32.53, 30.19
0.24, -0.79, -0.29, -54.03, 23.53, 30.91
0.23, -0.78, -0.33, -43.39, -17.02, 28.26
0.24, -0.84, -0.41, -26.91, -50.75, 22.93
-0.02, -0.84, -0.56, -14.77, -51.53, 0.90
-0.39, -0.83, -0.58, -7.43, -19.25, -19.03
-0.39, -0.85, -0.55, -6.92, 33.49, -26.15
-0.08, -0.83, -0.50, 1.28, 35.61, -28.47
0.22, -0.80, -0.43, 7.24, 25.54, -23.94
0.37, -0.80, -0.39, 7.95, 12.93, -20.81
0.42, -0.82, -0.35, 6.77, 4.56, -17.12
0.43, -0.83, -0.34, 1.33, 1.57, -6.35
0.48, -0.83, -0.34, -5.69, 10.17, 5.93
0.56, -0.82, -0.31, -13.78, 26.66, 15.83
0.58, -0.82, -0.25, -25.25, 30.38, 24.79
0.52, -0.83, -0.21, -38.89, 32.25, 32.68
0.43, -0.82, -0.24, -46.59, 20.11, 36.11
0.34, -0.80, -0.28, -40.55, -15.41, 33.26
0.22, -0.83, -0.38, -27.71, -45.21, 25.18
-0.05, -0.86, -0.53, -17.83, -47.62, 1.76
-0.41, -0.87, -0.58, -8.28, -27.37, -19.08
-0.47, -0.87, -0.58, -2.18, 17.03, -32.96
-0.22, -0.83, -0.54, 9.28, 28.63, -38.54
0.09, -0.81, -0.46, 14.86, 27.95, -38.98
0.30, -0.84, -0.41, 17.02, 11.50, -37.00
0.44, -0.85, -0.36, 15.32, -2.62, -25.42
0.57, -0.84, -0.34, 8.97, -6.12, -9.27
0.67, -0.80, -0.33, -0.59, 22.23, 11.85
0.75, -0.77, -0.25, -13.01, 27.51, 16.27
0.66, -0.80, -0.14, -27.70, 26.48, 27.97
0.52, -0.84, -0.17, -43.19, 27.28, 32.57
0.32, -0.81, -0.26, -52.42, 24.50, 33.69
0.19, -0.76, -0.34, -52.49, -3.47, 27.74
0.18, -0.81, -0.37, -30.54, -46.06, 25.80
0.09, -0.86, -0.54, -13.15, -63.37, 6.60
-0.33, -0.87, -0.61, -1.76, -38.72, -16.86
-0.51, -0.88, -0.58, -1.25, 26.41, -28.53
-0.23, -0.84, -0.52, 7.91, 42.94, -30.92
0.13, -0.81, -0.43, 13.17, 30.68, -29.07
0.37, -0.83, -0.37, 14.81, 8.01, -25.39
0.45, -0.84, -0.35, 13.68, -5.21, -19.14
0.47, -0.84, -0.35, 6.87, -2.20, -10.24
0.51, -0.83, -0.31, -1.45, 9.58, 4.11
0.59, -0.82, -0.26, -13.80, 26.71, 14.68
0.62, -0.82, -0.20, -26.32, 26.01, 22.01
0.54, -0.83, -0.19, -38.74, 30.16, 30.57
0.43, -0.83, -0.23, -50.00, 31.31, 34.86
0.31, -0.80, -0.26, -53.72, 6.14, 33.90
0.28, -0.83, -0.31, -36.04, -38.94, 28.57
0.14, -0.85, -0.49, -21.22, -56.67, 16.88
-0.26, -0.86, -0.59, -9.97, -44.50, -15.49
-0.56, -0.88, -0.59, -3.93, 11.58, -26.25
-0.32, -0.86, -0.56, 5.09, 36.27, -34.28
0.02, -0.82, -0.48, 12.90, 30.48, -31.32
0.31, -0.82, -0.40, 13.53, 14.18, -28.29
0.43, -0.84, -0.34, 11.15, 3.89, -20.72
0.49, -0.83, -0.31, 6.45, -0.47, -11.51
0.52, -0.81, -0.30, -4.52, 8.19, 1.41
0.60, -0.82, -0.26, -16.37, 18.76, 12.71
0.63, -0.83, -0.21, -27.75, 17.51, 21.43
0.54, -0.84, -0.21, -41.85, 23.21, 28.60
0.40, -0.83, -0.24, -51.54, 20.60, 32.80
0.31, -0.80, -0.27, -50.50, -2.29, 33.24
0.28, -0.82, -0.36, -32.04, -44.14, 26.49
0.06, -0.83, -0.57, -13.78, -55.43, 9.65
-0.37, -0.85, -0.65, -2.85, -33.17, -19.33
-0.57, -0.88, -0.61, 1.43, 28.81, -30.23
-0.29, -0.86, -0.54, 10.76, 45.48, -37.10
0.11, -0.82, -0.45, 17.36, 33.15, -34.47
0.33, -0.84, -0.37, 17.71, 11.95, -29.54
0.45, -0.85, -0.33, 15.16, -0.37, -23.18
0.51, -0.83, -0.31, 6.90, 7.45, -8.44
0.60, -0.82, -0.27, -4.32, 21.44, 7.89
0.69, -0.81, -0.19, -18.31, 28.21, 15.46
0.65, -0.83, -0.12, -32.03, 19.54, 25.24
0.53, -0.85, -0.16, -47.79, 22.52, 30.59
0.36, -0.82, -0.22, -57.51, 25.92, 32.32
0.25, -0.77, -0.26, -58.98, 3.25, 33.69
0.24, -0.78, -0.35, -37.03, -40.32, 28.97
0.15, -0.83, -0.55, -14.03, -64.00, 14.98
-0.27, -0.85, -0.63, -3.89, -47.18, -15.78
-0.56, -0.89, -0.59, -3.89, 24.19, -22.52
-0.29, -0.87, -0.53, 3.14, 52.80, -27.64
0.16, -0.81, -0.43, 9.21, 39.87, -24.46
0.42, -0.82, -0.37, 9.04, 15.58, -14.74
0.54, -0.84, -0.30, 3.05, 2.76, -4.96
0.56, -0.84, -0.27, -5.29, 4.61, 4.85
0.56, -0.83, -0.25, -17.89, 13.82, 15.04
0.55, -0.83, -0.19, -29.74, 14.79, 25.16
0.51, -0.83, -0.21, -41.50, 6.65, 31.86
0.42, -0.79, -0.26, -40.16, -13.38, 32.06
0.28, -0.79, -0.36, -27.69, -28.15, 23.27
0.02, -0.84, -0.51, -18.86, -31.11, 7.41
-0.33, -0.89, -0.58, -13.19, -10.04, -12.91
-0.40, -0.90, -0.58, -6.23, 23.92, -19.17
-0.14, -0.87, -0.55, 3.89, 24.50, -26.42
0.10, -0.84, -0.47, 10.73, 11.58, -26.33
0.22, -0.85, -0.40, 11.42, 6.02, -27.46
0.28, -0.86, -0.34, 9.40, 2.25, -25.98
0.33, -0.87, -0.32, 5.52, 2.33, -21.84
0.40, -0.86, -0.33, 0.25, 5.46, -11.88
0.49, -0.83, -0.30, -9.10, 13.51, -0.73
0.59, -0.81, -0.22, -19.26, 20.73, 10.41
0.61, -0.81, -0.18, -29.98, 17.13, 17.86
0.52, -0.81, -0.19, -41.57, 20.28, 25.06
0.36, -0.77, -0.24, -51.23, 15.11, 28.16
0.23, -0.73, -0.32, -46.25, -13.81, 25.19
0.17, -0.74, -0.43, -24.68, -46.88, 16.14
-0.01, -0.81, -0.58, -4.35, -54.17, -1.98
-0.35, -0.86, -0.61, -3.37, 0.02, -20.40
-0.41, -0.88, -0.52, -8.73, 63.12, -26.55
-0.02, -0.83, -0.42, -7.00, 63.08, -22.34
0.42, -0.79, -0.34, -7.19, 35.47, -9.45
0.61, -0.81, -0.31, -9.77, 9.15, 2.80
0.61, -0.81, -0.29, -14.85, 0.82, 10.06
0.49, -0.80, -0.29, -21.41, -4.55, 14.43
0.37, -0.80, -0.31, -27.07, -4.31, 16.10
0.28, -0.79, -0.38, -29.63, 0.13, 14.33
0.17, -0.78, -0.41, -28.74, 13.45, 10.46
0.08, -0.80, -0.42, -28.94, 29.87, 5.69
0.07, -0.83, -0.42, -29.38, 33.96, 3.04
0.14, -0.83, -0.40, -28.87, 20.05, 2.71
0.26, -0.83, -0.39, -27.35, 3.08, 7.14
0.33, -0.83, -0.39, -24.36, -8.70, 11.03
0.31, -0.81, -0.40, -23.50, -6.85, 12.51
0.25, -0.82, -0.42, -23.78, 2.64, 12.46
0.20, -0.84, -0.42, -23.05, 6.85, 10.71
0.19, -0.86, -0.42, -22.96, 6.59, 10.35
0.21, -0.88, -0.42, -22.65, 3.10, 7.88
0.22, -0.88, -0.41, -20.95, 0.40, 5.38
0.21, -0.86, -0.42, -19.60, 0.65, 3.96
0.20, -0.83, -0.43, -17.77, 4.66, 2.43
0.20, -0.84, -0.42, -17.99, 4.50, 2.63
0.20, -0.86, -0.40, -18.78, 0.52, 3.54
0.22, -0.86, -0.39, -18.68, -5.54, 4.69
0.24, -0.84, -0.38, -18.89, -12.23, 5.21
0.24, -0.82, -0.37, -19.47, -16.02, 6.24
0.22, -0.80, -0.38, -19.82, -13.64, 7.69
0.20, -0.79, -0.38, -21.02, -6.53, 8.20
0.19, -0.77, -0.39, -23.24, 4.46, 9.01
0.18, -0.77, -0.40, -24.50, 8.14, 9.17
0.19, -0.76, -0.40, -25.65, 6.44, 9.37
0.20, -0.77, -0.39, -24.91, -0.78, 11.64
0.22, -0.78, -0.41, -23.64, -9.74, 15.31
0.23, -0.79, -0.42, -20.88, -17.67, 17.22
0.20, -0.81, -0.43, -21.57, -21.00, 18.87
0.17, -0.82, -0.43, -21.21, -22.00, 19.49
0.15, -0.82, -0.43, -21.41, -21.36, 19.51
0.13, -0.81, -0.44, -20.41, -20.27, 17.22
0.11, -0.80, -0.44, -19.83, -18.59, 14.18
0.10, -0.82, -0.44, -20.34, -16.74, 11.95
0.10, -0.84, -0.45, -21.31, -19.87, 10.00
0.11, -0.85, -0.46, -21.33, -27.24, 10.38
0.13, -0.83, -0.47, -20.38, -33.16, 10.30
0.15, -0.82, -0.47, -19.67, -40.09, 11.59
0.15, -0.80, -0.47, -20.36, -47.49, 12.86
0.13, -0.80, -0.45, -19.91, -51.07, 16.70
0.14, -0.80, -0.44, -20.31, -50.99, 16.70
0.12, -0.81, -0.43, -19.07, -48.40, 16.31
0.07, -0.81, -0.44, -19.11, -43.14, 14.87
0.03, -0.82, -0.46, -18.50, -37.70, 13.47
0.02, -0.83, -0.47, -18.89, -32.89, 11.88
0.03, -0.84, -0.47, -18.78, -35.18, 11.49
0.05, -0.84, -0.46, -18.42, -40.56, 10.52
0.06, -0.83, -0.46, -16.67, -49.72, 10.12
0.06, -0.82, -0.47, -15.05, -54.98, 8.95
0.04, -0.82, -0.47, -13.04, -56.40, 8.21
0.03, -0.83, -0.48, -14.39, -53.64, 7.41
0.00, -0.82, -0.48, -14.43, -45.18, 6.78
-0.01, -0.81, -0.47, -15.57, -35.48, 7.33
-0.02, -0.80, -0.46, -18.12, -27.28, 6.68
-0.02, -0.78, -0.44, -20.12, -21.40, 7.19
-0.01, -0.76, -0.43, -22.39, -18.66, 9.71
0.01, -0.75, -0.43, -23.79, -21.35, 11.05
0.02, -0.74, -0.44, -25.02, -28.08, 13.86
0.02, -0.74, -0.45, -26.08, -34.94, 18.31
0.01, -0.73, -0.45, -25.88, -38.16, 21.72
-0.01, -0.72, -0.46, -26.94, -34.84, 25.55
-0.03, -0.72, -0.46, -26.22, -27.05, 27.95
-0.05, -0.72, -0.46, -29.27, -17.61, 29.84
-0.07, -0.73, -0.46, -29.74, -10.23, 31.77
-0.07, -0.74, -0.46, -30.99, -3.56, 35.76
-0.06, -0.77, -0.46, -32.48, -3.89, 38.18
-0.06, -0.78, -0.46, -33.30, -9.85, 42.46
-0.06, -0.77, -0.47, -31.93, -19.24, 44.70
-0.08, -0.75, -0.48, -29.27, -27.97, 46.26
-0.10, -0.74, -0.48, -26.99, -35.81, 45.83
-0.14, -0.74, -0.48, -24.68, -41.09, 45.12
-0.18, -0.75, -0.48, -23.05, -44.82, 44.99
-0.21, -0.77, -0.48, -26.79, -44.51, 44.66
-0.23, -0.77, -0.49, -19.26, -44.15, 41.27
-0.24, -0.73, -0.50, -12.42, -41.80, 37.87
-0.26, -0.73, -0.50, -10.40, -36.64, 33.77
-0.28, -0.77, -0.49, -8.06, -29.54, 30.31
-0.30, -0.78, -0.48, -7.56, -21.03, 29.30
-0.30, -0.78, -0.48, -5.17, -15.60, 25.65
-0.29, -0.78, -0.48, -4.78, -15.75, 23.73
-0.28, -0.80, -0.48, -4.73, -14.77, 24.55
-0.27, -0.81, -0.47, -4.45, -16.66, 21.96
-0.28, -0.81, -0.46, -3.55, -16.24, 19.72
-0.28, -0.81, -0.46, -4.54, -14.00, 16.91
-0.29, -0.81, -0.47, -4.77, -9.39, 15.19
-0.30, -0.80, -0.47, -3.81, -3.88, 12.41
-0.31, -0.78, -0.46, -3.38, -0.21, 10.12
-0.31, -0.78, -0.45, -4.77, 3.46, 9.99
-0.31, -0.78, -0.44, -4.31, 4.14, 9.76
-0.31, -0.76, -0.44, -4.15, 2.98, 9.11
-0.30, -0.74, -0.44, -3.28, 0.96, 8.61
-0.29, -0.73, -0.45, -2.64, -1.96, 8.56
-0.30, -0.73, -0.45, -1.83, -3.65, 9.11
-0.31, -0.72, -0.44, -1.61, -3.82, 7.85
-0.31, -0.72, -0.44, -3.93, -2.32, 8.28
-0.32, -0.72, -0.43, -3.52, -1.29, 9.05
-0.32, -0.72, -0.43, -6.60, -1.18, 8.68
-0.32, -0.72, -0.43, -7.62, -1.45, 7.84
-0.32, -0.72, -0.43, -7.86, -2.26, 8.17
-0.32, -0.72, -0.43, -10.28, -1.53, 7.39
-0.34, -0.72, -0.43, -10.66, 0.30, 7.81
-0.35, -0.71, -0.43, -12.07, 3.53, 7.62
-0.35, -0.71, -0.42, -12.55, 5.22, 5.65
-0.34, -0.72, -0.42, -13.03, 6.02, 6.27
-0.34, -0.72, -0.42, -14.24, 4.72, 7.13
-0.33, -0.73, -0.42, -12.35, 4.59, 7.68
-0.33, -0.72, -0.42, -13.57, 4.24, 7.82
-0.33, -0.73, -0.41, -13.83, 3.09, 7.92
-0.33, -0.73, -0.40, -14.22, 2.11, 7.74
-0.33, -0.74, -0.40, -15.11, 0.27, 8.12
-0.34, -0.73, -0.40, -13.78, -0.79, 7.59
-0.34, -0.73, -0.40, -14.71, -0.32, 8.30
-0.35, -0.74, -0.40, -13.80, 1.34, 6.95
-0.35, -0.74, -0.39, -15.06, 2.37, 6.85
-0.35, -0.74, -0.39, -14.23, 1.38, 5.91
-0.35, -0.73, -0.39, -12.84, -0.87, 5.57
-0.35, -0.73, -0.40, -13.64, -0.52, 5.36
-0.36, -0.73, -0.40, -13.08, -0.99, 5.12
-0.36, -0.72, -0.41, -13.88, 0.70, 5.31
-0.36, -0.72, -0.41, -13.06, -0.20, 3.74
-0.36, -0.71, -0.41, -13.22, 0.90, 3.04
-0.35, -0.72, -0.41, -14.86, -0.17, 3.12
-0.35, -0.72, -0.41, -13.73, -0.26, 4.21
-0.35, -0.72, -0.41, -14.82, -0.49, 3.21
-0.35, -0.72, -0.41, -16.75, 1.52, 5.32
-0.36, -0.73, -0.41, -16.73, 1.11, 6.31
-0.36, -0.72, -0.41, -17.65, 0.47, 7.03
-0.36, -0.69, -0.40, -17.58, 0.16, 5.92
-0.37, -0.72, -0.41, -17.41, 0.26, 6.03
-0.38, -0.72, -0.41, -17.86, 0.94, 4.35
-0.38, -0.71, -0.42, -16.55, 1.96, 4.12
-0.38, -0.70, -0.42, -15.73, 2.89, 3.33
-0.38, -0.70, -0.42, -14.94, 2.24, 3.23
-0.37, -0.70, -0.42, -13.80, 1.95, 4.03
-0.38, -0.70, -0.42, -13.01, 1.24, 3.78
-0.38, -0.70, -0.42, -12.92, 1.37, 3.04
-0.38, -0.70, -0.43, -11.41, 1.21, 4.01
-0.38, -0.70, -0.43, -12.17, 2.63, 3.46
-0.39, -0.70, -0.42, -10.76, 3.09, 3.10
-0.39, -0.70, -0.41, -10.39, 3.75, 2.69
-0.39, -0.70, -0.41, -11.66, 3.47, 1.77
-0.39, -0.70, -0.41, -11.16, 2.79, 1.33
-0.39, -0.70, -0.41, -10.58, 2.25, 0.82
-0.40, -0.70, -0.42, -11.25, 2.55, -0.85
-0.40, -0.70, -0.41, -11.49, 4.07, -0.25
-0.40, -0.70, -0.41, -11.39, 6.04, -1.35
-0.40, -0.70, -0.41, -12.20, 6.37, -2.19
-0.39, -0.70, -0.40, -12.35, 7.11, -1.31
-0.38, -0.70, -0.40, -12.09, 5.00, -2.04
-0.36, -0.70, -0.41, -11.09, 3.31, -0.03
-0.36, -0.71, -0.41, -12.42, 3.11, -0.48
-0.36, -0.71, -0.41, -11.92, 3.18, 0.10
-0.36, -0.71, -0.40, -11.87, 3.33, -0.39
-0.37, -0.71, -0.40, -11.63, 4.08, -0.70
-0.37, -0.71, -0.40, -11.31, 4.17, -0.99
-0.37, -0.71, -0.41, -11.82, 5.18, -1.95
-0.38, -0.71, -0.40, -10.35, 3.92, 0.00
-0.38, -0.71, -0.40, -10.68, 3.93, -0.50
