ax,ay,az,gx,gy,gz
0.22, -0.68, -0.48, -4.99, -46.04, 24.99
0.28, -0.67, -0.51, 1.37, -64.00, 33.47
0.16, -0.68, -0.41, 5.81, -64.00, 33.96
-0.06, -0.68, -0.28, 10.06, -39.28, 37.05
-0.24, -0.72, -0.17, 10.88, -0.64, 36.04
-0.37, -0.82, -0.14, 13.30, 37.70, 32.80
-0.33, -0.94, -0.12, 11.74, 47.23, 22.68
-0.28, -1.05, -0.05, 3.11, 38.83, 5.28
-0.30, -1.11, 0.01, -8.71, 27.99, -14.31
-0.37, -1.13, 0.05, -15.72, 46.22, -29.78
-0.37, -1.10, -0.04, -18.52, 60.81, -32.66
-0.23, -1.08, -0.23, -21.00, 54.08, -35.81
-0.05, -1.03, -0.25, -23.77, 29.88, -37.30
0.07, -0.92, -0.21, -25.12, 2.42, -33.53
0.10, -0.85, -0.25, -27.70, -14.07, -22.64
0.11, -0.80, -0.31, -27.10, -24.20, -10.16
0.17, -0.75, -0.36, -22.61, -37.59, 5.53
0.26, -0.70, -0.42, -13.35, -60.41, 20.06
0.25, -0.66, -0.49, -1.09, -64.00, 29.98
0.15, -0.68, -0.51, 5.21, -64.00, 30.86
-0.03, -0.72, -0.24, 2.12, -41.04, 27.58
-0.30, -0.78, -0.05, 4.44, 7.01, 28.17
-0.42, -0.88, -0.12, 2.45, 47.66, 21.37
-0.38, -1.01, -0.09, -4.35, 59.61, 6.98
-0.29, -1.07, -0.06, -6.15, 59.41, -4.87
-0.23, -1.08, -0.08, -11.82, 53.25, -18.65
-0.23, -1.08, -0.06, -18.44, 56.48, -30.18
-0.23, -1.06, -0.07, -23.27, 56.28, -32.25
-0.17, -1.01, -0.17, -26.60, 49.63, -33.96
-0.03, -0.94, -0.22, -28.79, 27.27, -29.10
0.07, -0.84, -0.23, -28.99, 4.34, -24.05
0.16, -0.77, -0.31, -26.39, -17.70, -6.97
0.22, -0.73, -0.39, -20.13, -39.67, 3.65
0.24, -0.72, -0.39, -14.22, -53.78, 16.29
0.19, -0.72, -0.44, -1.96, -60.64, 27.28
0.11, -0.73, -0.49, 6.76, -55.65, 27.12
-0.02, -0.76, -0.30, 1.84, -31.50, 23.88
-0.23, -0.80, -0.08, 1.62, 7.31, 22.87
-0.38, -0.87, -0.11, 0.74, 45.31, 15.75
-0.37, -0.96, -0.11, -3.76, 60.80, 6.52
-0.29, -1.04, -0.12, -0.29, 64.00, -5.77
-0.22, -1.07, -0.12, -9.14, 62.05, -17.60
-0.20, -1.08, -0.02, -17.77, 64.00, -29.45
-0.22, -1.06, -0.03, -22.66, 64.00, -34.13
-0.18, -1.03, -0.18, -27.27, 64.00, -32.98
-0.03, -0.98, -0.22, -32.08, 35.35, -27.41
0.16, -0.89, -0.19, -32.59, 0.82, -19.47
0.25, -0.81, -0.28, -29.37, -31.02, -6.32
0.22, -0.77, -0.37, -23.46, -43.84, 1.75
0.19, -0.75, -0.39, -15.98, -50.56, 13.26
0.16, -0.75, -0.39, -7.65, -55.20, 19.99
0.07, -0.76, -0.42, -0.90, -47.26, 19.14
-0.03, -0.80, -0.28, -2.12, -30.70, 12.38
-0.22, -0.84, -0.17, -0.33, 11.98, 11.64
-0.32, -0.87, -0.21, -0.36, 40.46, 8.59
-0.25, -0.92, -0.23, 0.29, 52.92, 2.87
-0.15, -0.95, -0.18, 0.92, 54.83, -5.05
-0.11, -0.99, -0.12, -2.96, 55.94, -12.00
-0.15, -1.05, -0.01, -11.25, 62.52, -21.33
-0.21, -1.09, -0.01, -18.10, 64.00, -29.79
-0.21, -1.06, -0.12, -28.38, 64.00, -30.43
-0.09, -0.99, -0.13, -35.87, 50.81, -28.30
0.10, -0.89, -0.15, -34.76, 17.35, -21.83
0.23, -0.81, -0.25, -30.08, -14.40, -12.02
0.22, -0.77, -0.36, -22.61, -38.04, -6.97
0.15, -0.75, -0.42, -13.07, -44.37, -1.12
0.09, -0.74, -0.40, -6.88, -40.66, 5.41
0.03, -0.75, -0.41, -0.01, -31.07, 10.66
0.06, -0.77, -0.35, -0.41, -24.04, 14.34
0.02, -0.81, -0.20, -0.41, -6.02, 10.77
-0.11, -0.85, -0.21, 3.72, 24.04, 14.14
-0.17, -0.91, -0.24, -0.39, 39.47, 7.10
-0.11, -0.97, -0.18, -1.57, 46.70, 3.21
-0.07, -1.02, -0.12, -4.87, 51.38, -4.76
-0.10, -1.07, -0.07, -10.69, 63.78, -11.37
-0.10, -1.10, -0.07, -17.89, 60.29, -19.71
-0.07, -1.09, -0.10, -28.65, 47.77, -28.06
-0.06, -1.03, -0.15, -32.72, 30.97, -27.46
-0.02, -0.94, -0.17, -37.13, 16.50, -28.60
0.05, -0.85, -0.19, -32.97, 1.51, -20.28
0.14, -0.81, -0.31, -26.36, -16.77, -13.22
0.20, -0.74, -0.40, -18.46, -30.12, -4.30
0.24, -0.70, -0.39, -9.14, -34.64, 9.95
0.22, -0.70, -0.46, 2.27, -41.26, 19.92
0.17, -0.72, -0.47, 3.02, -37.78, 24.12
0.08, -0.77, -0.26, -0.31, -31.16, 17.61
-0.10, -0.84, -0.14, -1.60, -6.36, 17.10
-0.20, -0.94, -0.19, -3.89, 28.73, 14.71
-0.16, -0.99, -0.20, -3.38, 46.44, 7.75
-0.09, -1.01, -0.19, -4.68, 57.09, 2.24
-0.04, -1.03, -0.15, -9.83, 53.40, -3.58
-0.04, -1.08, -0.09, -17.27, 42.88, -13.07
-0.06, -1.10, -0.07, -25.32, 35.59, -23.80
-0.10, -1.07, -0.10, -34.71, 28.45, -29.55
-0.08, -1.00, -0.11, -39.83, 25.26, -28.52
0.03, -0.89, -0.17, -36.36, 13.96, -20.90
0.16, -0.80, -0.30, -27.82, -12.12, -11.13
0.25, -0.72, -0.39, -17.88, -37.89, -4.54
0.21, -0.70, -0.40, -12.60, -41.29, 1.91
0.10, -0.71, -0.37, -5.73, -31.59, 8.82
0.05, -0.72, -0.42, -0.20, -21.71, 15.53
0.09, -0.74, -0.35, -3.90, -12.55, 20.04
0.09, -0.81, -0.19, -1.38, 0.76, 20.96
-0.00, -0.89, -0.23, 0.79, 18.09, 20.16
-0.05, -0.95, -0.29, 1.84, 25.65, 15.69
-0.03, -1.00, -0.22, 1.47, 22.07, 9.23
-0.04, -1.05, -0.17, -3.50, 32.05, -2.55
-0.12, -1.11, -0.08, -12.99, 45.03, -12.46
-0.17, -1.15, -0.04, -20.41, 50.37, -23.20
-0.11, -1.14, -0.10, -29.27, 45.66, -28.38
-0.01, -1.07, -0.12, -35.49, 25.52, -29.96
0.09, -0.95, -0.14, -35.46, 3.10, -26.44
0.15, -0.86, -0.23, -32.88, -10.91, -24.45
0.12, -0.80, -0.30, -28.39, -17.30, -17.22
0.08, -0.72, -0.34, -22.43, -18.14, -10.05
0.10, -0.66, -0.37, -16.30, -13.57, 1.55
0.17, -0.63, -0.41, -8.33, -21.88, 13.82
0.19, -0.64, -0.45, -0.47, -33.76, 21.46
0.17, -0.70, -0.42, 2.43, -33.15, 26.49
0.13, -0.79, -0.27, 2.39, -23.38, 27.02
-0.02, -0.88, -0.16, 0.78, 7.41, 25.94
-0.12, -0.96, -0.17, 1.81, 32.91, 20.76
-0.14, -1.03, -0.22, 0.21, 48.34, 11.45
-0.10, -1.07, -0.19, -5.69, 38.25, 0.07
-0.07, -1.13, -0.09, -16.20, 29.70, -12.17
-0.10, -1.16, -0.03, -24.06, 37.59, -23.15
-0.10, -1.13, -0.07, -29.75, 45.59, -26.92
0.00, -1.07, -0.16, -32.09, 28.75, -30.70
0.10, -0.98, -0.26, -31.10, 12.43, -27.40
0.16, -0.89, -0.27, -30.82, -6.85, -22.98
0.15, -0.81, -0.28, -26.89, -13.08, -16.21
0.11, -0.73, -0.35, -24.82, -13.12, -4.13
0.18, -0.65, -0.39, -18.45, -17.21, 12.11
0.27, -0.60, -0.41, -7.46, -39.46, 20.43
0.22, -0.62, -0.48, 4.28, -54.35, 26.22
0.14, -0.70, -0.42, 4.59, -41.71, 30.76
0.09, -0.82, -0.18, 0.78, -23.16, 24.36
-0.08, -0.89, -0.14, 3.67, 22.19, 25.31
-0.16, -0.97, -0.24, 1.10, 37.92, 17.79
-0.11, -1.09, -0.19, -2.91, 42.29, 5.29
-0.07, -1.12, -0.13, -7.49, 38.11, -3.98
-0.08, -1.15, -0.10, -16.57, 29.53, -17.68
-0.11, -1.15, -0.05, -27.56, 31.45, -27.30
-0.06, -1.10, -0.09, -30.03, 34.67, -26.79
0.05, -1.01, -0.20, -30.61, 24.15, -27.46
0.16, -0.92, -0.25, -31.00, 6.73, -22.47
0.17, -0.85, -0.25, -28.72, -12.45, -16.19
0.16, -0.78, -0.29, -28.34, -27.47, -11.07
0.12, -0.72, -0.32, -24.99, -23.67, -2.96
0.15, -0.66, -0.35, -17.04, -24.82, 10.76
0.22, -0.62, -0.44, -2.10, -35.41, 23.05
0.21, -0.64, -0.50, 7.54, -46.12, 29.81
0.15, -0.72, -0.41, 7.31, -45.45, 33.75
0.10, -0.81, -0.16, 2.99, -31.99, 30.28
-0.04, -0.88, -0.08, 3.86, -9.46, 22.67
-0.23, -0.95, -0.23, 4.64, 31.38, 14.80
-0.23, -1.01, -0.25, 6.35, 44.05, 5.90
-0.11, -1.03, -0.23, 2.54, 36.93, 1.83
-0.01, -1.07, -0.13, -7.08, 17.74, -8.33
-0.04, -1.12, -0.02, -19.75, 20.59, -15.88
-0.06, -1.12, -0.06, -25.79, 27.97, -19.46
0.00, -1.05, -0.15, -29.63, 29.54, -16.65
0.09, -0.98, -0.21, -33.02, 23.93, -10.27
0.15, -0.91, -0.23, -31.44, 2.84, -3.91
0.18, -0.84, -0.30, -26.38, -25.90, 0.09
0.15, -0.77, -0.34, -21.07, -44.12, -1.64
0.07, -0.76, -0.31, -18.68, -44.31, -1.96
-0.00, -0.78, -0.29, -11.17, -31.91, 0.35
-0.01, -0.79, -0.38, -2.56, -26.74, 5.96
0.07, -0.79, -0.41, 0.08, -37.40, 10.42
0.19, -0.81, -0.32, -2.26, -40.31, 17.48
0.20, -0.84, -0.18, -3.46, -32.03, 18.61
0.07, -0.89, -0.16, -1.49, -0.83, 21.56
-0.09, -0.92, -0.19, -1.48, 31.34, 17.09
-0.18, -0.95, -0.17, -1.42, 54.39, 14.40
-0.15, -0.98, -0.15, -6.80, 48.81, 7.06
-0.11, -1.01, -0.06, -18.98, 31.49, -7.96
-0.14, -1.03, -0.05, -20.74, 37.32, -14.45
-0.17, -1.02, -0.14, -31.84, 24.37, -23.67
-0.09, -1.00, -0.17, -36.69, 9.25, -15.56
0.13, -0.92, -0.22, -29.58, -20.17, -12.96
0.22, -0.83, -0.34, -23.69, -40.12, -1.62
0.26, -0.79, -0.42, -16.50, -54.94, 11.22
0.28, -0.78, -0.39, -7.87, -63.26, 19.76
0.19, -0.76, -0.45, 3.84, -64.00, 28.96
0.14, -0.77, -0.50, 8.94, -64.00, 33.24
0.14, -0.79, -0.35, 3.76, -64.00, 29.82
-0.03, -0.82, -0.08, 0.64, -32.95, 25.56
-0.24, -0.88, -0.09, -0.44, 24.52, 28.60
-0.29, -0.97, -0.13, -6.84, 58.32, 23.30
-0.22, -1.01, -0.13, -5.68, 55.24, 16.98
-0.15, -1.01, -0.17, -10.61, 18.75, 2.93
-0.14, -0.99, -0.09, -18.65, 7.59, -10.05
-0.20, -0.98, -0.03, -25.41, 13.55, -16.01
-0.22, -0.98, -0.09, -29.81, 13.82, -16.12
-0.12, -0.94, -0.19, -29.40, 4.56, -16.47
0.02, -0.86, -0.25, -25.12, -11.86, -12.71
0.10, -0.81, -0.30, -23.13, -33.37, -3.83
0.15, -0.80, -0.33, -21.37, -50.08, 9.15
0.19, -0.79, -0.36, -17.74, -62.54, 18.61
0.16, -0.77, -0.40, -5.87, -64.00, 27.74
0.11, -0.75, -0.50, 6.04, -64.00, 34.37
0.10, -0.76, -0.49, 7.81, -64.00, 38.02
0.05, -0.82, -0.24, 4.36, -56.00, 32.04
-0.18, -0.87, -0.01, 4.11, -4.91, 21.83
-0.44, -0.95, -0.06, 5.25, 56.50, 21.54
-0.44, -1.07, -0.11, -3.58, 64.00, 10.14
-0.32, -1.10, -0.08, -10.68, 52.50, -4.93
-0.23, -1.04, -0.05, -13.18, 35.73, -22.85
-0.24, -1.02, -0.02, -24.13, 27.77, -32.37
-0.23, -1.04, -0.03, -29.26, 29.18, -35.77
-0.15, -0.99, -0.15, -31.87, 24.87, -33.73
-0.03, -0.88, -0.23, -30.48, 5.73, -26.84
0.10, -0.79, -0.25, -30.16, -13.99, -19.92
0.17, -0.75, -0.33, -24.41, -27.71, -1.70
0.23, -0.72, -0.39, -17.75, -37.17, 13.95
0.24, -0.69, -0.44, -2.16, -46.21, 30.50
0.20, -0.68, -0.52, 13.52, -56.63, 34.45
0.09, -0.72, -0.45, 17.07, -52.09, 38.34
-0.08, -0.79, -0.20, 13.95, -25.60, 28.55
-0.28, -0.89, 0.03, 6.67, 12.96, 21.79
-0.42, -0.99, 0.00, 0.65, 42.03, 15.47
-0.38, -1.08, -0.02, -4.79, 53.94, 1.18
-0.32, -1.10, -0.05, -10.36, 40.53, -9.67
-0.25, -1.10, -0.08, -18.97, 22.54, -24.90
-0.21, -1.06, -0.03, -27.42, 16.98, -28.82
-0.14, -1.01, -0.08, -30.27, 13.06, -30.62
-0.06, -0.99, -0.18, -33.12, 5.60, -26.30
0.02, -0.92, -0.25, -30.28, -3.84, -17.41
0.10, -0.81, -0.32, -23.79, -20.79, -5.33
0.15, -0.75, -0.38, -18.17, -39.50, 4.31
0.18, -0.74, -0.39, -11.87, -57.04, 15.94
0.15, -0.75, -0.38, -3.20, -64.00, 23.10
0.08, -0.76, -0.43, 6.05, -64.00, 30.64
0.04, -0.76, -0.34, 3.45, -59.00, 30.18
-0.12, -0.79, -0.04, 1.19, -29.13, 19.04
-0.37, -0.84, 0.02, 2.22, 16.73, 16.15
-0.45, -0.97, -0.06, -4.10, 37.80, 9.30
-0.37, -1.03, -0.07, -5.31, 36.60, -5.10
-0.29, -1.01, -0.11, -9.90, 29.91, -15.68
-0.26, -1.01, -0.06, -17.19, 29.88, -25.31
-0.24, -1.01, -0.01, -23.66, 34.54, -24.86
-0.16, -1.01, -0.09, -27.57, 31.44, -25.64
-0.04, -0.97, -0.21, -28.50, 17.02, -19.88
0.06, -0.86, -0.26, -25.29, -10.05, -13.01
0.13, -0.76, -0.26, -20.36, -33.19, -5.89
0.09, -0.75, -0.29, -20.06, -47.94, 1.49
0.10, -0.80, -0.30, -15.32, -53.04, 10.57
0.05, -0.81, -0.36, -3.54, -48.80, 15.78
0.02, -0.80, -0.44, 7.11, -46.97, 27.21
0.01, -0.81, -0.41, 5.78, -30.86, 25.15
-0.10, -0.83, -0.15, -0.90, -2.03, 24.86
-0.28, -0.87, 0.04, 0.80, 31.66, 18.80
-0.36, -0.96, -0.03, -4.40, 46.06, 12.07
-0.37, -1.04, -0.09, -7.34, 45.94, -3.91
-0.34, -1.03, -0.08, -13.43, 37.08, -18.66
-0.32, -0.99, -0.04, -17.53, 44.73, -26.41
-0.27, -0.99, -0.04, -22.58, 50.67, -29.38
-0.19, -1.01, -0.10, -24.96, 48.47, -28.71
-0.09, -0.98, -0.19, -28.71, 28.90, -29.77
0.03, -0.91, -0.23, -28.42, 0.20, -20.79
0.09, -0.84, -0.24, -28.17, -21.40, -14.75
0.08, -0.80, -0.27, -28.22, -30.99, -8.95
0.03, -0.79, -0.26, -25.18, -27.69, 0.59
0.02, -0.78, -0.30, -16.58, -22.80, 8.26
0.07, -0.78, -0.37, -7.92, -22.17, 19.72
0.10, -0.80, -0.36, 0.22, -22.19, 19.92
0.01, -0.82, -0.29, 3.53, -4.65, 17.82
-0.16, -0.85, -0.18, 8.03, 26.43, 15.97
-0.27, -0.89, -0.16, 10.48, 55.91, 13.36
-0.26, -0.94, -0.18, 9.16, 64.00, 8.65
-0.20, -1.01, -0.10, 1.97, 60.27, -3.81
-0.21, -1.07, 0.05, -16.49, 33.71, -16.95
-0.27, -1.07, 0.12, -27.20, 29.90, -26.58
-0.25, -1.02, 0.02, -34.40, 24.03, -27.13
-0.12, -0.97, -0.08, -38.71, 7.75, -28.80
-0.00, -0.91, -0.17, -35.25, -10.43, -25.11
0.09, -0.84, -0.27, -32.32, -23.50, -16.96
0.11, -0.81, -0.33, -27.56, -26.54, -4.47
0.15, -0.80, -0.37, -17.82, -35.96, 6.29
0.15, -0.78, -0.44, -7.23, -39.06, 16.23
0.11, -0.79, -0.48, 0.88, -42.14, 18.64
0.03, -0.82, -0.37, 0.21, -33.17, 16.13
-0.13, -0.85, -0.18, 0.29, -4.22, 11.18
-0.30, -0.87, -0.13, -1.38, 35.73, 8.80
-0.34, -0.93, -0.12, -2.71, 64.00, 4.27
-0.28, -0.97, -0.14, 0.75, 64.00, -2.83
-0.18, -0.97, -0.17, -2.32, 64.00, -8.87
-0.11, -1.00, -0.02, -18.64, 44.14, -20.53
-0.15, -1.02, 0.15, -32.67, 41.66, -27.61
-0.20, -1.01, 0.09, -37.96, 48.96, -30.79
-0.16, -0.97, -0.13, -37.50, 42.85, -26.98
0.01, -0.88, -0.29, -34.72, 22.16, -14.88
0.24, -0.78, -0.31, -26.93, -16.03, -5.17
0.29, -0.72, -0.38, -16.73, -43.63, 5.62
0.23, -0.72, -0.43, -12.00, -49.62, 16.91
0.13, -0.77, -0.32, -5.77, -50.87, 22.98
0.03, -0.80, -0.33, 3.18, -37.89, 23.21
-0.06, -0.83, -0.32, 4.21, -25.95, 21.39
-0.14, -0.87, -0.21, 4.17, -5.37, 18.59
-0.20, -0.90, -0.19, 4.34, 14.49, 13.15
-0.24, -0.96, -0.16, 2.75, 37.52, 7.96
-0.25, -1.00, -0.12, -0.19, 53.19, -3.29
-0.22, -1.05, -0.10, -7.14, 57.74, -10.51
-0.19, -1.09, -0.00, -23.17, 35.00, -23.27
-0.19, -1.08, 0.07, -36.75, 28.72, -34.33
-0.19, -1.02, -0.03, -39.98, 31.74, -31.97
-0.09, -0.95, -0.16, -41.68, 22.94, -26.77
0.07, -0.84, -0.24, -35.55, 5.55, -16.03
0.21, -0.73, -0.33, -24.08, -15.20, -2.73
0.25, -0.69, -0.42, -14.58, -30.06, 7.62
0.22, -0.71, -0.42, -6.09, -37.25, 18.76
0.14, -0.76, -0.40, 5.13, -42.06, 21.51
0.01, -0.79, -0.41, 11.52, -32.20, 24.13
-0.07, -0.84, -0.29, 7.90, -18.10, 22.04
-0.12, -0.89, -0.12, 2.86, -3.11, 18.52
-0.20, -0.95, -0.10, -1.33, 20.44, 12.02
-0.26, -1.00, -0.11, -3.57, 40.75, 2.27
-0.28, -1.02, -0.13, -2.58, 56.48, -8.61
-0.24, -1.04, -0.15, -6.48, 60.95, -16.13
-0.20, -1.07, -0.08, -18.24, 48.20, -26.89
-0.20, -1.04, -0.01, -27.21, 45.21, -31.60
-0.14, -0.98, -0.02, -31.48, 35.05, -31.33
-0.01, -0.92, -0.12, -35.79, 16.08, -23.13
0.13, -0.85, -0.19, -33.17, -3.18, -12.65
0.23, -0.75, -0.28, -27.79, -26.38, 1.91
0.27, -0.71, -0.34, -20.04, -44.42, 13.13
0.25, -0.71, -0.38, -8.49, -54.54, 20.84
0.13, -0.74, -0.42, 2.86, -51.15, 24.45
0.02, -0.79, -0.42, 7.79, -36.60, 24.59
-0.06, -0.83, -0.22, 7.47, -16.53, 21.24
-0.18, -0.87, -0.13, 5.25, 5.90, 16.82
-0.23, -0.93, -0.16, 3.17, 26.26, 13.21
-0.24, -1.00, -0.13, 2.04, 40.22, 1.96
-0.23, -1.03, -0.11, -0.79, 49.52, -6.09
-0.19, -1.08, -0.10, -8.33, 46.37, -14.51
-0.18, -1.10, -0.02, -19.97, 43.70, -24.51
-0.18, -1.07, 0.00, -29.13, 41.10, -28.61
-0.15, -1.01, -0.09, -33.86, 34.15, -26.67
-0.02, -0.94, -0.15, -35.86, 14.53, -25.49
0.11, -0.84, -0.18, -34.15, -10.23, -15.12
0.18, -0.78, -0.27, -27.42, -25.33, -4.99
0.19, -0.73, -0.35, -19.21, -34.77, 8.53
0.20, -0.71, -0.37, -10.06, -44.42, 15.97
0.14, -0.72, -0.40, 2.48, -48.19, 21.58
0.05, -0.77, -0.43, 8.32, -40.58, 23.27
-0.01, -0.83, -0.30, 6.55, -30.48, 22.70
-0.08, -0.86, -0.16, 4.97, -11.22, 19.90
-0.18, -0.92, -0.12, 2.09, 14.89, 14.59
-0.25, -1.00, -0.06, -0.57, 36.61, 5.93
-0.25, -1.04, -0.10, -1.67, 50.26, -3.49
-0.22, -1.06, -0.09, -6.49, 53.04, -11.84
-0.17, -1.09, -0.06, -19.26, 43.96, -23.10
-0.17, -1.08, 0.02, -30.36, 35.98, -29.18
-0.16, -1.04, -0.02, -36.37, 31.95, -29.39
-0.06, -0.97, -0.12, -38.31, 17.24, -27.37
0.06, -0.89, -0.18, -37.32, -0.49, -19.45
0.15, -0.82, -0.25, -31.85, -18.65, -9.52
0.18, -0.77, -0.33, -26.76, -29.08, -1.66
0.18, -0.74, -0.37, -15.80, -30.53, 11.22
0.15, -0.74, -0.39, -6.64, -31.18, 18.30
0.10, -0.77, -0.43, 4.29, -36.74, 24.75
0.07, -0.80, -0.40, 5.04, -37.99, 24.27
-0.01, -0.81, -0.26, 3.37, -26.38, 22.97
-0.12, -0.83, -0.11, -1.58, 3.20, 18.89
-0.24, -0.90, -0.06, -4.43, 34.19, 15.60
-0.28, -0.98, -0.10, -1.78, 57.31, 4.58
-0.24, -1.01, -0.15, -1.85, 54.73, -4.15
-0.18, -1.04, -0.07, -12.56, 36.66, -18.59
-0.15, -1.07, 0.04, -21.82, 32.74, -26.00
-0.15, -1.07, 0.01, -30.45, 35.79, -30.33
-0.11, -1.03, -0.09, -34.41, 33.00, -29.34
0.01, -0.93, -0.15, -37.30, 13.98, -23.86
0.13, -0.84, -0.21, -33.05, -4.99, -13.63
0.18, -0.77, -0.30, -25.92, -25.74, -6.45
0.15, -0.71, -0.35, -16.64, -30.30, 1.42
0.13, -0.68, -0.35, -7.10, -32.05, 13.25
0.12, -0.69, -0.34, 2.48, -36.51, 16.57
0.08, -0.75, -0.35, 6.85, -40.27, 20.93
0.06, -0.82, -0.32, 8.21, -37.88, 24.12
0.02, -0.86, -0.23, 5.01, -27.06, 24.92
-0.06, -0.90, -0.15, 1.74, -8.05, 20.56
-0.18, -0.98, -0.13, 0.62, 17.86, 13.17
-0.25, -1.06, -0.14, -0.14, 38.78, 2.08
-0.27, -1.12, -0.16, -5.72, 44.09, -7.16
-0.24, -1.15, -0.10, -15.89, 34.39, -22.11
-0.19, -1.12, -0.06, -24.27, 34.83, -29.96
-0.15, -1.07, -0.09, -28.10, 38.57, -33.68
-0.09, -1.02, -0.15, -30.68, 32.11, -32.35
0.01, -0.95, -0.18, -33.17, 23.48, -25.96
0.11, -0.85, -0.21, -31.84, 7.08, -12.61
0.16, -0.76, -0.24, -28.55, -9.03, -4.40
0.18, -0.67, -0.30, -19.89, -20.57, 9.45
0.17, -0.63, -0.32, -11.86, -29.19, 17.14
0.11, -0.64, -0.33, -1.55, -33.54, 22.86
0.05, -0.69, -0.37, 7.33, -35.52, 25.48
0.00, -0.76, -0.34, 9.17, -27.09, 23.80
-0.09, -0.84, -0.16, 5.58, -11.27, 21.78
-0.15, -0.92, -0.06, 4.30, 14.41, 16.68
-0.22, -1.01, -0.11, 4.32, 35.26, 10.84
-0.20, -1.08, -0.13, 0.30, 41.13, -1.19
-0.17, -1.12, -0.12, -3.53, 45.83, -8.35
-0.16, -1.12, -0.10, -12.72, 47.71, -17.71
-0.17, -1.11, -0.03, -25.68, 46.00, -28.88
-0.14, -1.08, -0.03, -31.65, 47.88, -32.06
-0.09, -1.02, -0.11, -36.88, 39.95, -32.41
0.01, -0.92, -0.18, -35.29, 24.65, -21.74
0.17, -0.82, -0.22, -31.35, -3.04, -11.98
0.26, -0.73, -0.30, -23.94, -33.13, -2.23
0.24, -0.70, -0.33, -19.55, -42.63, 3.58
0.15, -0.72, -0.28, -14.54, -38.01, 15.25
0.08, -0.74, -0.32, -2.73, -34.81, 21.37
0.07, -0.77, -0.41, 5.04, -34.64, 23.46
0.05, -0.83, -0.33, 4.82, -20.56, 19.94
-0.07, -0.88, -0.13, 2.58, 2.53, 18.92
-0.17, -0.94, -0.11, 3.24, 23.24, 14.86
-0.18, -1.02, -0.18, 2.91, 39.82, 4.80
-0.18, -1.04, -0.17, 1.97, 52.33, -3.76
-0.17, -1.07, -0.13, -6.38, 50.45, -10.74
-0.15, -1.10, -0.01, -23.91, 31.16, -22.86
-0.15, -1.09, 0.09, -35.41, 25.88, -27.19
-0.12, -1.02, 0.01, -38.34, 28.45, -30.54
-0.07, -0.94, -0.14, -37.79, 23.44, -28.00
0.03, -0.88, -0.25, -33.64, 10.68, -19.84
0.16, -0.78, -0.28, -26.17, -10.50, -9.76
0.21, -0.72, -0.34, -19.88, -24.07, -0.69
0.20, -0.70, -0.36, -13.70, -29.57, 11.66
0.17, -0.72, -0.33, -8.13, -33.04, 17.36
0.11, -0.74, -0.36, 1.23, -36.76, 24.52
0.07, -0.78, -0.39, 3.91, -37.44, 23.67
0.04, -0.85, -0.28, 5.30, -29.83, 24.46
-0.06, -0.90, -0.17, 5.16, -3.90, 20.03
-0.14, -0.95, -0.14, 3.48, 22.49, 17.60
-0.17, -1.04, -0.10, 0.33, 44.00, 7.97
-0.18, -1.09, -0.09, -1.89, 58.05, -0.77
-0.17, -1.10, -0.11, -8.64, 50.86, -9.13
-0.14, -1.11, -0.04, -26.77, 26.98, -26.38
-0.15, -1.08, 0.07, -37.29, 23.79, -30.17
-0.12, -1.02, -0.03, -37.15, 29.18, -29.68
-0.03, -0.94, -0.21, -37.27, 20.02, -27.04
0.11, -0.84, -0.26, -30.26, 2.23, -13.94
0.21, -0.72, -0.30, -20.14, -19.82, -6.02
0.20, -0.67, -0.35, -15.75, -27.62, 6.33
0.17, -0.68, -0.30, -13.62, -34.73, 17.46
0.15, -0.70, -0.29, -6.81, -44.63, 23.51
0.08, -0.73, -0.34, -1.86, -47.17, 25.41
0.02, -0.79, -0.28, 0.86, -34.89, 23.60
-0.07, -0.86, -0.20, 1.89, -11.87, 19.73
-0.18, -0.92, -0.17, 3.16, 19.25, 16.65
-0.20, -1.00, -0.19, 3.02, 36.45, 8.77
-0.15, -1.07, -0.19, 2.61, 51.09, 0.28
-0.12, -1.11, -0.17, -1.82, 55.36, -4.29
-0.11, -1.14, -0.06, -16.10, 31.41, -18.03
-0.14, -1.14, 0.05, -30.04, 20.85, -28.92
-0.17, -1.08, 0.02, -35.27, 28.52, -32.38
-0.11, -1.01, -0.11, -36.90, 23.89, -33.35
0.03, -0.92, -0.20, -34.19, 9.75, -23.26
0.18, -0.82, -0.28, -24.26, -10.19, -12.17
0.23, -0.70, -0.36, -16.86, -21.48, -0.66
0.23, -0.67, -0.33, -11.29, -23.86, 11.57
0.21, -0.68, -0.29, -6.02, -29.83, 21.93
0.17, -0.72, -0.33, -2.23, -41.12, 29.08
0.14, -0.76, -0.33, -1.31, -48.79, 30.29
0.06, -0.80, -0.24, -0.14, -40.08, 28.34
-0.06, -0.84, -0.19, 4.52, -14.47, 24.66
-0.19, -0.92, -0.19, 6.16, 18.84, 18.44
-0.25, -1.01, -0.18, 6.30, 38.59, 8.60
-0.22, -1.06, -0.13, 2.39, 46.00, -4.36
-0.20, -1.10, -0.06, -7.69, 42.88, -15.01
-0.20, -1.13, 0.03, -17.82, 36.91, -29.52
-0.17, -1.11, 0.02, -25.08, 40.40, -35.35
-0.12, -1.07, -0.05, -32.10, 37.07, -35.90
-0.02, -0.99, -0.14, -34.27, 24.44, -30.21
0.11, -0.88, -0.19, -33.83, 1.25, -22.76
0.18, -0.75, -0.23, -30.72, -10.70, -7.93
0.20, -0.69, -0.31, -25.34, -25.21, 5.70
0.23, -0.64, -0.36, -19.48, -34.52, 21.44
0.23, -0.63, -0.35, -10.61, -49.57, 31.14
0.16, -0.67, -0.39, 3.31, -56.31, 33.18
0.08, -0.76, -0.37, 6.77, -44.17, 35.15
-0.01, -0.84, -0.21, 5.16, -22.24, 34.31
-0.11, -0.91, -0.08, 7.46, 2.52, 27.55
-0.22, -0.99, -0.13, 7.14, 27.27, 17.17
-0.25, -1.10, -0.15, 1.89, 39.89, -0.87
-0.25, -1.15, -0.10, -4.71, 43.79, -10.31
-0.22, -1.16, -0.05, -14.82, 39.75, -23.70
-0.17, -1.15, -0.01, -24.85, 37.53, -32.60
-0.10, -1.10, -0.05, -28.52, 36.50, -33.99
-0.03, -1.04, -0.19, -31.64, 31.06, -33.95
0.03, -0.96, -0.20, -33.20, 19.18, -26.30
0.10, -0.86, -0.20, -33.86, -0.65, -15.63
0.14, -0.76, -0.23, -32.45, -12.59, -7.09
0.16, -0.68, -0.30, -26.96, -19.28, 13.20
0.21, -0.63, -0.35, -20.41, -28.40, 20.98
0.17, -0.64, -0.34, -10.23, -34.30, 26.28
0.06, -0.72, -0.35, 2.28, -33.07, 27.22
-0.01, -0.80, -0.35, 7.44, -23.07, 28.30
-0.02, -0.86, -0.29, 8.92, -8.26, 23.38
-0.07, -0.93, -0.13, 5.30, 9.85, 19.71
-0.16, -1.00, -0.08, 7.81, 32.96, 9.80
-0.19, -1.10, -0.16, 2.68, 46.99, 5.67
-0.17, -1.14, -0.14, -2.53, 37.99, -9.14
-0.16, -1.12, -0.07, -12.74, 25.94, -19.71
-0.18, -1.10, 0.03, -26.53, 25.67, -31.07
-0.18, -1.08, 0.06, -34.06, 34.88, -35.84
-0.13, -1.04, -0.06, -35.87, 42.46, -35.46
-0.01, -0.94, -0.20, -35.84, 30.81, -29.49
0.08, -0.81, -0.23, -34.84, 13.85, -19.55
0.17, -0.69, -0.25, -29.28, -9.32, -7.73
0.21, -0.64, -0.31, -22.93, -21.59, 1.56
0.18, -0.64, -0.36, -17.91, -25.51, 17.33
0.19, -0.67, -0.35, -10.19, -40.92, 26.38
0.16, -0.73, -0.34, -1.50, -49.02, 28.59
0.07, -0.79, -0.33, 4.39, -39.79, 27.25
-0.01, -0.85, -0.27, 8.20, -19.54, 24.18
-0.09, -0.89, -0.21, 10.15, 5.72, 21.46
-0.17, -0.96, -0.16, 9.48, 31.22, 16.07
-0.19, -1.05, -0.12, 7.79, 46.12, 4.42
-0.18, -1.15, -0.12, -1.47, 44.57, -5.61
-0.17, -1.19, -0.04, -17.39, 24.06, -18.72
-0.17, -1.15, 0.06, -30.12, 20.83, -28.86
-0.15, -1.07, 0.01, -32.67, 24.28, -33.47
-0.08, -1.01, -0.14, -33.74, 24.38, -33.75
0.01, -0.92, -0.22, -33.57, 18.30, -24.56
0.15, -0.82, -0.25, -27.43, 1.82, -13.18
0.23, -0.73, -0.30, -22.46, -18.21, -2.59
0.22, -0.68, -0.33, -19.14, -23.96, 10.68
0.19, -0.66, -0.31, -15.45, -34.34, 16.94
0.13, -0.68, -0.31, -9.27, -40.91, 23.69
0.06, -0.75, -0.33, -3.10, -40.34, 23.55
0.03, -0.83, -0.27, -2.69, -31.27, 17.99
-0.05, -0.89, -0.20, 2.79, -4.56, 15.86
-0.14, -0.95, -0.22, 5.31, 29.93, 14.61
-0.14, -1.04, -0.21, 5.18, 49.48, 6.04
-0.10, -1.11, -0.16, 3.56, 56.53, -1.76
-0.10, -1.16, -0.13, -6.92, 41.63, -10.68
-0.13, -1.16, -0.03, -21.50, 20.24, -25.77
-0.16, -1.11, 0.03, -30.22, 23.79, -34.04
-0.15, -1.05, -0.06, -30.50, 34.06, -35.82
-0.06, -0.97, -0.17, -30.66, 34.17, -32.69
0.06, -0.85, -0.23, -25.69, 21.75, -25.79
0.17, -0.77, -0.29, -17.46, 6.44, -14.14
0.22, -0.69, -0.31, -13.49, -14.53, -1.58
0.20, -0.65, -0.26, -14.07, -24.32, 4.83
0.13, -0.65, -0.18, -16.97, -32.84, 9.70
0.04, -0.69, -0.20, -18.04, -29.81, 13.02
0.00, -0.76, -0.24, -12.31, -23.71, 14.47
-0.01, -0.82, -0.30, -3.41, -10.75, 13.24
-0.01, -0.89, -0.33, 1.73, -0.87, 17.11
0.01, -0.96, -0.29, 8.53, 10.53, 13.47
0.01, -1.02, -0.27, 12.51, 26.60, 10.40
-0.03, -1.09, -0.20, 10.73, 42.29, 2.15
-0.10, -1.14, -0.12, 2.69, 52.11, -5.35
-0.15, -1.17, 0.02, -13.91, 39.04, -18.94
-0.20, -1.18, 0.14, -36.24, 30.12, -32.97
-0.21, -1.11, 0.14, -45.82, 29.49, -38.48
-0.09, -0.98, -0.02, -48.42, 23.74, -32.20
0.13, -0.82, -0.19, -41.59, -0.50, -17.06
0.33, -0.70, -0.28, -29.70, -33.13, -9.74
0.31, -0.62, -0.38, -20.38, -44.07, 3.02
0.16, -0.61, -0.40, -15.72, -37.16, 14.82
0.09, -0.65, -0.36, -10.60, -36.18, 18.04
0.05, -0.69, -0.36, -1.10, -31.81, 21.90
0.02, -0.77, -0.39, 5.19, -20.95, 20.01
-0.00, -0.85, -0.31, 6.78, -6.37, 18.12
-0.00, -0.95, -0.23, 10.23, -0.78, 22.51
0.02, -1.04, -0.22, 6.23, 11.89, 10.70
-0.09, -1.12, -0.11, 1.08, 34.35, 6.75
-0.14, -1.15, -0.06, -4.74, 49.72, -5.53
-0.17, -1.16, -0.06, -11.84, 59.43, -14.80
-0.12, -1.18, -0.04, -25.99, 36.89, -25.00
-0.06, -1.14, 0.02, -38.47, 17.53, -32.21
-0.02, -1.03, -0.01, -41.17, 14.43, -29.91
0.05, -0.91, -0.15, -39.40, 1.04, -25.50
0.15, -0.81, -0.25, -33.71, -20.00, -16.34
0.18, -0.70, -0.29, -27.00, -33.77, -9.53
0.14, -0.64, -0.29, -25.60, -34.91, 0.61
0.11, -0.62, -0.26, -21.79, -28.13, 9.88
0.10, -0.63, -0.35, -9.43, -24.08, 18.26
0.13, -0.66, -0.43, 1.08, -25.43, 21.64
0.12, -0.78, -0.39, 8.30, -14.60, 21.02
0.06, -0.87, -0.32, 10.60, 0.41, 24.19
0.01, -0.96, -0.21, 10.68, 8.38, 19.99
-0.06, -1.04, -0.18, 7.75, 30.73, 12.83
-0.11, -1.12, -0.14, 3.26, 46.92, 7.03
-0.10, -1.17, -0.09, -6.55, 35.40, -6.29
-0.09, -1.17, -0.01, -19.63, 24.10, -17.56
-0.10, -1.13, 0.04, -27.27, 21.10, -25.75
-0.06, -1.06, -0.02, -34.66, 17.40, -26.33
0.04, -0.97, -0.09, -35.28, 0.01, -25.31
0.12, -0.88, -0.17, -31.49, -9.61, -19.50
0.12, -0.80, -0.26, -26.43, -18.33, -13.22
0.10, -0.72, -0.30, -21.60, -20.26, -5.40
0.12, -0.66, -0.33, -15.50, -21.31, 7.21
0.17, -0.64, -0.34, -9.53, -28.55, 15.31
0.16, -0.66, -0.38, 1.39, -36.53, 22.08
0.13, -0.73, -0.39, 3.93, -30.66, 24.66
0.08, -0.83, -0.28, 6.79, -12.97, 23.47
-0.01, -0.89, -0.21, 7.25, 7.96, 27.61
-0.05, -0.96, -0.20, 8.25, 14.21, 22.21
-0.06, -1.04, -0.21, 7.34, 28.27, 14.04
-0.07, -1.12, -0.17, 6.92, 31.73, 7.47
-0.10, -1.17, -0.12, -2.83, 25.93, -6.82
-0.17, -1.18, -0.00, -15.51, 29.34, -17.55
-0.20, -1.17, 0.08, -28.00, 30.38, -29.72
-0.14, -1.12, 0.01, -33.76, 29.47, -31.43
-0.01, -1.01, -0.09, -35.44, 17.06, -30.29
0.10, -0.88, -0.13, -35.28, 0.71, -26.93
0.14, -0.80, -0.19, -32.21, -11.96, -15.67
0.15, -0.71, -0.27, -26.00, -19.32, -6.29
0.16, -0.63, -0.33, -21.51, -15.74, 10.82
0.23, -0.58, -0.36, -12.84, -26.40, 21.99
0.23, -0.59, -0.38, -2.55, -36.48, 28.19
0.14, -0.66, -0.41, 7.33, -32.63, 31.17
0.03, -0.77, -0.34, 7.20, -14.49, 27.72
-0.03, -0.88, -0.19, 6.62, -5.26, 31.21
-0.07, -0.98, -0.15, 6.32, 6.90, 16.07
-0.16, -1.06, -0.13, 4.76, 32.17, 7.51
-0.21, -1.14, -0.13, 3.78, 47.67, -4.39
-0.19, -1.18, -0.12, -4.35, 43.92, -12.60
-0.12, -1.20, -0.02, -16.85, 29.13, -26.12
-0.10, -1.19, 0.07, -26.84, 30.56, -36.09
-0.07, -1.13, -0.01, -32.23, 38.02, -38.16
0.01, -1.02, -0.14, -37.34, 31.26, -27.14
0.14, -0.86, -0.15, -37.53, 6.58, -21.63
0.22, -0.74, -0.21, -32.06, -17.79, -7.57
0.21, -0.65, -0.31, -27.72, -26.65, 0.68
0.18, -0.59, -0.34, -20.70, -27.50, 15.39
0.17, -0.57, -0.33, -11.31, -32.28, 20.30
0.10, -0.63, -0.37, 0.11, -20.90, 23.71
0.04, -0.75, -0.35, 5.25, -6.93, 23.79
0.01, -0.86, -0.27, 8.72, 11.14, 25.28
0.01, -0.94, -0.23, 7.81, 14.92, 23.32
-0.01, -1.03, -0.17, 5.59, 25.01, 12.65
-0.06, -1.13, -0.10, 1.52, 36.44, 4.86
-0.12, -1.19, -0.06, -8.10, 34.90, -9.05
-0.14, -1.21, -0.00, -21.16, 27.36, -20.17
-0.13, -1.16, 0.07, -31.90, 22.23, -29.96
-0.07, -1.08, 0.03, -36.12, 19.03, -30.06
0.02, -0.98, -0.09, -35.66, 5.43, -32.95
0.07, -0.89, -0.20, -32.62, 6.57, -23.04
0.13, -0.78, -0.27, -27.12, -4.47, -11.68
0.15, -0.68, -0.29, -25.11, -16.72, -2.70
0.17, -0.61, -0.33, -19.12, -17.32, 15.70
0.23, -0.59, -0.37, -11.28, -30.53, 21.68
0.17, -0.63, -0.39, 0.97, -36.16, 24.76
0.07, -0.75, -0.39, 4.04, -21.44, 24.39
0.03, -0.88, -0.27, 4.40, -2.11, 25.82
-0.02, -0.95, -0.19, 3.88, 22.73, 21.20
-0.08, -1.02, -0.18, 2.42, 34.72, 18.13
-0.08, -1.12, -0.16, 1.06, 46.19, 4.27
-0.09, -1.18, -0.10, -6.49, 38.83, -6.11
-0.10, -1.19, -0.01, -18.61, 23.42, -18.64
-0.06, -1.16, 0.06, -28.43, 19.64, -22.45
-0.01, -1.09, 0.04, -34.43, 13.38, -26.35
0.03, -1.00, -0.05, -35.28, 2.41, -28.16
0.05, -0.88, -0.16, -33.31, 0.95, -21.58
0.07, -0.80, -0.21, -30.63, -5.38, -17.00
0.09, -0.71, -0.25, -23.74, -5.03, -3.22
0.19, -0.62, -0.35, -14.77, -9.88, 13.87
0.27, -0.56, -0.39, -9.55, -35.01, 16.46
0.16, -0.60, -0.32, -5.63, -42.11, 22.21
0.02, -0.73, -0.33, 2.32, -25.93, 21.68
-0.04, -0.82, -0.32, 4.29, -3.34, 18.52
-0.05, -0.89, -0.23, 1.92, 21.37, 20.65
-0.03, -0.96, -0.17, 4.31, 26.57, 21.93
-0.02, -1.05, -0.24, 3.43, 28.62, 13.87
-0.05, -1.14, -0.20, 2.72, 29.70, 1.55
-0.13, -1.19, -0.09, -7.03, 33.87, -9.77
-0.17, -1.21, -0.01, -18.59, 32.44, -23.44
-0.14, -1.19, 0.03, -27.07, 35.11, -27.43
-0.05, -1.11, -0.02, -30.51, 24.88, -30.16
0.05, -1.00, -0.10, -32.08, 12.14, -26.06
0.13, -0.88, -0.16, -33.94, -10.09, -28.44
0.10, -0.82, -0.16, -32.71, -2.28, -16.28
0.11, -0.72, -0.29, -24.28, 0.10, 0.89
0.21, -0.60, -0.40, -15.37, -4.33, 12.01
0.23, -0.53, -0.36, -12.86, -29.40, 13.44
0.09, -0.61, -0.28, -8.54, -24.45, 18.20
-0.00, -0.77, -0.28, -4.08, -5.23, 18.45
-0.01, -0.87, -0.26, -4.00, 13.37, 15.04
-0.01, -0.93, -0.22, -1.02, 32.63, 16.90
0.02, -1.01, -0.24, 2.02, 34.67, 14.95
0.04, -1.11, -0.23, 0.40, 26.94, 5.12
-0.00, -1.18, -0.15, -7.75, 17.22, -6.90
-0.07, -1.20, -0.04, -18.35, 21.34, -16.54
-0.11, -1.16, 0.01, -26.79, 30.04, -22.55
-0.02, -1.09, -0.03, -31.48, 27.29, -22.69
0.12, -0.98, -0.09, -31.93, 11.58, -21.06
0.11, -0.85, -0.12, -33.09, -2.73, -23.82
0.04, -0.80, -0.11, -33.28, -3.47, -22.46
0.05, -0.78, -0.16, -30.54, -6.40, -11.46
0.15, -0.72, -0.29, -23.21, -13.57, 3.69
0.26, -0.61, -0.39, -15.42, -29.65, 12.84
0.25, -0.59, -0.37, -12.21, -48.56, 14.79
0.11, -0.70, -0.38, -3.19, -35.13, 21.18
0.06, -0.83, -0.39, 2.17, -11.47, 20.58
0.02, -0.92, -0.32, 2.24, 15.04, 17.90
-0.06, -0.98, -0.23, 1.56, 36.94, 18.33
-0.08, -1.05, -0.21, -1.32, 39.39, 9.56
-0.10, -1.12, -0.14, -7.98, 33.00, -7.42
-0.16, -1.17, -0.06, -14.54, 37.93, -20.08
-0.16, -1.17, -0.02, -23.47, 44.31, -26.25
-0.02, -1.12, -0.03, -27.50, 41.33, -23.93
0.17, -1.02, -0.10, -31.26, 23.23, -18.01
0.21, -0.91, -0.11, -36.17, -3.69, -20.27
0.13, -0.84, -0.12, -36.43, -15.93, -15.29
0.07, -0.81, -0.21, -33.13, -12.01, -7.70
0.10, -0.71, -0.34, -23.87, -11.66, 4.57
0.20, -0.59, -0.42, -14.01, -19.78, 16.57
0.19, -0.54, -0.38, -10.11, -35.47, 15.03
0.07, -0.64, -0.33, -2.77, -21.38, 20.32
0.03, -0.79, -0.33, 1.48, -1.73, 20.86
0.07, -0.88, -0.28, 3.38, 16.51, 20.77
0.04, -0.93, -0.25, 4.46, 34.27, 22.38
0.03, -1.02, -0.22, 3.07, 35.62, 17.34
0.03, -1.14, -0.14, -3.11, 24.36, 2.65
-0.07, -1.20, -0.08, -13.69, 24.29, -12.95
-0.16, -1.20, -0.04, -21.95, 35.12, -23.58
-0.10, -1.14, -0.05, -24.75, 39.06, -24.66
0.09, -1.06, -0.12, -26.08, 24.35, -22.27
0.17, -0.97, -0.14, -30.43, -0.39, -22.95
0.15, -0.90, -0.15, -30.01, -13.71, -22.03
0.10, -0.83, -0.23, -26.44, -10.88, -15.12
0.10, -0.73, -0.32, -18.99, -8.02, -2.62
0.20, -0.62, -0.39, -12.32, -16.77, 11.16
0.24, -0.56, -0.35, -12.78, -42.10, 12.36
0.10, -0.63, -0.30, -10.79, -43.50, 19.34
0.04, -0.76, -0.31, -8.58, -29.56, 20.31
0.09, -0.85, -0.26, -7.32, -19.89, 21.39
0.10, -0.90, -0.25, -2.97, -0.94, 23.07
0.01, -0.94, -0.28, 0.40, 20.18, 21.91
-0.01, -0.99, -0.26, 1.86, 25.21, 18.02
0.00, -1.08, -0.18, -1.55, 17.23, 7.54
-0.06, -1.15, -0.07, -11.96, 16.12, -6.72
-0.16, -1.16, -0.01, -19.92, 29.30, -18.62
-0.17, -1.11, -0.05, -25.77, 34.31, -23.01
-0.01, -1.04, -0.15, -25.68, 26.07, -18.55
0.14, -0.94, -0.20, -26.87, 4.75, -16.06
0.16, -0.86, -0.18, -25.12, -9.09, -14.76
0.09, -0.82, -0.22, -24.52, -12.87, -11.54
0.08, -0.79, -0.26, -22.00, -16.35, -5.34
0.14, -0.73, -0.27, -19.17, -19.66, 5.23
0.19, -0.67, -0.32, -10.96, -28.40, 15.95
0.18, -0.65, -0.40, -2.30, -41.36, 19.40
0.14, -0.70, -0.38, -0.80, -34.72, 20.65
0.11, -0.81, -0.23, -0.97, -20.16, 18.12
-0.02, -0.93, -0.20, 0.45, 16.29, 19.53
-0.10, -0.97, -0.26, -0.27, 40.53, 15.33
-0.05, -1.02, -0.22, 0.70, 40.92, 11.44
-0.00, -1.08, -0.17, -2.13, 30.31, 0.04
-0.07, -1.14, -0.12, -10.18, 30.31, -13.89
-0.14, -1.16, -0.06, -19.49, 34.83, -23.34
-0.07, -1.12, -0.06, -25.71, 35.45, -24.37
0.07, -1.05, -0.09, -30.16, 25.32, -22.98
0.12, -0.98, -0.13, -30.94, 6.92, -22.87
0.10, -0.91, -0.18, -30.71, -4.66, -20.20
0.09, -0.84, -0.22, -26.78, -6.30, -12.46
0.13, -0.74, -0.30, -18.79, -4.52, -0.85
0.23, -0.62, -0.37, -10.47, -12.34, 9.87
0.22, -0.56, -0.34, -8.88, -32.05, 7.90
0.05, -0.64, -0.29, -6.74, -28.88, 13.18
-0.03, -0.76, -0.32, 0.09, -19.61, 15.36
0.07, -0.81, -0.33, 0.56, -10.01, 20.15
0.19, -0.86, -0.21, -0.69, -4.55, 21.23
0.07, -0.93, -0.19, 3.56, 20.20, 19.34
-0.08, -1.00, -0.27, 2.18, 37.31, 15.64
-0.08, -1.09, -0.18, -0.99, 33.45, 5.47
-0.06, -1.16, -0.13, -6.34, 29.05, -6.96
-0.12, -1.19, -0.08, -15.94, 32.83, -18.05
-0.12, -1.17, -0.05, -22.89, 35.42, -23.22
0.04, -1.09, -0.10, -25.71, 20.22, -21.00
0.16, -1.01, -0.12, -31.42, -1.30, -22.51
0.15, -0.94, -0.14, -32.58, -5.35, -20.97
0.09, -0.87, -0.16, -34.05, -6.34, -19.38
0.07, -0.80, -0.22, -27.97, 0.14, -7.93
0.19, -0.71, -0.35, -20.68, -11.02, 5.79
0.30, -0.60, -0.39, -12.98, -31.51, 11.62
0.19, -0.58, -0.33, -13.41, -46.67, 12.53
0.04, -0.70, -0.32, -4.71, -40.37, 17.84
0.02, -0.81, -0.40, 4.82, -35.81, 20.99
0.10, -0.86, -0.41, 6.60, -31.75, 23.25
0.18, -0.92, -0.23, 2.23, -24.87, 19.55
0.04, -1.00, -0.13, 3.76, 10.40, 13.59
-0.19, -1.06, -0.19, -0.32, 44.74, 6.88
-0.25, -1.12, -0.13, -5.81, 51.34, -7.43
-0.18, -1.15, -0.09, -13.75, 46.20, -18.66
-0.10, -1.12, -0.06, -22.00, 42.81, -24.95
0.00, -1.05, -0.05, -24.24, 43.67, -22.64
0.12, -0.98, -0.10, -30.16, 28.52, -21.18
0.17, -0.92, -0.11, -32.84, 16.45, -16.29
0.16, -0.88, -0.12, -35.62, 0.65, -15.21
0.10, -0.84, -0.16, -32.30, -6.00, -8.60
0.09, -0.78, -0.25, -24.97, -11.75, -3.86
0.15, -0.69, -0.34, -16.30, -15.13, 3.60
0.22, -0.64, -0.35, -7.33, -28.57, 11.52
0.18, -0.67, -0.34, -1.88, -36.42, 13.19
0.08, -0.77, -0.36, 0.54, -24.48, 17.34
0.10, -0.85, -0.29, 0.25, -14.98, 19.52
0.11, -0.90, -0.22, 1.88, -1.98, 18.16
0.03, -0.93, -0.27, 1.07, 15.07, 19.60
-0.03, -0.99, -0.22, -1.20, 23.27, 14.48
-0.03, -1.05, -0.15, -4.34, 26.78, 5.55
-0.08, -1.12, -0.09, -11.90, 30.88, -7.60
-0.14, -1.16, -0.03, -21.28, 35.95, -19.04
-0.10, -1.14, -0.07, -24.39, 40.09, -22.40
0.04, -1.06, -0.15, -25.23, 27.49, -21.74
0.15, -0.97, -0.12, -25.97, 4.75, -23.45
0.15, -0.92, -0.11, -25.38, -7.23, -22.22
0.10, -0.88, -0.19, -24.57, -16.07, -19.22
0.12, -0.80, -0.26, -20.15, -18.55, -7.26
0.24, -0.68, -0.35, -11.52, -24.12, 8.23
0.29, -0.59, -0.39, -5.20, -37.15, 13.19
0.13, -0.62, -0.37, -6.21, -45.08, 14.51
0.00, -0.73, -0.37, -3.68, -31.72, 18.15
0.04, -0.82, -0.33, -1.99, -24.10, 21.43
0.09, -0.87, -0.30, 0.68, -8.60, 27.09
0.10, -0.92, -0.29, 1.70, 3.85, 23.82
0.00, -0.99, -0.21, 1.97, 17.51, 17.76
-0.12, -1.06, -0.14, -1.85, 24.59, 8.41
-0.15, -1.14, -0.09, -7.29, 31.02, -5.79
-0.15, -1.15, -0.03, -15.84, 36.51, -18.14
-0.12, -1.11, 0.02, -23.53, 39.90, -25.49
-0.02, -1.07, -0.03, -28.08, 34.64, -27.64
0.07, -1.03, -0.08, -35.24, 28.64, -29.13
0.12, -0.97, -0.10, -38.46, 25.32, -23.34
0.19, -0.88, -0.19, -34.84, 12.21, -10.27
0.25, -0.76, -0.29, -26.69, -9.31, -0.15
0.27, -0.65, -0.37, -19.48, -28.32, 7.88
0.22, -0.60, -0.38, -15.70, -45.69, 12.95
0.09, -0.64, -0.32, -10.48, -42.09, 13.69
-0.01, -0.74, -0.35, 1.37, -28.88, 16.95
0.02, -0.81, -0.44, 10.94, -22.88, 21.20
0.15, -0.86, -0.37, 10.00, -15.86, 24.88
0.17, -0.93, -0.17, 8.68, -1.92, 17.02
-0.05, -0.99, -0.16, 5.60, 25.56, 11.93
-0.20, -1.08, -0.15, -0.32, 39.47, 0.85
-0.18, -1.14, -0.08, -5.18, 41.31, -10.73
-0.12, -1.14, -0.08, -11.64, 39.18, -17.91
-0.03, -1.11, -0.05, -21.14, 36.51, -23.21
0.06, -1.08, -0.01, -30.02, 29.90, -23.11
0.12, -1.05, -0.01, -39.68, 19.43, -22.71
0.15, -1.01, -0.08, -41.72, 12.69, -17.70
0.17, -0.89, -0.22, -38.26, -1.79, -7.69
0.21, -0.74, -0.28, -26.53, -20.45, -1.39
0.23, -0.62, -0.36, -17.36, -37.54, 3.88
0.17, -0.60, -0.37, -11.59, -36.24, 10.88
0.08, -0.64, -0.30, -8.70, -30.61, 10.22
-0.03, -0.71, -0.30, -1.11, -15.29, 16.03
0.06, -0.78, -0.36, 4.44, -13.39, 21.22
0.19, -0.83, -0.29, 3.64, -18.98, 26.88
0.24, -0.90, -0.20, 3.20, -16.82, 27.95
0.11, -0.95, -0.18, 2.70, -3.09, 25.13
-0.08, -1.02, -0.18, 0.66, 18.47, 18.35
-0.16, -1.08, -0.16, 1.21, 30.63, 11.73
-0.13, -1.11, -0.15, -4.26, 31.90, 3.54
-0.09, -1.10, -0.07, -13.23, 24.52, -7.92
-0.09, -1.10, 0.00, -25.64, 23.25, -16.33
-0.07, -1.09, -0.01, -32.91, 15.34, -19.27
0.00, -1.03, -0.10, -35.05, -0.92, -23.30
0.05, -0.96, -0.19, -33.90, -10.45, -23.77
0.06, -0.88, -0.23, -31.67, -11.58, -20.59
0.09, -0.78, -0.28, -29.10, -11.35, -7.48
0.22, -0.74, -0.32, -24.10, -20.24, 9.29
0.32, -0.67, -0.36, -13.86, -36.83, 19.13
0.23, -0.62, -0.40, -8.25, -49.18, 20.31
0.05, -0.69, -0.36, -0.07, -46.77, 20.89
-0.03, -0.77, -0.32, 3.42, -32.51, 20.71
-0.00, -0.84, -0.25, 4.02, -16.82, 21.98
-0.01, -0.89, -0.23, 8.92, 3.63, 20.93
-0.04, -0.94, -0.23, 6.26, 19.21, 16.97
-0.06, -1.02, -0.11, 2.00, 29.84, 12.75
-0.10, -1.10, -0.06, -1.78, 35.53, 5.58
-0.12, -1.13, -0.08, -7.73, 34.09, -4.44
-0.11, -1.14, -0.01, -19.81, 26.47, -16.93
-0.13, -1.13, 0.01, -29.39, 27.91, -24.65
-0.11, -1.09, -0.05, -38.30, 24.85, -28.18
-0.04, -1.02, -0.09, -39.63, 13.65, -28.69
0.06, -0.91, -0.18, -37.16, -2.83, -26.57
0.12, -0.81, -0.29, -28.38, -10.23, -18.05
0.17, -0.69, -0.37, -18.85, -9.19, -7.45
0.23, -0.61, -0.41, -9.19, -10.14, 9.38
0.26, -0.59, -0.40, -0.66, -26.19, 17.30
0.17, -0.68, -0.38, 5.46, -32.62, 21.47
0.03, -0.75, -0.31, 6.40, -24.51, 20.66
-0.05, -0.82, -0.19, 0.29, -12.97, 22.42
-0.04, -0.90, -0.12, -0.65, -2.88, 24.38
0.02, -0.97, -0.18, -0.61, 1.29, 21.30
0.02, -1.03, -0.16, -0.73, 5.20, 14.51
-0.05, -1.07, -0.14, -2.01, 16.40, 9.43
-0.09, -1.10, -0.17, -5.50, 18.48, 2.70
-0.07, -1.11, -0.13, -13.50, 16.15, -4.32
-0.05, -1.11, -0.06, -20.54, 17.19, -11.96
-0.08, -1.10, -0.07, -30.52, 18.12, -17.80
-0.09, -1.06, -0.08, -35.24, 15.81, -22.86
-0.05, -1.00, -0.11, -37.26, 6.71, -26.26
-0.01, -0.96, -0.19, -36.91, -1.19, -32.05
0.01, -0.90, -0.27, -34.81, -3.10, -30.19
0.06, -0.84, -0.32, -32.06, -0.74, -21.07
0.22, -0.76, -0.36, -24.46, -5.83, -0.56
0.37, -0.66, -0.41, -10.83, -22.45, 19.12
0.36, -0.58, -0.47, 0.12, -45.13, 22.80
0.16, -0.63, -0.45, 7.48, -55.59, 23.35
0.01, -0.74, -0.28, 6.51, -41.20, 21.53
-0.13, -0.83, -0.07, -0.67, 2.83, 14.76
-0.30, -0.88, -0.03, 0.06, 39.63, 11.42
-0.29, -0.96, -0.14, 0.55, 60.26, 7.17
-0.11, -1.01, -0.17, 2.95, 53.35, 1.39
0.03, -1.04, -0.13, 0.29, 38.61, -4.51
0.04, -1.08, -0.06, -8.43, 29.53, -11.79
-0.02, -1.12, 0.02, -21.68, 25.71, -16.99
-0.05, -1.12, 0.04, -32.49, 24.34, -21.45
-0.05, -1.06, -0.02, -39.07, 22.62, -27.51
-0.05, -0.98, -0.13, -41.48, 20.40, -26.76
0.04, -0.89, -0.20, -38.68, 7.45, -19.93
0.18, -0.76, -0.31, -28.29, -6.41, -8.05
0.30, -0.68, -0.42, -15.85, -18.63, 7.31
0.38, -0.62, -0.46, -4.18, -36.32, 20.65
0.31, -0.64, -0.42, 4.33, -47.66, 22.60
0.10, -0.74, -0.36, 8.70, -39.02, 24.83
-0.04, -0.81, -0.28, 7.02, -24.13, 25.44
-0.07, -0.86, -0.18, 1.42, -2.72, 23.35
-0.07, -0.92, -0.11, -0.79, 15.37, 18.76
-0.09, -1.00, -0.15, -1.10, 27.11, 15.55
-0.05, -1.06, -0.15, -3.10, 23.49, 7.10
-0.03, -1.10, -0.13, -4.83, 19.84, -0.69
-0.08, -1.12, -0.11, -11.82, 16.59, -13.13
-0.13, -1.14, -0.06, -21.90, 20.84, -21.74
-0.13, -1.14, -0.05, -31.89, 20.59, -27.32
-0.08, -1.08, -0.09, -36.85, 14.38, -26.62
0.01, -0.98, -0.14, -39.58, 1.72, -27.63
0.07, -0.87, -0.20, -37.14, -2.69, -21.43
0.14, -0.79, -0.31, -27.98, -6.69, -3.99
0.29, -0.68, -0.39, -14.52, -21.12, 13.55
0.38, -0.58, -0.45, 1.39, -43.19, 25.02
0.26, -0.58, -0.45, 8.51, -54.85, 25.45
0.07, -0.71, -0.31, 9.74, -43.07, 27.16
-0.08, -0.77, -0.19, 7.26, -14.26, 25.84
-0.14, -0.83, -0.11, 4.19, 14.29, 25.30
-0.12, -0.92, -0.09, 3.80, 27.29, 21.77
-0.07, -1.02, -0.12, 2.40, 24.46, 17.12
-0.02, -1.07, -0.11, -0.79, 11.22, 9.42
-0.03, -1.10, -0.09, -8.07, 6.48, -0.52
-0.09, -1.12, -0.01, -19.42, 8.92, -7.36
-0.14, -1.13, 0.01, -26.65, 10.66, -13.87
-0.13, -1.10, -0.09, -29.18, 6.63, -19.49
-0.07, -1.02, -0.19, -34.02, -11.61, -19.75
0.00, -0.91, -0.17, -32.36, -31.43, -21.39
0.05, -0.83, -0.21, -28.92, -42.51, -18.07
0.07, -0.79, -0.30, -25.56, -36.84, -14.44
0.09, -0.77, -0.30, -24.73, -19.16, -0.48
0.15, -0.75, -0.33, -12.23, -20.71, 24.64
0.33, -0.73, -0.53, 4.43, -42.27, 33.57
0.34, -0.73, -0.52, 12.32, -50.78, 32.41
0.09, -0.77, -0.26, 15.41, -34.66, 28.44
-0.18, -0.87, -0.11, 13.31, 1.88, 26.73
-0.30, -0.95, -0.07, 6.09, 27.38, 20.09
-0.25, -1.03, 0.01, -0.55, 38.28, 14.48
-0.17, -1.05, 0.03, -7.46, 22.19, 4.94
-0.16, -1.07, 0.01, -19.59, 1.21, -9.98
-0.17, -1.08, 0.02, -27.29, -3.20, -15.96
-0.14, -1.03, -0.02, -29.91, -6.19, -21.47
-0.08, -0.98, -0.13, -29.55, -12.06, -21.09
-0.04, -0.94, -0.22, -26.81, -17.33, -23.06
-0.01, -0.89, -0.25, -23.88, -24.56, -22.50
-0.00, -0.85, -0.25, -25.03, -18.96, -18.69
0.02, -0.84, -0.22, -28.25, -5.13, -7.09
0.15, -0.82, -0.24, -20.15, -4.75, 17.38
0.36, -0.76, -0.47, -6.78, -26.05, 30.29
0.39, -0.72, -0.48, -0.26, -46.23, 34.09
0.19, -0.75, -0.34, 6.82, -49.54, 35.33
-0.02, -0.78, -0.25, 9.21, -26.19, 37.03
-0.14, -0.82, -0.15, 9.00, 8.79, 34.55
-0.24, -0.87, -0.08, 7.65, 44.65, 30.20
-0.28, -0.98, -0.01, -3.18, 29.59, 23.69
-0.26, -1.07, 0.09, -14.01, 2.55, 0.03
-0.35, -1.04, 0.11, -16.94, 15.10, -20.87
-0.43, -1.04, 0.01, -24.69, 24.39, -28.06
-0.27, -1.07, -0.06, -27.94, 21.48, -33.98
-0.09, -1.03, -0.14, -29.88, 9.71, -35.39
0.05, -0.97, -0.21, -26.06, -9.18, -31.79
0.08, -0.91, -0.25, -28.30, -21.58, -28.87
0.07, -0.87, -0.28, -27.65, -19.49, -13.80
0.13, -0.83, -0.31, -24.19, -22.55, 0.07
0.21, -0.78, -0.37, -13.41, -24.01, 19.55
0.28, -0.74, -0.48, -3.76, -36.71, 29.55
0.22, -0.75, -0.46, 0.77, -40.42, 30.20
0.02, -0.77, -0.27, 5.07, -21.06, 29.57
-0.20, -0.79, -0.12, 5.97, 8.23, 25.98
-0.30, -0.85, -0.07, 4.27, 40.88, 20.26
-0.33, -0.94, -0.03, 1.65, 56.90, 8.50
-0.29, -1.02, 0.02, -7.44, 45.03, -3.45
-0.26, -1.07, 0.11, -24.53, 24.09, -21.33
-0.24, -1.06, 0.14, -29.85, 24.66, -28.96
-0.21, -1.01, 0.00, -27.51, 30.52, -36.90
-0.12, -0.98, -0.18, -30.53, 31.65, -34.05
0.02, -0.94, -0.25, -27.58, 14.63, -26.16
0.15, -0.85, -0.28, -21.08, -1.19, -15.87
0.26, -0.78, -0.37, -17.08, -27.18, 4.60
0.32, -0.78, -0.40, -14.08, -46.16, 15.55
0.28, -0.78, -0.35, -6.41, -55.55, 22.89
0.13, -0.79, -0.31, -0.45, -47.92, 24.33
-0.05, -0.81, -0.26, 2.95, -27.21, 26.82
-0.17, -0.84, -0.19, 3.81, -5.65, 18.26
-0.26, -0.89, -0.16, 4.71, 21.75, 14.56
-0.25, -0.95, -0.11, 2.69, 35.32, 7.72
-0.20, -1.02, -0.06, -0.72, 39.90, -0.98
-0.18, -1.09, -0.04, -9.39, 35.99, -10.52
-0.17, -1.13, -0.01, -22.22, 28.46, -18.79
-0.14, -1.10, 0.02, -32.11, 23.55, -25.90
-0.10, -1.04, -0.04, -33.98, 24.99, -27.67
-0.07, -0.98, -0.14, -34.03, 22.61, -25.62
-0.00, -0.90, -0.21, -33.03, 13.55, -17.90
0.12, -0.80, -0.24, -29.47, -2.24, -9.04
0.14, -0.72, -0.26, -24.42, -13.62, 1.30
0.14, -0.68, -0.29, -17.14, -20.79, 10.94
0.10, -0.68, -0.32, -13.13, -29.03, 17.44
0.06, -0.72, -0.32, -3.77, -35.74, 21.02
0.04, -0.75, -0.30, 4.18, -36.85, 26.11
0.02, -0.80, -0.29, 6.38, -26.74, 27.00
-0.02, -0.86, -0.19, 2.77, -7.15, 26.57
-0.10, -0.94, -0.12, 6.08, 15.25, 23.99
-0.16, -1.01, -0.14, 4.51, 38.01, 18.75
-0.21, -1.08, -0.11, 0.59, 37.24, 7.79
-0.24, -1.14, -0.06, -8.61, 26.42, -10.44
-0.28, -1.16, 0.02, -22.52, 24.02, -24.29
-0.29, -1.11, 0.05, -28.22, 34.50, -31.06
-0.23, -1.06, -0.05, -31.43, 43.21, -35.42
-0.12, -1.01, -0.14, -32.74, 36.43, -34.42
0.04, -0.93, -0.20, -30.83, 18.26, -26.46
0.16, -0.81, -0.26, -27.64, -7.97, -15.14
0.21, -0.72, -0.29, -22.37, -23.04, -0.38
0.22, -0.66, -0.31, -16.22, -34.36, 15.84
0.23, -0.65, -0.30, -11.20, -50.43, 25.48
0.16, -0.67, -0.32, 0.37, -56.77, 30.67
0.06, -0.71, -0.34, 8.60, -52.98, 34.50
-0.02, -0.78, -0.24, 11.56, -31.03, 27.72
-0.17, -0.84, -0.11, 9.91, 5.91, 24.94
-0.30, -0.94, -0.05, 8.89, 40.92, 22.58
-0.28, -1.04, -0.07, 2.85, 54.82, 12.59
-0.23, -1.13, -0.04, -5.63, 41.86, 0.92
-0.24, -1.16, -0.01, -16.54, 25.80, -17.97
-0.27, -1.12, 0.03, -23.43, 29.68, -26.39
-0.23, -1.08, -0.00, -26.81, 30.95, -32.22
-0.15, -1.06, -0.12, -33.12, 33.11, -37.05
-0.06, -1.01, -0.19, -32.00, 23.68, -29.61
0.04, -0.90, -0.21, -32.89, 8.84, -25.79
0.11, -0.79, -0.27, -30.78, -3.32, -13.89
0.15, -0.75, -0.30, -26.46, -12.62, 1.74
0.21, -0.69, -0.33, -20.10, -28.11, 14.87
0.25, -0.66, -0.33, -13.76, -47.40, 25.72
0.20, -0.72, -0.33, -1.51, -62.13, 29.57
0.08, -0.77, -0.33, 2.54, -57.20, 33.07
-0.02, -0.82, -0.21, 1.27, -38.34, 27.22
-0.18, -0.84, -0.08, 2.18, 7.44, 21.93
-0.32, -0.88, -0.11, 9.16, 51.72, 21.49
-0.28, -0.97, -0.16, 8.73, 64.00, 12.04
-0.22, -1.07, -0.11, 4.49, 64.00, 6.45
-0.17, -1.14, 0.02, -11.59, 26.39, -8.76
-0.19, -1.12, 0.15, -24.85, 17.70, -24.71
-0.25, -1.07, 0.12, -30.88, 31.67, -29.84
-0.24, -1.07, -0.04, -35.98, 35.12, -34.04
-0.10, -1.02, -0.19, -35.11, 19.20, -28.62
0.08, -0.88, -0.23, -29.37, -5.54, -25.81
0.17, -0.78, -0.29, -23.46, -24.40, -13.05
0.19, -0.75, -0.34, -20.63, -31.47, -0.41
0.20, -0.73, -0.33, -16.16, -35.83, 16.05
0.21, -0.72, -0.33, -9.89, -43.47, 27.54
0.17, -0.73, -0.39, 1.61, -63.60, 34.30
0.10, -0.76, -0.38, 5.76, -64.00, 35.52
-0.02, -0.81, -0.25, 6.51, -54.95, 28.94
-0.17, -0.84, -0.07, 4.86, -13.96, 23.22
-0.36, -0.91, -0.04, 8.17, 32.59, 20.98
-0.38, -1.01, -0.11, 6.37, 64.00, 12.61
-0.31, -1.11, -0.09, -1.44, 58.74, -2.08
-0.29, -1.15, 0.00, -15.07, 32.40, -21.83
-0.31, -1.13, 0.09, -26.07, 35.59, -35.85
-0.28, -1.07, 0.02, -29.58, 46.37, -41.77
-0.19, -1.04, -0.14, -32.79, 50.06, -42.88
-0.04, -0.96, -0.19, -34.32, 31.55, -32.92
0.16, -0.84, -0.17, -32.68, 1.71, -21.76
0.26, -0.73, -0.23, -30.18, -17.34, -3.05
0.32, -0.68, -0.31, -22.46, -39.78, 18.85
0.32, -0.64, -0.31, -17.92, -55.37, 27.19
0.20, -0.67, -0.27, -6.63, -63.73, 31.41
0.03, -0.73, -0.31, 3.51, -51.16, 31.38
-0.11, -0.77, -0.27, 9.34, -31.19, 24.90
-0.21, -0.80, -0.16, 15.83, 3.59, 18.08
-0.29, -0.85, -0.14, 16.24, 32.79, 17.48
-0.27, -0.97, -0.09, 12.08, 48.95, 9.64
-0.21, -1.08, -0.05, 6.18, 44.69, -0.53
-0.19, -1.15, 0.01, -8.25, 28.66, -9.18
-0.20, -1.16, 0.08, -23.91, 16.73, -20.65
-0.22, -1.12, 0.11, -31.23, 22.03, -27.50
-0.20, -1.06, -0.01, -34.10, 27.78, -31.85
-0.14, -1.01, -0.19, -35.38, 23.83, -25.52
-0.01, -0.90, -0.23, -31.70, 5.17, -19.29
0.11, -0.76, -0.25, -25.75, -13.39, -11.08
0.15, -0.69, -0.30, -21.29, -25.82, 3.79
0.17, -0.68, -0.32, -17.35, -32.34, 17.58
0.17, -0.70, -0.28, -12.16, -49.57, 23.77
0.09, -0.73, -0.26, -5.54, -56.52, 24.58
-0.04, -0.78, -0.25, 0.12, -51.72, 25.07
-0.12, -0.83, -0.25, 3.46, -35.93, 22.21
-0.16, -0.87, -0.20, 2.93, -14.58, 19.04
-0.21, -0.91, -0.14, 6.18, 12.69, 16.06
-0.22, -0.98, -0.14, 5.89, 32.71, 13.48
-0.21, -1.08, -0.12, 2.28, 43.23, 4.71
-0.23, -1.14, -0.09, -3.11, 48.54, -3.42
-0.24, -1.16, -0.03, -15.79, 31.13, -13.29
-0.22, -1.13, 0.04, -27.30, 23.36, -24.56
-0.20, -1.07, 0.06, -32.82, 22.51, -28.14
-0.18, -1.02, -0.02, -34.00, 23.58, -32.11
-0.13, -0.96, -0.16, -32.24, 17.82, -27.74
-0.03, -0.88, -0.23, -31.20, -1.00, -21.60
0.10, -0.76, -0.22, -27.28, -20.38, -14.01
0.16, -0.69, -0.25, -22.02, -32.57, 2.84
0.20, -0.67, -0.28, -18.28, -44.46, 15.84
0.23, -0.67, -0.30, -10.93, -61.92, 28.03
0.16, -0.68, -0.35, 2.16, -64.00, 31.21
0.04, -0.75, -0.31, 4.06, -47.86, 31.17
-0.13, -0.78, -0.12, 8.69, -20.07, 30.03
-0.27, -0.85, -0.14, 13.71, 22.36, 24.07
-0.32, -0.95, -0.15, 9.41, 37.36, 19.94
-0.29, -1.07, -0.03, 2.88, 40.78, 6.56
-0.26, -1.13, -0.01, -3.37, 33.25, -6.24
-0.25, -1.17, -0.03, -14.36, 27.03, -15.59
-0.24, -1.15, 0.01, -23.59, 23.74, -26.40
-0.20, -1.09, 0.01, -28.32, 22.25, -27.83
-0.13, -1.06, -0.06, -32.10, 14.95, -29.31
-0.05, -1.01, -0.16, -31.30, 4.00, -24.47
0.01, -0.92, -0.22, -29.79, -10.15, -22.74
0.03, -0.82, -0.23, -28.30, -16.86, -9.79
0.07, -0.76, -0.25, -25.43, -25.77, 4.04
0.14, -0.71, -0.24, -21.71, -35.54, 11.91
0.14, -0.66, -0.25, -13.63, -44.38, 23.04
0.09, -0.66, -0.33, -2.74, -53.83, 25.94
0.00, -0.72, -0.34, 1.63, -49.23, 25.24
-0.09, -0.78, -0.24, 8.84, -30.25, 24.29
-0.21, -0.81, -0.12, 11.57, 10.65, 21.86
-0.30, -0.87, -0.06, 12.20, 42.16, 20.82
-0.29, -0.97, -0.02, 8.02, 55.11, 11.23
-0.26, -1.08, -0.01, -1.14, 41.98, 6.15
-0.24, -1.15, 0.05, -17.83, 12.15, -16.80
-0.30, -1.09, 0.12, -21.95, 16.09, -29.30
-0.33, -1.03, 0.09, -25.54, 20.65, -31.19
-0.23, -1.05, -0.05, -29.47, 16.48, -35.02
-0.09, -1.00, -0.15, -31.96, 5.25, -34.81
0.00, -0.91, -0.19, -25.80, -5.68, -27.85
0.07, -0.85, -0.25, -25.87, -13.68, -15.97
0.17, -0.83, -0.31, -24.22, -27.64, 2.75
0.25, -0.79, -0.35, -15.15, -42.94, 15.48
0.23, -0.74, -0.37, -6.12, -56.44, 23.13
0.12, -0.76, -0.39, -0.46, -52.40, 29.18
-0.03, -0.79, -0.26, 0.94, -32.01, 27.38
-0.19, -0.78, -0.11, 7.55, -4.00, 24.59
-0.28, -0.81, -0.09, 9.14, 25.20, 21.22
-0.31, -0.90, -0.06, 10.44, 49.15, 14.33
-0.31, -0.99, -0.03, 6.20, 53.60, 2.17
-0.32, -1.05, 0.07, -8.36, 39.60, -11.16
-0.34, -1.06, 0.17, -19.47, 29.94, -31.95
-0.34, -1.02, 0.12, -24.56, 35.92, -32.39
-0.25, -1.00, -0.02, -25.47, 30.91, -33.50
-0.12, -0.97, -0.10, -29.64, 18.28, -33.83
-0.02, -0.90, -0.12, -28.30, -0.17, -30.43
0.05, -0.86, -0.19, -27.50, -17.65, -23.54
0.10, -0.86, -0.25, -30.41, -27.32, -13.44
0.15, -0.87, -0.30, -26.42, -26.69, 9.05
0.27, -0.82, -0.35, -13.08, -33.49, 24.05
0.33, -0.79, -0.47, 0.72, -47.16, 39.19
0.25, -0.83, -0.47, 8.10, -44.60, 38.44
-0.01, -0.83, -0.24, 13.62, -14.61, 34.69
-0.29, -0.82, -0.07, 14.37, 27.88, 28.04
-0.43, -0.89, 0.02, 8.97, 60.77, 19.04
-0.43, -1.01, 0.09, 0.29, 52.53, 2.82
-0.39, -1.04, 0.15, -15.08, 34.21, -17.44
-0.35, -1.01, 0.25, -26.12, 24.90, -31.01
-0.26, -0.98, 0.18, -28.90, 27.27, -33.17
-0.12, -0.99, -0.02, -30.28, 22.43, -31.32
0.01, -0.97, -0.18, -28.10, 8.63, -24.55
0.09, -0.89, -0.25, -25.93, -10.30, -16.30
0.13, -0.80, -0.27, -20.83, -25.91, -5.88
0.15, -0.79, -0.30, -19.55, -41.25, 7.75
0.17, -0.82, -0.32, -19.21, -55.14, 20.81
0.13, -0.83, -0.29, -10.64, -58.25, 25.79
0.02, -0.80, -0.31, -1.78, -47.12, 33.27
-0.09, -0.82, -0.27, -1.06, -29.07, 33.54
-0.17, -0.86, -0.12, 2.64, -6.18, 25.26
-0.34, -0.89, -0.07, 4.74, 29.04, 16.54
-0.40, -0.97, -0.04, 1.78, 53.67, 3.72
-0.40, -1.07, 0.02, -5.23, 55.84, -8.76
-0.34, -1.11, 0.04, -13.43, 50.14, -23.01
-0.25, -1.09, 0.08, -23.47, 43.53, -32.44
-0.17, -1.05, 0.05, -28.23, 38.27, -32.61
-0.08, -1.03, -0.06, -31.81, 32.19, -29.68
0.00, -0.97, -0.14, -32.26, 19.64, -21.86
0.09, -0.86, -0.19, -30.29, 6.06, -8.43
0.18, -0.76, -0.24, -25.79, -23.35, 8.38
0.24, -0.69, -0.29, -22.20, -46.92, 21.99
0.22, -0.66, -0.30, -13.33, -64.00, 29.96
0.09, -0.69, -0.29, -3.42, -64.00, 31.61
-0.07, -0.74, -0.28, 5.53, -44.45, 31.12
-0.23, -0.78, -0.21, 10.97, -11.88, 25.14
-0.33, -0.84, -0.11, 11.91, 21.61, 20.83
-0.36, -0.94, -0.03, 7.82, 38.44, 9.96
-0.34, -1.08, 0.01, 1.48, 35.99, -3.38
-0.32, -1.13, 0.02, -6.43, 35.54, -17.34
-0.31, -1.12, 0.02, -16.01, 35.82, -23.56
-0.23, -1.09, 0.04, -22.78, 33.81, -31.03
-0.16, -1.05, -0.00, -26.55, 33.62, -32.19
-0.12, -1.01, -0.05, -30.57, 31.38, -30.62
-0.06, -0.93, -0.12, -30.06, 19.61, -22.50
0.03, -0.83, -0.17, -29.49, 1.53, -10.63
0.14, -0.73, -0.21, -24.87, -19.19, 0.54
0.21, -0.68, -0.29, -18.10, -38.30, 17.04
0.20, -0.68, -0.32, -6.13, -50.45, 25.22
0.10, -0.70, -0.34, 6.05, -50.19, 28.62
-0.05, -0.76, -0.34, 13.68, -34.92, 29.04
-0.15, -0.83, -0.22, 13.10, -10.28, 23.82
-0.25, -0.88, -0.01, 12.89, 18.29, 18.00
-0.32, -0.98, 0.02, 8.40, 41.32, 12.07
-0.32, -1.11, 0.01, 0.00, 42.12, -1.74
-0.31, -1.17, 0.03, -10.55, 34.98, -16.20
-0.29, -1.14, 0.10, -22.59, 31.14, -26.13
-0.25, -1.08, 0.11, -28.09, 37.97, -36.90
-0.20, -1.04, 0.02, -31.76, 44.48, -38.70
-0.14, -1.00, -0.11, -31.44, 41.73, -33.33
-0.02, -0.92, -0.19, -30.67, 23.63, -21.22
0.11, -0.79, -0.18, -30.52, -2.00, -12.30
0.16, -0.70, -0.18, -27.33, -20.52, 3.23
0.17, -0.67, -0.26, -21.50, -30.36, 18.62
0.15, -0.68, -0.29, -12.95, -40.05, 26.81
0.10, -0.71, -0.30, 0.73, -48.24, 28.99
0.00, -0.77, -0.30, 9.83, -41.64, 28.20
-0.13, -0.83, -0.25, 13.69, -17.78, 24.71
-0.23, -0.88, -0.11, 12.59, 9.36, 19.04
-0.28, -0.96, 0.02, 6.61, 31.83, 13.68
-0.29, -1.08, 0.05, -1.80, 39.37, 1.27
-0.30, -1.17, 0.05, -11.91, 37.14, -10.79
-0.30, -1.17, 0.06, -21.57, 32.23, -23.14
-0.25, -1.09, 0.08, -25.98, 28.84, -33.46
-0.21, -1.04, 0.02, -30.29, 27.26, -39.13
-0.17, -1.03, -0.07, -31.86, 29.40, -38.31
-0.09, -0.95, -0.15, -32.55, 28.15, -29.92
0.06, -0.83, -0.16, -31.52, 15.93, -13.74
0.20, -0.71, -0.23, -24.38, -9.97, 1.74
0.27, -0.65, -0.29, -22.91, -32.79, 19.05
0.27, -0.66, -0.30, -13.08, -58.83, 32.26
0.16, -0.71, -0.29, -4.43, -64.00, 32.21
-0.01, -0.76, -0.28, 6.57, -46.93, 31.28
-0.18, -0.81, -0.21, 10.21, -13.75, 24.51
-0.34, -0.86, -0.09, 13.32, 24.23, 22.18
-0.33, -0.94, -0.07, 13.65, 46.91, 16.06
-0.27, -1.06, -0.04, 5.39, 49.08, 6.35
-0.25, -1.14, 0.02, -7.03, 36.21, -6.95
-0.26, -1.15, 0.12, -21.29, 21.74, -19.79
-0.27, -1.09, 0.16, -27.85, 26.04, -28.95
-0.25, -1.04, 0.06, -30.21, 33.26, -34.95
-0.22, -1.02, -0.06, -31.10, 35.08, -34.33
-0.13, -0.96, -0.15, -30.47, 32.07, -29.99
-0.02, -0.86, -0.19, -29.70, 20.47, -23.29
0.10, -0.78, -0.18, -26.50, 1.75, -11.27
0.19, -0.74, -0.23, -26.59, -20.84, 3.20
0.20, -0.72, -0.29, -21.32, -28.70, 17.25
0.19, -0.70, -0.29, -10.70, -41.74, 28.41
0.14, -0.72, -0.28, -1.33, -51.27, 29.55
0.01, -0.78, -0.30, 8.96, -41.37, 30.44
-0.10, -0.83, -0.24, 11.47, -22.88, 29.71
-0.17, -0.88, -0.09, 12.68, -4.29, 24.11
-0.24, -0.94, -0.01, 9.72, 20.96, 18.70
-0.30, -1.03, 0.05, 6.99, 41.89, 7.43
-0.34, -1.10, 0.04, -3.64, 49.31, -4.57
-0.36, -1.17, 0.08, -21.11, 31.11, -16.26
-0.34, -1.13, 0.15, -30.66, 27.26, -32.92
-0.30, -1.02, 0.11, -33.29, 33.75, -41.47
-0.24, -1.00, -0.05, -34.67, 38.16, -38.81
-0.11, -0.99, -0.20, -31.35, 31.38, -32.06
0.06, -0.87, -0.25, -29.39, 10.44, -21.83
0.17, -0.77, -0.25, -24.45, -8.41, -11.93
0.21, -0.74, -0.30, -24.66, -21.69, 8.85
0.22, -0.75, -0.29, -20.00, -32.14, 22.00
0.21, -0.74, -0.27, -11.56, -44.48, 31.81
0.11, -0.76, -0.30, -3.91, -46.20, 31.01
-0.05, -0.80, -0.22, 0.09, -28.47, 29.04
-0.19, -0.85, -0.12, 5.26, -4.42, 27.27
-0.23, -0.90, -0.07, 5.16, 14.22, 23.29
-0.24, -0.97, -0.01, 0.53, 30.15, 12.56
-0.29, -1.02, 0.05, -4.88, 43.45, 2.34
-0.33, -1.07, 0.07, -17.20, 37.05, -9.41
-0.34, -1.11, 0.12, -30.27, 21.68, -27.46
-0.36, -1.04, 0.14, -35.06, 27.59, -38.67
-0.29, -1.00, -0.01, -33.87, 30.29, -41.42
-0.15, -0.99, -0.18, -34.09, 27.74, -35.24
0.04, -0.91, -0.22, -31.49, 12.91, -29.62
0.15, -0.83, -0.25, -28.36, -6.35, -19.81
0.18, -0.80, -0.30, -28.36, -11.59, -0.89
0.24, -0.77, -0.36, -19.16, -28.21, 19.64
0.27, -0.74, -0.36, -12.56, -43.10, 29.31
0.21, -0.75, -0.34, -3.71, -57.73, 33.76
0.04, -0.79, -0.27, -0.93, -45.98, 30.48
-0.18, -0.82, -0.10, 0.59, -13.87, 26.27
-0.32, -0.86, -0.03, 1.84, 16.10, 23.15
-0.33, -0.93, -0.04, 0.61, 39.96, 14.43
-0.29, -0.99, -0.02, -0.60, 46.85, 4.81
-0.26, -1.03, -0.02, -7.65, 44.16, -5.43
-0.24, -1.07, 0.04, -19.75, 30.38, -17.57
-0.24, -1.07, 0.12, -29.96, 21.93, -29.67
-0.26, -1.04, 0.08, -34.68, 26.17, -37.90
-0.23, -1.02, -0.09, -34.82, 27.17, -38.36
-0.13, -0.98, -0.20, -37.01, 24.56, -34.97
0.01, -0.88, -0.21, -34.10, 13.55, -23.76
0.16, -0.79, -0.27, -29.56, -10.73, -11.17
0.21, -0.75, -0.33, -24.12, -27.11, -3.16
0.18, -0.73, -0.33, -18.47, -26.51, 12.38
0.15, -0.73, -0.30, -10.83, -29.03, 23.13
0.09, -0.75, -0.34, -0.91, -36.44, 29.55
0.06, -0.77, -0.33, 4.13, -36.30, 28.54
-0.06, -0.80, -0.21, 6.15, -22.04, 31.03
-0.11, -0.83, -0.12, 5.93, -5.83, 30.42
-0.19, -0.87, -0.05, 6.75, 15.53, 23.50
-0.27, -0.94, -0.01, 4.82, 28.71, 15.17
-0.30, -1.03, 0.00, -2.72, 37.24, 1.98
-0.31, -1.10, 0.01, -14.51, 30.93, -6.26
-0.32, -1.13, 0.07, -28.26, 19.34, -23.10
-0.28, -1.05, 0.07, -30.17, 25.16, -29.84
-0.21, -1.00, -0.05, -30.42, 32.58, -35.65
-0.14, -1.02, -0.17, -32.43, 36.35, -32.36
-0.02, -0.97, -0.22, -30.22, 30.44, -23.60
0.10, -0.86, -0.26, -26.20, 12.11, -12.77
0.18, -0.79, -0.29, -23.18, -5.15, 0.26
0.17, -0.75, -0.31, -17.06, -16.65, 12.10
0.13, -0.74, -0.30, -12.56, -31.88, 19.90
0.10, -0.76, -0.24, -8.88, -46.37, 21.75
0.00, -0.78, -0.23, -1.69, -42.08, 21.61
-0.11, -0.81, -0.23, 1.34, -29.58, 19.12
-0.20, -0.85, -0.17, 3.43, -10.71, 14.58
-0.24, -0.91, -0.14, 6.18, 12.38, 10.94
-0.24, -0.96, -0.09, 3.33, 26.32, 5.01
-0.23, -1.01, -0.05, -2.07, 30.87, -0.75
-0.23, -1.04, -0.04, -8.79, 30.50, -11.08
-0.26, -1.05, -0.03, -15.01, 31.55, -18.65
-0.27, -1.04, -0.00, -21.20, 33.33, -26.58
-0.25, -1.01, -0.02, -25.03, 44.45, -35.70
-0.22, -0.98, -0.05, -29.16, 54.83, -38.06
-0.13, -0.94, -0.09, -30.79, 54.66, -30.33
0.11, -0.86, -0.20, -27.31, 26.85, -15.61
0.27, -0.78, -0.26, -24.41, -8.72, -6.22
0.28, -0.72, -0.27, -18.84, -21.52, 12.91
0.26, -0.72, -0.29, -12.54, -37.92, 24.11
0.22, -0.76, -0.29, -4.43, -52.55, 29.61
0.10, -0.79, -0.31, 4.55, -52.68, 30.01
-0.05, -0.83, -0.30, 10.82, -37.39, 28.21
-0.13, -0.88, -0.22, 9.90, -13.36, 24.70
-0.24, -0.92, -0.05, 9.80, 16.55, 18.08
-0.31, -0.99, -0.03, 9.00, 37.52, 10.12
-0.30, -1.08, -0.06, -1.13, 41.79, -1.68
-0.27, -1.14, -0.01, -10.00, 36.30, -11.71
-0.26, -1.13, 0.08, -24.47, 25.22, -24.03
-0.25, -1.08, 0.14, -32.91, 23.96, -34.20
-0.23, -1.05, 0.06, -36.80, 29.75, -41.61
-0.19, -1.04, -0.11, -39.33, 41.69, -42.62
-0.07, -0.97, -0.20, -38.15, 33.51, -34.27
0.07, -0.82, -0.23, -34.30, 6.90, -27.68
0.15, -0.76, -0.28, -28.69, -1.89, -11.80
0.22, -0.70, -0.34, -18.86, -19.51, 8.95
0.27, -0.63, -0.35, -13.67, -32.62, 18.04
0.23, -0.63, -0.28, -6.40, -42.96, 29.50
0.09, -0.69, -0.27, 1.82, -41.89, 30.44
-0.03, -0.75, -0.27, 6.58, -29.56, 29.15
-0.13, -0.80, -0.20, 11.92, -11.12, 24.84
-0.21, -0.84, -0.16, 13.83, 23.21, 25.17
-0.22, -0.91, -0.12, 12.96, 34.25, 20.12
-0.19, -1.03, -0.04, 6.40, 37.23, 12.62
-0.20, -1.13, 0.00, -4.37, 26.58, 1.32
-0.24, -1.20, 0.08, -19.29, 19.44, -13.29
-0.29, -1.18, 0.15, -29.52, 29.35, -24.42
-0.28, -1.13, 0.10, -36.20, 35.00, -32.66
-0.20, -1.09, -0.05, -40.19, 38.78, -38.71
-0.11, -1.03, -0.16, -39.26, 35.02, -36.55
0.01, -0.91, -0.25, -33.83, 26.24, -26.13
0.18, -0.79, -0.32, -27.75, 6.92, -9.01
0.29, -0.69, -0.34, -18.32, -19.63, 5.24
0.28, -0.65, -0.33, -13.11, -34.84, 20.70
0.20, -0.66, -0.25, -10.76, -53.20, 23.54
0.06, -0.73, -0.19, -5.54, -51.45, 26.78
-0.07, -0.78, -0.23, 4.77, -43.17, 25.14
-0.12, -0.80, -0.27, 12.52, -28.27, 22.52
-0.12, -0.85, -0.22, 12.56, -6.57, 23.82
-0.15, -0.92, -0.07, 12.28, 9.73, 16.36
-0.21, -0.99, -0.03, 9.18, 36.94, 13.32
-0.27, -1.08, 0.01, -1.18, 43.58, 2.03
-0.30, -1.16, 0.06, -17.12, 37.11, -8.98
-0.31, -1.14, 0.11, -27.14, 32.73, -26.58
-0.29, -1.05, 0.11, -32.85, 35.88, -33.13
-0.22, -1.02, -0.03, -33.98, 40.63, -39.92
-0.14, -0.98, -0.18, -34.43, 43.79, -38.72
0.00, -0.89, -0.28, -29.44, 36.76, -24.41
0.21, -0.78, -0.30, -21.28, 10.87, -11.77
0.30, -0.72, -0.31, -16.04, -14.84, 7.13
0.30, -0.71, -0.33, -12.27, -37.57, 20.61
0.26, -0.73, -0.27, -8.78, -60.17, 25.30
0.15, -0.78, -0.23, -1.53, -64.00, 26.36
0.02, -0.82, -0.28, 9.23, -64.00, 25.62
-0.10, -0.85, -0.27, 10.56, -41.19, 17.45
-0.25, -0.87, -0.09, 5.65, 5.38, 19.47
-0.29, -0.92, 0.01, 10.23, 31.03, 19.09
-0.21, -1.02, -0.09, 3.76, 39.78, 11.55
-0.18, -1.09, -0.03, -4.82, 34.30, -1.86
-0.24, -1.12, 0.09, -15.09, 32.87, -16.40
-0.30, -1.11, 0.09, -25.76, 38.18, -23.48
-0.27, -1.08, 0.05, -31.16, 44.07, -30.89
-0.20, -1.04, -0.06, -33.85, 46.84, -34.93
-0.11, -0.99, -0.14, -36.62, 41.97, -35.48
-0.02, -0.91, -0.15, -35.60, 34.79, -27.73
0.11, -0.81, -0.21, -30.90, 18.48, -10.30
0.23, -0.72, -0.31, -23.62, -7.61, 3.50
0.26, -0.65, -0.35, -15.48, -31.18, 13.21
0.19, -0.64, -0.29, -11.26, -49.12, 17.61
0.08, -0.70, -0.24, -6.38, -54.19, 15.96
-0.06, -0.80, -0.26, 2.98, -42.70, 15.68
-0.11, -0.87, -0.25, 6.54, -22.19, 9.79
-0.16, -0.91, -0.17, 3.03, 2.45, 13.01
-0.14, -0.96, -0.07, 7.20, 18.51, 10.45
-0.12, -1.04, -0.11, 7.39, 28.14, 4.93
-0.14, -1.12, -0.14, 2.96, 37.38, -2.75
-0.17, -1.13, -0.10, -0.29, 42.66, -10.36
-0.20, -1.08, -0.08, -2.79, 49.68, -18.62
-0.22, -1.06, -0.04, -9.67, 52.40, -29.39
-0.22, -1.08, 0.03, -21.93, 52.27, -37.42
-0.19, -1.06, 0.05, -33.97, 48.21, -40.87
-0.07, -0.97, 0.01, -40.74, 39.99, -35.09
0.10, -0.85, -0.09, -42.53, 19.38, -19.88
0.27, -0.78, -0.15, -38.32, -14.60, -9.12
0.29, -0.70, -0.23, -29.67, -32.32, -2.11
0.21, -0.65, -0.29, -22.95, -36.30, 12.14
0.14, -0.65, -0.29, -14.96, -42.14, 17.72
0.08, -0.68, -0.32, -3.41, -43.30, 19.42
0.03, -0.74, -0.37, 8.85, -37.41, 18.53
-0.01, -0.82, -0.29, 13.29, -20.29, 18.99
-0.06, -0.87, -0.15, 10.45, -2.24, 21.23
-0.13, -0.97, -0.04, 11.63, 24.63, 13.76
-0.19, -1.01, -0.08, 9.03, 48.28, 14.58
-0.15, -1.10, -0.08, 1.75, 49.67, 7.85
-0.10, -1.15, -0.02, -7.77, 35.75, -0.68
-0.11, -1.15, 0.04, -19.54, 20.23, -14.82
-0.18, -1.12, 0.09, -30.01, 21.95, -24.92
-0.21, -1.09, 0.05, -36.22, 26.42, -29.19
-0.14, -1.05, -0.05, -39.56, 24.28, -30.91
-0.03, -0.93, -0.14, -37.74, 17.61, -24.82
0.10, -0.82, -0.20, -32.15, -2.04, -13.20
0.18, -0.74, -0.26, -24.00, -19.06, -3.19
0.17, -0.69, -0.30, -18.23, -29.22, 5.26
0.16, -0.67, -0.29, -11.67, -36.15, 15.33
0.14, -0.69, -0.29, -3.89, -43.41, 21.93
0.08, -0.74, -0.34, 5.63, -44.89, 23.42
0.04, -0.81, -0.33, 7.18, -33.61, 25.05
-0.01, -0.88, -0.12, 4.47, -17.05, 20.49
-0.16, -0.93, -0.00, 4.45, 21.95, 15.95
-0.26, -1.02, -0.08, 5.08, 50.23, 16.54
-0.20, -1.12, -0.12, -0.68, 51.42, 8.86
-0.09, -1.15, -0.07, -7.76, 26.50, 0.68
-0.09, -1.13, 0.01, -18.52, 13.94, -15.22
-0.21, -1.10, 0.05, -29.14, 22.41, -24.20
-0.26, -1.07, 0.04, -37.12, 34.46, -30.63
-0.20, -1.01, -0.04, -36.86, 40.93, -31.84
-0.07, -0.93, -0.18, -33.22, 34.43, -26.98
0.07, -0.84, -0.23, -30.33, 16.39, -18.04
0.17, -0.78, -0.23, -25.28, -1.94, -6.33
0.18, -0.74, -0.23, -22.25, -17.47, -1.57
0.16, -0.72, -0.21, -21.62, -25.10, 10.05
0.16, -0.72, -0.20, -16.31, -31.24, 18.98
0.13, -0.71, -0.27, -6.63, -37.20, 22.27
0.09, -0.74, -0.31, -3.12, -35.50, 21.22
-0.02, -0.82, -0.20, 3.56, -20.37, 17.01
-0.15, -0.88, -0.12, 6.52, 3.31, 12.45
-0.22, -0.96, -0.12, 5.78, 29.20, 6.98
-0.23, -1.04, -0.12, 5.41, 48.44, 0.51
-0.15, -1.08, -0.11, 0.48, 47.97, -5.28
-0.09, -1.10, -0.04, -7.67, 41.62, -11.55
-0.08, -1.12, 0.04, -19.00, 28.37, -19.26
-0.07, -1.11, 0.01, -25.75, 21.91, -22.88
-0.06, -1.06, -0.06, -35.39, 21.72, -26.36
-0.05, -0.98, -0.06, -37.62, 21.73, -23.22
0.01, -0.90, -0.13, -35.85, 12.45, -14.24
0.11, -0.83, -0.23, -30.91, -4.42, -1.97
0.18, -0.74, -0.28, -22.70, -23.54, 3.60
0.17, -0.69, -0.29, -14.22, -32.65, 10.29
0.12, -0.68, -0.30, -5.55, -34.74, 13.42
0.05, -0.73, -0.32, -0.75, -29.00, 15.31
0.01, -0.80, -0.26, 0.60, -20.19, 15.02
-0.03, -0.86, -0.17, 2.05, -5.32, 16.56
-0.05, -0.92, -0.16, 2.69, 4.18, 17.17
-0.04, -0.99, -0.13, -1.89, 8.33, 14.51
-0.06, -1.05, -0.06, -5.71, 17.29, 9.40
-0.11, -1.09, -0.03, -11.73, 27.60, 0.84
-0.17, -1.12, -0.01, -17.40, 35.03, -7.77
-0.19, -1.12, -0.02, -24.00, 28.29, -16.20
-0.14, -1.08, -0.07, -28.68, 17.91, -25.81
-0.11, -1.02, -0.08, -33.19, 14.44, -28.55
-0.08, -0.96, -0.07, -35.49, 15.02, -30.20
-0.02, -0.91, -0.13, -34.89, 14.31, -20.89
0.09, -0.84, -0.25, -30.87, 1.38, -7.74
0.18, -0.73, -0.26, -22.34, -12.85, 0.71
0.23, -0.66, -0.29, -13.73, -25.02, 17.30
0.24, -0.64, -0.30, -6.69, -43.61, 21.80
0.14, -0.67, -0.30, 1.72, -50.39, 24.34
0.04, -0.75, -0.29, 5.99, -40.59, 25.62
-0.03, -0.82, -0.17, 3.39, -22.72, 21.35
-0.13, -0.88, -0.07, 6.54, 5.47, 19.27
-0.20, -0.96, -0.10, 5.77, 31.65, 15.70
-0.17, -1.06, -0.12, 1.38, 38.46, 10.54
-0.09, -1.12, -0.11, -1.66, 24.84, 5.28
-0.05, -1.14, -0.09, -6.24, 16.57, -3.38
-0.11, -1.14, -0.01, -16.42, 18.27, -13.53
-0.19, -1.12, 0.01, -26.79, 22.51, -23.11
-0.21, -1.08, -0.03, -31.90, 33.08, -29.21
-0.18, -1.01, -0.12, -34.62, 36.04, -29.23
-0.09, -0.92, -0.15, -37.69, 20.90, -25.82
0.05, -0.84, -0.16, -33.57, 4.88, -16.11
0.12, -0.76, -0.23, -25.55, -9.58, -10.34
0.12, -0.70, -0.28, -19.26, -10.60, -3.19
0.14, -0.67, -0.28, -11.61, -11.84, 10.92
0.18, -0.67, -0.31, -2.13, -23.68, 19.61
0.14, -0.72, -0.35, 1.97, -28.19, 19.59
0.03, -0.79, -0.28, 4.61, -20.58, 16.57
-0.09, -0.86, -0.14, 3.01, 1.21, 13.37
-0.18, -0.93, -0.08, 3.91, 28.32, 9.41
-0.21, -1.00, -0.10, 1.49, 46.33, 4.52
-0.14, -1.07, -0.11, -1.59, 43.79, -0.56
-0.07, -1.10, -0.11, -6.35, 39.55, -6.06
-0.07, -1.10, -0.08, -11.53, 34.84, -12.58
-0.11, -1.09, -0.06, -16.04, 37.97, -22.45
-0.15, -1.09, -0.09, -18.83, 48.44, -30.99
-0.17, -1.07, -0.08, -26.32, 56.70, -37.81
-0.12, -1.01, -0.08, -29.35, 62.67, -38.31
0.01, -0.93, -0.11, -33.37, 51.81, -29.78
0.17, -0.87, -0.13, -32.28, 23.25, -18.30
0.27, -0.79, -0.19, -25.32, 4.38, -6.02
0.32, -0.66, -0.27, -16.84, -13.15, 10.82
0.31, -0.61, -0.27, -11.51, -35.75, 11.85
0.15, -0.63, -0.18, -9.15, -41.56, 12.63
-0.01, -0.73, -0.16, -5.52, -29.13, 13.64
-0.06, -0.84, -0.16, -4.03, -9.29, 10.84
-0.04, -0.90, -0.15, -0.63, 6.93, 9.47
-0.02, -0.93, -0.17, 2.03, 16.89, 10.26
0.01, -1.00, -0.20, 3.04, 19.47, 7.19
0.02, -1.07, -0.16, -1.50, 22.66, 1.08
-0.02, -1.11, -0.09, -7.32, 26.04, -4.88
-0.07, -1.14, -0.04, -15.93, 26.76, -11.52
-0.08, -1.13, -0.01, -25.80, 25.99, -19.21
-0.06, -1.10, -0.02, -32.97, 21.79, -23.97
-0.01, -1.04, -0.10, -36.46, 15.87, -22.54
0.06, -0.94, -0.15, -37.97, 6.47, -22.55
0.12, -0.85, -0.19, -32.27, -2.03, -13.68
0.20, -0.77, -0.31, -19.03, -2.95, 1.92
0.24, -0.67, -0.38, -9.19, -14.91, 12.22
0.19, -0.61, -0.28, -7.23, -29.75, 16.23
0.08, -0.67, -0.18, -4.93, -30.47, 16.43
-0.01, -0.77, -0.19, -3.09, -18.16, 18.60
-0.03, -0.84, -0.18, -1.83, -7.45, 17.43
-0.03, -0.88, -0.17, -0.91, 6.11, 18.84
-0.04, -0.94, -0.16, -2.38, 16.04, 14.49
-0.05, -1.02, -0.15, -4.15, 24.94, 8.61
-0.06, -1.09, -0.13, -6.69, 31.31, 0.55
-0.09, -1.13, -0.10, -10.24, 36.51, -6.74
-0.10, -1.13, -0.04, -19.37, 36.33, -16.72
-0.09, -1.11, -0.02, -25.16, 38.59, -22.89
-0.06, -1.05, -0.06, -30.16, 39.70, -25.38
-0.01, -0.98, -0.11, -32.36, 36.07, -23.58
0.08, -0.88, -0.15, -31.00, 21.08, -15.80
0.17, -0.80, -0.19, -26.68, 3.84, -5.99
0.27, -0.73, -0.26, -16.77, -14.51, 9.24
0.28, -0.68, -0.29, -10.19, -22.97, 13.07
0.18, -0.68, -0.24, -8.17, -31.32, 14.08
0.05, -0.78, -0.22, -4.21, -22.72, 17.29
0.01, -0.85, -0.24, -3.50, -17.79, 17.03
0.05, -0.91, -0.21, -2.27, -10.55, 17.14
0.08, -0.95, -0.16, 0.67, -4.59, 14.11
0.02, -0.98, -0.21, 3.97, 10.81, 10.82
-0.08, -1.01, -0.20, 2.10, 21.50, 2.25
-0.13, -1.06, -0.11, -2.17, 29.93, -4.11
-0.12, -1.08, -0.07, -5.65, 33.92, -11.33
-0.13, -1.07, -0.05, -12.07, 39.64, -20.52
-0.11, -1.06, -0.01, -21.77, 42.45, -26.32
-0.05, -1.04, -0.01, -28.89, 42.82, -28.21
0.01, -0.98, -0.09, -33.41, 40.85, -24.87
0.10, -0.90, -0.11, -35.39, 26.46, -16.11
0.20, -0.82, -0.17, -30.72, 6.00, -0.93
0.29, -0.73, -0.28, -17.85, -18.04, 8.65
0.31, -0.66, -0.31, -11.26, -38.45, 17.09
0.23, -0.68, -0.24, -7.44, -51.74, 17.69
0.06, -0.76, -0.20, -4.17, -38.10, 18.96
-0.04, -0.82, -0.23, -3.50, -23.16, 19.65
0.03, -0.86, -0.19, -0.03, -16.73, 23.14
0.11, -0.88, -0.16, 6.85, -10.61, 24.52
0.07, -0.92, -0.22, 9.34, -1.24, 21.82
-0.04, -0.99, -0.17, 5.80, 6.58, 15.67
-0.09, -1.09, -0.07, 0.04, 13.04, 9.26
-0.11, -1.11, -0.06, -6.20, 14.45, 0.60
-0.12, -1.12, -0.05, -13.51, 17.07, -9.68
-0.13, -1.11, -0.02, -22.26, 19.97, -18.56
-0.12, -1.09, 0.00, -30.36, 17.83, -25.83
-0.08, -1.07, -0.04, -35.09, 18.98, -28.47
-0.04, -1.00, -0.10, -37.99, 20.35, -28.03
0.06, -0.92, -0.15, -36.01, 14.57, -18.63
0.20, -0.81, -0.25, -27.32, -2.93, -2.26
0.35, -0.70, -0.33, -18.61, -27.93, 11.80
0.39, -0.63, -0.33, -12.21, -49.06, 22.32
0.25, -0.63, -0.26, -11.43, -56.48, 21.38
0.02, -0.71, -0.23, -10.45, -43.09, 25.33
-0.06, -0.79, -0.22, -8.74, -28.72, 26.19
-0.02, -0.82, -0.18, -2.03, -14.21, 23.86
-0.05, -0.84, -0.19, 4.60, 7.92, 22.57
-0.13, -0.92, -0.18, 4.53, 24.28, 18.48
-0.12, -1.03, -0.14, 2.64, 28.73, 15.12
-0.05, -1.10, -0.10, -2.06, 24.04, 12.06
-0.03, -1.12, -0.02, -10.18, 18.24, 2.08
-0.07, -1.13, 0.02, -18.79, 17.24, -5.94
-0.12, -1.13, 0.00, -26.16, 16.33, -14.77
-0.14, -1.09, -0.04, -31.12, 14.12, -21.15
-0.11, -1.02, -0.07, -34.70, 9.45, -23.08
-0.02, -0.96, -0.10, -35.05, -1.55, -24.48
0.04, -0.88, -0.16, -32.97, -7.00, -18.46
0.10, -0.81, -0.22, -27.72, -7.40, -6.08
0.21, -0.74, -0.29, -19.74, -14.64, 7.79
0.32, -0.68, -0.35, -9.00, -33.93, 21.29
0.30, -0.67, -0.38, 0.88, -55.12, 27.65
0.16, -0.73, -0.39, 7.40, -64.00, 26.86
0.04, -0.80, -0.29, 8.08, -63.10, 25.24
-0.02, -0.85, -0.09, 2.24, -39.31, 20.62
-0.18, -0.90, 0.03, 0.31, 6.44, 22.24
-0.26, -1.00, -0.08, 0.92, 34.98, 21.85
-0.15, -1.02, -0.12, 1.72, 34.54, 19.06
-0.03, -1.02, -0.12, 1.94, 18.70, 12.68
-0.04, -1.03, -0.06, -7.92, 5.15, 5.04
-0.13, -1.07, 0.04, -18.01, 2.23, -4.84
-0.19, -1.06, 0.02, -24.34, 2.57, -10.50
-0.17, -1.01, -0.08, -28.09, -4.97, -10.59
-0.05, -0.94, -0.14, -24.51, -20.60, -9.63
0.04, -0.85, -0.19, -21.61, -37.94, -7.17
0.08, -0.82, -0.24, -19.49, -46.30, -1.79
0.07, -0.82, -0.22, -15.42, -45.61, -0.52
0.02, -0.81, -0.25, -10.38, -36.72, 5.32
0.01, -0.81, -0.31, -5.29, -26.76, 13.46
0.05, -0.82, -0.31, -0.69, -25.18, 24.08
0.13, -0.84, -0.26, 0.62, -30.98, 38.32
0.19, -0.89, -0.14, -3.69, -35.70, 27.40
-0.05, -0.93, 0.00, -0.62, 3.85, 21.32
-0.32, -0.95, -0.05, 4.08, 55.26, 18.44
-0.38, -1.02, -0.08, -5.93, 42.89, 12.33
-0.27, -1.10, 0.01, -18.26, -2.04, -15.40
-0.25, -1.03, 0.08, -18.49, 8.02, -24.14
-0.27, -0.98, 0.04, -26.26, 21.32, -21.40
-0.16, -1.00, -0.04, -28.39, 21.63, -20.15
-0.01, -0.97, -0.14, -24.47, 6.97, -17.49
0.10, -0.90, -0.21, -23.80, -13.86, -10.39
0.14, -0.84, -0.21, -22.01, -30.76, -0.57
0.13, -0.79, -0.21, -18.56, -38.09, 5.80
0.10, -0.77, -0.21, -14.90, -40.68, 12.48
0.04, -0.77, -0.24, -7.83, -39.93, 17.67
-0.01, -0.78, -0.29, -0.66, -40.95, 18.93
-0.05, -0.81, -0.27, 4.71, -37.18, 19.82
-0.06, -0.84, -0.22, 5.47, -28.61, 19.14
-0.11, -0.89, -0.08, 0.73, -3.96, 13.94
-0.24, -0.94, 0.04, -1.10, 26.50, 12.75
-0.28, -1.02, 0.03, -5.33, 45.99, 9.52
-0.24, -1.08, -0.02, -10.19, 40.92, 1.31
-0.21, -1.10, -0.01, -18.29, 16.01, -10.92
-0.22, -1.04, 0.05, -24.85, 9.22, -21.79
-0.22, -1.00, 0.04, -27.93, 7.70, -25.53
-0.19, -1.01, -0.03, -30.62, 9.87, -29.56
-0.12, -0.99, -0.12, -30.53, 5.33, -26.20
0.02, -0.92, -0.18, -28.08, -8.47, -20.10
0.12, -0.83, -0.23, -24.79, -18.08, -8.23
0.16, -0.76, -0.28, -18.76, -24.09, 4.40
0.19, -0.72, -0.29, -11.37, -35.42, 16.09
0.18, -0.72, -0.30, -3.05, -47.38, 23.65
0.08, -0.75, -0.32, 2.74, -50.31, 27.26
-0.02, -0.78, -0.26, 2.14, -35.03, 27.08
-0.15, -0.81, -0.07, 1.19, -6.32, 23.06
-0.27, -0.87, -0.01, 5.77, 25.13, 22.21
-0.29, -0.98, -0.04, 1.15, 42.58, 15.66
-0.25, -1.06, -0.00, -2.93, 41.28, 4.53
-0.23, -1.09, 0.05, -13.68, 21.59, -4.19
-0.22, -1.09, 0.09, -22.44, 9.83, -19.58
-0.23, -1.05, 0.07, -26.35, 9.83, -22.76
-0.19, -1.02, -0.01, -29.06, 8.30, -27.79
-0.12, -1.01, -0.10, -29.78, 7.66, -24.07
-0.06, -0.96, -0.17, -28.44, 1.80, -19.72
0.02, -0.86, -0.21, -26.76, -8.64, -13.52
0.07, -0.80, -0.23, -26.76, -15.03, -3.33
0.11, -0.77, -0.28, -20.90, -19.44, 8.74
0.13, -0.73, -0.28, -12.03, -26.84, 17.74
0.12, -0.73, -0.31, -3.19, -34.54, 25.56
0.06, -0.76, -0.31, 5.37, -35.76, 25.21
-0.03, -0.79, -0.23, 6.97, -21.31, 25.88
-0.14, -0.84, -0.08, 6.19, -0.01, 21.12
-0.26, -0.91, 0.01, 5.33, 30.65, 17.51
-0.31, -0.99, 0.02, 0.42, 44.70, 10.17
-0.30, -1.05, 0.02, -4.73, 42.39, 0.86
-0.24, -1.08, 0.06, -14.18, 26.49, -9.53
-0.21, -1.08, 0.09, -21.54, 16.24, -22.51
-0.21, -1.04, 0.08, -26.27, 18.09, -26.79
-0.18, -1.02, -0.05, -27.77, 22.28, -27.13
-0.11, -0.99, -0.15, -28.39, 16.75, -22.14
-0.02, -0.89, -0.17, -24.35, 3.36, -19.27
0.06, -0.81, -0.20, -23.96, -13.78, -6.70
0.11, -0.78, -0.24, -22.43, -24.29, 1.91
0.12, -0.76, -0.23, -16.32, -30.72, 10.68
0.09, -0.73, -0.21, -11.26, -33.09, 18.88
0.06, -0.74, -0.26, -1.16, -36.03, 22.76
-0.00, -0.77, -0.27, 5.70, -33.18, 25.47
-0.07, -0.80, -0.24, 9.48, -21.01, 22.74
-0.15, -0.83, -0.13, 4.93, -0.67, 25.66
-0.20, -0.90, 0.02, 5.37, 19.75, 17.01
-0.24, -0.99, 0.02, 0.56, 31.22, 14.74
-0.24, -1.09, 0.01, -4.00, 24.16, 2.03
-0.24, -1.11, -0.02, -8.80, 18.93, -8.64
-0.27, -1.11, 0.01, -17.94, 15.85, -20.46
-0.27, -1.08, 0.05, -24.49, 22.53, -24.81
-0.21, -1.04, 0.02, -29.26, 24.89, -27.31
-0.14, -1.01, -0.07, -29.28, 22.91, -25.35
-0.06, -0.95, -0.14, -30.51, 9.57, -19.60
0.03, -0.85, -0.18, -28.89, -8.51, -9.52
0.09, -0.77, -0.20, -23.93, -22.80, -3.67
0.10, -0.74, -0.23, -18.70, -32.65, 6.72
0.11, -0.75, -0.24, -14.01, -36.87, 13.77
0.07, -0.75, -0.23, -6.93, -35.34, 18.92
-0.01, -0.76, -0.25, 1.02, -26.83, 22.68
-0.07, -0.81, -0.26, 4.96, -14.41, 24.46
-0.11, -0.86, -0.17, 5.98, -0.59, 23.11
-0.16, -0.93, -0.06, 3.15, 13.88, 19.31
-0.22, -0.99, 0.04, -1.65, 25.31, 11.09
-0.29, -1.03, 0.07, -3.36, 32.47, 1.33
-0.32, -1.06, 0.01, -9.00, 38.54, -6.07
-0.27, -1.11, 0.01, -19.46, 22.38, -16.66
-0.22, -1.09, 0.04, -25.40, 16.08, -24.67
-0.21, -1.01, 0.01, -26.69, 17.05, -27.79
-0.19, -0.98, -0.06, -27.33, 18.42, -27.01
-0.12, -0.94, -0.11, -29.55, 9.56, -24.18
-0.02, -0.86, -0.15, -29.43, -3.95, -16.74
0.06, -0.78, -0.19, -27.57, -11.45, -6.35
0.13, -0.73, -0.21, -22.44, -22.83, 7.29
0.18, -0.70, -0.25, -14.97, -33.64, 19.03
0.17, -0.71, -0.31, -4.05, -45.67, 25.19
0.11, -0.76, -0.32, 1.48, -45.04, 27.26
-0.03, -0.81, -0.21, 4.58, -26.60, 25.97
-0.21, -0.85, -0.08, 7.83, 8.46, 23.73
-0.31, -0.92, -0.03, 8.48, 37.19, 19.56
-0.31, -1.00, -0.01, 6.77, 52.48, 10.04
-0.30, -1.07, 0.02, -2.34, 51.36, -0.71
-0.29, -1.14, 0.09, -15.91, 25.65, -13.57
-0.30, -1.11, 0.14, -27.28, 21.22, -28.24
-0.28, -1.03, 0.12, -30.79, 23.72, -31.43
-0.20, -1.00, 0.01, -33.72, 22.27, -35.17
-0.12, -0.98, -0.12, -31.18, 16.25, -26.98
0.02, -0.89, -0.21, -26.75, -0.11, -19.78
0.14, -0.78, -0.25, -23.99, -20.30, -9.43
0.17, -0.73, -0.25, -20.42, -30.11, 8.12
0.19, -0.73, -0.25, -13.63, -39.56, 18.02
0.15, -0.74, -0.27, -6.59, -50.43, 26.06
0.06, -0.78, -0.29, 2.53, -51.19, 27.24
-0.05, -0.81, -0.24, 6.64, -38.60, 28.15
-0.15, -0.85, -0.15, 8.29, -20.08, 26.71
-0.22, -0.90, -0.02, 5.99, 8.71, 17.89
-0.32, -0.96, 0.06, 3.02, 32.83, 13.50
-0.37, -1.02, 0.08, -2.28, 44.31, 2.20
-0.35, -1.08, 0.05, -11.06, 42.95, -8.90
-0.29, -1.11, 0.04, -20.66, 30.96, -18.97
-0.23, -1.06, 0.07, -27.97, 23.54, -24.97
-0.19, -1.01, 0.04, -31.11, 23.34, -29.58
-0.16, -1.00, -0.04, -30.96, 22.48, -29.05
-0.10, -0.96, -0.13, -30.60, 17.67, -24.55
0.00, -0.88, -0.18, -28.79, -0.66, -17.19
0.09, -0.79, -0.19, -26.18, -17.83, -8.85
0.13, -0.76, -0.22, -23.89, -30.37, 4.37
0.15, -0.76, -0.22, -18.06, -36.55, 15.48
0.13, -0.75, -0.23, -10.36, -43.35, 21.88
0.07, -0.78, -0.29, 0.46, -41.02, 27.79
-0.01, -0.82, -0.29, 5.35, -29.40, 29.60
-0.10, -0.85, -0.17, 5.84, -13.62, 25.54
-0.25, -0.87, -0.01, 6.65, 18.17, 15.38
-0.41, -0.93, 0.05, 7.73, 52.47, 7.27
-0.43, -1.03, 0.03, 1.16, 59.58, -5.14
-0.36, -1.11, 0.04, -9.27, 42.33, -17.05
-0.26, -1.09, 0.13, -21.50, 22.62, -29.51
-0.19, -1.05, 0.17, -26.91, 16.43, -32.49
-0.14, -1.04, 0.04, -33.59, 17.41, -32.06
-0.10, -1.02, -0.07, -36.03, 12.39, -28.09
-0.03, -0.94, -0.14, -34.83, 1.56, -21.38
0.05, -0.83, -0.21, -29.96, -15.42, -12.67
0.11, -0.77, -0.24, -29.69, -28.26, -4.25
0.11, -0.76, -0.25, -23.16, -28.88, 8.57
0.09, -0.74, -0.28, -12.42, -28.75, 17.01
0.07, -0.76, -0.32, -3.10, -30.86, 25.03
0.04, -0.82, -0.30, 2.24, -25.62, 26.02
-0.05, -0.86, -0.19, 5.47, -9.29, 22.10
-0.18, -0.88, -0.06, 6.01, 16.86, 18.09
-0.27, -0.93, 0.00, 6.33, 43.53, 13.46
-0.30, -0.98, 0.00, 4.74, 60.00, 3.48
-0.30, -1.04, 0.01, -4.28, 50.29, -4.15
-0.28, -1.08, 0.15, -21.22, 24.64, -21.98
-0.28, -1.05, 0.20, -31.46, 23.11, -27.77
-0.24, -1.01, 0.09, -34.64, 22.02, -32.56
-0.14, -0.99, -0.04, -35.67, 19.77, -30.29
-0.05, -0.92, -0.13, -32.33, 10.97, -25.82
0.07, -0.82, -0.21, -26.22, -1.47, -13.74
0.15, -0.76, -0.26, -23.21, -20.04, -3.84
0.17, -0.74, -0.28, -17.79, -27.94, 10.76
0.14, -0.75, -0.30, -8.57, -32.59, 18.05
0.07, -0.78, -0.30, 0.07, -36.59, 23.22
0.00, -0.83, -0.30, 4.63, -30.63, 24.16
-0.07, -0.87, -0.22, 4.08, -15.40, 24.25
-0.15, -0.90, -0.07, 3.43, 9.59, 19.85
-0.23, -0.94, -0.05, 4.95, 32.40, 20.80
-0.24, -1.00, -0.03, 4.05, 44.33, 11.10
-0.27, -1.03, -0.00, 0.11, 49.17, 0.88
-0.29, -1.09, 0.06, -14.18, 26.18, -11.50
-0.31, -1.12, 0.20, -31.36, 16.09, -31.17
-0.33, -1.06, 0.19, -37.39, 27.37, -35.56
-0.26, -1.02, -0.03, -37.14, 31.77, -34.88
-0.10, -0.98, -0.16, -36.78, 21.51, -31.22
0.06, -0.88, -0.19, -32.77, 2.61, -23.02
0.19, -0.78, -0.22, -28.88, -21.63, -11.86
0.20, -0.75, -0.27, -25.12, -34.70, -0.43
0.11, -0.75, -0.26, -18.71, -32.26, 6.66
0.04, -0.75, -0.26, -12.35, -25.43, 16.73
0.02, -0.77, -0.29, -3.27, -25.13, 22.41
0.03, -0.81, -0.31, 2.49, -25.81, 26.09
0.01, -0.85, -0.22, 2.88, -20.68, 22.22
-0.10, -0.87, -0.07, 4.91, 2.67, 18.66
-0.25, -0.92, -0.03, 7.01, 33.55, 13.02
-0.31, -0.99, -0.02, 4.95, 58.36, 6.09
-0.30, -1.02, 0.00, -0.48, 64.00, -1.69
-0.21, -1.08, 0.04, -15.57, 30.33, -9.43
-0.19, -1.10, 0.15, -32.83, 6.74, -30.96
-0.24, -1.02, 0.19, -37.46, 12.96, -32.53
-0.21, -1.00, 0.03, -38.54, 19.89, -31.71
-0.09, -0.98, -0.15, -37.42, 15.06, -25.24
0.06, -0.88, -0.20, -32.21, -1.55, -18.40
0.16, -0.77, -0.25, -23.79, -21.25, -6.61
0.18, -0.75, -0.29, -21.81, -32.37, 1.45
0.11, -0.77, -0.27, -14.15, -28.72, 10.37
0.07, -0.78, -0.30, -5.96, -30.04, 19.44
0.06, -0.79, -0.36, 2.09, -33.21, 22.64
0.03, -0.82, -0.30, 3.09, -25.48, 19.38
-0.09, -0.83, -0.12, 5.28, 3.23, 22.33
-0.18, -0.85, -0.06, 5.73, 23.28, 24.26
-0.20, -0.94, -0.07, 5.86, 37.31, 18.41
-0.19, -0.99, -0.06, 6.42, 46.33, 12.58
-0.19, -1.03, 0.00, -4.46, 35.96, 5.11
-0.20, -1.10, 0.13, -20.46, 7.85, -14.83
-0.30, -1.11, 0.21, -32.85, 12.40, -27.23
-0.35, -1.06, 0.12, -36.37, 24.84, -33.41
-0.26, -1.02, -0.07, -34.75, 31.84, -34.13
-0.09, -0.95, -0.21, -31.48, 21.68, -27.09
0.08, -0.85, -0.24, -25.33, 0.65, -22.15
0.18, -0.78, -0.27, -24.26, -18.42, -7.13
0.18, -0.78, -0.28, -22.73, -23.31, 2.09
0.14, -0.77, -0.26, -14.09, -24.00, 16.81
0.14, -0.76, -0.33, -4.52, -31.74, 23.96
0.11, -0.78, -0.37, 2.77, -35.48, 26.24
0.01, -0.81, -0.26, 6.00, -16.65, 23.68
-0.15, -0.83, -0.09, 7.04, 10.37, 28.07
-0.21, -0.90, -0.06, 6.03, 27.86, 23.29
-0.22, -0.97, -0.02, 5.92, 36.84, 15.78
-0.24, -1.01, 0.02, 1.10, 39.78, 4.04
-0.26, -1.07, 0.08, -15.29, 17.94, -6.69
-0.29, -1.10, 0.17, -29.98, 7.49, -26.79
-0.33, -1.04, 0.18, -36.00, 18.85, -30.61
-0.26, -1.00, 0.01, -35.29, 21.80, -32.88
-0.12, -0.99, -0.13, -33.93, 19.85, -31.00
-0.01, -0.88, -0.21, -28.13, 11.24, -22.43
0.10, -0.82, -0.25, -23.56, -3.59, -17.28
0.12, -0.79, -0.28, -22.53, -9.26, -2.82
0.13, -0.79, -0.29, -18.17, -11.44, 9.71
0.15, -0.77, -0.30, -10.11, -22.74, 14.51
0.11, -0.77, -0.33, 0.45, -24.21, 20.14
0.00, -0.80, -0.32, 6.90, -15.67, 22.78
-0.04, -0.85, -0.22, 8.69, 1.33, 21.60
-0.14, -0.88, -0.09, 9.53, 26.27, 18.22
-0.20, -0.94, -0.04, 7.62, 41.07, 19.78
-0.19, -0.99, 0.01, 5.67, 41.39, 8.43
-0.20, -1.01, 0.03, 2.39, 38.55, 0.24
-0.21, -1.08, 0.04, -15.09, 17.12, -8.45
-0.22, -1.11, 0.13, -28.94, 5.77, -25.12
-0.25, -1.03, 0.16, -36.38, 14.50, -27.38
-0.22, -0.99, 0.02, -35.48, 18.04, -31.44
-0.11, -0.95, -0.13, -34.22, 16.56, -26.93
0.02, -0.88, -0.20, -26.79, 1.02, -21.32
0.11, -0.81, -0.27, -20.95, -15.78, -18.39
0.11, -0.82, -0.30, -21.80, -10.89, -2.94
0.15, -0.82, -0.29, -15.83, -15.88, 10.89
0.20, -0.79, -0.28, -9.96, -29.35, 17.69
0.18, -0.80, -0.30, -3.70, -39.91, 23.92
0.09, -0.84, -0.27, -1.17, -34.98, 26.25
-0.04, -0.87, -0.18, 0.86, -13.35, 25.01
-0.17, -0.88, -0.07, 2.22, 14.85, 24.13
-0.24, -0.93, -0.03, 3.50, 33.39, 19.12
-0.24, -1.03, -0.02, -1.34, 34.57, 8.08
-0.25, -1.06, 0.02, -12.70, 21.44, -5.89
-0.29, -1.06, 0.14, -26.32, 15.89, -21.56
-0.32, -1.02, 0.17, -33.51, 23.78, -27.45
-0.24, -1.01, 0.05, -37.28, 24.53, -32.93
-0.10, -0.99, -0.09, -35.14, 21.36, -29.85
0.03, -0.90, -0.21, -27.33, 11.99, -20.81
0.13, -0.80, -0.26, -21.41, -6.30, -15.92
0.14, -0.76, -0.30, -16.42, -10.83, -5.95
0.10, -0.77, -0.31, -13.66, -13.61, 5.91
0.10, -0.77, -0.27, -9.41, -20.84, 13.94
0.08, -0.77, -0.25, -3.89, -28.92, 14.85
0.01, -0.81, -0.26, 1.50, -25.18, 18.38
-0.06, -0.85, -0.23, 4.29, -12.09, 16.53
-0.10, -0.89, -0.19, 5.88, 5.79, 20.67
-0.10, -0.92, -0.12, 5.36, 18.17, 20.57
-0.10, -0.98, -0.05, 6.14, 31.36, 17.40
-0.16, -1.02, -0.02, 2.30, 38.68, 9.08
-0.23, -1.08, 0.03, -11.99, 33.64, -0.76
-0.26, -1.11, 0.13, -25.60, 18.82, -16.60
-0.30, -1.06, 0.16, -38.88, 20.46, -26.09
-0.28, -0.97, 0.08, -40.55, 22.76, -31.10
-0.16, -0.95, -0.06, -36.76, 20.44, -29.38
-0.02, -0.88, -0.20, -28.99, 13.60, -24.32
0.13, -0.81, -0.29, -19.66, 1.00, -12.03
0.21, -0.76, -0.35, -12.12, -11.74, -4.17
0.22, -0.75, -0.38, -2.43, -13.39, 9.06
0.19, -0.79, -0.32, 0.61, -24.27, 13.49
0.10, -0.84, -0.28, 5.75, -27.63, 18.19
-0.02, -0.84, -0.26, 5.01, -15.29, 17.87
-0.07, -0.84, -0.11, 1.26, -11.63, 24.45
-0.08, -0.90, 0.00, 0.97, 4.70, 16.17
-0.14, -0.97, -0.02, 2.39, 17.82, 17.12
-0.17, -1.02, -0.01, -1.00, 29.28, 8.80
-0.18, -1.03, 0.03, -6.27, 31.30, 2.07
-0.17, -1.07, 0.02, -15.39, 22.04, -5.51
-0.17, -1.09, 0.06, -29.63, 1.43, -16.99
-0.19, -1.05, 0.10, -36.20, 0.56, -25.19
-0.22, -0.98, -0.02, -33.67, 12.66, -24.43
-0.17, -0.94, -0.14, -33.58, 13.50, -23.81
-0.01, -0.87, -0.18, -27.70, 4.16, -19.00
0.09, -0.79, -0.26, -22.44, -2.50, -7.06
0.14, -0.74, -0.31, -14.37, -6.33, 4.30
0.15, -0.72, -0.30, -8.50, -14.98, 14.09
0.12, -0.75, -0.27, -4.28, -28.14, 15.60
0.04, -0.81, -0.27, 0.24, -35.31, 16.36
-0.03, -0.87, -0.27, 3.65, -33.73, 16.42
-0.06, -0.89, -0.21, 0.04, -23.80, 19.90
-0.08, -0.93, -0.07, -0.72, -4.57, 16.46
-0.13, -1.00, -0.01, 2.70, 22.14, 17.10
-0.15, -1.03, -0.06, 1.69, 34.42, 14.34
-0.13, -1.07, -0.07, -0.67, 39.67, 8.57
-0.13, -1.07, -0.06, -5.97, 34.72, 4.81
-0.14, -1.08, 0.02, -24.60, 7.38, -9.16
-0.20, -1.06, 0.19, -38.63, -0.79, -22.32
-0.26, -1.00, 0.19, -42.33, 9.54, -24.43
-0.23, -0.97, -0.02, -43.06, 16.04, -28.52
-0.12, -0.90, -0.16, -35.24, 14.74, -25.81
-0.00, -0.81, -0.25, -29.46, 7.27, -18.06
0.12, -0.73, -0.29, -19.10, -2.28, -9.20
0.17, -0.72, -0.32, -11.50, -3.93, 3.50
0.15, -0.74, -0.32, -8.99, -7.07, 13.25
0.12, -0.78, -0.27, -6.87, -20.70, 16.26
0.05, -0.82, -0.25, -2.70, -27.35, 17.82
-0.01, -0.85, -0.27, 3.60, -23.83, 22.45
-0.07, -0.87, -0.25, 4.84, -11.71, 27.29
-0.07, -0.89, -0.13, 7.87, -9.99, 23.84
-0.10, -0.93, -0.09, 8.77, 9.51, 22.04
-0.19, -0.99, -0.04, 7.18, 31.11, 14.90
-0.29, -1.05, 0.02, -0.36, 44.25, 4.95
-0.29, -1.12, 0.04, -12.69, 27.86, -3.54
-0.26, -1.13, 0.08, -27.08, 10.75, -27.79
-0.29, -1.05, 0.16, -36.68, 15.17, -28.71
-0.23, -1.01, 0.09, -38.86, 16.61, -32.48
-0.10, -0.99, -0.05, -41.66, 10.94, -31.54
0.00, -0.92, -0.12, -37.94, 7.44, -28.67
0.07, -0.82, -0.23, -30.86, 8.03, -15.54
0.12, -0.75, -0.29, -22.06, 2.15, -5.32
0.16, -0.70, -0.31, -13.33, -6.62, 6.42
0.16, -0.70, -0.30, -10.33, -20.24, 15.36
0.13, -0.74, -0.25, -9.63, -36.21, 15.54
0.02, -0.81, -0.21, -3.95, -32.32, 16.60
-0.07, -0.84, -0.25, 4.73, -17.11, 19.14
-0.08, -0.88, -0.25, 5.11, -0.88, 23.25
-0.06, -0.92, -0.11, 8.38, 5.19, 20.55
-0.10, -0.96, -0.08, 9.44, 24.80, 18.18
-0.17, -1.01, -0.07, 6.21, 40.10, 12.23
-0.21, -1.07, -0.02, -4.26, 36.73, 5.29
-0.21, -1.13, 0.08, -22.39, 6.11, -11.44
-0.25, -1.10, 0.20, -34.64, 2.56, -26.85
-0.30, -1.04, 0.12, -37.23, 14.93, -29.69
-0.22, -1.01, -0.04, -38.04, 26.41, -32.19
-0.11, -0.96, -0.12, -35.73, 25.73, -29.15
0.07, -0.85, -0.22, -28.79, 10.35, -20.28
0.17, -0.77, -0.27, -23.11, -0.72, -11.64
0.14, -0.74, -0.29, -14.39, -3.39, -1.65
0.10, -0.74, -0.28, -14.27, -5.71, 7.91
0.09, -0.75, -0.21, -14.21, -20.83, 12.73
0.08, -0.79, -0.20, -9.80, -32.60, 15.75
0.04, -0.82, -0.26, -2.49, -33.66, 16.21
-0.01, -0.84, -0.27, 1.46, -20.66, 18.65
-0.07, -0.88, -0.18, 4.49, -3.96, 21.18
-0.09, -0.93, -0.13, 5.40, 8.18, 21.66
-0.09, -0.99, -0.09, 5.11, 17.68, 15.75
-0.14, -1.01, -0.02, 3.54, 32.57, 8.96
-0.24, -1.02, -0.01, -0.60, 46.90, 4.18
-0.25, -1.09, 0.01, -15.95, 27.51, -7.70
-0.26, -1.10, 0.14, -35.31, 7.49, -29.68
-0.30, -1.02, 0.22, -41.89, 12.84, -33.82
-0.22, -0.99, 0.06, -42.34, 17.11, -34.36
-0.08, -0.97, -0.14, -37.56, 18.03, -31.54
0.08, -0.88, -0.25, -28.98, 10.79, -23.07
0.18, -0.77, -0.30, -18.84, -3.31, -11.67
0.21, -0.72, -0.32, -11.78, -11.76, -3.73
0.15, -0.73, -0.29, -9.72, -11.15, 8.24
0.11, -0.76, -0.25, -8.45, -21.16, 13.28
0.06, -0.76, -0.23, -0.52, -29.82, 14.84
0.01, -0.75, -0.26, 6.08, -26.00, 17.73
-0.03, -0.78, -0.25, 11.83, -15.73, 21.28
-0.05, -0.84, -0.20, 11.90, -2.95, 26.60
-0.02, -0.93, -0.12, 9.11, -0.31, 28.27
-0.04, -1.01, -0.03, 3.64, 7.87, 21.22
-0.18, -1.06, 0.02, -0.80, 29.53, 14.46
-0.28, -1.12, 0.01, -8.49, 36.22, 5.97
-0.28, -1.17, 0.02, -20.52, 21.19, -11.98
-0.27, -1.12, 0.05, -26.77, 14.05, -26.43
-0.26, -1.05, 0.02, -29.41, 21.96, -32.53
-0.16, -1.01, -0.04, -32.38, 26.31, -32.86
-0.06, -0.97, -0.12, -28.91, 27.61, -25.60
0.12, -0.86, -0.23, -22.76, 12.69, -14.38
0.19, -0.77, -0.27, -16.37, -8.66, -8.24
0.16, -0.74, -0.24, -14.42, -19.96, -1.91
0.09, -0.76, -0.20, -14.92, -20.27, 6.28
0.04, -0.78, -0.18, -15.05, -20.09, 10.87
0.02, -0.80, -0.20, -11.00, -18.34, 13.17
0.01, -0.82, -0.21, -6.93, -14.98, 14.85
-0.03, -0.85, -0.18, -1.16, -4.64, 16.96
-0.07, -0.90, -0.19, 2.00, 5.58, 18.68
-0.08, -0.96, -0.13, 0.18, 11.12, 15.84
-0.09, -1.01, -0.04, -0.41, 16.43, 11.62
-0.14, -1.03, -0.02, -3.75, 30.46, 3.29
-0.20, -1.08, 0.00, -12.06, 34.16, -1.27
-0.19, -1.11, 0.04, -20.72, 23.46, -13.43
-0.17, -1.05, 0.03, -25.95, 20.41, -22.15
-0.18, -0.99, -0.00, -30.63, 22.20, -25.56
-0.13, -0.94, -0.05, -31.42, 21.66, -24.77
-0.01, -0.87, -0.14, -26.54, 11.26, -16.80
0.10, -0.81, -0.22, -22.58, -4.46, -14.56
0.12, -0.77, -0.25, -17.26, -13.75, -5.63
0.10, -0.77, -0.25, -15.71, -18.04, 2.96
0.10, -0.78, -0.23, -14.13, -24.37, 8.39
0.08, -0.80, -0.24, -8.64, -27.74, 14.25
0.06, -0.84, -0.26, -6.32, -25.54, 14.52
-0.01, -0.88, -0.19, -3.74, -12.73, 18.80
-0.09, -0.91, -0.13, -1.43, 6.16, 17.48
-0.14, -0.95, -0.10, -2.18, 18.82, 10.13
-0.16, -1.02, -0.08, -0.74, 32.17, 6.07
-0.18, -1.06, -0.07, -3.70, 39.18, -0.38
-0.18, -1.07, -0.02, -13.41, 29.94, -12.22
-0.18, -1.06, 0.07, -25.36, 28.38, -19.19
-0.15, -1.02, 0.06, -31.59, 26.38, -18.85
-0.08, -0.98, -0.00, -34.59, 21.22, -23.03
-0.01, -0.92, -0.06, -32.66, 14.44, -20.20
0.04, -0.87, -0.15, -29.85, 7.34, -13.34
0.07, -0.82, -0.22, -22.49, 0.44, -6.20
0.09, -0.77, -0.26, -16.11, -8.94, 0.50
0.11, -0.74, -0.26, -13.30, -17.75, 10.46
0.13, -0.75, -0.22, -11.38, -29.49, 14.38
0.07, -0.77, -0.22, -5.87, -32.29, 15.68
0.01, -0.80, -0.24, -2.84, -30.64, 19.38
-0.02, -0.85, -0.22, 0.81, -22.11, 20.27
-0.06, -0.88, -0.18, 1.93, -8.65, 23.11
-0.10, -0.92, -0.12, 2.66, -2.75, 21.71
-0.12, -0.96, -0.11, 4.38, 3.60, 11.28
-0.17, -1.01, -0.10, 1.14, 15.80, 6.42
-0.22, -1.06, -0.06, -1.09, 28.66, -0.08
-0.20, -1.08, -0.05, -6.82, 30.58, -5.93
-0.15, -1.09, 0.02, -17.46, 26.62, -15.77
-0.13, -1.08, 0.09, -24.17, 27.59, -22.33
-0.13, -1.05, 0.01, -26.83, 36.15, -24.06
-0.12, -1.00, -0.09, -30.18, 41.91, -24.32
-0.04, -0.93, -0.13, -29.88, 28.47, -20.16
0.08, -0.86, -0.16, -27.43, 10.29, -11.78
0.14, -0.79, -0.22, -22.82, -3.26, -1.60
0.14, -0.74, -0.26, -17.89, -11.81, 3.13
0.10, -0.71, -0.25, -14.34, -20.41, 12.08
0.06, -0.75, -0.22, -11.29, -29.67, 13.41
-0.02, -0.81, -0.22, -6.91, -24.40, 12.57
-0.06, -0.84, -0.20, -4.07, -14.75, 11.63
-0.09, -0.87, -0.13, -1.59, 4.00, 12.88
-0.10, -0.92, -0.12, 0.28, 16.98, 14.00
-0.07, -0.98, -0.11, 1.09, 17.27, 11.27
-0.06, -1.01, -0.09, -2.88, 19.43, 5.85
-0.09, -1.04, -0.03, -8.70, 19.81, 0.39
-0.13, -1.07, 0.03, -13.15, 18.06, -8.87
-0.16, -1.09, 0.04, -17.99, 19.01, -16.19
-0.15, -1.08, 0.01, -25.22, 16.10, -20.76
-0.08, -1.03, -0.02, -28.14, 7.68, -20.99
-0.01, -0.97, -0.10, -28.23, 0.22, -21.15
0.04, -0.92, -0.18, -27.49, -4.15, -13.68
0.09, -0.85, -0.24, -25.37, -9.38, -6.69
0.11, -0.78, -0.27, -19.78, -12.90, 3.94
0.12, -0.70, -0.30, -13.99, -18.40, 13.62
0.05, -0.69, -0.28, -13.47, -25.79, 13.14
-0.04, -0.77, -0.23, -10.52, -19.08, 15.41
-0.04, -0.84, -0.20, -7.47, -17.60, 19.85
-0.03, -0.86, -0.20, -1.32, -6.83, 18.70
-0.07, -0.87, -0.17, 1.92, 8.72, 19.71
-0.09, -0.92, -0.12, 2.70, 17.02, 18.41
-0.08, -1.00, -0.10, 0.81, 17.15, 16.77
-0.06, -1.05, -0.08, -3.45, 16.64, 11.67
-0.09, -1.07, -0.01, -10.13, 17.43, 5.22
-0.17, -1.06, 0.07, -17.93, 15.85, -4.41
-0.23, -1.05, 0.09, -25.55, 18.02, -13.48
-0.20, -1.04, 0.04, -28.64, 15.37, -16.23
-0.12, -1.00, -0.05, -27.37, 9.51, -19.01
-0.03, -0.93, -0.13, -27.29, 2.90, -19.54
0.01, -0.87, -0.17, -25.54, -0.22, -12.69
0.06, -0.80, -0.23, -20.51, -7.47, -2.95
0.13, -0.74, -0.28, -15.98, -22.96, 6.34
0.15, -0.70, -0.26, -15.06, -36.56, 13.82
0.06, -0.73, -0.23, -12.17, -45.25, 12.33
-0.06, -0.77, -0.25, -6.93, -39.22, 15.84
-0.11, -0.83, -0.23, -3.89, -24.19, 14.78
-0.15, -0.90, -0.19, -0.67, 2.10, 14.31
-0.17, -0.91, -0.16, 4.39, 21.90, 18.87
-0.13, -0.95, -0.15, 6.31, 23.35, 14.00
-0.08, -1.02, -0.13, 5.60, 25.48, 12.12
-0.10, -1.07, -0.05, 0.37, 26.52, 4.00
-0.18, -1.09, 0.00, -8.65, 29.24, -5.85
-0.24, -1.09, 0.07, -23.39, 27.37, -14.68
-0.26, -1.06, 0.09, -30.57, 34.23, -23.67
-0.24, -1.00, 0.04, -33.46, 45.42, -25.10
-0.13, -0.95, -0.06, -33.69, 41.40, -21.31
0.02, -0.89, -0.15, -30.31, 22.22, -18.11
0.09, -0.82, -0.20, -24.84, 10.20, -12.17
0.10, -0.76, -0.25, -17.55, -0.55, -7.13
0.08, -0.75, -0.23, -14.30, -8.19, -2.13
0.06, -0.75, -0.17, -14.25, -13.59, 6.34
0.07, -0.77, -0.18, -11.24, -21.76, 9.25
0.07, -0.78, -0.23, -7.16, -27.59, 16.09
0.06, -0.81, -0.23, -4.29, -27.31, 20.63
0.02, -0.86, -0.18, -4.50, -17.78, 20.03
-0.06, -0.91, -0.14, -0.89, -1.93, 18.23
-0.14, -0.96, -0.15, 0.35, 14.19, 18.04
-0.15, -1.02, -0.11, -1.73, 12.08, 10.40
-0.17, -1.06, -0.07, -5.64, 15.22, 1.85
-0.21, -1.09, -0.05, -8.27, 22.63, -8.45
-0.24, -1.09, -0.03, -15.46, 31.16, -17.13
-0.23, -1.09, 0.02, -25.82, 39.03, -22.68
-0.20, -1.07, 0.02, -31.24, 46.86, -26.81
-0.14, -1.01, -0.05, -33.09, 48.80, -26.01
-0.04, -0.94, -0.13, -35.43, 35.21, -19.67
0.10, -0.84, -0.20, -30.12, 13.63, -11.63
0.18, -0.75, -0.25, -21.54, -10.84, -7.43
0.12, -0.70, -0.25, -17.53, -14.63, -1.48
0.04, -0.71, -0.20, -15.16, -12.01, 5.95
0.01, -0.74, -0.19, -12.38, -17.46, 6.87
0.00, -0.77, -0.23, -7.18, -22.04, 10.03
0.03, -0.82, -0.24, -3.95, -23.60, 15.84
0.05, -0.87, -0.19, -4.18, -18.43, 17.21
0.00, -0.92, -0.15, -0.53, -7.64, 17.89
-0.07, -0.98, -0.13, -0.27, 3.55, 9.59
-0.16, -1.03, -0.09, -3.36, 12.15, 4.98
-0.21, -1.07, -0.06, -7.73, 16.54, -7.26
-0.23, -1.09, -0.04, -13.00, 24.93, -15.42
-0.22, -1.08, -0.00, -20.31, 31.91, -21.52
-0.16, -1.06, -0.02, -26.67, 38.27, -24.72
-0.08, -1.02, -0.07, -30.38, 42.03, -21.87
0.04, -0.95, -0.12, -30.46, 29.83, -14.97
0.16, -0.85, -0.18, -25.53, 3.27, -4.62
0.21, -0.75, -0.24, -18.78, -15.08, 1.61
0.13, -0.68, -0.24, -13.53, -23.47, 5.39
0.01, -0.69, -0.20, -13.23, -25.62, 4.71
-0.10, -0.77, -0.15, -14.05, -17.80, 3.92
-0.09, -0.82, -0.16, -10.84, -8.92, 8.62
0.00, -0.85, -0.21, -6.90, -6.63, 13.02
0.09, -0.89, -0.26, -3.33, -6.37, 16.69
0.09, -0.96, -0.26, -0.54, -7.10, 18.06
0.03, -1.01, -0.22, 0.06, -5.49, 12.88
-0.08, -1.05, -0.16, -2.84, 1.58, 9.32
-0.18, -1.07, -0.09, -8.75, 13.43, 1.88
-0.24, -1.09, -0.02, -13.67, 21.26, -6.86
-0.26, -1.07, 0.01, -20.00, 30.12, -18.35
-0.24, -1.03, 0.00, -25.05, 35.99, -24.04
-0.18, -1.00, -0.03, -30.26, 36.53, -25.18
-0.06, -0.95, -0.08, -30.01, 33.06, -18.39
0.10, -0.85, -0.14, -27.64, 7.81, -5.68
0.25, -0.76, -0.19, -20.54, -16.68, 3.21
0.26, -0.69, -0.23, -12.73, -30.88, 11.53
0.17, -0.68, -0.21, -8.67, -37.77, 15.03
0.02, -0.74, -0.19, -7.25, -32.61, 15.23
-0.06, -0.80, -0.22, -1.67, -25.70, 19.95
-0.00, -0.82, -0.28, 2.71, -32.60, 23.95
0.09, -0.83, -0.24, 4.55, -42.13, 32.01
0.11, -0.89, -0.16, 7.07, -43.45, 30.69
0.02, -0.94, -0.16, 7.15, -28.20, 31.13
-0.10, -0.97, -0.10, 3.73, -14.87, 33.32
-0.12, -0.98, -0.04, 2.24, -6.19, 35.88
-0.11, -0.95, -0.05, -0.20, -3.26, 31.51
-0.16, -0.96, -0.03, -4.26, -10.05, 24.76
-0.23, -1.02, 0.04, -13.33, -24.76, 9.37
-0.33, -1.04, 0.06, -18.36, -21.29, -9.12
-0.47, -1.02, 0.01, -23.12, 3.55, -19.31
-0.47, -1.02, 0.03, -32.69, 9.48, -23.43
-0.25, -1.01, -0.01, -32.51, 1.29, -29.03
-0.05, -0.97, -0.15, -30.38, -12.69, -26.41
0.08, -0.94, -0.23, -26.58, -26.90, -19.66
0.15, -0.89, -0.27, -21.52, -31.02, -6.01
0.18, -0.85, -0.31, -13.08, -44.01, 6.75
0.21, -0.81, -0.35, -6.74, -55.83, 15.67
0.13, -0.80, -0.32, -3.31, -62.53, 20.11
-0.02, -0.80, -0.21, -3.29, -50.33, 22.58
-0.13, -0.80, -0.09, -1.87, -31.08, 24.53
-0.21, -0.81, -0.03, 4.65, -4.54, 23.25
-0.25, -0.86, -0.02, 1.97, 7.86, 19.95
-0.24, -0.97, 0.05, -11.23, -8.27, 13.56
-0.26, -0.99, 0.13, -15.24, -13.94, -5.11
-0.34, -0.94, 0.09, -17.32, -8.02, -13.85
-0.38, -0.96, 0.02, -20.66, 3.04, -20.54
-0.29, -0.97, -0.02, -21.91, 0.86, -19.25
-0.13, -0.93, -0.09, -20.44, -8.86, -18.73
-0.01, -0.88, -0.16, -18.60, -20.03, -9.66
0.05, -0.87, -0.21, -17.26, -29.55, -4.12
0.05, -0.86, -0.21, -16.82, -30.30, 1.38
-0.01, -0.85, -0.19, -16.30, -24.39, 10.21
-0.03, -0.84, -0.20, -10.96, -24.11, 20.13
-0.01, -0.82, -0.23, -3.71, -25.22, 24.79
-0.02, -0.82, -0.24, 0.61, -22.27, 26.26
-0.11, -0.84, -0.13, 2.42, -9.74, 23.35
-0.20, -0.88, -0.02, 1.16, 5.00, 16.65
-0.28, -0.94, 0.04, -0.31, 19.68, 9.92
-0.34, -0.99, 0.03, -3.36, 30.44, -1.58
-0.35, -1.03, 0.01, -9.08, 32.31, -9.14
-0.31, -1.06, 0.03, -17.60, 27.14, -18.25
-0.22, -1.04, 0.06, -23.20, 17.63, -22.33
-0.16, -1.01, 0.02, -24.82, 13.53, -23.18
-0.10, -1.00, -0.07, -26.95, 3.09, -18.97
-0.04, -0.95, -0.12, -28.07, -8.08, -15.10
0.01, -0.86, -0.13, -26.36, -20.02, -7.20
0.03, -0.78, -0.16, -25.24, -24.62, -0.76
-0.01, -0.79, -0.19, -20.51, -23.64, 6.29
-0.03, -0.77, -0.22, -12.15, -21.65, 13.70
-0.02, -0.76, -0.27, -3.18, -22.42, 18.45
-0.03, -0.78, -0.29, 4.02, -17.63, 19.91
-0.10, -0.81, -0.19, 8.60, -4.21, 18.84
-0.19, -0.87, -0.09, 8.94, 16.77, 18.71
-0.25, -0.97, -0.03, 4.61, 28.01, 14.50
-0.24, -1.07, -0.01, 0.49, 30.30, 6.76
-0.24, -1.12, -0.01, -6.42, 27.92, -3.88
-0.29, -1.14, 0.07, -21.34, 26.46, -16.56
-0.34, -1.13, 0.14, -32.97, 30.06, -25.68
-0.32, -1.07, 0.08, -33.84, 35.07, -29.99
-0.20, -1.01, -0.04, -33.56, 25.14, -27.62
-0.05, -0.90, -0.09, -32.85, 6.51, -27.05
0.05, -0.79, -0.08, -30.98, -7.48, -14.83
0.06, -0.70, -0.10, -26.98, -14.57, -5.17
0.03, -0.67, -0.14, -19.08, -14.60, 7.15
0.05, -0.64, -0.19, -10.80, -22.56, 18.51
0.07, -0.65, -0.21, -2.83, -35.78, 22.68
0.01, -0.68, -0.21, 4.78, -40.11, 24.08
-0.11, -0.73, -0.18, 7.84, -22.04, 22.25
-0.25, -0.81, -0.09, 10.84, 6.17, 20.90
-0.32, -0.90, -0.04, 11.09, 30.03, 14.53
-0.31, -0.99, -0.01, 8.95, 38.87, 8.88
-0.28, -1.07, -0.01, 2.81, 32.28, -1.32
-0.28, -1.13, 0.05, -9.41, 23.86, -13.63
-0.29, -1.13, 0.13, -17.92, 23.54, -22.21
-0.27, -1.09, 0.10, -24.90, 28.48, -29.00
-0.21, -1.07, 0.02, -30.82, 28.80, -28.49
-0.12, -1.02, -0.04, -31.53, 21.06, -25.03
-0.03, -0.92, -0.09, -31.56, 7.97, -17.76
0.07, -0.82, -0.12, -31.15, -6.69, -5.68
0.11, -0.75, -0.15, -26.99, -18.76, 5.45
0.11, -0.70, -0.18, -18.84, -27.41, 15.58
0.10, -0.68, -0.21, -11.17, -40.87, 20.91
0.04, -0.72, -0.23, -3.35, -42.29, 20.44
-0.09, -0.77, -0.22, 3.74, -25.80, 22.41
-0.18, -0.81, -0.19, 8.27, -9.91, 24.27
-0.21, -0.87, -0.15, 10.10, 8.24, 21.65
-0.22, -0.94, -0.03, 6.99, 18.20, 19.25
-0.25, -1.01, 0.06, 2.29, 24.70, 5.88
-0.30, -1.07, 0.07, -2.05, 25.38, -1.69
-0.33, -1.14, 0.05, -13.66, 25.85, -13.62
-0.32, -1.14, 0.07, -21.96, 23.73, -21.76
-0.28, -1.05, 0.08, -27.53, 24.47, -27.32
-0.24, -1.01, 0.02, -29.02, 24.63, -30.24
-0.18, -1.00, -0.05, -32.00, 19.39, -26.08
-0.09, -0.95, -0.08, -34.52, 1.66, -26.38
-0.02, -0.86, -0.09, -35.55, -6.54, -15.11
0.00, -0.78, -0.13, -29.20, -11.07, -8.58
-0.00, -0.74, -0.17, -25.46, -8.22, -2.07
0.04, -0.72, -0.20, -16.54, -12.01, 8.72
0.07, -0.72, -0.25, -6.79, -15.57, 14.36
0.05, -0.75, -0.29, 1.60, -18.78, 20.06
0.01, -0.80, -0.27, 5.37, -14.81, 22.73
-0.09, -0.85, -0.17, 7.86, -2.31, 22.67
-0.17, -0.88, -0.08, 10.27, 14.13, 18.23
-0.23, -0.94, -0.02, 5.93, 33.71, 15.77
-0.25, -1.01, 0.03, 4.40, 42.32, 7.84
-0.28, -1.04, 0.06, 1.18, 51.93, -0.66
-0.30, -1.09, 0.05, -9.76, 41.57, -11.92
-0.31, -1.12, 0.14, -29.06, 21.38, -25.91
-0.31, -1.05, 0.20, -35.54, 16.40, -34.91
-0.26, -0.99, 0.09, -36.36, 18.65, -38.38
-0.20, -0.99, -0.07, -36.86, 20.00, -35.66
-0.07, -0.92, -0.14, -35.10, 12.26, -26.91
0.07, -0.82, -0.17, -31.68, -11.59, -18.25
0.10, -0.77, -0.21, -26.48, -14.29, -11.53
0.11, -0.76, -0.23, -19.85, -19.02, 2.88
0.13, -0.76, -0.25, -14.48, -21.25, 15.03
0.14, -0.77, -0.28, -6.04, -24.38, 24.07
0.08, -0.79, -0.27, -4.69, -23.50, 26.29
-0.08, -0.83, -0.16, -3.33, -5.22, 25.16
-0.21, -0.84, -0.07, 3.74, 17.28, 23.57
-0.27, -0.87, -0.08, 5.81, 35.57, 18.43
-0.27, -0.93, -0.07, 4.97, 46.16, 12.90
-0.28, -0.97, 0.01, 1.72, 50.12, -1.16
-0.32, -1.01, 0.12, -9.14, 47.08, -14.37
-0.36, -1.08, 0.20, -24.62, 37.66, -29.67
-0.34, -1.07, 0.16, -32.51, 36.98, -37.49
-0.23, -1.01, 0.03, -30.06, 36.22, -39.50
-0.11, -0.98, -0.13, -30.59, 31.46, -35.89
0.02, -0.93, -0.19, -27.49, 22.20, -25.11
0.16, -0.85, -0.24, -23.86, -1.04, -9.46
0.26, -0.81, -0.29, -18.69, -29.35, 3.75
0.26, -0.81, -0.30, -15.08, -41.54, 9.75
0.16, -0.82, -0.26, -9.84, -43.18, 20.33
0.07, -0.83, -0.26, -2.60, -41.05, 23.89
-0.03, -0.84, -0.23, 1.30, -31.59, 22.44
-0.12, -0.84, -0.12, 0.62, -11.12, 18.92
-0.25, -0.85, -0.01, 1.57, 20.08, 14.95
-0.37, -0.87, 0.06, 1.59, 60.13, 7.43
-0.36, -0.92, 0.06, 0.54, 64.00, 2.09
-0.30, -1.00, 0.07, -8.98, 64.00, -8.73
-0.25, -1.06, 0.13, -24.45, 29.63, -30.24
-0.30, -1.02, 0.18, -32.89, 27.43, -39.35
-0.29, -0.98, 0.09, -34.03, 32.34, -42.50
-0.15, -1.00, -0.10, -36.92, 27.45, -39.66
0.03, -0.98, -0.22, -32.92, 12.21, -27.71
0.23, -0.88, -0.31, -23.32, -14.66, -15.04
0.29, -0.83, -0.38, -20.04, -29.92, -5.23
0.23, -0.86, -0.33, -11.95, -28.25, 13.00
0.21, -0.87, -0.33, -1.26, -28.53, 21.10
0.19, -0.86, -0.38, 3.95, -31.78, 30.15
0.10, -0.85, -0.23, 0.21, -13.23, 28.72
-0.09, -0.84, -0.02, 0.13, 7.90, 25.79
-0.27, -0.84, 0.04, 1.04, 39.72, 22.95
-0.32, -0.89, 0.01, 0.75, 59.66, 14.28
-0.30, -0.94, 0.04, -4.54, 53.24, 6.35
-0.24, -1.00, 0.13, -18.01, 22.12, -14.43
-0.25, -1.01, 0.20, -28.73, 15.57, -25.26
-0.25, -1.00, 0.10, -30.62, 21.02, -28.08
-0.18, -0.99, -0.04, -31.56, 25.07, -30.76
-0.08, -0.97, -0.15, -28.91, 17.85, -24.88
0.05, -0.91, -0.25, -21.23, -1.11, -17.24
0.15, -0.86, -0.32, -18.71, -30.73, -8.09
0.19, -0.87, -0.31, -18.40, -47.33, -0.95
0.14, -0.90, -0.22, -18.96, -50.53, -0.60
0.05, -0.89, -0.19, -14.56, -34.46, 15.22
0.08, -0.87, -0.25, -11.20, -25.63, 24.03
0.13, -0.86, -0.23, -6.37, -18.72, 23.88
0.01, -0.85, -0.15, -1.83, 3.21, 26.11
-0.15, -0.86, -0.13, 1.53, 31.24, 23.36
-0.24, -0.90, -0.10, 5.23, 55.57, 19.31
-0.27, -0.93, -0.08, 1.33, 54.90, 7.11
-0.27, -0.98, 0.05, -14.21, 29.87, -6.22
-0.29, -0.98, 0.19, -20.54, 27.81, -22.27
-0.32, -0.97, 0.18, -27.73, 34.31, -26.61
-0.25, -0.98, 0.06, -30.59, 39.83, -34.21
-0.12, -0.98, -0.08, -29.06, 36.26, -29.86
0.01, -0.92, -0.20, -22.84, 18.85, -25.18
0.13, -0.87, -0.26, -16.55, -3.84, -17.42
0.18, -0.87, -0.30, -15.07, -26.16, -7.46
0.18, -0.89, -0.26, -16.43, -34.29, 0.13
0.14, -0.89, -0.18, -15.26, -38.98, 8.13
0.12, -0.86, -0.22, -10.25, -41.24, 17.99
0.12, -0.85, -0.28, -6.72, -46.79, 22.79
0.11, -0.86, -0.22, -5.67, -49.62, 23.56
-0.01, -0.86, -0.11, -3.45, -28.71, 22.64
-0.16, -0.86, -0.09, -2.34, 5.75, 20.69
-0.27, -0.88, -0.05, -0.38, 44.12, 16.13
-0.29, -0.90, -0.04, 3.31, 64.00, 8.57
-0.26, -0.95, -0.08, -1.45, 58.10, 4.80
-0.20, -1.02, 0.06, -18.15, 21.44, -13.79
-0.23, -1.04, 0.18, -26.05, 8.05, -25.69
-0.27, -1.00, 0.14, -28.36, 16.65, -32.11
-0.21, -1.00, -0.01, -33.51, 21.17, -34.98
-0.09, -1.00, -0.14, -30.78, 17.30, -28.21
0.08, -0.93, -0.24, -24.32, 1.23, -18.07
0.19, -0.85, -0.29, -20.21, -17.37, -7.12
0.25, -0.83, -0.30, -15.42, -30.20, 7.41
0.24, -0.83, -0.31, -8.08, -39.75, 15.31
0.17, -0.84, -0.31, -4.72, -43.15, 24.72
0.07, -0.86, -0.25, -6.39, -44.62, 26.19
-0.03, -0.85, -0.17, -2.13, -28.02, 24.28
-0.19, -0.83, -0.12, -0.43, -1.50, 23.75
-0.22, -0.87, -0.08, 0.41, 22.81, 22.38
-0.22, -0.93, -0.02, 1.12, 36.39, 17.37
-0.21, -0.97, 0.01, -1.61, 35.75, 5.32
-0.22, -1.04, 0.08, -13.45, 17.82, -8.75
-0.25, -1.07, 0.15, -23.51, 8.73, -22.84
-0.24, -1.05, 0.10, -31.35, 10.83, -27.57
-0.17, -1.02, -0.03, -32.38, 12.49, -29.49
-0.06, -0.96, -0.11, -28.98, 8.78, -27.48
0.04, -0.89, -0.21, -22.26, 2.85, -18.84
0.12, -0.82, -0.30, -17.17, -6.54, -7.38
0.16, -0.79, -0.33, -11.91, -15.68, 4.25
0.14, -0.77, -0.30, -7.59, -22.02, 14.15
0.08, -0.79, -0.21, -9.15, -28.83, 14.86
-0.01, -0.83, -0.19, -4.03, -29.61, 20.66
-0.05, -0.84, -0.22, 0.82, -30.69, 20.32
-0.07, -0.85, -0.21, 3.73, -24.40, 19.26
-0.11, -0.90, -0.11, -2.42, -2.69, 18.27
-0.18, -0.94, 0.02, -2.23, 15.64, 11.34
-0.25, -0.97, 0.04, -3.04, 44.03, 5.92
-0.29, -1.02, 0.02, -5.80, 54.77, -3.48
-0.26, -1.06, 0.00, -11.19, 49.30, -12.95
-0.21, -1.07, 0.02, -20.83, 36.68, -24.61
-0.21, -1.04, 0.05, -30.12, 29.90, -32.11
-0.19, -1.00, 0.02, -35.49, 28.05, -33.16
-0.10, -0.96, -0.07, -34.91, 22.62, -29.48
0.03, -0.92, -0.18, -31.35, 11.53, -21.32
0.19, -0.85, -0.24, -24.68, -7.88, -8.65
0.24, -0.80, -0.28, -18.34, -25.37, -2.38
0.18, -0.80, -0.27, -13.70, -28.98, 6.55
0.11, -0.81, -0.23, -10.31, -25.99, 14.75
0.05, -0.81, -0.22, -4.75, -31.82, 16.51
0.02, -0.83, -0.25, -1.40, -38.21, 20.44
0.02, -0.84, -0.20, -0.52, -41.53, 22.86
-0.01, -0.85, -0.08, -3.93, -24.76, 21.33
-0.13, -0.87, 0.04, -7.63, 3.47, 19.09
-0.26, -0.90, 0.06, -7.41, 41.12, 17.05
-0.29, -0.94, -0.01, -5.54, 62.79, 10.26
-0.24, -0.99, -0.04, -6.33, 59.18, 7.75
-0.16, -1.05, 0.00, -16.23, 21.44, -13.10
-0.20, -1.07, 0.09, -29.45, 6.62, -25.89
-0.27, -1.03, 0.12, -34.94, 14.96, -35.35
-0.27, -1.00, -0.01, -35.58, 34.90, -38.96
-0.18, -0.98, -0.18, -32.09, 41.97, -34.16
0.02, -0.92, -0.27, -26.89, 27.39, -24.69
0.21, -0.84, -0.30, -20.73, -2.35, -10.25
0.28, -0.82, -0.31, -16.91, -26.17, -3.08
0.24, -0.84, -0.27, -12.97, -28.59, 6.43
0.15, -0.86, -0.24, -7.46, -24.26, 12.13
0.08, -0.87, -0.28, -1.72, -23.63, 17.73
0.05, -0.87, -0.30, 1.74, -27.10, 21.99
0.02, -0.87, -0.24, -1.03, -19.59, 22.81
-0.02, -0.87, -0.08, -5.17, -6.22, 19.28
-0.14, -0.86, 0.09, -4.46, 17.72, 12.36
-0.26, -0.87, 0.09, -5.66, 43.12, 5.79
-0.32, -0.94, 0.04, -9.64, 56.93, -3.71
-0.28, -1.01, 0.03, -18.48, 30.81, -17.30
-0.24, -1.01, 0.09, -30.98, 14.34, -32.74
-0.22, -0.97, 0.12, -31.77, 18.08, -40.28
-0.18, -0.97, -0.01, -31.76, 28.23, -41.91
-0.07, -0.98, -0.20, -29.85, 30.53, -30.53
0.14, -0.93, -0.27, -24.45, 6.69, -21.91
0.26, -0.87, -0.28, -19.31, -22.05, -19.52
0.22, -0.87, -0.29, -18.51, -26.65, -4.42
0.18, -0.89, -0.29, -18.79, -26.30, 5.82
0.18, -0.87, -0.28, -15.04, -31.34, 16.44
0.17, -0.84, -0.31, -6.98, -41.42, 23.34
0.12, -0.84, -0.35, -5.69, -44.67, 28.39
0.07, -0.86, -0.27, -9.14, -31.91, 27.36
-0.03, -0.86, -0.08, -8.28, -20.89, 25.76
-0.18, -0.87, -0.02, -7.20, 14.86, 14.46
-0.29, -0.91, -0.00, -9.08, 39.30, 6.89
-0.34, -0.99, 0.05, -16.48, 45.42, -10.86
-0.34, -1.01, 0.05, -21.60, 48.68, -19.63
-0.20, -0.99, 0.04, -27.12, 42.37, -25.31
-0.08, -0.97, 0.01, -29.98, 35.71, -27.58
0.05, -0.94, -0.09, -29.70, 23.21, -19.53
0.14, -0.91, -0.14, -31.05, 6.28, -15.81
0.17, -0.88, -0.20, -29.20, -4.41, -6.63
0.16, -0.85, -0.27, -24.37, -9.81, 2.77
0.16, -0.79, -0.35, -16.08, -15.07, 14.21
0.18, -0.76, -0.38, -7.79, -33.57, 21.90
0.17, -0.78, -0.34, -0.52, -57.74, 19.59
0.04, -0.82, -0.28, 4.02, -55.45, 19.00
-0.09, -0.86, -0.24, 5.39, -35.60, 16.86
-0.17, -0.88, -0.15, 3.96, -0.74, 9.11
-0.26, -0.90, -0.08, 6.60, 31.80, 10.37
-0.25, -0.95, -0.10, 3.73, 55.36, 10.12
-0.16, -1.02, -0.06, -1.14, 56.15, 4.50
-0.12, -1.04, 0.01, -8.12, 50.57, -3.10
-0.12, -1.04, 0.06, -18.96, 48.43, -13.12
-0.14, -1.03, 0.08, -22.99, 51.92, -16.54
-0.08, -0.99, -0.02, -23.99, 48.72, -16.33
0.01, -0.94, -0.15, -23.81, 35.34, -12.15
0.09, -0.88, -0.20, -23.51, 21.42, -4.29
0.13, -0.85, -0.20, -21.84, 0.52, -3.68
0.13, -0.85, -0.20, -18.75, -15.23, 2.11
0.15, -0.86, -0.23, -16.58, -30.71, 9.82
0.19, -0.86, -0.25, -15.55, -49.18, 15.97
0.17, -0.88, -0.22, -8.54, -59.58, 16.59
0.06, -0.90, -0.28, -3.02, -51.61, 15.99
-0.02, -0.92, -0.25, -4.53, -29.99, 15.57
-0.11, -0.93, -0.13, -3.79, 0.52, 13.24
-0.20, -0.93, -0.13, -2.49, 36.57, 17.21
-0.17, -0.97, -0.13, -6.02, 44.64, 11.37
-0.11, -1.01, -0.08, -6.80, 38.65, 6.28
-0.11, -1.02, -0.05, -9.95, 30.33, -4.07
-0.19, -1.01, 0.03, -17.81, 30.20, -15.34
-0.22, -1.01, 0.09, -28.73, 31.61, -18.20
-0.18, -0.99, 0.05, -34.71, 24.06, -21.80
-0.09, -0.96, -0.07, -35.23, 12.75, -23.62
0.00, -0.92, -0.15, -33.31, 15.10, -16.53
0.08, -0.86, -0.19, -30.41, 3.58, -5.62
0.18, -0.79, -0.28, -16.77, -14.09, 3.22
0.23, -0.74, -0.36, -7.68, -28.00, 13.15
0.19, -0.74, -0.34, -2.63, -39.65, 16.84
0.03, -0.79, -0.25, -2.88, -40.29, 11.17
-0.12, -0.84, -0.23, 1.77, -27.36, 14.14
-0.15, -0.85, -0.20, -1.28, -13.55, 10.53
-0.15, -0.87, -0.10, -1.25, 4.05, 5.79
-0.18, -0.90, -0.08, -2.45, 26.83, 10.78
-0.13, -0.95, -0.10, -5.95, 25.87, 6.91
-0.08, -1.00, -0.07, -8.63, 25.62, 1.57
-0.11, -1.01, -0.05, -8.24, 27.10, -3.94
-0.13, -1.01, -0.05, -12.35, 24.25, -8.11
-0.10, -1.02, -0.03, -15.63, 13.23, -11.20
-0.07, -1.00, -0.07, -18.83, 3.97, -11.33
-0.05, -0.96, -0.11, -25.70, -5.65, -9.98
-0.04, -0.91, -0.12, -23.96, -7.64, -12.87
-0.04, -0.86, -0.21, -19.76, 0.52, -3.07
0.06, -0.78, -0.31, -10.94, -3.41, 7.51
0.15, -0.69, -0.32, -4.45, -17.56, 11.87
0.08, -0.69, -0.22, -1.05, -33.45, 8.07
-0.02, -0.79, -0.21, 0.02, -26.98, 15.79
-0.03, -0.85, -0.24, 3.99, -19.77, 18.04
-0.04, -0.84, -0.23, 7.36, -6.92, 19.67
-0.07, -0.85, -0.18, 6.98, 14.33, 21.80
-0.11, -0.92, -0.10, 4.80, 30.17, 22.01
-0.15, -1.00, -0.06, 3.96, 39.76, 16.38
-0.18, -1.06, -0.04, 2.01, 28.40, 3.74
-0.23, -1.12, -0.01, -7.50, 24.89, -9.87
-0.26, -1.13, 0.07, -17.30, 25.29, -18.45
-0.21, -1.09, 0.06, -23.77, 28.14, -18.41
-0.10, -1.03, -0.04, -24.00, 20.84, -18.73
-0.01, -0.98, -0.13, -24.29, 7.64, -17.87
0.01, -0.94, -0.17, -24.64, -2.47, -21.10
-0.03, -0.90, -0.17, -21.95, 2.85, -11.00
0.01, -0.85, -0.25, -14.59, 3.27, -2.36
0.08, -0.78, -0.28, -11.07, -4.18, 9.29
0.16, -0.73, -0.25, -8.01, -16.29, 18.04
0.14, -0.74, -0.19, -5.51, -36.45, 13.94
0.03, -0.80, -0.21, 0.68, -37.62, 23.65
-0.01, -0.84, -0.25, 3.74, -36.08, 24.73
-0.02, -0.87, -0.17, 0.69, -13.66, 22.11
-0.09, -0.90, -0.00, 0.72, 11.02, 20.80
-0.21, -0.94, 0.01, 1.27, 37.77, 22.30
-0.22, -1.02, -0.05, -0.99, 34.73, 8.36
-0.23, -1.09, -0.00, -9.67, 17.85, -5.51
-0.26, -1.09, 0.09, -16.12, 14.72, -18.86
-0.27, -1.04, 0.09, -20.94, 27.62, -20.84
-0.21, -1.01, -0.03, -23.51, 35.95, -23.25
-0.12, -0.96, -0.09, -23.20, 36.11, -21.02
-0.05, -0.88, -0.15, -20.86, 22.20, -22.10
-0.03, -0.83, -0.14, -19.42, 14.39, -16.02
-0.01, -0.83, -0.14, -14.42, 12.60, -8.37
0.05, -0.82, -0.22, -13.15, 5.69, 0.57
0.14, -0.79, -0.25, -8.22, -8.35, 11.58
0.20, -0.78, -0.20, -5.14, -34.46, 13.50
0.13, -0.85, -0.18, -2.00, -37.43, 19.34
0.04, -0.92, -0.23, 1.86, -34.80, 21.11
-0.04, -0.93, -0.19, 0.71, -12.47, 16.46
-0.11, -0.92, -0.03, -2.27, 13.85, 18.43
-0.19, -0.95, 0.02, -2.82, 29.72, 13.06
-0.23, -1.02, -0.01, -7.01, 23.29, 3.77
-0.25, -1.08, 0.01, -12.52, 17.54, -10.70
-0.25, -1.08, 0.06, -18.26, 21.44, -17.90
-0.19, -1.03, 0.06, -18.52, 25.37, -21.35
-0.10, -0.98, -0.03, -20.84, 25.55, -21.56
-0.02, -0.95, -0.10, -20.63, 14.41, -18.02
0.01, -0.90, -0.09, -24.18, -0.55, -19.79
-0.02, -0.88, -0.04, -27.10, -2.49, -17.36
-0.06, -0.88, -0.07, -29.33, 3.88, -12.07
-0.03, -0.85, -0.15, -25.87, 4.60, -0.31
0.10, -0.76, -0.24, -17.97, -5.92, 12.08
0.21, -0.69, -0.27, -13.71, -30.24, 15.09
0.14, -0.74, -0.20, -8.01, -39.51, 13.80
0.02, -0.85, -0.20, -2.03, -31.17, 19.84
-0.04, -0.90, -0.22, 0.79, -17.14, 18.45
-0.08, -0.91, -0.17, 3.81, -1.21, 20.07
-0.10, -0.92, -0.11, 3.65, 13.68, 19.61
-0.14, -0.98, -0.06, 1.80, 21.76, 15.91
-0.17, -1.05, 0.00, -6.95, 9.78, 5.08
-0.21, -1.12, 0.07, -15.42, 4.91, -5.96
-0.25, -1.11, 0.08, -19.74, 16.11, -14.92
-0.25, -1.05, 0.03, -23.85, 21.62, -16.48
-0.16, -1.00, -0.03, -25.99, 15.60, -21.22
-0.05, -0.95, -0.09, -24.33, 9.25, -18.17
0.01, -0.87, -0.13, -23.55, -1.92, -19.33
-0.04, -0.84, -0.15, -22.46, -1.77, -14.90
-0.07, -0.85, -0.17, -21.64, 1.52, -9.79
-0.03, -0.83, -0.19, -21.34, 1.29, 0.74
0.08, -0.78, -0.20, -18.39, -6.68, 11.66
0.16, -0.75, -0.22, -14.22, -18.59, 16.17
0.11, -0.78, -0.24, -8.19, -28.27, 16.41
0.05, -0.85, -0.19, -3.29, -29.59, 20.75
-0.02, -0.89, -0.19, 0.27, -16.18, 19.82
-0.11, -0.89, -0.16, 2.47, 5.39, 19.61
-0.19, -0.91, -0.09, 3.13, 25.77, 17.88
-0.19, -0.97, -0.04, -1.94, 29.34, 12.63
-0.19, -1.06, 0.01, -8.76, 19.45, 3.95
-0.22, -1.08, 0.06, -17.49, 15.96, -9.44
-0.24, -1.05, 0.08, -21.82, 17.33, -16.76
-0.20, -1.02, 0.05, -26.62, 20.85, -17.92
-0.12, -1.00, -0.02, -27.58, 15.68, -19.84
-0.05, -0.94, -0.11, -25.97, 8.56, -17.21
-0.01, -0.87, -0.14, -25.14, 3.37, -13.30
-0.00, -0.82, -0.14, -23.12, -0.04, -7.50
-0.01, -0.80, -0.16, -20.61, -5.95, -4.55
-0.01, -0.80, -0.17, -18.62, -8.21, 1.40
0.01, -0.80, -0.17, -16.81, -12.43, 5.31
0.03, -0.80, -0.18, -10.34, -17.80, 7.05
0.01, -0.82, -0.21, -2.79, -19.04, 11.41
0.01, -0.86, -0.24, 1.51, -17.40, 13.47
0.02, -0.90, -0.21, 2.80, -10.88, 12.88
-0.04, -0.91, -0.13, 3.45, 7.17, 14.08
-0.11, -0.92, -0.08, 4.22, 23.45, 13.26
-0.17, -0.97, -0.06, 0.76, 29.11, 8.09
-0.20, -1.02, -0.02, -3.29, 23.37, 0.94
-0.21, -1.04, 0.01, -10.71, 21.09, -8.54
-0.21, -1.04, 0.06, -16.66, 22.93, -15.35
-0.18, -1.03, 0.06, -21.55, 26.91, -17.21
-0.10, -1.02, -0.02, -24.84, 22.99, -16.23
-0.00, -0.99, -0.07, -26.31, 10.47, -15.18
0.03, -0.93, -0.10, -25.35, -0.92, -11.42
0.02, -0.89, -0.14, -23.70, -8.78, -9.57
-0.02, -0.87, -0.16, -24.48, -9.43, -7.92
-0.06, -0.85, -0.14, -24.39, -11.01, -6.81
-0.06, -0.82, -0.14, -21.62, -7.70, 0.57
-0.00, -0.78, -0.16, -19.61, -5.54, 5.54
0.06, -0.76, -0.22, -12.19, -9.44, 12.02
0.10, -0.77, -0.25, -5.63, -18.07, 18.81
0.12, -0.81, -0.21, -2.27, -24.76, 22.16
0.05, -0.86, -0.15, -1.16, -15.79, 22.46
-0.10, -0.89, -0.09, 0.10, 7.06, 22.72
-0.19, -0.92, -0.07, -0.26, 16.25, 17.90
-0.19, -0.99, -0.05, -0.32, 10.58, 10.06
-0.20, -1.05, -0.04, -3.26, 15.33, 0.40
-0.23, -1.10, 0.01, -8.38, 18.13, -8.99
-0.23, -1.12, 0.06, -15.72, 18.04, -17.90
-0.19, -1.11, 0.05, -24.25, 15.28, -21.46
-0.14, -1.08, 0.01, -28.83, 11.78, -26.83
-0.09, -1.02, -0.04, -32.44, 8.70, -25.14
-0.04, -0.96, -0.10, -32.06, 5.35, -22.36
0.00, -0.88, -0.19, -30.16, 2.23, -15.04
0.03, -0.79, -0.22, -25.92, -2.71, -7.37
0.08, -0.72, -0.24, -18.82, -4.75, 4.82
0.12, -0.68, -0.24, -15.45, -13.20, 11.63
0.09, -0.72, -0.23, -9.77, -19.89, 15.00
0.03, -0.79, -0.24, -3.74, -22.61, 18.67
0.00, -0.84, -0.23, 1.77, -18.79, 19.74
-0.03, -0.88, -0.16, 0.93, -3.35, 21.37
-0.09, -0.92, -0.09, -0.05, 2.16, 20.74
-0.15, -0.98, -0.03, -1.91, 15.16, 15.98
-0.18, -1.03, -0.02, -4.12, 20.04, 12.57
-0.19, -1.07, -0.01, -7.20, 17.32, 1.11
-0.22, -1.06, -0.01, -10.92, 17.66, -6.90
-0.25, -1.05, 0.04, -20.09, 19.55, -14.02
-0.23, -1.05, 0.06, -28.56, 19.36, -18.49
-0.19, -1.03, 0.03, -33.31, 18.69, -24.97
-0.16, -0.98, -0.01, -37.34, 18.56, -27.20
-0.10, -0.93, -0.09, -37.73, 18.90, -21.70
0.02, -0.88, -0.19, -32.78, 8.91, -12.36
0.13, -0.80, -0.27, -24.72, -1.82, -3.39
0.20, -0.74, -0.32, -15.89, -7.37, 12.64
0.19, -0.73, -0.29, -13.87, -19.22, 18.26
0.11, -0.78, -0.22, -14.16, -29.72, 21.04
0.01, -0.84, -0.20, -13.32, -32.55, 21.92
-0.05, -0.83, -0.15, -9.43, -25.41, 21.85
-0.11, -0.83, -0.10, -9.41, -9.87, 22.51
-0.17, -0.88, -0.04, -9.93, 6.02, 19.25
-0.21, -0.94, -0.04, -6.48, 22.94, 14.47
-0.21, -0.98, -0.06, -4.88, 23.63, 8.48
-0.19, -1.01, -0.07, -4.85, 18.07, 0.11
-0.18, -1.02, -0.04, -9.70, 15.78, -9.83
-0.20, -1.02, 0.02, -16.21, 16.87, -16.06
-0.21, -1.03, 0.05, -25.12, 20.68, -18.47
-0.19, -1.01, 0.02, -29.35, 20.77, -22.38
-0.14, -0.97, -0.03, -31.00, 13.69, -24.70
-0.07, -0.92, -0.11, -30.23, 8.17, -22.17
0.02, -0.85, -0.20, -28.39, 0.03, -11.44
0.13, -0.82, -0.26, -21.91, -7.65, 0.84
0.24, -0.74, -0.29, -12.79, -22.71, 10.57
0.22, -0.71, -0.30, -3.99, -34.44, 16.03
0.08, -0.76, -0.31, 2.31, -34.03, 14.44
-0.03, -0.82, -0.24, 3.92, -26.06, 17.18
-0.11, -0.86, -0.13, 2.10, -14.30, 16.85
-0.14, -0.89, -0.09, 2.68, 3.14, 17.96
-0.15, -0.94, -0.05, 0.82, 8.37, 17.88
-0.15, -0.99, -0.06, 1.56, 7.78, 9.18
-0.18, -1.02, -0.07, 1.72, 9.65, 1.68
-0.23, -1.03, -0.04, -4.11, 13.18, -5.21
-0.26, -1.04, 0.01, -11.16, 19.20, -14.09
-0.27, -1.05, 0.01, -18.12, 22.49, -18.07
-0.23, -1.03, -0.03, -23.96, 19.13, -21.62
-0.16, -0.99, -0.05, -26.73, 1.79, -26.00
-0.10, -0.95, -0.07, -27.71, -10.97, -28.53
-0.08, -0.92, -0.12, -31.08, -12.64, -33.62
-0.12, -0.89, -0.09, -37.31, 19.77, -20.80
0.02, -0.83, -0.12, -26.63, 28.17, 5.91
0.33, -0.73, -0.35, -10.56, -0.02, 18.41
0.42, -0.66, -0.44, -2.36, -35.53, 26.68
0.25, -0.71, -0.31, 1.83, -47.75, 22.67
-0.03, -0.79, -0.16, 2.26, -31.90, 24.02
-0.23, -0.81, -0.05, -0.50, 3.88, 21.16
-0.34, -0.86, 0.04, -1.76, 30.49, 18.82
-0.30, -0.93, 0.03, 0.71, 38.39, 13.39
-0.20, -0.99, -0.03, 1.00, 33.09, 5.66
-0.16, -1.04, -0.01, -4.05, 20.72, -4.65
-0.16, -1.09, 0.04, -11.18, 11.98, -14.92
-0.20, -1.10, 0.02, -16.73, 20.24, -23.54
-0.21, -1.07, -0.02, -25.45, 20.86, -21.54
-0.15, -1.03, -0.09, -27.76, 13.39, -22.47
-0.06, -0.96, -0.13, -26.28, 5.30, -20.66
-0.01, -0.90, -0.20, -24.87, -3.22, -13.40
0.02, -0.85, -0.23, -20.65, -13.26, -8.79
0.03, -0.82, -0.25, -19.62, -15.34, -3.31
0.06, -0.80, -0.21, -17.97, -15.17, 12.56